#
# A fatal error has been detected by the Java Runtime Environment:
#
#  SIGSEGV (0xb) at pc=0x0000000101df111c, pid=29468, tid=97795
#
# JRE version: OpenJDK Runtime Environment Homebrew (11.0.25) (build 11.0.25+0)
# Java VM: OpenJDK 64-Bit Server VM Homebrew (11.0.25+0, mixed mode, tiered, compressed oops, g1 gc, bsd-aarch64)
# Problematic frame:
# V  [libjvm.dylib+0x69511c]  ObjectSynchronizer::inflate(Thread*, oopDesc*, ObjectSynchronizer::InflateCause)+0x18c
#
# No core dump will be written. Core dumps have been disabled. To enable core dumping, try "ulimit -c unlimited" before starting Java again
#
# If you would like to submit a bug report, please visit:
#   https://github.com/Homebrew/homebrew-core/issues
#

---------------  S U M M A R Y ------------

Command Line: -XX:TieredStopAtLevel=1 -Xverify:none -Dspring.output.ansi.enabled=always -Dcom.sun.management.jmxremote -Dspring.jmx.enabled=true -Dspring.liveBeansView.mbeanDomain -Dspring.application.admin.enabled=true -Dmanagement.endpoints.jmx.exposure.include=* -javaagent:/Applications/IntelliJ IDEA.app/Contents/lib/idea_rt.jar=60804:/Applications/IntelliJ IDEA.app/Contents/bin -Dfile.encoding=UTF-8 com.anynote.file.AnyNoteFileApplication

Host: Mac15,12 arm64 1 MHz, 8 cores, 24G, Darwin 24.3.0
Time: Fri Feb 21 16:23:02 2025 CST elapsed time: 8.012301 seconds (0d 0h 0m 8s)

---------------  T H R E A D  ---------------

Current thread (0x0000000309840800):  JavaThread "OkHttp https://api.minio.anynote.cn/..." [_thread_in_vm, id=97795, stack(0x000000030b04c000,0x000000030b24f000)]

Stack: [0x000000030b04c000,0x000000030b24f000],  sp=0x000000030b24de50,  free space=2055k
Native frames: (J=compiled Java code, A=aot compiled Java code, j=interpreted, Vv=VM code, C=native code)
V  [libjvm.dylib+0x69511c]  ObjectSynchronizer::inflate(Thread*, oopDesc*, ObjectSynchronizer::InflateCause)+0x18c
V  [libjvm.dylib+0x694f70]  ObjectSynchronizer::fast_exit(oopDesc*, BasicLock*, Thread*)+0x54
V  [libjvm.dylib+0x6955e0]  ObjectLocker::~ObjectLocker()+0x3c
V  [libjvm.dylib+0x3114b0]  InstanceKlass::link_class_impl(bool, Thread*)+0x2bc
V  [libjvm.dylib+0x311670]  InstanceKlass::initialize_impl(Thread*)+0x58
V  [libjvm.dylib+0x3232cc]  InterpreterRuntime::_new(JavaThread*, ConstantPool*, int)+0x9c
j  org.simpleframework.xml.convert.ConverterFactory.<init>()V+5
j  org.simpleframework.xml.convert.ConverterScanner.<init>()V+9
j  org.simpleframework.xml.convert.AnnotationStrategy.<init>(Lorg/simpleframework/xml/strategy/Strategy;)V+9
j  org.simpleframework.xml.convert.AnnotationStrategy.<init>()V+8
j  io.minio.Xml.unmarshal(Ljava/lang/Class;Ljava/io/Reader;)Ljava/lang/Object;+8
j  io.minio.S3Base.lambda$getRegionAsync$2(Ljava/lang/String;Lokhttp3/Response;)Ljava/lang/String;+17
j  io.minio.S3Base$$Lambda$2030.apply(Ljava/lang/Object;)Ljava/lang/Object;+12
j  java.util.concurrent.CompletableFuture$UniApply.tryFire(I)Ljava/util/concurrent/CompletableFuture;+106 java.base@11.0.25
j  java.util.concurrent.CompletableFuture.postComplete()V+76 java.base@11.0.25
j  java.util.concurrent.CompletableFuture.complete(Ljava/lang/Object;)Z+7 java.base@11.0.25
j  io.minio.S3Base$1.onResponse(Lokhttp3/Call;Lokhttp3/Response;)V+204
j  okhttp3.internal.connection.RealCall$AsyncCall.run()V+92
j  java.util.concurrent.ThreadPoolExecutor.runWorker(Ljava/util/concurrent/ThreadPoolExecutor$Worker;)V+92 java.base@11.0.25
j  java.util.concurrent.ThreadPoolExecutor$Worker.run()V+5 java.base@11.0.25
j  java.lang.Thread.run()V+11 java.base@11.0.25
v  ~StubRoutines::call_stub
V  [libjvm.dylib+0x32be34]  JavaCalls::call_helper(JavaValue*, methodHandle const&, JavaCallArguments*, Thread*)+0x2d8
V  [libjvm.dylib+0x32b1a4]  JavaCalls::call_virtual(JavaValue*, Klass*, Symbol*, Symbol*, JavaCallArguments*, Thread*)+0xec
V  [libjvm.dylib+0x32b26c]  JavaCalls::call_virtual(JavaValue*, Handle, Klass*, Symbol*, Symbol*, Thread*)+0x64
V  [libjvm.dylib+0x3bb90c]  thread_entry(JavaThread*, Thread*)+0x78
V  [libjvm.dylib+0x6bbf68]  JavaThread::thread_main_inner()+0x80
V  [libjvm.dylib+0x6bbdac]  JavaThread::run()+0x190
V  [libjvm.dylib+0x6b9aac]  Thread::call_run()+0x7c
V  [libjvm.dylib+0x567b7c]  thread_native_entry(Thread*)+0x118
C  [libsystem_pthread.dylib+0x72e4]  _pthread_start+0x88

Java frames: (J=compiled Java code, j=interpreted, Vv=VM code)
j  org.simpleframework.xml.convert.ConverterFactory.<init>()V+5
j  org.simpleframework.xml.convert.ConverterScanner.<init>()V+9
j  org.simpleframework.xml.convert.AnnotationStrategy.<init>(Lorg/simpleframework/xml/strategy/Strategy;)V+9
j  org.simpleframework.xml.convert.AnnotationStrategy.<init>()V+8
j  io.minio.Xml.unmarshal(Ljava/lang/Class;Ljava/io/Reader;)Ljava/lang/Object;+8
j  io.minio.S3Base.lambda$getRegionAsync$2(Ljava/lang/String;Lokhttp3/Response;)Ljava/lang/String;+17
j  io.minio.S3Base$$Lambda$2030.apply(Ljava/lang/Object;)Ljava/lang/Object;+12
j  java.util.concurrent.CompletableFuture$UniApply.tryFire(I)Ljava/util/concurrent/CompletableFuture;+106 java.base@11.0.25
j  java.util.concurrent.CompletableFuture.postComplete()V+76 java.base@11.0.25
j  java.util.concurrent.CompletableFuture.complete(Ljava/lang/Object;)Z+7 java.base@11.0.25
j  io.minio.S3Base$1.onResponse(Lokhttp3/Call;Lokhttp3/Response;)V+204
j  okhttp3.internal.connection.RealCall$AsyncCall.run()V+92
j  java.util.concurrent.ThreadPoolExecutor.runWorker(Ljava/util/concurrent/ThreadPoolExecutor$Worker;)V+92 java.base@11.0.25
j  java.util.concurrent.ThreadPoolExecutor$Worker.run()V+5 java.base@11.0.25
j  java.lang.Thread.run()V+11 java.base@11.0.25
v  ~StubRoutines::call_stub

siginfo: si_signo: 11 (SIGSEGV), si_code: 2 (SEGV_ACCERR), si_addr: 0x0000000000000000

Register to memory mapping:

 x0=0x0 is NULL
 x1=0x0000000657a70618 is an oop: [I 
{0x0000000657a70618} - klass: {type array int}
 - length: 0
 x2=0x0 is NULL
 x3=0x0 is NULL
 x4=0x0000000000000001 is an unknown value
 x5=0x0000000000000001 is an unknown value
 x6=0x0 is NULL
 x7={method} {0x000000011e1344d0} 'searchEntries' '(JLjava/util/function/Function;)Ljava/lang/Object;' in 'java/util/concurrent/ConcurrentHashMap'
 x8=0x0 is NULL
 x9=0x0000000000001889 is an unknown value
x10=0x0 is NULL
x11=0x0000000000000003 is an unknown value
x12=0x0000600001acac10 points into unknown readable memory: 0x000000011e039528 | 28 95 03 1e 01 00 00 00
x13=0x0000000000000002 is an unknown value
x14={method} {0x000000030ad93930} 'fetch' '(Ljava/lang/Object;)Ljava/lang/Object;' in 'org/simpleframework/xml/util/ConcurrentCache'
x15=0x00000000b86b7090 is an unknown value
x16=0x0000000000000020 is an unknown value
x17=0x0000600002b9a010 points into unknown readable memory: 0x0000000000000000 | 00 00 00 00 00 00 00 00
x18=0x0 is NULL
x19=0x0 is NULL
x20=0x0000000657a70618 is an oop: [I 
{0x0000000657a70618} - klass: {type array int}
 - length: 0
x21=0x000000013e79a5c0 points into unknown readable memory: 0x0000000000000000 | 00 00 00 00 00 00 00 00
x22=0x0000000309840800 is a thread
x23=0x0 is NULL
x24=0x0000000101fe7a84: _ZN13ObjectMonitor14Knob_SpinLimitE+0 in /opt/homebrew/Cellar/openjdk@11/11.0.25/libexec/openjdk.jdk/Contents/Home/lib/server/libjvm.dylib at 0x000000010175c000
x25=0x0 is NULL
x26=0x000000030ad92da8 is pointing into metadata
x27=0x0 is NULL
x28=0x0000000309840800 is a thread


Registers:
 x0=0x0000000000000000  x1=0x0000000657a70618  x2=0x0000000000000000  x3=0x0000000000000000
 x4=0x0000000000000001  x5=0x0000000000000001  x6=0x0000000000000000  x7=0x000000011e1344d0
 x8=0x0000000000000000  x9=0x0000000000001889 x10=0x0000000000000000 x11=0x0000000000000003
x12=0x0000600001acac10 x13=0x0000000000000002 x14=0x000000030ad93930 x15=0x00000000b86b7090
x16=0x0000000000000020 x17=0x0000600002b9a010 x18=0x0000000000000000 x19=0x0000000000000000
x20=0x0000000657a70618 x21=0x000000013e79a5c0 x22=0x0000000309840800 x23=0x0000000000000000
x24=0x0000000101fe7a84 x25=0x0000000000000000 x26=0x000000030ad92da8 x27=0x0000000000000000
x28=0x0000000309840800  fp=0x000000030b24df00  lr=0x0000000101df1118  sp=0x000000030b24de50
pc=0x0000000101df111c cpsr=0x0000000060001000
Top of Stack: (sp=0x000000030b24de50)
0x000000030b24de50:   000000030b24de90 0000000101bcc4c0
0x000000030b24de60:   72f90825944d0026 0000000000000000
0x000000030b24de70:   0000000309840800 0000000000000000
0x000000030b24de80:   000000030ad92da8 000000000000000a
0x000000030b24de90:   0000000000000000 0000000000000000
0x000000030b24dea0:   0000000000000000 0000000000000001
0x000000030b24deb0:   0000000309840800 000000030b24df60
0x000000030b24dec0:   000000030ad92da8 000000000000000a
0x000000030b24ded0:   000000030b24e2b8 000000030ad93250
0x000000030b24dee0:   0000000657a70618 0000000000000000
0x000000030b24def0:   0000000800cf9760 0000000309840800
0x000000030b24df00:   000000030b24df20 0000000101df0f70
0x000000030b24df10:   0000000800cf9760 000000030b24dfa0
0x000000030b24df20:   000000030b24df40 0000000101df15e0
0x000000030b24df30:   0000000800cf9760 0000000000000001
0x000000030b24df40:   000000030b24e070 0000000101a6d4b0
0x000000030b24df50:   000000030b24df90 0000000101cfefe8
0x000000030b24df60:   0000000800cf9760 0000000400000080
0x000000030b24df70:   0000000300000035 0000600002ae3b40
0x000000030b24df80:   000000011d7790c0 000000011d7790d0
0x000000030b24df90:   000000011d7794a8 00000000000003d8
0x000000030b24dfa0:   0000000309840800 0000600001acab50
0x000000030b24dfb0:   0000000000000001 0000600001acab01
0x000000030b24dfc0:   0000000309840800 0000600003f5e600
0x000000030b24dfd0:   0000600001acab20 0000600001acab50
0x000000030b24dfe0:   0000600001acac08 00000000000000d8
0x000000030b24dff0:   000000030b24e0b0 0000000000000000
0x000000030b24e000:   00000001dd80c535 0000600001acab01
0x000000030b24e010:   000060000308cb40 000060000308cb80
0x000000030b24e020:   000060000308cc00 000000011d7796e4
0x000000030b24e030:   000000011d779700 ffffffff00000002
0x000000030b24e040:   000000030b24e2b8 0000000000000000 

Instructions: (pc=0x0000000101df111c)
0x0000000101df101c:   1f 30 00 f9 1f 44 00 f9 1f 28 00 f9 79 03 00 b4
0x0000000101df102c:   b7 02 00 f9 bf 22 00 f9 bf 2a 00 f9 b4 06 00 f9
0x0000000101df103c:   bf 2a 00 f9 bf 3a 00 f9 08 03 40 b9 a8 7e 00 b9
0x0000000101df104c:   a9 02 7f b2 bf 3b 03 d5 e8 03 17 aa 89 7e a8 c8
0x0000000101df105c:   bf 3b 03 d5 1f 01 17 eb 60 08 00 54 ff 02 08 eb
0x0000000101df106c:   20 08 00 54 bf 06 00 f9 bf 22 00 f9 bf 2a 00 f9
0x0000000101df107c:   bf 36 00 f9 bf 2e 00 f9 bf 32 00 f9 bf 46 00 f9
0x0000000101df108c:   bf 2a 00 f9 0d 00 00 14 bf 3a 00 f9 bf 2a 00 f9
0x0000000101df109c:   08 03 40 b9 a8 7e 00 b9 bf 3b 03 d5 e8 03 17 aa
0x0000000101df10ac:   9f 7e a8 c8 bf 3b 03 d5 1f 01 17 eb c0 02 00 54
0x0000000101df10bc:   ff 02 08 eb 80 02 00 54 e0 03 16 aa e1 03 15 aa
0x0000000101df10cc:   22 00 80 52 9c 05 00 94 97 02 40 f9 e0 03 17 aa
0x0000000101df10dc:   81 b9 ed 97 e0 f8 0f 36 e0 03 17 aa 7e b9 ed 97
0x0000000101df10ec:   15 00 7f d2 e0 03 15 aa fd 7b 4b a9 f4 4f 4a a9
0x0000000101df10fc:   f6 57 49 a9 f8 5f 48 a9 fa 67 47 a9 ff 03 03 91
0x0000000101df110c:   c0 03 5f d6 e0 03 17 aa 73 b9 ed 97 08 f8 7e 92
0x0000000101df111c:   08 01 40 f9 a8 02 00 f9 e0 03 17 aa 6e b9 ed 97
0x0000000101df112c:   a0 22 00 f9 bf 2a 00 f9 b4 06 00 f9 88 02 40 f9
0x0000000101df113c:   48 01 00 b4 e0 07 00 90 00 7c 3c 91 e2 07 00 b0
0x0000000101df114c:   42 10 02 91 03 05 00 90 63 e0 08 91 01 bd 80 52
0x0000000101df115c:   ce 9d ed 97 28 49 fb 97 a8 02 7f b2 bf 3b 03 d5
0x0000000101df116c:   88 02 00 f9 08 11 00 d0 08 41 0b 91 08 01 40 f9
0x0000000101df117c:   48 01 00 b4 09 11 00 d0 29 e1 2b 91 29 01 40 39
0x0000000101df118c:   3f 05 00 71 a1 00 00 54 08 15 40 f9 09 01 40 f9
0x0000000101df119c:   29 05 00 91 09 01 00 f9 c8 0f 00 f0 08 e5 43 f9
0x0000000101df11ac:   28 06 00 b4 c8 10 00 d0 08 e5 37 91 08 01 40 39
0x0000000101df11bc:   1f 05 00 71 21 01 00 54 89 0a 40 b9 ca 0f 00 f0
0x0000000101df11cc:   4a 61 2b 91 4b 09 40 b9 4a 01 40 f9 2b 21 cb 9a
0x0000000101df11dc:   6a 01 0a 8b 03 00 00 14 8a 06 40 f9 e9 03 0a aa
0x0000000101df11ec:   4a 09 40 b9 5f 05 00 71 eb 03 00 54 80 10 00 d0
0x0000000101df11fc:   00 80 27 91 0a 00 40 f9 40 01 3f d6 0a 00 40 f9
0x0000000101df120c:   4a 3d 41 f9 ea 0f 00 f9 40 05 c0 3d e0 03 82 3c 


Stack slot to memory mapping:
stack at sp + 0 slots: 0x000000030b24de90 is pointing into the stack for thread: 0x0000000309840800
stack at sp + 1 slots: 0x0000000101bcc4c0: _ZN11klassVtable16fill_in_mirandasEi+0x50 in /opt/homebrew/Cellar/openjdk@11/11.0.25/libexec/openjdk.jdk/Contents/Home/lib/server/libjvm.dylib at 0x000000010175c000
stack at sp + 2 slots: 0x72f90825944d0026 is an unknown value
stack at sp + 3 slots: 0x0 is NULL
stack at sp + 4 slots: 0x0000000309840800 is a thread
stack at sp + 5 slots: 0x0 is NULL
stack at sp + 6 slots: 0x000000030ad92da8 is pointing into metadata
stack at sp + 7 slots: 0x000000000000000a is an unknown value


---------------  P R O C E S S  ---------------

Threads class SMR info:
_java_thread_list=0x00006000022a6600, length=112, elements={
0x000000013e081800, 0x000000013b8cf000, 0x000000013c819800, 0x000000013b8d4800,
0x000000013c81c800, 0x000000013c81d800, 0x000000013b925800, 0x000000013d9b3800,
0x000000013bb3e000, 0x000000013da16000, 0x000000013d9d6000, 0x000000013da46800,
0x000000013bc81800, 0x000000013bca8800, 0x000000013e2d6000, 0x000000013e4b2000,
0x000000013bcc0800, 0x000000013bc72000, 0x000000013bb55800, 0x000000013bc90000,
0x000000013e550000, 0x000000013bceb000, 0x000000013e4df800, 0x000000013bd08000,
0x000000013bc4c000, 0x000000013e532000, 0x000000013bc36800, 0x000000013da7b800,
0x000000013bcc5800, 0x000000013bbf1000, 0x000000013e563000, 0x000000013bbe4000,
0x000000013bccf000, 0x000000013bcd0000, 0x000000013da6c800, 0x000000013da67000,
0x000000013bca5000, 0x000000013e486000, 0x000000013e4c3000, 0x000000013dadf800,
0x000000013e479000, 0x000000013bcbb800, 0x000000013cc2e000, 0x000000013e62c800,
0x000000013db81800, 0x000000013da2c000, 0x000000013be0d000, 0x000000013bdcf800,
0x000000013bca5800, 0x000000013bd77000, 0x000000013dc5b000, 0x000000013e51a000,
0x000000013e637000, 0x000000013e53b800, 0x000000013cc1e800, 0x000000013e6f9800,
0x000000014e8c4800, 0x000000013cdc7000, 0x000000013cdb9000, 0x000000013dc60000,
0x000000013be39000, 0x000000013be3e000, 0x000000013dbe3000, 0x000000014e8c5800,
0x000000014e8cc800, 0x000000013bdfd800, 0x000000013bdca800, 0x000000014e8cf800,
0x000000013cdb9800, 0x000000013bda1800, 0x000000013bd7d800, 0x000000013bd63800,
0x000000013bd3a800, 0x000000013bef0800, 0x000000013bd7a000, 0x000000013bf0d000,
0x000000013bf0e000, 0x000000013bf0f000, 0x000000013dc0f000, 0x000000013dc16800,
0x000000014e8d6800, 0x000000014e8da000, 0x000000014e8db000, 0x000000013bf10000,
0x000000013bd32800, 0x000000013cdcd800, 0x000000013bd33800, 0x000000013bd35800,
0x000000013cdcf000, 0x000000013cdcf800, 0x000000014e8f9000, 0x000000014e8f0800,
0x000000013dad2800, 0x000000014e8f9800, 0x000000013bf21000, 0x000000013bf49800,
0x000000014e910000, 0x000000014e908800, 0x000000014e919000, 0x000000014e91e800,
0x000000013dc82800, 0x000000013cde3000, 0x000000013e25a800, 0x000000013e21f800,
0x000000013bd34800, 0x0000000309840800, 0x000000013bf5b000, 0x000000013e098800,
0x000000013e78f000, 0x000000013e792800, 0x000000011e829000, 0x000000013bf26000
}

Java Threads: ( => current thread )
  0x000000013e081800 JavaThread "Reference Handler" daemon [_thread_blocked, id=21251, stack(0x0000000170610000,0x0000000170813000)]
  0x000000013b8cf000 JavaThread "Finalizer" daemon [_thread_blocked, id=20995, stack(0x000000017081c000,0x0000000170a1f000)]
  0x000000013c819800 JavaThread "Signal Dispatcher" daemon [_thread_blocked, id=21763, stack(0x0000000170b40000,0x0000000170d43000)]
  0x000000013b8d4800 JavaThread "Service Thread" daemon [_thread_blocked, id=32259, stack(0x0000000170d4c000,0x0000000170f4f000)]
  0x000000013c81c800 JavaThread "C1 CompilerThread0" daemon [_thread_blocked, id=22531, stack(0x0000000170f58000,0x000000017115b000)]
  0x000000013c81d800 JavaThread "Sweeper thread" daemon [_thread_blocked, id=22787, stack(0x0000000171164000,0x0000000171367000)]
  0x000000013b925800 JavaThread "Common-Cleaner" daemon [_thread_blocked, id=23299, stack(0x0000000171370000,0x0000000171573000)]
  0x000000013d9b3800 JavaThread "Monitor Ctrl-Break" daemon [_thread_in_native, id=23811, stack(0x000000017157c000,0x000000017177f000)]
  0x000000013bb3e000 JavaThread "RMI TCP Accept-0" daemon [_thread_in_native, id=24323, stack(0x0000000171788000,0x000000017198b000)]
  0x000000013da16000 JavaThread "logback-1" daemon [_thread_blocked, id=26375, stack(0x0000000172c00000,0x0000000172e03000)]
  0x000000013d9d6000 JavaThread "logback-2" daemon [_thread_blocked, id=33027, stack(0x0000000173018000,0x000000017321b000)]
  0x000000013da46800 JavaThread "logback-3" daemon [_thread_blocked, id=34307, stack(0x0000000173430000,0x0000000173633000)]
  0x000000013bc81800 JavaThread "com.alibaba.nacos.client.identify.watcher.0" daemon [_thread_blocked, id=33799, stack(0x0000000173224000,0x0000000173427000)]
  0x000000013bca8800 JavaThread "com.alibaba.nacos.client.Worker" daemon [_thread_blocked, id=34819, stack(0x000000017363c000,0x000000017383f000)]
  0x000000013e2d6000 JavaThread "logback-4" daemon [_thread_blocked, id=42503, stack(0x0000000173848000,0x0000000173a4b000)]
  0x000000013e4b2000 JavaThread "logback-5" daemon [_thread_blocked, id=41987, stack(0x0000000173a54000,0x0000000173c57000)]
  0x000000013bcc0800 JavaThread "nacos.publisher-com.alibaba.nacos.common.notify.SlowEvent" daemon [_thread_blocked, id=35587, stack(0x0000000173c60000,0x0000000173e63000)]
  0x000000013bc72000 JavaThread "com.alibaba.nacos.client.remote.worker" daemon [_thread_blocked, id=36099, stack(0x0000000173e6c000,0x000000017406f000)]
  0x000000013bb55800 JavaThread "com.alibaba.nacos.client.remote.worker" daemon [_thread_blocked, id=36355, stack(0x0000000174078000,0x000000017427b000)]
  0x000000013bc90000 JavaThread "grpc-nio-worker-ELG-1-1" daemon [_thread_in_native, id=36611, stack(0x0000000174284000,0x0000000174487000)]
  0x000000013e550000 JavaThread "grpc-default-executor-0" daemon [_thread_blocked, id=39683, stack(0x0000000174490000,0x0000000174693000)]
  0x000000013bceb000 JavaThread "grpc-nio-worker-ELG-1-2" daemon [_thread_in_native, id=37379, stack(0x000000017469c000,0x000000017489f000)]
  0x000000013e4df800 JavaThread "nacos-grpc-client-executor-0" daemon [_thread_blocked, id=38659, stack(0x00000001748a8000,0x0000000174aab000)]
  0x000000013bd08000 JavaThread "nacos-grpc-client-executor-1" daemon [_thread_blocked, id=37891, stack(0x0000000174ab4000,0x0000000174cb7000)]
  0x000000013bc4c000 JavaThread "nacos-grpc-client-executor-2" daemon [_thread_blocked, id=43779, stack(0x0000000174cc0000,0x0000000174ec3000)]
  0x000000013e532000 JavaThread "nacos-grpc-client-executor-3" daemon [_thread_blocked, id=65027, stack(0x0000000174ecc000,0x00000001750cf000)]
  0x000000013bc36800 JavaThread "nacos-grpc-client-executor-4" daemon [_thread_blocked, id=64259, stack(0x00000001750d8000,0x00000001752db000)]
  0x000000013da7b800 JavaThread "nacos-grpc-client-executor-5" daemon [_thread_blocked, id=44547, stack(0x00000001752e4000,0x00000001754e7000)]
  0x000000013bcc5800 JavaThread "nacos-grpc-client-executor-6" daemon [_thread_blocked, id=63491, stack(0x00000001754f0000,0x00000001756f3000)]
  0x000000013bbf1000 JavaThread "nacos-grpc-client-executor-7" daemon [_thread_blocked, id=45059, stack(0x00000001756fc000,0x00000001758ff000)]
  0x000000013e563000 JavaThread "nacos-grpc-client-executor-8" daemon [_thread_blocked, id=62723, stack(0x0000000175908000,0x0000000175b0b000)]
  0x000000013bbe4000 JavaThread "nacos-grpc-client-executor-9" daemon [_thread_blocked, id=62467, stack(0x0000000175b14000,0x0000000175d17000)]
  0x000000013bccf000 JavaThread "nacos-grpc-client-executor-10" daemon [_thread_blocked, id=46595, stack(0x0000000175d20000,0x0000000175f23000)]
  0x000000013bcd0000 JavaThread "nacos-grpc-client-executor-11" daemon [_thread_blocked, id=61699, stack(0x0000000175f2c000,0x000000017612f000)]
  0x000000013da6c800 JavaThread "nacos-grpc-client-executor-12" daemon [_thread_blocked, id=61187, stack(0x0000000176138000,0x000000017633b000)]
  0x000000013da67000 JavaThread "nacos-grpc-client-executor-13" daemon [_thread_blocked, id=60931, stack(0x0000000176344000,0x0000000176547000)]
  0x000000013bca5000 JavaThread "nacos-grpc-client-executor-14" daemon [_thread_blocked, id=48131, stack(0x0000000176550000,0x0000000176753000)]
  0x000000013e486000 JavaThread "nacos-grpc-client-executor-15" daemon [_thread_blocked, id=60419, stack(0x000000017675c000,0x000000017695f000)]
  0x000000013e4c3000 JavaThread "nacos-grpc-client-executor-16" daemon [_thread_blocked, id=60163, stack(0x0000000176968000,0x0000000176b6b000)]
  0x000000013dadf800 JavaThread "Attach Listener" daemon [_thread_blocked, id=59651, stack(0x0000000176b74000,0x0000000176d77000)]
  0x000000013e479000 JavaThread "RMI TCP Connection(1)-127.0.0.1" daemon [_thread_in_native, id=59403, stack(0x0000000176d80000,0x0000000176f83000)]
  0x000000013bcbb800 JavaThread "RMI Scheduler(0)" daemon [_thread_blocked, id=50179, stack(0x0000000176f8c000,0x000000017718f000)]
  0x000000013cc2e000 JavaThread "Catalina-utility-1" [_thread_blocked, id=58379, stack(0x0000000177198000,0x000000017739b000)]
  0x000000013e62c800 JavaThread "Catalina-utility-2" [_thread_blocked, id=57859, stack(0x00000001773a4000,0x00000001775a7000)]
  0x000000013db81800 JavaThread "container-0" [_thread_blocked, id=57347, stack(0x00000001775b0000,0x00000001777b3000)]
  0x000000013da2c000 JavaThread "lettuce-timer-3-1" daemon [_thread_blocked, id=51203, stack(0x00000001777bc000,0x00000001779bf000)]
  0x000000013be0d000 JavaThread "spring.cloud.inetutils" daemon [_thread_blocked, id=55815, stack(0x00000001779c8000,0x0000000177bcb000)]
  0x000000013bdcf800 JavaThread "nacos.publisher-com.alibaba.nacos.client.naming.event.InstancesChangeEvent" daemon [_thread_blocked, id=51719, stack(0x0000000177bd4000,0x0000000177dd7000)]
  0x000000013bca5800 JavaThread "com.alibaba.nacos.naming.failover" daemon [_thread_blocked, id=55299, stack(0x0000000177de0000,0x0000000177fe3000)]
  0x000000013bd77000 JavaThread "com.alibaba.nacos.client.naming.security" daemon [_thread_blocked, id=52739, stack(0x0000000300004000,0x0000000300207000)]
  0x000000013dc5b000 JavaThread "com.alibaba.nacos.naming.push.receiver" daemon [_thread_in_native, id=53251, stack(0x0000000300210000,0x0000000300413000)]
  0x000000013e51a000 JavaThread "com.alibaba.nacos.client.naming.grpc.redo.0" daemon [_thread_blocked, id=54787, stack(0x000000030041c000,0x000000030061f000)]
  0x000000013e637000 JavaThread "com.alibaba.nacos.client.remote.worker" daemon [_thread_blocked, id=54531, stack(0x0000000300628000,0x000000030082b000)]
  0x000000013e53b800 JavaThread "com.alibaba.nacos.client.remote.worker" daemon [_thread_blocked, id=86787, stack(0x0000000300834000,0x0000000300a37000)]
  0x000000013cc1e800 JavaThread "grpc-nio-worker-ELG-1-3" daemon [_thread_in_native, id=86019, stack(0x0000000300a40000,0x0000000300c43000)]
  0x000000013e6f9800 JavaThread "grpc-nio-worker-ELG-1-4" daemon [_thread_in_native, id=66051, stack(0x0000000300c4c000,0x0000000300e4f000)]
  0x000000014e8c4800 JavaThread "nacos-grpc-client-executor-0" daemon [_thread_blocked, id=85251, stack(0x0000000300e58000,0x000000030105b000)]
  0x000000013cdc7000 JavaThread "nacos-grpc-client-executor-1" daemon [_thread_blocked, id=67075, stack(0x0000000301064000,0x0000000301267000)]
  0x000000013cdb9000 JavaThread "nacos-grpc-client-executor-2" daemon [_thread_blocked, id=84739, stack(0x0000000301270000,0x0000000301473000)]
  0x000000013dc60000 JavaThread "nacos-grpc-client-executor-3" daemon [_thread_blocked, id=67587, stack(0x000000030147c000,0x000000030167f000)]
  0x000000013be39000 JavaThread "nacos-grpc-client-executor-4" daemon [_thread_blocked, id=68099, stack(0x0000000301688000,0x000000030188b000)]
  0x000000013be3e000 JavaThread "nacos-grpc-client-executor-5" daemon [_thread_blocked, id=83459, stack(0x0000000301894000,0x0000000301a97000)]
  0x000000013dbe3000 JavaThread "com.alibaba.nacos.client.naming.updater.0" daemon [_thread_blocked, id=68611, stack(0x0000000301aa0000,0x0000000301ca3000)]
  0x000000014e8c5800 JavaThread "nacos-grpc-client-executor-6" daemon [_thread_blocked, id=68867, stack(0x0000000301cac000,0x0000000301eaf000)]
  0x000000014e8cc800 JavaThread "nacos-grpc-client-executor-7" daemon [_thread_blocked, id=81923, stack(0x0000000301eb8000,0x00000003020bb000)]
  0x000000013bdfd800 JavaThread "Nacos-Watch-Task-Scheduler-1" [_thread_blocked, id=81411, stack(0x00000003020c4000,0x00000003022c7000)]
  0x000000013bdca800 JavaThread "http-nio-8095-exec-1" daemon [_thread_blocked, id=80899, stack(0x00000003022d0000,0x00000003024d3000)]
  0x000000014e8cf800 JavaThread "http-nio-8095-exec-2" daemon [_thread_blocked, id=70147, stack(0x00000003024dc000,0x00000003026df000)]
  0x000000013cdb9800 JavaThread "http-nio-8095-exec-3" daemon [_thread_blocked, id=79875, stack(0x00000003026e8000,0x00000003028eb000)]
  0x000000013bda1800 JavaThread "http-nio-8095-exec-4" daemon [_thread_blocked, id=79107, stack(0x00000003028f4000,0x0000000302af7000)]
  0x000000013bd7d800 JavaThread "http-nio-8095-exec-5" daemon [_thread_blocked, id=78339, stack(0x0000000302b00000,0x0000000302d03000)]
  0x000000013bd63800 JavaThread "http-nio-8095-exec-6" daemon [_thread_blocked, id=70659, stack(0x0000000302d0c000,0x0000000302f0f000)]
  0x000000013bd3a800 JavaThread "http-nio-8095-exec-7" daemon [_thread_blocked, id=71171, stack(0x0000000302f18000,0x000000030311b000)]
  0x000000013bef0800 JavaThread "http-nio-8095-exec-8" daemon [_thread_blocked, id=77571, stack(0x0000000303124000,0x0000000303327000)]
  0x000000013bd7a000 JavaThread "http-nio-8095-exec-9" daemon [_thread_blocked, id=77059, stack(0x0000000303330000,0x0000000303533000)]
  0x000000013bf0d000 JavaThread "http-nio-8095-exec-10" daemon [_thread_blocked, id=72195, stack(0x000000030353c000,0x000000030373f000)]
  0x000000013bf0e000 JavaThread "http-nio-8095-Poller" daemon [_thread_in_native, id=76291, stack(0x0000000303748000,0x000000030394b000)]
  0x000000013bf0f000 JavaThread "http-nio-8095-Acceptor" daemon [_thread_in_native, id=75523, stack(0x0000000303954000,0x0000000303b57000)]
  0x000000013dc0f000 JavaThread "nacos-grpc-client-executor-8" daemon [_thread_blocked, id=73219, stack(0x0000000303b60000,0x0000000303d63000)]
  0x000000013dc16800 JavaThread "nacos-grpc-client-executor-9" daemon [_thread_blocked, id=75011, stack(0x0000000303d6c000,0x0000000303f6f000)]
  0x000000014e8d6800 JavaThread "DestroyJavaVM" [_thread_blocked, id=5635, stack(0x000000016f7bc000,0x000000016f9bf000)]
  0x000000014e8da000 JavaThread "nacos-grpc-client-executor-17" daemon [_thread_blocked, id=74243, stack(0x0000000303f78000,0x000000030417b000)]
  0x000000014e8db000 JavaThread "nacos-grpc-client-executor-18" daemon [_thread_blocked, id=87555, stack(0x0000000304184000,0x0000000304387000)]
  0x000000013bf10000 JavaThread "nacos-grpc-client-executor-19" daemon [_thread_blocked, id=130563, stack(0x0000000304390000,0x0000000304593000)]
  0x000000013bd32800 JavaThread "nacos-grpc-client-executor-20" daemon [_thread_blocked, id=130307, stack(0x000000030459c000,0x000000030479f000)]
  0x000000013cdcd800 JavaThread "RMI TCP Connection(2)-127.0.0.1" daemon [_thread_in_native, id=129799, stack(0x00000003047a8000,0x00000003049ab000)]
  0x000000013bd33800 JavaThread "RMI TCP Connection(3)-127.0.0.1" daemon [_thread_in_native, id=129539, stack(0x00000003049b4000,0x0000000304bb7000)]
  0x000000013bd35800 JavaThread "mysql-cj-abandoned-connection-cleanup" daemon [_thread_blocked, id=90627, stack(0x0000000304fd8000,0x00000003051db000)]
  0x000000013cdcf000 JavaThread "Druid-ConnectionPool-Create-43924520" daemon [_thread_blocked, id=89871, stack(0x0000000304bc0000,0x0000000304dc3000)]
  0x000000013cdcf800 JavaThread "Druid-ConnectionPool-Destroy-43924520" daemon [_thread_blocked, id=91139, stack(0x00000003051e4000,0x00000003053e7000)]
  0x000000014e8f9000 JavaThread "nacos-grpc-client-executor-10" daemon [_thread_blocked, id=91907, stack(0x00000003063f0000,0x00000003065f3000)]
  0x000000014e8f0800 JavaThread "nacos-grpc-client-executor-11" daemon [_thread_blocked, id=92419, stack(0x00000003065fc000,0x00000003067ff000)]
  0x000000013dad2800 JavaThread "boundedElastic-evictor-1" daemon [_thread_blocked, id=128003, stack(0x0000000306808000,0x0000000306a0b000)]
  0x000000014e8f9800 JavaThread "boundedElastic-1" daemon [_thread_blocked, id=127747, stack(0x0000000306a14000,0x0000000306c17000)]
  0x000000013bf21000 JavaThread "lettuce-nioEventLoop-4-1" daemon [_thread_in_native, id=127235, stack(0x0000000306c20000,0x0000000306e23000)]
  0x000000013bf49800 JavaThread "lettuce-eventExecutorLoop-1-1" daemon [_thread_blocked, id=94211, stack(0x0000000306e2c000,0x000000030702f000)]
  0x000000014e910000 JavaThread "nacos-grpc-client-executor-12" daemon [_thread_blocked, id=94467, stack(0x0000000307038000,0x000000030723b000)]
  0x000000014e908800 JavaThread "nacos-grpc-client-executor-13" daemon [_thread_blocked, id=129043, stack(0x0000000304dcc000,0x0000000304fcf000)]
  0x000000014e919000 JavaThread "com.alibaba.nacos.client.naming.updater.1" daemon [_thread_blocked, id=95235, stack(0x0000000309244000,0x0000000309447000)]
  0x000000014e91e800 JavaThread "lettuce-nioEventLoop-4-2" daemon [_thread_in_native, id=95747, stack(0x000000030a004000,0x000000030a207000)]
  0x000000013dc82800 JavaThread "lettuce-eventExecutorLoop-1-2" daemon [_thread_blocked, id=125955, stack(0x000000030a210000,0x000000030a413000)]
  0x000000013cde3000 JavaThread "lettuce-eventExecutorLoop-1-3" daemon [_thread_blocked, id=125187, stack(0x000000030a61c000,0x000000030a81f000)]
  0x000000013e25a800 JavaThread "lettuce-eventExecutorLoop-1-4" daemon [_thread_blocked, id=124675, stack(0x000000030a828000,0x000000030aa2b000)]
  0x000000013e21f800 JavaThread "ForkJoinPool.commonPool-worker-3" daemon [_thread_blocked, id=124419, stack(0x000000030aa34000,0x000000030ac37000)]
  0x000000013bd34800 JavaThread "OkHttp https://api.minio.anynote.cn/..." [_thread_blocked, id=124163, stack(0x000000030ae40000,0x000000030b043000)]
=>0x0000000309840800 JavaThread "OkHttp https://api.minio.anynote.cn/..." [_thread_in_vm, id=97795, stack(0x000000030b04c000,0x000000030b24f000)]
  0x000000013bf5b000 JavaThread "OkHttp https://api.minio.anynote.cn/..." [_thread_blocked, id=123651, stack(0x000000030b258000,0x000000030b45b000)]
  0x000000013e098800 JavaThread "OkHttp https://api.minio.anynote.cn/..." [_thread_blocked, id=123139, stack(0x000000030b464000,0x000000030b667000)]
  0x000000013e78f000 JavaThread "OkHttp https://api.minio.anynote.cn/..." [_thread_blocked, id=122627, stack(0x000000030b670000,0x000000030b873000)]
  0x000000013e792800 JavaThread "OkHttp TaskRunner" daemon [_thread_blocked, id=99331, stack(0x000000030b87c000,0x000000030ba7f000)]
  0x000000011e829000 JavaThread "OkHttp TaskRunner" daemon [_thread_blocked, id=121859, stack(0x000000030ba88000,0x000000030bc8b000)]
  0x000000013bf26000 JavaThread "Okio Watchdog" daemon [_thread_blocked, id=100099, stack(0x000000030bc94000,0x000000030be97000)]

Other Threads:
  0x000000013d834800 VMThread "VM Thread" [stack: 0x0000000170404000,0x0000000170607000] [id=16643]
  0x000000013c9b8800 WatcherThread [stack: 0x0000000171994000,0x0000000171b97000] [id=24835]
  0x000000013b819000 GCTaskThread "GC Thread#0" [stack: 0x000000016f9c8000,0x000000016fbcb000] [id=11523]
  0x000000011d878000 GCTaskThread "GC Thread#1" [stack: 0x0000000171ba0000,0x0000000171da3000] [id=25091]
  0x000000011d879000 GCTaskThread "GC Thread#2" [stack: 0x0000000171dac000,0x0000000171faf000] [id=29955]
  0x000000013bb3f000 GCTaskThread "GC Thread#3" [stack: 0x0000000171fb8000,0x00000001721bb000] [id=29699]
  0x000000011e822800 GCTaskThread "GC Thread#4" [stack: 0x00000001721c4000,0x00000001723c7000] [id=29187]
  0x000000011e823000 GCTaskThread "GC Thread#5" [stack: 0x00000001723d0000,0x00000001725d3000] [id=28931]
  0x000000011e824000 GCTaskThread "GC Thread#6" [stack: 0x00000001725dc000,0x00000001727df000] [id=25859]
  0x000000011e824800 GCTaskThread "GC Thread#7" [stack: 0x00000001727e8000,0x00000001729eb000] [id=28163]
  0x000000013b82f800 ConcurrentGCThread "G1 Main Marker" [stack: 0x000000016fbd4000,0x000000016fdd7000] [id=12035]
  0x000000013b830800 ConcurrentGCThread "G1 Conc#0" [stack: 0x000000016fde0000,0x000000016ffe3000] [id=14851]
  0x000000013e476000 ConcurrentGCThread "G1 Conc#1" [stack: 0x0000000172e0c000,0x000000017300f000] [id=26119]
  0x000000013e05f000 ConcurrentGCThread "G1 Refine#0" [stack: 0x000000016ffec000,0x00000001701ef000] [id=13059]
  0x000000011e826000 ConcurrentGCThread "G1 Refine#1" [stack: 0x00000001729f4000,0x0000000172bf7000] [id=27651]
  0x000000013e060000 ConcurrentGCThread "G1 Young RemSet Sampling" [stack: 0x00000001701f8000,0x00000001703fb000] [id=13571]

Threads with active compile tasks:

VM state:not at safepoint (normal execution)

VM Mutex/Monitor currently owned by a thread: None

Heap address: 0x0000000640000000, size: 6144 MB, Compressed Oops mode: Zero based, Oop shift amount: 3
Narrow klass base: 0x0000000800000000, Narrow klass shift: 0
Compressed class space size: 1073741824 Address: 0x0000000800000000

Heap:
 garbage-first heap   total 663552K, used 331346K [0x0000000640000000, 0x00000007c0000000)
  region size 1024K, 301 young (308224K), 28 survivors (28672K)
 Metaspace       used 95616K, capacity 98636K, committed 98880K, reserved 1134592K
  class space    used 12066K, capacity 13291K, committed 13376K, reserved 1048576K
Heap Regions: E=young(eden), S=young(survivor), O=old, HS=humongous(starts), HC=humongous(continues), CS=collection set, F=free, A=archive, TAMS=top-at-mark-start (previous, next)
|   0|0x0000000640000000, 0x0000000640100000, 0x0000000640100000|100%|HS|  |TAMS 0x0000000640100000, 0x0000000640000000| Complete 
|   1|0x0000000640100000, 0x0000000640200000, 0x0000000640200000|100%| O|  |TAMS 0x0000000640200000, 0x0000000640100000| Untracked 
|   2|0x0000000640200000, 0x0000000640300000, 0x0000000640300000|100%|HS|  |TAMS 0x0000000640300000, 0x0000000640200000| Complete 
|   3|0x0000000640300000, 0x0000000640400000, 0x0000000640400000|100%| O|  |TAMS 0x0000000640400000, 0x0000000640300000| Untracked 
|   4|0x0000000640400000, 0x0000000640500000, 0x0000000640500000|100%| O|  |TAMS 0x0000000640500000, 0x0000000640400000| Untracked 
|   5|0x0000000640500000, 0x0000000640600000, 0x0000000640600000|100%| O|  |TAMS 0x0000000640600000, 0x0000000640500000| Untracked 
|   6|0x0000000640600000, 0x0000000640700000, 0x0000000640700000|100%| O|  |TAMS 0x0000000640700000, 0x0000000640600000| Untracked 
|   7|0x0000000640700000, 0x0000000640800000, 0x0000000640800000|100%| O|  |TAMS 0x0000000640800000, 0x0000000640700000| Untracked 
|   8|0x0000000640800000, 0x0000000640900000, 0x0000000640900000|100%| O|  |TAMS 0x0000000640900000, 0x0000000640800000| Untracked 
|   9|0x0000000640900000, 0x0000000640a00000, 0x0000000640a00000|100%| O|  |TAMS 0x0000000640a00000, 0x0000000640900000| Untracked 
|  10|0x0000000640a00000, 0x0000000640b00000, 0x0000000640b00000|100%| O|  |TAMS 0x0000000640b00000, 0x0000000640a00000| Untracked 
|  11|0x0000000640b00000, 0x0000000640c00000, 0x0000000640c00000|100%| O|  |TAMS 0x0000000640c00000, 0x0000000640b00000| Untracked 
|  12|0x0000000640c00000, 0x0000000640d00000, 0x0000000640d00000|100%| O|  |TAMS 0x0000000640d00000, 0x0000000640c00000| Untracked 
|  13|0x0000000640d00000, 0x0000000640e00000, 0x0000000640e00000|100%| O|  |TAMS 0x0000000640e00000, 0x0000000640d00000| Untracked 
|  14|0x0000000640e00000, 0x0000000640f00000, 0x0000000640f00000|100%| O|  |TAMS 0x0000000640f00000, 0x0000000640e00000| Untracked 
|  15|0x0000000640f00000, 0x0000000640f94a00, 0x0000000641000000| 58%| O|  |TAMS 0x0000000640f94a00, 0x0000000640f00000| Untracked 
|  16|0x0000000641000000, 0x0000000641100000, 0x0000000641100000|100%|HS|  |TAMS 0x0000000641000000, 0x0000000641000000| Complete 
|  17|0x0000000641100000, 0x0000000641200000, 0x0000000641200000|100%|HS|  |TAMS 0x0000000641100000, 0x0000000641100000| Complete 
|  18|0x0000000641200000, 0x0000000641300000, 0x0000000641300000|100%|HS|  |TAMS 0x0000000641200000, 0x0000000641200000| Complete 
|  19|0x0000000641300000, 0x0000000641400000, 0x0000000641400000|100%|HS|  |TAMS 0x0000000641300000, 0x0000000641300000| Complete 
|  20|0x0000000641400000, 0x0000000641500000, 0x0000000641500000|100%|HS|  |TAMS 0x0000000641400000, 0x0000000641400000| Complete 
|  21|0x0000000641500000, 0x0000000641600000, 0x0000000641600000|100%|HS|  |TAMS 0x0000000641500000, 0x0000000641500000| Complete 
|  22|0x0000000641600000, 0x0000000641700000, 0x0000000641700000|100%|HS|  |TAMS 0x0000000641600000, 0x0000000641600000| Complete 
|  23|0x0000000641700000, 0x0000000641800000, 0x0000000641800000|100%|HS|  |TAMS 0x0000000641700000, 0x0000000641700000| Complete 
|  24|0x0000000641800000, 0x0000000641900000, 0x0000000641900000|100%|HS|  |TAMS 0x0000000641800000, 0x0000000641800000| Complete 
|  25|0x0000000641900000, 0x0000000641900000, 0x0000000641a00000|  0%| F|  |TAMS 0x0000000641900000, 0x0000000641900000| Untracked 
|  26|0x0000000641a00000, 0x0000000641a00000, 0x0000000641b00000|  0%| F|  |TAMS 0x0000000641a00000, 0x0000000641a00000| Untracked 
|  27|0x0000000641b00000, 0x0000000641b00000, 0x0000000641c00000|  0%| F|  |TAMS 0x0000000641b00000, 0x0000000641b00000| Untracked 
|  28|0x0000000641c00000, 0x0000000641c00000, 0x0000000641d00000|  0%| F|  |TAMS 0x0000000641c00000, 0x0000000641c00000| Untracked 
|  29|0x0000000641d00000, 0x0000000641d00000, 0x0000000641e00000|  0%| F|  |TAMS 0x0000000641d00000, 0x0000000641d00000| Untracked 
|  30|0x0000000641e00000, 0x0000000641e00000, 0x0000000641f00000|  0%| F|  |TAMS 0x0000000641e00000, 0x0000000641e00000| Untracked 
|  31|0x0000000641f00000, 0x0000000641f00000, 0x0000000642000000|  0%| F|  |TAMS 0x0000000641f00000, 0x0000000641f00000| Untracked 
|  32|0x0000000642000000, 0x0000000642000000, 0x0000000642100000|  0%| F|  |TAMS 0x0000000642000000, 0x0000000642000000| Untracked 
|  33|0x0000000642100000, 0x0000000642100000, 0x0000000642200000|  0%| F|  |TAMS 0x0000000642100000, 0x0000000642100000| Untracked 
|  34|0x0000000642200000, 0x0000000642200000, 0x0000000642300000|  0%| F|  |TAMS 0x0000000642200000, 0x0000000642200000| Untracked 
|  35|0x0000000642300000, 0x0000000642300000, 0x0000000642400000|  0%| F|  |TAMS 0x0000000642300000, 0x0000000642300000| Untracked 
|  36|0x0000000642400000, 0x0000000642400000, 0x0000000642500000|  0%| F|  |TAMS 0x0000000642400000, 0x0000000642400000| Untracked 
|  37|0x0000000642500000, 0x0000000642500000, 0x0000000642600000|  0%| F|  |TAMS 0x0000000642500000, 0x0000000642500000| Untracked 
|  38|0x0000000642600000, 0x0000000642600000, 0x0000000642700000|  0%| F|  |TAMS 0x0000000642600000, 0x0000000642600000| Untracked 
|  39|0x0000000642700000, 0x0000000642700000, 0x0000000642800000|  0%| F|  |TAMS 0x0000000642700000, 0x0000000642700000| Untracked 
|  40|0x0000000642800000, 0x0000000642800000, 0x0000000642900000|  0%| F|  |TAMS 0x0000000642800000, 0x0000000642800000| Untracked 
|  41|0x0000000642900000, 0x0000000642900000, 0x0000000642a00000|  0%| F|  |TAMS 0x0000000642900000, 0x0000000642900000| Untracked 
|  42|0x0000000642a00000, 0x0000000642a00000, 0x0000000642b00000|  0%| F|  |TAMS 0x0000000642a00000, 0x0000000642a00000| Untracked 
|  43|0x0000000642b00000, 0x0000000642b00000, 0x0000000642c00000|  0%| F|  |TAMS 0x0000000642b00000, 0x0000000642b00000| Untracked 
|  44|0x0000000642c00000, 0x0000000642c00000, 0x0000000642d00000|  0%| F|  |TAMS 0x0000000642c00000, 0x0000000642c00000| Untracked 
|  45|0x0000000642d00000, 0x0000000642d00000, 0x0000000642e00000|  0%| F|  |TAMS 0x0000000642d00000, 0x0000000642d00000| Untracked 
|  46|0x0000000642e00000, 0x0000000642e00000, 0x0000000642f00000|  0%| F|  |TAMS 0x0000000642e00000, 0x0000000642e00000| Untracked 
|  47|0x0000000642f00000, 0x0000000642f00000, 0x0000000643000000|  0%| F|  |TAMS 0x0000000642f00000, 0x0000000642f00000| Untracked 
|  48|0x0000000643000000, 0x0000000643000000, 0x0000000643100000|  0%| F|  |TAMS 0x0000000643000000, 0x0000000643000000| Untracked 
|  49|0x0000000643100000, 0x0000000643100000, 0x0000000643200000|  0%| F|  |TAMS 0x0000000643100000, 0x0000000643100000| Untracked 
|  50|0x0000000643200000, 0x0000000643200000, 0x0000000643300000|  0%| F|  |TAMS 0x0000000643200000, 0x0000000643200000| Untracked 
|  51|0x0000000643300000, 0x0000000643300000, 0x0000000643400000|  0%| F|  |TAMS 0x0000000643300000, 0x0000000643300000| Untracked 
|  52|0x0000000643400000, 0x0000000643400000, 0x0000000643500000|  0%| F|  |TAMS 0x0000000643400000, 0x0000000643400000| Untracked 
|  53|0x0000000643500000, 0x0000000643500000, 0x0000000643600000|  0%| F|  |TAMS 0x0000000643500000, 0x0000000643500000| Untracked 
|  54|0x0000000643600000, 0x0000000643600000, 0x0000000643700000|  0%| F|  |TAMS 0x0000000643600000, 0x0000000643600000| Untracked 
|  55|0x0000000643700000, 0x0000000643700000, 0x0000000643800000|  0%| F|  |TAMS 0x0000000643700000, 0x0000000643700000| Untracked 
|  56|0x0000000643800000, 0x0000000643800000, 0x0000000643900000|  0%| F|  |TAMS 0x0000000643800000, 0x0000000643800000| Untracked 
|  57|0x0000000643900000, 0x0000000643900000, 0x0000000643a00000|  0%| F|  |TAMS 0x0000000643900000, 0x0000000643900000| Untracked 
|  58|0x0000000643a00000, 0x0000000643a00000, 0x0000000643b00000|  0%| F|  |TAMS 0x0000000643a00000, 0x0000000643a00000| Untracked 
|  59|0x0000000643b00000, 0x0000000643b00000, 0x0000000643c00000|  0%| F|  |TAMS 0x0000000643b00000, 0x0000000643b00000| Untracked 
|  60|0x0000000643c00000, 0x0000000643c00000, 0x0000000643d00000|  0%| F|  |TAMS 0x0000000643c00000, 0x0000000643c00000| Untracked 
|  61|0x0000000643d00000, 0x0000000643d00000, 0x0000000643e00000|  0%| F|  |TAMS 0x0000000643d00000, 0x0000000643d00000| Untracked 
|  62|0x0000000643e00000, 0x0000000643e00000, 0x0000000643f00000|  0%| F|  |TAMS 0x0000000643e00000, 0x0000000643e00000| Untracked 
|  63|0x0000000643f00000, 0x0000000643f00000, 0x0000000644000000|  0%| F|  |TAMS 0x0000000643f00000, 0x0000000643f00000| Untracked 
|  64|0x0000000644000000, 0x0000000644000000, 0x0000000644100000|  0%| F|  |TAMS 0x0000000644000000, 0x0000000644000000| Untracked 
|  65|0x0000000644100000, 0x0000000644100000, 0x0000000644200000|  0%| F|  |TAMS 0x0000000644100000, 0x0000000644100000| Untracked 
|  66|0x0000000644200000, 0x0000000644200000, 0x0000000644300000|  0%| F|  |TAMS 0x0000000644200000, 0x0000000644200000| Untracked 
|  67|0x0000000644300000, 0x0000000644300000, 0x0000000644400000|  0%| F|  |TAMS 0x0000000644300000, 0x0000000644300000| Untracked 
|  68|0x0000000644400000, 0x0000000644400000, 0x0000000644500000|  0%| F|  |TAMS 0x0000000644400000, 0x0000000644400000| Untracked 
|  69|0x0000000644500000, 0x0000000644500000, 0x0000000644600000|  0%| F|  |TAMS 0x0000000644500000, 0x0000000644500000| Untracked 
|  70|0x0000000644600000, 0x0000000644600000, 0x0000000644700000|  0%| F|  |TAMS 0x0000000644600000, 0x0000000644600000| Untracked 
|  71|0x0000000644700000, 0x0000000644700000, 0x0000000644800000|  0%| F|  |TAMS 0x0000000644700000, 0x0000000644700000| Untracked 
|  72|0x0000000644800000, 0x0000000644800000, 0x0000000644900000|  0%| F|  |TAMS 0x0000000644800000, 0x0000000644800000| Untracked 
|  73|0x0000000644900000, 0x0000000644900000, 0x0000000644a00000|  0%| F|  |TAMS 0x0000000644900000, 0x0000000644900000| Untracked 
|  74|0x0000000644a00000, 0x0000000644a00000, 0x0000000644b00000|  0%| F|  |TAMS 0x0000000644a00000, 0x0000000644a00000| Untracked 
|  75|0x0000000644b00000, 0x0000000644b00000, 0x0000000644c00000|  0%| F|  |TAMS 0x0000000644b00000, 0x0000000644b00000| Untracked 
|  76|0x0000000644c00000, 0x0000000644c00000, 0x0000000644d00000|  0%| F|  |TAMS 0x0000000644c00000, 0x0000000644c00000| Untracked 
|  77|0x0000000644d00000, 0x0000000644d00000, 0x0000000644e00000|  0%| F|  |TAMS 0x0000000644d00000, 0x0000000644d00000| Untracked 
|  78|0x0000000644e00000, 0x0000000644e00000, 0x0000000644f00000|  0%| F|  |TAMS 0x0000000644e00000, 0x0000000644e00000| Untracked 
|  79|0x0000000644f00000, 0x0000000644f00000, 0x0000000645000000|  0%| F|  |TAMS 0x0000000644f00000, 0x0000000644f00000| Untracked 
|  80|0x0000000645000000, 0x0000000645000000, 0x0000000645100000|  0%| F|  |TAMS 0x0000000645000000, 0x0000000645000000| Untracked 
|  81|0x0000000645100000, 0x0000000645100000, 0x0000000645200000|  0%| F|  |TAMS 0x0000000645100000, 0x0000000645100000| Untracked 
|  82|0x0000000645200000, 0x0000000645200000, 0x0000000645300000|  0%| F|  |TAMS 0x0000000645200000, 0x0000000645200000| Untracked 
|  83|0x0000000645300000, 0x0000000645300000, 0x0000000645400000|  0%| F|  |TAMS 0x0000000645300000, 0x0000000645300000| Untracked 
|  84|0x0000000645400000, 0x0000000645400000, 0x0000000645500000|  0%| F|  |TAMS 0x0000000645400000, 0x0000000645400000| Untracked 
|  85|0x0000000645500000, 0x0000000645500000, 0x0000000645600000|  0%| F|  |TAMS 0x0000000645500000, 0x0000000645500000| Untracked 
|  86|0x0000000645600000, 0x0000000645600000, 0x0000000645700000|  0%| F|  |TAMS 0x0000000645600000, 0x0000000645600000| Untracked 
|  87|0x0000000645700000, 0x0000000645700000, 0x0000000645800000|  0%| F|  |TAMS 0x0000000645700000, 0x0000000645700000| Untracked 
|  88|0x0000000645800000, 0x0000000645800000, 0x0000000645900000|  0%| F|  |TAMS 0x0000000645800000, 0x0000000645800000| Untracked 
|  89|0x0000000645900000, 0x0000000645900000, 0x0000000645a00000|  0%| F|  |TAMS 0x0000000645900000, 0x0000000645900000| Untracked 
|  90|0x0000000645a00000, 0x0000000645a00000, 0x0000000645b00000|  0%| F|  |TAMS 0x0000000645a00000, 0x0000000645a00000| Untracked 
|  91|0x0000000645b00000, 0x0000000645b00000, 0x0000000645c00000|  0%| F|  |TAMS 0x0000000645b00000, 0x0000000645b00000| Untracked 
|  92|0x0000000645c00000, 0x0000000645c00000, 0x0000000645d00000|  0%| F|  |TAMS 0x0000000645c00000, 0x0000000645c00000| Untracked 
|  93|0x0000000645d00000, 0x0000000645d00000, 0x0000000645e00000|  0%| F|  |TAMS 0x0000000645d00000, 0x0000000645d00000| Untracked 
|  94|0x0000000645e00000, 0x0000000645e00000, 0x0000000645f00000|  0%| F|  |TAMS 0x0000000645e00000, 0x0000000645e00000| Untracked 
|  95|0x0000000645f00000, 0x0000000645f00000, 0x0000000646000000|  0%| F|  |TAMS 0x0000000645f00000, 0x0000000645f00000| Untracked 
|  96|0x0000000646000000, 0x0000000646000000, 0x0000000646100000|  0%| F|  |TAMS 0x0000000646000000, 0x0000000646000000| Untracked 
|  97|0x0000000646100000, 0x0000000646100000, 0x0000000646200000|  0%| F|  |TAMS 0x0000000646100000, 0x0000000646100000| Untracked 
|  98|0x0000000646200000, 0x0000000646200000, 0x0000000646300000|  0%| F|  |TAMS 0x0000000646200000, 0x0000000646200000| Untracked 
|  99|0x0000000646300000, 0x0000000646300000, 0x0000000646400000|  0%| F|  |TAMS 0x0000000646300000, 0x0000000646300000| Untracked 
| 100|0x0000000646400000, 0x0000000646400000, 0x0000000646500000|  0%| F|  |TAMS 0x0000000646400000, 0x0000000646400000| Untracked 
| 101|0x0000000646500000, 0x0000000646500000, 0x0000000646600000|  0%| F|  |TAMS 0x0000000646500000, 0x0000000646500000| Untracked 
| 102|0x0000000646600000, 0x0000000646600000, 0x0000000646700000|  0%| F|  |TAMS 0x0000000646600000, 0x0000000646600000| Untracked 
| 103|0x0000000646700000, 0x0000000646700000, 0x0000000646800000|  0%| F|  |TAMS 0x0000000646700000, 0x0000000646700000| Untracked 
| 104|0x0000000646800000, 0x0000000646800000, 0x0000000646900000|  0%| F|  |TAMS 0x0000000646800000, 0x0000000646800000| Untracked 
| 105|0x0000000646900000, 0x0000000646900000, 0x0000000646a00000|  0%| F|  |TAMS 0x0000000646900000, 0x0000000646900000| Untracked 
| 106|0x0000000646a00000, 0x0000000646a00000, 0x0000000646b00000|  0%| F|  |TAMS 0x0000000646a00000, 0x0000000646a00000| Untracked 
| 107|0x0000000646b00000, 0x0000000646b00000, 0x0000000646c00000|  0%| F|  |TAMS 0x0000000646b00000, 0x0000000646b00000| Untracked 
| 108|0x0000000646c00000, 0x0000000646c00000, 0x0000000646d00000|  0%| F|  |TAMS 0x0000000646c00000, 0x0000000646c00000| Untracked 
| 109|0x0000000646d00000, 0x0000000646d00000, 0x0000000646e00000|  0%| F|  |TAMS 0x0000000646d00000, 0x0000000646d00000| Untracked 
| 110|0x0000000646e00000, 0x0000000646e00000, 0x0000000646f00000|  0%| F|  |TAMS 0x0000000646e00000, 0x0000000646e00000| Untracked 
| 111|0x0000000646f00000, 0x0000000646f00000, 0x0000000647000000|  0%| F|  |TAMS 0x0000000646f00000, 0x0000000646f00000| Untracked 
| 112|0x0000000647000000, 0x0000000647000000, 0x0000000647100000|  0%| F|  |TAMS 0x0000000647000000, 0x0000000647000000| Untracked 
| 113|0x0000000647100000, 0x0000000647100000, 0x0000000647200000|  0%| F|  |TAMS 0x0000000647100000, 0x0000000647100000| Untracked 
| 114|0x0000000647200000, 0x0000000647200000, 0x0000000647300000|  0%| F|  |TAMS 0x0000000647200000, 0x0000000647200000| Untracked 
| 115|0x0000000647300000, 0x0000000647300000, 0x0000000647400000|  0%| F|  |TAMS 0x0000000647300000, 0x0000000647300000| Untracked 
| 116|0x0000000647400000, 0x0000000647400000, 0x0000000647500000|  0%| F|  |TAMS 0x0000000647400000, 0x0000000647400000| Untracked 
| 117|0x0000000647500000, 0x0000000647500000, 0x0000000647600000|  0%| F|  |TAMS 0x0000000647500000, 0x0000000647500000| Untracked 
| 118|0x0000000647600000, 0x0000000647600000, 0x0000000647700000|  0%| F|  |TAMS 0x0000000647600000, 0x0000000647600000| Untracked 
| 119|0x0000000647700000, 0x0000000647700000, 0x0000000647800000|  0%| F|  |TAMS 0x0000000647700000, 0x0000000647700000| Untracked 
| 120|0x0000000647800000, 0x0000000647800000, 0x0000000647900000|  0%| F|  |TAMS 0x0000000647800000, 0x0000000647800000| Untracked 
| 121|0x0000000647900000, 0x0000000647900000, 0x0000000647a00000|  0%| F|  |TAMS 0x0000000647900000, 0x0000000647900000| Untracked 
| 122|0x0000000647a00000, 0x0000000647a00000, 0x0000000647b00000|  0%| F|  |TAMS 0x0000000647a00000, 0x0000000647a00000| Untracked 
| 123|0x0000000647b00000, 0x0000000647b00000, 0x0000000647c00000|  0%| F|  |TAMS 0x0000000647b00000, 0x0000000647b00000| Untracked 
| 124|0x0000000647c00000, 0x0000000647c00000, 0x0000000647d00000|  0%| F|  |TAMS 0x0000000647c00000, 0x0000000647c00000| Untracked 
| 125|0x0000000647d00000, 0x0000000647d00000, 0x0000000647e00000|  0%| F|  |TAMS 0x0000000647d00000, 0x0000000647d00000| Untracked 
| 126|0x0000000647e00000, 0x0000000647e00000, 0x0000000647f00000|  0%| F|  |TAMS 0x0000000647e00000, 0x0000000647e00000| Untracked 
| 127|0x0000000647f00000, 0x0000000647f00000, 0x0000000648000000|  0%| F|  |TAMS 0x0000000647f00000, 0x0000000647f00000| Untracked 
| 128|0x0000000648000000, 0x0000000648000000, 0x0000000648100000|  0%| F|  |TAMS 0x0000000648000000, 0x0000000648000000| Untracked 
| 129|0x0000000648100000, 0x0000000648100000, 0x0000000648200000|  0%| F|  |TAMS 0x0000000648100000, 0x0000000648100000| Untracked 
| 130|0x0000000648200000, 0x0000000648200000, 0x0000000648300000|  0%| F|  |TAMS 0x0000000648200000, 0x0000000648200000| Untracked 
| 131|0x0000000648300000, 0x0000000648300000, 0x0000000648400000|  0%| F|  |TAMS 0x0000000648300000, 0x0000000648300000| Untracked 
| 132|0x0000000648400000, 0x0000000648400000, 0x0000000648500000|  0%| F|  |TAMS 0x0000000648400000, 0x0000000648400000| Untracked 
| 133|0x0000000648500000, 0x0000000648500000, 0x0000000648600000|  0%| F|  |TAMS 0x0000000648500000, 0x0000000648500000| Untracked 
| 134|0x0000000648600000, 0x0000000648600000, 0x0000000648700000|  0%| F|  |TAMS 0x0000000648600000, 0x0000000648600000| Untracked 
| 135|0x0000000648700000, 0x0000000648700000, 0x0000000648800000|  0%| F|  |TAMS 0x0000000648700000, 0x0000000648700000| Untracked 
| 136|0x0000000648800000, 0x0000000648800000, 0x0000000648900000|  0%| F|  |TAMS 0x0000000648800000, 0x0000000648800000| Untracked 
| 137|0x0000000648900000, 0x0000000648900000, 0x0000000648a00000|  0%| F|  |TAMS 0x0000000648900000, 0x0000000648900000| Untracked 
| 138|0x0000000648a00000, 0x0000000648a00000, 0x0000000648b00000|  0%| F|  |TAMS 0x0000000648a00000, 0x0000000648a00000| Untracked 
| 139|0x0000000648b00000, 0x0000000648b00000, 0x0000000648c00000|  0%| F|  |TAMS 0x0000000648b00000, 0x0000000648b00000| Untracked 
| 140|0x0000000648c00000, 0x0000000648c00000, 0x0000000648d00000|  0%| F|  |TAMS 0x0000000648c00000, 0x0000000648c00000| Untracked 
| 141|0x0000000648d00000, 0x0000000648d00000, 0x0000000648e00000|  0%| F|  |TAMS 0x0000000648d00000, 0x0000000648d00000| Untracked 
| 142|0x0000000648e00000, 0x0000000648e00000, 0x0000000648f00000|  0%| F|  |TAMS 0x0000000648e00000, 0x0000000648e00000| Untracked 
| 143|0x0000000648f00000, 0x0000000648f00000, 0x0000000649000000|  0%| F|  |TAMS 0x0000000648f00000, 0x0000000648f00000| Untracked 
| 144|0x0000000649000000, 0x0000000649000000, 0x0000000649100000|  0%| F|  |TAMS 0x0000000649000000, 0x0000000649000000| Untracked 
| 145|0x0000000649100000, 0x0000000649100000, 0x0000000649200000|  0%| F|  |TAMS 0x0000000649100000, 0x0000000649100000| Untracked 
| 146|0x0000000649200000, 0x0000000649200000, 0x0000000649300000|  0%| F|  |TAMS 0x0000000649200000, 0x0000000649200000| Untracked 
| 147|0x0000000649300000, 0x0000000649300000, 0x0000000649400000|  0%| F|  |TAMS 0x0000000649300000, 0x0000000649300000| Untracked 
| 148|0x0000000649400000, 0x0000000649400000, 0x0000000649500000|  0%| F|  |TAMS 0x0000000649400000, 0x0000000649400000| Untracked 
| 149|0x0000000649500000, 0x0000000649500000, 0x0000000649600000|  0%| F|  |TAMS 0x0000000649500000, 0x0000000649500000| Untracked 
| 150|0x0000000649600000, 0x0000000649600000, 0x0000000649700000|  0%| F|  |TAMS 0x0000000649600000, 0x0000000649600000| Untracked 
| 151|0x0000000649700000, 0x0000000649700000, 0x0000000649800000|  0%| F|  |TAMS 0x0000000649700000, 0x0000000649700000| Untracked 
| 152|0x0000000649800000, 0x0000000649800000, 0x0000000649900000|  0%| F|  |TAMS 0x0000000649800000, 0x0000000649800000| Untracked 
| 153|0x0000000649900000, 0x0000000649900000, 0x0000000649a00000|  0%| F|  |TAMS 0x0000000649900000, 0x0000000649900000| Untracked 
| 154|0x0000000649a00000, 0x0000000649a00000, 0x0000000649b00000|  0%| F|  |TAMS 0x0000000649a00000, 0x0000000649a00000| Untracked 
| 155|0x0000000649b00000, 0x0000000649b00000, 0x0000000649c00000|  0%| F|  |TAMS 0x0000000649b00000, 0x0000000649b00000| Untracked 
| 156|0x0000000649c00000, 0x0000000649c00000, 0x0000000649d00000|  0%| F|  |TAMS 0x0000000649c00000, 0x0000000649c00000| Untracked 
| 157|0x0000000649d00000, 0x0000000649e00000, 0x0000000649e00000|100%| S|CS|TAMS 0x0000000649d00000, 0x0000000649d00000| Complete 
| 158|0x0000000649e00000, 0x0000000649f00000, 0x0000000649f00000|100%| S|CS|TAMS 0x0000000649e00000, 0x0000000649e00000| Complete 
| 159|0x0000000649f00000, 0x000000064a000000, 0x000000064a000000|100%| S|CS|TAMS 0x0000000649f00000, 0x0000000649f00000| Complete 
| 160|0x000000064a000000, 0x000000064a100000, 0x000000064a100000|100%| S|CS|TAMS 0x000000064a000000, 0x000000064a000000| Complete 
| 161|0x000000064a100000, 0x000000064a200000, 0x000000064a200000|100%| S|CS|TAMS 0x000000064a100000, 0x000000064a100000| Complete 
| 162|0x000000064a200000, 0x000000064a300000, 0x000000064a300000|100%| S|CS|TAMS 0x000000064a200000, 0x000000064a200000| Complete 
| 163|0x000000064a300000, 0x000000064a400000, 0x000000064a400000|100%| S|CS|TAMS 0x000000064a300000, 0x000000064a300000| Complete 
| 164|0x000000064a400000, 0x000000064a500000, 0x000000064a500000|100%| S|CS|TAMS 0x000000064a400000, 0x000000064a400000| Complete 
| 165|0x000000064a500000, 0x000000064a600000, 0x000000064a600000|100%| S|CS|TAMS 0x000000064a500000, 0x000000064a500000| Complete 
| 166|0x000000064a600000, 0x000000064a700000, 0x000000064a700000|100%| S|CS|TAMS 0x000000064a600000, 0x000000064a600000| Complete 
| 167|0x000000064a700000, 0x000000064a800000, 0x000000064a800000|100%| S|CS|TAMS 0x000000064a700000, 0x000000064a700000| Complete 
| 168|0x000000064a800000, 0x000000064a900000, 0x000000064a900000|100%| S|CS|TAMS 0x000000064a800000, 0x000000064a800000| Complete 
| 169|0x000000064a900000, 0x000000064aa00000, 0x000000064aa00000|100%| S|CS|TAMS 0x000000064a900000, 0x000000064a900000| Complete 
| 170|0x000000064aa00000, 0x000000064ab00000, 0x000000064ab00000|100%| S|CS|TAMS 0x000000064aa00000, 0x000000064aa00000| Complete 
| 171|0x000000064ab00000, 0x000000064ac00000, 0x000000064ac00000|100%| S|CS|TAMS 0x000000064ab00000, 0x000000064ab00000| Complete 
| 172|0x000000064ac00000, 0x000000064ad00000, 0x000000064ad00000|100%| S|CS|TAMS 0x000000064ac00000, 0x000000064ac00000| Complete 
| 173|0x000000064ad00000, 0x000000064ae00000, 0x000000064ae00000|100%| S|CS|TAMS 0x000000064ad00000, 0x000000064ad00000| Complete 
| 174|0x000000064ae00000, 0x000000064af00000, 0x000000064af00000|100%| S|CS|TAMS 0x000000064ae00000, 0x000000064ae00000| Complete 
| 175|0x000000064af00000, 0x000000064b000000, 0x000000064b000000|100%| S|CS|TAMS 0x000000064af00000, 0x000000064af00000| Complete 
| 176|0x000000064b000000, 0x000000064b100000, 0x000000064b100000|100%| S|CS|TAMS 0x000000064b000000, 0x000000064b000000| Complete 
| 177|0x000000064b100000, 0x000000064b200000, 0x000000064b200000|100%| S|CS|TAMS 0x000000064b100000, 0x000000064b100000| Complete 
| 178|0x000000064b200000, 0x000000064b300000, 0x000000064b300000|100%| S|CS|TAMS 0x000000064b200000, 0x000000064b200000| Complete 
| 179|0x000000064b300000, 0x000000064b400000, 0x000000064b400000|100%| S|CS|TAMS 0x000000064b300000, 0x000000064b300000| Complete 
| 180|0x000000064b400000, 0x000000064b500000, 0x000000064b500000|100%| S|CS|TAMS 0x000000064b400000, 0x000000064b400000| Complete 
| 181|0x000000064b500000, 0x000000064b600000, 0x000000064b600000|100%| S|CS|TAMS 0x000000064b500000, 0x000000064b500000| Complete 
| 182|0x000000064b600000, 0x000000064b700000, 0x000000064b700000|100%| S|CS|TAMS 0x000000064b600000, 0x000000064b600000| Complete 
| 183|0x000000064b700000, 0x000000064b800000, 0x000000064b800000|100%| S|CS|TAMS 0x000000064b700000, 0x000000064b700000| Complete 
| 184|0x000000064b800000, 0x000000064b900000, 0x000000064b900000|100%| S|CS|TAMS 0x000000064b800000, 0x000000064b800000| Complete 
| 185|0x000000064b900000, 0x000000064b900000, 0x000000064ba00000|  0%| F|  |TAMS 0x000000064b900000, 0x000000064b900000| Untracked 
| 186|0x000000064ba00000, 0x000000064ba00000, 0x000000064bb00000|  0%| F|  |TAMS 0x000000064ba00000, 0x000000064ba00000| Untracked 
| 187|0x000000064bb00000, 0x000000064bb00000, 0x000000064bc00000|  0%| F|  |TAMS 0x000000064bb00000, 0x000000064bb00000| Untracked 
| 188|0x000000064bc00000, 0x000000064bc00000, 0x000000064bd00000|  0%| F|  |TAMS 0x000000064bc00000, 0x000000064bc00000| Untracked 
| 189|0x000000064bd00000, 0x000000064bd00000, 0x000000064be00000|  0%| F|  |TAMS 0x000000064bd00000, 0x000000064bd00000| Untracked 
| 190|0x000000064be00000, 0x000000064be00000, 0x000000064bf00000|  0%| F|  |TAMS 0x000000064be00000, 0x000000064be00000| Untracked 
| 191|0x000000064bf00000, 0x000000064bf00000, 0x000000064c000000|  0%| F|  |TAMS 0x000000064bf00000, 0x000000064bf00000| Untracked 
| 192|0x000000064c000000, 0x000000064c000000, 0x000000064c100000|  0%| F|  |TAMS 0x000000064c000000, 0x000000064c000000| Untracked 
| 193|0x000000064c100000, 0x000000064c100000, 0x000000064c200000|  0%| F|  |TAMS 0x000000064c100000, 0x000000064c100000| Untracked 
| 194|0x000000064c200000, 0x000000064c200000, 0x000000064c300000|  0%| F|  |TAMS 0x000000064c200000, 0x000000064c200000| Untracked 
| 195|0x000000064c300000, 0x000000064c300000, 0x000000064c400000|  0%| F|  |TAMS 0x000000064c300000, 0x000000064c300000| Untracked 
| 196|0x000000064c400000, 0x000000064c400000, 0x000000064c500000|  0%| F|  |TAMS 0x000000064c400000, 0x000000064c400000| Untracked 
| 197|0x000000064c500000, 0x000000064c500000, 0x000000064c600000|  0%| F|  |TAMS 0x000000064c500000, 0x000000064c500000| Untracked 
| 198|0x000000064c600000, 0x000000064c600000, 0x000000064c700000|  0%| F|  |TAMS 0x000000064c600000, 0x000000064c600000| Untracked 
| 199|0x000000064c700000, 0x000000064c700000, 0x000000064c800000|  0%| F|  |TAMS 0x000000064c700000, 0x000000064c700000| Untracked 
| 200|0x000000064c800000, 0x000000064c800000, 0x000000064c900000|  0%| F|  |TAMS 0x000000064c800000, 0x000000064c800000| Untracked 
| 201|0x000000064c900000, 0x000000064c900000, 0x000000064ca00000|  0%| F|  |TAMS 0x000000064c900000, 0x000000064c900000| Untracked 
| 202|0x000000064ca00000, 0x000000064ca00000, 0x000000064cb00000|  0%| F|  |TAMS 0x000000064ca00000, 0x000000064ca00000| Untracked 
| 203|0x000000064cb00000, 0x000000064cb00000, 0x000000064cc00000|  0%| F|  |TAMS 0x000000064cb00000, 0x000000064cb00000| Untracked 
| 204|0x000000064cc00000, 0x000000064cc00000, 0x000000064cd00000|  0%| F|  |TAMS 0x000000064cc00000, 0x000000064cc00000| Untracked 
| 205|0x000000064cd00000, 0x000000064cd00000, 0x000000064ce00000|  0%| F|  |TAMS 0x000000064cd00000, 0x000000064cd00000| Untracked 
| 206|0x000000064ce00000, 0x000000064ce00000, 0x000000064cf00000|  0%| F|  |TAMS 0x000000064ce00000, 0x000000064ce00000| Untracked 
| 207|0x000000064cf00000, 0x000000064cf00000, 0x000000064d000000|  0%| F|  |TAMS 0x000000064cf00000, 0x000000064cf00000| Untracked 
| 208|0x000000064d000000, 0x000000064d000000, 0x000000064d100000|  0%| F|  |TAMS 0x000000064d000000, 0x000000064d000000| Untracked 
| 209|0x000000064d100000, 0x000000064d100000, 0x000000064d200000|  0%| F|  |TAMS 0x000000064d100000, 0x000000064d100000| Untracked 
| 210|0x000000064d200000, 0x000000064d200000, 0x000000064d300000|  0%| F|  |TAMS 0x000000064d200000, 0x000000064d200000| Untracked 
| 211|0x000000064d300000, 0x000000064d300000, 0x000000064d400000|  0%| F|  |TAMS 0x000000064d300000, 0x000000064d300000| Untracked 
| 212|0x000000064d400000, 0x000000064d400000, 0x000000064d500000|  0%| F|  |TAMS 0x000000064d400000, 0x000000064d400000| Untracked 
| 213|0x000000064d500000, 0x000000064d500000, 0x000000064d600000|  0%| F|  |TAMS 0x000000064d500000, 0x000000064d500000| Untracked 
| 214|0x000000064d600000, 0x000000064d600000, 0x000000064d700000|  0%| F|  |TAMS 0x000000064d600000, 0x000000064d600000| Untracked 
| 215|0x000000064d700000, 0x000000064d700000, 0x000000064d800000|  0%| F|  |TAMS 0x000000064d700000, 0x000000064d700000| Untracked 
| 216|0x000000064d800000, 0x000000064d800000, 0x000000064d900000|  0%| F|  |TAMS 0x000000064d800000, 0x000000064d800000| Untracked 
| 217|0x000000064d900000, 0x000000064d900000, 0x000000064da00000|  0%| F|  |TAMS 0x000000064d900000, 0x000000064d900000| Untracked 
| 218|0x000000064da00000, 0x000000064da00000, 0x000000064db00000|  0%| F|  |TAMS 0x000000064da00000, 0x000000064da00000| Untracked 
| 219|0x000000064db00000, 0x000000064db00000, 0x000000064dc00000|  0%| F|  |TAMS 0x000000064db00000, 0x000000064db00000| Untracked 
| 220|0x000000064dc00000, 0x000000064dc00000, 0x000000064dd00000|  0%| F|  |TAMS 0x000000064dc00000, 0x000000064dc00000| Untracked 
| 221|0x000000064dd00000, 0x000000064dd00000, 0x000000064de00000|  0%| F|  |TAMS 0x000000064dd00000, 0x000000064dd00000| Untracked 
| 222|0x000000064de00000, 0x000000064de00000, 0x000000064df00000|  0%| F|  |TAMS 0x000000064de00000, 0x000000064de00000| Untracked 
| 223|0x000000064df00000, 0x000000064df00000, 0x000000064e000000|  0%| F|  |TAMS 0x000000064df00000, 0x000000064df00000| Untracked 
| 224|0x000000064e000000, 0x000000064e000000, 0x000000064e100000|  0%| F|  |TAMS 0x000000064e000000, 0x000000064e000000| Untracked 
| 225|0x000000064e100000, 0x000000064e100000, 0x000000064e200000|  0%| F|  |TAMS 0x000000064e100000, 0x000000064e100000| Untracked 
| 226|0x000000064e200000, 0x000000064e200000, 0x000000064e300000|  0%| F|  |TAMS 0x000000064e200000, 0x000000064e200000| Untracked 
| 227|0x000000064e300000, 0x000000064e300000, 0x000000064e400000|  0%| F|  |TAMS 0x000000064e300000, 0x000000064e300000| Untracked 
| 228|0x000000064e400000, 0x000000064e400000, 0x000000064e500000|  0%| F|  |TAMS 0x000000064e400000, 0x000000064e400000| Untracked 
| 229|0x000000064e500000, 0x000000064e500000, 0x000000064e600000|  0%| F|  |TAMS 0x000000064e500000, 0x000000064e500000| Untracked 
| 230|0x000000064e600000, 0x000000064e600000, 0x000000064e700000|  0%| F|  |TAMS 0x000000064e600000, 0x000000064e600000| Untracked 
| 231|0x000000064e700000, 0x000000064e700000, 0x000000064e800000|  0%| F|  |TAMS 0x000000064e700000, 0x000000064e700000| Untracked 
| 232|0x000000064e800000, 0x000000064e800000, 0x000000064e900000|  0%| F|  |TAMS 0x000000064e800000, 0x000000064e800000| Untracked 
| 233|0x000000064e900000, 0x000000064e900000, 0x000000064ea00000|  0%| F|  |TAMS 0x000000064e900000, 0x000000064e900000| Untracked 
| 234|0x000000064ea00000, 0x000000064ea00000, 0x000000064eb00000|  0%| F|  |TAMS 0x000000064ea00000, 0x000000064ea00000| Untracked 
| 235|0x000000064eb00000, 0x000000064eb00000, 0x000000064ec00000|  0%| F|  |TAMS 0x000000064eb00000, 0x000000064eb00000| Untracked 
| 236|0x000000064ec00000, 0x000000064ec00000, 0x000000064ed00000|  0%| F|  |TAMS 0x000000064ec00000, 0x000000064ec00000| Untracked 
| 237|0x000000064ed00000, 0x000000064ed00000, 0x000000064ee00000|  0%| F|  |TAMS 0x000000064ed00000, 0x000000064ed00000| Untracked 
| 238|0x000000064ee00000, 0x000000064ee00000, 0x000000064ef00000|  0%| F|  |TAMS 0x000000064ee00000, 0x000000064ee00000| Untracked 
| 239|0x000000064ef00000, 0x000000064ef00000, 0x000000064f000000|  0%| F|  |TAMS 0x000000064ef00000, 0x000000064ef00000| Untracked 
| 240|0x000000064f000000, 0x000000064f000000, 0x000000064f100000|  0%| F|  |TAMS 0x000000064f000000, 0x000000064f000000| Untracked 
| 241|0x000000064f100000, 0x000000064f100000, 0x000000064f200000|  0%| F|  |TAMS 0x000000064f100000, 0x000000064f100000| Untracked 
| 242|0x000000064f200000, 0x000000064f200000, 0x000000064f300000|  0%| F|  |TAMS 0x000000064f200000, 0x000000064f200000| Untracked 
| 243|0x000000064f300000, 0x000000064f300000, 0x000000064f400000|  0%| F|  |TAMS 0x000000064f300000, 0x000000064f300000| Untracked 
| 244|0x000000064f400000, 0x000000064f400000, 0x000000064f500000|  0%| F|  |TAMS 0x000000064f400000, 0x000000064f400000| Untracked 
| 245|0x000000064f500000, 0x000000064f500000, 0x000000064f600000|  0%| F|  |TAMS 0x000000064f500000, 0x000000064f500000| Untracked 
| 246|0x000000064f600000, 0x000000064f600000, 0x000000064f700000|  0%| F|  |TAMS 0x000000064f600000, 0x000000064f600000| Untracked 
| 247|0x000000064f700000, 0x000000064f700000, 0x000000064f800000|  0%| F|  |TAMS 0x000000064f700000, 0x000000064f700000| Untracked 
| 248|0x000000064f800000, 0x000000064f800000, 0x000000064f900000|  0%| F|  |TAMS 0x000000064f800000, 0x000000064f800000| Untracked 
| 249|0x000000064f900000, 0x000000064f900000, 0x000000064fa00000|  0%| F|  |TAMS 0x000000064f900000, 0x000000064f900000| Untracked 
| 250|0x000000064fa00000, 0x000000064fa00000, 0x000000064fb00000|  0%| F|  |TAMS 0x000000064fa00000, 0x000000064fa00000| Untracked 
| 251|0x000000064fb00000, 0x000000064fb00000, 0x000000064fc00000|  0%| F|  |TAMS 0x000000064fb00000, 0x000000064fb00000| Untracked 
| 252|0x000000064fc00000, 0x000000064fc00000, 0x000000064fd00000|  0%| F|  |TAMS 0x000000064fc00000, 0x000000064fc00000| Untracked 
| 253|0x000000064fd00000, 0x000000064fd00000, 0x000000064fe00000|  0%| F|  |TAMS 0x000000064fd00000, 0x000000064fd00000| Untracked 
| 254|0x000000064fe00000, 0x000000064fe00000, 0x000000064ff00000|  0%| F|  |TAMS 0x000000064fe00000, 0x000000064fe00000| Untracked 
| 255|0x000000064ff00000, 0x000000064ff00000, 0x0000000650000000|  0%| F|  |TAMS 0x000000064ff00000, 0x000000064ff00000| Untracked 
| 256|0x0000000650000000, 0x0000000650000000, 0x0000000650100000|  0%| F|  |TAMS 0x0000000650000000, 0x0000000650000000| Untracked 
| 257|0x0000000650100000, 0x0000000650100000, 0x0000000650200000|  0%| F|  |TAMS 0x0000000650100000, 0x0000000650100000| Untracked 
| 258|0x0000000650200000, 0x0000000650200000, 0x0000000650300000|  0%| F|  |TAMS 0x0000000650200000, 0x0000000650200000| Untracked 
| 259|0x0000000650300000, 0x0000000650300000, 0x0000000650400000|  0%| F|  |TAMS 0x0000000650300000, 0x0000000650300000| Untracked 
| 260|0x0000000650400000, 0x0000000650400000, 0x0000000650500000|  0%| F|  |TAMS 0x0000000650400000, 0x0000000650400000| Untracked 
| 261|0x0000000650500000, 0x0000000650500000, 0x0000000650600000|  0%| F|  |TAMS 0x0000000650500000, 0x0000000650500000| Untracked 
| 262|0x0000000650600000, 0x0000000650600000, 0x0000000650700000|  0%| F|  |TAMS 0x0000000650600000, 0x0000000650600000| Untracked 
| 263|0x0000000650700000, 0x0000000650700000, 0x0000000650800000|  0%| F|  |TAMS 0x0000000650700000, 0x0000000650700000| Untracked 
| 264|0x0000000650800000, 0x0000000650800000, 0x0000000650900000|  0%| F|  |TAMS 0x0000000650800000, 0x0000000650800000| Untracked 
| 265|0x0000000650900000, 0x0000000650900000, 0x0000000650a00000|  0%| F|  |TAMS 0x0000000650900000, 0x0000000650900000| Untracked 
| 266|0x0000000650a00000, 0x0000000650a00000, 0x0000000650b00000|  0%| F|  |TAMS 0x0000000650a00000, 0x0000000650a00000| Untracked 
| 267|0x0000000650b00000, 0x0000000650b00000, 0x0000000650c00000|  0%| F|  |TAMS 0x0000000650b00000, 0x0000000650b00000| Untracked 
| 268|0x0000000650c00000, 0x0000000650c00000, 0x0000000650d00000|  0%| F|  |TAMS 0x0000000650c00000, 0x0000000650c00000| Untracked 
| 269|0x0000000650d00000, 0x0000000650d00000, 0x0000000650e00000|  0%| F|  |TAMS 0x0000000650d00000, 0x0000000650d00000| Untracked 
| 270|0x0000000650e00000, 0x0000000650e00000, 0x0000000650f00000|  0%| F|  |TAMS 0x0000000650e00000, 0x0000000650e00000| Untracked 
| 271|0x0000000650f00000, 0x0000000650f00000, 0x0000000651000000|  0%| F|  |TAMS 0x0000000650f00000, 0x0000000650f00000| Untracked 
| 272|0x0000000651000000, 0x0000000651000000, 0x0000000651100000|  0%| F|  |TAMS 0x0000000651000000, 0x0000000651000000| Untracked 
| 273|0x0000000651100000, 0x0000000651100000, 0x0000000651200000|  0%| F|  |TAMS 0x0000000651100000, 0x0000000651100000| Untracked 
| 274|0x0000000651200000, 0x0000000651200000, 0x0000000651300000|  0%| F|  |TAMS 0x0000000651200000, 0x0000000651200000| Untracked 
| 275|0x0000000651300000, 0x0000000651300000, 0x0000000651400000|  0%| F|  |TAMS 0x0000000651300000, 0x0000000651300000| Untracked 
| 276|0x0000000651400000, 0x0000000651400000, 0x0000000651500000|  0%| F|  |TAMS 0x0000000651400000, 0x0000000651400000| Untracked 
| 277|0x0000000651500000, 0x0000000651500000, 0x0000000651600000|  0%| F|  |TAMS 0x0000000651500000, 0x0000000651500000| Untracked 
| 278|0x0000000651600000, 0x0000000651600000, 0x0000000651700000|  0%| F|  |TAMS 0x0000000651600000, 0x0000000651600000| Untracked 
| 279|0x0000000651700000, 0x0000000651700000, 0x0000000651800000|  0%| F|  |TAMS 0x0000000651700000, 0x0000000651700000| Untracked 
| 280|0x0000000651800000, 0x0000000651800000, 0x0000000651900000|  0%| F|  |TAMS 0x0000000651800000, 0x0000000651800000| Untracked 
| 281|0x0000000651900000, 0x0000000651900000, 0x0000000651a00000|  0%| F|  |TAMS 0x0000000651900000, 0x0000000651900000| Untracked 
| 282|0x0000000651a00000, 0x0000000651a00000, 0x0000000651b00000|  0%| F|  |TAMS 0x0000000651a00000, 0x0000000651a00000| Untracked 
| 283|0x0000000651b00000, 0x0000000651b00000, 0x0000000651c00000|  0%| F|  |TAMS 0x0000000651b00000, 0x0000000651b00000| Untracked 
| 284|0x0000000651c00000, 0x0000000651c00000, 0x0000000651d00000|  0%| F|  |TAMS 0x0000000651c00000, 0x0000000651c00000| Untracked 
| 285|0x0000000651d00000, 0x0000000651d00000, 0x0000000651e00000|  0%| F|  |TAMS 0x0000000651d00000, 0x0000000651d00000| Untracked 
| 286|0x0000000651e00000, 0x0000000651e00000, 0x0000000651f00000|  0%| F|  |TAMS 0x0000000651e00000, 0x0000000651e00000| Untracked 
| 287|0x0000000651f00000, 0x0000000651f00000, 0x0000000652000000|  0%| F|  |TAMS 0x0000000651f00000, 0x0000000651f00000| Untracked 
| 288|0x0000000652000000, 0x0000000652000000, 0x0000000652100000|  0%| F|  |TAMS 0x0000000652000000, 0x0000000652000000| Untracked 
| 289|0x0000000652100000, 0x0000000652100000, 0x0000000652200000|  0%| F|  |TAMS 0x0000000652100000, 0x0000000652100000| Untracked 
| 290|0x0000000652200000, 0x0000000652200000, 0x0000000652300000|  0%| F|  |TAMS 0x0000000652200000, 0x0000000652200000| Untracked 
| 291|0x0000000652300000, 0x0000000652300000, 0x0000000652400000|  0%| F|  |TAMS 0x0000000652300000, 0x0000000652300000| Untracked 
| 292|0x0000000652400000, 0x0000000652400000, 0x0000000652500000|  0%| F|  |TAMS 0x0000000652400000, 0x0000000652400000| Untracked 
| 293|0x0000000652500000, 0x0000000652500000, 0x0000000652600000|  0%| F|  |TAMS 0x0000000652500000, 0x0000000652500000| Untracked 
| 294|0x0000000652600000, 0x0000000652600000, 0x0000000652700000|  0%| F|  |TAMS 0x0000000652600000, 0x0000000652600000| Untracked 
| 295|0x0000000652700000, 0x0000000652700000, 0x0000000652800000|  0%| F|  |TAMS 0x0000000652700000, 0x0000000652700000| Untracked 
| 296|0x0000000652800000, 0x0000000652800000, 0x0000000652900000|  0%| F|  |TAMS 0x0000000652800000, 0x0000000652800000| Untracked 
| 297|0x0000000652900000, 0x0000000652900000, 0x0000000652a00000|  0%| F|  |TAMS 0x0000000652900000, 0x0000000652900000| Untracked 
| 298|0x0000000652a00000, 0x0000000652a00000, 0x0000000652b00000|  0%| F|  |TAMS 0x0000000652a00000, 0x0000000652a00000| Untracked 
| 299|0x0000000652b00000, 0x0000000652b00000, 0x0000000652c00000|  0%| F|  |TAMS 0x0000000652b00000, 0x0000000652b00000| Untracked 
| 300|0x0000000652c00000, 0x0000000652c00000, 0x0000000652d00000|  0%| F|  |TAMS 0x0000000652c00000, 0x0000000652c00000| Untracked 
| 301|0x0000000652d00000, 0x0000000652d00000, 0x0000000652e00000|  0%| F|  |TAMS 0x0000000652d00000, 0x0000000652d00000| Untracked 
| 302|0x0000000652e00000, 0x0000000652e00000, 0x0000000652f00000|  0%| F|  |TAMS 0x0000000652e00000, 0x0000000652e00000| Untracked 
| 303|0x0000000652f00000, 0x0000000652f00000, 0x0000000653000000|  0%| F|  |TAMS 0x0000000652f00000, 0x0000000652f00000| Untracked 
| 304|0x0000000653000000, 0x0000000653000000, 0x0000000653100000|  0%| F|  |TAMS 0x0000000653000000, 0x0000000653000000| Untracked 
| 305|0x0000000653100000, 0x0000000653100000, 0x0000000653200000|  0%| F|  |TAMS 0x0000000653100000, 0x0000000653100000| Untracked 
| 306|0x0000000653200000, 0x0000000653200000, 0x0000000653300000|  0%| F|  |TAMS 0x0000000653200000, 0x0000000653200000| Untracked 
| 307|0x0000000653300000, 0x0000000653300000, 0x0000000653400000|  0%| F|  |TAMS 0x0000000653300000, 0x0000000653300000| Untracked 
| 308|0x0000000653400000, 0x0000000653400000, 0x0000000653500000|  0%| F|  |TAMS 0x0000000653400000, 0x0000000653400000| Untracked 
| 309|0x0000000653500000, 0x0000000653500000, 0x0000000653600000|  0%| F|  |TAMS 0x0000000653500000, 0x0000000653500000| Untracked 
| 310|0x0000000653600000, 0x0000000653600000, 0x0000000653700000|  0%| F|  |TAMS 0x0000000653600000, 0x0000000653600000| Untracked 
| 311|0x0000000653700000, 0x0000000653700000, 0x0000000653800000|  0%| F|  |TAMS 0x0000000653700000, 0x0000000653700000| Untracked 
| 312|0x0000000653800000, 0x0000000653800000, 0x0000000653900000|  0%| F|  |TAMS 0x0000000653800000, 0x0000000653800000| Untracked 
| 313|0x0000000653900000, 0x0000000653900000, 0x0000000653a00000|  0%| F|  |TAMS 0x0000000653900000, 0x0000000653900000| Untracked 
| 314|0x0000000653a00000, 0x0000000653a00000, 0x0000000653b00000|  0%| F|  |TAMS 0x0000000653a00000, 0x0000000653a00000| Untracked 
| 315|0x0000000653b00000, 0x0000000653b00000, 0x0000000653c00000|  0%| F|  |TAMS 0x0000000653b00000, 0x0000000653b00000| Untracked 
| 316|0x0000000653c00000, 0x0000000653c00000, 0x0000000653d00000|  0%| F|  |TAMS 0x0000000653c00000, 0x0000000653c00000| Untracked 
| 317|0x0000000653d00000, 0x0000000653d00000, 0x0000000653e00000|  0%| F|  |TAMS 0x0000000653d00000, 0x0000000653d00000| Untracked 
| 318|0x0000000653e00000, 0x0000000653e00000, 0x0000000653f00000|  0%| F|  |TAMS 0x0000000653e00000, 0x0000000653e00000| Untracked 
| 319|0x0000000653f00000, 0x0000000653f00000, 0x0000000654000000|  0%| F|  |TAMS 0x0000000653f00000, 0x0000000653f00000| Untracked 
| 320|0x0000000654000000, 0x0000000654000000, 0x0000000654100000|  0%| F|  |TAMS 0x0000000654000000, 0x0000000654000000| Untracked 
| 321|0x0000000654100000, 0x0000000654100000, 0x0000000654200000|  0%| F|  |TAMS 0x0000000654100000, 0x0000000654100000| Untracked 
| 322|0x0000000654200000, 0x0000000654200000, 0x0000000654300000|  0%| F|  |TAMS 0x0000000654200000, 0x0000000654200000| Untracked 
| 323|0x0000000654300000, 0x0000000654300000, 0x0000000654400000|  0%| F|  |TAMS 0x0000000654300000, 0x0000000654300000| Untracked 
| 324|0x0000000654400000, 0x0000000654400000, 0x0000000654500000|  0%| F|  |TAMS 0x0000000654400000, 0x0000000654400000| Untracked 
| 325|0x0000000654500000, 0x0000000654500000, 0x0000000654600000|  0%| F|  |TAMS 0x0000000654500000, 0x0000000654500000| Untracked 
| 326|0x0000000654600000, 0x0000000654600000, 0x0000000654700000|  0%| F|  |TAMS 0x0000000654600000, 0x0000000654600000| Untracked 
| 327|0x0000000654700000, 0x0000000654700000, 0x0000000654800000|  0%| F|  |TAMS 0x0000000654700000, 0x0000000654700000| Untracked 
| 328|0x0000000654800000, 0x0000000654800000, 0x0000000654900000|  0%| F|  |TAMS 0x0000000654800000, 0x0000000654800000| Untracked 
| 329|0x0000000654900000, 0x0000000654900000, 0x0000000654a00000|  0%| F|  |TAMS 0x0000000654900000, 0x0000000654900000| Untracked 
| 330|0x0000000654a00000, 0x0000000654a00000, 0x0000000654b00000|  0%| F|  |TAMS 0x0000000654a00000, 0x0000000654a00000| Untracked 
| 331|0x0000000654b00000, 0x0000000654b00000, 0x0000000654c00000|  0%| F|  |TAMS 0x0000000654b00000, 0x0000000654b00000| Untracked 
| 332|0x0000000654c00000, 0x0000000654c00000, 0x0000000654d00000|  0%| F|  |TAMS 0x0000000654c00000, 0x0000000654c00000| Untracked 
| 333|0x0000000654d00000, 0x0000000654d00000, 0x0000000654e00000|  0%| F|  |TAMS 0x0000000654d00000, 0x0000000654d00000| Untracked 
| 334|0x0000000654e00000, 0x0000000654e00000, 0x0000000654f00000|  0%| F|  |TAMS 0x0000000654e00000, 0x0000000654e00000| Untracked 
| 335|0x0000000654f00000, 0x0000000654f00000, 0x0000000655000000|  0%| F|  |TAMS 0x0000000654f00000, 0x0000000654f00000| Untracked 
| 336|0x0000000655000000, 0x0000000655000000, 0x0000000655100000|  0%| F|  |TAMS 0x0000000655000000, 0x0000000655000000| Untracked 
| 337|0x0000000655100000, 0x0000000655100000, 0x0000000655200000|  0%| F|  |TAMS 0x0000000655100000, 0x0000000655100000| Untracked 
| 338|0x0000000655200000, 0x0000000655200000, 0x0000000655300000|  0%| F|  |TAMS 0x0000000655200000, 0x0000000655200000| Untracked 
| 339|0x0000000655300000, 0x0000000655300000, 0x0000000655400000|  0%| F|  |TAMS 0x0000000655300000, 0x0000000655300000| Untracked 
| 340|0x0000000655400000, 0x0000000655400000, 0x0000000655500000|  0%| F|  |TAMS 0x0000000655400000, 0x0000000655400000| Untracked 
| 341|0x0000000655500000, 0x0000000655500000, 0x0000000655600000|  0%| F|  |TAMS 0x0000000655500000, 0x0000000655500000| Untracked 
| 342|0x0000000655600000, 0x0000000655600000, 0x0000000655700000|  0%| F|  |TAMS 0x0000000655600000, 0x0000000655600000| Untracked 
| 343|0x0000000655700000, 0x0000000655700000, 0x0000000655800000|  0%| F|  |TAMS 0x0000000655700000, 0x0000000655700000| Untracked 
| 344|0x0000000655800000, 0x0000000655800000, 0x0000000655900000|  0%| F|  |TAMS 0x0000000655800000, 0x0000000655800000| Untracked 
| 345|0x0000000655900000, 0x0000000655900000, 0x0000000655a00000|  0%| F|  |TAMS 0x0000000655900000, 0x0000000655900000| Untracked 
| 346|0x0000000655a00000, 0x0000000655a00000, 0x0000000655b00000|  0%| F|  |TAMS 0x0000000655a00000, 0x0000000655a00000| Untracked 
| 347|0x0000000655b00000, 0x0000000655b00000, 0x0000000655c00000|  0%| F|  |TAMS 0x0000000655b00000, 0x0000000655b00000| Untracked 
| 348|0x0000000655c00000, 0x0000000655c00000, 0x0000000655d00000|  0%| F|  |TAMS 0x0000000655c00000, 0x0000000655c00000| Untracked 
| 349|0x0000000655d00000, 0x0000000655d00000, 0x0000000655e00000|  0%| F|  |TAMS 0x0000000655d00000, 0x0000000655d00000| Untracked 
| 350|0x0000000655e00000, 0x0000000655e00000, 0x0000000655f00000|  0%| F|  |TAMS 0x0000000655e00000, 0x0000000655e00000| Untracked 
| 351|0x0000000655f00000, 0x0000000655f00000, 0x0000000656000000|  0%| F|  |TAMS 0x0000000655f00000, 0x0000000655f00000| Untracked 
| 352|0x0000000656000000, 0x0000000656000000, 0x0000000656100000|  0%| F|  |TAMS 0x0000000656000000, 0x0000000656000000| Untracked 
| 353|0x0000000656100000, 0x0000000656100000, 0x0000000656200000|  0%| F|  |TAMS 0x0000000656100000, 0x0000000656100000| Untracked 
| 354|0x0000000656200000, 0x0000000656200000, 0x0000000656300000|  0%| F|  |TAMS 0x0000000656200000, 0x0000000656200000| Untracked 
| 355|0x0000000656300000, 0x0000000656300000, 0x0000000656400000|  0%| F|  |TAMS 0x0000000656300000, 0x0000000656300000| Untracked 
| 356|0x0000000656400000, 0x0000000656400000, 0x0000000656500000|  0%| F|  |TAMS 0x0000000656400000, 0x0000000656400000| Untracked 
| 357|0x0000000656500000, 0x0000000656500000, 0x0000000656600000|  0%| F|  |TAMS 0x0000000656500000, 0x0000000656500000| Untracked 
| 358|0x0000000656600000, 0x0000000656600000, 0x0000000656700000|  0%| F|  |TAMS 0x0000000656600000, 0x0000000656600000| Untracked 
| 359|0x0000000656700000, 0x0000000656700000, 0x0000000656800000|  0%| F|  |TAMS 0x0000000656700000, 0x0000000656700000| Untracked 
| 360|0x0000000656800000, 0x0000000656800000, 0x0000000656900000|  0%| F|  |TAMS 0x0000000656800000, 0x0000000656800000| Untracked 
| 361|0x0000000656900000, 0x0000000656900000, 0x0000000656a00000|  0%| F|  |TAMS 0x0000000656900000, 0x0000000656900000| Untracked 
| 362|0x0000000656a00000, 0x0000000656a00000, 0x0000000656b00000|  0%| F|  |TAMS 0x0000000656a00000, 0x0000000656a00000| Untracked 
| 363|0x0000000656b00000, 0x0000000656b00000, 0x0000000656c00000|  0%| F|  |TAMS 0x0000000656b00000, 0x0000000656b00000| Untracked 
| 364|0x0000000656c00000, 0x0000000656c00000, 0x0000000656d00000|  0%| F|  |TAMS 0x0000000656c00000, 0x0000000656c00000| Untracked 
| 365|0x0000000656d00000, 0x0000000656d00000, 0x0000000656e00000|  0%| F|  |TAMS 0x0000000656d00000, 0x0000000656d00000| Untracked 
| 366|0x0000000656e00000, 0x0000000656e00000, 0x0000000656f00000|  0%| F|  |TAMS 0x0000000656e00000, 0x0000000656e00000| Untracked 
| 367|0x0000000656f00000, 0x0000000656f00000, 0x0000000657000000|  0%| F|  |TAMS 0x0000000656f00000, 0x0000000656f00000| Untracked 
| 368|0x0000000657000000, 0x0000000657000000, 0x0000000657100000|  0%| F|  |TAMS 0x0000000657000000, 0x0000000657000000| Untracked 
| 369|0x0000000657100000, 0x0000000657100000, 0x0000000657200000|  0%| F|  |TAMS 0x0000000657100000, 0x0000000657100000| Untracked 
| 370|0x0000000657200000, 0x0000000657200000, 0x0000000657300000|  0%| F|  |TAMS 0x0000000657200000, 0x0000000657200000| Untracked 
| 371|0x0000000657300000, 0x0000000657300000, 0x0000000657400000|  0%| F|  |TAMS 0x0000000657300000, 0x0000000657300000| Untracked 
| 372|0x0000000657400000, 0x0000000657400000, 0x0000000657500000|  0%| F|  |TAMS 0x0000000657400000, 0x0000000657400000| Untracked 
| 373|0x0000000657500000, 0x0000000657500000, 0x0000000657600000|  0%| F|  |TAMS 0x0000000657500000, 0x0000000657500000| Untracked 
| 374|0x0000000657600000, 0x0000000657600000, 0x0000000657700000|  0%| F|  |TAMS 0x0000000657600000, 0x0000000657600000| Untracked 
| 375|0x0000000657700000, 0x0000000657780800, 0x0000000657800000| 50%| E|  |TAMS 0x0000000657700000, 0x0000000657700000| Complete 
| 376|0x0000000657800000, 0x0000000657900000, 0x0000000657900000|100%| E|CS|TAMS 0x0000000657800000, 0x0000000657800000| Complete 
| 377|0x0000000657900000, 0x0000000657a00000, 0x0000000657a00000|100%| E|CS|TAMS 0x0000000657900000, 0x0000000657900000| Complete 
| 378|0x0000000657a00000, 0x0000000657b00000, 0x0000000657b00000|100%| E|CS|TAMS 0x0000000657a00000, 0x0000000657a00000| Complete 
| 379|0x0000000657b00000, 0x0000000657c00000, 0x0000000657c00000|100%| E|CS|TAMS 0x0000000657b00000, 0x0000000657b00000| Complete 
| 380|0x0000000657c00000, 0x0000000657d00000, 0x0000000657d00000|100%| E|CS|TAMS 0x0000000657c00000, 0x0000000657c00000| Complete 
| 381|0x0000000657d00000, 0x0000000657e00000, 0x0000000657e00000|100%| E|CS|TAMS 0x0000000657d00000, 0x0000000657d00000| Complete 
| 382|0x0000000657e00000, 0x0000000657f00000, 0x0000000657f00000|100%| E|CS|TAMS 0x0000000657e00000, 0x0000000657e00000| Complete 
| 383|0x0000000657f00000, 0x0000000658000000, 0x0000000658000000|100%| E|CS|TAMS 0x0000000657f00000, 0x0000000657f00000| Complete 
| 384|0x0000000658000000, 0x0000000658100000, 0x0000000658100000|100%| E|CS|TAMS 0x0000000658000000, 0x0000000658000000| Complete 
| 385|0x0000000658100000, 0x0000000658200000, 0x0000000658200000|100%| E|CS|TAMS 0x0000000658100000, 0x0000000658100000| Complete 
| 386|0x0000000658200000, 0x0000000658300000, 0x0000000658300000|100%| E|CS|TAMS 0x0000000658200000, 0x0000000658200000| Complete 
| 387|0x0000000658300000, 0x0000000658400000, 0x0000000658400000|100%| E|CS|TAMS 0x0000000658300000, 0x0000000658300000| Complete 
| 388|0x0000000658400000, 0x0000000658500000, 0x0000000658500000|100%| E|CS|TAMS 0x0000000658400000, 0x0000000658400000| Complete 
| 389|0x0000000658500000, 0x0000000658600000, 0x0000000658600000|100%| E|CS|TAMS 0x0000000658500000, 0x0000000658500000| Complete 
| 390|0x0000000658600000, 0x0000000658700000, 0x0000000658700000|100%| E|CS|TAMS 0x0000000658600000, 0x0000000658600000| Complete 
| 391|0x0000000658700000, 0x0000000658800000, 0x0000000658800000|100%| E|CS|TAMS 0x0000000658700000, 0x0000000658700000| Complete 
| 392|0x0000000658800000, 0x0000000658900000, 0x0000000658900000|100%| E|CS|TAMS 0x0000000658800000, 0x0000000658800000| Complete 
| 393|0x0000000658900000, 0x0000000658a00000, 0x0000000658a00000|100%| E|CS|TAMS 0x0000000658900000, 0x0000000658900000| Complete 
| 394|0x0000000658a00000, 0x0000000658b00000, 0x0000000658b00000|100%| E|CS|TAMS 0x0000000658a00000, 0x0000000658a00000| Complete 
| 395|0x0000000658b00000, 0x0000000658c00000, 0x0000000658c00000|100%| E|CS|TAMS 0x0000000658b00000, 0x0000000658b00000| Complete 
| 396|0x0000000658c00000, 0x0000000658d00000, 0x0000000658d00000|100%| E|CS|TAMS 0x0000000658c00000, 0x0000000658c00000| Complete 
| 397|0x0000000658d00000, 0x0000000658e00000, 0x0000000658e00000|100%| E|CS|TAMS 0x0000000658d00000, 0x0000000658d00000| Complete 
| 398|0x0000000658e00000, 0x0000000658f00000, 0x0000000658f00000|100%| E|CS|TAMS 0x0000000658e00000, 0x0000000658e00000| Complete 
| 399|0x0000000658f00000, 0x0000000659000000, 0x0000000659000000|100%| E|CS|TAMS 0x0000000658f00000, 0x0000000658f00000| Complete 
| 400|0x0000000659000000, 0x0000000659100000, 0x0000000659100000|100%| E|CS|TAMS 0x0000000659000000, 0x0000000659000000| Complete 
| 401|0x0000000659100000, 0x0000000659200000, 0x0000000659200000|100%| E|CS|TAMS 0x0000000659100000, 0x0000000659100000| Complete 
| 402|0x0000000659200000, 0x0000000659300000, 0x0000000659300000|100%| E|CS|TAMS 0x0000000659200000, 0x0000000659200000| Complete 
| 403|0x0000000659300000, 0x0000000659400000, 0x0000000659400000|100%| E|CS|TAMS 0x0000000659300000, 0x0000000659300000| Complete 
| 404|0x0000000659400000, 0x0000000659500000, 0x0000000659500000|100%| E|CS|TAMS 0x0000000659400000, 0x0000000659400000| Complete 
| 405|0x0000000659500000, 0x0000000659600000, 0x0000000659600000|100%| E|CS|TAMS 0x0000000659500000, 0x0000000659500000| Complete 
| 406|0x0000000659600000, 0x0000000659700000, 0x0000000659700000|100%| E|CS|TAMS 0x0000000659600000, 0x0000000659600000| Complete 
| 407|0x0000000659700000, 0x0000000659800000, 0x0000000659800000|100%| E|CS|TAMS 0x0000000659700000, 0x0000000659700000| Complete 
| 408|0x0000000659800000, 0x0000000659900000, 0x0000000659900000|100%| E|CS|TAMS 0x0000000659800000, 0x0000000659800000| Complete 
| 409|0x0000000659900000, 0x0000000659a00000, 0x0000000659a00000|100%| E|CS|TAMS 0x0000000659900000, 0x0000000659900000| Complete 
| 410|0x0000000659a00000, 0x0000000659b00000, 0x0000000659b00000|100%| E|CS|TAMS 0x0000000659a00000, 0x0000000659a00000| Complete 
| 411|0x0000000659b00000, 0x0000000659c00000, 0x0000000659c00000|100%| E|CS|TAMS 0x0000000659b00000, 0x0000000659b00000| Complete 
| 412|0x0000000659c00000, 0x0000000659d00000, 0x0000000659d00000|100%| E|CS|TAMS 0x0000000659c00000, 0x0000000659c00000| Complete 
| 413|0x0000000659d00000, 0x0000000659e00000, 0x0000000659e00000|100%| E|CS|TAMS 0x0000000659d00000, 0x0000000659d00000| Complete 
| 414|0x0000000659e00000, 0x0000000659f00000, 0x0000000659f00000|100%| E|CS|TAMS 0x0000000659e00000, 0x0000000659e00000| Complete 
| 415|0x0000000659f00000, 0x000000065a000000, 0x000000065a000000|100%| E|CS|TAMS 0x0000000659f00000, 0x0000000659f00000| Complete 
| 416|0x000000065a000000, 0x000000065a100000, 0x000000065a100000|100%| E|CS|TAMS 0x000000065a000000, 0x000000065a000000| Complete 
| 417|0x000000065a100000, 0x000000065a200000, 0x000000065a200000|100%| E|CS|TAMS 0x000000065a100000, 0x000000065a100000| Complete 
| 418|0x000000065a200000, 0x000000065a300000, 0x000000065a300000|100%| E|CS|TAMS 0x000000065a200000, 0x000000065a200000| Complete 
| 419|0x000000065a300000, 0x000000065a400000, 0x000000065a400000|100%| E|CS|TAMS 0x000000065a300000, 0x000000065a300000| Complete 
| 420|0x000000065a400000, 0x000000065a500000, 0x000000065a500000|100%| E|CS|TAMS 0x000000065a400000, 0x000000065a400000| Complete 
| 421|0x000000065a500000, 0x000000065a600000, 0x000000065a600000|100%| E|CS|TAMS 0x000000065a500000, 0x000000065a500000| Complete 
| 422|0x000000065a600000, 0x000000065a700000, 0x000000065a700000|100%| E|CS|TAMS 0x000000065a600000, 0x000000065a600000| Complete 
| 423|0x000000065a700000, 0x000000065a800000, 0x000000065a800000|100%| E|CS|TAMS 0x000000065a700000, 0x000000065a700000| Complete 
| 424|0x000000065a800000, 0x000000065a900000, 0x000000065a900000|100%| E|CS|TAMS 0x000000065a800000, 0x000000065a800000| Complete 
| 425|0x000000065a900000, 0x000000065aa00000, 0x000000065aa00000|100%| E|CS|TAMS 0x000000065a900000, 0x000000065a900000| Complete 
| 426|0x000000065aa00000, 0x000000065ab00000, 0x000000065ab00000|100%| E|CS|TAMS 0x000000065aa00000, 0x000000065aa00000| Complete 
| 427|0x000000065ab00000, 0x000000065ac00000, 0x000000065ac00000|100%| E|CS|TAMS 0x000000065ab00000, 0x000000065ab00000| Complete 
| 428|0x000000065ac00000, 0x000000065ad00000, 0x000000065ad00000|100%| E|CS|TAMS 0x000000065ac00000, 0x000000065ac00000| Complete 
| 429|0x000000065ad00000, 0x000000065ae00000, 0x000000065ae00000|100%| E|CS|TAMS 0x000000065ad00000, 0x000000065ad00000| Complete 
| 430|0x000000065ae00000, 0x000000065af00000, 0x000000065af00000|100%| E|CS|TAMS 0x000000065ae00000, 0x000000065ae00000| Complete 
| 431|0x000000065af00000, 0x000000065b000000, 0x000000065b000000|100%| E|CS|TAMS 0x000000065af00000, 0x000000065af00000| Complete 
| 432|0x000000065b000000, 0x000000065b100000, 0x000000065b100000|100%| E|CS|TAMS 0x000000065b000000, 0x000000065b000000| Complete 
| 433|0x000000065b100000, 0x000000065b200000, 0x000000065b200000|100%| E|CS|TAMS 0x000000065b100000, 0x000000065b100000| Complete 
| 434|0x000000065b200000, 0x000000065b300000, 0x000000065b300000|100%| E|CS|TAMS 0x000000065b200000, 0x000000065b200000| Complete 
| 435|0x000000065b300000, 0x000000065b400000, 0x000000065b400000|100%| E|CS|TAMS 0x000000065b300000, 0x000000065b300000| Complete 
| 436|0x000000065b400000, 0x000000065b500000, 0x000000065b500000|100%| E|CS|TAMS 0x000000065b400000, 0x000000065b400000| Complete 
| 437|0x000000065b500000, 0x000000065b600000, 0x000000065b600000|100%| E|CS|TAMS 0x000000065b500000, 0x000000065b500000| Complete 
| 438|0x000000065b600000, 0x000000065b700000, 0x000000065b700000|100%| E|CS|TAMS 0x000000065b600000, 0x000000065b600000| Complete 
| 439|0x000000065b700000, 0x000000065b800000, 0x000000065b800000|100%| E|CS|TAMS 0x000000065b700000, 0x000000065b700000| Complete 
| 440|0x000000065b800000, 0x000000065b900000, 0x000000065b900000|100%| E|CS|TAMS 0x000000065b800000, 0x000000065b800000| Complete 
| 441|0x000000065b900000, 0x000000065ba00000, 0x000000065ba00000|100%| E|CS|TAMS 0x000000065b900000, 0x000000065b900000| Complete 
| 442|0x000000065ba00000, 0x000000065bb00000, 0x000000065bb00000|100%| E|CS|TAMS 0x000000065ba00000, 0x000000065ba00000| Complete 
| 443|0x000000065bb00000, 0x000000065bc00000, 0x000000065bc00000|100%| E|CS|TAMS 0x000000065bb00000, 0x000000065bb00000| Complete 
| 444|0x000000065bc00000, 0x000000065bd00000, 0x000000065bd00000|100%| E|CS|TAMS 0x000000065bc00000, 0x000000065bc00000| Complete 
| 445|0x000000065bd00000, 0x000000065be00000, 0x000000065be00000|100%| E|CS|TAMS 0x000000065bd00000, 0x000000065bd00000| Complete 
| 446|0x000000065be00000, 0x000000065bf00000, 0x000000065bf00000|100%| E|CS|TAMS 0x000000065be00000, 0x000000065be00000| Complete 
| 447|0x000000065bf00000, 0x000000065c000000, 0x000000065c000000|100%| E|CS|TAMS 0x000000065bf00000, 0x000000065bf00000| Complete 
| 448|0x000000065c000000, 0x000000065c100000, 0x000000065c100000|100%| E|CS|TAMS 0x000000065c000000, 0x000000065c000000| Complete 
| 449|0x000000065c100000, 0x000000065c200000, 0x000000065c200000|100%| E|CS|TAMS 0x000000065c100000, 0x000000065c100000| Complete 
| 450|0x000000065c200000, 0x000000065c300000, 0x000000065c300000|100%| E|CS|TAMS 0x000000065c200000, 0x000000065c200000| Complete 
| 451|0x000000065c300000, 0x000000065c400000, 0x000000065c400000|100%| E|CS|TAMS 0x000000065c300000, 0x000000065c300000| Complete 
| 452|0x000000065c400000, 0x000000065c500000, 0x000000065c500000|100%| E|CS|TAMS 0x000000065c400000, 0x000000065c400000| Complete 
| 453|0x000000065c500000, 0x000000065c600000, 0x000000065c600000|100%| E|CS|TAMS 0x000000065c500000, 0x000000065c500000| Complete 
| 454|0x000000065c600000, 0x000000065c700000, 0x000000065c700000|100%| E|CS|TAMS 0x000000065c600000, 0x000000065c600000| Complete 
| 455|0x000000065c700000, 0x000000065c800000, 0x000000065c800000|100%| E|CS|TAMS 0x000000065c700000, 0x000000065c700000| Complete 
| 456|0x000000065c800000, 0x000000065c900000, 0x000000065c900000|100%| E|CS|TAMS 0x000000065c800000, 0x000000065c800000| Complete 
| 457|0x000000065c900000, 0x000000065ca00000, 0x000000065ca00000|100%| E|CS|TAMS 0x000000065c900000, 0x000000065c900000| Complete 
| 458|0x000000065ca00000, 0x000000065cb00000, 0x000000065cb00000|100%| E|CS|TAMS 0x000000065ca00000, 0x000000065ca00000| Complete 
| 459|0x000000065cb00000, 0x000000065cc00000, 0x000000065cc00000|100%| E|CS|TAMS 0x000000065cb00000, 0x000000065cb00000| Complete 
| 460|0x000000065cc00000, 0x000000065cd00000, 0x000000065cd00000|100%| E|CS|TAMS 0x000000065cc00000, 0x000000065cc00000| Complete 
| 461|0x000000065cd00000, 0x000000065ce00000, 0x000000065ce00000|100%| E|CS|TAMS 0x000000065cd00000, 0x000000065cd00000| Complete 
| 462|0x000000065ce00000, 0x000000065cf00000, 0x000000065cf00000|100%| E|CS|TAMS 0x000000065ce00000, 0x000000065ce00000| Complete 
| 463|0x000000065cf00000, 0x000000065d000000, 0x000000065d000000|100%| E|CS|TAMS 0x000000065cf00000, 0x000000065cf00000| Complete 
| 464|0x000000065d000000, 0x000000065d100000, 0x000000065d100000|100%| E|CS|TAMS 0x000000065d000000, 0x000000065d000000| Complete 
| 465|0x000000065d100000, 0x000000065d200000, 0x000000065d200000|100%| E|CS|TAMS 0x000000065d100000, 0x000000065d100000| Complete 
| 466|0x000000065d200000, 0x000000065d300000, 0x000000065d300000|100%| E|CS|TAMS 0x000000065d200000, 0x000000065d200000| Complete 
| 467|0x000000065d300000, 0x000000065d400000, 0x000000065d400000|100%| E|CS|TAMS 0x000000065d300000, 0x000000065d300000| Complete 
| 468|0x000000065d400000, 0x000000065d500000, 0x000000065d500000|100%| E|CS|TAMS 0x000000065d400000, 0x000000065d400000| Complete 
| 469|0x000000065d500000, 0x000000065d600000, 0x000000065d600000|100%| E|CS|TAMS 0x000000065d500000, 0x000000065d500000| Complete 
| 470|0x000000065d600000, 0x000000065d700000, 0x000000065d700000|100%| E|CS|TAMS 0x000000065d600000, 0x000000065d600000| Complete 
| 471|0x000000065d700000, 0x000000065d800000, 0x000000065d800000|100%| E|CS|TAMS 0x000000065d700000, 0x000000065d700000| Complete 
| 472|0x000000065d800000, 0x000000065d900000, 0x000000065d900000|100%| E|CS|TAMS 0x000000065d800000, 0x000000065d800000| Complete 
| 473|0x000000065d900000, 0x000000065da00000, 0x000000065da00000|100%| E|CS|TAMS 0x000000065d900000, 0x000000065d900000| Complete 
| 474|0x000000065da00000, 0x000000065db00000, 0x000000065db00000|100%| E|CS|TAMS 0x000000065da00000, 0x000000065da00000| Complete 
| 475|0x000000065db00000, 0x000000065dc00000, 0x000000065dc00000|100%| E|CS|TAMS 0x000000065db00000, 0x000000065db00000| Complete 
| 476|0x000000065dc00000, 0x000000065dd00000, 0x000000065dd00000|100%| E|CS|TAMS 0x000000065dc00000, 0x000000065dc00000| Complete 
| 477|0x000000065dd00000, 0x000000065de00000, 0x000000065de00000|100%| E|CS|TAMS 0x000000065dd00000, 0x000000065dd00000| Complete 
| 478|0x000000065de00000, 0x000000065df00000, 0x000000065df00000|100%| E|CS|TAMS 0x000000065de00000, 0x000000065de00000| Complete 
| 479|0x000000065df00000, 0x000000065e000000, 0x000000065e000000|100%| E|CS|TAMS 0x000000065df00000, 0x000000065df00000| Complete 
| 480|0x000000065e000000, 0x000000065e100000, 0x000000065e100000|100%| E|CS|TAMS 0x000000065e000000, 0x000000065e000000| Complete 
| 481|0x000000065e100000, 0x000000065e200000, 0x000000065e200000|100%| E|CS|TAMS 0x000000065e100000, 0x000000065e100000| Complete 
| 482|0x000000065e200000, 0x000000065e300000, 0x000000065e300000|100%| E|CS|TAMS 0x000000065e200000, 0x000000065e200000| Complete 
| 483|0x000000065e300000, 0x000000065e400000, 0x000000065e400000|100%| E|CS|TAMS 0x000000065e300000, 0x000000065e300000| Complete 
| 484|0x000000065e400000, 0x000000065e500000, 0x000000065e500000|100%| E|CS|TAMS 0x000000065e400000, 0x000000065e400000| Complete 
| 485|0x000000065e500000, 0x000000065e600000, 0x000000065e600000|100%| E|CS|TAMS 0x000000065e500000, 0x000000065e500000| Complete 
| 486|0x000000065e600000, 0x000000065e700000, 0x000000065e700000|100%| E|CS|TAMS 0x000000065e600000, 0x000000065e600000| Complete 
| 487|0x000000065e700000, 0x000000065e800000, 0x000000065e800000|100%| E|CS|TAMS 0x000000065e700000, 0x000000065e700000| Complete 
| 488|0x000000065e800000, 0x000000065e900000, 0x000000065e900000|100%| E|CS|TAMS 0x000000065e800000, 0x000000065e800000| Complete 
| 489|0x000000065e900000, 0x000000065ea00000, 0x000000065ea00000|100%| E|CS|TAMS 0x000000065e900000, 0x000000065e900000| Complete 
| 490|0x000000065ea00000, 0x000000065eb00000, 0x000000065eb00000|100%| E|CS|TAMS 0x000000065ea00000, 0x000000065ea00000| Complete 
| 491|0x000000065eb00000, 0x000000065ec00000, 0x000000065ec00000|100%| E|CS|TAMS 0x000000065eb00000, 0x000000065eb00000| Complete 
| 492|0x000000065ec00000, 0x000000065ed00000, 0x000000065ed00000|100%| E|CS|TAMS 0x000000065ec00000, 0x000000065ec00000| Complete 
| 493|0x000000065ed00000, 0x000000065ee00000, 0x000000065ee00000|100%| E|CS|TAMS 0x000000065ed00000, 0x000000065ed00000| Complete 
| 494|0x000000065ee00000, 0x000000065ef00000, 0x000000065ef00000|100%| E|CS|TAMS 0x000000065ee00000, 0x000000065ee00000| Complete 
| 495|0x000000065ef00000, 0x000000065f000000, 0x000000065f000000|100%| E|CS|TAMS 0x000000065ef00000, 0x000000065ef00000| Complete 
| 496|0x000000065f000000, 0x000000065f100000, 0x000000065f100000|100%| E|CS|TAMS 0x000000065f000000, 0x000000065f000000| Complete 
| 497|0x000000065f100000, 0x000000065f200000, 0x000000065f200000|100%| E|CS|TAMS 0x000000065f100000, 0x000000065f100000| Complete 
| 498|0x000000065f200000, 0x000000065f300000, 0x000000065f300000|100%| E|CS|TAMS 0x000000065f200000, 0x000000065f200000| Complete 
| 499|0x000000065f300000, 0x000000065f400000, 0x000000065f400000|100%| E|CS|TAMS 0x000000065f300000, 0x000000065f300000| Complete 
| 500|0x000000065f400000, 0x000000065f500000, 0x000000065f500000|100%| E|CS|TAMS 0x000000065f400000, 0x000000065f400000| Complete 
| 501|0x000000065f500000, 0x000000065f600000, 0x000000065f600000|100%| E|CS|TAMS 0x000000065f500000, 0x000000065f500000| Complete 
| 502|0x000000065f600000, 0x000000065f700000, 0x000000065f700000|100%| E|CS|TAMS 0x000000065f600000, 0x000000065f600000| Complete 
| 503|0x000000065f700000, 0x000000065f800000, 0x000000065f800000|100%| E|CS|TAMS 0x000000065f700000, 0x000000065f700000| Complete 
| 504|0x000000065f800000, 0x000000065f900000, 0x000000065f900000|100%| E|CS|TAMS 0x000000065f800000, 0x000000065f800000| Complete 
| 505|0x000000065f900000, 0x000000065fa00000, 0x000000065fa00000|100%| E|CS|TAMS 0x000000065f900000, 0x000000065f900000| Complete 
| 506|0x000000065fa00000, 0x000000065fb00000, 0x000000065fb00000|100%| E|CS|TAMS 0x000000065fa00000, 0x000000065fa00000| Complete 
| 507|0x000000065fb00000, 0x000000065fc00000, 0x000000065fc00000|100%| E|CS|TAMS 0x000000065fb00000, 0x000000065fb00000| Complete 
| 508|0x000000065fc00000, 0x000000065fd00000, 0x000000065fd00000|100%| E|CS|TAMS 0x000000065fc00000, 0x000000065fc00000| Complete 
| 509|0x000000065fd00000, 0x000000065fe00000, 0x000000065fe00000|100%| E|CS|TAMS 0x000000065fd00000, 0x000000065fd00000| Complete 
| 510|0x000000065fe00000, 0x000000065ff00000, 0x000000065ff00000|100%| E|CS|TAMS 0x000000065fe00000, 0x000000065fe00000| Complete 
| 511|0x000000065ff00000, 0x0000000660000000, 0x0000000660000000|100%| E|CS|TAMS 0x000000065ff00000, 0x000000065ff00000| Complete 
| 512|0x0000000660000000, 0x0000000660100000, 0x0000000660100000|100%| E|CS|TAMS 0x0000000660000000, 0x0000000660000000| Complete 
| 513|0x0000000660100000, 0x0000000660200000, 0x0000000660200000|100%| E|CS|TAMS 0x0000000660100000, 0x0000000660100000| Complete 
| 514|0x0000000660200000, 0x0000000660300000, 0x0000000660300000|100%| E|CS|TAMS 0x0000000660200000, 0x0000000660200000| Complete 
| 515|0x0000000660300000, 0x0000000660400000, 0x0000000660400000|100%| E|CS|TAMS 0x0000000660300000, 0x0000000660300000| Complete 
| 516|0x0000000660400000, 0x0000000660500000, 0x0000000660500000|100%| E|CS|TAMS 0x0000000660400000, 0x0000000660400000| Complete 
| 517|0x0000000660500000, 0x0000000660600000, 0x0000000660600000|100%| E|CS|TAMS 0x0000000660500000, 0x0000000660500000| Complete 
| 518|0x0000000660600000, 0x0000000660700000, 0x0000000660700000|100%| E|CS|TAMS 0x0000000660600000, 0x0000000660600000| Complete 
| 519|0x0000000660700000, 0x0000000660800000, 0x0000000660800000|100%| E|CS|TAMS 0x0000000660700000, 0x0000000660700000| Complete 
| 520|0x0000000660800000, 0x0000000660900000, 0x0000000660900000|100%| E|CS|TAMS 0x0000000660800000, 0x0000000660800000| Complete 
| 521|0x0000000660900000, 0x0000000660a00000, 0x0000000660a00000|100%| E|CS|TAMS 0x0000000660900000, 0x0000000660900000| Complete 
| 522|0x0000000660a00000, 0x0000000660b00000, 0x0000000660b00000|100%| E|CS|TAMS 0x0000000660a00000, 0x0000000660a00000| Complete 
| 523|0x0000000660b00000, 0x0000000660c00000, 0x0000000660c00000|100%| E|CS|TAMS 0x0000000660b00000, 0x0000000660b00000| Complete 
| 524|0x0000000660c00000, 0x0000000660d00000, 0x0000000660d00000|100%| E|CS|TAMS 0x0000000660c00000, 0x0000000660c00000| Complete 
| 525|0x0000000660d00000, 0x0000000660e00000, 0x0000000660e00000|100%| E|CS|TAMS 0x0000000660d00000, 0x0000000660d00000| Complete 
| 526|0x0000000660e00000, 0x0000000660f00000, 0x0000000660f00000|100%| E|CS|TAMS 0x0000000660e00000, 0x0000000660e00000| Complete 
| 527|0x0000000660f00000, 0x0000000661000000, 0x0000000661000000|100%| E|CS|TAMS 0x0000000660f00000, 0x0000000660f00000| Complete 
| 528|0x0000000661000000, 0x0000000661100000, 0x0000000661100000|100%| E|CS|TAMS 0x0000000661000000, 0x0000000661000000| Complete 
| 529|0x0000000661100000, 0x0000000661200000, 0x0000000661200000|100%| E|CS|TAMS 0x0000000661100000, 0x0000000661100000| Complete 
| 530|0x0000000661200000, 0x0000000661300000, 0x0000000661300000|100%| E|CS|TAMS 0x0000000661200000, 0x0000000661200000| Complete 
| 531|0x0000000661300000, 0x0000000661400000, 0x0000000661400000|100%| E|CS|TAMS 0x0000000661300000, 0x0000000661300000| Complete 
| 532|0x0000000661400000, 0x0000000661500000, 0x0000000661500000|100%| E|CS|TAMS 0x0000000661400000, 0x0000000661400000| Complete 
| 533|0x0000000661500000, 0x0000000661600000, 0x0000000661600000|100%| E|CS|TAMS 0x0000000661500000, 0x0000000661500000| Complete 
| 534|0x0000000661600000, 0x0000000661700000, 0x0000000661700000|100%| E|CS|TAMS 0x0000000661600000, 0x0000000661600000| Complete 
| 535|0x0000000661700000, 0x0000000661800000, 0x0000000661800000|100%| E|CS|TAMS 0x0000000661700000, 0x0000000661700000| Complete 
| 536|0x0000000661800000, 0x0000000661900000, 0x0000000661900000|100%| E|CS|TAMS 0x0000000661800000, 0x0000000661800000| Complete 
| 537|0x0000000661900000, 0x0000000661a00000, 0x0000000661a00000|100%| E|CS|TAMS 0x0000000661900000, 0x0000000661900000| Complete 
| 538|0x0000000661a00000, 0x0000000661b00000, 0x0000000661b00000|100%| E|CS|TAMS 0x0000000661a00000, 0x0000000661a00000| Complete 
| 539|0x0000000661b00000, 0x0000000661c00000, 0x0000000661c00000|100%| E|CS|TAMS 0x0000000661b00000, 0x0000000661b00000| Complete 
| 540|0x0000000661c00000, 0x0000000661d00000, 0x0000000661d00000|100%| E|CS|TAMS 0x0000000661c00000, 0x0000000661c00000| Complete 
| 541|0x0000000661d00000, 0x0000000661e00000, 0x0000000661e00000|100%| E|CS|TAMS 0x0000000661d00000, 0x0000000661d00000| Complete 
| 542|0x0000000661e00000, 0x0000000661f00000, 0x0000000661f00000|100%| E|CS|TAMS 0x0000000661e00000, 0x0000000661e00000| Complete 
| 543|0x0000000661f00000, 0x0000000662000000, 0x0000000662000000|100%| E|CS|TAMS 0x0000000661f00000, 0x0000000661f00000| Complete 
| 544|0x0000000662000000, 0x0000000662100000, 0x0000000662100000|100%| E|CS|TAMS 0x0000000662000000, 0x0000000662000000| Complete 
| 545|0x0000000662100000, 0x0000000662200000, 0x0000000662200000|100%| E|CS|TAMS 0x0000000662100000, 0x0000000662100000| Complete 
| 546|0x0000000662200000, 0x0000000662300000, 0x0000000662300000|100%| E|CS|TAMS 0x0000000662200000, 0x0000000662200000| Complete 
| 547|0x0000000662300000, 0x0000000662400000, 0x0000000662400000|100%| E|CS|TAMS 0x0000000662300000, 0x0000000662300000| Complete 
| 548|0x0000000662400000, 0x0000000662500000, 0x0000000662500000|100%| E|CS|TAMS 0x0000000662400000, 0x0000000662400000| Complete 
| 549|0x0000000662500000, 0x0000000662600000, 0x0000000662600000|100%| E|CS|TAMS 0x0000000662500000, 0x0000000662500000| Complete 
| 550|0x0000000662600000, 0x0000000662700000, 0x0000000662700000|100%| E|CS|TAMS 0x0000000662600000, 0x0000000662600000| Complete 
| 551|0x0000000662700000, 0x0000000662800000, 0x0000000662800000|100%| E|CS|TAMS 0x0000000662700000, 0x0000000662700000| Complete 
| 552|0x0000000662800000, 0x0000000662900000, 0x0000000662900000|100%| E|CS|TAMS 0x0000000662800000, 0x0000000662800000| Complete 
| 553|0x0000000662900000, 0x0000000662a00000, 0x0000000662a00000|100%| E|CS|TAMS 0x0000000662900000, 0x0000000662900000| Complete 
| 554|0x0000000662a00000, 0x0000000662b00000, 0x0000000662b00000|100%| E|CS|TAMS 0x0000000662a00000, 0x0000000662a00000| Complete 
| 555|0x0000000662b00000, 0x0000000662c00000, 0x0000000662c00000|100%| E|CS|TAMS 0x0000000662b00000, 0x0000000662b00000| Complete 
| 556|0x0000000662c00000, 0x0000000662d00000, 0x0000000662d00000|100%| E|CS|TAMS 0x0000000662c00000, 0x0000000662c00000| Complete 
| 557|0x0000000662d00000, 0x0000000662e00000, 0x0000000662e00000|100%| E|CS|TAMS 0x0000000662d00000, 0x0000000662d00000| Complete 
| 558|0x0000000662e00000, 0x0000000662f00000, 0x0000000662f00000|100%| E|CS|TAMS 0x0000000662e00000, 0x0000000662e00000| Complete 
| 559|0x0000000662f00000, 0x0000000663000000, 0x0000000663000000|100%| E|CS|TAMS 0x0000000662f00000, 0x0000000662f00000| Complete 
| 560|0x0000000663000000, 0x0000000663100000, 0x0000000663100000|100%| E|CS|TAMS 0x0000000663000000, 0x0000000663000000| Complete 
| 561|0x0000000663100000, 0x0000000663200000, 0x0000000663200000|100%| E|CS|TAMS 0x0000000663100000, 0x0000000663100000| Complete 
| 562|0x0000000663200000, 0x0000000663300000, 0x0000000663300000|100%| E|CS|TAMS 0x0000000663200000, 0x0000000663200000| Complete 
| 563|0x0000000663300000, 0x0000000663400000, 0x0000000663400000|100%| E|CS|TAMS 0x0000000663300000, 0x0000000663300000| Complete 
| 564|0x0000000663400000, 0x0000000663500000, 0x0000000663500000|100%| E|CS|TAMS 0x0000000663400000, 0x0000000663400000| Complete 
| 565|0x0000000663500000, 0x0000000663600000, 0x0000000663600000|100%| E|CS|TAMS 0x0000000663500000, 0x0000000663500000| Complete 
| 566|0x0000000663600000, 0x0000000663700000, 0x0000000663700000|100%| E|CS|TAMS 0x0000000663600000, 0x0000000663600000| Complete 
| 567|0x0000000663700000, 0x0000000663800000, 0x0000000663800000|100%| E|CS|TAMS 0x0000000663700000, 0x0000000663700000| Complete 
| 568|0x0000000663800000, 0x0000000663900000, 0x0000000663900000|100%| E|CS|TAMS 0x0000000663800000, 0x0000000663800000| Complete 
| 569|0x0000000663900000, 0x0000000663a00000, 0x0000000663a00000|100%| E|CS|TAMS 0x0000000663900000, 0x0000000663900000| Complete 
| 570|0x0000000663a00000, 0x0000000663b00000, 0x0000000663b00000|100%| E|CS|TAMS 0x0000000663a00000, 0x0000000663a00000| Complete 
| 571|0x0000000663b00000, 0x0000000663c00000, 0x0000000663c00000|100%| E|CS|TAMS 0x0000000663b00000, 0x0000000663b00000| Complete 
| 572|0x0000000663c00000, 0x0000000663d00000, 0x0000000663d00000|100%| E|CS|TAMS 0x0000000663c00000, 0x0000000663c00000| Complete 
| 573|0x0000000663d00000, 0x0000000663e00000, 0x0000000663e00000|100%| E|CS|TAMS 0x0000000663d00000, 0x0000000663d00000| Complete 
| 574|0x0000000663e00000, 0x0000000663f00000, 0x0000000663f00000|100%| E|CS|TAMS 0x0000000663e00000, 0x0000000663e00000| Complete 
| 575|0x0000000663f00000, 0x0000000664000000, 0x0000000664000000|100%| E|CS|TAMS 0x0000000663f00000, 0x0000000663f00000| Complete 
| 576|0x0000000664000000, 0x0000000664100000, 0x0000000664100000|100%| E|CS|TAMS 0x0000000664000000, 0x0000000664000000| Complete 
| 577|0x0000000664100000, 0x0000000664200000, 0x0000000664200000|100%| E|CS|TAMS 0x0000000664100000, 0x0000000664100000| Complete 
| 578|0x0000000664200000, 0x0000000664300000, 0x0000000664300000|100%| E|CS|TAMS 0x0000000664200000, 0x0000000664200000| Complete 
| 579|0x0000000664300000, 0x0000000664400000, 0x0000000664400000|100%| E|CS|TAMS 0x0000000664300000, 0x0000000664300000| Complete 
| 580|0x0000000664400000, 0x0000000664500000, 0x0000000664500000|100%| E|CS|TAMS 0x0000000664400000, 0x0000000664400000| Complete 
| 581|0x0000000664500000, 0x0000000664600000, 0x0000000664600000|100%| E|CS|TAMS 0x0000000664500000, 0x0000000664500000| Complete 
| 582|0x0000000664600000, 0x0000000664700000, 0x0000000664700000|100%| E|CS|TAMS 0x0000000664600000, 0x0000000664600000| Complete 
| 583|0x0000000664700000, 0x0000000664800000, 0x0000000664800000|100%| E|CS|TAMS 0x0000000664700000, 0x0000000664700000| Complete 
| 584|0x0000000664800000, 0x0000000664900000, 0x0000000664900000|100%| E|CS|TAMS 0x0000000664800000, 0x0000000664800000| Complete 
| 585|0x0000000664900000, 0x0000000664a00000, 0x0000000664a00000|100%| E|CS|TAMS 0x0000000664900000, 0x0000000664900000| Complete 
| 586|0x0000000664a00000, 0x0000000664b00000, 0x0000000664b00000|100%| E|CS|TAMS 0x0000000664a00000, 0x0000000664a00000| Complete 
| 587|0x0000000664b00000, 0x0000000664c00000, 0x0000000664c00000|100%| E|CS|TAMS 0x0000000664b00000, 0x0000000664b00000| Complete 
| 588|0x0000000664c00000, 0x0000000664d00000, 0x0000000664d00000|100%| E|CS|TAMS 0x0000000664c00000, 0x0000000664c00000| Complete 
| 589|0x0000000664d00000, 0x0000000664e00000, 0x0000000664e00000|100%| E|CS|TAMS 0x0000000664d00000, 0x0000000664d00000| Complete 
| 590|0x0000000664e00000, 0x0000000664f00000, 0x0000000664f00000|100%| E|CS|TAMS 0x0000000664e00000, 0x0000000664e00000| Complete 
| 591|0x0000000664f00000, 0x0000000665000000, 0x0000000665000000|100%| E|CS|TAMS 0x0000000664f00000, 0x0000000664f00000| Complete 
| 592|0x0000000665000000, 0x0000000665100000, 0x0000000665100000|100%| E|CS|TAMS 0x0000000665000000, 0x0000000665000000| Complete 
| 593|0x0000000665100000, 0x0000000665200000, 0x0000000665200000|100%| E|CS|TAMS 0x0000000665100000, 0x0000000665100000| Complete 
| 594|0x0000000665200000, 0x0000000665300000, 0x0000000665300000|100%| E|CS|TAMS 0x0000000665200000, 0x0000000665200000| Complete 
| 595|0x0000000665300000, 0x0000000665400000, 0x0000000665400000|100%| E|CS|TAMS 0x0000000665300000, 0x0000000665300000| Complete 
| 596|0x0000000665400000, 0x0000000665500000, 0x0000000665500000|100%| E|CS|TAMS 0x0000000665400000, 0x0000000665400000| Complete 
| 597|0x0000000665500000, 0x0000000665600000, 0x0000000665600000|100%| E|CS|TAMS 0x0000000665500000, 0x0000000665500000| Complete 
| 598|0x0000000665600000, 0x0000000665700000, 0x0000000665700000|100%| E|CS|TAMS 0x0000000665600000, 0x0000000665600000| Complete 
| 599|0x0000000665700000, 0x0000000665800000, 0x0000000665800000|100%| E|CS|TAMS 0x0000000665700000, 0x0000000665700000| Complete 
| 600|0x0000000665800000, 0x0000000665900000, 0x0000000665900000|100%| E|CS|TAMS 0x0000000665800000, 0x0000000665800000| Complete 
| 601|0x0000000665900000, 0x0000000665a00000, 0x0000000665a00000|100%| E|CS|TAMS 0x0000000665900000, 0x0000000665900000| Complete 
| 602|0x0000000665a00000, 0x0000000665b00000, 0x0000000665b00000|100%| E|CS|TAMS 0x0000000665a00000, 0x0000000665a00000| Complete 
| 603|0x0000000665b00000, 0x0000000665c00000, 0x0000000665c00000|100%| E|CS|TAMS 0x0000000665b00000, 0x0000000665b00000| Complete 
| 604|0x0000000665c00000, 0x0000000665d00000, 0x0000000665d00000|100%| E|CS|TAMS 0x0000000665c00000, 0x0000000665c00000| Complete 
| 605|0x0000000665d00000, 0x0000000665e00000, 0x0000000665e00000|100%| E|CS|TAMS 0x0000000665d00000, 0x0000000665d00000| Complete 
| 606|0x0000000665e00000, 0x0000000665f00000, 0x0000000665f00000|100%| E|CS|TAMS 0x0000000665e00000, 0x0000000665e00000| Complete 
| 607|0x0000000665f00000, 0x0000000666000000, 0x0000000666000000|100%| E|CS|TAMS 0x0000000665f00000, 0x0000000665f00000| Complete 
| 608|0x0000000666000000, 0x0000000666100000, 0x0000000666100000|100%| E|CS|TAMS 0x0000000666000000, 0x0000000666000000| Complete 
| 609|0x0000000666100000, 0x0000000666200000, 0x0000000666200000|100%| E|CS|TAMS 0x0000000666100000, 0x0000000666100000| Complete 
| 610|0x0000000666200000, 0x0000000666300000, 0x0000000666300000|100%| E|CS|TAMS 0x0000000666200000, 0x0000000666200000| Complete 
| 611|0x0000000666300000, 0x0000000666400000, 0x0000000666400000|100%| E|CS|TAMS 0x0000000666300000, 0x0000000666300000| Complete 
| 612|0x0000000666400000, 0x0000000666500000, 0x0000000666500000|100%| E|CS|TAMS 0x0000000666400000, 0x0000000666400000| Complete 
| 613|0x0000000666500000, 0x0000000666600000, 0x0000000666600000|100%| E|CS|TAMS 0x0000000666500000, 0x0000000666500000| Complete 
| 614|0x0000000666600000, 0x0000000666700000, 0x0000000666700000|100%| E|CS|TAMS 0x0000000666600000, 0x0000000666600000| Complete 
| 615|0x0000000666700000, 0x0000000666800000, 0x0000000666800000|100%| E|CS|TAMS 0x0000000666700000, 0x0000000666700000| Complete 
| 616|0x0000000666800000, 0x0000000666900000, 0x0000000666900000|100%| E|CS|TAMS 0x0000000666800000, 0x0000000666800000| Complete 
| 617|0x0000000666900000, 0x0000000666a00000, 0x0000000666a00000|100%| E|CS|TAMS 0x0000000666900000, 0x0000000666900000| Complete 
| 618|0x0000000666a00000, 0x0000000666b00000, 0x0000000666b00000|100%| E|CS|TAMS 0x0000000666a00000, 0x0000000666a00000| Complete 
| 619|0x0000000666b00000, 0x0000000666c00000, 0x0000000666c00000|100%| E|CS|TAMS 0x0000000666b00000, 0x0000000666b00000| Complete 
| 620|0x0000000666c00000, 0x0000000666d00000, 0x0000000666d00000|100%| E|CS|TAMS 0x0000000666c00000, 0x0000000666c00000| Complete 
| 621|0x0000000666d00000, 0x0000000666e00000, 0x0000000666e00000|100%| E|CS|TAMS 0x0000000666d00000, 0x0000000666d00000| Complete 
| 622|0x0000000666e00000, 0x0000000666f00000, 0x0000000666f00000|100%| E|CS|TAMS 0x0000000666e00000, 0x0000000666e00000| Complete 
| 623|0x0000000666f00000, 0x0000000667000000, 0x0000000667000000|100%| E|CS|TAMS 0x0000000666f00000, 0x0000000666f00000| Complete 
| 624|0x0000000667000000, 0x0000000667100000, 0x0000000667100000|100%| E|CS|TAMS 0x0000000667000000, 0x0000000667000000| Complete 
| 625|0x0000000667100000, 0x0000000667200000, 0x0000000667200000|100%| E|CS|TAMS 0x0000000667100000, 0x0000000667100000| Complete 
| 626|0x0000000667200000, 0x0000000667300000, 0x0000000667300000|100%| E|CS|TAMS 0x0000000667200000, 0x0000000667200000| Complete 
| 627|0x0000000667300000, 0x0000000667400000, 0x0000000667400000|100%| E|  |TAMS 0x0000000667300000, 0x0000000667300000| Complete 
| 628|0x0000000667400000, 0x0000000667500000, 0x0000000667500000|100%| E|CS|TAMS 0x0000000667400000, 0x0000000667400000| Complete 
| 629|0x0000000667500000, 0x0000000667600000, 0x0000000667600000|100%| E|CS|TAMS 0x0000000667500000, 0x0000000667500000| Complete 
| 630|0x0000000667600000, 0x0000000667700000, 0x0000000667700000|100%| E|CS|TAMS 0x0000000667600000, 0x0000000667600000| Complete 
| 631|0x0000000667700000, 0x0000000667800000, 0x0000000667800000|100%| E|CS|TAMS 0x0000000667700000, 0x0000000667700000| Complete 
| 632|0x0000000667800000, 0x0000000667900000, 0x0000000667900000|100%| E|CS|TAMS 0x0000000667800000, 0x0000000667800000| Complete 
| 633|0x0000000667900000, 0x0000000667a00000, 0x0000000667a00000|100%| E|CS|TAMS 0x0000000667900000, 0x0000000667900000| Complete 
| 634|0x0000000667a00000, 0x0000000667b00000, 0x0000000667b00000|100%| E|CS|TAMS 0x0000000667a00000, 0x0000000667a00000| Complete 
| 635|0x0000000667b00000, 0x0000000667c00000, 0x0000000667c00000|100%| E|CS|TAMS 0x0000000667b00000, 0x0000000667b00000| Complete 
| 636|0x0000000667c00000, 0x0000000667d00000, 0x0000000667d00000|100%| E|CS|TAMS 0x0000000667c00000, 0x0000000667c00000| Complete 
| 637|0x0000000667d00000, 0x0000000667e00000, 0x0000000667e00000|100%| E|CS|TAMS 0x0000000667d00000, 0x0000000667d00000| Complete 
| 638|0x0000000667e00000, 0x0000000667f00000, 0x0000000667f00000|100%| E|CS|TAMS 0x0000000667e00000, 0x0000000667e00000| Complete 
| 639|0x0000000667f00000, 0x0000000668000000, 0x0000000668000000|100%| E|CS|TAMS 0x0000000667f00000, 0x0000000667f00000| Complete 
| 640|0x0000000668000000, 0x0000000668100000, 0x0000000668100000|100%| E|CS|TAMS 0x0000000668000000, 0x0000000668000000| Complete 
| 641|0x0000000668100000, 0x0000000668200000, 0x0000000668200000|100%| E|CS|TAMS 0x0000000668100000, 0x0000000668100000| Complete 
| 642|0x0000000668200000, 0x0000000668300000, 0x0000000668300000|100%| E|CS|TAMS 0x0000000668200000, 0x0000000668200000| Complete 
| 643|0x0000000668300000, 0x0000000668400000, 0x0000000668400000|100%| E|CS|TAMS 0x0000000668300000, 0x0000000668300000| Complete 
| 644|0x0000000668400000, 0x0000000668500000, 0x0000000668500000|100%| E|CS|TAMS 0x0000000668400000, 0x0000000668400000| Complete 
| 645|0x0000000668500000, 0x0000000668600000, 0x0000000668600000|100%| E|CS|TAMS 0x0000000668500000, 0x0000000668500000| Complete 
| 646|0x0000000668600000, 0x0000000668700000, 0x0000000668700000|100%| E|CS|TAMS 0x0000000668600000, 0x0000000668600000| Complete 
| 647|0x0000000668700000, 0x0000000668800000, 0x0000000668800000|100%| E|CS|TAMS 0x0000000668700000, 0x0000000668700000| Complete 

Card table byte_map: [0x0000000119ae4000,0x000000011a6e4000] _byte_map_base: 0x00000001168e4000

Marking Bits (Prev, Next): (CMBitMap*) 0x000000013b82f218, (CMBitMap*) 0x000000013b82f250
 Prev Bits: [0x0000000128000000, 0x000000012e000000)
 Next Bits: [0x0000000148000000, 0x000000014e000000)

Polling page: 0x0000000100760000

Metaspace:

Usage:
  Non-class:     83.34 MB capacity,    81.59 MB ( 98%) used,     1.40 MB (  2%) free+waste,   357.44 KB ( <1%) overhead. 
      Class:     12.98 MB capacity,    11.78 MB ( 91%) used,     1.01 MB (  8%) free+waste,   185.69 KB (  1%) overhead. 
       Both:     96.32 MB capacity,    93.38 MB ( 97%) used,     2.42 MB (  3%) free+waste,   543.12 KB ( <1%) overhead. 

Virtual space:
  Non-class space:       84.00 MB reserved,      83.50 MB (>99%) committed 
      Class space:        1.00 GB reserved,      13.06 MB (  1%) committed 
             Both:        1.08 GB reserved,      96.56 MB (  9%) committed 

Chunk freelists:
   Non-Class:  47.00 KB
       Class:  21.00 KB
        Both:  68.00 KB

MaxMetaspaceSize: unlimited
CompressedClassSpaceSize: 1.00 GB
Initial GC threshold: 20.80 MB
Current GC threshold: 119.91 MB
CDS: off

CodeHeap 'non-profiled nmethods': size=238384Kb used=15495Kb max_used=15495Kb free=222888Kb
 bounds [0x000000010b218000, 0x000000010c148000, 0x0000000119ae4000]
CodeHeap 'non-nmethods': size=7376Kb used=1414Kb max_used=1414Kb free=5961Kb
 bounds [0x000000010aae4000, 0x000000010ad54000, 0x000000010b218000]
 total_blobs=9047 nmethods=8248 adapters=730
 compilation: enabled
              stopped_count=0, restarted_count=0
 full_count=0

Compilation events (20 events):
Event: 7.940 Thread 0x000000013c81c800 8608       1       okio.Buffer::setSize$okio (6 bytes)
Event: 7.940 Thread 0x000000013c81c800 nmethod 8608 0x000000010c137990 code [0x000000010c137b40, 0x000000010c137c90]
Event: 7.959 Thread 0x000000013c81c800 8609       1       java.nio.ByteBuffer::clear (7 bytes)
Event: 7.959 Thread 0x000000013c81c800 nmethod 8609 0x000000010c137d10 code [0x000000010c137ec0, 0x000000010c138010]
Event: 7.959 Thread 0x000000013c81c800 8610       1       java.nio.Buffer::clear (20 bytes)
Event: 7.959 Thread 0x000000013c81c800 nmethod 8610 0x000000010c138090 code [0x000000010c138240, 0x000000010c138390]
Event: 7.960 Thread 0x000000013c81c800 8611       1       okio.AsyncTimeout::access$getNext$p (5 bytes)
Event: 7.960 Thread 0x000000013c81c800 nmethod 8611 0x000000010c138410 code [0x000000010c1385c0, 0x000000010c1386d0]
Event: 8.007 Thread 0x000000013c81c800 8613       1       okhttp3.Headers::name (9 bytes)
Event: 8.007 Thread 0x000000013c81c800 nmethod 8613 0x000000010c138790 code [0x000000010c138940, 0x000000010c138ad0]
Event: 8.007 Thread 0x000000013c81c800 8614       1       kotlin.internal.ProgressionUtilKt::mod (16 bytes)
Event: 8.007 Thread 0x000000013c81c800 nmethod 8614 0x000000010c138b90 code [0x000000010c138d40, 0x000000010c138e50]
Event: 8.009 Thread 0x000000013c81c800 8615       1       kotlin.text.CharsKt__CharJVMKt::isWhitespace (20 bytes)
Event: 8.009 Thread 0x000000013c81c800 nmethod 8615 0x000000010c138f10 code [0x000000010c139100, 0x000000010c139350]
Event: 8.009 Thread 0x000000013c81c800 8616       1       kotlin.ranges.IntProgression::getStep (5 bytes)
Event: 8.009 Thread 0x000000013c81c800 nmethod 8616 0x000000010c139490 code [0x000000010c139640, 0x000000010c139790]
Event: 8.009 Thread 0x000000013c81c800 8617       1       kotlin.ranges.IntProgression::getLast (5 bytes)
Event: 8.009 Thread 0x000000013c81c800 nmethod 8617 0x000000010c139810 code [0x000000010c1399c0, 0x000000010c139b10]
Event: 8.009 Thread 0x000000013c81c800 8618       1       kotlin.ranges.IntProgression::getFirst (5 bytes)
Event: 8.009 Thread 0x000000013c81c800 nmethod 8618 0x000000010c139b90 code [0x000000010c139d40, 0x000000010c139e90]

GC Heap History (18 events):
Event: 0.222 GC heap before
{Heap before GC invocations=0 (full 0):
 garbage-first heap   total 393216K, used 27648K [0x0000000640000000, 0x00000007c0000000)
  region size 1024K, 24 young (24576K), 0 survivors (0K)
 Metaspace       used 12386K, capacity 12629K, committed 12800K, reserved 1060864K
  class space    used 1295K, capacity 1416K, committed 1536K, reserved 1048576K
}
Event: 0.226 GC heap after
{Heap after GC invocations=1 (full 0):
 garbage-first heap   total 393216K, used 11887K [0x0000000640000000, 0x00000007c0000000)
  region size 1024K, 3 young (3072K), 3 survivors (3072K)
 Metaspace       used 12386K, capacity 12629K, committed 12800K, reserved 1060864K
  class space    used 1295K, capacity 1416K, committed 1536K, reserved 1048576K
}
Event: 0.291 GC heap before
{Heap before GC invocations=1 (full 0):
 garbage-first heap   total 393216K, used 34415K [0x0000000640000000, 0x00000007c0000000)
  region size 1024K, 25 young (25600K), 3 survivors (3072K)
 Metaspace       used 14300K, capacity 14710K, committed 14848K, reserved 1062912K
  class space    used 1536K, capacity 1688K, committed 1792K, reserved 1048576K
}
Event: 0.293 GC heap after
{Heap after GC invocations=2 (full 0):
 garbage-first heap   total 393216K, used 13004K [0x0000000640000000, 0x00000007c0000000)
  region size 1024K, 1 young (1024K), 1 survivors (1024K)
 Metaspace       used 14300K, capacity 14710K, committed 14848K, reserved 1062912K
  class space    used 1536K, capacity 1688K, committed 1792K, reserved 1048576K
}
Event: 0.411 GC heap before
{Heap before GC invocations=2 (full 0):
 garbage-first heap   total 393216K, used 54988K [0x0000000640000000, 0x00000007c0000000)
  region size 1024K, 42 young (43008K), 1 survivors (1024K)
 Metaspace       used 18703K, capacity 19292K, committed 19328K, reserved 1067008K
  class space    used 2168K, capacity 2409K, committed 2432K, reserved 1048576K
}
Event: 0.413 GC heap after
{Heap after GC invocations=3 (full 0):
 garbage-first heap   total 393216K, used 14477K [0x0000000640000000, 0x00000007c0000000)
  region size 1024K, 3 young (3072K), 3 survivors (3072K)
 Metaspace       used 18703K, capacity 19292K, committed 19328K, reserved 1067008K
  class space    used 2168K, capacity 2409K, committed 2432K, reserved 1048576K
}
Event: 0.446 GC heap before
{Heap before GC invocations=3 (full 0):
 garbage-first heap   total 393216K, used 30861K [0x0000000640000000, 0x00000007c0000000)
  region size 1024K, 20 young (20480K), 3 survivors (3072K)
 Metaspace       used 20479K, capacity 21090K, committed 21248K, reserved 1067008K
  class space    used 2434K, capacity 2714K, committed 2816K, reserved 1048576K
}
Event: 0.448 GC heap after
{Heap after GC invocations=4 (full 0):
 garbage-first heap   total 393216K, used 15046K [0x0000000640000000, 0x00000007c0000000)
  region size 1024K, 3 young (3072K), 3 survivors (3072K)
 Metaspace       used 20479K, capacity 21090K, committed 21248K, reserved 1067008K
  class space    used 2434K, capacity 2714K, committed 2816K, reserved 1048576K
}
Event: 0.552 GC heap before
{Heap before GC invocations=5 (full 0):
 garbage-first heap   total 393216K, used 84678K [0x0000000640000000, 0x00000007c0000000)
  region size 1024K, 72 young (73728K), 3 survivors (3072K)
 Metaspace       used 26015K, capacity 26814K, committed 26880K, reserved 1073152K
  class space    used 3242K, capacity 3574K, committed 3584K, reserved 1048576K
}
Event: 0.555 GC heap after
{Heap after GC invocations=6 (full 0):
 garbage-first heap   total 472064K, used 16470K [0x0000000640000000, 0x00000007c0000000)
  region size 1024K, 5 young (5120K), 5 survivors (5120K)
 Metaspace       used 26015K, capacity 26814K, committed 26880K, reserved 1073152K
  class space    used 3242K, capacity 3574K, committed 3584K, reserved 1048576K
}
Event: 0.774 GC heap before
{Heap before GC invocations=6 (full 0):
 garbage-first heap   total 472064K, used 125014K [0x0000000640000000, 0x00000007c0000000)
  region size 1024K, 112 young (114688K), 5 survivors (5120K)
 Metaspace       used 34895K, capacity 35767K, committed 35840K, reserved 1081344K
  class space    used 4346K, capacity 4711K, committed 4736K, reserved 1048576K
}
Event: 0.777 GC heap after
{Heap after GC invocations=7 (full 0):
 garbage-first heap   total 472064K, used 18959K [0x0000000640000000, 0x00000007c0000000)
  region size 1024K, 7 young (7168K), 7 survivors (7168K)
 Metaspace       used 34895K, capacity 35767K, committed 35840K, reserved 1081344K
  class space    used 4346K, capacity 4711K, committed 4736K, reserved 1048576K
}
Event: 1.369 GC heap before
{Heap before GC invocations=8 (full 0):
 garbage-first heap   total 472064K, used 257551K [0x0000000640000000, 0x00000007c0000000)
  region size 1024K, 240 young (245760K), 7 survivors (7168K)
 Metaspace       used 47294K, capacity 48416K, committed 48448K, reserved 1091584K
  class space    used 5975K, capacity 6442K, committed 6464K, reserved 1048576K
}
Event: 1.376 GC heap after
{Heap after GC invocations=9 (full 0):
 garbage-first heap   total 472064K, used 26247K [0x0000000640000000, 0x00000007c0000000)
  region size 1024K, 14 young (14336K), 14 survivors (14336K)
 Metaspace       used 47294K, capacity 48416K, committed 48448K, reserved 1091584K
  class space    used 5975K, capacity 6442K, committed 6464K, reserved 1048576K
}
Event: 1.900 GC heap before
{Heap before GC invocations=9 (full 0):
 garbage-first heap   total 472064K, used 253575K [0x0000000640000000, 0x00000007c0000000)
  region size 1024K, 228 young (233472K), 14 survivors (14336K)
 Metaspace       used 58600K, capacity 60093K, committed 60224K, reserved 1101824K
  class space    used 7514K, capacity 8176K, committed 8256K, reserved 1048576K
}
Event: 1.914 GC heap after
{Heap after GC invocations=10 (full 0):
 garbage-first heap   total 472064K, used 33870K [0x0000000640000000, 0x00000007c0000000)
  region size 1024K, 22 young (22528K), 22 survivors (22528K)
 Metaspace       used 58600K, capacity 60093K, committed 60224K, reserved 1101824K
  class space    used 7514K, capacity 8176K, committed 8256K, reserved 1048576K
}
Event: 2.675 GC heap before
{Heap before GC invocations=11 (full 0):
 garbage-first heap   total 472064K, used 293966K [0x0000000640000000, 0x00000007c0000000)
  region size 1024K, 276 young (282624K), 22 survivors (22528K)
 Metaspace       used 71465K, capacity 73484K, committed 73664K, reserved 1112064K
  class space    used 9302K, capacity 10166K, committed 10176K, reserved 1048576K
}
Event: 2.697 GC heap after
{Heap after GC invocations=12 (full 0):
 garbage-first heap   total 663552K, used 44626K [0x0000000640000000, 0x00000007c0000000)
  region size 1024K, 28 young (28672K), 28 survivors (28672K)
 Metaspace       used 71465K, capacity 73484K, committed 73664K, reserved 1112064K
  class space    used 9302K, capacity 10166K, committed 10176K, reserved 1048576K
}

Deoptimization events (20 events):
Event: 3.375 Thread 0x000000013cdcf000 DEOPT PACKING pc=0x000000010bf9ec28 sp=0x0000000304dc0b90
Event: 3.375 Thread 0x000000013cdcf000 DEOPT UNPACKING pc=0x000000010ab1927c sp=0x0000000304dc0930 mode 3
Event: 3.375 Thread 0x000000013cdcf000 DEOPT PACKING pc=0x000000010bf9f828 sp=0x0000000304dc0b90
Event: 3.375 Thread 0x000000013cdcf000 DEOPT UNPACKING pc=0x000000010ab1927c sp=0x0000000304dc0930 mode 3
Event: 3.375 Thread 0x000000013cdcf000 DEOPT PACKING pc=0x000000010bfa0428 sp=0x0000000304dc0b90
Event: 3.375 Thread 0x000000013cdcf000 DEOPT UNPACKING pc=0x000000010ab1927c sp=0x0000000304dc0930 mode 3
Event: 3.490 Thread 0x000000014e8f9800 DEOPT PACKING pc=0x000000010bfcfa44 sp=0x0000000306c14900
Event: 3.490 Thread 0x000000014e8f9800 DEOPT UNPACKING pc=0x000000010ab1927c sp=0x0000000306c147d0 mode 3
Event: 3.501 Thread 0x000000014e8f9800 DEOPT PACKING pc=0x000000010bfe4864 sp=0x0000000306c151c0
Event: 3.501 Thread 0x000000014e8f9800 DEOPT UNPACKING pc=0x000000010ab1927c sp=0x0000000306c15040 mode 3
Event: 3.502 Thread 0x000000014e8f9800 DEOPT PACKING pc=0x000000010b3febd4 sp=0x0000000306c150f0
Event: 3.502 Thread 0x000000014e8f9800 DEOPT UNPACKING pc=0x000000010ab1927c sp=0x0000000306c14f40 mode 3
Event: 3.502 Thread 0x000000014e8f9800 DEOPT PACKING pc=0x000000010b333640 sp=0x0000000306c15140
Event: 3.502 Thread 0x000000014e8f9800 DEOPT UNPACKING pc=0x000000010ab1927c sp=0x0000000306c14f10 mode 3
Event: 3.559 Thread 0x000000013cdcd800 DEOPT PACKING pc=0x000000010be26b5c sp=0x00000003049a7b90
Event: 3.559 Thread 0x000000013cdcd800 DEOPT UNPACKING pc=0x000000010ab1927c sp=0x00000003049a79a0 mode 3
Event: 7.675 Thread 0x000000013bdca800 DEOPT PACKING pc=0x000000010b45f2c0 sp=0x00000003024cedb0
Event: 7.675 Thread 0x000000013bdca800 DEOPT UNPACKING pc=0x000000010ab1927c sp=0x00000003024cec10 mode 3
Event: 7.697 Thread 0x000000013bdca800 DEOPT PACKING pc=0x000000010b41ac78 sp=0x00000003024cf100
Event: 7.697 Thread 0x000000013bdca800 DEOPT UNPACKING pc=0x000000010ab1927c sp=0x00000003024ceed0 mode 3

Classes redefined (0 events):
No events

Internal exceptions (20 events):
Event: 3.037 Thread 0x000000013d815800 Exception <a 'java/lang/NoSuchMethodError'{0x0000000663e45ea0}: 'java.lang.Object java.lang.invoke.Invokers$Holder.linkToTargetMethod(java.lang.Object, java.lang.Object, java.lang.Object, java.lang.Object, java.lang.Object, java.lang.Object, java.lang.Object)'> (0x0000000663e45ea0) thrown at [src/hotspot/share/interpreter/linkResolver.cpp, line 773]
Event: 3.066 Thread 0x000000013d815800 Exception <a 'java/lang/NoSuchMethodError'{0x0000000663922588}: 'java.lang.Object java.lang.invoke.DirectMethodHandle$Holder.invokeStatic(java.lang.Object, java.lang.Object, java.lang.Object, int)'> (0x0000000663922588) thrown at [src/hotspot/share/interpreter/linkResolver.cpp, line 773]
Event: 3.067 Thread 0x000000013d815800 Exception <a 'java/lang/NoSuchMethodError'{0x0000000663925f50}: 'java.lang.Object java.lang.invoke.DirectMethodHandle$Holder.invokeSpecial(java.lang.Object, java.lang.Object, java.lang.Object, java.lang.Object, int)'> (0x0000000663925f50) thrown at [src/hotspot/share/interpreter/linkResolver.cpp, line 773]
Event: 3.067 Thread 0x000000013d815800 Exception <a 'java/lang/NoSuchMethodError'{0x0000000663928fb8}: 'java.lang.Object java.lang.invoke.Invokers$Holder.linkToTargetMethod(java.lang.Object, java.lang.Object, int, java.lang.Object)'> (0x0000000663928fb8) thrown at [src/hotspot/share/interpreter/linkResolver.cpp, line 773]
Event: 3.502 Thread 0x000000014e8f9800 Exception <a 'java/lang/ClassNotFoundException'{0x000000065e84c740}: jdk/jfr/internal/handlers/EventHandler18120_1740126177666-29468> (0x000000065e84c740) thrown at [src/hotspot/share/classfile/systemDictionary.cpp, line 230]
Event: 3.503 Thread 0x000000014e8f9800 Exception <a 'java/lang/ClassNotFoundException'{0x000000065e87a520}: jdk/jfr/internal/handlers/EventHandler18260_1740126177666-29468> (0x000000065e87a520) thrown at [src/hotspot/share/classfile/systemDictionary.cpp, line 230]
Event: 3.508 Thread 0x000000014e8f9800 Exception <a 'java/lang/NoSuchMethodError'{0x000000065e7b98d0}: 'java.lang.Object java.lang.invoke.DirectMethodHandle$Holder.invokeStaticInit(java.lang.Object, java.lang.Object, long, java.lang.Object)'> (0x000000065e7b98d0) thrown at [src/hotspot/share/interpreter/linkResolver.cpp, line 773]
Event: 3.508 Thread 0x000000014e8f9800 Exception <a 'java/lang/NoSuchMethodError'{0x000000065e7bf848}: 'java.lang.Object java.lang.invoke.DirectMethodHandle$Holder.invokeStatic(java.lang.Object, java.lang.Object, long)'> (0x000000065e7bf848) thrown at [src/hotspot/share/interpreter/linkResolver.cpp, line 773]
Event: 3.518 Thread 0x000000014e8f9800 Exception <a 'java/lang/NoSuchMethodError'{0x000000065e365038}: 'void java.lang.invoke.DirectMethodHandle$Holder.invokeSpecial(java.lang.Object, java.lang.Object, java.lang.Object, java.lang.Object, java.lang.Object, java.lang.Object, java.lang.Object)'> (0x000000065e365038) thrown at [src/hotspot/share/interpreter/linkResolver.cpp, line 773]
Event: 3.527 Thread 0x000000013bf21000 Exception <a 'java/lang/NoSuchMethodError'{0x000000065de398f0}: 'java.lang.Object java.lang.invoke.DirectMethodHandle$Holder.invokeStaticInit(java.lang.Object, java.lang.Object, java.lang.Object, java.lang.Object, java.lang.Object, java.lang.Object)'> (0x000000065de398f0) thrown at [src/hotspot/share/interpreter/linkResolver.cpp, line 773]
Event: 3.530 Thread 0x000000013bf21000 Exception <a 'java/lang/ClassNotFoundException'{0x000000065dd0b0d0}: jdk/jfr/internal/handlers/EventHandler18512_1740126177666-29468> (0x000000065dd0b0d0) thrown at [src/hotspot/share/classfile/systemDictionary.cpp, line 230]
Event: 3.543 Thread 0x000000013bf21000 Exception <a 'java/lang/ClassNotFoundException'{0x000000065dae1fc0}: jdk/jfr/internal/handlers/EventHandler18608_1740126177666-29468> (0x000000065dae1fc0) thrown at [src/hotspot/share/classfile/systemDictionary.cpp, line 230]
Event: 3.552 Thread 0x000000014e8f9800 Exception <a 'java/lang/NoSuchMethodError'{0x000000065d7095a8}: 'java.lang.Object java.lang.invoke.DirectMethodHandle$Holder.invokeStatic(java.lang.Object, java.lang.Object, java.lang.Object, long)'> (0x000000065d7095a8) thrown at [src/hotspot/share/interpreter/linkResolver.cpp, line 773]
Event: 3.552 Thread 0x000000014e8f9800 Exception <a 'java/lang/NoSuchMethodError'{0x000000065d70cec8}: 'java.lang.Object java.lang.invoke.DirectMethodHandle$Holder.invokeSpecial(java.lang.Object, java.lang.Object, java.lang.Object, java.lang.Object, long)'> (0x000000065d70cec8) thrown at [src/hotspot/share/interpreter/linkResolver.cpp, line 773]
Event: 3.552 Thread 0x000000014e8f9800 Exception <a 'java/lang/NoSuchMethodError'{0x000000065d710368}: 'java.lang.Object java.lang.invoke.Invokers$Holder.linkToTargetMethod(java.lang.Object, java.lang.Object, long, java.lang.Object)'> (0x000000065d710368) thrown at [src/hotspot/share/interpreter/linkResolver.cpp, line 773]
Event: 7.578 Thread 0x000000013bdca800 Exception <a 'java/lang/NoSuchMethodError'{0x000000065b888df8}: 'java.lang.Object java.lang.invoke.DirectMethodHandle$Holder.newInvokeSpecial(java.lang.Object, java.lang.Object, int)'> (0x000000065b888df8) thrown at [src/hotspot/share/interpreter/linkResolver.cpp, line 773]
Event: 7.578 Thread 0x000000013bdca800 Exception <a 'java/lang/NoSuchMethodError'{0x000000065b88ee90}: 'int java.lang.invoke.DirectMethodHandle$Holder.invokeStatic(java.lang.Object, java.lang.Object, int, int)'> (0x000000065b88ee90) thrown at [src/hotspot/share/interpreter/linkResolver.cpp, line 773]
Event: 7.770 Thread 0x000000013bdca800 Exception <a 'java/lang/NoSuchMethodError'{0x00000006582339f0}: 'java.lang.Object java.lang.invoke.DirectMethodHandle$Holder.invokeSpecial(java.lang.Object, java.lang.Object, java.lang.Object, java.lang.Object, java.lang.Object, java.lang.Object, java.lang.Object, java.lang.Object, java.lang.Object, int, java.lang.Object)'> (0x00000006582339f0) thrown at [src/hotspot/share/interpreter/linkResolver.cpp, line 773]
Event: 7.771 Thread 0x000000013bdca800 Exception <a 'java/lang/NoSuchMethodError'{0x000000065823e550}: 'java.lang.Object java.lang.invoke.DirectMethodHandle$Holder.invokeSpecial(java.lang.Object, java.lang.Object, java.lang.Object, java.lang.Object, java.lang.Object, java.lang.Object, java.lang.Object, java.lang.Object, java.lang.Object, java.lang.Object, int)'> (0x000000065823e550) thrown at [src/hotspot/share/interpreter/linkResolver.cpp, line 773]
Event: 7.771 Thread 0x000000013bdca800 Exception <a 'java/lang/NoSuchMethodError'{0x00000006582429d8}: 'java.lang.Object java.lang.invoke.Invokers$Holder.linkToTargetMethod(java.lang.Object, java.lang.Object, java.lang.Object, java.lang.Object, java.lang.Object, java.lang.Object, java.lang.Object, java.lang.Object, int, java.lang.Object)'> (0x00000006582429d8) thrown at [src/hotspot/share/interpreter/linkResolver.cpp, line 773]

Events (20 events):
Event: 8.008 loading class org/simpleframework/xml/core/Persister
Event: 8.008 loading class org/simpleframework/xml/core/Persister done
Event: 8.009 loading class org/simpleframework/xml/Serializer
Event: 8.009 loading class org/simpleframework/xml/Serializer done
Event: 8.009 loading class org/simpleframework/xml/convert/AnnotationStrategy
Event: 8.009 loading class org/simpleframework/xml/convert/AnnotationStrategy done
Event: 8.010 loading class org/simpleframework/xml/strategy/Strategy
Event: 8.010 loading class org/simpleframework/xml/strategy/Strategy done
Event: 8.010 loading class org/simpleframework/xml/strategy/TreeStrategy
Event: 8.010 loading class org/simpleframework/xml/strategy/TreeStrategy done
Event: 8.010 loading class org/simpleframework/xml/strategy/Loader
Event: 8.010 loading class org/simpleframework/xml/strategy/Loader done
Event: 8.010 loading class org/simpleframework/xml/convert/ConverterScanner
Event: 8.010 loading class org/simpleframework/xml/convert/ConverterScanner done
Event: 8.011 loading class org/simpleframework/xml/convert/ConverterFactory
Event: 8.011 loading class org/simpleframework/xml/convert/ConverterFactory done
Event: 8.011 loading class org/simpleframework/xml/util/ConcurrentCache
Event: 8.011 loading class org/simpleframework/xml/util/ConcurrentCache done
Event: 8.011 loading class org/simpleframework/xml/util/Cache
Event: 8.011 loading class org/simpleframework/xml/util/Cache done


Dynamic libraries:
0x000000010070c000 	/opt/homebrew/Cellar/openjdk@11/11.0.25/libexec/openjdk.jdk/Contents/Home/lib/jli/libjli.dylib
0x00000001adb01000 	/System/Library/Frameworks/Cocoa.framework/Versions/A/Cocoa
0x0000000195a37000 	/System/Library/Frameworks/AppKit.framework/Versions/C/AppKit
0x0000000198cef000 	/System/Library/Frameworks/CoreData.framework/Versions/A/CoreData
0x0000000193071000 	/System/Library/Frameworks/Foundation.framework/Versions/C/Foundation
0x000000019f9f5000 	/usr/lib/libSystem.B.dylib
0x0000000196e74000 	/System/Library/PrivateFrameworks/UIFoundation.framework/Versions/A/UIFoundation
0x000000023ab6f000 	/System/Library/PrivateFrameworks/CollectionViewCore.framework/Versions/A/CollectionViewCore
0x00000001a6c81000 	/System/Library/PrivateFrameworks/RemoteViewServices.framework/Versions/A/RemoteViewServices
0x000000019d67b000 	/System/Library/PrivateFrameworks/XCTTargetBootstrap.framework/Versions/A/XCTTargetBootstrap
0x00000001a20db000 	/System/Library/PrivateFrameworks/InternationalSupport.framework/Versions/A/InternationalSupport
0x00000001a213a000 	/System/Library/PrivateFrameworks/UserActivity.framework/Versions/A/UserActivity
0x00000002663f3000 	/System/Library/PrivateFrameworks/UIIntelligenceSupport.framework/Versions/A/UIIntelligenceSupport
0x0000000230f38000 	/System/Library/Frameworks/SwiftUICore.framework/Versions/A/SwiftUICore
0x000000026b3a4000 	/System/Library/PrivateFrameworks/WritingTools.framework/Versions/A/WritingTools
0x000000026a3f7000 	/System/Library/PrivateFrameworks/WindowManagement.framework/Versions/A/WindowManagement
0x0000000192ccb000 	/System/Library/Frameworks/SystemConfiguration.framework/Versions/A/SystemConfiguration
0x00000001a1524000 	/usr/lib/libspindump.dylib
0x0000000197026000 	/System/Library/Frameworks/UniformTypeIdentifiers.framework/Versions/A/UniformTypeIdentifiers
0x000000019edf3000 	/usr/lib/libbsm.0.dylib
0x000000019b13d000 	/usr/lib/libapp_launch_measurement.dylib
0x000000019a539000 	/System/Library/PrivateFrameworks/CoreAnalytics.framework/Versions/A/CoreAnalytics
0x000000019b141000 	/System/Library/PrivateFrameworks/CoreAutoLayout.framework/Versions/A/CoreAutoLayout
0x000000019ccc4000 	/System/Library/Frameworks/Metal.framework/Versions/A/Metal
0x000000019dec2000 	/usr/lib/liblangid.dylib
0x000000019d681000 	/System/Library/PrivateFrameworks/CoreSVG.framework/Versions/A/CoreSVG
0x0000000197a47000 	/System/Library/PrivateFrameworks/SkyLight.framework/Versions/A/SkyLight
0x0000000197f74000 	/System/Library/Frameworks/CoreGraphics.framework/Versions/A/CoreGraphics
0x00000001a735a000 	/System/Library/Frameworks/Accelerate.framework/Versions/A/Accelerate
0x00000001a1356000 	/System/Library/PrivateFrameworks/IconServices.framework/Versions/A/IconServices
0x000000019cca1000 	/System/Library/Frameworks/IOSurface.framework/Versions/A/IOSurface
0x000000019a56b000 	/usr/lib/libDiagnosticMessagesClient.dylib
0x000000019f939000 	/usr/lib/libz.1.dylib
0x00000001ab1e6000 	/System/Library/Frameworks/ApplicationServices.framework/Versions/A/ApplicationServices
0x000000019d666000 	/System/Library/PrivateFrameworks/DFRFoundation.framework/Versions/A/DFRFoundation
0x00000001952a1000 	/usr/lib/libicucore.A.dylib
0x00000001a3254000 	/System/Library/Frameworks/AudioToolbox.framework/Versions/A/AudioToolbox
0x00000001a20eb000 	/System/Library/PrivateFrameworks/DataDetectorsCore.framework/Versions/A/DataDetectorsCore
0x00000001bd781000 	/System/Library/PrivateFrameworks/TextInput.framework/Versions/A/TextInput
0x0000000197993000 	/usr/lib/libMobileGestalt.dylib
0x000000019d35e000 	/System/Library/Frameworks/Carbon.framework/Versions/A/Frameworks/HIToolbox.framework/Versions/A/HIToolbox
0x000000019aa3c000 	/System/Library/Frameworks/QuartzCore.framework/Versions/A/QuartzCore
0x0000000194eaa000 	/System/Library/Frameworks/Security.framework/Versions/A/Security
0x00000001a6cbc000 	/System/Library/Frameworks/Carbon.framework/Versions/A/Frameworks/SpeechRecognition.framework/Versions/A/SpeechRecognition
0x000000019ae56000 	/System/Library/PrivateFrameworks/CoreUI.framework/Versions/A/CoreUI
0x000000019475e000 	/System/Library/Frameworks/CoreAudio.framework/Versions/A/CoreAudio
0x000000019a657000 	/System/Library/Frameworks/DiskArbitration.framework/Versions/A/DiskArbitration
0x00000001a1997000 	/System/Library/PrivateFrameworks/MultitouchSupport.framework/Versions/A/MultitouchSupport
0x0000000197991000 	/usr/lib/libenergytrace.dylib
0x00000001b2169000 	/System/Library/PrivateFrameworks/RenderBox.framework/Versions/A/RenderBox
0x00000001958e7000 	/System/Library/Frameworks/IOKit.framework/Versions/A/IOKit
0x00000001a70b0000 	/System/Library/Frameworks/CoreServices.framework/Versions/A/CoreServices
0x000000019b0ce000 	/System/Library/PrivateFrameworks/PerformanceAnalysis.framework/Versions/A/PerformanceAnalysis
0x00000001eecf1000 	/System/Library/Frameworks/OpenGL.framework/Versions/A/OpenGL
0x000000019b18b000 	/usr/lib/libxml2.2.dylib
0x000000019ecd8000 	/System/Library/PrivateFrameworks/MobileKeyBag.framework/Versions/A/MobileKeyBag
0x0000000191a3c000 	/usr/lib/libobjc.A.dylib
0x0000000191d29000 	/usr/lib/libc++.1.dylib
0x00000001a7030000 	/System/Library/Frameworks/Accessibility.framework/Versions/A/Accessibility
0x0000000198693000 	/System/Library/Frameworks/ColorSync.framework/Versions/A/ColorSync
0x0000000191e7f000 	/System/Library/Frameworks/CoreFoundation.framework/Versions/A/CoreFoundation
0x000000019da3f000 	/System/Library/Frameworks/CoreImage.framework/Versions/A/CoreImage
0x000000019454e000 	/System/Library/Frameworks/CoreText.framework/Versions/A/CoreText
0x00000001f0258000 	/System/Library/Frameworks/CoreTransferable.framework/Versions/A/CoreTransferable
0x00000001f07f7000 	/System/Library/Frameworks/DeveloperToolsSupport.framework/Versions/A/DeveloperToolsSupport
0x000000019d6bd000 	/System/Library/Frameworks/ImageIO.framework/Versions/A/ImageIO
0x0000000231b52000 	/System/Library/Frameworks/Symbols.framework/Versions/A/Symbols
0x000000019f9fa000 	/System/Library/PrivateFrameworks/SoftLinking.framework/Versions/A/SoftLinking
0x00000001cf5f6000 	/usr/lib/swift/libswiftAccelerate.dylib
0x00000001a2bb5000 	/usr/lib/swift/libswiftCore.dylib
0x00000001b9f02000 	/usr/lib/swift/libswiftCoreFoundation.dylib
0x00000001b9f5f000 	/usr/lib/swift/libswiftCoreImage.dylib
0x00000001b76ae000 	/usr/lib/swift/libswiftDarwin.dylib
0x00000001a8b6a000 	/usr/lib/swift/libswiftDispatch.dylib
0x00000001b9f60000 	/usr/lib/swift/libswiftIOKit.dylib
0x00000001c678d000 	/usr/lib/swift/libswiftMetal.dylib
0x00000001d4a8b000 	/usr/lib/swift/libswiftOSLog.dylib
0x00000001ab751000 	/usr/lib/swift/libswiftObjectiveC.dylib
0x000000027258c000 	/usr/lib/swift/libswiftObservation.dylib
0x00000001cb0b8000 	/usr/lib/swift/libswiftQuartzCore.dylib
0x00000001cf5e7000 	/usr/lib/swift/libswiftUniformTypeIdentifiers.dylib
0x00000001b9f14000 	/usr/lib/swift/libswiftXPC.dylib
0x0000000272682000 	/usr/lib/swift/libswift_Builtin_float.dylib
0x0000000272687000 	/usr/lib/swift/libswift_Concurrency.dylib
0x00000002727ef000 	/usr/lib/swift/libswift_StringProcessing.dylib
0x00000002728a2000 	/usr/lib/swift/libswift_errno.dylib
0x00000002728a4000 	/usr/lib/swift/libswift_math.dylib
0x00000002728a7000 	/usr/lib/swift/libswift_signal.dylib
0x00000002728a8000 	/usr/lib/swift/libswift_stdio.dylib
0x00000002728a9000 	/usr/lib/swift/libswift_time.dylib
0x00000001ab755000 	/usr/lib/swift/libswiftos.dylib
0x00000001bd6d8000 	/usr/lib/swift/libswiftsimd.dylib
0x00000002728aa000 	/usr/lib/swift/libswiftsys_time.dylib
0x00000002728ab000 	/usr/lib/swift/libswiftunistd.dylib
0x000000019fba6000 	/usr/lib/libcompression.dylib
0x00000001a2033000 	/System/Library/PrivateFrameworks/TextureIO.framework/Versions/A/TextureIO
0x00000001a0fe7000 	/usr/lib/libate.dylib
0x000000019f9ef000 	/usr/lib/system/libcache.dylib
0x000000019f9a8000 	/usr/lib/system/libcommonCrypto.dylib
0x000000019f9d5000 	/usr/lib/system/libcompiler_rt.dylib
0x000000019f9ca000 	/usr/lib/system/libcopyfile.dylib
0x0000000191b7b000 	/usr/lib/system/libcorecrypto.dylib
0x0000000191c5d000 	/usr/lib/system/libdispatch.dylib
0x0000000191e1a000 	/usr/lib/system/libdyld.dylib
0x000000019f9e5000 	/usr/lib/system/libkeymgr.dylib
0x000000019f987000 	/usr/lib/system/libmacho.dylib
0x000000019edcc000 	/usr/lib/system/libquarantine.dylib
0x000000019f9e2000 	/usr/lib/system/libremovefile.dylib
0x0000000197a0c000 	/usr/lib/system/libsystem_asl.dylib
0x0000000191b10000 	/usr/lib/system/libsystem_blocks.dylib
0x0000000191ca7000 	/usr/lib/system/libsystem_c.dylib
0x000000019f9d9000 	/usr/lib/system/libsystem_collections.dylib
0x000000019deaf000 	/usr/lib/system/libsystem_configuration.dylib
0x000000019cc72000 	/usr/lib/system/libsystem_containermanager.dylib
0x000000019f4db000 	/usr/lib/system/libsystem_coreservices.dylib
0x0000000195565000 	/usr/lib/system/libsystem_darwin.dylib
0x00000002729ee000 	/usr/lib/system/libsystem_darwindirectory.dylib
0x000000019f9e6000 	/usr/lib/system/libsystem_dnssd.dylib
0x00000002729f2000 	/usr/lib/system/libsystem_eligibility.dylib
0x0000000191ca4000 	/usr/lib/system/libsystem_featureflags.dylib
0x0000000191e4f000 	/usr/lib/system/libsystem_info.dylib
0x000000019f948000 	/usr/lib/system/libsystem_m.dylib
0x0000000191c1b000 	/usr/lib/system/libsystem_malloc.dylib
0x0000000197976000 	/usr/lib/system/libsystem_networkextension.dylib
0x00000001959c8000 	/usr/lib/system/libsystem_notify.dylib
0x000000019deb4000 	/usr/lib/system/libsystem_sandbox.dylib
0x00000002729f9000 	/usr/lib/system/libsystem_sanitizers.dylib
0x000000019f9de000 	/usr/lib/system/libsystem_secinit.dylib
0x0000000191dd2000 	/usr/lib/system/libsystem_kernel.dylib
0x0000000191e47000 	/usr/lib/system/libsystem_platform.dylib
0x0000000191e0d000 	/usr/lib/system/libsystem_pthread.dylib
0x0000000199515000 	/usr/lib/system/libsystem_symptoms.dylib
0x0000000191b5f000 	/usr/lib/system/libsystem_trace.dylib
0x000000019f9b6000 	/usr/lib/system/libunwind.dylib
0x0000000191b14000 	/usr/lib/system/libxpc.dylib
0x0000000191db7000 	/usr/lib/libc++abi.dylib
0x000000019f9c2000 	/usr/lib/liboah.dylib
0x0000000195866000 	/System/Library/PrivateFrameworks/CoreServicesInternal.framework/Versions/A/CoreServicesInternal
0x000000019f9f7000 	/usr/lib/libfakelink.dylib
0x00000001aac97000 	/System/Library/PrivateFrameworks/DiskImages.framework/Versions/A/DiskImages
0x00000001b71db000 	/System/Library/Frameworks/NetFS.framework/Versions/A/NetFS
0x00000001975ad000 	/System/Library/Frameworks/CFNetwork.framework/Versions/A/CFNetwork
0x000000019b105000 	/System/Library/Frameworks/CoreServices.framework/Versions/A/Frameworks/FSEvents.framework/Versions/A/FSEvents
0x0000000195570000 	/System/Library/Frameworks/CoreServices.framework/Versions/A/Frameworks/CarbonCore.framework/Versions/A/CarbonCore
0x000000019a5cd000 	/System/Library/Frameworks/CoreServices.framework/Versions/A/Frameworks/Metadata.framework/Versions/A/Metadata
0x000000019f4e2000 	/System/Library/Frameworks/CoreServices.framework/Versions/A/Frameworks/OSServices.framework/Versions/A/OSServices
0x000000019fad5000 	/System/Library/Frameworks/CoreServices.framework/Versions/A/Frameworks/SearchKit.framework/Versions/A/SearchKit
0x000000019948f000 	/System/Library/Frameworks/CoreServices.framework/Versions/A/Frameworks/AE.framework/Versions/A/AE
0x0000000192374000 	/System/Library/Frameworks/CoreServices.framework/Versions/A/Frameworks/LaunchServices.framework/Versions/A/LaunchServices
0x00000001a0e39000 	/System/Library/Frameworks/CoreServices.framework/Versions/A/Frameworks/DictionaryServices.framework/Versions/A/DictionaryServices
0x000000019b113000 	/System/Library/Frameworks/CoreServices.framework/Versions/A/Frameworks/SharedFileList.framework/Versions/A/SharedFileList
0x000000019fb70000 	/usr/lib/libapple_nghttp2.dylib
0x00000001990f7000 	/usr/lib/libsqlite3.dylib
0x00000001a38c0000 	/System/Library/Frameworks/GSS.framework/Versions/A/GSS
0x0000000199428000 	/System/Library/PrivateFrameworks/RunningBoardServices.framework/Versions/A/RunningBoardServices
0x000000019951e000 	/System/Library/Frameworks/Network.framework/Versions/A/Network
0x000000019f98b000 	/usr/lib/system/libkxld.dylib
0x00000002719c0000 	/usr/lib/libCoreEntitlements.dylib
0x00000002501b4000 	/System/Library/PrivateFrameworks/MessageSecurity.framework/Versions/A/MessageSecurity
0x00000001990dd000 	/System/Library/PrivateFrameworks/ProtocolBuffer.framework/Versions/A/ProtocolBuffer
0x000000019f4c3000 	/System/Library/PrivateFrameworks/AppleFSCompression.framework/Versions/A/AppleFSCompression
0x000000019eddb000 	/usr/lib/libcoretls.dylib
0x00000001a0eb0000 	/usr/lib/libcoretls_cfhelpers.dylib
0x000000019fba0000 	/usr/lib/libpam.2.dylib
0x00000001a0f23000 	/usr/lib/libxar.1.dylib
0x000000019fa4c000 	/usr/lib/libarchive.2.dylib
0x00000001a4fb1000 	/System/Library/Frameworks/Combine.framework/Versions/A/Combine
0x000000023ab93000 	/System/Library/PrivateFrameworks/CollectionsInternal.framework/Versions/A/CollectionsInternal
0x00000002580b7000 	/System/Library/PrivateFrameworks/ReflectionInternal.framework/Versions/A/ReflectionInternal
0x0000000258d4f000 	/System/Library/PrivateFrameworks/RuntimeInternal.framework/Versions/A/RuntimeInternal
0x0000000272609000 	/usr/lib/swift/libswiftSystem.dylib
0x000000019debd000 	/System/Library/PrivateFrameworks/AppleSystemInfo.framework/Versions/A/AppleSystemInfo
0x00000001b9df5000 	/System/Library/PrivateFrameworks/LoggingSupport.framework/Versions/A/LoggingSupport
0x000000019b315000 	/System/Library/PrivateFrameworks/UserManagement.framework/Versions/A/UserManagement
0x00000001974e2000 	/usr/lib/libboringssl.dylib
0x0000000199504000 	/usr/lib/libdns_services.dylib
0x00000001b8fe4000 	/usr/lib/libquic.dylib
0x00000001a2b45000 	/usr/lib/libusrtcp.dylib
0x00000001dc114000 	/System/Library/PrivateFrameworks/InternalSwiftProtobuf.framework/Versions/A/InternalSwiftProtobuf
0x0000000272554000 	/usr/lib/swift/libswiftDistributed.dylib
0x00000001975ac000 	/usr/lib/libnetwork.dylib
0x000000019fb4a000 	/System/Library/PrivateFrameworks/AppleSauce.framework/Versions/A/AppleSauce
0x0000000192b68000 	/System/Library/PrivateFrameworks/Lexicon.framework/Versions/A/Lexicon
0x0000000249fd5000 	/System/Library/PrivateFrameworks/IO80211.framework/Versions/A/IO80211
0x00000001a8e09000 	/System/Library/PrivateFrameworks/FrontBoardServices.framework/Versions/A/FrontBoardServices
0x000000019ed03000 	/System/Library/Frameworks/SecurityFoundation.framework/Versions/A/SecurityFoundation
0x000000019dfe4000 	/System/Library/PrivateFrameworks/LinguisticData.framework/Versions/A/LinguisticData
0x000000019ead7000 	/System/Library/PrivateFrameworks/IOMobileFramebuffer.framework/Versions/A/IOMobileFramebuffer
0x0000000199343000 	/System/Library/PrivateFrameworks/BaseBoard.framework/Versions/A/BaseBoard
0x00000001a8ed5000 	/System/Library/PrivateFrameworks/BoardServices.framework/Versions/A/BoardServices
0x000000019ecf5000 	/System/Library/PrivateFrameworks/AssertionServices.framework/Versions/A/AssertionServices
0x00000001aaad3000 	/System/Library/PrivateFrameworks/BackBoardServices.framework/Versions/A/BackBoardServices
0x000000019d0d1000 	/System/Library/PrivateFrameworks/FontServices.framework/libFontParser.dylib
0x0000000197a25000 	/System/Library/PrivateFrameworks/TCC.framework/Versions/A/TCC
0x00000001ae578000 	/System/Library/PrivateFrameworks/IOSurfaceAccelerator.framework/Versions/A/IOSurfaceAccelerator
0x00000001a1995000 	/System/Library/PrivateFrameworks/WatchdogClient.framework/Versions/A/WatchdogClient
0x000000019407b000 	/System/Library/Frameworks/CoreDisplay.framework/Versions/A/CoreDisplay
0x000000019cf66000 	/System/Library/Frameworks/CoreMedia.framework/Versions/A/CoreMedia
0x000000019ccba000 	/System/Library/PrivateFrameworks/IOAccelerator.framework/Versions/A/IOAccelerator
0x000000019b275000 	/System/Library/Frameworks/CoreVideo.framework/Versions/A/CoreVideo
0x000000019fb9e000 	/System/Library/Frameworks/MetalPerformanceShaders.framework/Versions/A/MetalPerformanceShaders
0x00000002575df000 	/System/Library/PrivateFrameworks/ProDisplayLibrary.framework/Versions/A/ProDisplayLibrary
0x00000001a19dc000 	/System/Library/Frameworks/VideoToolbox.framework/Versions/A/VideoToolbox
0x000000019debb000 	/System/Library/PrivateFrameworks/AggregateDictionary.framework/Versions/A/AggregateDictionary
0x00000001a0eb2000 	/System/Library/PrivateFrameworks/APFS.framework/Versions/A/APFS
0x000000023731c000 	/System/Library/PrivateFrameworks/AppleKeyStore.framework/Versions/A/AppleKeyStore
0x00000001a0f32000 	/usr/lib/libutil.dylib
0x00000001a0e91000 	/usr/lib/liblzma.5.dylib
0x000000019a660000 	/System/Library/Frameworks/Accelerate.framework/Versions/A/Frameworks/vImage.framework/Versions/A/vImage
0x00000001a708b000 	/System/Library/Frameworks/Accelerate.framework/Versions/A/Frameworks/vecLib.framework/Versions/A/vecLib
0x00000001a0f6a000 	/System/Library/Frameworks/Accelerate.framework/Versions/A/Frameworks/vecLib.framework/Versions/A/libvMisc.dylib
0x00000001927d8000 	/System/Library/Frameworks/Accelerate.framework/Versions/A/Frameworks/vecLib.framework/Versions/A/libBLAS.dylib
0x00000001a349c000 	/System/Library/Frameworks/ApplicationServices.framework/Versions/A/Frameworks/ATS.framework/Versions/A/ATS
0x000000019884b000 	/System/Library/Frameworks/ApplicationServices.framework/Versions/A/Frameworks/HIServices.framework/Versions/A/HIServices
0x00000001a1fbb000 	/System/Library/Frameworks/ApplicationServices.framework/Versions/A/Frameworks/PrintCore.framework/Versions/A/PrintCore
0x00000001a3888000 	/System/Library/Frameworks/ApplicationServices.framework/Versions/A/Frameworks/QD.framework/Versions/A/QD
0x00000001a387f000 	/System/Library/Frameworks/ApplicationServices.framework/Versions/A/Frameworks/ColorSyncLegacy.framework/Versions/A/ColorSyncLegacy
0x00000001a346e000 	/System/Library/Frameworks/ApplicationServices.framework/Versions/A/Frameworks/SpeechSynthesis.framework/Versions/A/SpeechSynthesis
0x000000019eaa4000 	/System/Library/PrivateFrameworks/CoreEmoji.framework/Versions/A/CoreEmoji
0x0000000241632000 	/System/Library/PrivateFrameworks/FontServices.framework/Versions/A/FontServices
0x00000001a14ce000 	/System/Library/PrivateFrameworks/OTSVG.framework/Versions/A/OTSVG
0x000000019ae04000 	/System/Library/Frameworks/ApplicationServices.framework/Versions/A/Frameworks/ATS.framework/Versions/A/Resources/libFontRegistry.dylib
0x00000001a1518000 	/System/Library/PrivateFrameworks/FontServices.framework/libhvf.dylib
0x0000000253642000 	/System/Library/PrivateFrameworks/ParsingInternal.framework/Versions/A/ParsingInternal
0x00000002725ab000 	/usr/lib/swift/libswiftRegexBuilder.dylib
0x0000000272748000 	/usr/lib/swift/libswift_RegexParser.dylib
0x00000001a185c000 	/System/Library/PrivateFrameworks/AppleJPEG.framework/Versions/A/AppleJPEG
0x00000001a12e3000 	/usr/lib/libexpat.1.dylib
0x00000001a1e90000 	/System/Library/Frameworks/ImageIO.framework/Versions/A/Resources/libPng.dylib
0x00000001a1ebb000 	/System/Library/Frameworks/ImageIO.framework/Versions/A/Resources/libTIFF.dylib
0x00000001a1fa6000 	/System/Library/Frameworks/ImageIO.framework/Versions/A/Resources/libGIF.dylib
0x00000001a18a2000 	/System/Library/Frameworks/ImageIO.framework/Versions/A/Resources/libJP2.dylib
0x00000001a1f4c000 	/System/Library/Frameworks/ImageIO.framework/Versions/A/Resources/libJPEG.dylib
0x00000001a1f43000 	/System/Library/Frameworks/ImageIO.framework/Versions/A/Resources/libRadiance.dylib
0x00000002463fa000 	/System/Library/PrivateFrameworks/GPUCompiler.framework/Versions/32023/Libraries/libllvm-flatbuffers.dylib
0x00000002416f8000 	/System/Library/PrivateFrameworks/FramePacing.framework/Versions/A/FramePacing
0x00000001eece3000 	/System/Library/Frameworks/OpenGL.framework/Versions/A/Libraries/libCoreFSCache.dylib
0x00000002422a3000 	/System/Library/PrivateFrameworks/GPUCompiler.framework/Versions/32023/Libraries/libGPUCompilerUtils.dylib
0x0000000241633000 	/System/Library/PrivateFrameworks/FontServices.framework/libXTFontStaticRegistryData.dylib
0x00000001ac88e000 	/System/Library/PrivateFrameworks/ASEProcessing.framework/Versions/A/ASEProcessing
0x00000001d8221000 	/System/Library/PrivateFrameworks/Symbolication.framework/Versions/A/Symbolication
0x00000002567f5000 	/System/Library/PrivateFrameworks/PhotosensitivityProcessing.framework/Versions/A/PhotosensitivityProcessing
0x00000001a14c2000 	/System/Library/PrivateFrameworks/GraphVisualizer.framework/Versions/A/GraphVisualizer
0x00000001eed43000 	/System/Library/Frameworks/OpenGL.framework/Versions/A/Libraries/libGLU.dylib
0x00000001eed05000 	/System/Library/Frameworks/OpenGL.framework/Versions/A/Libraries/libGFXShared.dylib
0x00000001eeed6000 	/System/Library/Frameworks/OpenGL.framework/Versions/A/Libraries/libGL.dylib
0x00000001eed0e000 	/System/Library/Frameworks/OpenGL.framework/Versions/A/Libraries/libGLImage.dylib
0x00000001eed02000 	/System/Library/Frameworks/OpenGL.framework/Versions/A/Libraries/libCVMSPluginSupport.dylib
0x0000000271b64000 	/usr/lib/libRosetta.dylib
0x00000001eeceb000 	/System/Library/Frameworks/OpenGL.framework/Versions/A/Libraries/libCoreVMClient.dylib
0x000000019ddfd000 	/System/Library/Frameworks/MetalPerformanceShaders.framework/Versions/A/Frameworks/MPSCore.framework/Versions/A/MPSCore
0x000000019f42f000 	/System/Library/Frameworks/MetalPerformanceShaders.framework/Versions/A/Frameworks/MPSImage.framework/Versions/A/MPSImage
0x000000019ee7e000 	/System/Library/Frameworks/MetalPerformanceShaders.framework/Versions/A/Frameworks/MPSNeuralNetwork.framework/Versions/A/MPSNeuralNetwork
0x000000019f2b4000 	/System/Library/Frameworks/MetalPerformanceShaders.framework/Versions/A/Frameworks/MPSMatrix.framework/Versions/A/MPSMatrix
0x000000019f0cc000 	/System/Library/Frameworks/MetalPerformanceShaders.framework/Versions/A/Frameworks/MPSRayIntersector.framework/Versions/A/MPSRayIntersector
0x000000019f2e6000 	/System/Library/Frameworks/MetalPerformanceShaders.framework/Versions/A/Frameworks/MPSNDArray.framework/Versions/A/MPSNDArray
0x00000001f2abb000 	/System/Library/Frameworks/MetalPerformanceShaders.framework/Versions/A/Frameworks/MPSFunctions.framework/Versions/A/MPSFunctions
0x00000001f2a9f000 	/System/Library/Frameworks/MetalPerformanceShaders.framework/Versions/A/Frameworks/MPSBenchmarkLoop.framework/Versions/A/MPSBenchmarkLoop
0x000000019265c000 	/System/Library/PrivateFrameworks/MetalTools.framework/Versions/A/MetalTools
0x00000001bea42000 	/System/Library/PrivateFrameworks/IOAccelMemoryInfo.framework/Versions/A/IOAccelMemoryInfo
0x00000001cb4b4000 	/System/Library/PrivateFrameworks/kperf.framework/Versions/A/kperf
0x00000001b9ed9000 	/System/Library/PrivateFrameworks/GPURawCounter.framework/Versions/A/GPURawCounter
0x00000001a931c000 	/System/Library/PrivateFrameworks/CoreSymbolication.framework/Versions/A/CoreSymbolication
0x00000001b9e73000 	/System/Library/PrivateFrameworks/MallocStackLogging.framework/Versions/A/MallocStackLogging
0x00000001a1081000 	/System/Library/PrivateFrameworks/CrashReporterSupport.framework/Versions/A/CrashReporterSupport
0x00000001a92d6000 	/System/Library/PrivateFrameworks/DebugSymbols.framework/Versions/A/DebugSymbols
0x00000001ca74c000 	/System/Library/PrivateFrameworks/OSAnalytics.framework/Versions/A/OSAnalytics
0x00000001a1f77000 	/System/Library/Frameworks/ApplicationServices.framework/Versions/A/Frameworks/ATSUI.framework/Versions/A/ATSUI
0x00000001a3812000 	/usr/lib/libcups.2.dylib
0x00000001a38ae000 	/System/Library/Frameworks/Kerberos.framework/Versions/A/Kerberos
0x00000001a351b000 	/usr/lib/libresolv.9.dylib
0x000000019fa31000 	/usr/lib/libiconv.2.dylib
0x00000001a152b000 	/System/Library/PrivateFrameworks/Heimdal.framework/Versions/A/Heimdal
0x00000001ab6ac000 	/System/Library/Frameworks/Kerberos.framework/Versions/A/Libraries/libHeimdalProxy.dylib
0x00000001a12fe000 	/usr/lib/libheimdal-asn1.dylib
0x000000019b0d8000 	/System/Library/Frameworks/OpenDirectory.framework/Versions/A/OpenDirectory
0x00000001a391b000 	/System/Library/PrivateFrameworks/CommonAuth.framework/Versions/A/CommonAuth
0x000000019b0e6000 	/System/Library/Frameworks/OpenDirectory.framework/Versions/A/Frameworks/CFOpenDirectory.framework/Versions/A/CFOpenDirectory
0x000000019f986000 	/usr/lib/libcharset.1.dylib
0x00000001ef276000 	/System/Library/Frameworks/AVFAudio.framework/Versions/A/AVFAudio
0x00000001b402f000 	/System/Library/PrivateFrameworks/AXCoreUtilities.framework/Versions/A/AXCoreUtilities
0x000000024cdf4000 	/System/Library/PrivateFrameworks/IsolatedCoreAudioClient.framework/Versions/A/IsolatedCoreAudioClient
0x00000001a3455000 	/usr/lib/libAudioStatistics.dylib
0x000000019cf3e000 	/System/Library/PrivateFrameworks/caulk.framework/Versions/A/caulk
0x000000019419c000 	/System/Library/PrivateFrameworks/AudioToolboxCore.framework/Versions/A/AudioToolboxCore
0x00000001ad938000 	/System/Library/Frameworks/CoreMIDI.framework/Versions/A/CoreMIDI
0x00000001a33f8000 	/System/Library/PrivateFrameworks/AudioSession.framework/Versions/A/AudioSession
0x00000001a4d21000 	/System/Library/Frameworks/IOBluetooth.framework/Versions/A/IOBluetooth
0x00000001a13e8000 	/System/Library/PrivateFrameworks/MediaExperience.framework/Versions/A/MediaExperience
0x0000000264640000 	/System/Library/PrivateFrameworks/Tightbeam.framework/Versions/A/Tightbeam
0x00000001cfcba000 	/System/Library/PrivateFrameworks/AFKUser.framework/Versions/A/AFKUser
0x00000001a150e000 	/System/Library/PrivateFrameworks/AppServerSupport.framework/Versions/A/AppServerSupport
0x00000001a3892000 	/System/Library/PrivateFrameworks/perfdata.framework/Versions/A/perfdata
0x00000001b90db000 	/System/Library/PrivateFrameworks/SystemPolicy.framework/Versions/A/SystemPolicy
0x00000001a3731000 	/usr/lib/libSMC.dylib
0x00000001a1e5a000 	/usr/lib/libAudioToolboxUtility.dylib
0x00000001a38a0000 	/usr/lib/libperfcheck.dylib
0x0000000237901000 	/System/Library/PrivateFrameworks/AudioAnalytics.framework/Versions/A/AudioAnalytics
0x00000001e3246000 	/System/Library/PrivateFrameworks/FeatureFlags.framework/Versions/A/FeatureFlags
0x00000001dbee0000 	/System/Library/Frameworks/OSLog.framework/Versions/A/OSLog
0x000000019f4cf000 	/usr/lib/libbz2.1.0.dylib
0x00000001b9ea5000 	/usr/lib/libmis.dylib
0x00000001a320b000 	/System/Library/PrivateFrameworks/AudioSession.framework/libSessionUtility.dylib
0x00000001a1fac000 	/System/Library/PrivateFrameworks/CMCaptureCore.framework/Versions/A/CMCaptureCore
0x00000001f0946000 	/System/Library/Frameworks/ExtensionFoundation.framework/Versions/A/ExtensionFoundation
0x00000001a9430000 	/System/Library/PrivateFrameworks/CoreTime.framework/Versions/A/CoreTime
0x00000001a11e0000 	/System/Library/PrivateFrameworks/PlugInKit.framework/Versions/A/PlugInKit
0x00000001a8065000 	/System/Library/PrivateFrameworks/PowerLog.framework/Versions/A/PowerLog
0x00000001a7f74000 	/System/Library/Frameworks/CoreBluetooth.framework/Versions/A/CoreBluetooth
0x00000001ab6ad000 	/System/Library/Frameworks/AudioUnit.framework/Versions/A/AudioUnit
0x000000019eb67000 	/System/Library/PrivateFrameworks/CoreUtils.framework/Versions/A/CoreUtils
0x000000023e4fa000 	/System/Library/PrivateFrameworks/CoreUtilsExtras.framework/Versions/A/CoreUtilsExtras
0x00000001a73a9000 	/System/Library/Frameworks/MediaAccessibility.framework/Versions/A/MediaAccessibility
0x00000001c22f9000 	/System/Library/PrivateFrameworks/AttributeGraph.framework/Versions/A/AttributeGraph
0x0000000271804000 	/usr/lib/libAXSafeCategoryBundle.dylib
0x00000001b40ec000 	/usr/lib/libAccessibility.dylib
0x000000019e9b1000 	/System/Library/Frameworks/Accelerate.framework/Versions/A/Frameworks/vecLib.framework/Versions/A/libvDSP.dylib
0x000000019fc7c000 	/System/Library/Frameworks/Accelerate.framework/Versions/A/Frameworks/vecLib.framework/Versions/A/libLAPACK.dylib
0x000000019ee69000 	/System/Library/Frameworks/Accelerate.framework/Versions/A/Frameworks/vecLib.framework/Versions/A/libLinearAlgebra.dylib
0x000000019fb8b000 	/System/Library/Frameworks/Accelerate.framework/Versions/A/Frameworks/vecLib.framework/Versions/A/libSparseBLAS.dylib
0x000000019fc77000 	/System/Library/Frameworks/Accelerate.framework/Versions/A/Frameworks/vecLib.framework/Versions/A/libQuadrature.dylib
0x000000019dfeb000 	/System/Library/Frameworks/Accelerate.framework/Versions/A/Frameworks/vecLib.framework/Versions/A/libBNNS.dylib
0x0000000192c6a000 	/System/Library/Frameworks/Accelerate.framework/Versions/A/Frameworks/vecLib.framework/Versions/A/libSparse.dylib
0x000000024e357000 	/System/Library/PrivateFrameworks/MIL.framework/Versions/A/MIL
0x00000001a1f3e000 	/System/Library/PrivateFrameworks/GPUWrangler.framework/Versions/A/GPUWrangler
0x00000001a1f1e000 	/System/Library/PrivateFrameworks/IOPresentment.framework/Versions/A/IOPresentment
0x00000001a1f46000 	/System/Library/PrivateFrameworks/DSExternalDisplay.framework/Versions/A/DSExternalDisplay
0x00000001dc2ed000 	/System/Library/PrivateFrameworks/HIDDisplay.framework/Versions/A/HIDDisplay
0x00000001b2e00000 	/System/Library/PrivateFrameworks/HID.framework/Versions/A/HID
0x0000000267e62000 	/System/Library/PrivateFrameworks/VideoToolboxParavirtualizationSupport.framework/Versions/A/VideoToolboxParavirtualizationSupport
0x00000001a1299000 	/System/Library/PrivateFrameworks/AppleVA.framework/Versions/A/AppleVA
0x00000001a8f7f000 	/System/Library/PrivateFrameworks/GraphicsServices.framework/Versions/A/GraphicsServices
0x00000001a3a88000 	/System/Library/PrivateFrameworks/CorePhoneNumbers.framework/Versions/A/CorePhoneNumbers
0x00000001a8155000 	/System/Library/PrivateFrameworks/MediaKit.framework/Versions/A/MediaKit
0x00000001a80a0000 	/System/Library/Frameworks/DiscRecording.framework/Versions/A/DiscRecording
0x00000001a3872000 	/System/Library/PrivateFrameworks/NetAuth.framework/Versions/A/NetAuth
0x000000019b2d6000 	/System/Library/PrivateFrameworks/login.framework/Versions/A/Frameworks/loginsupport.framework/Versions/A/loginsupport
0x00000001a1309000 	/System/Library/PrivateFrameworks/IconFoundation.framework/Versions/A/IconFoundation
0x00000001a1078000 	/usr/lib/libIOReport.dylib
0x000000023751c000 	/System/Library/PrivateFrameworks/AppleMobileFileIntegrity.framework/Versions/A/AppleMobileFileIntegrity
0x0000000271baa000 	/usr/lib/libTLE.dylib
0x00000001ebc51000 	/System/Library/PrivateFrameworks/ConfigProfileHelper.framework/Versions/A/ConfigProfileHelper
0x000000019ee05000 	/usr/lib/libmecab.dylib
0x0000000192d5f000 	/usr/lib/libCRFSuite.dylib
0x000000019dec4000 	/System/Library/PrivateFrameworks/CoreNLP.framework/Versions/A/CoreNLP
0x000000019ee66000 	/usr/lib/libgermantok.dylib
0x000000019fb41000 	/usr/lib/libThaiTokenizer.dylib
0x000000019edcf000 	/usr/lib/libCheckFix.dylib
0x000000019a56d000 	/System/Library/PrivateFrameworks/MetadataUtilities.framework/Versions/A/MetadataUtilities
0x000000024a21e000 	/System/Library/PrivateFrameworks/InstalledContentLibrary.framework/Versions/A/InstalledContentLibrary
0x00000001958a6000 	/System/Library/PrivateFrameworks/CoreServicesStore.framework/Versions/A/CoreServicesStore
0x00000001cb5c0000 	/System/Library/PrivateFrameworks/MobileSystemServices.framework/Versions/A/MobileSystemServices
0x00000001a0f36000 	/usr/lib/libxslt.1.dylib
0x000000019ed91000 	/System/Library/PrivateFrameworks/BackgroundTaskManagement.framework/Versions/A/BackgroundTaskManagement
0x00000001aae59000 	/usr/lib/libcurl.4.dylib
0x0000000271de3000 	/usr/lib/libcrypto.46.dylib
0x0000000272330000 	/usr/lib/libssl.48.dylib
0x00000001aab2d000 	/System/Library/Frameworks/LDAP.framework/Versions/A/LDAP
0x00000001aab69000 	/System/Library/PrivateFrameworks/TrustEvaluationAgent.framework/Versions/A/TrustEvaluationAgent
0x00000001a3534000 	/usr/lib/libsasl2.2.dylib
0x00000001b76ad000 	/usr/lib/swift/libswiftCoreGraphics.dylib
0x00000001a79e3000 	/usr/lib/swift/libswiftFoundation.dylib
0x00000001eb708000 	/usr/lib/swift/libswiftSwiftOnoneSupport.dylib
0x00000001d89b6000 	/System/Library/PrivateFrameworks/CoreMaterial.framework/Versions/A/CoreMaterial
0x0000000258e42000 	/System/Library/PrivateFrameworks/SFSymbols.framework/Versions/A/SFSymbols
0x00000001a6ca9000 	/System/Library/PrivateFrameworks/SpeechRecognitionCore.framework/Versions/A/SpeechRecognitionCore
0x000000010175c000 	/opt/homebrew/Cellar/openjdk@11/11.0.25/libexec/openjdk.jdk/Contents/Home/lib/server/libjvm.dylib
0x0000000100774000 	/opt/homebrew/Cellar/openjdk@11/11.0.25/libexec/openjdk.jdk/Contents/Home/lib/libverify.dylib
0x00000001007c4000 	/opt/homebrew/Cellar/openjdk@11/11.0.25/libexec/openjdk.jdk/Contents/Home/lib/libjava.dylib
0x000000010078c000 	/opt/homebrew/Cellar/openjdk@11/11.0.25/libexec/openjdk.jdk/Contents/Home/lib/libjimage.dylib
0x00000001007fc000 	/opt/homebrew/Cellar/openjdk@11/11.0.25/libexec/openjdk.jdk/Contents/Home/lib/libinstrument.dylib
0x0000000100870000 	/opt/homebrew/Cellar/openjdk@11/11.0.25/libexec/openjdk.jdk/Contents/Home/lib/libzip.dylib
0x0000000100a7c000 	/opt/homebrew/Cellar/openjdk@11/11.0.25/libexec/openjdk.jdk/Contents/Home/lib/libnio.dylib
0x0000000100ac0000 	/opt/homebrew/Cellar/openjdk@11/11.0.25/libexec/openjdk.jdk/Contents/Home/lib/libnet.dylib
0x0000000100a5c000 	/opt/homebrew/Cellar/openjdk@11/11.0.25/libexec/openjdk.jdk/Contents/Home/lib/libextnet.dylib
0x0000000100a9c000 	/opt/homebrew/Cellar/openjdk@11/11.0.25/libexec/openjdk.jdk/Contents/Home/lib/libmanagement.dylib
0x0000000100ae4000 	/opt/homebrew/Cellar/openjdk@11/11.0.25/libexec/openjdk.jdk/Contents/Home/lib/libmanagement_ext.dylib
0x000000011d644000 	/opt/homebrew/Cellar/openjdk@11/11.0.25/libexec/openjdk.jdk/Contents/Home/lib/libsunec.dylib


VM Arguments:
jvm_args: -XX:TieredStopAtLevel=1 -Xverify:none -Dspring.output.ansi.enabled=always -Dcom.sun.management.jmxremote -Dspring.jmx.enabled=true -Dspring.liveBeansView.mbeanDomain -Dspring.application.admin.enabled=true -Dmanagement.endpoints.jmx.exposure.include=* -javaagent:/Applications/IntelliJ IDEA.app/Contents/lib/idea_rt.jar=60804:/Applications/IntelliJ IDEA.app/Contents/bin -Dfile.encoding=UTF-8 
java_command: com.anynote.file.AnyNoteFileApplication
java_class_path (initial): /Users/zch/code/anynote/Anynote-Cloud/anynote-modules/anynote-modules-file/target/classes:/Users/zch/.m2/repository/com/alibaba/cloud/spring-cloud-starter-alibaba-nacos-discovery/2021.0.4.0/spring-cloud-starter-alibaba-nacos-discovery-2021.0.4.0.jar:/Users/zch/.m2/repository/com/alibaba/cloud/spring-cloud-alibaba-commons/2021.0.4.0/spring-cloud-alibaba-commons-2021.0.4.0.jar:/Users/zch/.m2/repository/com/alibaba/nacos/nacos-client/2.0.4/nacos-client-2.0.4.jar:/Users/zch/.m2/repository/org/apache/httpcomponents/httpasyncclient/4.1.5/httpasyncclient-4.1.5.jar:/Users/zch/.m2/repository/org/apache/httpcomponents/httpcore/4.4.16/httpcore-4.4.16.jar:/Users/zch/.m2/repository/org/apache/httpcomponents/httpcore-nio/4.4.16/httpcore-nio-4.4.16.jar:/Users/zch/.m2/repository/org/apache/httpcomponents/httpclient/4.5.14/httpclient-4.5.14.jar:/Users/zch/.m2/repository/org/reflections/reflections/0.9.11/reflections-0.9.11.jar:/Users/zch/.m2/repository/org/javassist/javassist/3.21.0-GA/javassist-3.21.0-GA.jar:/Users/zch/.m2/repository/io/prometheus/simpleclient/0.15.0/simpleclient-0.15.0.jar:/Users/zch/.m2/repository/io/prometheus/simpleclient_tracer_otel/0.15.0/simpleclient_tracer_otel-0.15.0.jar:/Users/zch/.m2/repository/io/prometheus/simpleclient_tracer_common/0.15.0/simpleclient_tracer_common-0.15.0.jar:/Users/zch/.m2/repository/io/prometheus/simpleclient_tracer_otel_agent/0.15.0/simpleclient_tracer_otel_agent-0.15.0.jar:/Users/zch/.m2/repository/org/yaml/snakeyaml/1.30/snakeyaml-1.30.jar:/Users/zch/.m2/repository/com/alibaba/spring/spring-context-support/1.0.11/spring-context-support-1.0.11.jar:/Users/zch/.m2/repository/org/springframework/cloud/spring-cloud-commons/3.1.5/spring-cloud-commons-3.1.5.jar:/Users/zch/.m2/repository/org/springframework/security/spring-security-crypto/5.7.6/spring-security-crypto-5.7.6.jar:/Users/zch/.m2/repository/org/springframework/cloud/spring-cloud-context/3.1.5/spring-cloud-context-3.1.5.jar:/Users/zch/.m2/repositor
Launcher Type: SUN_STANDARD

[Global flags]
     bool BytecodeVerificationLocal                = false                                     {product} {command line}
     bool BytecodeVerificationRemote               = false                                     {product} {command line}
     intx CICompilerCount                          = 4                                         {product} {ergonomic}
     uint ConcGCThreads                            = 2                                         {product} {ergonomic}
     uint G1ConcRefinementThreads                  = 8                                         {product} {ergonomic}
   size_t G1HeapRegionSize                         = 1048576                                   {product} {ergonomic}
    uintx GCDrainStackTargetSize                   = 64                                        {product} {ergonomic}
   size_t InitialHeapSize                          = 402653184                                 {product} {ergonomic}
     bool ManagementServer                         = true                                      {product} {command line}
   size_t MarkStackSize                            = 4194304                                   {product} {ergonomic}
   size_t MaxHeapSize                              = 6442450944                                {product} {ergonomic}
   size_t MaxNewSize                               = 3865051136                                {product} {ergonomic}
   size_t MinHeapDeltaBytes                        = 1048576                                   {product} {ergonomic}
    uintx NonNMethodCodeHeapSize                   = 7549744                                {pd product} {ergonomic}
    uintx NonProfiledCodeHeapSize                  = 244108496                              {pd product} {ergonomic}
    uintx ProfiledCodeHeapSize                     = 0                                      {pd product} {ergonomic}
    uintx ReservedCodeCacheSize                    = 251658240                              {pd product} {ergonomic}
     bool SegmentedCodeCache                       = true                                      {product} {ergonomic}
     intx TieredStopAtLevel                        = 1                                         {product} {command line}
     bool UseCompressedClassPointers               = true                                 {lp64_product} {ergonomic}
     bool UseCompressedOops                        = true                                 {lp64_product} {ergonomic}
     bool UseG1GC                                  = true                                      {product} {ergonomic}

Logging:
Log output configuration:
 #0: stdout all=warning uptime,level,tags
 #1: stderr all=off uptime,level,tags

Environment Variables:
PATH=/Users/zch/.nvm/versions/node/v18.20.4/bin:/Users/zch/miniconda3/bin:/Users/zch/miniconda3/condabin:/Users/zch/software/apache-maven-3.9.9/bin:/opt/homebrew/bin:/opt/homebrew/sbin:/usr/local/bin:/System/Cryptexes/App/usr/bin:/usr/bin:/bin:/usr/sbin:/sbin:/var/run/com.apple.security.cryptexd/codex.system/bootstrap/usr/local/bin:/var/run/com.apple.security.cryptexd/codex.system/bootstrap/usr/bin:/var/run/com.apple.security.cryptexd/codex.system/bootstrap/usr/appleinternal/bin:/Library/Apple/usr/bin:/Users/zch/.cargo/bin:/Users/zch/.lmstudio/bin
SHELL=/bin/zsh
LC_CTYPE=zh_CN.UTF-8
TMPDIR=/var/folders/3k/c0jh496n44v4f8t5jhnw4c900000gn/T/

Signal Handlers:
SIGSEGV: [libjvm.dylib+0x701dd0], sa_mask[0]=11111111011111110111111111111111, sa_flags=SA_ONSTACK|SA_RESTART|SA_SIGINFO
SIGBUS: [libjvm.dylib+0x701dd0], sa_mask[0]=11111111011111110111111111111111, sa_flags=SA_RESTART|SA_SIGINFO
SIGFPE: [libjvm.dylib+0x701dd0], sa_mask[0]=11111111011111110111111111111111, sa_flags=SA_RESTART|SA_SIGINFO
SIGPIPE: [libjvm.dylib+0x56a09c], sa_mask[0]=11111111011111110111111111111111, sa_flags=SA_RESTART|SA_SIGINFO
SIGXFSZ: [libjvm.dylib+0x56a09c], sa_mask[0]=11111111011111110111111111111111, sa_flags=SA_RESTART|SA_SIGINFO
SIGILL: [libjvm.dylib+0x701dd0], sa_mask[0]=11111111011111110111111111111111, sa_flags=SA_RESTART|SA_SIGINFO
SIGUSR2: [libjvm.dylib+0x56a698], sa_mask[0]=00000000000000000000000000000000, sa_flags=SA_RESTART|SA_SIGINFO
SIGHUP: [libjvm.dylib+0x568e30], sa_mask[0]=11111111011111110111111111111111, sa_flags=SA_RESTART|SA_SIGINFO
SIGINT: [libjvm.dylib+0x568e30], sa_mask[0]=11111111011111110111111111111111, sa_flags=SA_RESTART|SA_SIGINFO
SIGTERM: [libjvm.dylib+0x568e30], sa_mask[0]=11111111011111110111111111111111, sa_flags=SA_RESTART|SA_SIGINFO
SIGQUIT: [libjvm.dylib+0x568e30], sa_mask[0]=11111111011111110111111111111111, sa_flags=SA_RESTART|SA_SIGINFO


---------------  S Y S T E M  ---------------

OS:uname:Darwin 24.3.0 Darwin Kernel Version 24.3.0: Thu Jan  2 20:24:23 PST 2025; root:xnu-11215.81.4~3/RELEASE_ARM64_T8122 arm64
OS uptime: 20 days 2:21 hours
rlimit (soft/hard): STACK 8176k/65520k , CORE 0k/infinity , NPROC 4000/6000 , NOFILE 10240/infinity , AS infinity/infinity , CPU infinity/infinity , DATA infinity/infinity , FSIZE infinity/infinity , MEMLOCK infinity/infinity , RSS infinity/infinity
load average:6.39 5.95 5.71

CPU:total 8 (initial active 8) 0x61:0x0:0xfa33415e:0, simd, crc, lse

Memory: 16k page, physical 25165824k(75408k free), swap 24117248k(917696k free)

vm_info: OpenJDK 64-Bit Server VM (11.0.25+0) for bsd-aarch64 JRE (11.0.25+0), built on Oct 15 2024 22:10:31 by "brew" with clang Homebrew Clang 19.1.1

END.
