#
# A fatal error has been detected by the Java Runtime Environment:
#
#  SIGSEGV (0xb) at pc=0x0000000101d4511c, pid=59776, tid=95747
#
# JRE version: OpenJDK Runtime Environment Homebrew (11.0.25) (build 11.0.25+0)
# Java VM: OpenJDK 64-Bit Server VM Homebrew (11.0.25+0, mixed mode, tiered, compressed oops, g1 gc, bsd-aarch64)
# Problematic frame:
# V  [libjvm.dylib+0x69511c]  ObjectSynchronizer::inflate(Thread*, oopDesc*, ObjectSynchronizer::InflateCause)+0x18c
#
# No core dump will be written. Core dumps have been disabled. To enable core dumping, try "ulimit -c unlimited" before starting Java again
#
# If you would like to submit a bug report, please visit:
#   https://github.com/Homebrew/homebrew-core/issues
#

---------------  S U M M A R Y ------------

Command Line: -agentlib:jdwp=transport=dt_socket,address=127.0.0.1:64793,suspend=y,server=n -XX:TieredStopAtLevel=1 -Xverify:none -Dspring.output.ansi.enabled=always -Dcom.sun.management.jmxremote -Dspring.jmx.enabled=true -Dspring.liveBeansView.mbeanDomain -Dspring.application.admin.enabled=true -Dmanagement.endpoints.jmx.exposure.include=* -javaagent:/Users/zch/Library/Caches/JetBrains/IntelliJIdea2024.2/captureAgent/debugger-agent.jar=file:/private/var/folders/3k/c0jh496n44v4f8t5jhnw4c900000gn/T/capture.props -Dkotlinx.coroutines.debug.enable.creation.stack.trace=false -Ddebugger.agent.enable.coroutines=true -Dfile.encoding=UTF-8 com.anynote.ai.nio.AnyNoteAINioApplication

Host: Mac15,12 arm64 1 MHz, 8 cores, 24G, Darwin 24.3.0
Time: Tue Mar 18 18:42:22 2025 CST elapsed time: 7.949640 seconds (0d 0h 0m 7s)

---------------  T H R E A D  ---------------

Current thread (0x000000012137c800):  JavaThread "Druid-ConnectionPool-Create-358945794" daemon [_thread_in_Java, id=95747, stack(0x00000003112a4000,0x00000003114a7000)]

Stack: [0x00000003112a4000,0x00000003114a7000],  sp=0x00000003114a3a60,  free space=2046k
Native frames: (J=compiled Java code, A=aot compiled Java code, j=interpreted, Vv=VM code, C=native code)
V  [libjvm.dylib+0x69511c]  ObjectSynchronizer::inflate(Thread*, oopDesc*, ObjectSynchronizer::InflateCause)+0x18c
V  [libjvm.dylib+0x694f70]  ObjectSynchronizer::fast_exit(oopDesc*, BasicLock*, Thread*)+0x54
V  [libjvm.dylib+0x5e9130]  SharedRuntime::monitor_exit_helper(oopDesc*, BasicLock*, JavaThread*, bool)+0x44
V  [libjvm.dylib+0x12aa9c]  Runtime1::monitorexit(JavaThread*, BasicObjectLock*)+0x58
v  ~RuntimeStub::monitorexit_nofpu Runtime1 stub
C  0x000000065693b9a0

Java frames: (J=compiled Java code, j=interpreted, Vv=VM code)
v  ~RuntimeStub::monitorexit_nofpu Runtime1 stub
J 345 c1 java.util.zip.ZipFile.getEntry(Ljava/lang/String;Ljava/util/function/Function;)Ljava/util/zip/ZipEntry; java.base@11.0.25 (73 bytes) @ 0x00000001387aa6ac [0x00000001387aa440+0x000000000000026c]
J 1190 c1 java.util.jar.JarFile.getVersionedEntry(Ljava/lang/String;Ljava/util/jar/JarEntry;)Ljava/util/jar/JarEntry; java.base@11.0.25 (85 bytes) @ 0x0000000138924e00 [0x0000000138924b80+0x0000000000000280]
J 1185 c1 java.util.jar.JarFile.getEntry(Ljava/lang/String;)Ljava/util/zip/ZipEntry; java.base@11.0.25 (22 bytes) @ 0x000000013891f61c [0x000000013891f480+0x000000000000019c]
J 1183 c1 jdk.internal.loader.URLClassPath$JarLoader.getResource(Ljava/lang/String;Z)Ljdk/internal/loader/Resource; java.base@11.0.25 (65 bytes) @ 0x00000001389200d4 [0x0000000138920040+0x0000000000000094]
J 1193 c1 jdk.internal.loader.URLClassPath.getResource(Ljava/lang/String;Z)Ljdk/internal/loader/Resource; java.base@11.0.25 (74 bytes) @ 0x00000001389280c8 [0x0000000138928040+0x0000000000000088]
J 1297 c1 jdk.internal.loader.BuiltinClassLoader.findClassOnClassPathOrNull(Ljava/lang/String;)Ljava/lang/Class; java.base@11.0.25 (64 bytes) @ 0x0000000138962e14 [0x0000000138962d40+0x00000000000000d4]
J 3406 c1 jdk.internal.loader.BuiltinClassLoader.loadClassOrNull(Ljava/lang/String;Z)Ljava/lang/Class; java.base@11.0.25 (143 bytes) @ 0x0000000138cf6b78 [0x0000000138cf6700+0x0000000000000478]
J 1305 c1 jdk.internal.loader.ClassLoaders$AppClassLoader.loadClass(Ljava/lang/String;Z)Ljava/lang/Class; java.base@11.0.25 (40 bytes) @ 0x0000000138965164 [0x0000000138965040+0x0000000000000124]
J 1301 c1 java.lang.ClassLoader.loadClass(Ljava/lang/String;)Ljava/lang/Class; java.base@11.0.25 (7 bytes) @ 0x00000001389618bc [0x0000000138961840+0x000000000000007c]
v  ~StubRoutines::call_stub
J 1390  java.lang.ClassLoader.defineClass1(Ljava/lang/ClassLoader;Ljava/lang/String;[BIILjava/security/ProtectionDomain;Ljava/lang/String;)Ljava/lang/Class; java.base@11.0.25 (0 bytes) @ 0x00000001389800a0 [0x000000013897ffc0+0x00000000000000e0]
J 1389 c1 java.lang.ClassLoader.defineClass(Ljava/lang/String;[BIILjava/security/ProtectionDomain;)Ljava/lang/Class; java.base@11.0.25 (43 bytes) @ 0x000000013898d020 [0x000000013898cf00+0x0000000000000120]
J 1377 c1 jdk.internal.loader.BuiltinClassLoader.defineClass(Ljava/lang/String;Ljdk/internal/loader/Resource;)Ljava/lang/Class; java.base@11.0.25 (121 bytes) @ 0x0000000138988298 [0x0000000138987dc0+0x00000000000004d8]
J 1297 c1 jdk.internal.loader.BuiltinClassLoader.findClassOnClassPathOrNull(Ljava/lang/String;)Ljava/lang/Class; java.base@11.0.25 (64 bytes) @ 0x0000000138962e34 [0x0000000138962d40+0x00000000000000f4]
J 3406 c1 jdk.internal.loader.BuiltinClassLoader.loadClassOrNull(Ljava/lang/String;Z)Ljava/lang/Class; java.base@11.0.25 (143 bytes) @ 0x0000000138cf6b78 [0x0000000138cf6700+0x0000000000000478]
J 1305 c1 jdk.internal.loader.ClassLoaders$AppClassLoader.loadClass(Ljava/lang/String;Z)Ljava/lang/Class; java.base@11.0.25 (40 bytes) @ 0x0000000138965164 [0x0000000138965040+0x0000000000000124]
J 1301 c1 java.lang.ClassLoader.loadClass(Ljava/lang/String;)Ljava/lang/Class; java.base@11.0.25 (7 bytes) @ 0x00000001389618bc [0x0000000138961840+0x000000000000007c]
v  ~StubRoutines::call_stub
j  com.mysql.cj.protocol.AbstractProtocol.<init>()V+5
j  com.mysql.cj.protocol.a.NativeProtocol.<init>(Lcom/mysql/cj/log/Log;)V+1
j  com.mysql.cj.protocol.a.NativeProtocol.getInstance(Lcom/mysql/cj/Session;Lcom/mysql/cj/protocol/SocketConnection;Lcom/mysql/cj/conf/PropertySet;Lcom/mysql/cj/log/Log;Lcom/mysql/cj/TransactionEventHandler;)Lcom/mysql/cj/protocol/a/NativeProtocol;+5
j  com.mysql.cj.NativeSession.connect(Lcom/mysql/cj/conf/HostInfo;Ljava/lang/String;Ljava/lang/String;Ljava/lang/String;ILcom/mysql/cj/TransactionEventHandler;)V+75
j  com.mysql.cj.jdbc.ConnectionImpl.connectOneTryOnly(Z)V+32
j  com.mysql.cj.jdbc.ConnectionImpl.createNewIO(Z)V+27
j  com.mysql.cj.jdbc.ConnectionImpl.<init>(Lcom/mysql/cj/conf/HostInfo;)V+753
j  com.mysql.cj.jdbc.ConnectionImpl.getInstance(Lcom/mysql/cj/conf/HostInfo;)Lcom/mysql/cj/jdbc/JdbcConnection;+5
j  com.mysql.cj.jdbc.NonRegisteringDriver.connect(Ljava/lang/String;Ljava/util/Properties;)Ljava/sql/Connection;+72
j  com.alibaba.druid.pool.DruidAbstractDataSource.createPhysicalConnection(Ljava/lang/String;Ljava/util/Properties;)Ljava/sql/Connection;+18
j  com.alibaba.druid.pool.DruidAbstractDataSource.createPhysicalConnection()Lcom/alibaba/druid/pool/DruidAbstractDataSource$PhysicalConnectionInfo;+410
j  com.alibaba.druid.pool.DruidDataSource$CreateConnectionThread.run()V+381
v  ~StubRoutines::call_stub

siginfo: si_signo: 11 (SIGSEGV), si_code: 2 (SEGV_ACCERR), si_addr: 0x0000000000000000

Register to memory mapping:

 x0=0x0 is NULL
 x1=0x00000006405a3bf0 is an oop: java.util.jar.JarFile 
{0x00000006405a3bf0} - klass: 'java/util/jar/JarFile'
 - ---- fields (total size 8 words):
 - private 'lastEntryPos' 'I' @12  59 (3b)
 - private volatile 'closeRequested' 'Z' @16  false
 - private final 'name' 'Ljava/lang/String;' @20  "/Users/zch/.m2/repository/com/google/errorprone/error_prone_annotations/2.33.0/error_prone_annotations-2.33.0.jar"{0x0000000640362f30} (c806c5e6)
 - private final synchronized 'zc' 'Ljava/util/zip/ZipCoder;' @24  a 'java/util/zip/ZipCoder$UTF8'{0x0000000640915c30} (c8122b86)
 - private final synchronized 'res' 'Ljava/util/zip/ZipFile$CleanableResource;' @28  a 'java/util/zip/ZipFile$CleanableResource'{0x0000000640361bc0} (c806c378)
 - private 'lastEntryName' 'Ljava/lang/String;' @32  "META-INF/MANIFEST.MF"{0x0000000640946238} (c8128c47)
 - private final 'versionFeature' 'I' @36  11 (b)
 - private 'jvInitialized' 'Z' @40  false
 - private 'verify' 'Z' @41  true
 - private 'isMultiRelease' 'Z' @42  true
 - private 'hasClassPathAttribute' 'Z' @43  false
 - private volatile 'hasCheckedSpecialAttributes' 'Z' @44  true
 - private strict 'manRef' 'Ljava/lang/ref/SoftReference;' @48  
[error occurred during error reporting (printing register info), id 0xb, SIGSEGV (0xb) at pc=0x0000000101c09918]

Registers:
 x0=0x0000000000000000  x1=0x00000006405a3bf0  x2=0x0000000000000000  x3=0x0000000000000001
 x4=0x000000005aa49b92  x5=0x0000000640363048  x6=0x0000000000000064  x7=0x000000000000008d
 x8=0x0000000000000000  x9=0x0000000000001889 x10=0x0000000000000000 x11=0x646c6f48656d6954
x12=0x7373616c632e7265 x13=0x0000000000000000 x14=0x0000000000000009 x15=0x00000000cb0157fb
x16=0x0000000000000020 x17=0x0000600003f7ff00 x18=0x0000000000000000 x19=0x0000000000000000
x20=0x00000006405a3bf0 x21=0x0000000103825440 x22=0x000000012137c800 x23=0x0000000000000000
x24=0x0000000101f3ba84 x25=0x0000000000000000 x26=0x0000600000f48158 x27=0x0000000000000000
x28=0x000000012137c800  fp=0x00000003114a3b10  lr=0x0000000101d45118  sp=0x00000003114a3a60
pc=0x0000000101d4511c cpsr=0x0000000060001000
Top of Stack: (sp=0x00000003114a3a60)
0x00000003114a3a60:   000000010ff84ca0 52bfddd8418a544c
0x00000003114a3a70:   000000012137c800 0000600002af3080
0x00000003114a3a80:   0000600000f480f0 0000600000f48180
0x00000003114a3a90:   0000600000f481d8 00000000000000d8
0x00000003114a3aa0:   0000000000000000 0000000000000000
0x00000003114a3ab0:   00000006403e3800 000000064090bb60
0x00000003114a3ac0:   000000064090bb60 00000000ffffffff
0x00000003114a3ad0:   0000600000f48158 000000000000000c
0x00000003114a3ae0:   0000000138035680 0000000000000000
0x00000003114a3af0:   000000012137c800 0000000000000001
0x00000003114a3b00:   00000006405a3bf0 000000012137c800
0x00000003114a3b10:   00000003114a3b30 0000000101d44f70
0x00000003114a3b20:   00000006405a3bf0 00000003114a3e30
0x00000003114a3b30:   00000003114a3b70 0000000101c99130
0x00000003114a3b40:   000000012137c800 000000012137c800
0x00000003114a3b50:   000000012137c800 0000000000000001
0x00000003114a3b60:   00000003114a3e30 000000012137c800
0x00000003114a3b70:   00000003114a3ba0 00000001017daa9c
0x00000003114a3b80:   00000003114a46b8 00000003114a45d8
0x00000003114a3b90:   00000003114a4400 000000065693c0c8
0x00000003114a3ba0:   00000003114a3da0 00000001380f4bf8
0x00000003114a3bb0:   000000065693b8e8 ffffffff0011caa0
0x00000003114a3bc0:   000000010ff84cd0 000060000343b420
0x00000003114a3bd0:   00000003114a3be0 0000000101c17f58
0x00000003114a3be0:   00000003114a3c00 0000000101d7e08c
0x00000003114a3bf0:   000000065693b8e8 00000030ffffffff
0x00000003114a3c00:   00000003114a44e0 0000000138754504
0x00000003114a3c10:   0000003000000030 000000065693b8e8
0x00000003114a3c20:   00000003114a44e0 000000013873f8ac
0x00000003114a3c30:   00000003114a44e0 00000001387e6f78
0x00000003114a3c40:   00000003114a44e0 000000013877f398
0x00000003114a3c50:   00000003114a44e0 00000001387a5d70 

Instructions: (pc=0x0000000101d4511c)
0x0000000101d4501c:   1f 30 00 f9 1f 44 00 f9 1f 28 00 f9 79 03 00 b4
0x0000000101d4502c:   b7 02 00 f9 bf 22 00 f9 bf 2a 00 f9 b4 06 00 f9
0x0000000101d4503c:   bf 2a 00 f9 bf 3a 00 f9 08 03 40 b9 a8 7e 00 b9
0x0000000101d4504c:   a9 02 7f b2 bf 3b 03 d5 e8 03 17 aa 89 7e a8 c8
0x0000000101d4505c:   bf 3b 03 d5 1f 01 17 eb 60 08 00 54 ff 02 08 eb
0x0000000101d4506c:   20 08 00 54 bf 06 00 f9 bf 22 00 f9 bf 2a 00 f9
0x0000000101d4507c:   bf 36 00 f9 bf 2e 00 f9 bf 32 00 f9 bf 46 00 f9
0x0000000101d4508c:   bf 2a 00 f9 0d 00 00 14 bf 3a 00 f9 bf 2a 00 f9
0x0000000101d4509c:   08 03 40 b9 a8 7e 00 b9 bf 3b 03 d5 e8 03 17 aa
0x0000000101d450ac:   9f 7e a8 c8 bf 3b 03 d5 1f 01 17 eb c0 02 00 54
0x0000000101d450bc:   ff 02 08 eb 80 02 00 54 e0 03 16 aa e1 03 15 aa
0x0000000101d450cc:   22 00 80 52 9c 05 00 94 97 02 40 f9 e0 03 17 aa
0x0000000101d450dc:   81 b9 ed 97 e0 f8 0f 36 e0 03 17 aa 7e b9 ed 97
0x0000000101d450ec:   15 00 7f d2 e0 03 15 aa fd 7b 4b a9 f4 4f 4a a9
0x0000000101d450fc:   f6 57 49 a9 f8 5f 48 a9 fa 67 47 a9 ff 03 03 91
0x0000000101d4510c:   c0 03 5f d6 e0 03 17 aa 73 b9 ed 97 08 f8 7e 92
0x0000000101d4511c:   08 01 40 f9 a8 02 00 f9 e0 03 17 aa 6e b9 ed 97
0x0000000101d4512c:   a0 22 00 f9 bf 2a 00 f9 b4 06 00 f9 88 02 40 f9
0x0000000101d4513c:   48 01 00 b4 e0 07 00 90 00 7c 3c 91 e2 07 00 b0
0x0000000101d4514c:   42 10 02 91 03 05 00 90 63 e0 08 91 01 bd 80 52
0x0000000101d4515c:   ce 9d ed 97 28 49 fb 97 a8 02 7f b2 bf 3b 03 d5
0x0000000101d4516c:   88 02 00 f9 08 11 00 d0 08 41 0b 91 08 01 40 f9
0x0000000101d4517c:   48 01 00 b4 09 11 00 d0 29 e1 2b 91 29 01 40 39
0x0000000101d4518c:   3f 05 00 71 a1 00 00 54 08 15 40 f9 09 01 40 f9
0x0000000101d4519c:   29 05 00 91 09 01 00 f9 c8 0f 00 f0 08 e5 43 f9
0x0000000101d451ac:   28 06 00 b4 c8 10 00 d0 08 e5 37 91 08 01 40 39
0x0000000101d451bc:   1f 05 00 71 21 01 00 54 89 0a 40 b9 ca 0f 00 f0
0x0000000101d451cc:   4a 61 2b 91 4b 09 40 b9 4a 01 40 f9 2b 21 cb 9a
0x0000000101d451dc:   6a 01 0a 8b 03 00 00 14 8a 06 40 f9 e9 03 0a aa
0x0000000101d451ec:   4a 09 40 b9 5f 05 00 71 eb 03 00 54 80 10 00 d0
0x0000000101d451fc:   00 80 27 91 0a 00 40 f9 40 01 3f d6 0a 00 40 f9
0x0000000101d4520c:   4a 3d 41 f9 ea 0f 00 f9 40 05 c0 3d e0 03 82 3c 


Stack slot to memory mapping:
stack at sp + 0 slots: 0x000000010ff84ca0 points into unknown readable memory: 0x6974752e6176616a | 6a 61 76 61 2e 75 74 69
stack at sp + 1 slots: 0x52bfddd8418a544c is an unknown value
stack at sp + 2 slots: 0x000000012137c800 is a thread
stack at sp + 3 slots: 0x0000600002af3080 points into unknown readable memory: 0x0000000000000002 | 02 00 00 00 00 00 00 00
stack at sp + 4 slots: 0x0000600000f480f0 points into unknown readable memory: 0x0000000000000000 | 00 00 00 00 00 00 00 00
stack at sp + 5 slots: 0x0000600000f48180 points into unknown readable memory: 0x000000065693b1e8 | e8 b1 93 56 06 00 00 00
stack at sp + 6 slots: 0x0000600000f481d8 points into unknown readable memory: 0x0000000000000000 | 00 00 00 00 00 00 00 00
stack at sp + 7 slots: 0x00000000000000d8 is an unknown value


---------------  P R O C E S S  ---------------

Threads class SMR info:
_java_thread_list=0x00006000037ab040, length=109, elements={
0x0000000120083000, 0x000000011e00a800, 0x0000000121832800, 0x0000000121835800,
0x0000000121836800, 0x000000012100f800, 0x00000001208fa800, 0x00000001208fb800,
0x000000011e00b800, 0x0000000121845000, 0x00000001203b4000, 0x0000000120dd3800,
0x0000000120a24800, 0x00000001203de000, 0x0000000121309000, 0x0000000121210800,
0x00000001212f7800, 0x00000001212b3800, 0x0000000121c73000, 0x0000000121ce1800,
0x0000000121243000, 0x0000000121c56800, 0x0000000121cf1000, 0x0000000121cf8000,
0x0000000120e2f000, 0x0000000121d00800, 0x0000000120e47000, 0x0000000121d07800,
0x0000000120ea3800, 0x0000000120e03000, 0x0000000120e9c000, 0x0000000120e0c800,
0x0000000120e9d000, 0x0000000120e9d800, 0x00000001204d3000, 0x0000000121cf9000,
0x0000000121d13800, 0x0000000121d14800, 0x0000000120478800, 0x0000000120484000,
0x0000000120e9e800, 0x0000000120eb5800, 0x00000001204a3800, 0x00000001204ef000,
0x0000000121476800, 0x000000012055b800, 0x000000010383c000, 0x0000000120587800,
0x0000000121eb8800, 0x0000000121f87000, 0x0000000120f0e800, 0x0000000120353000,
0x0000000121ecc800, 0x0000000120102800, 0x0000000156861000, 0x0000000102820800,
0x0000000120548800, 0x000000012045a800, 0x000000012046e000, 0x0000000120468000,
0x000000012147e800, 0x0000000121489800, 0x00000001212cb000, 0x00000001214ca800,
0x0000000121f8f800, 0x0000000120eb2800, 0x0000000156844000, 0x00000001200c0800,
0x0000000120cc1000, 0x0000000156847800, 0x0000000121596800, 0x00000001569f2000,
0x0000000120468800, 0x0000000120fbe000, 0x0000000120c98000, 0x0000000120469800,
0x000000012158d000, 0x00000001200c4800, 0x00000001200c7800, 0x0000000120588800,
0x00000001200cd000, 0x0000000120589800, 0x0000000121fb3000, 0x0000000121598000,
0x0000000121fb4000, 0x000000012058a800, 0x00000001569e7000, 0x00000001200c8800,
0x0000000121f72000, 0x0000000121f73000, 0x0000000121faa800, 0x000000012159b000,
0x000000012058b000, 0x0000000121fab800, 0x000000012058c800, 0x0000000121fbc000,
0x0000000121fbe800, 0x000000011e02f800, 0x0000000120f6e800, 0x0000000156a15800,
0x00000001200cb000, 0x0000000103044000, 0x0000000103045000, 0x0000000121fb7000,
0x0000000121fa8800, 0x000000011e05b800, 0x000000012159e000, 0x000000012137c800,
0x000000012137f800
}

Java Threads: ( => current thread )
  0x0000000120083000 JavaThread "Reference Handler" daemon [_thread_blocked, id=16643, stack(0x0000000170408000,0x000000017060b000)]
  0x000000011e00a800 JavaThread "Finalizer" daemon [_thread_blocked, id=17411, stack(0x0000000170614000,0x0000000170817000)]
  0x0000000121832800 JavaThread "Signal Dispatcher" daemon [_thread_blocked, id=21763, stack(0x0000000170938000,0x0000000170b3b000)]
  0x0000000121835800 JavaThread "Service Thread" daemon [_thread_blocked, id=32003, stack(0x0000000170b44000,0x0000000170d47000)]
  0x0000000121836800 JavaThread "C1 CompilerThread0" daemon [_thread_blocked, id=31491, stack(0x0000000170d50000,0x0000000170f53000)]
  0x000000012100f800 JavaThread "Sweeper thread" daemon [_thread_blocked, id=22787, stack(0x0000000170f5c000,0x000000017115f000)]
  0x00000001208fa800 JavaThread "Common-Cleaner" daemon [_thread_blocked, id=23299, stack(0x0000000171168000,0x000000017136b000)]
  0x00000001208fb800 JavaThread "JDWP Transport Listener: dt_socket" daemon [_thread_blocked, id=30467, stack(0x0000000171374000,0x0000000171577000)]
  0x000000011e00b800 JavaThread "JDWP Event Helper Thread" daemon [_thread_blocked, id=24067, stack(0x0000000171580000,0x0000000171783000)]
  0x0000000121845000 JavaThread "JDWP Command Reader" daemon [_thread_in_native, id=24579, stack(0x000000017178c000,0x000000017198f000)]
  0x00000001203b4000 JavaThread "RMI TCP Accept-0" daemon [_thread_in_native, id=28163, stack(0x00000001729f8000,0x0000000172bfb000)]
  0x0000000120dd3800 JavaThread "logback-2" daemon [_thread_blocked, id=35331, stack(0x0000000173640000,0x0000000173843000)]
  0x0000000120a24800 JavaThread "logback-3" daemon [_thread_blocked, id=42243, stack(0x000000017384c000,0x0000000173a4f000)]
  0x00000001203de000 JavaThread "logback-4" daemon [_thread_blocked, id=41223, stack(0x0000000173a58000,0x0000000173c5b000)]
  0x0000000121309000 JavaThread "com.alibaba.nacos.client.identify.watcher.0" daemon [_thread_blocked, id=40963, stack(0x0000000173c64000,0x0000000173e67000)]
  0x0000000121210800 JavaThread "com.alibaba.nacos.client.Worker" daemon [_thread_blocked, id=40195, stack(0x0000000173e70000,0x0000000174073000)]
  0x00000001212f7800 JavaThread "logback-5" daemon [_thread_blocked, id=33799, stack(0x000000017301c000,0x000000017321f000)]
  0x00000001212b3800 JavaThread "logback-appender-Logstash-localhost:5045-2" daemon [_thread_blocked, id=34823, stack(0x0000000173228000,0x000000017342b000)]
  0x0000000121c73000 JavaThread "logback-appender-Logstash-localhost:5045-4" daemon [_thread_in_native, id=34311, stack(0x0000000173434000,0x0000000173637000)]
  0x0000000121ce1800 JavaThread "logback-6" daemon [_thread_blocked, id=39175, stack(0x000000017407c000,0x000000017427f000)]
  0x0000000121243000 JavaThread "logback-7" daemon [_thread_blocked, id=38659, stack(0x0000000174288000,0x000000017448b000)]
  0x0000000121c56800 JavaThread "nacos.publisher-com.alibaba.nacos.common.notify.SlowEvent" daemon [_thread_blocked, id=38147, stack(0x0000000174494000,0x0000000174697000)]
  0x0000000121cf1000 JavaThread "com.alibaba.nacos.client.remote.worker" daemon [_thread_blocked, id=36611, stack(0x00000001746a0000,0x00000001748a3000)]
  0x0000000121cf8000 JavaThread "com.alibaba.nacos.client.remote.worker" daemon [_thread_blocked, id=36867, stack(0x00000001748ac000,0x0000000174aaf000)]
  0x0000000120e2f000 JavaThread "grpc-nio-worker-ELG-1-1" daemon [_thread_in_native, id=43779, stack(0x0000000174ab8000,0x0000000174cbb000)]
  0x0000000121d00800 JavaThread "grpc-default-executor-0" daemon [_thread_blocked, id=65027, stack(0x0000000174cc4000,0x0000000174ec7000)]
  0x0000000120e47000 JavaThread "Attach Listener" daemon [_thread_blocked, id=64515, stack(0x0000000174ed0000,0x00000001750d3000)]
  0x0000000121d07800 JavaThread "grpc-nio-worker-ELG-1-2" daemon [_thread_in_native, id=45059, stack(0x00000001750dc000,0x00000001752df000)]
  0x0000000120ea3800 JavaThread "nacos-grpc-client-executor-0" daemon [_thread_blocked, id=64003, stack(0x00000001752e8000,0x00000001754eb000)]
  0x0000000120e03000 JavaThread "nacos-grpc-client-executor-1" daemon [_thread_blocked, id=45827, stack(0x00000001754f4000,0x00000001756f7000)]
  0x0000000120e9c000 JavaThread "nacos-grpc-client-executor-2" daemon [_thread_blocked, id=63235, stack(0x0000000175700000,0x0000000175903000)]
  0x0000000120e0c800 JavaThread "nacos-grpc-client-executor-3" daemon [_thread_blocked, id=46851, stack(0x000000017590c000,0x0000000175b0f000)]
  0x0000000120e9d000 JavaThread "nacos-grpc-client-executor-4" daemon [_thread_blocked, id=47363, stack(0x0000000175b18000,0x0000000175d1b000)]
  0x0000000120e9d800 JavaThread "nacos-grpc-client-executor-5" daemon [_thread_blocked, id=62467, stack(0x0000000175d24000,0x0000000175f27000)]
  0x00000001204d3000 JavaThread "RMI TCP Connection(1)-127.0.0.1" daemon [_thread_blocked, id=61955, stack(0x0000000175f30000,0x0000000176133000)]
  0x0000000121cf9000 JavaThread "RMI Scheduler(0)" daemon [_thread_blocked, id=61443, stack(0x000000017613c000,0x000000017633f000)]
  0x0000000121d13800 JavaThread "nacos-grpc-client-executor-6" daemon [_thread_blocked, id=48391, stack(0x0000000176348000,0x000000017654b000)]
  0x0000000121d14800 JavaThread "nacos-grpc-client-executor-7" daemon [_thread_blocked, id=48899, stack(0x0000000176554000,0x0000000176757000)]
  0x0000000120478800 JavaThread "nacos-grpc-client-executor-8" daemon [_thread_blocked, id=59907, stack(0x0000000176760000,0x0000000176963000)]
  0x0000000120484000 JavaThread "nacos-grpc-client-executor-9" daemon [_thread_blocked, id=59651, stack(0x000000017696c000,0x0000000176b6f000)]
  0x0000000120e9e800 JavaThread "nacos-grpc-client-executor-10" daemon [_thread_blocked, id=49667, stack(0x0000000176b78000,0x0000000176d7b000)]
  0x0000000120eb5800 JavaThread "nacos-grpc-client-executor-11" daemon [_thread_blocked, id=50179, stack(0x0000000176d84000,0x0000000176f87000)]
  0x00000001204a3800 JavaThread "nacos-grpc-client-executor-12" daemon [_thread_blocked, id=50947, stack(0x0000000176f90000,0x0000000177193000)]
  0x00000001204ef000 JavaThread "nacos-grpc-client-executor-13" daemon [_thread_blocked, id=51715, stack(0x000000017719c000,0x000000017739f000)]
  0x0000000121476800 JavaThread "boundedElastic-evictor-1" daemon [_thread_blocked, id=58635, stack(0x00000001773a8000,0x00000001775ab000)]
  0x000000012055b800 JavaThread "lettuce-timer-4-1" daemon [_thread_blocked, id=17683, stack(0x00000001775b4000,0x00000001777b7000)]
  0x000000010383c000 JavaThread "ClientHouseKeepingService" daemon [_thread_blocked, id=52231, stack(0x00000001777c0000,0x00000001779c3000)]
  0x0000000120587800 JavaThread "AsyncAppender-Dispatcher-Thread-14" daemon [_thread_blocked, id=56579, stack(0x00000001779cc000,0x0000000177bcf000)]
  0x0000000121eb8800 JavaThread "AsyncAppender-Dispatcher-Thread-15" daemon [_thread_blocked, id=56067, stack(0x0000000177bd8000,0x0000000177ddb000)]
  0x0000000121f87000 JavaThread "MQClientFactoryScheduledThread" [_thread_blocked, id=52995, stack(0x0000000177de4000,0x0000000177fe7000)]
  0x0000000120f0e800 JavaThread "AsyncAppender-Dispatcher-Thread-16" daemon [_thread_blocked, id=55555, stack(0x0000000308004000,0x0000000308207000)]
  0x0000000120353000 JavaThread "PullMessageService" [_thread_blocked, id=54787, stack(0x0000000308210000,0x0000000308413000)]
  0x0000000121ecc800 JavaThread "RebalanceService" [_thread_blocked, id=54275, stack(0x000000030841c000,0x000000030861f000)]
  0x0000000120102800 JavaThread "RequestHouseKeepingService1" [_thread_blocked, id=87043, stack(0x0000000308628000,0x000000030882b000)]
  0x0000000156861000 JavaThread "NettyClientSelector_1" [_thread_in_native, id=86531, stack(0x0000000308834000,0x0000000308a37000)]
  0x0000000102820800 JavaThread "NettyClientWorkerThread_1" [_thread_blocked, id=86019, stack(0x0000000308a40000,0x0000000308c43000)]
  0x0000000120548800 JavaThread "spring.cloud.inetutils" daemon [_thread_blocked, id=66823, stack(0x0000000308c4c000,0x0000000308e4f000)]
  0x000000012045a800 JavaThread "ClientHouseKeepingService" daemon [_thread_blocked, id=67335, stack(0x0000000308e58000,0x000000030905b000)]
  0x000000012046e000 JavaThread "MQClientFactoryScheduledThread" [_thread_blocked, id=84995, stack(0x0000000309064000,0x0000000309267000)]
  0x0000000120468000 JavaThread "NettyClientWorkerThread_2" [_thread_blocked, id=84483, stack(0x0000000309270000,0x0000000309473000)]
  0x000000012147e800 JavaThread "CleanExpireMsgScheduledThread_1" [_thread_blocked, id=68099, stack(0x000000030947c000,0x000000030967f000)]
  0x0000000121489800 JavaThread "PullMessageService" [_thread_blocked, id=83971, stack(0x0000000309688000,0x000000030988b000)]
  0x00000001212cb000 JavaThread "RebalanceService" [_thread_blocked, id=83715, stack(0x0000000309894000,0x0000000309a97000)]
  0x00000001214ca800 JavaThread "NettyClientSelector_1" [_thread_in_native, id=83203, stack(0x0000000309aa0000,0x0000000309ca3000)]
  0x0000000121f8f800 JavaThread "NettyClientWorkerThread_1" [_thread_blocked, id=82691, stack(0x0000000309cac000,0x0000000309eaf000)]
  0x0000000120eb2800 JavaThread "NettyClientWorkerThread_2" [_thread_blocked, id=69891, stack(0x0000000309eb8000,0x000000030a0bb000)]
  0x0000000156844000 JavaThread "NettyClientPublicExecutor_1" [_thread_blocked, id=70403, stack(0x000000030a0c4000,0x000000030a2c7000)]
  0x00000001200c0800 JavaThread "ClientHouseKeepingService" daemon [_thread_blocked, id=81411, stack(0x000000030a2d0000,0x000000030a4d3000)]
  0x0000000120cc1000 JavaThread "MQClientFactoryScheduledThread" [_thread_blocked, id=80899, stack(0x000000030a4dc000,0x000000030a6df000)]
  0x0000000156847800 JavaThread "CleanExpireMsgScheduledThread_1" [_thread_blocked, id=80387, stack(0x000000030a6e8000,0x000000030a8eb000)]
  0x0000000121596800 JavaThread "PullMessageService" [_thread_blocked, id=71939, stack(0x000000030a8f4000,0x000000030aaf7000)]
  0x00000001569f2000 JavaThread "RebalanceService" [_thread_blocked, id=79619, stack(0x000000030ab00000,0x000000030ad03000)]
  0x0000000120468800 JavaThread "NettyClientSelector_1" [_thread_in_native, id=72451, stack(0x000000030ad0c000,0x000000030af0f000)]
  0x0000000120fbe000 JavaThread "NettyClientWorkerThread_1" [_thread_blocked, id=73219, stack(0x000000030af18000,0x000000030b11b000)]
  0x0000000120c98000 JavaThread "NettyClientWorkerThread_2" [_thread_blocked, id=79107, stack(0x000000030b124000,0x000000030b327000)]
  0x0000000120469800 JavaThread "NettyClientPublicExecutor_1" [_thread_blocked, id=78851, stack(0x000000030b330000,0x000000030b533000)]
  0x000000012158d000 JavaThread "nacos.publisher-com.alibaba.nacos.client.naming.event.InstancesChangeEvent" daemon [_thread_blocked, id=74755, stack(0x000000030b53c000,0x000000030b73f000)]
  0x00000001200c4800 JavaThread "com.alibaba.nacos.naming.failover" daemon [_thread_blocked, id=78083, stack(0x000000030b748000,0x000000030b94b000)]
  0x00000001200c7800 JavaThread "com.alibaba.nacos.client.naming.security" daemon [_thread_blocked, id=75523, stack(0x000000030b954000,0x000000030bb57000)]
  0x0000000120588800 JavaThread "com.alibaba.nacos.naming.push.receiver" daemon [_thread_in_native, id=77059, stack(0x000000030bb60000,0x000000030bd63000)]
  0x00000001200cd000 JavaThread "com.alibaba.nacos.client.naming.grpc.redo.0" daemon [_thread_blocked, id=76035, stack(0x000000030bd6c000,0x000000030bf6f000)]
  0x0000000120589800 JavaThread "com.alibaba.nacos.client.remote.worker" daemon [_thread_blocked, id=87299, stack(0x000000030bf78000,0x000000030c17b000)]
  0x0000000121fb3000 JavaThread "com.alibaba.nacos.client.remote.worker" daemon [_thread_blocked, id=130563, stack(0x000000030c184000,0x000000030c387000)]
  0x0000000121598000 JavaThread "grpc-nio-worker-ELG-1-3" daemon [_thread_in_native, id=88067, stack(0x000000030c390000,0x000000030c593000)]
  0x0000000121fb4000 JavaThread "grpc-nio-worker-ELG-1-4" daemon [_thread_in_native, id=88323, stack(0x000000030c59c000,0x000000030c79f000)]
  0x000000012058a800 JavaThread "nacos-grpc-client-executor-0" daemon [_thread_blocked, id=129539, stack(0x000000030c7a8000,0x000000030c9ab000)]
  0x00000001569e7000 JavaThread "nacos-grpc-client-executor-1" daemon [_thread_blocked, id=129283, stack(0x000000030c9b4000,0x000000030cbb7000)]
  0x00000001200c8800 JavaThread "nacos-grpc-client-executor-2" daemon [_thread_blocked, id=129027, stack(0x000000030cbc0000,0x000000030cdc3000)]
  0x0000000121f72000 JavaThread "nacos-grpc-client-executor-3" daemon [_thread_blocked, id=128259, stack(0x000000030cdcc000,0x000000030cfcf000)]
  0x0000000121f73000 JavaThread "nacos-grpc-client-executor-4" daemon [_thread_blocked, id=128003, stack(0x000000030cfd8000,0x000000030d1db000)]
  0x0000000121faa800 JavaThread "nacos-grpc-client-executor-5" daemon [_thread_blocked, id=127491, stack(0x000000030d1e4000,0x000000030d3e7000)]
  0x000000012159b000 JavaThread "com.alibaba.nacos.client.naming.updater.0" daemon [_thread_blocked, id=126979, stack(0x000000030d3f0000,0x000000030d5f3000)]
  0x000000012058b000 JavaThread "nacos-grpc-client-executor-6" daemon [_thread_blocked, id=126211, stack(0x000000030d5fc000,0x000000030d7ff000)]
  0x0000000121fab800 JavaThread "Nacos-Watch-Task-Scheduler-1" [_thread_blocked, id=125703, stack(0x000000030d808000,0x000000030da0b000)]
  0x000000012058c800 JavaThread "reactor-http-kqueue-1" daemon [_thread_in_native, id=125187, stack(0x000000030da14000,0x000000030dc17000)]
  0x0000000121fbc000 JavaThread "server" [_thread_blocked, id=91651, stack(0x000000030dc20000,0x000000030de23000)]
  0x0000000121fbe800 JavaThread "nacos-grpc-client-executor-7" daemon [_thread_blocked, id=91907, stack(0x000000030de2c000,0x000000030e02f000)]
  0x000000011e02f800 JavaThread "DestroyJavaVM" [_thread_blocked, id=3843, stack(0x000000016f5b4000,0x000000016f7b7000)]
  0x0000000120f6e800 JavaThread "nacos-grpc-client-executor-14" daemon [_thread_blocked, id=123395, stack(0x000000030f038000,0x000000030f23b000)]
  0x0000000156a15800 JavaThread "nacos-grpc-client-executor-15" daemon [_thread_blocked, id=122883, stack(0x000000030f244000,0x000000030f447000)]
  0x00000001200cb000 JavaThread "nacos-grpc-client-executor-16" daemon [_thread_blocked, id=122627, stack(0x000000030f450000,0x000000030f653000)]
  0x0000000103044000 JavaThread "RMI TCP Connection(2)-127.0.0.1" daemon [_thread_in_native, id=94211, stack(0x000000030fa74000,0x000000030fc77000)]
  0x0000000103045000 JavaThread "RMI TCP Connection(3)-127.0.0.1" daemon [_thread_blocked, id=94467, stack(0x000000030fc80000,0x000000030fe83000)]
  0x0000000121fb7000 JavaThread "JMX server connection timeout 141" daemon [_thread_blocked, id=93451, stack(0x000000030f65c000,0x000000030f85f000)]
  0x0000000121fa8800 JavaThread "JMX server connection timeout 142" daemon [_thread_blocked, id=122131, stack(0x000000030f868000,0x000000030fa6b000)]
  0x000000011e05b800 JavaThread "nacos-grpc-client-executor-8" daemon [_thread_blocked, id=121091, stack(0x000000030fe8c000,0x000000031008f000)]
  0x000000012159e000 JavaThread "mysql-cj-abandoned-connection-cleanup" daemon [_thread_blocked, id=120579, stack(0x0000000311098000,0x000000031129b000)]
=>0x000000012137c800 JavaThread "Druid-ConnectionPool-Create-358945794" daemon [_thread_in_Java, id=95747, stack(0x00000003112a4000,0x00000003114a7000)]
  0x000000012137f800 JavaThread "Druid-ConnectionPool-Destroy-358945794" daemon [_thread_blocked, id=119811, stack(0x00000003114b0000,0x00000003116b3000)]

Other Threads:
  0x000000012007b000 VMThread "VM Thread" [stack: 0x00000001701fc000,0x00000001703ff000] [id=21507]
  0x0000000120376000 WatcherThread [stack: 0x0000000172c04000,0x0000000172e07000] [id=27651]
  0x0000000121826800 GCTaskThread "GC Thread#0" [stack: 0x000000016f7c0000,0x000000016f9c3000] [id=11523]
  0x0000000121834000 GCTaskThread "GC Thread#1" [stack: 0x0000000171998000,0x0000000171b9b000] [id=29699]
  0x000000012190b800 GCTaskThread "GC Thread#2" [stack: 0x0000000171ba4000,0x0000000171da7000] [id=25091]
  0x0000000121a86800 GCTaskThread "GC Thread#3" [stack: 0x0000000171db0000,0x0000000171fb3000] [id=25603]
  0x000000012194b000 GCTaskThread "GC Thread#4" [stack: 0x0000000171fbc000,0x00000001721bf000] [id=29187]
  0x000000012194b800 GCTaskThread "GC Thread#5" [stack: 0x00000001721c8000,0x00000001723cb000] [id=25859]
  0x000000011e01f800 GCTaskThread "GC Thread#6" [stack: 0x00000001723d4000,0x00000001725d7000] [id=26115]
  0x000000011e052800 GCTaskThread "GC Thread#7" [stack: 0x00000001725e0000,0x00000001727e3000] [id=26627]
  0x000000010381f800 ConcurrentGCThread "G1 Main Marker" [stack: 0x000000016f9cc000,0x000000016fbcf000] [id=11779]
  0x0000000103008800 ConcurrentGCThread "G1 Conc#0" [stack: 0x000000016fbd8000,0x000000016fddb000] [id=12547]
  0x0000000102820000 ConcurrentGCThread "G1 Conc#1" [stack: 0x0000000172e10000,0x0000000173013000] [id=33287]
  0x00000001208cf000 ConcurrentGCThread "G1 Refine#0" [stack: 0x000000016fde4000,0x000000016ffe7000] [id=14595]
  0x00000001211da800 ConcurrentGCThread "G1 Refine#1" [stack: 0x00000001727ec000,0x00000001729ef000] [id=27139]
  0x0000000120020800 ConcurrentGCThread "G1 Young RemSet Sampling" [stack: 0x000000016fff0000,0x00000001701f3000] [id=14339]

Threads with active compile tasks:

VM state:not at safepoint (normal execution)

VM Mutex/Monitor currently owned by a thread: None

Heap address: 0x0000000640000000, size: 6144 MB, Compressed Oops mode: Zero based, Oop shift amount: 3
Narrow klass base: 0x0000000800000000, Narrow klass shift: 0
Compressed class space size: 1073741824 Address: 0x0000000800000000

Heap:
 garbage-first heap   total 696320K, used 368540K [0x0000000640000000, 0x00000007c0000000)
  region size 1024K, 350 young (358400K), 31 survivors (31744K)
 Metaspace       used 86159K, capacity 88537K, committed 88656K, reserved 1126400K
  class space    used 10783K, capacity 11698K, committed 11776K, reserved 1048576K
Heap Regions: E=young(eden), S=young(survivor), O=old, HS=humongous(starts), HC=humongous(continues), CS=collection set, F=free, A=archive, TAMS=top-at-mark-start (previous, next)
|   0|0x0000000640000000, 0x0000000640100000, 0x0000000640100000|100%|HS|  |TAMS 0x0000000640100000, 0x0000000640000000| Complete 
|   1|0x0000000640100000, 0x0000000640200000, 0x0000000640200000|100%| O|  |TAMS 0x0000000640200000, 0x0000000640100000| Untracked 
|   2|0x0000000640200000, 0x0000000640300000, 0x0000000640300000|100%| O|  |TAMS 0x0000000640300000, 0x0000000640200000| Untracked 
|   3|0x0000000640300000, 0x0000000640400000, 0x0000000640400000|100%| O|  |TAMS 0x0000000640400000, 0x0000000640300000| Untracked 
|   4|0x0000000640400000, 0x0000000640500000, 0x0000000640500000|100%| O|  |TAMS 0x0000000640500000, 0x0000000640400000| Untracked 
|   5|0x0000000640500000, 0x0000000640600000, 0x0000000640600000|100%| O|  |TAMS 0x0000000640600000, 0x0000000640500000| Untracked 
|   6|0x0000000640600000, 0x0000000640700000, 0x0000000640700000|100%| O|  |TAMS 0x0000000640700000, 0x0000000640600000| Untracked 
|   7|0x0000000640700000, 0x0000000640800000, 0x0000000640800000|100%| O|  |TAMS 0x0000000640800000, 0x0000000640700000| Untracked 
|   8|0x0000000640800000, 0x0000000640900000, 0x0000000640900000|100%| O|  |TAMS 0x0000000640900000, 0x0000000640800000| Untracked 
|   9|0x0000000640900000, 0x0000000640a00000, 0x0000000640a00000|100%| O|  |TAMS 0x0000000640a00000, 0x0000000640900000| Untracked 
|  10|0x0000000640a00000, 0x0000000640b00000, 0x0000000640b00000|100%| O|  |TAMS 0x0000000640b00000, 0x0000000640a00000| Untracked 
|  11|0x0000000640b00000, 0x0000000640b0c000, 0x0000000640c00000|  4%| O|  |TAMS 0x0000000640b0c000, 0x0000000640b00000| Untracked 
|  12|0x0000000640c00000, 0x0000000640c00000, 0x0000000640d00000|  0%| F|  |TAMS 0x0000000640c00000, 0x0000000640c00000| Untracked 
|  13|0x0000000640d00000, 0x0000000640d00000, 0x0000000640e00000|  0%| F|  |TAMS 0x0000000640d00000, 0x0000000640d00000| Untracked 
|  14|0x0000000640e00000, 0x0000000640e00000, 0x0000000640f00000|  0%| F|  |TAMS 0x0000000640e00000, 0x0000000640e00000| Untracked 
|  15|0x0000000640f00000, 0x0000000640f00000, 0x0000000641000000|  0%| F|  |TAMS 0x0000000640f00000, 0x0000000640f00000| Untracked 
|  16|0x0000000641000000, 0x0000000641000000, 0x0000000641100000|  0%| F|  |TAMS 0x0000000641000000, 0x0000000641000000| Untracked 
|  17|0x0000000641100000, 0x0000000641100000, 0x0000000641200000|  0%| F|  |TAMS 0x0000000641100000, 0x0000000641100000| Untracked 
|  18|0x0000000641200000, 0x0000000641200000, 0x0000000641300000|  0%| F|  |TAMS 0x0000000641200000, 0x0000000641200000| Untracked 
|  19|0x0000000641300000, 0x0000000641300000, 0x0000000641400000|  0%| F|  |TAMS 0x0000000641300000, 0x0000000641300000| Untracked 
|  20|0x0000000641400000, 0x0000000641400000, 0x0000000641500000|  0%| F|  |TAMS 0x0000000641400000, 0x0000000641400000| Untracked 
|  21|0x0000000641500000, 0x0000000641500000, 0x0000000641600000|  0%| F|  |TAMS 0x0000000641500000, 0x0000000641500000| Untracked 
|  22|0x0000000641600000, 0x0000000641600000, 0x0000000641700000|  0%| F|  |TAMS 0x0000000641600000, 0x0000000641600000| Untracked 
|  23|0x0000000641700000, 0x0000000641700000, 0x0000000641800000|  0%| F|  |TAMS 0x0000000641700000, 0x0000000641700000| Untracked 
|  24|0x0000000641800000, 0x0000000641800000, 0x0000000641900000|  0%| F|  |TAMS 0x0000000641800000, 0x0000000641800000| Untracked 
|  25|0x0000000641900000, 0x0000000641900000, 0x0000000641a00000|  0%| F|  |TAMS 0x0000000641900000, 0x0000000641900000| Untracked 
|  26|0x0000000641a00000, 0x0000000641a00000, 0x0000000641b00000|  0%| F|  |TAMS 0x0000000641a00000, 0x0000000641a00000| Untracked 
|  27|0x0000000641b00000, 0x0000000641b00000, 0x0000000641c00000|  0%| F|  |TAMS 0x0000000641b00000, 0x0000000641b00000| Untracked 
|  28|0x0000000641c00000, 0x0000000641c00000, 0x0000000641d00000|  0%| F|  |TAMS 0x0000000641c00000, 0x0000000641c00000| Untracked 
|  29|0x0000000641d00000, 0x0000000641d00000, 0x0000000641e00000|  0%| F|  |TAMS 0x0000000641d00000, 0x0000000641d00000| Untracked 
|  30|0x0000000641e00000, 0x0000000641e00000, 0x0000000641f00000|  0%| F|  |TAMS 0x0000000641e00000, 0x0000000641e00000| Untracked 
|  31|0x0000000641f00000, 0x0000000641f00000, 0x0000000642000000|  0%| F|  |TAMS 0x0000000641f00000, 0x0000000641f00000| Untracked 
|  32|0x0000000642000000, 0x0000000642000000, 0x0000000642100000|  0%| F|  |TAMS 0x0000000642000000, 0x0000000642000000| Untracked 
|  33|0x0000000642100000, 0x0000000642100000, 0x0000000642200000|  0%| F|  |TAMS 0x0000000642100000, 0x0000000642100000| Untracked 
|  34|0x0000000642200000, 0x0000000642200000, 0x0000000642300000|  0%| F|  |TAMS 0x0000000642200000, 0x0000000642200000| Untracked 
|  35|0x0000000642300000, 0x0000000642300000, 0x0000000642400000|  0%| F|  |TAMS 0x0000000642300000, 0x0000000642300000| Untracked 
|  36|0x0000000642400000, 0x0000000642400000, 0x0000000642500000|  0%| F|  |TAMS 0x0000000642400000, 0x0000000642400000| Untracked 
|  37|0x0000000642500000, 0x0000000642500000, 0x0000000642600000|  0%| F|  |TAMS 0x0000000642500000, 0x0000000642500000| Untracked 
|  38|0x0000000642600000, 0x0000000642600000, 0x0000000642700000|  0%| F|  |TAMS 0x0000000642600000, 0x0000000642600000| Untracked 
|  39|0x0000000642700000, 0x0000000642700000, 0x0000000642800000|  0%| F|  |TAMS 0x0000000642700000, 0x0000000642700000| Untracked 
|  40|0x0000000642800000, 0x0000000642800000, 0x0000000642900000|  0%| F|  |TAMS 0x0000000642800000, 0x0000000642800000| Untracked 
|  41|0x0000000642900000, 0x0000000642900000, 0x0000000642a00000|  0%| F|  |TAMS 0x0000000642900000, 0x0000000642900000| Untracked 
|  42|0x0000000642a00000, 0x0000000642a00000, 0x0000000642b00000|  0%| F|  |TAMS 0x0000000642a00000, 0x0000000642a00000| Untracked 
|  43|0x0000000642b00000, 0x0000000642b00000, 0x0000000642c00000|  0%| F|  |TAMS 0x0000000642b00000, 0x0000000642b00000| Untracked 
|  44|0x0000000642c00000, 0x0000000642c00000, 0x0000000642d00000|  0%| F|  |TAMS 0x0000000642c00000, 0x0000000642c00000| Untracked 
|  45|0x0000000642d00000, 0x0000000642d00000, 0x0000000642e00000|  0%| F|  |TAMS 0x0000000642d00000, 0x0000000642d00000| Untracked 
|  46|0x0000000642e00000, 0x0000000642e00000, 0x0000000642f00000|  0%| F|  |TAMS 0x0000000642e00000, 0x0000000642e00000| Untracked 
|  47|0x0000000642f00000, 0x0000000642f00000, 0x0000000643000000|  0%| F|  |TAMS 0x0000000642f00000, 0x0000000642f00000| Untracked 
|  48|0x0000000643000000, 0x0000000643000000, 0x0000000643100000|  0%| F|  |TAMS 0x0000000643000000, 0x0000000643000000| Untracked 
|  49|0x0000000643100000, 0x0000000643100000, 0x0000000643200000|  0%| F|  |TAMS 0x0000000643100000, 0x0000000643100000| Untracked 
|  50|0x0000000643200000, 0x0000000643200000, 0x0000000643300000|  0%| F|  |TAMS 0x0000000643200000, 0x0000000643200000| Untracked 
|  51|0x0000000643300000, 0x0000000643300000, 0x0000000643400000|  0%| F|  |TAMS 0x0000000643300000, 0x0000000643300000| Untracked 
|  52|0x0000000643400000, 0x0000000643400000, 0x0000000643500000|  0%| F|  |TAMS 0x0000000643400000, 0x0000000643400000| Untracked 
|  53|0x0000000643500000, 0x0000000643500000, 0x0000000643600000|  0%| F|  |TAMS 0x0000000643500000, 0x0000000643500000| Untracked 
|  54|0x0000000643600000, 0x0000000643600000, 0x0000000643700000|  0%| F|  |TAMS 0x0000000643600000, 0x0000000643600000| Untracked 
|  55|0x0000000643700000, 0x0000000643700000, 0x0000000643800000|  0%| F|  |TAMS 0x0000000643700000, 0x0000000643700000| Untracked 
|  56|0x0000000643800000, 0x0000000643800000, 0x0000000643900000|  0%| F|  |TAMS 0x0000000643800000, 0x0000000643800000| Untracked 
|  57|0x0000000643900000, 0x0000000643900000, 0x0000000643a00000|  0%| F|  |TAMS 0x0000000643900000, 0x0000000643900000| Untracked 
|  58|0x0000000643a00000, 0x0000000643a00000, 0x0000000643b00000|  0%| F|  |TAMS 0x0000000643a00000, 0x0000000643a00000| Untracked 
|  59|0x0000000643b00000, 0x0000000643b00000, 0x0000000643c00000|  0%| F|  |TAMS 0x0000000643b00000, 0x0000000643b00000| Untracked 
|  60|0x0000000643c00000, 0x0000000643c00000, 0x0000000643d00000|  0%| F|  |TAMS 0x0000000643c00000, 0x0000000643c00000| Untracked 
|  61|0x0000000643d00000, 0x0000000643d00000, 0x0000000643e00000|  0%| F|  |TAMS 0x0000000643d00000, 0x0000000643d00000| Untracked 
|  62|0x0000000643e00000, 0x0000000643e00000, 0x0000000643f00000|  0%| F|  |TAMS 0x0000000643e00000, 0x0000000643e00000| Untracked 
|  63|0x0000000643f00000, 0x0000000643f00000, 0x0000000644000000|  0%| F|  |TAMS 0x0000000643f00000, 0x0000000643f00000| Untracked 
|  64|0x0000000644000000, 0x0000000644000000, 0x0000000644100000|  0%| F|  |TAMS 0x0000000644000000, 0x0000000644000000| Untracked 
|  65|0x0000000644100000, 0x0000000644100000, 0x0000000644200000|  0%| F|  |TAMS 0x0000000644100000, 0x0000000644100000| Untracked 
|  66|0x0000000644200000, 0x0000000644200000, 0x0000000644300000|  0%| F|  |TAMS 0x0000000644200000, 0x0000000644200000| Untracked 
|  67|0x0000000644300000, 0x0000000644300000, 0x0000000644400000|  0%| F|  |TAMS 0x0000000644300000, 0x0000000644300000| Untracked 
|  68|0x0000000644400000, 0x0000000644400000, 0x0000000644500000|  0%| F|  |TAMS 0x0000000644400000, 0x0000000644400000| Untracked 
|  69|0x0000000644500000, 0x0000000644500000, 0x0000000644600000|  0%| F|  |TAMS 0x0000000644500000, 0x0000000644500000| Untracked 
|  70|0x0000000644600000, 0x0000000644600000, 0x0000000644700000|  0%| F|  |TAMS 0x0000000644600000, 0x0000000644600000| Untracked 
|  71|0x0000000644700000, 0x0000000644700000, 0x0000000644800000|  0%| F|  |TAMS 0x0000000644700000, 0x0000000644700000| Untracked 
|  72|0x0000000644800000, 0x0000000644800000, 0x0000000644900000|  0%| F|  |TAMS 0x0000000644800000, 0x0000000644800000| Untracked 
|  73|0x0000000644900000, 0x0000000644900000, 0x0000000644a00000|  0%| F|  |TAMS 0x0000000644900000, 0x0000000644900000| Untracked 
|  74|0x0000000644a00000, 0x0000000644a00000, 0x0000000644b00000|  0%| F|  |TAMS 0x0000000644a00000, 0x0000000644a00000| Untracked 
|  75|0x0000000644b00000, 0x0000000644b00000, 0x0000000644c00000|  0%| F|  |TAMS 0x0000000644b00000, 0x0000000644b00000| Untracked 
|  76|0x0000000644c00000, 0x0000000644c00000, 0x0000000644d00000|  0%| F|  |TAMS 0x0000000644c00000, 0x0000000644c00000| Untracked 
|  77|0x0000000644d00000, 0x0000000644d00000, 0x0000000644e00000|  0%| F|  |TAMS 0x0000000644d00000, 0x0000000644d00000| Untracked 
|  78|0x0000000644e00000, 0x0000000644e00000, 0x0000000644f00000|  0%| F|  |TAMS 0x0000000644e00000, 0x0000000644e00000| Untracked 
|  79|0x0000000644f00000, 0x0000000644f00000, 0x0000000645000000|  0%| F|  |TAMS 0x0000000644f00000, 0x0000000644f00000| Untracked 
|  80|0x0000000645000000, 0x0000000645000000, 0x0000000645100000|  0%| F|  |TAMS 0x0000000645000000, 0x0000000645000000| Untracked 
|  81|0x0000000645100000, 0x0000000645100000, 0x0000000645200000|  0%| F|  |TAMS 0x0000000645100000, 0x0000000645100000| Untracked 
|  82|0x0000000645200000, 0x0000000645200000, 0x0000000645300000|  0%| F|  |TAMS 0x0000000645200000, 0x0000000645200000| Untracked 
|  83|0x0000000645300000, 0x0000000645300000, 0x0000000645400000|  0%| F|  |TAMS 0x0000000645300000, 0x0000000645300000| Untracked 
|  84|0x0000000645400000, 0x0000000645400000, 0x0000000645500000|  0%| F|  |TAMS 0x0000000645400000, 0x0000000645400000| Untracked 
|  85|0x0000000645500000, 0x0000000645500000, 0x0000000645600000|  0%| F|  |TAMS 0x0000000645500000, 0x0000000645500000| Untracked 
|  86|0x0000000645600000, 0x0000000645600000, 0x0000000645700000|  0%| F|  |TAMS 0x0000000645600000, 0x0000000645600000| Untracked 
|  87|0x0000000645700000, 0x0000000645700000, 0x0000000645800000|  0%| F|  |TAMS 0x0000000645700000, 0x0000000645700000| Untracked 
|  88|0x0000000645800000, 0x0000000645800000, 0x0000000645900000|  0%| F|  |TAMS 0x0000000645800000, 0x0000000645800000| Untracked 
|  89|0x0000000645900000, 0x0000000645900000, 0x0000000645a00000|  0%| F|  |TAMS 0x0000000645900000, 0x0000000645900000| Untracked 
|  90|0x0000000645a00000, 0x0000000645a00000, 0x0000000645b00000|  0%| F|  |TAMS 0x0000000645a00000, 0x0000000645a00000| Untracked 
|  91|0x0000000645b00000, 0x0000000645b00000, 0x0000000645c00000|  0%| F|  |TAMS 0x0000000645b00000, 0x0000000645b00000| Untracked 
|  92|0x0000000645c00000, 0x0000000645c00000, 0x0000000645d00000|  0%| F|  |TAMS 0x0000000645c00000, 0x0000000645c00000| Untracked 
|  93|0x0000000645d00000, 0x0000000645d00000, 0x0000000645e00000|  0%| F|  |TAMS 0x0000000645d00000, 0x0000000645d00000| Untracked 
|  94|0x0000000645e00000, 0x0000000645e00000, 0x0000000645f00000|  0%| F|  |TAMS 0x0000000645e00000, 0x0000000645e00000| Untracked 
|  95|0x0000000645f00000, 0x0000000645f00000, 0x0000000646000000|  0%| F|  |TAMS 0x0000000645f00000, 0x0000000645f00000| Untracked 
|  96|0x0000000646000000, 0x0000000646000000, 0x0000000646100000|  0%| F|  |TAMS 0x0000000646000000, 0x0000000646000000| Untracked 
|  97|0x0000000646100000, 0x0000000646100000, 0x0000000646200000|  0%| F|  |TAMS 0x0000000646100000, 0x0000000646100000| Untracked 
|  98|0x0000000646200000, 0x0000000646200000, 0x0000000646300000|  0%| F|  |TAMS 0x0000000646200000, 0x0000000646200000| Untracked 
|  99|0x0000000646300000, 0x0000000646300000, 0x0000000646400000|  0%| F|  |TAMS 0x0000000646300000, 0x0000000646300000| Untracked 
| 100|0x0000000646400000, 0x0000000646400000, 0x0000000646500000|  0%| F|  |TAMS 0x0000000646400000, 0x0000000646400000| Untracked 
| 101|0x0000000646500000, 0x0000000646500000, 0x0000000646600000|  0%| F|  |TAMS 0x0000000646500000, 0x0000000646500000| Untracked 
| 102|0x0000000646600000, 0x0000000646600000, 0x0000000646700000|  0%| F|  |TAMS 0x0000000646600000, 0x0000000646600000| Untracked 
| 103|0x0000000646700000, 0x0000000646700000, 0x0000000646800000|  0%| F|  |TAMS 0x0000000646700000, 0x0000000646700000| Untracked 
| 104|0x0000000646800000, 0x0000000646800000, 0x0000000646900000|  0%| F|  |TAMS 0x0000000646800000, 0x0000000646800000| Untracked 
| 105|0x0000000646900000, 0x0000000646900000, 0x0000000646a00000|  0%| F|  |TAMS 0x0000000646900000, 0x0000000646900000| Untracked 
| 106|0x0000000646a00000, 0x0000000646a00000, 0x0000000646b00000|  0%| F|  |TAMS 0x0000000646a00000, 0x0000000646a00000| Untracked 
| 107|0x0000000646b00000, 0x0000000646b00000, 0x0000000646c00000|  0%| F|  |TAMS 0x0000000646b00000, 0x0000000646b00000| Untracked 
| 108|0x0000000646c00000, 0x0000000646c00000, 0x0000000646d00000|  0%| F|  |TAMS 0x0000000646c00000, 0x0000000646c00000| Untracked 
| 109|0x0000000646d00000, 0x0000000646d00000, 0x0000000646e00000|  0%| F|  |TAMS 0x0000000646d00000, 0x0000000646d00000| Untracked 
| 110|0x0000000646e00000, 0x0000000646e00000, 0x0000000646f00000|  0%| F|  |TAMS 0x0000000646e00000, 0x0000000646e00000| Untracked 
| 111|0x0000000646f00000, 0x0000000646f00000, 0x0000000647000000|  0%| F|  |TAMS 0x0000000646f00000, 0x0000000646f00000| Untracked 
| 112|0x0000000647000000, 0x0000000647000000, 0x0000000647100000|  0%| F|  |TAMS 0x0000000647000000, 0x0000000647000000| Untracked 
| 113|0x0000000647100000, 0x0000000647100000, 0x0000000647200000|  0%| F|  |TAMS 0x0000000647100000, 0x0000000647100000| Untracked 
| 114|0x0000000647200000, 0x0000000647200000, 0x0000000647300000|  0%| F|  |TAMS 0x0000000647200000, 0x0000000647200000| Untracked 
| 115|0x0000000647300000, 0x0000000647300000, 0x0000000647400000|  0%| F|  |TAMS 0x0000000647300000, 0x0000000647300000| Untracked 
| 116|0x0000000647400000, 0x0000000647400000, 0x0000000647500000|  0%| F|  |TAMS 0x0000000647400000, 0x0000000647400000| Untracked 
| 117|0x0000000647500000, 0x0000000647500000, 0x0000000647600000|  0%| F|  |TAMS 0x0000000647500000, 0x0000000647500000| Untracked 
| 118|0x0000000647600000, 0x0000000647600000, 0x0000000647700000|  0%| F|  |TAMS 0x0000000647600000, 0x0000000647600000| Untracked 
| 119|0x0000000647700000, 0x0000000647700000, 0x0000000647800000|  0%| F|  |TAMS 0x0000000647700000, 0x0000000647700000| Untracked 
| 120|0x0000000647800000, 0x0000000647800000, 0x0000000647900000|  0%| F|  |TAMS 0x0000000647800000, 0x0000000647800000| Untracked 
| 121|0x0000000647900000, 0x0000000647900000, 0x0000000647a00000|  0%| F|  |TAMS 0x0000000647900000, 0x0000000647900000| Untracked 
| 122|0x0000000647a00000, 0x0000000647a00000, 0x0000000647b00000|  0%| F|  |TAMS 0x0000000647a00000, 0x0000000647a00000| Untracked 
| 123|0x0000000647b00000, 0x0000000647b00000, 0x0000000647c00000|  0%| F|  |TAMS 0x0000000647b00000, 0x0000000647b00000| Untracked 
| 124|0x0000000647c00000, 0x0000000647c00000, 0x0000000647d00000|  0%| F|  |TAMS 0x0000000647c00000, 0x0000000647c00000| Untracked 
| 125|0x0000000647d00000, 0x0000000647d00000, 0x0000000647e00000|  0%| F|  |TAMS 0x0000000647d00000, 0x0000000647d00000| Untracked 
| 126|0x0000000647e00000, 0x0000000647e00000, 0x0000000647f00000|  0%| F|  |TAMS 0x0000000647e00000, 0x0000000647e00000| Untracked 
| 127|0x0000000647f00000, 0x0000000647f00000, 0x0000000648000000|  0%| F|  |TAMS 0x0000000647f00000, 0x0000000647f00000| Untracked 
| 128|0x0000000648000000, 0x0000000648000000, 0x0000000648100000|  0%| F|  |TAMS 0x0000000648000000, 0x0000000648000000| Untracked 
| 129|0x0000000648100000, 0x0000000648100000, 0x0000000648200000|  0%| F|  |TAMS 0x0000000648100000, 0x0000000648100000| Untracked 
| 130|0x0000000648200000, 0x0000000648200000, 0x0000000648300000|  0%| F|  |TAMS 0x0000000648200000, 0x0000000648200000| Untracked 
| 131|0x0000000648300000, 0x0000000648300000, 0x0000000648400000|  0%| F|  |TAMS 0x0000000648300000, 0x0000000648300000| Untracked 
| 132|0x0000000648400000, 0x0000000648400000, 0x0000000648500000|  0%| F|  |TAMS 0x0000000648400000, 0x0000000648400000| Untracked 
| 133|0x0000000648500000, 0x0000000648500000, 0x0000000648600000|  0%| F|  |TAMS 0x0000000648500000, 0x0000000648500000| Untracked 
| 134|0x0000000648600000, 0x0000000648600000, 0x0000000648700000|  0%| F|  |TAMS 0x0000000648600000, 0x0000000648600000| Untracked 
| 135|0x0000000648700000, 0x0000000648700000, 0x0000000648800000|  0%| F|  |TAMS 0x0000000648700000, 0x0000000648700000| Untracked 
| 136|0x0000000648800000, 0x0000000648800000, 0x0000000648900000|  0%| F|  |TAMS 0x0000000648800000, 0x0000000648800000| Untracked 
| 137|0x0000000648900000, 0x0000000648900000, 0x0000000648a00000|  0%| F|  |TAMS 0x0000000648900000, 0x0000000648900000| Untracked 
| 138|0x0000000648a00000, 0x0000000648a00000, 0x0000000648b00000|  0%| F|  |TAMS 0x0000000648a00000, 0x0000000648a00000| Untracked 
| 139|0x0000000648b00000, 0x0000000648b00000, 0x0000000648c00000|  0%| F|  |TAMS 0x0000000648b00000, 0x0000000648b00000| Untracked 
| 140|0x0000000648c00000, 0x0000000648c00000, 0x0000000648d00000|  0%| F|  |TAMS 0x0000000648c00000, 0x0000000648c00000| Untracked 
| 141|0x0000000648d00000, 0x0000000648d00000, 0x0000000648e00000|  0%| F|  |TAMS 0x0000000648d00000, 0x0000000648d00000| Untracked 
| 142|0x0000000648e00000, 0x0000000648e00000, 0x0000000648f00000|  0%| F|  |TAMS 0x0000000648e00000, 0x0000000648e00000| Untracked 
| 143|0x0000000648f00000, 0x0000000648f00000, 0x0000000649000000|  0%| F|  |TAMS 0x0000000648f00000, 0x0000000648f00000| Untracked 
| 144|0x0000000649000000, 0x0000000649000000, 0x0000000649100000|  0%| F|  |TAMS 0x0000000649000000, 0x0000000649000000| Untracked 
| 145|0x0000000649100000, 0x0000000649100000, 0x0000000649200000|  0%| F|  |TAMS 0x0000000649100000, 0x0000000649100000| Untracked 
| 146|0x0000000649200000, 0x0000000649200000, 0x0000000649300000|  0%| F|  |TAMS 0x0000000649200000, 0x0000000649200000| Untracked 
| 147|0x0000000649300000, 0x0000000649300000, 0x0000000649400000|  0%| F|  |TAMS 0x0000000649300000, 0x0000000649300000| Untracked 
| 148|0x0000000649400000, 0x0000000649400000, 0x0000000649500000|  0%| F|  |TAMS 0x0000000649400000, 0x0000000649400000| Untracked 
| 149|0x0000000649500000, 0x0000000649500000, 0x0000000649600000|  0%| F|  |TAMS 0x0000000649500000, 0x0000000649500000| Untracked 
| 150|0x0000000649600000, 0x0000000649600000, 0x0000000649700000|  0%| F|  |TAMS 0x0000000649600000, 0x0000000649600000| Untracked 
| 151|0x0000000649700000, 0x0000000649700000, 0x0000000649800000|  0%| F|  |TAMS 0x0000000649700000, 0x0000000649700000| Untracked 
| 152|0x0000000649800000, 0x0000000649800000, 0x0000000649900000|  0%| F|  |TAMS 0x0000000649800000, 0x0000000649800000| Untracked 
| 153|0x0000000649900000, 0x0000000649900000, 0x0000000649a00000|  0%| F|  |TAMS 0x0000000649900000, 0x0000000649900000| Untracked 
| 154|0x0000000649a00000, 0x0000000649a00000, 0x0000000649b00000|  0%| F|  |TAMS 0x0000000649a00000, 0x0000000649a00000| Untracked 
| 155|0x0000000649b00000, 0x0000000649b00000, 0x0000000649c00000|  0%| F|  |TAMS 0x0000000649b00000, 0x0000000649b00000| Untracked 
| 156|0x0000000649c00000, 0x0000000649c00000, 0x0000000649d00000|  0%| F|  |TAMS 0x0000000649c00000, 0x0000000649c00000| Untracked 
| 157|0x0000000649d00000, 0x0000000649d00000, 0x0000000649e00000|  0%| F|  |TAMS 0x0000000649d00000, 0x0000000649d00000| Untracked 
| 158|0x0000000649e00000, 0x0000000649e00000, 0x0000000649f00000|  0%| F|  |TAMS 0x0000000649e00000, 0x0000000649e00000| Untracked 
| 159|0x0000000649f00000, 0x0000000649f00000, 0x000000064a000000|  0%| F|  |TAMS 0x0000000649f00000, 0x0000000649f00000| Untracked 
| 160|0x000000064a000000, 0x000000064a000000, 0x000000064a100000|  0%| F|  |TAMS 0x000000064a000000, 0x000000064a000000| Untracked 
| 161|0x000000064a100000, 0x000000064a100000, 0x000000064a200000|  0%| F|  |TAMS 0x000000064a100000, 0x000000064a100000| Untracked 
| 162|0x000000064a200000, 0x000000064a200000, 0x000000064a300000|  0%| F|  |TAMS 0x000000064a200000, 0x000000064a200000| Untracked 
| 163|0x000000064a300000, 0x000000064a300000, 0x000000064a400000|  0%| F|  |TAMS 0x000000064a300000, 0x000000064a300000| Untracked 
| 164|0x000000064a400000, 0x000000064a400000, 0x000000064a500000|  0%| F|  |TAMS 0x000000064a400000, 0x000000064a400000| Untracked 
| 165|0x000000064a500000, 0x000000064a500000, 0x000000064a600000|  0%| F|  |TAMS 0x000000064a500000, 0x000000064a500000| Untracked 
| 166|0x000000064a600000, 0x000000064a600000, 0x000000064a700000|  0%| F|  |TAMS 0x000000064a600000, 0x000000064a600000| Untracked 
| 167|0x000000064a700000, 0x000000064a700000, 0x000000064a800000|  0%| F|  |TAMS 0x000000064a700000, 0x000000064a700000| Untracked 
| 168|0x000000064a800000, 0x000000064a800000, 0x000000064a900000|  0%| F|  |TAMS 0x000000064a800000, 0x000000064a800000| Untracked 
| 169|0x000000064a900000, 0x000000064a900000, 0x000000064aa00000|  0%| F|  |TAMS 0x000000064a900000, 0x000000064a900000| Untracked 
| 170|0x000000064aa00000, 0x000000064aa00000, 0x000000064ab00000|  0%| F|  |TAMS 0x000000064aa00000, 0x000000064aa00000| Untracked 
| 171|0x000000064ab00000, 0x000000064ab00000, 0x000000064ac00000|  0%| F|  |TAMS 0x000000064ab00000, 0x000000064ab00000| Untracked 
| 172|0x000000064ac00000, 0x000000064ac00000, 0x000000064ad00000|  0%| F|  |TAMS 0x000000064ac00000, 0x000000064ac00000| Untracked 
| 173|0x000000064ad00000, 0x000000064ad00000, 0x000000064ae00000|  0%| F|  |TAMS 0x000000064ad00000, 0x000000064ad00000| Untracked 
| 174|0x000000064ae00000, 0x000000064ae00000, 0x000000064af00000|  0%| F|  |TAMS 0x000000064ae00000, 0x000000064ae00000| Untracked 
| 175|0x000000064af00000, 0x000000064af00000, 0x000000064b000000|  0%| F|  |TAMS 0x000000064af00000, 0x000000064af00000| Untracked 
| 176|0x000000064b000000, 0x000000064b000000, 0x000000064b100000|  0%| F|  |TAMS 0x000000064b000000, 0x000000064b000000| Untracked 
| 177|0x000000064b100000, 0x000000064b100000, 0x000000064b200000|  0%| F|  |TAMS 0x000000064b100000, 0x000000064b100000| Untracked 
| 178|0x000000064b200000, 0x000000064b200000, 0x000000064b300000|  0%| F|  |TAMS 0x000000064b200000, 0x000000064b200000| Untracked 
| 179|0x000000064b300000, 0x000000064b300000, 0x000000064b400000|  0%| F|  |TAMS 0x000000064b300000, 0x000000064b300000| Untracked 
| 180|0x000000064b400000, 0x000000064b400000, 0x000000064b500000|  0%| F|  |TAMS 0x000000064b400000, 0x000000064b400000| Untracked 
| 181|0x000000064b500000, 0x000000064b500000, 0x000000064b600000|  0%| F|  |TAMS 0x000000064b500000, 0x000000064b500000| Untracked 
| 182|0x000000064b600000, 0x000000064b600000, 0x000000064b700000|  0%| F|  |TAMS 0x000000064b600000, 0x000000064b600000| Untracked 
| 183|0x000000064b700000, 0x000000064b700000, 0x000000064b800000|  0%| F|  |TAMS 0x000000064b700000, 0x000000064b700000| Untracked 
| 184|0x000000064b800000, 0x000000064b800000, 0x000000064b900000|  0%| F|  |TAMS 0x000000064b800000, 0x000000064b800000| Untracked 
| 185|0x000000064b900000, 0x000000064b900000, 0x000000064ba00000|  0%| F|  |TAMS 0x000000064b900000, 0x000000064b900000| Untracked 
| 186|0x000000064ba00000, 0x000000064ba00000, 0x000000064bb00000|  0%| F|  |TAMS 0x000000064ba00000, 0x000000064ba00000| Untracked 
| 187|0x000000064bb00000, 0x000000064bb00000, 0x000000064bc00000|  0%| F|  |TAMS 0x000000064bb00000, 0x000000064bb00000| Untracked 
| 188|0x000000064bc00000, 0x000000064bc00000, 0x000000064bd00000|  0%| F|  |TAMS 0x000000064bc00000, 0x000000064bc00000| Untracked 
| 189|0x000000064bd00000, 0x000000064bd00000, 0x000000064be00000|  0%| F|  |TAMS 0x000000064bd00000, 0x000000064bd00000| Untracked 
| 190|0x000000064be00000, 0x000000064be00000, 0x000000064bf00000|  0%| F|  |TAMS 0x000000064be00000, 0x000000064be00000| Untracked 
| 191|0x000000064bf00000, 0x000000064bf00000, 0x000000064c000000|  0%| F|  |TAMS 0x000000064bf00000, 0x000000064bf00000| Untracked 
| 192|0x000000064c000000, 0x000000064c000000, 0x000000064c100000|  0%| F|  |TAMS 0x000000064c000000, 0x000000064c000000| Untracked 
| 193|0x000000064c100000, 0x000000064c100000, 0x000000064c200000|  0%| F|  |TAMS 0x000000064c100000, 0x000000064c100000| Untracked 
| 194|0x000000064c200000, 0x000000064c200000, 0x000000064c300000|  0%| F|  |TAMS 0x000000064c200000, 0x000000064c200000| Untracked 
| 195|0x000000064c300000, 0x000000064c300000, 0x000000064c400000|  0%| F|  |TAMS 0x000000064c300000, 0x000000064c300000| Untracked 
| 196|0x000000064c400000, 0x000000064c400000, 0x000000064c500000|  0%| F|  |TAMS 0x000000064c400000, 0x000000064c400000| Untracked 
| 197|0x000000064c500000, 0x000000064c500000, 0x000000064c600000|  0%| F|  |TAMS 0x000000064c500000, 0x000000064c500000| Untracked 
| 198|0x000000064c600000, 0x000000064c600000, 0x000000064c700000|  0%| F|  |TAMS 0x000000064c600000, 0x000000064c600000| Untracked 
| 199|0x000000064c700000, 0x000000064c700000, 0x000000064c800000|  0%| F|  |TAMS 0x000000064c700000, 0x000000064c700000| Untracked 
| 200|0x000000064c800000, 0x000000064c800000, 0x000000064c900000|  0%| F|  |TAMS 0x000000064c800000, 0x000000064c800000| Untracked 
| 201|0x000000064c900000, 0x000000064c900000, 0x000000064ca00000|  0%| F|  |TAMS 0x000000064c900000, 0x000000064c900000| Untracked 
| 202|0x000000064ca00000, 0x000000064ca00000, 0x000000064cb00000|  0%| F|  |TAMS 0x000000064ca00000, 0x000000064ca00000| Untracked 
| 203|0x000000064cb00000, 0x000000064cb00000, 0x000000064cc00000|  0%| F|  |TAMS 0x000000064cb00000, 0x000000064cb00000| Untracked 
| 204|0x000000064cc00000, 0x000000064cc00000, 0x000000064cd00000|  0%| F|  |TAMS 0x000000064cc00000, 0x000000064cc00000| Untracked 
| 205|0x000000064cd00000, 0x000000064cd00000, 0x000000064ce00000|  0%| F|  |TAMS 0x000000064cd00000, 0x000000064cd00000| Untracked 
| 206|0x000000064ce00000, 0x000000064ce00000, 0x000000064cf00000|  0%| F|  |TAMS 0x000000064ce00000, 0x000000064ce00000| Untracked 
| 207|0x000000064cf00000, 0x000000064cf00000, 0x000000064d000000|  0%| F|  |TAMS 0x000000064cf00000, 0x000000064cf00000| Untracked 
| 208|0x000000064d000000, 0x000000064d000000, 0x000000064d100000|  0%| F|  |TAMS 0x000000064d000000, 0x000000064d000000| Untracked 
| 209|0x000000064d100000, 0x000000064d100000, 0x000000064d200000|  0%| F|  |TAMS 0x000000064d100000, 0x000000064d100000| Untracked 
| 210|0x000000064d200000, 0x000000064d200000, 0x000000064d300000|  0%| F|  |TAMS 0x000000064d200000, 0x000000064d200000| Untracked 
| 211|0x000000064d300000, 0x000000064d300000, 0x000000064d400000|  0%| F|  |TAMS 0x000000064d300000, 0x000000064d300000| Untracked 
| 212|0x000000064d400000, 0x000000064d400000, 0x000000064d500000|  0%| F|  |TAMS 0x000000064d400000, 0x000000064d400000| Untracked 
| 213|0x000000064d500000, 0x000000064d500000, 0x000000064d600000|  0%| F|  |TAMS 0x000000064d500000, 0x000000064d500000| Untracked 
| 214|0x000000064d600000, 0x000000064d600000, 0x000000064d700000|  0%| F|  |TAMS 0x000000064d600000, 0x000000064d600000| Untracked 
| 215|0x000000064d700000, 0x000000064d700000, 0x000000064d800000|  0%| F|  |TAMS 0x000000064d700000, 0x000000064d700000| Untracked 
| 216|0x000000064d800000, 0x000000064d800000, 0x000000064d900000|  0%| F|  |TAMS 0x000000064d800000, 0x000000064d800000| Untracked 
| 217|0x000000064d900000, 0x000000064d900000, 0x000000064da00000|  0%| F|  |TAMS 0x000000064d900000, 0x000000064d900000| Untracked 
| 218|0x000000064da00000, 0x000000064da00000, 0x000000064db00000|  0%| F|  |TAMS 0x000000064da00000, 0x000000064da00000| Untracked 
| 219|0x000000064db00000, 0x000000064db00000, 0x000000064dc00000|  0%| F|  |TAMS 0x000000064db00000, 0x000000064db00000| Untracked 
| 220|0x000000064dc00000, 0x000000064dc00000, 0x000000064dd00000|  0%| F|  |TAMS 0x000000064dc00000, 0x000000064dc00000| Untracked 
| 221|0x000000064dd00000, 0x000000064dd00000, 0x000000064de00000|  0%| F|  |TAMS 0x000000064dd00000, 0x000000064dd00000| Untracked 
| 222|0x000000064de00000, 0x000000064de00000, 0x000000064df00000|  0%| F|  |TAMS 0x000000064de00000, 0x000000064de00000| Untracked 
| 223|0x000000064df00000, 0x000000064df00000, 0x000000064e000000|  0%| F|  |TAMS 0x000000064df00000, 0x000000064df00000| Untracked 
| 224|0x000000064e000000, 0x000000064e000000, 0x000000064e100000|  0%| F|  |TAMS 0x000000064e000000, 0x000000064e000000| Untracked 
| 225|0x000000064e100000, 0x000000064e100000, 0x000000064e200000|  0%| F|  |TAMS 0x000000064e100000, 0x000000064e100000| Untracked 
| 226|0x000000064e200000, 0x000000064e200000, 0x000000064e300000|  0%| F|  |TAMS 0x000000064e200000, 0x000000064e200000| Untracked 
| 227|0x000000064e300000, 0x000000064e300000, 0x000000064e400000|  0%| F|  |TAMS 0x000000064e300000, 0x000000064e300000| Untracked 
| 228|0x000000064e400000, 0x000000064e400000, 0x000000064e500000|  0%| F|  |TAMS 0x000000064e400000, 0x000000064e400000| Untracked 
| 229|0x000000064e500000, 0x000000064e500000, 0x000000064e600000|  0%| F|  |TAMS 0x000000064e500000, 0x000000064e500000| Untracked 
| 230|0x000000064e600000, 0x000000064e600000, 0x000000064e700000|  0%| F|  |TAMS 0x000000064e600000, 0x000000064e600000| Untracked 
| 231|0x000000064e700000, 0x000000064e700000, 0x000000064e800000|  0%| F|  |TAMS 0x000000064e700000, 0x000000064e700000| Untracked 
| 232|0x000000064e800000, 0x000000064e800000, 0x000000064e900000|  0%| F|  |TAMS 0x000000064e800000, 0x000000064e800000| Untracked 
| 233|0x000000064e900000, 0x000000064e900000, 0x000000064ea00000|  0%| F|  |TAMS 0x000000064e900000, 0x000000064e900000| Untracked 
| 234|0x000000064ea00000, 0x000000064ea00000, 0x000000064eb00000|  0%| F|  |TAMS 0x000000064ea00000, 0x000000064ea00000| Untracked 
| 235|0x000000064eb00000, 0x000000064eb00000, 0x000000064ec00000|  0%| F|  |TAMS 0x000000064eb00000, 0x000000064eb00000| Untracked 
| 236|0x000000064ec00000, 0x000000064ec00000, 0x000000064ed00000|  0%| F|  |TAMS 0x000000064ec00000, 0x000000064ec00000| Untracked 
| 237|0x000000064ed00000, 0x000000064ed00000, 0x000000064ee00000|  0%| F|  |TAMS 0x000000064ed00000, 0x000000064ed00000| Untracked 
| 238|0x000000064ee00000, 0x000000064ee00000, 0x000000064ef00000|  0%| F|  |TAMS 0x000000064ee00000, 0x000000064ee00000| Untracked 
| 239|0x000000064ef00000, 0x000000064ef00000, 0x000000064f000000|  0%| F|  |TAMS 0x000000064ef00000, 0x000000064ef00000| Untracked 
| 240|0x000000064f000000, 0x000000064f000000, 0x000000064f100000|  0%| F|  |TAMS 0x000000064f000000, 0x000000064f000000| Untracked 
| 241|0x000000064f100000, 0x000000064f100000, 0x000000064f200000|  0%| F|  |TAMS 0x000000064f100000, 0x000000064f100000| Untracked 
| 242|0x000000064f200000, 0x000000064f2db2d0, 0x000000064f300000| 85%| S|CS|TAMS 0x000000064f200000, 0x000000064f200000| Complete 
| 243|0x000000064f300000, 0x000000064f400000, 0x000000064f400000|100%| S|CS|TAMS 0x000000064f300000, 0x000000064f300000| Complete 
| 244|0x000000064f400000, 0x000000064f500000, 0x000000064f500000|100%| S|CS|TAMS 0x000000064f400000, 0x000000064f400000| Complete 
| 245|0x000000064f500000, 0x000000064f600000, 0x000000064f600000|100%| S|CS|TAMS 0x000000064f500000, 0x000000064f500000| Complete 
| 246|0x000000064f600000, 0x000000064f700000, 0x000000064f700000|100%| S|CS|TAMS 0x000000064f600000, 0x000000064f600000| Complete 
| 247|0x000000064f700000, 0x000000064f800000, 0x000000064f800000|100%| S|CS|TAMS 0x000000064f700000, 0x000000064f700000| Complete 
| 248|0x000000064f800000, 0x000000064f900000, 0x000000064f900000|100%| S|CS|TAMS 0x000000064f800000, 0x000000064f800000| Complete 
| 249|0x000000064f900000, 0x000000064fa00000, 0x000000064fa00000|100%| S|CS|TAMS 0x000000064f900000, 0x000000064f900000| Complete 
| 250|0x000000064fa00000, 0x000000064fb00000, 0x000000064fb00000|100%| S|CS|TAMS 0x000000064fa00000, 0x000000064fa00000| Complete 
| 251|0x000000064fb00000, 0x000000064fc00000, 0x000000064fc00000|100%| S|CS|TAMS 0x000000064fb00000, 0x000000064fb00000| Complete 
| 252|0x000000064fc00000, 0x000000064fd00000, 0x000000064fd00000|100%| S|CS|TAMS 0x000000064fc00000, 0x000000064fc00000| Complete 
| 253|0x000000064fd00000, 0x000000064fe00000, 0x000000064fe00000|100%| S|CS|TAMS 0x000000064fd00000, 0x000000064fd00000| Complete 
| 254|0x000000064fe00000, 0x000000064ff00000, 0x000000064ff00000|100%| S|CS|TAMS 0x000000064fe00000, 0x000000064fe00000| Complete 
| 255|0x000000064ff00000, 0x0000000650000000, 0x0000000650000000|100%| S|CS|TAMS 0x000000064ff00000, 0x000000064ff00000| Complete 
| 256|0x0000000650000000, 0x0000000650100000, 0x0000000650100000|100%| S|CS|TAMS 0x0000000650000000, 0x0000000650000000| Complete 
| 257|0x0000000650100000, 0x0000000650200000, 0x0000000650200000|100%| S|CS|TAMS 0x0000000650100000, 0x0000000650100000| Complete 
| 258|0x0000000650200000, 0x0000000650300000, 0x0000000650300000|100%| S|CS|TAMS 0x0000000650200000, 0x0000000650200000| Complete 
| 259|0x0000000650300000, 0x0000000650400000, 0x0000000650400000|100%| S|CS|TAMS 0x0000000650300000, 0x0000000650300000| Complete 
| 260|0x0000000650400000, 0x0000000650500000, 0x0000000650500000|100%| S|CS|TAMS 0x0000000650400000, 0x0000000650400000| Complete 
| 261|0x0000000650500000, 0x0000000650600000, 0x0000000650600000|100%| S|CS|TAMS 0x0000000650500000, 0x0000000650500000| Complete 
| 262|0x0000000650600000, 0x0000000650700000, 0x0000000650700000|100%| S|CS|TAMS 0x0000000650600000, 0x0000000650600000| Complete 
| 263|0x0000000650700000, 0x0000000650800000, 0x0000000650800000|100%| S|CS|TAMS 0x0000000650700000, 0x0000000650700000| Complete 
| 264|0x0000000650800000, 0x0000000650900000, 0x0000000650900000|100%| S|CS|TAMS 0x0000000650800000, 0x0000000650800000| Complete 
| 265|0x0000000650900000, 0x0000000650a00000, 0x0000000650a00000|100%| S|CS|TAMS 0x0000000650900000, 0x0000000650900000| Complete 
| 266|0x0000000650a00000, 0x0000000650b00000, 0x0000000650b00000|100%| S|CS|TAMS 0x0000000650a00000, 0x0000000650a00000| Complete 
| 267|0x0000000650b00000, 0x0000000650c00000, 0x0000000650c00000|100%| S|CS|TAMS 0x0000000650b00000, 0x0000000650b00000| Complete 
| 268|0x0000000650c00000, 0x0000000650d00000, 0x0000000650d00000|100%| S|CS|TAMS 0x0000000650c00000, 0x0000000650c00000| Complete 
| 269|0x0000000650d00000, 0x0000000650e00000, 0x0000000650e00000|100%| S|CS|TAMS 0x0000000650d00000, 0x0000000650d00000| Complete 
| 270|0x0000000650e00000, 0x0000000650f00000, 0x0000000650f00000|100%| S|CS|TAMS 0x0000000650e00000, 0x0000000650e00000| Complete 
| 271|0x0000000650f00000, 0x0000000651000000, 0x0000000651000000|100%| S|CS|TAMS 0x0000000650f00000, 0x0000000650f00000| Complete 
| 272|0x0000000651000000, 0x0000000651100000, 0x0000000651100000|100%| S|CS|TAMS 0x0000000651000000, 0x0000000651000000| Complete 
| 273|0x0000000651100000, 0x0000000651100000, 0x0000000651200000|  0%| F|  |TAMS 0x0000000651100000, 0x0000000651100000| Untracked 
| 274|0x0000000651200000, 0x0000000651200000, 0x0000000651300000|  0%| F|  |TAMS 0x0000000651200000, 0x0000000651200000| Untracked 
| 275|0x0000000651300000, 0x0000000651300000, 0x0000000651400000|  0%| F|  |TAMS 0x0000000651300000, 0x0000000651300000| Untracked 
| 276|0x0000000651400000, 0x0000000651400000, 0x0000000651500000|  0%| F|  |TAMS 0x0000000651400000, 0x0000000651400000| Untracked 
| 277|0x0000000651500000, 0x0000000651500000, 0x0000000651600000|  0%| F|  |TAMS 0x0000000651500000, 0x0000000651500000| Untracked 
| 278|0x0000000651600000, 0x0000000651600000, 0x0000000651700000|  0%| F|  |TAMS 0x0000000651600000, 0x0000000651600000| Untracked 
| 279|0x0000000651700000, 0x0000000651700000, 0x0000000651800000|  0%| F|  |TAMS 0x0000000651700000, 0x0000000651700000| Untracked 
| 280|0x0000000651800000, 0x0000000651800000, 0x0000000651900000|  0%| F|  |TAMS 0x0000000651800000, 0x0000000651800000| Untracked 
| 281|0x0000000651900000, 0x0000000651900000, 0x0000000651a00000|  0%| F|  |TAMS 0x0000000651900000, 0x0000000651900000| Untracked 
| 282|0x0000000651a00000, 0x0000000651a00000, 0x0000000651b00000|  0%| F|  |TAMS 0x0000000651a00000, 0x0000000651a00000| Untracked 
| 283|0x0000000651b00000, 0x0000000651b00000, 0x0000000651c00000|  0%| F|  |TAMS 0x0000000651b00000, 0x0000000651b00000| Untracked 
| 284|0x0000000651c00000, 0x0000000651c00000, 0x0000000651d00000|  0%| F|  |TAMS 0x0000000651c00000, 0x0000000651c00000| Untracked 
| 285|0x0000000651d00000, 0x0000000651d00000, 0x0000000651e00000|  0%| F|  |TAMS 0x0000000651d00000, 0x0000000651d00000| Untracked 
| 286|0x0000000651e00000, 0x0000000651e00000, 0x0000000651f00000|  0%| F|  |TAMS 0x0000000651e00000, 0x0000000651e00000| Untracked 
| 287|0x0000000651f00000, 0x0000000651f00000, 0x0000000652000000|  0%| F|  |TAMS 0x0000000651f00000, 0x0000000651f00000| Untracked 
| 288|0x0000000652000000, 0x0000000652000000, 0x0000000652100000|  0%| F|  |TAMS 0x0000000652000000, 0x0000000652000000| Untracked 
| 289|0x0000000652100000, 0x0000000652100000, 0x0000000652200000|  0%| F|  |TAMS 0x0000000652100000, 0x0000000652100000| Untracked 
| 290|0x0000000652200000, 0x0000000652200000, 0x0000000652300000|  0%| F|  |TAMS 0x0000000652200000, 0x0000000652200000| Untracked 
| 291|0x0000000652300000, 0x0000000652300000, 0x0000000652400000|  0%| F|  |TAMS 0x0000000652300000, 0x0000000652300000| Untracked 
| 292|0x0000000652400000, 0x0000000652400000, 0x0000000652500000|  0%| F|  |TAMS 0x0000000652400000, 0x0000000652400000| Untracked 
| 293|0x0000000652500000, 0x0000000652500000, 0x0000000652600000|  0%| F|  |TAMS 0x0000000652500000, 0x0000000652500000| Untracked 
| 294|0x0000000652600000, 0x0000000652600000, 0x0000000652700000|  0%| F|  |TAMS 0x0000000652600000, 0x0000000652600000| Untracked 
| 295|0x0000000652700000, 0x0000000652700000, 0x0000000652800000|  0%| F|  |TAMS 0x0000000652700000, 0x0000000652700000| Untracked 
| 296|0x0000000652800000, 0x0000000652800000, 0x0000000652900000|  0%| F|  |TAMS 0x0000000652800000, 0x0000000652800000| Untracked 
| 297|0x0000000652900000, 0x0000000652900000, 0x0000000652a00000|  0%| F|  |TAMS 0x0000000652900000, 0x0000000652900000| Untracked 
| 298|0x0000000652a00000, 0x0000000652a00000, 0x0000000652b00000|  0%| F|  |TAMS 0x0000000652a00000, 0x0000000652a00000| Untracked 
| 299|0x0000000652b00000, 0x0000000652b00000, 0x0000000652c00000|  0%| F|  |TAMS 0x0000000652b00000, 0x0000000652b00000| Untracked 
| 300|0x0000000652c00000, 0x0000000652c00000, 0x0000000652d00000|  0%| F|  |TAMS 0x0000000652c00000, 0x0000000652c00000| Untracked 
| 301|0x0000000652d00000, 0x0000000652d00000, 0x0000000652e00000|  0%| F|  |TAMS 0x0000000652d00000, 0x0000000652d00000| Untracked 
| 302|0x0000000652e00000, 0x0000000652e00000, 0x0000000652f00000|  0%| F|  |TAMS 0x0000000652e00000, 0x0000000652e00000| Untracked 
| 303|0x0000000652f00000, 0x0000000652f00000, 0x0000000653000000|  0%| F|  |TAMS 0x0000000652f00000, 0x0000000652f00000| Untracked 
| 304|0x0000000653000000, 0x0000000653000000, 0x0000000653100000|  0%| F|  |TAMS 0x0000000653000000, 0x0000000653000000| Untracked 
| 305|0x0000000653100000, 0x0000000653100000, 0x0000000653200000|  0%| F|  |TAMS 0x0000000653100000, 0x0000000653100000| Untracked 
| 306|0x0000000653200000, 0x0000000653200000, 0x0000000653300000|  0%| F|  |TAMS 0x0000000653200000, 0x0000000653200000| Untracked 
| 307|0x0000000653300000, 0x0000000653300000, 0x0000000653400000|  0%| F|  |TAMS 0x0000000653300000, 0x0000000653300000| Untracked 
| 308|0x0000000653400000, 0x0000000653400000, 0x0000000653500000|  0%| F|  |TAMS 0x0000000653400000, 0x0000000653400000| Untracked 
| 309|0x0000000653500000, 0x0000000653500000, 0x0000000653600000|  0%| F|  |TAMS 0x0000000653500000, 0x0000000653500000| Untracked 
| 310|0x0000000653600000, 0x0000000653600000, 0x0000000653700000|  0%| F|  |TAMS 0x0000000653600000, 0x0000000653600000| Untracked 
| 311|0x0000000653700000, 0x0000000653700000, 0x0000000653800000|  0%| F|  |TAMS 0x0000000653700000, 0x0000000653700000| Untracked 
| 312|0x0000000653800000, 0x0000000653800000, 0x0000000653900000|  0%| F|  |TAMS 0x0000000653800000, 0x0000000653800000| Untracked 
| 313|0x0000000653900000, 0x0000000653900000, 0x0000000653a00000|  0%| F|  |TAMS 0x0000000653900000, 0x0000000653900000| Untracked 
| 314|0x0000000653a00000, 0x0000000653a00000, 0x0000000653b00000|  0%| F|  |TAMS 0x0000000653a00000, 0x0000000653a00000| Untracked 
| 315|0x0000000653b00000, 0x0000000653b00000, 0x0000000653c00000|  0%| F|  |TAMS 0x0000000653b00000, 0x0000000653b00000| Untracked 
| 316|0x0000000653c00000, 0x0000000653c00000, 0x0000000653d00000|  0%| F|  |TAMS 0x0000000653c00000, 0x0000000653c00000| Untracked 
| 317|0x0000000653d00000, 0x0000000653d00000, 0x0000000653e00000|  0%| F|  |TAMS 0x0000000653d00000, 0x0000000653d00000| Untracked 
| 318|0x0000000653e00000, 0x0000000653e00000, 0x0000000653f00000|  0%| F|  |TAMS 0x0000000653e00000, 0x0000000653e00000| Untracked 
| 319|0x0000000653f00000, 0x0000000653f00000, 0x0000000654000000|  0%| F|  |TAMS 0x0000000653f00000, 0x0000000653f00000| Untracked 
| 320|0x0000000654000000, 0x0000000654000000, 0x0000000654100000|  0%| F|  |TAMS 0x0000000654000000, 0x0000000654000000| Untracked 
| 321|0x0000000654100000, 0x0000000654100000, 0x0000000654200000|  0%| F|  |TAMS 0x0000000654100000, 0x0000000654100000| Untracked 
| 322|0x0000000654200000, 0x0000000654200000, 0x0000000654300000|  0%| F|  |TAMS 0x0000000654200000, 0x0000000654200000| Untracked 
| 323|0x0000000654300000, 0x0000000654300000, 0x0000000654400000|  0%| F|  |TAMS 0x0000000654300000, 0x0000000654300000| Untracked 
| 324|0x0000000654400000, 0x0000000654400000, 0x0000000654500000|  0%| F|  |TAMS 0x0000000654400000, 0x0000000654400000| Untracked 
| 325|0x0000000654500000, 0x0000000654500000, 0x0000000654600000|  0%| F|  |TAMS 0x0000000654500000, 0x0000000654500000| Untracked 
| 326|0x0000000654600000, 0x0000000654600000, 0x0000000654700000|  0%| F|  |TAMS 0x0000000654600000, 0x0000000654600000| Untracked 
| 327|0x0000000654700000, 0x0000000654700000, 0x0000000654800000|  0%| F|  |TAMS 0x0000000654700000, 0x0000000654700000| Untracked 
| 328|0x0000000654800000, 0x0000000654800000, 0x0000000654900000|  0%| F|  |TAMS 0x0000000654800000, 0x0000000654800000| Untracked 
| 329|0x0000000654900000, 0x0000000654900000, 0x0000000654a00000|  0%| F|  |TAMS 0x0000000654900000, 0x0000000654900000| Untracked 
| 330|0x0000000654a00000, 0x0000000654a00000, 0x0000000654b00000|  0%| F|  |TAMS 0x0000000654a00000, 0x0000000654a00000| Untracked 
| 331|0x0000000654b00000, 0x0000000654b00000, 0x0000000654c00000|  0%| F|  |TAMS 0x0000000654b00000, 0x0000000654b00000| Untracked 
| 332|0x0000000654c00000, 0x0000000654c00000, 0x0000000654d00000|  0%| F|  |TAMS 0x0000000654c00000, 0x0000000654c00000| Untracked 
| 333|0x0000000654d00000, 0x0000000654d00000, 0x0000000654e00000|  0%| F|  |TAMS 0x0000000654d00000, 0x0000000654d00000| Untracked 
| 334|0x0000000654e00000, 0x0000000654e00000, 0x0000000654f00000|  0%| F|  |TAMS 0x0000000654e00000, 0x0000000654e00000| Untracked 
| 335|0x0000000654f00000, 0x0000000654f00000, 0x0000000655000000|  0%| F|  |TAMS 0x0000000654f00000, 0x0000000654f00000| Untracked 
| 336|0x0000000655000000, 0x0000000655000000, 0x0000000655100000|  0%| F|  |TAMS 0x0000000655000000, 0x0000000655000000| Untracked 
| 337|0x0000000655100000, 0x0000000655100000, 0x0000000655200000|  0%| F|  |TAMS 0x0000000655100000, 0x0000000655100000| Untracked 
| 338|0x0000000655200000, 0x0000000655200000, 0x0000000655300000|  0%| F|  |TAMS 0x0000000655200000, 0x0000000655200000| Untracked 
| 339|0x0000000655300000, 0x0000000655300000, 0x0000000655400000|  0%| F|  |TAMS 0x0000000655300000, 0x0000000655300000| Untracked 
| 340|0x0000000655400000, 0x0000000655400000, 0x0000000655500000|  0%| F|  |TAMS 0x0000000655400000, 0x0000000655400000| Untracked 
| 341|0x0000000655500000, 0x0000000655500000, 0x0000000655600000|  0%| F|  |TAMS 0x0000000655500000, 0x0000000655500000| Untracked 
| 342|0x0000000655600000, 0x0000000655600000, 0x0000000655700000|  0%| F|  |TAMS 0x0000000655600000, 0x0000000655600000| Untracked 
| 343|0x0000000655700000, 0x0000000655700000, 0x0000000655800000|  0%| F|  |TAMS 0x0000000655700000, 0x0000000655700000| Untracked 
| 344|0x0000000655800000, 0x0000000655800000, 0x0000000655900000|  0%| F|  |TAMS 0x0000000655800000, 0x0000000655800000| Untracked 
| 345|0x0000000655900000, 0x0000000655900000, 0x0000000655a00000|  0%| F|  |TAMS 0x0000000655900000, 0x0000000655900000| Untracked 
| 346|0x0000000655a00000, 0x0000000655a00000, 0x0000000655b00000|  0%| F|  |TAMS 0x0000000655a00000, 0x0000000655a00000| Untracked 
| 347|0x0000000655b00000, 0x0000000655b00000, 0x0000000655c00000|  0%| F|  |TAMS 0x0000000655b00000, 0x0000000655b00000| Untracked 
| 348|0x0000000655c00000, 0x0000000655c00000, 0x0000000655d00000|  0%| F|  |TAMS 0x0000000655c00000, 0x0000000655c00000| Untracked 
| 349|0x0000000655d00000, 0x0000000655d00000, 0x0000000655e00000|  0%| F|  |TAMS 0x0000000655d00000, 0x0000000655d00000| Untracked 
| 350|0x0000000655e00000, 0x0000000655e00000, 0x0000000655f00000|  0%| F|  |TAMS 0x0000000655e00000, 0x0000000655e00000| Untracked 
| 351|0x0000000655f00000, 0x0000000655f00000, 0x0000000656000000|  0%| F|  |TAMS 0x0000000655f00000, 0x0000000655f00000| Untracked 
| 352|0x0000000656000000, 0x0000000656000000, 0x0000000656100000|  0%| F|  |TAMS 0x0000000656000000, 0x0000000656000000| Untracked 
| 353|0x0000000656100000, 0x0000000656100000, 0x0000000656200000|  0%| F|  |TAMS 0x0000000656100000, 0x0000000656100000| Untracked 
| 354|0x0000000656200000, 0x0000000656200000, 0x0000000656300000|  0%| F|  |TAMS 0x0000000656200000, 0x0000000656200000| Untracked 
| 355|0x0000000656300000, 0x0000000656300000, 0x0000000656400000|  0%| F|  |TAMS 0x0000000656300000, 0x0000000656300000| Untracked 
| 356|0x0000000656400000, 0x0000000656400000, 0x0000000656500000|  0%| F|  |TAMS 0x0000000656400000, 0x0000000656400000| Untracked 
| 357|0x0000000656500000, 0x0000000656500000, 0x0000000656600000|  0%| F|  |TAMS 0x0000000656500000, 0x0000000656500000| Untracked 
| 358|0x0000000656600000, 0x0000000656600000, 0x0000000656700000|  0%| F|  |TAMS 0x0000000656600000, 0x0000000656600000| Untracked 
| 359|0x0000000656700000, 0x0000000656700000, 0x0000000656800000|  0%| F|  |TAMS 0x0000000656700000, 0x0000000656700000| Untracked 
| 360|0x0000000656800000, 0x0000000656800000, 0x0000000656900000|  0%| F|  |TAMS 0x0000000656800000, 0x0000000656800000| Untracked 
| 361|0x0000000656900000, 0x0000000656980800, 0x0000000656a00000| 50%| E|  |TAMS 0x0000000656900000, 0x0000000656900000| Complete 
| 362|0x0000000656a00000, 0x0000000656b00000, 0x0000000656b00000|100%| E|CS|TAMS 0x0000000656a00000, 0x0000000656a00000| Complete 
| 363|0x0000000656b00000, 0x0000000656c00000, 0x0000000656c00000|100%| E|CS|TAMS 0x0000000656b00000, 0x0000000656b00000| Complete 
| 364|0x0000000656c00000, 0x0000000656d00000, 0x0000000656d00000|100%| E|CS|TAMS 0x0000000656c00000, 0x0000000656c00000| Complete 
| 365|0x0000000656d00000, 0x0000000656e00000, 0x0000000656e00000|100%| E|CS|TAMS 0x0000000656d00000, 0x0000000656d00000| Complete 
| 366|0x0000000656e00000, 0x0000000656f00000, 0x0000000656f00000|100%| E|CS|TAMS 0x0000000656e00000, 0x0000000656e00000| Complete 
| 367|0x0000000656f00000, 0x0000000657000000, 0x0000000657000000|100%| E|CS|TAMS 0x0000000656f00000, 0x0000000656f00000| Complete 
| 368|0x0000000657000000, 0x0000000657100000, 0x0000000657100000|100%| E|CS|TAMS 0x0000000657000000, 0x0000000657000000| Complete 
| 369|0x0000000657100000, 0x0000000657200000, 0x0000000657200000|100%| E|CS|TAMS 0x0000000657100000, 0x0000000657100000| Complete 
| 370|0x0000000657200000, 0x0000000657300000, 0x0000000657300000|100%| E|CS|TAMS 0x0000000657200000, 0x0000000657200000| Complete 
| 371|0x0000000657300000, 0x0000000657400000, 0x0000000657400000|100%| E|CS|TAMS 0x0000000657300000, 0x0000000657300000| Complete 
| 372|0x0000000657400000, 0x0000000657500000, 0x0000000657500000|100%| E|CS|TAMS 0x0000000657400000, 0x0000000657400000| Complete 
| 373|0x0000000657500000, 0x0000000657600000, 0x0000000657600000|100%| E|CS|TAMS 0x0000000657500000, 0x0000000657500000| Complete 
| 374|0x0000000657600000, 0x0000000657700000, 0x0000000657700000|100%| E|CS|TAMS 0x0000000657600000, 0x0000000657600000| Complete 
| 375|0x0000000657700000, 0x0000000657800000, 0x0000000657800000|100%| E|CS|TAMS 0x0000000657700000, 0x0000000657700000| Complete 
| 376|0x0000000657800000, 0x0000000657900000, 0x0000000657900000|100%| E|CS|TAMS 0x0000000657800000, 0x0000000657800000| Complete 
| 377|0x0000000657900000, 0x0000000657a00000, 0x0000000657a00000|100%| E|CS|TAMS 0x0000000657900000, 0x0000000657900000| Complete 
| 378|0x0000000657a00000, 0x0000000657b00000, 0x0000000657b00000|100%| E|CS|TAMS 0x0000000657a00000, 0x0000000657a00000| Complete 
| 379|0x0000000657b00000, 0x0000000657c00000, 0x0000000657c00000|100%| E|CS|TAMS 0x0000000657b00000, 0x0000000657b00000| Complete 
| 380|0x0000000657c00000, 0x0000000657d00000, 0x0000000657d00000|100%| E|CS|TAMS 0x0000000657c00000, 0x0000000657c00000| Complete 
| 381|0x0000000657d00000, 0x0000000657e00000, 0x0000000657e00000|100%| E|CS|TAMS 0x0000000657d00000, 0x0000000657d00000| Complete 
| 382|0x0000000657e00000, 0x0000000657f00000, 0x0000000657f00000|100%| E|CS|TAMS 0x0000000657e00000, 0x0000000657e00000| Complete 
| 383|0x0000000657f00000, 0x0000000658000000, 0x0000000658000000|100%| E|CS|TAMS 0x0000000657f00000, 0x0000000657f00000| Complete 
| 384|0x0000000658000000, 0x0000000658100000, 0x0000000658100000|100%| E|CS|TAMS 0x0000000658000000, 0x0000000658000000| Complete 
| 385|0x0000000658100000, 0x0000000658200000, 0x0000000658200000|100%| E|CS|TAMS 0x0000000658100000, 0x0000000658100000| Complete 
| 386|0x0000000658200000, 0x0000000658300000, 0x0000000658300000|100%| E|CS|TAMS 0x0000000658200000, 0x0000000658200000| Complete 
| 387|0x0000000658300000, 0x0000000658400000, 0x0000000658400000|100%| E|CS|TAMS 0x0000000658300000, 0x0000000658300000| Complete 
| 388|0x0000000658400000, 0x0000000658500000, 0x0000000658500000|100%| E|CS|TAMS 0x0000000658400000, 0x0000000658400000| Complete 
| 389|0x0000000658500000, 0x0000000658600000, 0x0000000658600000|100%| E|CS|TAMS 0x0000000658500000, 0x0000000658500000| Complete 
| 390|0x0000000658600000, 0x0000000658700000, 0x0000000658700000|100%| E|CS|TAMS 0x0000000658600000, 0x0000000658600000| Complete 
| 391|0x0000000658700000, 0x0000000658800000, 0x0000000658800000|100%| E|CS|TAMS 0x0000000658700000, 0x0000000658700000| Complete 
| 392|0x0000000658800000, 0x0000000658900000, 0x0000000658900000|100%| E|CS|TAMS 0x0000000658800000, 0x0000000658800000| Complete 
| 393|0x0000000658900000, 0x0000000658a00000, 0x0000000658a00000|100%| E|CS|TAMS 0x0000000658900000, 0x0000000658900000| Complete 
| 394|0x0000000658a00000, 0x0000000658b00000, 0x0000000658b00000|100%| E|CS|TAMS 0x0000000658a00000, 0x0000000658a00000| Complete 
| 395|0x0000000658b00000, 0x0000000658c00000, 0x0000000658c00000|100%| E|CS|TAMS 0x0000000658b00000, 0x0000000658b00000| Complete 
| 396|0x0000000658c00000, 0x0000000658d00000, 0x0000000658d00000|100%| E|CS|TAMS 0x0000000658c00000, 0x0000000658c00000| Complete 
| 397|0x0000000658d00000, 0x0000000658e00000, 0x0000000658e00000|100%| E|CS|TAMS 0x0000000658d00000, 0x0000000658d00000| Complete 
| 398|0x0000000658e00000, 0x0000000658f00000, 0x0000000658f00000|100%| E|CS|TAMS 0x0000000658e00000, 0x0000000658e00000| Complete 
| 399|0x0000000658f00000, 0x0000000659000000, 0x0000000659000000|100%| E|CS|TAMS 0x0000000658f00000, 0x0000000658f00000| Complete 
| 400|0x0000000659000000, 0x0000000659100000, 0x0000000659100000|100%| E|CS|TAMS 0x0000000659000000, 0x0000000659000000| Complete 
| 401|0x0000000659100000, 0x0000000659200000, 0x0000000659200000|100%| E|CS|TAMS 0x0000000659100000, 0x0000000659100000| Complete 
| 402|0x0000000659200000, 0x0000000659300000, 0x0000000659300000|100%| E|CS|TAMS 0x0000000659200000, 0x0000000659200000| Complete 
| 403|0x0000000659300000, 0x0000000659400000, 0x0000000659400000|100%| E|CS|TAMS 0x0000000659300000, 0x0000000659300000| Complete 
| 404|0x0000000659400000, 0x0000000659500000, 0x0000000659500000|100%| E|CS|TAMS 0x0000000659400000, 0x0000000659400000| Complete 
| 405|0x0000000659500000, 0x0000000659600000, 0x0000000659600000|100%| E|CS|TAMS 0x0000000659500000, 0x0000000659500000| Complete 
| 406|0x0000000659600000, 0x0000000659700000, 0x0000000659700000|100%| E|CS|TAMS 0x0000000659600000, 0x0000000659600000| Complete 
| 407|0x0000000659700000, 0x0000000659800000, 0x0000000659800000|100%| E|CS|TAMS 0x0000000659700000, 0x0000000659700000| Complete 
| 408|0x0000000659800000, 0x0000000659900000, 0x0000000659900000|100%| E|CS|TAMS 0x0000000659800000, 0x0000000659800000| Complete 
| 409|0x0000000659900000, 0x0000000659a00000, 0x0000000659a00000|100%| E|CS|TAMS 0x0000000659900000, 0x0000000659900000| Complete 
| 410|0x0000000659a00000, 0x0000000659b00000, 0x0000000659b00000|100%| E|CS|TAMS 0x0000000659a00000, 0x0000000659a00000| Complete 
| 411|0x0000000659b00000, 0x0000000659c00000, 0x0000000659c00000|100%| E|CS|TAMS 0x0000000659b00000, 0x0000000659b00000| Complete 
| 412|0x0000000659c00000, 0x0000000659d00000, 0x0000000659d00000|100%| E|CS|TAMS 0x0000000659c00000, 0x0000000659c00000| Complete 
| 413|0x0000000659d00000, 0x0000000659e00000, 0x0000000659e00000|100%| E|CS|TAMS 0x0000000659d00000, 0x0000000659d00000| Complete 
| 414|0x0000000659e00000, 0x0000000659f00000, 0x0000000659f00000|100%| E|CS|TAMS 0x0000000659e00000, 0x0000000659e00000| Complete 
| 415|0x0000000659f00000, 0x000000065a000000, 0x000000065a000000|100%| E|CS|TAMS 0x0000000659f00000, 0x0000000659f00000| Complete 
| 416|0x000000065a000000, 0x000000065a100000, 0x000000065a100000|100%| E|CS|TAMS 0x000000065a000000, 0x000000065a000000| Complete 
| 417|0x000000065a100000, 0x000000065a200000, 0x000000065a200000|100%| E|CS|TAMS 0x000000065a100000, 0x000000065a100000| Complete 
| 418|0x000000065a200000, 0x000000065a300000, 0x000000065a300000|100%| E|CS|TAMS 0x000000065a200000, 0x000000065a200000| Complete 
| 419|0x000000065a300000, 0x000000065a400000, 0x000000065a400000|100%| E|CS|TAMS 0x000000065a300000, 0x000000065a300000| Complete 
| 420|0x000000065a400000, 0x000000065a500000, 0x000000065a500000|100%| E|CS|TAMS 0x000000065a400000, 0x000000065a400000| Complete 
| 421|0x000000065a500000, 0x000000065a600000, 0x000000065a600000|100%| E|CS|TAMS 0x000000065a500000, 0x000000065a500000| Complete 
| 422|0x000000065a600000, 0x000000065a700000, 0x000000065a700000|100%| E|CS|TAMS 0x000000065a600000, 0x000000065a600000| Complete 
| 423|0x000000065a700000, 0x000000065a800000, 0x000000065a800000|100%| E|CS|TAMS 0x000000065a700000, 0x000000065a700000| Complete 
| 424|0x000000065a800000, 0x000000065a900000, 0x000000065a900000|100%| E|CS|TAMS 0x000000065a800000, 0x000000065a800000| Complete 
| 425|0x000000065a900000, 0x000000065aa00000, 0x000000065aa00000|100%| E|CS|TAMS 0x000000065a900000, 0x000000065a900000| Complete 
| 426|0x000000065aa00000, 0x000000065ab00000, 0x000000065ab00000|100%| E|CS|TAMS 0x000000065aa00000, 0x000000065aa00000| Complete 
| 427|0x000000065ab00000, 0x000000065ac00000, 0x000000065ac00000|100%| E|CS|TAMS 0x000000065ab00000, 0x000000065ab00000| Complete 
| 428|0x000000065ac00000, 0x000000065ad00000, 0x000000065ad00000|100%| E|CS|TAMS 0x000000065ac00000, 0x000000065ac00000| Complete 
| 429|0x000000065ad00000, 0x000000065ae00000, 0x000000065ae00000|100%| E|CS|TAMS 0x000000065ad00000, 0x000000065ad00000| Complete 
| 430|0x000000065ae00000, 0x000000065af00000, 0x000000065af00000|100%| E|CS|TAMS 0x000000065ae00000, 0x000000065ae00000| Complete 
| 431|0x000000065af00000, 0x000000065b000000, 0x000000065b000000|100%| E|CS|TAMS 0x000000065af00000, 0x000000065af00000| Complete 
| 432|0x000000065b000000, 0x000000065b100000, 0x000000065b100000|100%| E|CS|TAMS 0x000000065b000000, 0x000000065b000000| Complete 
| 433|0x000000065b100000, 0x000000065b200000, 0x000000065b200000|100%| E|CS|TAMS 0x000000065b100000, 0x000000065b100000| Complete 
| 434|0x000000065b200000, 0x000000065b300000, 0x000000065b300000|100%| E|CS|TAMS 0x000000065b200000, 0x000000065b200000| Complete 
| 435|0x000000065b300000, 0x000000065b400000, 0x000000065b400000|100%| E|CS|TAMS 0x000000065b300000, 0x000000065b300000| Complete 
| 436|0x000000065b400000, 0x000000065b500000, 0x000000065b500000|100%| E|CS|TAMS 0x000000065b400000, 0x000000065b400000| Complete 
| 437|0x000000065b500000, 0x000000065b600000, 0x000000065b600000|100%| E|CS|TAMS 0x000000065b500000, 0x000000065b500000| Complete 
| 438|0x000000065b600000, 0x000000065b700000, 0x000000065b700000|100%| E|CS|TAMS 0x000000065b600000, 0x000000065b600000| Complete 
| 439|0x000000065b700000, 0x000000065b800000, 0x000000065b800000|100%| E|CS|TAMS 0x000000065b700000, 0x000000065b700000| Complete 
| 440|0x000000065b800000, 0x000000065b900000, 0x000000065b900000|100%| E|CS|TAMS 0x000000065b800000, 0x000000065b800000| Complete 
| 441|0x000000065b900000, 0x000000065ba00000, 0x000000065ba00000|100%| E|CS|TAMS 0x000000065b900000, 0x000000065b900000| Complete 
| 442|0x000000065ba00000, 0x000000065bb00000, 0x000000065bb00000|100%| E|CS|TAMS 0x000000065ba00000, 0x000000065ba00000| Complete 
| 443|0x000000065bb00000, 0x000000065bc00000, 0x000000065bc00000|100%| E|CS|TAMS 0x000000065bb00000, 0x000000065bb00000| Complete 
| 444|0x000000065bc00000, 0x000000065bd00000, 0x000000065bd00000|100%| E|CS|TAMS 0x000000065bc00000, 0x000000065bc00000| Complete 
| 445|0x000000065bd00000, 0x000000065be00000, 0x000000065be00000|100%| E|CS|TAMS 0x000000065bd00000, 0x000000065bd00000| Complete 
| 446|0x000000065be00000, 0x000000065bf00000, 0x000000065bf00000|100%| E|CS|TAMS 0x000000065be00000, 0x000000065be00000| Complete 
| 447|0x000000065bf00000, 0x000000065c000000, 0x000000065c000000|100%| E|CS|TAMS 0x000000065bf00000, 0x000000065bf00000| Complete 
| 448|0x000000065c000000, 0x000000065c100000, 0x000000065c100000|100%| E|CS|TAMS 0x000000065c000000, 0x000000065c000000| Complete 
| 449|0x000000065c100000, 0x000000065c200000, 0x000000065c200000|100%| E|CS|TAMS 0x000000065c100000, 0x000000065c100000| Complete 
| 450|0x000000065c200000, 0x000000065c300000, 0x000000065c300000|100%| E|CS|TAMS 0x000000065c200000, 0x000000065c200000| Complete 
| 451|0x000000065c300000, 0x000000065c400000, 0x000000065c400000|100%| E|CS|TAMS 0x000000065c300000, 0x000000065c300000| Complete 
| 452|0x000000065c400000, 0x000000065c500000, 0x000000065c500000|100%| E|CS|TAMS 0x000000065c400000, 0x000000065c400000| Complete 
| 453|0x000000065c500000, 0x000000065c600000, 0x000000065c600000|100%| E|CS|TAMS 0x000000065c500000, 0x000000065c500000| Complete 
| 454|0x000000065c600000, 0x000000065c700000, 0x000000065c700000|100%| E|CS|TAMS 0x000000065c600000, 0x000000065c600000| Complete 
| 455|0x000000065c700000, 0x000000065c800000, 0x000000065c800000|100%| E|CS|TAMS 0x000000065c700000, 0x000000065c700000| Complete 
| 456|0x000000065c800000, 0x000000065c900000, 0x000000065c900000|100%| E|CS|TAMS 0x000000065c800000, 0x000000065c800000| Complete 
| 457|0x000000065c900000, 0x000000065ca00000, 0x000000065ca00000|100%| E|CS|TAMS 0x000000065c900000, 0x000000065c900000| Complete 
| 458|0x000000065ca00000, 0x000000065cb00000, 0x000000065cb00000|100%| E|CS|TAMS 0x000000065ca00000, 0x000000065ca00000| Complete 
| 459|0x000000065cb00000, 0x000000065cc00000, 0x000000065cc00000|100%| E|CS|TAMS 0x000000065cb00000, 0x000000065cb00000| Complete 
| 460|0x000000065cc00000, 0x000000065cd00000, 0x000000065cd00000|100%| E|CS|TAMS 0x000000065cc00000, 0x000000065cc00000| Complete 
| 461|0x000000065cd00000, 0x000000065ce00000, 0x000000065ce00000|100%| E|CS|TAMS 0x000000065cd00000, 0x000000065cd00000| Complete 
| 462|0x000000065ce00000, 0x000000065cf00000, 0x000000065cf00000|100%| E|CS|TAMS 0x000000065ce00000, 0x000000065ce00000| Complete 
| 463|0x000000065cf00000, 0x000000065d000000, 0x000000065d000000|100%| E|CS|TAMS 0x000000065cf00000, 0x000000065cf00000| Complete 
| 464|0x000000065d000000, 0x000000065d100000, 0x000000065d100000|100%| E|CS|TAMS 0x000000065d000000, 0x000000065d000000| Complete 
| 465|0x000000065d100000, 0x000000065d200000, 0x000000065d200000|100%| E|CS|TAMS 0x000000065d100000, 0x000000065d100000| Complete 
| 466|0x000000065d200000, 0x000000065d300000, 0x000000065d300000|100%| E|CS|TAMS 0x000000065d200000, 0x000000065d200000| Complete 
| 467|0x000000065d300000, 0x000000065d400000, 0x000000065d400000|100%| E|CS|TAMS 0x000000065d300000, 0x000000065d300000| Complete 
| 468|0x000000065d400000, 0x000000065d500000, 0x000000065d500000|100%| E|CS|TAMS 0x000000065d400000, 0x000000065d400000| Complete 
| 469|0x000000065d500000, 0x000000065d600000, 0x000000065d600000|100%| E|CS|TAMS 0x000000065d500000, 0x000000065d500000| Complete 
| 470|0x000000065d600000, 0x000000065d700000, 0x000000065d700000|100%| E|CS|TAMS 0x000000065d600000, 0x000000065d600000| Complete 
| 471|0x000000065d700000, 0x000000065d800000, 0x000000065d800000|100%| E|CS|TAMS 0x000000065d700000, 0x000000065d700000| Complete 
| 472|0x000000065d800000, 0x000000065d900000, 0x000000065d900000|100%| E|CS|TAMS 0x000000065d800000, 0x000000065d800000| Complete 
| 473|0x000000065d900000, 0x000000065da00000, 0x000000065da00000|100%| E|CS|TAMS 0x000000065d900000, 0x000000065d900000| Complete 
| 474|0x000000065da00000, 0x000000065db00000, 0x000000065db00000|100%| E|CS|TAMS 0x000000065da00000, 0x000000065da00000| Complete 
| 475|0x000000065db00000, 0x000000065dc00000, 0x000000065dc00000|100%| E|CS|TAMS 0x000000065db00000, 0x000000065db00000| Complete 
| 476|0x000000065dc00000, 0x000000065dd00000, 0x000000065dd00000|100%| E|CS|TAMS 0x000000065dc00000, 0x000000065dc00000| Complete 
| 477|0x000000065dd00000, 0x000000065de00000, 0x000000065de00000|100%| E|CS|TAMS 0x000000065dd00000, 0x000000065dd00000| Complete 
| 478|0x000000065de00000, 0x000000065df00000, 0x000000065df00000|100%| E|CS|TAMS 0x000000065de00000, 0x000000065de00000| Complete 
| 479|0x000000065df00000, 0x000000065e000000, 0x000000065e000000|100%| E|CS|TAMS 0x000000065df00000, 0x000000065df00000| Complete 
| 480|0x000000065e000000, 0x000000065e100000, 0x000000065e100000|100%| E|CS|TAMS 0x000000065e000000, 0x000000065e000000| Complete 
| 481|0x000000065e100000, 0x000000065e200000, 0x000000065e200000|100%| E|CS|TAMS 0x000000065e100000, 0x000000065e100000| Complete 
| 482|0x000000065e200000, 0x000000065e300000, 0x000000065e300000|100%| E|CS|TAMS 0x000000065e200000, 0x000000065e200000| Complete 
| 483|0x000000065e300000, 0x000000065e400000, 0x000000065e400000|100%| E|CS|TAMS 0x000000065e300000, 0x000000065e300000| Complete 
| 484|0x000000065e400000, 0x000000065e500000, 0x000000065e500000|100%| E|CS|TAMS 0x000000065e400000, 0x000000065e400000| Complete 
| 485|0x000000065e500000, 0x000000065e600000, 0x000000065e600000|100%| E|CS|TAMS 0x000000065e500000, 0x000000065e500000| Complete 
| 486|0x000000065e600000, 0x000000065e700000, 0x000000065e700000|100%| E|CS|TAMS 0x000000065e600000, 0x000000065e600000| Complete 
| 487|0x000000065e700000, 0x000000065e800000, 0x000000065e800000|100%| E|CS|TAMS 0x000000065e700000, 0x000000065e700000| Complete 
| 488|0x000000065e800000, 0x000000065e900000, 0x000000065e900000|100%| E|CS|TAMS 0x000000065e800000, 0x000000065e800000| Complete 
| 489|0x000000065e900000, 0x000000065ea00000, 0x000000065ea00000|100%| E|CS|TAMS 0x000000065e900000, 0x000000065e900000| Complete 
| 490|0x000000065ea00000, 0x000000065eb00000, 0x000000065eb00000|100%| E|CS|TAMS 0x000000065ea00000, 0x000000065ea00000| Complete 
| 491|0x000000065eb00000, 0x000000065ec00000, 0x000000065ec00000|100%| E|CS|TAMS 0x000000065eb00000, 0x000000065eb00000| Complete 
| 492|0x000000065ec00000, 0x000000065ed00000, 0x000000065ed00000|100%| E|CS|TAMS 0x000000065ec00000, 0x000000065ec00000| Complete 
| 493|0x000000065ed00000, 0x000000065ee00000, 0x000000065ee00000|100%| E|CS|TAMS 0x000000065ed00000, 0x000000065ed00000| Complete 
| 494|0x000000065ee00000, 0x000000065ef00000, 0x000000065ef00000|100%| E|CS|TAMS 0x000000065ee00000, 0x000000065ee00000| Complete 
| 495|0x000000065ef00000, 0x000000065f000000, 0x000000065f000000|100%| E|CS|TAMS 0x000000065ef00000, 0x000000065ef00000| Complete 
| 496|0x000000065f000000, 0x000000065f100000, 0x000000065f100000|100%| E|CS|TAMS 0x000000065f000000, 0x000000065f000000| Complete 
| 497|0x000000065f100000, 0x000000065f200000, 0x000000065f200000|100%| E|CS|TAMS 0x000000065f100000, 0x000000065f100000| Complete 
| 498|0x000000065f200000, 0x000000065f300000, 0x000000065f300000|100%| E|CS|TAMS 0x000000065f200000, 0x000000065f200000| Complete 
| 499|0x000000065f300000, 0x000000065f400000, 0x000000065f400000|100%| E|CS|TAMS 0x000000065f300000, 0x000000065f300000| Complete 
| 500|0x000000065f400000, 0x000000065f500000, 0x000000065f500000|100%| E|CS|TAMS 0x000000065f400000, 0x000000065f400000| Complete 
| 501|0x000000065f500000, 0x000000065f600000, 0x000000065f600000|100%| E|CS|TAMS 0x000000065f500000, 0x000000065f500000| Complete 
| 502|0x000000065f600000, 0x000000065f700000, 0x000000065f700000|100%| E|CS|TAMS 0x000000065f600000, 0x000000065f600000| Complete 
| 503|0x000000065f700000, 0x000000065f800000, 0x000000065f800000|100%| E|CS|TAMS 0x000000065f700000, 0x000000065f700000| Complete 
| 504|0x000000065f800000, 0x000000065f900000, 0x000000065f900000|100%| E|CS|TAMS 0x000000065f800000, 0x000000065f800000| Complete 
| 505|0x000000065f900000, 0x000000065fa00000, 0x000000065fa00000|100%| E|CS|TAMS 0x000000065f900000, 0x000000065f900000| Complete 
| 506|0x000000065fa00000, 0x000000065fb00000, 0x000000065fb00000|100%| E|CS|TAMS 0x000000065fa00000, 0x000000065fa00000| Complete 
| 507|0x000000065fb00000, 0x000000065fc00000, 0x000000065fc00000|100%| E|CS|TAMS 0x000000065fb00000, 0x000000065fb00000| Complete 
| 508|0x000000065fc00000, 0x000000065fd00000, 0x000000065fd00000|100%| E|CS|TAMS 0x000000065fc00000, 0x000000065fc00000| Complete 
| 509|0x000000065fd00000, 0x000000065fe00000, 0x000000065fe00000|100%| E|CS|TAMS 0x000000065fd00000, 0x000000065fd00000| Complete 
| 510|0x000000065fe00000, 0x000000065ff00000, 0x000000065ff00000|100%| E|CS|TAMS 0x000000065fe00000, 0x000000065fe00000| Complete 
| 511|0x000000065ff00000, 0x0000000660000000, 0x0000000660000000|100%| E|CS|TAMS 0x000000065ff00000, 0x000000065ff00000| Complete 
| 512|0x0000000660000000, 0x0000000660100000, 0x0000000660100000|100%| E|CS|TAMS 0x0000000660000000, 0x0000000660000000| Complete 
| 513|0x0000000660100000, 0x0000000660200000, 0x0000000660200000|100%| E|CS|TAMS 0x0000000660100000, 0x0000000660100000| Complete 
| 514|0x0000000660200000, 0x0000000660300000, 0x0000000660300000|100%| E|CS|TAMS 0x0000000660200000, 0x0000000660200000| Complete 
| 515|0x0000000660300000, 0x0000000660400000, 0x0000000660400000|100%| E|CS|TAMS 0x0000000660300000, 0x0000000660300000| Complete 
| 516|0x0000000660400000, 0x0000000660500000, 0x0000000660500000|100%| E|CS|TAMS 0x0000000660400000, 0x0000000660400000| Complete 
| 517|0x0000000660500000, 0x0000000660600000, 0x0000000660600000|100%| E|CS|TAMS 0x0000000660500000, 0x0000000660500000| Complete 
| 518|0x0000000660600000, 0x0000000660700000, 0x0000000660700000|100%| E|CS|TAMS 0x0000000660600000, 0x0000000660600000| Complete 
| 519|0x0000000660700000, 0x0000000660800000, 0x0000000660800000|100%| E|CS|TAMS 0x0000000660700000, 0x0000000660700000| Complete 
| 520|0x0000000660800000, 0x0000000660900000, 0x0000000660900000|100%| E|CS|TAMS 0x0000000660800000, 0x0000000660800000| Complete 
| 521|0x0000000660900000, 0x0000000660a00000, 0x0000000660a00000|100%| E|CS|TAMS 0x0000000660900000, 0x0000000660900000| Complete 
| 522|0x0000000660a00000, 0x0000000660b00000, 0x0000000660b00000|100%| E|CS|TAMS 0x0000000660a00000, 0x0000000660a00000| Complete 
| 523|0x0000000660b00000, 0x0000000660c00000, 0x0000000660c00000|100%| E|CS|TAMS 0x0000000660b00000, 0x0000000660b00000| Complete 
| 524|0x0000000660c00000, 0x0000000660d00000, 0x0000000660d00000|100%| E|CS|TAMS 0x0000000660c00000, 0x0000000660c00000| Complete 
| 525|0x0000000660d00000, 0x0000000660e00000, 0x0000000660e00000|100%| E|CS|TAMS 0x0000000660d00000, 0x0000000660d00000| Complete 
| 526|0x0000000660e00000, 0x0000000660f00000, 0x0000000660f00000|100%| E|CS|TAMS 0x0000000660e00000, 0x0000000660e00000| Complete 
| 527|0x0000000660f00000, 0x0000000661000000, 0x0000000661000000|100%| E|CS|TAMS 0x0000000660f00000, 0x0000000660f00000| Complete 
| 528|0x0000000661000000, 0x0000000661100000, 0x0000000661100000|100%| E|CS|TAMS 0x0000000661000000, 0x0000000661000000| Complete 
| 529|0x0000000661100000, 0x0000000661200000, 0x0000000661200000|100%| E|CS|TAMS 0x0000000661100000, 0x0000000661100000| Complete 
| 530|0x0000000661200000, 0x0000000661300000, 0x0000000661300000|100%| E|CS|TAMS 0x0000000661200000, 0x0000000661200000| Complete 
| 531|0x0000000661300000, 0x0000000661400000, 0x0000000661400000|100%| E|CS|TAMS 0x0000000661300000, 0x0000000661300000| Complete 
| 532|0x0000000661400000, 0x0000000661500000, 0x0000000661500000|100%| E|CS|TAMS 0x0000000661400000, 0x0000000661400000| Complete 
| 533|0x0000000661500000, 0x0000000661600000, 0x0000000661600000|100%| E|CS|TAMS 0x0000000661500000, 0x0000000661500000| Complete 
| 534|0x0000000661600000, 0x0000000661700000, 0x0000000661700000|100%| E|CS|TAMS 0x0000000661600000, 0x0000000661600000| Complete 
| 535|0x0000000661700000, 0x0000000661800000, 0x0000000661800000|100%| E|CS|TAMS 0x0000000661700000, 0x0000000661700000| Complete 
| 536|0x0000000661800000, 0x0000000661900000, 0x0000000661900000|100%| E|CS|TAMS 0x0000000661800000, 0x0000000661800000| Complete 
| 537|0x0000000661900000, 0x0000000661a00000, 0x0000000661a00000|100%| E|CS|TAMS 0x0000000661900000, 0x0000000661900000| Complete 
| 538|0x0000000661a00000, 0x0000000661b00000, 0x0000000661b00000|100%| E|CS|TAMS 0x0000000661a00000, 0x0000000661a00000| Complete 
| 539|0x0000000661b00000, 0x0000000661c00000, 0x0000000661c00000|100%| E|CS|TAMS 0x0000000661b00000, 0x0000000661b00000| Complete 
| 540|0x0000000661c00000, 0x0000000661d00000, 0x0000000661d00000|100%| E|CS|TAMS 0x0000000661c00000, 0x0000000661c00000| Complete 
| 541|0x0000000661d00000, 0x0000000661e00000, 0x0000000661e00000|100%| E|CS|TAMS 0x0000000661d00000, 0x0000000661d00000| Complete 
| 542|0x0000000661e00000, 0x0000000661f00000, 0x0000000661f00000|100%| E|CS|TAMS 0x0000000661e00000, 0x0000000661e00000| Complete 
| 543|0x0000000661f00000, 0x0000000662000000, 0x0000000662000000|100%| E|CS|TAMS 0x0000000661f00000, 0x0000000661f00000| Complete 
| 544|0x0000000662000000, 0x0000000662100000, 0x0000000662100000|100%| E|CS|TAMS 0x0000000662000000, 0x0000000662000000| Complete 
| 545|0x0000000662100000, 0x0000000662200000, 0x0000000662200000|100%| E|CS|TAMS 0x0000000662100000, 0x0000000662100000| Complete 
| 546|0x0000000662200000, 0x0000000662300000, 0x0000000662300000|100%| E|CS|TAMS 0x0000000662200000, 0x0000000662200000| Complete 
| 547|0x0000000662300000, 0x0000000662400000, 0x0000000662400000|100%| E|CS|TAMS 0x0000000662300000, 0x0000000662300000| Complete 
| 548|0x0000000662400000, 0x0000000662500000, 0x0000000662500000|100%| E|CS|TAMS 0x0000000662400000, 0x0000000662400000| Complete 
| 549|0x0000000662500000, 0x0000000662600000, 0x0000000662600000|100%| E|CS|TAMS 0x0000000662500000, 0x0000000662500000| Complete 
| 550|0x0000000662600000, 0x0000000662700000, 0x0000000662700000|100%| E|CS|TAMS 0x0000000662600000, 0x0000000662600000| Complete 
| 551|0x0000000662700000, 0x0000000662800000, 0x0000000662800000|100%| E|CS|TAMS 0x0000000662700000, 0x0000000662700000| Complete 
| 552|0x0000000662800000, 0x0000000662900000, 0x0000000662900000|100%| E|CS|TAMS 0x0000000662800000, 0x0000000662800000| Complete 
| 553|0x0000000662900000, 0x0000000662a00000, 0x0000000662a00000|100%| E|CS|TAMS 0x0000000662900000, 0x0000000662900000| Complete 
| 554|0x0000000662a00000, 0x0000000662b00000, 0x0000000662b00000|100%| E|CS|TAMS 0x0000000662a00000, 0x0000000662a00000| Complete 
| 555|0x0000000662b00000, 0x0000000662c00000, 0x0000000662c00000|100%| E|CS|TAMS 0x0000000662b00000, 0x0000000662b00000| Complete 
| 556|0x0000000662c00000, 0x0000000662d00000, 0x0000000662d00000|100%| E|CS|TAMS 0x0000000662c00000, 0x0000000662c00000| Complete 
| 557|0x0000000662d00000, 0x0000000662e00000, 0x0000000662e00000|100%| E|CS|TAMS 0x0000000662d00000, 0x0000000662d00000| Complete 
| 558|0x0000000662e00000, 0x0000000662f00000, 0x0000000662f00000|100%| E|CS|TAMS 0x0000000662e00000, 0x0000000662e00000| Complete 
| 559|0x0000000662f00000, 0x0000000663000000, 0x0000000663000000|100%| E|CS|TAMS 0x0000000662f00000, 0x0000000662f00000| Complete 
| 560|0x0000000663000000, 0x0000000663100000, 0x0000000663100000|100%| E|CS|TAMS 0x0000000663000000, 0x0000000663000000| Complete 
| 561|0x0000000663100000, 0x0000000663200000, 0x0000000663200000|100%| E|CS|TAMS 0x0000000663100000, 0x0000000663100000| Complete 
| 562|0x0000000663200000, 0x0000000663300000, 0x0000000663300000|100%| E|CS|TAMS 0x0000000663200000, 0x0000000663200000| Complete 
| 563|0x0000000663300000, 0x0000000663400000, 0x0000000663400000|100%| E|CS|TAMS 0x0000000663300000, 0x0000000663300000| Complete 
| 564|0x0000000663400000, 0x0000000663500000, 0x0000000663500000|100%| E|CS|TAMS 0x0000000663400000, 0x0000000663400000| Complete 
| 565|0x0000000663500000, 0x0000000663600000, 0x0000000663600000|100%| E|CS|TAMS 0x0000000663500000, 0x0000000663500000| Complete 
| 566|0x0000000663600000, 0x0000000663700000, 0x0000000663700000|100%| E|CS|TAMS 0x0000000663600000, 0x0000000663600000| Complete 
| 567|0x0000000663700000, 0x0000000663800000, 0x0000000663800000|100%| E|CS|TAMS 0x0000000663700000, 0x0000000663700000| Complete 
| 568|0x0000000663800000, 0x0000000663900000, 0x0000000663900000|100%| E|CS|TAMS 0x0000000663800000, 0x0000000663800000| Complete 
| 569|0x0000000663900000, 0x0000000663a00000, 0x0000000663a00000|100%| E|CS|TAMS 0x0000000663900000, 0x0000000663900000| Complete 
| 570|0x0000000663a00000, 0x0000000663b00000, 0x0000000663b00000|100%| E|CS|TAMS 0x0000000663a00000, 0x0000000663a00000| Complete 
| 571|0x0000000663b00000, 0x0000000663c00000, 0x0000000663c00000|100%| E|CS|TAMS 0x0000000663b00000, 0x0000000663b00000| Complete 
| 572|0x0000000663c00000, 0x0000000663d00000, 0x0000000663d00000|100%| E|CS|TAMS 0x0000000663c00000, 0x0000000663c00000| Complete 
| 573|0x0000000663d00000, 0x0000000663e00000, 0x0000000663e00000|100%| E|CS|TAMS 0x0000000663d00000, 0x0000000663d00000| Complete 
| 574|0x0000000663e00000, 0x0000000663f00000, 0x0000000663f00000|100%| E|CS|TAMS 0x0000000663e00000, 0x0000000663e00000| Complete 
| 575|0x0000000663f00000, 0x0000000664000000, 0x0000000664000000|100%| E|CS|TAMS 0x0000000663f00000, 0x0000000663f00000| Complete 
| 576|0x0000000664000000, 0x0000000664100000, 0x0000000664100000|100%| E|CS|TAMS 0x0000000664000000, 0x0000000664000000| Complete 
| 577|0x0000000664100000, 0x0000000664200000, 0x0000000664200000|100%| E|CS|TAMS 0x0000000664100000, 0x0000000664100000| Complete 
| 578|0x0000000664200000, 0x0000000664300000, 0x0000000664300000|100%| E|CS|TAMS 0x0000000664200000, 0x0000000664200000| Complete 
| 579|0x0000000664300000, 0x0000000664400000, 0x0000000664400000|100%| E|CS|TAMS 0x0000000664300000, 0x0000000664300000| Complete 
| 580|0x0000000664400000, 0x0000000664500000, 0x0000000664500000|100%| E|CS|TAMS 0x0000000664400000, 0x0000000664400000| Complete 
| 581|0x0000000664500000, 0x0000000664600000, 0x0000000664600000|100%| E|CS|TAMS 0x0000000664500000, 0x0000000664500000| Complete 
| 582|0x0000000664600000, 0x0000000664700000, 0x0000000664700000|100%| E|CS|TAMS 0x0000000664600000, 0x0000000664600000| Complete 
| 583|0x0000000664700000, 0x0000000664800000, 0x0000000664800000|100%| E|CS|TAMS 0x0000000664700000, 0x0000000664700000| Complete 
| 584|0x0000000664800000, 0x0000000664900000, 0x0000000664900000|100%| E|CS|TAMS 0x0000000664800000, 0x0000000664800000| Complete 
| 585|0x0000000664900000, 0x0000000664a00000, 0x0000000664a00000|100%| E|CS|TAMS 0x0000000664900000, 0x0000000664900000| Complete 
| 586|0x0000000664a00000, 0x0000000664b00000, 0x0000000664b00000|100%| E|CS|TAMS 0x0000000664a00000, 0x0000000664a00000| Complete 
| 587|0x0000000664b00000, 0x0000000664c00000, 0x0000000664c00000|100%| E|CS|TAMS 0x0000000664b00000, 0x0000000664b00000| Complete 
| 588|0x0000000664c00000, 0x0000000664d00000, 0x0000000664d00000|100%| E|CS|TAMS 0x0000000664c00000, 0x0000000664c00000| Complete 
| 589|0x0000000664d00000, 0x0000000664e00000, 0x0000000664e00000|100%| E|CS|TAMS 0x0000000664d00000, 0x0000000664d00000| Complete 
| 590|0x0000000664e00000, 0x0000000664f00000, 0x0000000664f00000|100%| E|CS|TAMS 0x0000000664e00000, 0x0000000664e00000| Complete 
| 591|0x0000000664f00000, 0x0000000665000000, 0x0000000665000000|100%| E|CS|TAMS 0x0000000664f00000, 0x0000000664f00000| Complete 
| 592|0x0000000665000000, 0x0000000665100000, 0x0000000665100000|100%| E|CS|TAMS 0x0000000665000000, 0x0000000665000000| Complete 
| 593|0x0000000665100000, 0x0000000665200000, 0x0000000665200000|100%| E|CS|TAMS 0x0000000665100000, 0x0000000665100000| Complete 
| 594|0x0000000665200000, 0x0000000665300000, 0x0000000665300000|100%| E|CS|TAMS 0x0000000665200000, 0x0000000665200000| Complete 
| 595|0x0000000665300000, 0x0000000665400000, 0x0000000665400000|100%| E|CS|TAMS 0x0000000665300000, 0x0000000665300000| Complete 
| 596|0x0000000665400000, 0x0000000665500000, 0x0000000665500000|100%| E|CS|TAMS 0x0000000665400000, 0x0000000665400000| Complete 
| 597|0x0000000665500000, 0x0000000665600000, 0x0000000665600000|100%| E|CS|TAMS 0x0000000665500000, 0x0000000665500000| Complete 
| 598|0x0000000665600000, 0x0000000665700000, 0x0000000665700000|100%| E|CS|TAMS 0x0000000665600000, 0x0000000665600000| Complete 
| 599|0x0000000665700000, 0x0000000665800000, 0x0000000665800000|100%| E|CS|TAMS 0x0000000665700000, 0x0000000665700000| Complete 
| 600|0x0000000665800000, 0x0000000665900000, 0x0000000665900000|100%| E|CS|TAMS 0x0000000665800000, 0x0000000665800000| Complete 
| 601|0x0000000665900000, 0x0000000665a00000, 0x0000000665a00000|100%| E|CS|TAMS 0x0000000665900000, 0x0000000665900000| Complete 
| 602|0x0000000665a00000, 0x0000000665b00000, 0x0000000665b00000|100%| E|CS|TAMS 0x0000000665a00000, 0x0000000665a00000| Complete 
| 603|0x0000000665b00000, 0x0000000665c00000, 0x0000000665c00000|100%| E|CS|TAMS 0x0000000665b00000, 0x0000000665b00000| Complete 
| 604|0x0000000665c00000, 0x0000000665d00000, 0x0000000665d00000|100%| E|CS|TAMS 0x0000000665c00000, 0x0000000665c00000| Complete 
| 605|0x0000000665d00000, 0x0000000665e00000, 0x0000000665e00000|100%| E|CS|TAMS 0x0000000665d00000, 0x0000000665d00000| Complete 
| 606|0x0000000665e00000, 0x0000000665f00000, 0x0000000665f00000|100%| E|CS|TAMS 0x0000000665e00000, 0x0000000665e00000| Complete 
| 607|0x0000000665f00000, 0x0000000666000000, 0x0000000666000000|100%| E|CS|TAMS 0x0000000665f00000, 0x0000000665f00000| Complete 
| 608|0x0000000666000000, 0x0000000666100000, 0x0000000666100000|100%| E|CS|TAMS 0x0000000666000000, 0x0000000666000000| Complete 
| 609|0x0000000666100000, 0x0000000666200000, 0x0000000666200000|100%| E|CS|TAMS 0x0000000666100000, 0x0000000666100000| Complete 
| 610|0x0000000666200000, 0x0000000666300000, 0x0000000666300000|100%| E|CS|TAMS 0x0000000666200000, 0x0000000666200000| Complete 
| 611|0x0000000666300000, 0x0000000666400000, 0x0000000666400000|100%| E|CS|TAMS 0x0000000666300000, 0x0000000666300000| Complete 
| 612|0x0000000666400000, 0x0000000666500000, 0x0000000666500000|100%| E|CS|TAMS 0x0000000666400000, 0x0000000666400000| Complete 
| 613|0x0000000666500000, 0x0000000666600000, 0x0000000666600000|100%| E|CS|TAMS 0x0000000666500000, 0x0000000666500000| Complete 
| 614|0x0000000666600000, 0x0000000666700000, 0x0000000666700000|100%| E|CS|TAMS 0x0000000666600000, 0x0000000666600000| Complete 
| 615|0x0000000666700000, 0x0000000666800000, 0x0000000666800000|100%| E|CS|TAMS 0x0000000666700000, 0x0000000666700000| Complete 
| 616|0x0000000666800000, 0x0000000666900000, 0x0000000666900000|100%| E|CS|TAMS 0x0000000666800000, 0x0000000666800000| Complete 
| 617|0x0000000666900000, 0x0000000666a00000, 0x0000000666a00000|100%| E|CS|TAMS 0x0000000666900000, 0x0000000666900000| Complete 
| 618|0x0000000666a00000, 0x0000000666b00000, 0x0000000666b00000|100%| E|CS|TAMS 0x0000000666a00000, 0x0000000666a00000| Complete 
| 619|0x0000000666b00000, 0x0000000666c00000, 0x0000000666c00000|100%| E|CS|TAMS 0x0000000666b00000, 0x0000000666b00000| Complete 
| 620|0x0000000666c00000, 0x0000000666d00000, 0x0000000666d00000|100%| E|CS|TAMS 0x0000000666c00000, 0x0000000666c00000| Complete 
| 621|0x0000000666d00000, 0x0000000666e00000, 0x0000000666e00000|100%| E|CS|TAMS 0x0000000666d00000, 0x0000000666d00000| Complete 
| 622|0x0000000666e00000, 0x0000000666f00000, 0x0000000666f00000|100%| E|CS|TAMS 0x0000000666e00000, 0x0000000666e00000| Complete 
| 623|0x0000000666f00000, 0x0000000667000000, 0x0000000667000000|100%| E|CS|TAMS 0x0000000666f00000, 0x0000000666f00000| Complete 
| 624|0x0000000667000000, 0x0000000667100000, 0x0000000667100000|100%| E|CS|TAMS 0x0000000667000000, 0x0000000667000000| Complete 
| 625|0x0000000667100000, 0x0000000667200000, 0x0000000667200000|100%| E|CS|TAMS 0x0000000667100000, 0x0000000667100000| Complete 
| 626|0x0000000667200000, 0x0000000667300000, 0x0000000667300000|100%| E|CS|TAMS 0x0000000667200000, 0x0000000667200000| Complete 
| 627|0x0000000667300000, 0x0000000667400000, 0x0000000667400000|100%| E|CS|TAMS 0x0000000667300000, 0x0000000667300000| Complete 
| 628|0x0000000667400000, 0x0000000667500000, 0x0000000667500000|100%| E|CS|TAMS 0x0000000667400000, 0x0000000667400000| Complete 
| 629|0x0000000667500000, 0x0000000667600000, 0x0000000667600000|100%| E|CS|TAMS 0x0000000667500000, 0x0000000667500000| Complete 
| 630|0x0000000667600000, 0x0000000667700000, 0x0000000667700000|100%| E|CS|TAMS 0x0000000667600000, 0x0000000667600000| Complete 
| 631|0x0000000667700000, 0x0000000667800000, 0x0000000667800000|100%| E|CS|TAMS 0x0000000667700000, 0x0000000667700000| Complete 
| 632|0x0000000667800000, 0x0000000667900000, 0x0000000667900000|100%| E|CS|TAMS 0x0000000667800000, 0x0000000667800000| Complete 
| 633|0x0000000667900000, 0x0000000667a00000, 0x0000000667a00000|100%| E|CS|TAMS 0x0000000667900000, 0x0000000667900000| Complete 
| 634|0x0000000667a00000, 0x0000000667b00000, 0x0000000667b00000|100%| E|CS|TAMS 0x0000000667a00000, 0x0000000667a00000| Complete 
| 635|0x0000000667b00000, 0x0000000667c00000, 0x0000000667c00000|100%| E|CS|TAMS 0x0000000667b00000, 0x0000000667b00000| Complete 
| 636|0x0000000667c00000, 0x0000000667d00000, 0x0000000667d00000|100%| E|CS|TAMS 0x0000000667c00000, 0x0000000667c00000| Complete 
| 637|0x0000000667d00000, 0x0000000667e00000, 0x0000000667e00000|100%| E|CS|TAMS 0x0000000667d00000, 0x0000000667d00000| Complete 
| 638|0x0000000667e00000, 0x0000000667f00000, 0x0000000667f00000|100%| E|CS|TAMS 0x0000000667e00000, 0x0000000667e00000| Complete 
| 639|0x0000000667f00000, 0x0000000668000000, 0x0000000668000000|100%| E|CS|TAMS 0x0000000667f00000, 0x0000000667f00000| Complete 
| 640|0x0000000668000000, 0x0000000668100000, 0x0000000668100000|100%| E|CS|TAMS 0x0000000668000000, 0x0000000668000000| Complete 
| 641|0x0000000668100000, 0x0000000668200000, 0x0000000668200000|100%| E|CS|TAMS 0x0000000668100000, 0x0000000668100000| Complete 
| 642|0x0000000668200000, 0x0000000668300000, 0x0000000668300000|100%| E|CS|TAMS 0x0000000668200000, 0x0000000668200000| Complete 
| 643|0x0000000668300000, 0x0000000668400000, 0x0000000668400000|100%| E|CS|TAMS 0x0000000668300000, 0x0000000668300000| Complete 
| 644|0x0000000668400000, 0x0000000668500000, 0x0000000668500000|100%| E|CS|TAMS 0x0000000668400000, 0x0000000668400000| Complete 
| 645|0x0000000668500000, 0x0000000668600000, 0x0000000668600000|100%| E|CS|TAMS 0x0000000668500000, 0x0000000668500000| Complete 
| 646|0x0000000668600000, 0x0000000668700000, 0x0000000668700000|100%| E|CS|TAMS 0x0000000668600000, 0x0000000668600000| Complete 
| 647|0x0000000668700000, 0x0000000668800000, 0x0000000668800000|100%| E|CS|TAMS 0x0000000668700000, 0x0000000668700000| Complete 
| 648|0x0000000668800000, 0x0000000668900000, 0x0000000668900000|100%| E|CS|TAMS 0x0000000668800000, 0x0000000668800000| Complete 
| 649|0x0000000668900000, 0x0000000668a00000, 0x0000000668a00000|100%| E|CS|TAMS 0x0000000668900000, 0x0000000668900000| Complete 
| 650|0x0000000668a00000, 0x0000000668b00000, 0x0000000668b00000|100%| E|CS|TAMS 0x0000000668a00000, 0x0000000668a00000| Complete 
| 651|0x0000000668b00000, 0x0000000668c00000, 0x0000000668c00000|100%| E|CS|TAMS 0x0000000668b00000, 0x0000000668b00000| Complete 
| 652|0x0000000668c00000, 0x0000000668d00000, 0x0000000668d00000|100%| E|CS|TAMS 0x0000000668c00000, 0x0000000668c00000| Complete 
| 653|0x0000000668d00000, 0x0000000668e00000, 0x0000000668e00000|100%| E|CS|TAMS 0x0000000668d00000, 0x0000000668d00000| Complete 
| 654|0x0000000668e00000, 0x0000000668f00000, 0x0000000668f00000|100%| E|CS|TAMS 0x0000000668e00000, 0x0000000668e00000| Complete 
| 655|0x0000000668f00000, 0x0000000669000000, 0x0000000669000000|100%| E|CS|TAMS 0x0000000668f00000, 0x0000000668f00000| Complete 
| 656|0x0000000669000000, 0x0000000669100000, 0x0000000669100000|100%| E|CS|TAMS 0x0000000669000000, 0x0000000669000000| Complete 
| 657|0x0000000669100000, 0x0000000669200000, 0x0000000669200000|100%| E|CS|TAMS 0x0000000669100000, 0x0000000669100000| Complete 
| 658|0x0000000669200000, 0x0000000669300000, 0x0000000669300000|100%| E|CS|TAMS 0x0000000669200000, 0x0000000669200000| Complete 
| 659|0x0000000669300000, 0x0000000669400000, 0x0000000669400000|100%| E|CS|TAMS 0x0000000669300000, 0x0000000669300000| Complete 
| 660|0x0000000669400000, 0x0000000669500000, 0x0000000669500000|100%| E|CS|TAMS 0x0000000669400000, 0x0000000669400000| Complete 
| 661|0x0000000669500000, 0x0000000669600000, 0x0000000669600000|100%| E|CS|TAMS 0x0000000669500000, 0x0000000669500000| Complete 
| 662|0x0000000669600000, 0x0000000669700000, 0x0000000669700000|100%| E|CS|TAMS 0x0000000669600000, 0x0000000669600000| Complete 
| 663|0x0000000669700000, 0x0000000669800000, 0x0000000669800000|100%| E|CS|TAMS 0x0000000669700000, 0x0000000669700000| Complete 
| 664|0x0000000669800000, 0x0000000669900000, 0x0000000669900000|100%| E|CS|TAMS 0x0000000669800000, 0x0000000669800000| Complete 
| 665|0x0000000669900000, 0x0000000669a00000, 0x0000000669a00000|100%| E|CS|TAMS 0x0000000669900000, 0x0000000669900000| Complete 
| 666|0x0000000669a00000, 0x0000000669b00000, 0x0000000669b00000|100%| E|CS|TAMS 0x0000000669a00000, 0x0000000669a00000| Complete 
| 667|0x0000000669b00000, 0x0000000669c00000, 0x0000000669c00000|100%| E|CS|TAMS 0x0000000669b00000, 0x0000000669b00000| Complete 
| 668|0x0000000669c00000, 0x0000000669d00000, 0x0000000669d00000|100%| E|CS|TAMS 0x0000000669c00000, 0x0000000669c00000| Complete 
| 669|0x0000000669d00000, 0x0000000669e00000, 0x0000000669e00000|100%| E|CS|TAMS 0x0000000669d00000, 0x0000000669d00000| Complete 
| 670|0x0000000669e00000, 0x0000000669f00000, 0x0000000669f00000|100%| E|CS|TAMS 0x0000000669e00000, 0x0000000669e00000| Complete 
| 671|0x0000000669f00000, 0x000000066a000000, 0x000000066a000000|100%| E|CS|TAMS 0x0000000669f00000, 0x0000000669f00000| Complete 
| 672|0x000000066a000000, 0x000000066a100000, 0x000000066a100000|100%| E|CS|TAMS 0x000000066a000000, 0x000000066a000000| Complete 
| 673|0x000000066a100000, 0x000000066a200000, 0x000000066a200000|100%| E|CS|TAMS 0x000000066a100000, 0x000000066a100000| Complete 
| 674|0x000000066a200000, 0x000000066a300000, 0x000000066a300000|100%| E|CS|TAMS 0x000000066a200000, 0x000000066a200000| Complete 
| 675|0x000000066a300000, 0x000000066a400000, 0x000000066a400000|100%| E|CS|TAMS 0x000000066a300000, 0x000000066a300000| Complete 
| 676|0x000000066a400000, 0x000000066a500000, 0x000000066a500000|100%| E|CS|TAMS 0x000000066a400000, 0x000000066a400000| Complete 
| 677|0x000000066a500000, 0x000000066a600000, 0x000000066a600000|100%| E|CS|TAMS 0x000000066a500000, 0x000000066a500000| Complete 
| 678|0x000000066a600000, 0x000000066a700000, 0x000000066a700000|100%| E|CS|TAMS 0x000000066a600000, 0x000000066a600000| Complete 
| 679|0x000000066a700000, 0x000000066a800000, 0x000000066a800000|100%| E|CS|TAMS 0x000000066a700000, 0x000000066a700000| Complete 

Card table byte_map: [0x000000010d30c000,0x000000010df0c000] _byte_map_base: 0x000000010a10c000

Marking Bits (Prev, Next): (CMBitMap*) 0x000000010381f250, (CMBitMap*) 0x000000010381f218
 Prev Bits: [0x0000000122000000, 0x0000000128000000)
 Next Bits: [0x0000000118000000, 0x000000011e000000)

Polling page: 0x0000000100968000

Metaspace:

Usage:
  Non-class:     75.04 MB capacity,    73.61 MB ( 98%) used,     1.16 MB (  2%) free+waste,   274.88 KB ( <1%) overhead. 
      Class:     11.42 MB capacity,    10.53 MB ( 92%) used,   778.41 KB (  7%) free+waste,   136.44 KB (  1%) overhead. 
       Both:     86.46 MB capacity,    84.14 MB ( 97%) used,     1.92 MB (  2%) free+waste,   411.31 KB ( <1%) overhead. 

Virtual space:
  Non-class space:       76.00 MB reserved,      75.08 MB ( 99%) committed 
      Class space:        1.00 GB reserved,      11.50 MB (  1%) committed 
             Both:        1.07 GB reserved,      86.58 MB (  8%) committed 

Chunk freelists:
   Non-Class:  41.00 KB
       Class:  14.00 KB
        Both:  55.00 KB

MaxMetaspaceSize: unlimited
CompressedClassSpaceSize: 1.00 GB
Initial GC threshold: 20.80 MB
Current GC threshold: 98.67 MB
CDS: off

CodeHeap 'non-profiled nmethods': size=238384Kb used=15270Kb max_used=15270Kb free=223113Kb
 bounds [0x0000000138734000, 0x0000000139624000, 0x0000000147000000]
CodeHeap 'non-nmethods': size=7376Kb used=1415Kb max_used=1415Kb free=5960Kb
 bounds [0x0000000138000000, 0x0000000138270000, 0x0000000138734000]
 total_blobs=8486 nmethods=7746 adapters=679
 compilation: enabled
              stopped_count=0, restarted_count=0
 full_count=0

Compilation events (20 events):
Event: 7.939 Thread 0x0000000121836800 8046       1       kotlin.reflect.jvm.internal.impl.storage.LockBasedStorageManager$LockBasedNotNullLazyValue::invoke (35 bytes)
Event: 7.939 Thread 0x0000000121836800 nmethod 8046 0x0000000139616490 code [0x0000000139616640, 0x00000001396167f0]
Event: 7.939 Thread 0x0000000121836800 8047       1       kotlin.reflect.jvm.internal.impl.name.FqNameUnsafe::compute (76 bytes)
Event: 7.940 Thread 0x0000000121836800 nmethod 8047 0x0000000139616890 code [0x0000000139616b80, 0x0000000139617610]
Event: 7.940 Thread 0x0000000121836800 8050       1       kotlin.reflect.jvm.internal.impl.protobuf.CodedOutputStream::writeMessage (12 bytes)
Event: 7.940 Thread 0x0000000121836800 nmethod 8050 0x0000000139617b10 code [0x0000000139617d00, 0x0000000139617f50]
Event: 7.940 Thread 0x0000000121836800 8049       1       kotlin.reflect.jvm.internal.impl.metadata.ProtoBuf$ValueParameter::writeTo (148 bytes)
Event: 7.940 Thread 0x0000000121836800 nmethod 8049 0x0000000139618090 code [0x0000000139618400, 0x0000000139618d40]
Event: 7.940 Thread 0x0000000121836800 8048   !   1       kotlin.reflect.jvm.internal.impl.storage.LockBasedStorageManager$MapBasedMemoizedFunction::invoke (356 bytes)
Event: 7.941 Thread 0x0000000121836800 nmethod 8048 0x0000000139619410 code [0x0000000139619900, 0x000000013961ac00]
Event: 7.941 Thread 0x0000000121836800 8051   !   1       com.mysql.cj.conf.DefaultPropertySet::getProperty (52 bytes)
Event: 7.941 Thread 0x0000000121836800 nmethod 8051 0x000000013961bc10 code [0x000000013961be00, 0x000000013961c1d0]
Event: 7.945 Thread 0x0000000121836800 8054       1       kotlin.reflect.jvm.internal.impl.types.ErrorUtils::isErrorClass (5 bytes)
Event: 7.945 Thread 0x0000000121836800 nmethod 8054 0x000000013961c410 code [0x000000013961c5c0, 0x000000013961c710]
Event: 7.946 Thread 0x0000000121836800 8056       1       kotlin.collections.CollectionsKt__IterablesKt::collectionSizeOrDefault (27 bytes)
Event: 7.946 Thread 0x0000000121836800 nmethod 8056 0x000000013961c790 code [0x000000013961c9c0, 0x000000013961cdc0]
Event: 7.948 Thread 0x0000000121836800 8058       1       kotlin.collections.EmptyIterator::hasNext (2 bytes)
Event: 7.948 Thread 0x0000000121836800 nmethod 8058 0x000000013961d010 code [0x000000013961d1c0, 0x000000013961d310]
Event: 7.949 Thread 0x0000000121836800 8059       1       kotlin.reflect.jvm.internal.impl.name.Name::equals (52 bytes)
Event: 7.949 Thread 0x0000000121836800 nmethod 8059 0x000000013961d390 code [0x000000013961d540, 0x000000013961d800]

GC Heap History (20 events):
Event: 0.293 GC heap before
{Heap before GC invocations=0 (full 0):
 garbage-first heap   total 393216K, used 25600K [0x0000000640000000, 0x00000007c0000000)
  region size 1024K, 24 young (24576K), 0 survivors (0K)
 Metaspace       used 12101K, capacity 12457K, committed 12672K, reserved 1060864K
  class space    used 1250K, capacity 1372K, committed 1408K, reserved 1048576K
}
Event: 0.296 GC heap after
{Heap after GC invocations=1 (full 0):
 garbage-first heap   total 393216K, used 11285K [0x0000000640000000, 0x00000007c0000000)
  region size 1024K, 3 young (3072K), 3 survivors (3072K)
 Metaspace       used 12101K, capacity 12457K, committed 12672K, reserved 1060864K
  class space    used 1250K, capacity 1372K, committed 1408K, reserved 1048576K
}
Event: 0.345 GC heap before
{Heap before GC invocations=1 (full 0):
 garbage-first heap   total 393216K, used 27669K [0x0000000640000000, 0x00000007c0000000)
  region size 1024K, 19 young (19456K), 3 survivors (3072K)
 Metaspace       used 14035K, capacity 14415K, committed 14720K, reserved 1062912K
  class space    used 1466K, capacity 1598K, committed 1664K, reserved 1048576K
}
Event: 0.347 GC heap after
{Heap after GC invocations=2 (full 0):
 garbage-first heap   total 393216K, used 11833K [0x0000000640000000, 0x00000007c0000000)
  region size 1024K, 1 young (1024K), 1 survivors (1024K)
 Metaspace       used 14035K, capacity 14415K, committed 14720K, reserved 1062912K
  class space    used 1466K, capacity 1598K, committed 1664K, reserved 1048576K
}
Event: 0.477 GC heap before
{Heap before GC invocations=2 (full 0):
 garbage-first heap   total 393216K, used 56889K [0x0000000640000000, 0x00000007c0000000)
  region size 1024K, 45 young (46080K), 1 survivors (1024K)
 Metaspace       used 18905K, capacity 19468K, committed 19840K, reserved 1067008K
  class space    used 2123K, capacity 2322K, committed 2432K, reserved 1048576K
}
Event: 0.479 GC heap after
{Heap after GC invocations=3 (full 0):
 garbage-first heap   total 393216K, used 13263K [0x0000000640000000, 0x00000007c0000000)
  region size 1024K, 2 young (2048K), 2 survivors (2048K)
 Metaspace       used 18905K, capacity 19468K, committed 19840K, reserved 1067008K
  class space    used 2123K, capacity 2322K, committed 2432K, reserved 1048576K
}
Event: 0.511 GC heap before
{Heap before GC invocations=3 (full 0):
 garbage-first heap   total 393216K, used 21455K [0x0000000640000000, 0x00000007c0000000)
  region size 1024K, 11 young (11264K), 2 survivors (2048K)
 Metaspace       used 20452K, capacity 21048K, committed 21296K, reserved 1069056K
  class space    used 2338K, capacity 2598K, committed 2688K, reserved 1048576K
}
Event: 0.513 GC heap after
{Heap after GC invocations=4 (full 0):
 garbage-first heap   total 393216K, used 13750K [0x0000000640000000, 0x00000007c0000000)
  region size 1024K, 3 young (3072K), 3 survivors (3072K)
 Metaspace       used 20452K, capacity 21048K, committed 21296K, reserved 1069056K
  class space    used 2338K, capacity 2598K, committed 2688K, reserved 1048576K
}
Event: 0.645 GC heap before
{Heap before GC invocations=5 (full 0):
 garbage-first heap   total 393216K, used 83382K [0x0000000640000000, 0x00000007c0000000)
  region size 1024K, 70 young (71680K), 3 survivors (3072K)
 Metaspace       used 27532K, capacity 28197K, committed 28464K, reserved 1075200K
  class space    used 3182K, capacity 3428K, committed 3456K, reserved 1048576K
}
Event: 0.647 GC heap after
{Heap after GC invocations=6 (full 0):
 garbage-first heap   total 472064K, used 14946K [0x0000000640000000, 0x00000007c0000000)
  region size 1024K, 4 young (4096K), 4 survivors (4096K)
 Metaspace       used 27532K, capacity 28197K, committed 28464K, reserved 1075200K
  class space    used 3182K, capacity 3428K, committed 3456K, reserved 1048576K
}
Event: 0.806 GC heap before
{Heap before GC invocations=6 (full 0):
 garbage-first heap   total 472064K, used 125538K [0x0000000640000000, 0x00000007c0000000)
  region size 1024K, 113 young (115712K), 4 survivors (4096K)
 Metaspace       used 35021K, capacity 35798K, committed 35920K, reserved 1081344K
  class space    used 4213K, capacity 4532K, committed 4608K, reserved 1048576K
}
Event: 0.809 GC heap after
{Heap after GC invocations=7 (full 0):
 garbage-first heap   total 472064K, used 17906K [0x0000000640000000, 0x00000007c0000000)
  region size 1024K, 7 young (7168K), 7 survivors (7168K)
 Metaspace       used 35021K, capacity 35798K, committed 35920K, reserved 1081344K
  class space    used 4213K, capacity 4532K, committed 4608K, reserved 1048576K
}
Event: 1.291 GC heap before
{Heap before GC invocations=8 (full 0):
 garbage-first heap   total 472064K, used 194034K [0x0000000640000000, 0x00000007c0000000)
  region size 1024K, 179 young (183296K), 7 survivors (7168K)
 Metaspace       used 48277K, capacity 49300K, committed 49488K, reserved 1093632K
  class space    used 5912K, capacity 6300K, committed 6400K, reserved 1048576K
}
Event: 1.307 GC heap after
{Heap after GC invocations=9 (full 0):
 garbage-first heap   total 472064K, used 22984K [0x0000000640000000, 0x00000007c0000000)
  region size 1024K, 12 young (12288K), 12 survivors (12288K)
 Metaspace       used 48277K, capacity 49300K, committed 49488K, reserved 1093632K
  class space    used 5912K, capacity 6300K, committed 6400K, reserved 1048576K
}
Event: 1.845 GC heap before
{Heap before GC invocations=9 (full 0):
 garbage-first heap   total 472064K, used 283080K [0x0000000640000000, 0x00000007c0000000)
  region size 1024K, 267 young (273408K), 12 survivors (12288K)
 Metaspace       used 57796K, capacity 59026K, committed 59216K, reserved 1101824K
  class space    used 7170K, capacity 7673K, committed 7680K, reserved 1048576K
}
Event: 1.855 GC heap after
{Heap after GC invocations=10 (full 0):
 garbage-first heap   total 472064K, used 29666K [0x0000000640000000, 0x00000007c0000000)
  region size 1024K, 18 young (18432K), 18 survivors (18432K)
 Metaspace       used 57796K, capacity 59026K, committed 59216K, reserved 1101824K
  class space    used 7170K, capacity 7673K, committed 7680K, reserved 1048576K
}
Event: 1.908 GC heap before
{Heap before GC invocations=10 (full 0):
 garbage-first heap   total 472064K, used 49122K [0x0000000640000000, 0x00000007c0000000)
  region size 1024K, 38 young (38912K), 18 survivors (18432K)
 Metaspace       used 58846K, capacity 60105K, committed 60240K, reserved 1101824K
  class space    used 7308K, capacity 7844K, committed 7936K, reserved 1048576K
}
Event: 1.918 GC heap after
{Heap after GC invocations=11 (full 0):
 garbage-first heap   total 696320K, used 31537K [0x0000000640000000, 0x00000007c0000000)
  region size 1024K, 20 young (20480K), 20 survivors (20480K)
 Metaspace       used 58846K, capacity 60105K, committed 60240K, reserved 1101824K
  class space    used 7308K, capacity 7844K, committed 7936K, reserved 1048576K
}
Event: 6.420 GC heap before
{Heap before GC invocations=12 (full 0):
 garbage-first heap   total 696320K, used 427825K [0x0000000640000000, 0x00000007c0000000)
  region size 1024K, 407 young (416768K), 20 survivors (20480K)
 Metaspace       used 75870K, capacity 77735K, committed 77904K, reserved 1118208K
  class space    used 9410K, capacity 10129K, committed 10240K, reserved 1048576K
}
Event: 6.446 GC heap after
{Heap after GC invocations=13 (full 0):
 garbage-first heap   total 696320K, used 42908K [0x0000000640000000, 0x00000007c0000000)
  region size 1024K, 31 young (31744K), 31 survivors (31744K)
 Metaspace       used 75870K, capacity 77735K, committed 77904K, reserved 1118208K
  class space    used 9410K, capacity 10129K, committed 10240K, reserved 1048576K
}

Deoptimization events (20 events):
Event: 7.937 Thread 0x00000001204d3000 DEOPT PACKING pc=0x0000000138927b8c sp=0x000000017612dc30
Event: 7.937 Thread 0x00000001204d3000 DEOPT UNPACKING pc=0x000000013803527c sp=0x000000017612da20 mode 1
Event: 7.937 Thread 0x00000001204d3000 DEOPT PACKING pc=0x00000001389651e4 sp=0x000000017612d3f0
Event: 7.937 Thread 0x00000001204d3000 DEOPT UNPACKING pc=0x000000013803527c sp=0x000000017612d190 mode 1
Event: 7.937 Thread 0x00000001204d3000 DEOPT PACKING pc=0x00000001389618bc sp=0x000000017612d4c0
Event: 7.937 Thread 0x00000001204d3000 DEOPT UNPACKING pc=0x000000013803527c sp=0x000000017612d290 mode 1
Event: 7.937 Thread 0x00000001204d3000 DEOPT PACKING pc=0x0000000138927b8c sp=0x000000017612dc80
Event: 7.937 Thread 0x00000001204d3000 DEOPT UNPACKING pc=0x000000013803527c sp=0x000000017612da70 mode 1
Event: 7.938 Thread 0x00000001204d3000 DEOPT PACKING pc=0x00000001389651e4 sp=0x000000017612d420
Event: 7.938 Thread 0x00000001204d3000 DEOPT UNPACKING pc=0x000000013803527c sp=0x000000017612d1c0 mode 1
Event: 7.938 Thread 0x00000001204d3000 DEOPT PACKING pc=0x00000001389618bc sp=0x000000017612d4f0
Event: 7.938 Thread 0x00000001204d3000 DEOPT UNPACKING pc=0x000000013803527c sp=0x000000017612d2c0 mode 1
Event: 7.938 Thread 0x00000001204d3000 DEOPT PACKING pc=0x0000000138927b8c sp=0x000000017612dcb0
Event: 7.938 Thread 0x00000001204d3000 DEOPT UNPACKING pc=0x000000013803527c sp=0x000000017612daa0 mode 1
Event: 7.938 Thread 0x00000001204d3000 DEOPT PACKING pc=0x00000001389651e4 sp=0x000000017612d470
Event: 7.938 Thread 0x00000001204d3000 DEOPT UNPACKING pc=0x000000013803527c sp=0x000000017612d210 mode 1
Event: 7.938 Thread 0x00000001204d3000 DEOPT PACKING pc=0x00000001389618bc sp=0x000000017612d540
Event: 7.938 Thread 0x00000001204d3000 DEOPT UNPACKING pc=0x000000013803527c sp=0x000000017612d310 mode 1
Event: 7.938 Thread 0x00000001204d3000 DEOPT PACKING pc=0x0000000138927b8c sp=0x000000017612dd00
Event: 7.938 Thread 0x00000001204d3000 DEOPT UNPACKING pc=0x000000013803527c sp=0x000000017612daf0 mode 1

Classes redefined (0 events):
No events

Internal exceptions (20 events):
Event: 7.145 Thread 0x0000000103809000 Exception <a 'java/lang/ClassNotFoundException'{0x000000065aaa0478}: org/springframework/beans/factory/config/ScopeCustomizer> (0x000000065aaa0478) thrown at [src/hotspot/share/classfile/systemDictionary.cpp, line 230]
Event: 7.145 Thread 0x0000000103809000 Exception <a 'java/lang/ClassNotFoundException'{0x000000065aada1e0}: org/springframework/beans/factory/config/BeanFactoryPostProcessorCustomizer> (0x000000065aada1e0) thrown at [src/hotspot/share/classfile/systemDictionary.cpp, line 230]
Event: 7.145 Thread 0x0000000103809000 Exception <a 'java/lang/ClassNotFoundException'{0x000000065a918068}: org/springframework/beans/factory/support/BeanDefinitionRegistryPostProcessorCustomizer> (0x000000065a918068) thrown at [src/hotspot/share/classfile/systemDictionary.cpp, line 230]
Event: 7.145 Thread 0x0000000103809000 Exception <a 'java/lang/ClassNotFoundException'{0x000000065a950268}: org/springframework/beans/factory/config/BeanFactoryPostProcessorCustomizer> (0x000000065a950268) thrown at [src/hotspot/share/classfile/systemDictionary.cpp, line 230]
Event: 7.146 Thread 0x0000000103809000 Exception <a 'java/lang/ClassNotFoundException'{0x000000065a9824e8}: org/springframework/beans/factory/DisposableBeanCustomizer> (0x000000065a9824e8) thrown at [src/hotspot/share/classfile/systemDictionary.cpp, line 230]
Event: 7.147 Thread 0x0000000103809000 Exception <a 'java/lang/ClassNotFoundException'{0x000000065a993dc0}: java/lang/ObjectCustomizer> (0x000000065a993dc0) thrown at [src/hotspot/share/classfile/systemDictionary.cpp, line 230]
Event: 7.147 Thread 0x0000000103809000 Exception <a 'java/lang/ClassNotFoundException'{0x000000065a9d2c58}: org/springframework/cloud/context/properties/ConfigurationPropertiesRebinderCustomizer> (0x000000065a9d2c58) thrown at [src/hotspot/share/classfile/systemDictionary.cpp, line 230]
Event: 7.147 Thread 0x0000000103809000 Exception <a 'java/lang/ClassNotFoundException'{0x000000065a811cc0}: org/springframework/context/ApplicationContextAwareCustomizer> (0x000000065a811cc0) thrown at [src/hotspot/share/classfile/systemDictionary.cpp, line 230]
Event: 7.148 Thread 0x0000000103809000 Exception <a 'java/lang/ClassNotFoundException'{0x000000065a840c68}: org/springframework/beans/factory/AwareCustomizer> (0x000000065a840c68) thrown at [src/hotspot/share/classfile/systemDictionary.cpp, line 230]
Event: 7.148 Thread 0x0000000103809000 Exception <a 'java/lang/ClassNotFoundException'{0x000000065a871198}: org/springframework/context/ApplicationListenerCustomizer> (0x000000065a871198) thrown at [src/hotspot/share/classfile/systemDictionary.cpp, line 230]
Event: 7.148 Thread 0x0000000103809000 Exception <a 'java/lang/ClassNotFoundException'{0x000000065a8736d0}: java/util/EventListenerCustomizer> (0x000000065a8736d0) thrown at [src/hotspot/share/classfile/systemDictionary.cpp, line 230]
Event: 7.148 Thread 0x0000000103809000 Exception <a 'java/lang/ClassNotFoundException'{0x000000065a87e8f0}: java/lang/ObjectCustomizer> (0x000000065a87e8f0) thrown at [src/hotspot/share/classfile/systemDictionary.cpp, line 230]
Event: 7.148 Thread 0x0000000103809000 Exception <a 'java/lang/ClassNotFoundException'{0x000000065a8b7420}: org/springframework/jmx/export/metadata/AbstractJmxAttributeCustomizer> (0x000000065a8b7420) thrown at [src/hotspot/share/classfile/systemDictionary.cpp, line 230]
Event: 7.149 Thread 0x0000000103809000 Exception <a 'java/lang/ClassNotFoundException'{0x000000065a8edfe0}: org/springframework/jmx/export/metadata/ManagedAttributeCustomizer> (0x000000065a8edfe0) thrown at [src/hotspot/share/classfile/systemDictionary.cpp, line 230]
Event: 7.326 Thread 0x0000000103809000 Exception <a 'java/lang/NoSuchMethodError'{0x00000006595010f8}: 'java.lang.Object java.lang.invoke.DirectMethodHandle$Holder.invokeStatic(java.lang.Object, java.lang.Object, int, java.lang.Object)'> (0x00000006595010f8) thrown at [src/hotspot/share/interpreter/linkResolver.cpp, line 773]
Event: 7.326 Thread 0x0000000103809000 Exception <a 'java/lang/NoSuchMethodError'{0x00000006595045f8}: 'java.lang.Object java.lang.invoke.Invokers$Holder.linkToTargetMethod(java.lang.Object, int, java.lang.Object, java.lang.Object)'> (0x00000006595045f8) thrown at [src/hotspot/share/interpreter/linkResolver.cpp, line 773]
Event: 7.337 Thread 0x0000000103809000 Exception <a 'java/lang/IncompatibleClassChangeError'{0x000000065934b810}: Found class java.lang.Object, but interface was expected> (0x000000065934b810) thrown at [src/hotspot/share/interpreter/linkResolver.cpp, line 839]
Event: 7.337 Thread 0x0000000103809000 Exception <a 'java/lang/IncompatibleClassChangeError'{0x000000065934efe0}: Found class java.lang.Object, but interface was expected> (0x000000065934efe0) thrown at [src/hotspot/share/interpreter/linkResolver.cpp, line 839]
Event: 7.341 Thread 0x0000000120548800 Exception <a 'java/net/UnknownHostException'{0x0000000665f01040}> (0x0000000665f01040) thrown at [src/hotspot/share/prims/jni.cpp, line 638]
Event: 7.353 Thread 0x0000000120548800 Exception <a 'java/net/UnknownHostException'{0x0000000665f01400}> (0x0000000665f01400) thrown at [src/hotspot/share/prims/jni.cpp, line 638]

Events (20 events):
Event: 7.948 loading class kotlin/reflect/jvm/internal/impl/types/AbstractStrictEqualityTypeChecker
Event: 7.948 loading class kotlin/reflect/jvm/internal/impl/types/AbstractStrictEqualityTypeChecker done
Event: 7.948 loading class com/mysql/cj/protocol/a/SqlTimestampValueEncoder
Event: 7.948 loading class com/mysql/cj/protocol/a/SqlTimestampValueEncoder done
Event: 7.948 loading class kotlin/reflect/jvm/internal/impl/types/DefinitelyNotNullType
Event: 7.948 loading class kotlin/reflect/jvm/internal/impl/types/DefinitelyNotNullType done
Event: 7.948 loading class kotlin/reflect/jvm/internal/impl/types/model/DefinitelyNotNullTypeMarker
Event: 7.948 loading class kotlin/reflect/jvm/internal/impl/types/model/DefinitelyNotNullTypeMarker done
Event: 7.949 loading class kotlin/reflect/jvm/internal/impl/types/IntersectionTypeConstructor
Event: 7.949 loading class kotlin/reflect/jvm/internal/impl/types/IntersectionTypeConstructor done
Event: 7.949 loading class com/mysql/cj/protocol/a/ZonedDateTimeValueEncoder
Event: 7.949 loading class com/mysql/cj/protocol/a/ZonedDateTimeValueEncoder done
Event: 7.949 loading class kotlin/reflect/jvm/internal/impl/types/model/IntersectionTypeConstructorMarker
Event: 7.949 loading class kotlin/reflect/jvm/internal/impl/types/model/IntersectionTypeConstructorMarker done
Event: 7.949 loading class com/mysql/cj/protocol/AbstractProtocol$1
Event: 7.949 loading class com/mysql/cj/protocol/AbstractProtocol$1 done
Event: 7.949 loading class com/mysql/cj/protocol/PacketSentTimeHolder
Event: 7.949 loading class kotlin/jvm/internal/TypeIntrinsics
Event: 7.949 loading class com/mysql/cj/protocol/PacketSentTimeHolder done
Event: 7.949 loading class kotlin/jvm/internal/TypeIntrinsics done


Dynamic libraries:
0x0000000100914000 	/opt/homebrew/Cellar/openjdk@11/11.0.25/libexec/openjdk.jdk/Contents/Home/lib/jli/libjli.dylib
0x00000001aac7d000 	/System/Library/Frameworks/Cocoa.framework/Versions/A/Cocoa
0x0000000192bb3000 	/System/Library/Frameworks/AppKit.framework/Versions/C/AppKit
0x0000000195e6b000 	/System/Library/Frameworks/CoreData.framework/Versions/A/CoreData
0x00000001901ed000 	/System/Library/Frameworks/Foundation.framework/Versions/C/Foundation
0x000000019cb71000 	/usr/lib/libSystem.B.dylib
0x0000000193ff0000 	/System/Library/PrivateFrameworks/UIFoundation.framework/Versions/A/UIFoundation
0x0000000237ceb000 	/System/Library/PrivateFrameworks/CollectionViewCore.framework/Versions/A/CollectionViewCore
0x00000001a3dfd000 	/System/Library/PrivateFrameworks/RemoteViewServices.framework/Versions/A/RemoteViewServices
0x000000019a7f7000 	/System/Library/PrivateFrameworks/XCTTargetBootstrap.framework/Versions/A/XCTTargetBootstrap
0x000000019f257000 	/System/Library/PrivateFrameworks/InternationalSupport.framework/Versions/A/InternationalSupport
0x000000019f2b6000 	/System/Library/PrivateFrameworks/UserActivity.framework/Versions/A/UserActivity
0x000000026356f000 	/System/Library/PrivateFrameworks/UIIntelligenceSupport.framework/Versions/A/UIIntelligenceSupport
0x000000022e0b4000 	/System/Library/Frameworks/SwiftUICore.framework/Versions/A/SwiftUICore
0x0000000268520000 	/System/Library/PrivateFrameworks/WritingTools.framework/Versions/A/WritingTools
0x0000000267573000 	/System/Library/PrivateFrameworks/WindowManagement.framework/Versions/A/WindowManagement
0x000000018fe47000 	/System/Library/Frameworks/SystemConfiguration.framework/Versions/A/SystemConfiguration
0x000000019e6a0000 	/usr/lib/libspindump.dylib
0x00000001941a2000 	/System/Library/Frameworks/UniformTypeIdentifiers.framework/Versions/A/UniformTypeIdentifiers
0x000000019bf6f000 	/usr/lib/libbsm.0.dylib
0x00000001982b9000 	/usr/lib/libapp_launch_measurement.dylib
0x00000001976b5000 	/System/Library/PrivateFrameworks/CoreAnalytics.framework/Versions/A/CoreAnalytics
0x00000001982bd000 	/System/Library/PrivateFrameworks/CoreAutoLayout.framework/Versions/A/CoreAutoLayout
0x0000000199e40000 	/System/Library/Frameworks/Metal.framework/Versions/A/Metal
0x000000019b03e000 	/usr/lib/liblangid.dylib
0x000000019a7fd000 	/System/Library/PrivateFrameworks/CoreSVG.framework/Versions/A/CoreSVG
0x0000000194bc3000 	/System/Library/PrivateFrameworks/SkyLight.framework/Versions/A/SkyLight
0x00000001950f0000 	/System/Library/Frameworks/CoreGraphics.framework/Versions/A/CoreGraphics
0x00000001a44d6000 	/System/Library/Frameworks/Accelerate.framework/Versions/A/Accelerate
0x000000019e4d2000 	/System/Library/PrivateFrameworks/IconServices.framework/Versions/A/IconServices
0x0000000199e1d000 	/System/Library/Frameworks/IOSurface.framework/Versions/A/IOSurface
0x00000001976e7000 	/usr/lib/libDiagnosticMessagesClient.dylib
0x000000019cab5000 	/usr/lib/libz.1.dylib
0x00000001a8362000 	/System/Library/Frameworks/ApplicationServices.framework/Versions/A/ApplicationServices
0x000000019a7e2000 	/System/Library/PrivateFrameworks/DFRFoundation.framework/Versions/A/DFRFoundation
0x000000019241d000 	/usr/lib/libicucore.A.dylib
0x00000001a03d0000 	/System/Library/Frameworks/AudioToolbox.framework/Versions/A/AudioToolbox
0x000000019f267000 	/System/Library/PrivateFrameworks/DataDetectorsCore.framework/Versions/A/DataDetectorsCore
0x00000001ba8fd000 	/System/Library/PrivateFrameworks/TextInput.framework/Versions/A/TextInput
0x0000000194b0f000 	/usr/lib/libMobileGestalt.dylib
0x000000019a4da000 	/System/Library/Frameworks/Carbon.framework/Versions/A/Frameworks/HIToolbox.framework/Versions/A/HIToolbox
0x0000000197bb8000 	/System/Library/Frameworks/QuartzCore.framework/Versions/A/QuartzCore
0x0000000192026000 	/System/Library/Frameworks/Security.framework/Versions/A/Security
0x00000001a3e38000 	/System/Library/Frameworks/Carbon.framework/Versions/A/Frameworks/SpeechRecognition.framework/Versions/A/SpeechRecognition
0x0000000197fd2000 	/System/Library/PrivateFrameworks/CoreUI.framework/Versions/A/CoreUI
0x00000001918da000 	/System/Library/Frameworks/CoreAudio.framework/Versions/A/CoreAudio
0x00000001977d3000 	/System/Library/Frameworks/DiskArbitration.framework/Versions/A/DiskArbitration
0x000000019eb13000 	/System/Library/PrivateFrameworks/MultitouchSupport.framework/Versions/A/MultitouchSupport
0x0000000194b0d000 	/usr/lib/libenergytrace.dylib
0x00000001af2e5000 	/System/Library/PrivateFrameworks/RenderBox.framework/Versions/A/RenderBox
0x0000000192a63000 	/System/Library/Frameworks/IOKit.framework/Versions/A/IOKit
0x00000001a422c000 	/System/Library/Frameworks/CoreServices.framework/Versions/A/CoreServices
0x000000019824a000 	/System/Library/PrivateFrameworks/PerformanceAnalysis.framework/Versions/A/PerformanceAnalysis
0x00000001ebe6d000 	/System/Library/Frameworks/OpenGL.framework/Versions/A/OpenGL
0x0000000198307000 	/usr/lib/libxml2.2.dylib
0x000000019be54000 	/System/Library/PrivateFrameworks/MobileKeyBag.framework/Versions/A/MobileKeyBag
0x000000018ebb8000 	/usr/lib/libobjc.A.dylib
0x000000018eea5000 	/usr/lib/libc++.1.dylib
0x00000001a41ac000 	/System/Library/Frameworks/Accessibility.framework/Versions/A/Accessibility
0x000000019580f000 	/System/Library/Frameworks/ColorSync.framework/Versions/A/ColorSync
0x000000018effb000 	/System/Library/Frameworks/CoreFoundation.framework/Versions/A/CoreFoundation
0x000000019abbb000 	/System/Library/Frameworks/CoreImage.framework/Versions/A/CoreImage
0x00000001916ca000 	/System/Library/Frameworks/CoreText.framework/Versions/A/CoreText
0x00000001ed3d4000 	/System/Library/Frameworks/CoreTransferable.framework/Versions/A/CoreTransferable
0x00000001ed973000 	/System/Library/Frameworks/DeveloperToolsSupport.framework/Versions/A/DeveloperToolsSupport
0x000000019a839000 	/System/Library/Frameworks/ImageIO.framework/Versions/A/ImageIO
0x000000022ecce000 	/System/Library/Frameworks/Symbols.framework/Versions/A/Symbols
0x000000019cb76000 	/System/Library/PrivateFrameworks/SoftLinking.framework/Versions/A/SoftLinking
0x00000001cc772000 	/usr/lib/swift/libswiftAccelerate.dylib
0x000000019fd31000 	/usr/lib/swift/libswiftCore.dylib
0x00000001b707e000 	/usr/lib/swift/libswiftCoreFoundation.dylib
0x00000001b70db000 	/usr/lib/swift/libswiftCoreImage.dylib
0x00000001b482a000 	/usr/lib/swift/libswiftDarwin.dylib
0x00000001a5ce6000 	/usr/lib/swift/libswiftDispatch.dylib
0x00000001b70dc000 	/usr/lib/swift/libswiftIOKit.dylib
0x00000001c3909000 	/usr/lib/swift/libswiftMetal.dylib
0x00000001d1c07000 	/usr/lib/swift/libswiftOSLog.dylib
0x00000001a88cd000 	/usr/lib/swift/libswiftObjectiveC.dylib
0x000000026f708000 	/usr/lib/swift/libswiftObservation.dylib
0x00000001c8234000 	/usr/lib/swift/libswiftQuartzCore.dylib
0x00000001cc763000 	/usr/lib/swift/libswiftUniformTypeIdentifiers.dylib
0x00000001b7090000 	/usr/lib/swift/libswiftXPC.dylib
0x000000026f7fe000 	/usr/lib/swift/libswift_Builtin_float.dylib
0x000000026f803000 	/usr/lib/swift/libswift_Concurrency.dylib
0x000000026f96b000 	/usr/lib/swift/libswift_StringProcessing.dylib
0x000000026fa1e000 	/usr/lib/swift/libswift_errno.dylib
0x000000026fa20000 	/usr/lib/swift/libswift_math.dylib
0x000000026fa23000 	/usr/lib/swift/libswift_signal.dylib
0x000000026fa24000 	/usr/lib/swift/libswift_stdio.dylib
0x000000026fa25000 	/usr/lib/swift/libswift_time.dylib
0x00000001a88d1000 	/usr/lib/swift/libswiftos.dylib
0x00000001ba854000 	/usr/lib/swift/libswiftsimd.dylib
0x000000026fa26000 	/usr/lib/swift/libswiftsys_time.dylib
0x000000026fa27000 	/usr/lib/swift/libswiftunistd.dylib
0x000000019cd22000 	/usr/lib/libcompression.dylib
0x000000019f1af000 	/System/Library/PrivateFrameworks/TextureIO.framework/Versions/A/TextureIO
0x000000019e163000 	/usr/lib/libate.dylib
0x000000019cb6b000 	/usr/lib/system/libcache.dylib
0x000000019cb24000 	/usr/lib/system/libcommonCrypto.dylib
0x000000019cb51000 	/usr/lib/system/libcompiler_rt.dylib
0x000000019cb46000 	/usr/lib/system/libcopyfile.dylib
0x000000018ecf7000 	/usr/lib/system/libcorecrypto.dylib
0x000000018edd9000 	/usr/lib/system/libdispatch.dylib
0x000000018ef96000 	/usr/lib/system/libdyld.dylib
0x000000019cb61000 	/usr/lib/system/libkeymgr.dylib
0x000000019cb03000 	/usr/lib/system/libmacho.dylib
0x000000019bf48000 	/usr/lib/system/libquarantine.dylib
0x000000019cb5e000 	/usr/lib/system/libremovefile.dylib
0x0000000194b88000 	/usr/lib/system/libsystem_asl.dylib
0x000000018ec8c000 	/usr/lib/system/libsystem_blocks.dylib
0x000000018ee23000 	/usr/lib/system/libsystem_c.dylib
0x000000019cb55000 	/usr/lib/system/libsystem_collections.dylib
0x000000019b02b000 	/usr/lib/system/libsystem_configuration.dylib
0x0000000199dee000 	/usr/lib/system/libsystem_containermanager.dylib
0x000000019c657000 	/usr/lib/system/libsystem_coreservices.dylib
0x00000001926e1000 	/usr/lib/system/libsystem_darwin.dylib
0x000000026fb6a000 	/usr/lib/system/libsystem_darwindirectory.dylib
0x000000019cb62000 	/usr/lib/system/libsystem_dnssd.dylib
0x000000026fb6e000 	/usr/lib/system/libsystem_eligibility.dylib
0x000000018ee20000 	/usr/lib/system/libsystem_featureflags.dylib
0x000000018efcb000 	/usr/lib/system/libsystem_info.dylib
0x000000019cac4000 	/usr/lib/system/libsystem_m.dylib
0x000000018ed97000 	/usr/lib/system/libsystem_malloc.dylib
0x0000000194af2000 	/usr/lib/system/libsystem_networkextension.dylib
0x0000000192b44000 	/usr/lib/system/libsystem_notify.dylib
0x000000019b030000 	/usr/lib/system/libsystem_sandbox.dylib
0x000000026fb75000 	/usr/lib/system/libsystem_sanitizers.dylib
0x000000019cb5a000 	/usr/lib/system/libsystem_secinit.dylib
0x000000018ef4e000 	/usr/lib/system/libsystem_kernel.dylib
0x000000018efc3000 	/usr/lib/system/libsystem_platform.dylib
0x000000018ef89000 	/usr/lib/system/libsystem_pthread.dylib
0x0000000196691000 	/usr/lib/system/libsystem_symptoms.dylib
0x000000018ecdb000 	/usr/lib/system/libsystem_trace.dylib
0x000000019cb32000 	/usr/lib/system/libunwind.dylib
0x000000018ec90000 	/usr/lib/system/libxpc.dylib
0x000000018ef33000 	/usr/lib/libc++abi.dylib
0x000000019cb3e000 	/usr/lib/liboah.dylib
0x00000001929e2000 	/System/Library/PrivateFrameworks/CoreServicesInternal.framework/Versions/A/CoreServicesInternal
0x000000019cb73000 	/usr/lib/libfakelink.dylib
0x00000001a7e13000 	/System/Library/PrivateFrameworks/DiskImages.framework/Versions/A/DiskImages
0x00000001b4357000 	/System/Library/Frameworks/NetFS.framework/Versions/A/NetFS
0x0000000194729000 	/System/Library/Frameworks/CFNetwork.framework/Versions/A/CFNetwork
0x0000000198281000 	/System/Library/Frameworks/CoreServices.framework/Versions/A/Frameworks/FSEvents.framework/Versions/A/FSEvents
0x00000001926ec000 	/System/Library/Frameworks/CoreServices.framework/Versions/A/Frameworks/CarbonCore.framework/Versions/A/CarbonCore
0x0000000197749000 	/System/Library/Frameworks/CoreServices.framework/Versions/A/Frameworks/Metadata.framework/Versions/A/Metadata
0x000000019c65e000 	/System/Library/Frameworks/CoreServices.framework/Versions/A/Frameworks/OSServices.framework/Versions/A/OSServices
0x000000019cc51000 	/System/Library/Frameworks/CoreServices.framework/Versions/A/Frameworks/SearchKit.framework/Versions/A/SearchKit
0x000000019660b000 	/System/Library/Frameworks/CoreServices.framework/Versions/A/Frameworks/AE.framework/Versions/A/AE
0x000000018f4f0000 	/System/Library/Frameworks/CoreServices.framework/Versions/A/Frameworks/LaunchServices.framework/Versions/A/LaunchServices
0x000000019dfb5000 	/System/Library/Frameworks/CoreServices.framework/Versions/A/Frameworks/DictionaryServices.framework/Versions/A/DictionaryServices
0x000000019828f000 	/System/Library/Frameworks/CoreServices.framework/Versions/A/Frameworks/SharedFileList.framework/Versions/A/SharedFileList
0x000000019ccec000 	/usr/lib/libapple_nghttp2.dylib
0x0000000196273000 	/usr/lib/libsqlite3.dylib
0x00000001a0a3c000 	/System/Library/Frameworks/GSS.framework/Versions/A/GSS
0x00000001965a4000 	/System/Library/PrivateFrameworks/RunningBoardServices.framework/Versions/A/RunningBoardServices
0x000000019669a000 	/System/Library/Frameworks/Network.framework/Versions/A/Network
0x000000019cb07000 	/usr/lib/system/libkxld.dylib
0x000000026eb3c000 	/usr/lib/libCoreEntitlements.dylib
0x000000024d330000 	/System/Library/PrivateFrameworks/MessageSecurity.framework/Versions/A/MessageSecurity
0x0000000196259000 	/System/Library/PrivateFrameworks/ProtocolBuffer.framework/Versions/A/ProtocolBuffer
0x000000019c63f000 	/System/Library/PrivateFrameworks/AppleFSCompression.framework/Versions/A/AppleFSCompression
0x000000019bf57000 	/usr/lib/libcoretls.dylib
0x000000019e02c000 	/usr/lib/libcoretls_cfhelpers.dylib
0x000000019cd1c000 	/usr/lib/libpam.2.dylib
0x000000019e09f000 	/usr/lib/libxar.1.dylib
0x000000019cbc8000 	/usr/lib/libarchive.2.dylib
0x00000001a212d000 	/System/Library/Frameworks/Combine.framework/Versions/A/Combine
0x0000000237d0f000 	/System/Library/PrivateFrameworks/CollectionsInternal.framework/Versions/A/CollectionsInternal
0x0000000255233000 	/System/Library/PrivateFrameworks/ReflectionInternal.framework/Versions/A/ReflectionInternal
0x0000000255ecb000 	/System/Library/PrivateFrameworks/RuntimeInternal.framework/Versions/A/RuntimeInternal
0x000000026f785000 	/usr/lib/swift/libswiftSystem.dylib
0x000000019b039000 	/System/Library/PrivateFrameworks/AppleSystemInfo.framework/Versions/A/AppleSystemInfo
0x00000001b6f71000 	/System/Library/PrivateFrameworks/LoggingSupport.framework/Versions/A/LoggingSupport
0x0000000198491000 	/System/Library/PrivateFrameworks/UserManagement.framework/Versions/A/UserManagement
0x000000019465e000 	/usr/lib/libboringssl.dylib
0x0000000196680000 	/usr/lib/libdns_services.dylib
0x00000001b6160000 	/usr/lib/libquic.dylib
0x000000019fcc1000 	/usr/lib/libusrtcp.dylib
0x00000001d9290000 	/System/Library/PrivateFrameworks/InternalSwiftProtobuf.framework/Versions/A/InternalSwiftProtobuf
0x000000026f6d0000 	/usr/lib/swift/libswiftDistributed.dylib
0x0000000194728000 	/usr/lib/libnetwork.dylib
0x000000019ccc6000 	/System/Library/PrivateFrameworks/AppleSauce.framework/Versions/A/AppleSauce
0x000000018fce4000 	/System/Library/PrivateFrameworks/Lexicon.framework/Versions/A/Lexicon
0x0000000247151000 	/System/Library/PrivateFrameworks/IO80211.framework/Versions/A/IO80211
0x00000001a5f85000 	/System/Library/PrivateFrameworks/FrontBoardServices.framework/Versions/A/FrontBoardServices
0x000000019be7f000 	/System/Library/Frameworks/SecurityFoundation.framework/Versions/A/SecurityFoundation
0x000000019b160000 	/System/Library/PrivateFrameworks/LinguisticData.framework/Versions/A/LinguisticData
0x000000019bc53000 	/System/Library/PrivateFrameworks/IOMobileFramebuffer.framework/Versions/A/IOMobileFramebuffer
0x00000001964bf000 	/System/Library/PrivateFrameworks/BaseBoard.framework/Versions/A/BaseBoard
0x00000001a6051000 	/System/Library/PrivateFrameworks/BoardServices.framework/Versions/A/BoardServices
0x000000019be71000 	/System/Library/PrivateFrameworks/AssertionServices.framework/Versions/A/AssertionServices
0x00000001a7c4f000 	/System/Library/PrivateFrameworks/BackBoardServices.framework/Versions/A/BackBoardServices
0x000000019a24d000 	/System/Library/PrivateFrameworks/FontServices.framework/libFontParser.dylib
0x0000000194ba1000 	/System/Library/PrivateFrameworks/TCC.framework/Versions/A/TCC
0x00000001ab6f4000 	/System/Library/PrivateFrameworks/IOSurfaceAccelerator.framework/Versions/A/IOSurfaceAccelerator
0x000000019eb11000 	/System/Library/PrivateFrameworks/WatchdogClient.framework/Versions/A/WatchdogClient
0x00000001911f7000 	/System/Library/Frameworks/CoreDisplay.framework/Versions/A/CoreDisplay
0x000000019a0e2000 	/System/Library/Frameworks/CoreMedia.framework/Versions/A/CoreMedia
0x0000000199e36000 	/System/Library/PrivateFrameworks/IOAccelerator.framework/Versions/A/IOAccelerator
0x00000001983f1000 	/System/Library/Frameworks/CoreVideo.framework/Versions/A/CoreVideo
0x000000019cd1a000 	/System/Library/Frameworks/MetalPerformanceShaders.framework/Versions/A/MetalPerformanceShaders
0x000000025475b000 	/System/Library/PrivateFrameworks/ProDisplayLibrary.framework/Versions/A/ProDisplayLibrary
0x000000019eb58000 	/System/Library/Frameworks/VideoToolbox.framework/Versions/A/VideoToolbox
0x000000019b037000 	/System/Library/PrivateFrameworks/AggregateDictionary.framework/Versions/A/AggregateDictionary
0x000000019e02e000 	/System/Library/PrivateFrameworks/APFS.framework/Versions/A/APFS
0x0000000234498000 	/System/Library/PrivateFrameworks/AppleKeyStore.framework/Versions/A/AppleKeyStore
0x000000019e0ae000 	/usr/lib/libutil.dylib
0x000000019e00d000 	/usr/lib/liblzma.5.dylib
0x00000001977dc000 	/System/Library/Frameworks/Accelerate.framework/Versions/A/Frameworks/vImage.framework/Versions/A/vImage
0x00000001a4207000 	/System/Library/Frameworks/Accelerate.framework/Versions/A/Frameworks/vecLib.framework/Versions/A/vecLib
0x000000019e0e6000 	/System/Library/Frameworks/Accelerate.framework/Versions/A/Frameworks/vecLib.framework/Versions/A/libvMisc.dylib
0x000000018f954000 	/System/Library/Frameworks/Accelerate.framework/Versions/A/Frameworks/vecLib.framework/Versions/A/libBLAS.dylib
0x00000001a0618000 	/System/Library/Frameworks/ApplicationServices.framework/Versions/A/Frameworks/ATS.framework/Versions/A/ATS
0x00000001959c7000 	/System/Library/Frameworks/ApplicationServices.framework/Versions/A/Frameworks/HIServices.framework/Versions/A/HIServices
0x000000019f137000 	/System/Library/Frameworks/ApplicationServices.framework/Versions/A/Frameworks/PrintCore.framework/Versions/A/PrintCore
0x00000001a0a04000 	/System/Library/Frameworks/ApplicationServices.framework/Versions/A/Frameworks/QD.framework/Versions/A/QD
0x00000001a09fb000 	/System/Library/Frameworks/ApplicationServices.framework/Versions/A/Frameworks/ColorSyncLegacy.framework/Versions/A/ColorSyncLegacy
0x00000001a05ea000 	/System/Library/Frameworks/ApplicationServices.framework/Versions/A/Frameworks/SpeechSynthesis.framework/Versions/A/SpeechSynthesis
0x000000019bc20000 	/System/Library/PrivateFrameworks/CoreEmoji.framework/Versions/A/CoreEmoji
0x000000023e7ae000 	/System/Library/PrivateFrameworks/FontServices.framework/Versions/A/FontServices
0x000000019e64a000 	/System/Library/PrivateFrameworks/OTSVG.framework/Versions/A/OTSVG
0x0000000197f80000 	/System/Library/Frameworks/ApplicationServices.framework/Versions/A/Frameworks/ATS.framework/Versions/A/Resources/libFontRegistry.dylib
0x000000019e694000 	/System/Library/PrivateFrameworks/FontServices.framework/libhvf.dylib
0x00000002507be000 	/System/Library/PrivateFrameworks/ParsingInternal.framework/Versions/A/ParsingInternal
0x000000026f727000 	/usr/lib/swift/libswiftRegexBuilder.dylib
0x000000026f8c4000 	/usr/lib/swift/libswift_RegexParser.dylib
0x000000019e9d8000 	/System/Library/PrivateFrameworks/AppleJPEG.framework/Versions/A/AppleJPEG
0x000000019e45f000 	/usr/lib/libexpat.1.dylib
0x000000019f00c000 	/System/Library/Frameworks/ImageIO.framework/Versions/A/Resources/libPng.dylib
0x000000019f037000 	/System/Library/Frameworks/ImageIO.framework/Versions/A/Resources/libTIFF.dylib
0x000000019f122000 	/System/Library/Frameworks/ImageIO.framework/Versions/A/Resources/libGIF.dylib
0x000000019ea1e000 	/System/Library/Frameworks/ImageIO.framework/Versions/A/Resources/libJP2.dylib
0x000000019f0c8000 	/System/Library/Frameworks/ImageIO.framework/Versions/A/Resources/libJPEG.dylib
0x000000019f0bf000 	/System/Library/Frameworks/ImageIO.framework/Versions/A/Resources/libRadiance.dylib
0x0000000243576000 	/System/Library/PrivateFrameworks/GPUCompiler.framework/Versions/32023/Libraries/libllvm-flatbuffers.dylib
0x000000023e874000 	/System/Library/PrivateFrameworks/FramePacing.framework/Versions/A/FramePacing
0x00000001ebe5f000 	/System/Library/Frameworks/OpenGL.framework/Versions/A/Libraries/libCoreFSCache.dylib
0x000000023f41f000 	/System/Library/PrivateFrameworks/GPUCompiler.framework/Versions/32023/Libraries/libGPUCompilerUtils.dylib
0x000000023e7af000 	/System/Library/PrivateFrameworks/FontServices.framework/libXTFontStaticRegistryData.dylib
0x00000001a9a0a000 	/System/Library/PrivateFrameworks/ASEProcessing.framework/Versions/A/ASEProcessing
0x00000001d539d000 	/System/Library/PrivateFrameworks/Symbolication.framework/Versions/A/Symbolication
0x0000000253971000 	/System/Library/PrivateFrameworks/PhotosensitivityProcessing.framework/Versions/A/PhotosensitivityProcessing
0x000000019e63e000 	/System/Library/PrivateFrameworks/GraphVisualizer.framework/Versions/A/GraphVisualizer
0x00000001ebebf000 	/System/Library/Frameworks/OpenGL.framework/Versions/A/Libraries/libGLU.dylib
0x00000001ebe81000 	/System/Library/Frameworks/OpenGL.framework/Versions/A/Libraries/libGFXShared.dylib
0x00000001ec052000 	/System/Library/Frameworks/OpenGL.framework/Versions/A/Libraries/libGL.dylib
0x00000001ebe8a000 	/System/Library/Frameworks/OpenGL.framework/Versions/A/Libraries/libGLImage.dylib
0x00000001ebe7e000 	/System/Library/Frameworks/OpenGL.framework/Versions/A/Libraries/libCVMSPluginSupport.dylib
0x000000026ece0000 	/usr/lib/libRosetta.dylib
0x00000001ebe67000 	/System/Library/Frameworks/OpenGL.framework/Versions/A/Libraries/libCoreVMClient.dylib
0x000000019af79000 	/System/Library/Frameworks/MetalPerformanceShaders.framework/Versions/A/Frameworks/MPSCore.framework/Versions/A/MPSCore
0x000000019c5ab000 	/System/Library/Frameworks/MetalPerformanceShaders.framework/Versions/A/Frameworks/MPSImage.framework/Versions/A/MPSImage
0x000000019bffa000 	/System/Library/Frameworks/MetalPerformanceShaders.framework/Versions/A/Frameworks/MPSNeuralNetwork.framework/Versions/A/MPSNeuralNetwork
0x000000019c430000 	/System/Library/Frameworks/MetalPerformanceShaders.framework/Versions/A/Frameworks/MPSMatrix.framework/Versions/A/MPSMatrix
0x000000019c248000 	/System/Library/Frameworks/MetalPerformanceShaders.framework/Versions/A/Frameworks/MPSRayIntersector.framework/Versions/A/MPSRayIntersector
0x000000019c462000 	/System/Library/Frameworks/MetalPerformanceShaders.framework/Versions/A/Frameworks/MPSNDArray.framework/Versions/A/MPSNDArray
0x00000001efc37000 	/System/Library/Frameworks/MetalPerformanceShaders.framework/Versions/A/Frameworks/MPSFunctions.framework/Versions/A/MPSFunctions
0x00000001efc1b000 	/System/Library/Frameworks/MetalPerformanceShaders.framework/Versions/A/Frameworks/MPSBenchmarkLoop.framework/Versions/A/MPSBenchmarkLoop
0x000000018f7d8000 	/System/Library/PrivateFrameworks/MetalTools.framework/Versions/A/MetalTools
0x00000001bbbbe000 	/System/Library/PrivateFrameworks/IOAccelMemoryInfo.framework/Versions/A/IOAccelMemoryInfo
0x00000001c8630000 	/System/Library/PrivateFrameworks/kperf.framework/Versions/A/kperf
0x00000001b7055000 	/System/Library/PrivateFrameworks/GPURawCounter.framework/Versions/A/GPURawCounter
0x00000001a6498000 	/System/Library/PrivateFrameworks/CoreSymbolication.framework/Versions/A/CoreSymbolication
0x00000001b6fef000 	/System/Library/PrivateFrameworks/MallocStackLogging.framework/Versions/A/MallocStackLogging
0x000000019e1fd000 	/System/Library/PrivateFrameworks/CrashReporterSupport.framework/Versions/A/CrashReporterSupport
0x00000001a6452000 	/System/Library/PrivateFrameworks/DebugSymbols.framework/Versions/A/DebugSymbols
0x00000001c78c8000 	/System/Library/PrivateFrameworks/OSAnalytics.framework/Versions/A/OSAnalytics
0x000000019f0f3000 	/System/Library/Frameworks/ApplicationServices.framework/Versions/A/Frameworks/ATSUI.framework/Versions/A/ATSUI
0x00000001a098e000 	/usr/lib/libcups.2.dylib
0x00000001a0a2a000 	/System/Library/Frameworks/Kerberos.framework/Versions/A/Kerberos
0x00000001a0697000 	/usr/lib/libresolv.9.dylib
0x000000019cbad000 	/usr/lib/libiconv.2.dylib
0x000000019e6a7000 	/System/Library/PrivateFrameworks/Heimdal.framework/Versions/A/Heimdal
0x00000001a8828000 	/System/Library/Frameworks/Kerberos.framework/Versions/A/Libraries/libHeimdalProxy.dylib
0x000000019e47a000 	/usr/lib/libheimdal-asn1.dylib
0x0000000198254000 	/System/Library/Frameworks/OpenDirectory.framework/Versions/A/OpenDirectory
0x00000001a0a97000 	/System/Library/PrivateFrameworks/CommonAuth.framework/Versions/A/CommonAuth
0x0000000198262000 	/System/Library/Frameworks/OpenDirectory.framework/Versions/A/Frameworks/CFOpenDirectory.framework/Versions/A/CFOpenDirectory
0x000000019cb02000 	/usr/lib/libcharset.1.dylib
0x00000001ec3f2000 	/System/Library/Frameworks/AVFAudio.framework/Versions/A/AVFAudio
0x00000001b11ab000 	/System/Library/PrivateFrameworks/AXCoreUtilities.framework/Versions/A/AXCoreUtilities
0x0000000249f70000 	/System/Library/PrivateFrameworks/IsolatedCoreAudioClient.framework/Versions/A/IsolatedCoreAudioClient
0x00000001a05d1000 	/usr/lib/libAudioStatistics.dylib
0x000000019a0ba000 	/System/Library/PrivateFrameworks/caulk.framework/Versions/A/caulk
0x0000000191318000 	/System/Library/PrivateFrameworks/AudioToolboxCore.framework/Versions/A/AudioToolboxCore
0x00000001aaab4000 	/System/Library/Frameworks/CoreMIDI.framework/Versions/A/CoreMIDI
0x00000001a0574000 	/System/Library/PrivateFrameworks/AudioSession.framework/Versions/A/AudioSession
0x00000001a1e9d000 	/System/Library/Frameworks/IOBluetooth.framework/Versions/A/IOBluetooth
0x000000019e564000 	/System/Library/PrivateFrameworks/MediaExperience.framework/Versions/A/MediaExperience
0x00000002617bc000 	/System/Library/PrivateFrameworks/Tightbeam.framework/Versions/A/Tightbeam
0x00000001cce36000 	/System/Library/PrivateFrameworks/AFKUser.framework/Versions/A/AFKUser
0x000000019e68a000 	/System/Library/PrivateFrameworks/AppServerSupport.framework/Versions/A/AppServerSupport
0x00000001a0a0e000 	/System/Library/PrivateFrameworks/perfdata.framework/Versions/A/perfdata
0x00000001b6257000 	/System/Library/PrivateFrameworks/SystemPolicy.framework/Versions/A/SystemPolicy
0x00000001a08ad000 	/usr/lib/libSMC.dylib
0x000000019efd6000 	/usr/lib/libAudioToolboxUtility.dylib
0x00000001a0a1c000 	/usr/lib/libperfcheck.dylib
0x0000000234a7d000 	/System/Library/PrivateFrameworks/AudioAnalytics.framework/Versions/A/AudioAnalytics
0x00000001e03c2000 	/System/Library/PrivateFrameworks/FeatureFlags.framework/Versions/A/FeatureFlags
0x00000001d905c000 	/System/Library/Frameworks/OSLog.framework/Versions/A/OSLog
0x000000019c64b000 	/usr/lib/libbz2.1.0.dylib
0x00000001b7021000 	/usr/lib/libmis.dylib
0x00000001a0387000 	/System/Library/PrivateFrameworks/AudioSession.framework/libSessionUtility.dylib
0x000000019f128000 	/System/Library/PrivateFrameworks/CMCaptureCore.framework/Versions/A/CMCaptureCore
0x00000001edac2000 	/System/Library/Frameworks/ExtensionFoundation.framework/Versions/A/ExtensionFoundation
0x00000001a65ac000 	/System/Library/PrivateFrameworks/CoreTime.framework/Versions/A/CoreTime
0x000000019e35c000 	/System/Library/PrivateFrameworks/PlugInKit.framework/Versions/A/PlugInKit
0x00000001a51e1000 	/System/Library/PrivateFrameworks/PowerLog.framework/Versions/A/PowerLog
0x00000001a50f0000 	/System/Library/Frameworks/CoreBluetooth.framework/Versions/A/CoreBluetooth
0x00000001a8829000 	/System/Library/Frameworks/AudioUnit.framework/Versions/A/AudioUnit
0x000000019bce3000 	/System/Library/PrivateFrameworks/CoreUtils.framework/Versions/A/CoreUtils
0x000000023b676000 	/System/Library/PrivateFrameworks/CoreUtilsExtras.framework/Versions/A/CoreUtilsExtras
0x00000001a4525000 	/System/Library/Frameworks/MediaAccessibility.framework/Versions/A/MediaAccessibility
0x00000001bf475000 	/System/Library/PrivateFrameworks/AttributeGraph.framework/Versions/A/AttributeGraph
0x000000026e980000 	/usr/lib/libAXSafeCategoryBundle.dylib
0x00000001b1268000 	/usr/lib/libAccessibility.dylib
0x000000019bb2d000 	/System/Library/Frameworks/Accelerate.framework/Versions/A/Frameworks/vecLib.framework/Versions/A/libvDSP.dylib
0x000000019cdf8000 	/System/Library/Frameworks/Accelerate.framework/Versions/A/Frameworks/vecLib.framework/Versions/A/libLAPACK.dylib
0x000000019bfe5000 	/System/Library/Frameworks/Accelerate.framework/Versions/A/Frameworks/vecLib.framework/Versions/A/libLinearAlgebra.dylib
0x000000019cd07000 	/System/Library/Frameworks/Accelerate.framework/Versions/A/Frameworks/vecLib.framework/Versions/A/libSparseBLAS.dylib
0x000000019cdf3000 	/System/Library/Frameworks/Accelerate.framework/Versions/A/Frameworks/vecLib.framework/Versions/A/libQuadrature.dylib
0x000000019b167000 	/System/Library/Frameworks/Accelerate.framework/Versions/A/Frameworks/vecLib.framework/Versions/A/libBNNS.dylib
0x000000018fde6000 	/System/Library/Frameworks/Accelerate.framework/Versions/A/Frameworks/vecLib.framework/Versions/A/libSparse.dylib
0x000000024b4d3000 	/System/Library/PrivateFrameworks/MIL.framework/Versions/A/MIL
0x000000019f0ba000 	/System/Library/PrivateFrameworks/GPUWrangler.framework/Versions/A/GPUWrangler
0x000000019f09a000 	/System/Library/PrivateFrameworks/IOPresentment.framework/Versions/A/IOPresentment
0x000000019f0c2000 	/System/Library/PrivateFrameworks/DSExternalDisplay.framework/Versions/A/DSExternalDisplay
0x00000001d9469000 	/System/Library/PrivateFrameworks/HIDDisplay.framework/Versions/A/HIDDisplay
0x00000001aff7c000 	/System/Library/PrivateFrameworks/HID.framework/Versions/A/HID
0x0000000264fde000 	/System/Library/PrivateFrameworks/VideoToolboxParavirtualizationSupport.framework/Versions/A/VideoToolboxParavirtualizationSupport
0x000000019e415000 	/System/Library/PrivateFrameworks/AppleVA.framework/Versions/A/AppleVA
0x00000001a60fb000 	/System/Library/PrivateFrameworks/GraphicsServices.framework/Versions/A/GraphicsServices
0x00000001a0c04000 	/System/Library/PrivateFrameworks/CorePhoneNumbers.framework/Versions/A/CorePhoneNumbers
0x00000001a52d1000 	/System/Library/PrivateFrameworks/MediaKit.framework/Versions/A/MediaKit
0x00000001a521c000 	/System/Library/Frameworks/DiscRecording.framework/Versions/A/DiscRecording
0x00000001a09ee000 	/System/Library/PrivateFrameworks/NetAuth.framework/Versions/A/NetAuth
0x0000000198452000 	/System/Library/PrivateFrameworks/login.framework/Versions/A/Frameworks/loginsupport.framework/Versions/A/loginsupport
0x000000019e485000 	/System/Library/PrivateFrameworks/IconFoundation.framework/Versions/A/IconFoundation
0x000000019e1f4000 	/usr/lib/libIOReport.dylib
0x0000000234698000 	/System/Library/PrivateFrameworks/AppleMobileFileIntegrity.framework/Versions/A/AppleMobileFileIntegrity
0x000000026ed26000 	/usr/lib/libTLE.dylib
0x00000001e8dcd000 	/System/Library/PrivateFrameworks/ConfigProfileHelper.framework/Versions/A/ConfigProfileHelper
0x000000019bf81000 	/usr/lib/libmecab.dylib
0x000000018fedb000 	/usr/lib/libCRFSuite.dylib
0x000000019b040000 	/System/Library/PrivateFrameworks/CoreNLP.framework/Versions/A/CoreNLP
0x000000019bfe2000 	/usr/lib/libgermantok.dylib
0x000000019ccbd000 	/usr/lib/libThaiTokenizer.dylib
0x000000019bf4b000 	/usr/lib/libCheckFix.dylib
0x00000001976e9000 	/System/Library/PrivateFrameworks/MetadataUtilities.framework/Versions/A/MetadataUtilities
0x000000024739a000 	/System/Library/PrivateFrameworks/InstalledContentLibrary.framework/Versions/A/InstalledContentLibrary
0x0000000192a22000 	/System/Library/PrivateFrameworks/CoreServicesStore.framework/Versions/A/CoreServicesStore
0x00000001c873c000 	/System/Library/PrivateFrameworks/MobileSystemServices.framework/Versions/A/MobileSystemServices
0x000000019e0b2000 	/usr/lib/libxslt.1.dylib
0x000000019bf0d000 	/System/Library/PrivateFrameworks/BackgroundTaskManagement.framework/Versions/A/BackgroundTaskManagement
0x00000001a7fd5000 	/usr/lib/libcurl.4.dylib
0x000000026ef5f000 	/usr/lib/libcrypto.46.dylib
0x000000026f4ac000 	/usr/lib/libssl.48.dylib
0x00000001a7ca9000 	/System/Library/Frameworks/LDAP.framework/Versions/A/LDAP
0x00000001a7ce5000 	/System/Library/PrivateFrameworks/TrustEvaluationAgent.framework/Versions/A/TrustEvaluationAgent
0x00000001a06b0000 	/usr/lib/libsasl2.2.dylib
0x00000001b4829000 	/usr/lib/swift/libswiftCoreGraphics.dylib
0x00000001a4b5f000 	/usr/lib/swift/libswiftFoundation.dylib
0x00000001e8884000 	/usr/lib/swift/libswiftSwiftOnoneSupport.dylib
0x00000001d5b32000 	/System/Library/PrivateFrameworks/CoreMaterial.framework/Versions/A/CoreMaterial
0x0000000255fbe000 	/System/Library/PrivateFrameworks/SFSymbols.framework/Versions/A/SFSymbols
0x00000001a3e25000 	/System/Library/PrivateFrameworks/SpeechRecognitionCore.framework/Versions/A/SpeechRecognitionCore
0x00000001016b0000 	/opt/homebrew/Cellar/openjdk@11/11.0.25/libexec/openjdk.jdk/Contents/Home/lib/server/libjvm.dylib
0x000000010097c000 	/opt/homebrew/Cellar/openjdk@11/11.0.25/libexec/openjdk.jdk/Contents/Home/lib/libverify.dylib
0x00000001009cc000 	/opt/homebrew/Cellar/openjdk@11/11.0.25/libexec/openjdk.jdk/Contents/Home/lib/libjava.dylib
0x0000000100994000 	/opt/homebrew/Cellar/openjdk@11/11.0.25/libexec/openjdk.jdk/Contents/Home/lib/libjimage.dylib
0x0000000100aa0000 	/opt/homebrew/Cellar/openjdk@11/11.0.25/libexec/openjdk.jdk/Contents/Home/lib/libjdwp.dylib
0x0000000100a04000 	/opt/homebrew/Cellar/openjdk@11/11.0.25/libexec/openjdk.jdk/Contents/Home/lib/libinstrument.dylib
0x0000000100a38000 	/opt/homebrew/Cellar/openjdk@11/11.0.25/libexec/openjdk.jdk/Contents/Home/lib/libzip.dylib
0x000000026e972000 	/usr/lib/i18n/libiconv_std.dylib
0x000000026e968000 	/usr/lib/i18n/libUTF8.dylib
0x000000026e977000 	/usr/lib/i18n/libmapper_none.dylib
0x0000000100d40000 	/opt/homebrew/Cellar/openjdk@11/11.0.25/libexec/openjdk.jdk/Contents/Home/lib/libdt_socket.dylib
0x0000000100d74000 	/opt/homebrew/Cellar/openjdk@11/11.0.25/libexec/openjdk.jdk/Contents/Home/lib/libnio.dylib
0x0000000100db8000 	/opt/homebrew/Cellar/openjdk@11/11.0.25/libexec/openjdk.jdk/Contents/Home/lib/libnet.dylib
0x0000000100d54000 	/opt/homebrew/Cellar/openjdk@11/11.0.25/libexec/openjdk.jdk/Contents/Home/lib/libmanagement.dylib
0x0000000100d94000 	/opt/homebrew/Cellar/openjdk@11/11.0.25/libexec/openjdk.jdk/Contents/Home/lib/libmanagement_ext.dylib
0x0000000100ddc000 	/opt/homebrew/Cellar/openjdk@11/11.0.25/libexec/openjdk.jdk/Contents/Home/lib/libextnet.dylib
0x00000001011d4000 	/private/var/folders/3k/c0jh496n44v4f8t5jhnw4c900000gn/T/libnetty_resolver_dns_native_macos_aarch_647629939775155924296.dylib
0x00000001011e8000 	/private/var/folders/3k/c0jh496n44v4f8t5jhnw4c900000gn/T/libnetty_transport_native_kqueue_aarch_643424490698804183110.dylib


VM Arguments:
jvm_args: -agentlib:jdwp=transport=dt_socket,address=127.0.0.1:64793,suspend=y,server=n -XX:TieredStopAtLevel=1 -Xverify:none -Dspring.output.ansi.enabled=always -Dcom.sun.management.jmxremote -Dspring.jmx.enabled=true -Dspring.liveBeansView.mbeanDomain -Dspring.application.admin.enabled=true -Dmanagement.endpoints.jmx.exposure.include=* -javaagent:/Users/zch/Library/Caches/JetBrains/IntelliJIdea2024.2/captureAgent/debugger-agent.jar=file:/private/var/folders/3k/c0jh496n44v4f8t5jhnw4c900000gn/T/capture.props -Dkotlinx.coroutines.debug.enable.creation.stack.trace=false -Ddebugger.agent.enable.coroutines=true -Dfile.encoding=UTF-8 
java_command: com.anynote.ai.nio.AnyNoteAINioApplication
java_class_path (initial): /Users/zch/code/anynote/Anynote-Cloud/anynote-modules/anynote-modules-ai-nio/target/classes:/Users/zch/.m2/repository/com/openai/openai-java/0.31.0/openai-java-0.31.0.jar:/Users/zch/.m2/repository/com/openai/openai-java-client-okhttp/0.31.0/openai-java-client-okhttp-0.31.0.jar:/Users/zch/.m2/repository/com/openai/openai-java-core/0.31.0/openai-java-core-0.31.0.jar:/Users/zch/.m2/repository/com/google/errorprone/error_prone_annotations/2.33.0/error_prone_annotations-2.33.0.jar:/Users/zch/.m2/repository/com/fasterxml/jackson/module/jackson-module-kotlin/2.13.4/jackson-module-kotlin-2.13.4.jar:/Users/zch/.m2/repository/org/jetbrains/kotlin/kotlin-reflect/1.6.21/kotlin-reflect-1.6.21.jar:/Users/zch/.m2/repository/org/apache/httpcomponents/core5/httpcore5/5.1.5/httpcore5-5.1.5.jar:/Users/zch/.m2/repository/org/apache/httpcomponents/client5/httpclient5/5.1.4/httpclient5-5.1.4.jar:/Users/zch/.m2/repository/org/apache/httpcomponents/core5/httpcore5-h2/5.1.5/httpcore5-h2-5.1.5.jar:/Users/zch/.m2/repository/com/squareup/okhttp3/okhttp/4.9.3/okhttp-4.9.3.jar:/Users/zch/.m2/repository/com/squareup/okio/okio/2.8.0/okio-2.8.0.jar:/Users/zch/.m2/repository/com/squareup/okhttp3/logging-interceptor/4.9.3/logging-interceptor-4.9.3.jar:/Users/zch/.m2/repository/org/jetbrains/kotlin/kotlin-stdlib/1.6.21/kotlin-stdlib-1.6.21.jar:/Users/zch/.m2/repository/org/jetbrains/kotlin/kotlin-stdlib-common/1.6.21/kotlin-stdlib-common-1.6.21.jar:/Users/zch/.m2/repository/org/jetbrains/annotations/13.0/annotations-13.0.jar:/Users/zch/.m2/repository/com/alibaba/cloud/spring-cloud-starter-alibaba-nacos-discovery/2021.0.4.0/spring-cloud-starter-alibaba-nacos-discovery-2021.0.4.0.jar:/Users/zch/.m2/repository/com/alibaba/cloud/spring-cloud-alibaba-commons/2021.0.4.0/spring-cloud-alibaba-commons-2021.0.4.0.jar:/Users/zch/.m2/repository/com/alibaba/nacos/nacos-client/2.0.4/nacos-client-2.0.4.jar:/Users/zch/.m2/repository/commons-codec/commons-codec/1.15/commons-codec-1.15.jar:
Launcher Type: SUN_STANDARD

[Global flags]
     bool BytecodeVerificationLocal                = false                                     {product} {command line}
     bool BytecodeVerificationRemote               = false                                     {product} {command line}
     intx CICompilerCount                          = 4                                         {product} {ergonomic}
     uint ConcGCThreads                            = 2                                         {product} {ergonomic}
     uint G1ConcRefinementThreads                  = 8                                         {product} {ergonomic}
   size_t G1HeapRegionSize                         = 1048576                                   {product} {ergonomic}
    uintx GCDrainStackTargetSize                   = 64                                        {product} {ergonomic}
   size_t InitialHeapSize                          = 402653184                                 {product} {ergonomic}
     bool ManagementServer                         = true                                      {product} {command line}
   size_t MarkStackSize                            = 4194304                                   {product} {ergonomic}
   size_t MaxHeapSize                              = 6442450944                                {product} {ergonomic}
   size_t MaxNewSize                               = 3865051136                                {product} {ergonomic}
   size_t MinHeapDeltaBytes                        = 1048576                                   {product} {ergonomic}
    uintx NonNMethodCodeHeapSize                   = 7549744                                {pd product} {ergonomic}
    uintx NonProfiledCodeHeapSize                  = 244108496                              {pd product} {ergonomic}
    uintx ProfiledCodeHeapSize                     = 0                                      {pd product} {ergonomic}
    uintx ReservedCodeCacheSize                    = 251658240                              {pd product} {ergonomic}
     bool SegmentedCodeCache                       = true                                      {product} {ergonomic}
     intx TieredStopAtLevel                        = 1                                         {product} {command line}
     bool UseCompressedClassPointers               = true                                 {lp64_product} {ergonomic}
     bool UseCompressedOops                        = true                                 {lp64_product} {ergonomic}
     bool UseG1GC                                  = true                                      {product} {ergonomic}

Logging:
Log output configuration:
 #0: stdout all=warning uptime,level,tags
 #1: stderr all=off uptime,level,tags

Environment Variables:
PATH=/Users/zch/.nvm/versions/node/v18.20.4/bin:/Users/zch/miniconda3/bin:/Users/zch/miniconda3/condabin:/Users/zch/software/apache-maven-3.9.9/bin:/opt/homebrew/bin:/opt/homebrew/sbin:/usr/local/bin:/System/Cryptexes/App/usr/bin:/usr/bin:/bin:/usr/sbin:/sbin:/var/run/com.apple.security.cryptexd/codex.system/bootstrap/usr/local/bin:/var/run/com.apple.security.cryptexd/codex.system/bootstrap/usr/bin:/var/run/com.apple.security.cryptexd/codex.system/bootstrap/usr/appleinternal/bin:/Library/Apple/usr/bin:/Users/zch/.cargo/bin:/Users/zch/.lmstudio/bin
SHELL=/bin/zsh
LC_CTYPE=zh_CN.UTF-8
TMPDIR=/var/folders/3k/c0jh496n44v4f8t5jhnw4c900000gn/T/

Signal Handlers:
SIGSEGV: [libjvm.dylib+0x701dd0], sa_mask[0]=11111111011111110111111111111111, sa_flags=SA_ONSTACK|SA_RESTART|SA_SIGINFO
SIGBUS: [libjvm.dylib+0x701dd0], sa_mask[0]=11111111011111110111111111111111, sa_flags=SA_RESTART|SA_SIGINFO
SIGFPE: [libjvm.dylib+0x701dd0], sa_mask[0]=11111111011111110111111111111111, sa_flags=SA_RESTART|SA_SIGINFO
SIGPIPE: [libjvm.dylib+0x56a09c], sa_mask[0]=11111111011111110111111111111111, sa_flags=SA_RESTART|SA_SIGINFO
SIGXFSZ: [libjvm.dylib+0x56a09c], sa_mask[0]=11111111011111110111111111111111, sa_flags=SA_RESTART|SA_SIGINFO
SIGILL: [libjvm.dylib+0x701dd0], sa_mask[0]=11111111011111110111111111111111, sa_flags=SA_RESTART|SA_SIGINFO
SIGUSR2: [libjvm.dylib+0x56a698], sa_mask[0]=00000000000000000000000000000000, sa_flags=SA_RESTART|SA_SIGINFO
SIGHUP: [libjvm.dylib+0x568e30], sa_mask[0]=11111111011111110111111111111111, sa_flags=SA_RESTART|SA_SIGINFO
SIGINT: [libjvm.dylib+0x568e30], sa_mask[0]=11111111011111110111111111111111, sa_flags=SA_RESTART|SA_SIGINFO
SIGTERM: [libjvm.dylib+0x568e30], sa_mask[0]=11111111011111110111111111111111, sa_flags=SA_RESTART|SA_SIGINFO
SIGQUIT: [libjvm.dylib+0x568e30], sa_mask[0]=11111111011111110111111111111111, sa_flags=SA_RESTART|SA_SIGINFO


---------------  S Y S T E M  ---------------

OS:uname:Darwin 24.3.0 Darwin Kernel Version 24.3.0: Thu Jan  2 20:24:23 PST 2025; root:xnu-11215.81.4~3/RELEASE_ARM64_T8122 arm64
OS uptime: 4 days 6:45 hours
rlimit (soft/hard): STACK 8176k/65520k , CORE 0k/infinity , NPROC 4000/6000 , NOFILE 10240/infinity , AS infinity/infinity , CPU infinity/infinity , DATA infinity/infinity , FSIZE infinity/infinity , MEMLOCK infinity/infinity , RSS infinity/infinity
load average:5.57 6.05 5.85

CPU:total 8 (initial active 8) 0x61:0x0:0xfa33415e:0, simd, crc, lse

Memory: 16k page, physical 25165824k(87136k free), swap 16777216k(749056k free)

vm_info: OpenJDK 64-Bit Server VM (11.0.25+0) for bsd-aarch64 JRE (11.0.25+0), built on Oct 15 2024 22:10:31 by "brew" with clang Homebrew Clang 19.1.1

END.
