#
# A fatal error has been detected by the Java Runtime Environment:
#
#  SIGSEGV (0xb) at pc=0x0000000103b0d11c, pid=29630, tid=4355
#
# JRE version: OpenJDK Runtime Environment Homebrew (11.0.25) (build 11.0.25+0)
# Java VM: OpenJDK 64-Bit Server VM Homebrew (11.0.25+0, mixed mode, tiered, compressed oops, g1 gc, bsd-aarch64)
# Problematic frame:
# V  [libjvm.dylib+0x69511c]  ObjectSynchronizer::inflate(Thread*, oopDesc*, ObjectSynchronizer::InflateCause)+0x18c
#
# No core dump will be written. Core dumps have been disabled. To enable core dumping, try "ulimit -c unlimited" before starting Java again
#
# If you would like to submit a bug report, please visit:
#   https://github.com/Homebrew/homebrew-core/issues
#

---------------  S U M M A R Y ------------

Command Line: -javaagent:/Users/zch/software/skywalking-agent/skywalking-agent.jar -Dskywalking.agent.service_name=anynote-note -Dskywalking.collector.backend_service=127.0.0.1:11800 -XX:TieredStopAtLevel=1 -Xverify:none -Dspring.output.ansi.enabled=always -Dcom.sun.management.jmxremote -Dspring.jmx.enabled=true -Dspring.liveBeansView.mbeanDomain -Dspring.application.admin.enabled=true -Dmanagement.endpoints.jmx.exposure.include=* -javaagent:/Applications/IntelliJ IDEA.app/Contents/lib/idea_rt.jar=57568:/Applications/IntelliJ IDEA.app/Contents/bin -Dfile.encoding=UTF-8 com.anynote.note.AnyNoteNoteApplication

Host: Mac15,12 arm64 1 MHz, 8 cores, 24G, Darwin 24.3.0
Time: Mon Apr  7 20:36:01 2025 CST elapsed time: 15.884780 seconds (0d 0h 0m 15s)

---------------  T H R E A D  ---------------

Current thread (0x000000015300d000):  JavaThread "main" [_thread_in_Java, id=4355, stack(0x000000016d9bc000,0x000000016dbbf000)]

Stack: [0x000000016d9bc000,0x000000016dbbf000],  sp=0x000000016dbbbed0,  free space=2047k
Native frames: (J=compiled Java code, A=aot compiled Java code, j=interpreted, Vv=VM code, C=native code)
V  [libjvm.dylib+0x69511c]  ObjectSynchronizer::inflate(Thread*, oopDesc*, ObjectSynchronizer::InflateCause)+0x18c
V  [libjvm.dylib+0x694f70]  ObjectSynchronizer::fast_exit(oopDesc*, BasicLock*, Thread*)+0x54
V  [libjvm.dylib+0x5e9130]  SharedRuntime::monitor_exit_helper(oopDesc*, BasicLock*, JavaThread*, bool)+0x44
V  [libjvm.dylib+0x12aa9c]  Runtime1::monitorexit(JavaThread*, BasicObjectLock*)+0x58
v  ~RuntimeStub::monitorexit_nofpu Runtime1 stub
J 1448 c1 jdk.internal.loader.URLClassPath.getResource(Ljava/lang/String;Z)Ljdk/internal/loader/Resource; java.base@11.0.25 (74 bytes) @ 0x000000010d1ab6c4 [0x000000010d1ab640+0x0000000000000084]
J 1514 c1 jdk.internal.loader.BuiltinClassLoader.findClassOnClassPathOrNull(Ljava/lang/String;)Ljava/lang/Class; java.base@11.0.25 (64 bytes) @ 0x000000010d1cd018 [0x000000010d1ccf40+0x00000000000000d8]
J 1446 c1 jdk.internal.loader.BuiltinClassLoader.loadClassOrNull(Ljava/lang/String;Z)Ljava/lang/Class; java.base@11.0.25 (143 bytes) @ 0x000000010d1a9c10 [0x000000010d1a97c0+0x0000000000000450]
J 1485 c1 jdk.internal.loader.ClassLoaders$AppClassLoader.loadClass(Ljava/lang/String;Z)Ljava/lang/Class; java.base@11.0.25 (40 bytes) @ 0x000000010d1c0ff0 [0x000000010d1c0ec0+0x0000000000000130]
J 1480 c1 java.lang.ClassLoader.loadClass(Ljava/lang/String;)Ljava/lang/Class; java.base@11.0.25 (7 bytes) @ 0x000000010d1bee28 [0x000000010d1bedc0+0x0000000000000068]
v  ~StubRoutines::call_stub
V  [libjvm.dylib+0x32be34]  JavaCalls::call_helper(JavaValue*, methodHandle const&, JavaCallArguments*, Thread*)+0x2d8
V  [libjvm.dylib+0x32b1a4]  JavaCalls::call_virtual(JavaValue*, Klass*, Symbol*, Symbol*, JavaCallArguments*, Thread*)+0xec
V  [libjvm.dylib+0x32b2fc]  JavaCalls::call_virtual(JavaValue*, Handle, Klass*, Symbol*, Symbol*, Handle, Thread*)+0x68
V  [libjvm.dylib+0x699128]  SystemDictionary::load_instance_class(Symbol*, Handle, Thread*)+0xf0
V  [libjvm.dylib+0x698474]  SystemDictionary::resolve_instance_class_or_null(Symbol*, Handle, Handle, Thread*)+0x424
V  [libjvm.dylib+0x697c3c]  SystemDictionary::resolve_or_fail(Symbol*, Handle, Handle, bool, Thread*)+0x24
V  [libjvm.dylib+0x3b02d0]  find_class_from_class_loader(JNIEnv_*, Symbol*, unsigned char, Handle, Handle, unsigned char, Thread*)+0x3c
V  [libjvm.dylib+0x3b01c8]  JVM_FindClassFromCaller+0x1d0
C  [libjava.dylib+0x5d8c]  Java_java_lang_Class_forName0+0x130
J 1526  java.lang.Class.forName0(Ljava/lang/String;ZLjava/lang/ClassLoader;Ljava/lang/Class;)Ljava/lang/Class; java.base@11.0.25 (0 bytes) @ 0x000000010d1d0f74 [0x000000010d1d0ec0+0x00000000000000b4]
C  0x0000000640d1f1c8

Java frames: (J=compiled Java code, j=interpreted, Vv=VM code)
v  ~RuntimeStub::monitorexit_nofpu Runtime1 stub
J 386 c1 java.util.zip.ZipFile.getEntry(Ljava/lang/String;Ljava/util/function/Function;)Ljava/util/zip/ZipEntry; java.base@11.0.25 (73 bytes) @ 0x000000010cfbb8e4 [0x000000010cfbb680+0x0000000000000264]
J 888 c1 java.util.jar.JarFile.getEntry(Ljava/lang/String;)Ljava/util/zip/ZipEntry; java.base@11.0.25 (22 bytes) @ 0x000000010d09f1d4 [0x000000010d09f100+0x00000000000000d4]
J 764 c1 jdk.internal.loader.URLClassPath$JarLoader.getResource(Ljava/lang/String;Z)Ljdk/internal/loader/Resource; java.base@11.0.25 (65 bytes) @ 0x000000010d065ad4 [0x000000010d065a40+0x0000000000000094]
J 1448 c1 jdk.internal.loader.URLClassPath.getResource(Ljava/lang/String;Z)Ljdk/internal/loader/Resource; java.base@11.0.25 (74 bytes) @ 0x000000010d1ab6c4 [0x000000010d1ab640+0x0000000000000084]
J 1514 c1 jdk.internal.loader.BuiltinClassLoader.findClassOnClassPathOrNull(Ljava/lang/String;)Ljava/lang/Class; java.base@11.0.25 (64 bytes) @ 0x000000010d1cd018 [0x000000010d1ccf40+0x00000000000000d8]
J 1446 c1 jdk.internal.loader.BuiltinClassLoader.loadClassOrNull(Ljava/lang/String;Z)Ljava/lang/Class; java.base@11.0.25 (143 bytes) @ 0x000000010d1a9c10 [0x000000010d1a97c0+0x0000000000000450]
J 1485 c1 jdk.internal.loader.ClassLoaders$AppClassLoader.loadClass(Ljava/lang/String;Z)Ljava/lang/Class; java.base@11.0.25 (40 bytes) @ 0x000000010d1c0ff0 [0x000000010d1c0ec0+0x0000000000000130]
J 1480 c1 java.lang.ClassLoader.loadClass(Ljava/lang/String;)Ljava/lang/Class; java.base@11.0.25 (7 bytes) @ 0x000000010d1bee28 [0x000000010d1bedc0+0x0000000000000068]
v  ~StubRoutines::call_stub
J 1526  java.lang.Class.forName0(Ljava/lang/String;ZLjava/lang/ClassLoader;Ljava/lang/Class;)Ljava/lang/Class; java.base@11.0.25 (0 bytes) @ 0x000000010d1d0f78 [0x000000010d1d0ec0+0x00000000000000b8]
J 1566 c1 java.lang.Class.forName(Ljava/lang/String;ZLjava/lang/ClassLoader;)Ljava/lang/Class; java.base@11.0.25 (47 bytes) @ 0x000000010d1e8368 [0x000000010d1e8280+0x00000000000000e8]
j  com.sun.beans.finder.ClassFinder.findClass(Ljava/lang/String;Ljava/lang/ClassLoader;)Ljava/lang/Class;+11 java.desktop@11.0.25
j  java.beans.Introspector.findCustomizerClass(Ljava/lang/Class;)Ljava/lang/Class;+15 java.desktop@11.0.25
j  java.beans.Introspector.getTargetBeanDescriptor()Ljava/beans/BeanDescriptor;+35 java.desktop@11.0.25
j  java.beans.Introspector.getBeanInfo()Ljava/beans/BeanInfo;+1 java.desktop@11.0.25
j  java.beans.Introspector.getBeanInfo(Ljava/lang/Class;Ljava/lang/Class;I)Ljava/beans/BeanInfo;+27 java.desktop@11.0.25
j  java.beans.Introspector.getBeanInfo(Ljava/lang/Class;I)Ljava/beans/BeanInfo;+3 java.desktop@11.0.25
j  org.springframework.beans.CachedIntrospectionResults.getBeanInfo(Ljava/lang/Class;)Ljava/beans/BeanInfo;+53
j  org.springframework.beans.CachedIntrospectionResults.<init>(Ljava/lang/Class;)V+52
j  org.springframework.beans.CachedIntrospectionResults.forClass(Ljava/lang/Class;)Lorg/springframework/beans/CachedIntrospectionResults;+43
j  org.springframework.beans.BeanWrapperImpl.getCachedIntrospectionResults()Lorg/springframework/beans/CachedIntrospectionResults;+12
j  org.springframework.beans.BeanWrapperImpl.getLocalPropertyHandler(Ljava/lang/String;)Lorg/springframework/beans/BeanWrapperImpl$BeanPropertyHandler;+1
j  org.springframework.beans.BeanWrapperImpl.getLocalPropertyHandler(Ljava/lang/String;)Lorg/springframework/beans/AbstractNestablePropertyAccessor$PropertyHandler;+2
j  org.springframework.beans.AbstractNestablePropertyAccessor.getPropertyHandler(Ljava/lang/String;)Lorg/springframework/beans/AbstractNestablePropertyAccessor$PropertyHandler;+19
j  org.springframework.beans.AbstractNestablePropertyAccessor.isWritableProperty(Ljava/lang/String;)Z+2
j  org.springframework.beans.factory.support.AbstractAutowireCapableBeanFactory.applyPropertyValues(Ljava/lang/String;Lorg/springframework/beans/factory/config/BeanDefinition;Lorg/springframework/beans/BeanWrapper;Lorg/springframework/beans/PropertyValues;)V+320
j  org.springframework.beans.factory.support.AbstractAutowireCapableBeanFactory.populateBean(Ljava/lang/String;Lorg/springframework/beans/factory/support/RootBeanDefinition;Lorg/springframework/beans/BeanWrapper;)V+368
j  org.springframework.beans.factory.support.AbstractAutowireCapableBeanFactory.doCreateBean(Ljava/lang/String;Lorg/springframework/beans/factory/support/RootBeanDefinition;[Ljava/lang/Object;)Ljava/lang/Object;+237
j  org.springframework.beans.factory.support.AbstractAutowireCapableBeanFactory.createBean(Ljava/lang/String;Lorg/springframework/beans/factory/support/RootBeanDefinition;[Ljava/lang/Object;)Ljava/lang/Object;+169
j  org.springframework.beans.factory.support.AbstractBeanFactory.lambda$doGetBean$0(Ljava/lang/String;Lorg/springframework/beans/factory/support/RootBeanDefinition;[Ljava/lang/Object;)Ljava/lang/Object;+4
j  org.springframework.beans.factory.support.AbstractBeanFactory$$Lambda$407.getObject()Ljava/lang/Object;+16
j  org.springframework.beans.factory.support.DefaultSingletonBeanRegistry.getSingleton(Ljava/lang/String;Lorg/springframework/beans/factory/ObjectFactory;)Ljava/lang/Object;+132
j  org.springframework.beans.factory.support.AbstractBeanFactory.doGetBean(Ljava/lang/String;Ljava/lang/Class;[Ljava/lang/Object;Z)Ljava/lang/Object;+513
j  org.springframework.beans.factory.support.AbstractBeanFactory.getBean(Ljava/lang/String;Ljava/lang/Class;)Ljava/lang/Object;+5
j  org.springframework.context.support.PostProcessorRegistrationDelegate.invokeBeanFactoryPostProcessors(Lorg/springframework/beans/factory/config/ConfigurableListableBeanFactory;Ljava/util/List;)V+184
j  org.springframework.context.support.AbstractApplicationContext.invokeBeanFactoryPostProcessors(Lorg/springframework/beans/factory/config/ConfigurableListableBeanFactory;)V+5
j  org.springframework.context.support.AbstractApplicationContext.refresh()V+53
j  org.springframework.boot.SpringApplication.refresh(Lorg/springframework/context/ConfigurableApplicationContext;)V+1
j  org.springframework.boot.SpringApplication.refreshContext(Lorg/springframework/context/ConfigurableApplicationContext;)V+16
j  org.springframework.boot.SpringApplication.run([Ljava/lang/String;)Lorg/springframework/context/ConfigurableApplicationContext;+107
j  org.springframework.boot.builder.SpringApplicationBuilder.run([Ljava/lang/String;)Lorg/springframework/context/ConfigurableApplicationContext;+45
j  org.springframework.cloud.bootstrap.BootstrapApplicationListener.bootstrapServiceContext(Lorg/springframework/core/env/ConfigurableEnvironment;Lorg/springframework/boot/SpringApplication;Ljava/lang/String;)Lorg/springframework/context/ConfigurableApplicationContext;+302
j  org.springframework.cloud.bootstrap.BootstrapApplicationListener.onApplicationEvent(Lorg/springframework/boot/context/event/ApplicationEnvironmentPreparedEvent;)V+118
j  org.springframework.cloud.bootstrap.BootstrapApplicationListener.onApplicationEvent(Lorg/springframework/context/ApplicationEvent;)V+5
j  org.springframework.context.event.SimpleApplicationEventMulticaster.doInvokeListener(Lorg/springframework/context/ApplicationListener;Lorg/springframework/context/ApplicationEvent;)V+2
j  org.springframework.context.event.SimpleApplicationEventMulticaster.invokeListener(Lorg/springframework/context/ApplicationListener;Lorg/springframework/context/ApplicationEvent;)V+34
j  org.springframework.context.event.SimpleApplicationEventMulticaster.multicastEvent(Lorg/springframework/context/ApplicationEvent;Lorg/springframework/core/ResolvableType;)V+83
j  org.springframework.context.event.SimpleApplicationEventMulticaster.multicastEvent(Lorg/springframework/context/ApplicationEvent;)V+7
j  org.springframework.boot.context.event.EventPublishingRunListener.environmentPrepared(Lorg/springframework/boot/ConfigurableBootstrapContext;Lorg/springframework/core/env/ConfigurableEnvironment;)V+21
j  org.springframework.boot.SpringApplicationRunListeners.lambda$environmentPrepared$2(Lorg/springframework/boot/ConfigurableBootstrapContext;Lorg/springframework/core/env/ConfigurableEnvironment;Lorg/springframework/boot/SpringApplicationRunListener;)V+3
j  org.springframework.boot.SpringApplicationRunListeners$$Lambda$224.accept(Ljava/lang/Object;)V+12
j  java.util.ArrayList.forEach(Ljava/util/function/Consumer;)V+46 java.base@11.0.25
j  org.springframework.boot.SpringApplicationRunListeners.doWithListeners(Ljava/lang/String;Ljava/util/function/Consumer;Ljava/util/function/Consumer;)V+17
j  org.springframework.boot.SpringApplicationRunListeners.doWithListeners(Ljava/lang/String;Ljava/util/function/Consumer;)V+4
j  org.springframework.boot.SpringApplicationRunListeners.environmentPrepared(Lorg/springframework/boot/ConfigurableBootstrapContext;Lorg/springframework/core/env/ConfigurableEnvironment;)V+10
j  org.springframework.boot.SpringApplication.prepareEnvironment(Lorg/springframework/boot/SpringApplicationRunListeners;Lorg/springframework/boot/DefaultBootstrapContext;Lorg/springframework/boot/ApplicationArguments;)Lorg/springframework/core/env/ConfigurableEnvironment;+27
j  org.springframework.boot.SpringApplication.run([Ljava/lang/String;)Lorg/springframework/context/ConfigurableApplicationContext;+52
j  org.springframework.boot.SpringApplication.run([Ljava/lang/Class;[Ljava/lang/String;)Lorg/springframework/context/ConfigurableApplicationContext;+9
j  org.springframework.boot.SpringApplication.run(Ljava/lang/Class;[Ljava/lang/String;)Lorg/springframework/context/ConfigurableApplicationContext;+9
j  com.anynote.note.AnyNoteNoteApplication.main([Ljava/lang/String;)V+3
v  ~StubRoutines::call_stub

siginfo: si_signo: 11 (SIGSEGV), si_code: 2 (SEGV_ACCERR), si_addr: 0x0000000000000000

Register to memory mapping:

 x0=0x0 is NULL
 x1=0x00000006407a0a10 is an oop: java.util.jar.JarFile 
{0x00000006407a0a10} - klass: 'java/util/jar/JarFile'
 - ---- fields (total size 8 words):
 - private 'lastEntryPos' 'I' @12  0
 - private volatile 'closeRequested' 'Z' @16  false
 - private final 'name' 'Ljava/lang/String;' @20  "/Users/zch/.m2/repository/org/apache/commons/commons-collections4/4.4/commons-collections4-4.4.jar"{0x0000000640d28028} (c81a5005)
 - private final synchronized 'zc' 'Ljava/util/zip/ZipCoder;' @24  a 'java/util/zip/ZipCoder$UTF8'{0x0000000640d25970} (c81a4b2e)
 - private final synchronized 'res' 'Ljava/util/zip/ZipFile$CleanableResource;' @28  a 'java/util/zip/ZipFile$CleanableResource'{0x00000006415dac98} (c82bb593)
 - private 'lastEntryName' 'Ljava/lang/String;' @32  "META-INF/MANIFEST.MF"{0x0000000640d258a8} (c81a4b15)
 - private final 'versionFeature' 'I' @36  11 (b)
 - private 'jvInitialized' 'Z' @40  false
 - private 'verify' 'Z' @41  true
 - private 'isMultiRelease' 'Z' @42  false
 - private 'hasClassPathAttribute' 'Z' @43  false
 - private volatile 'hasCheckedSpecialAttributes' 'Z' @44  true
 - private strict 'manRef' 'Ljava/lang/ref/SoftReference;' @48  
[error occurred during error reporting (printing register info), id 0xb, SIGSEGV (0xb) at pc=0x00000001039d1918]

Registers:
 x0=0x0000000000000000  x1=0x00000006407a0a10  x2=0x0000000000000000  x3=0x0000000000000001
 x4=0x0000000086e9565c  x5=0x00000006415dadf8  x6=0x000000065ad74930  x7=0x6172756769666e6f
 x8=0x0000000000000000  x9=0x0000000000001889 x10=0x0000000000000000 x11=0x6f725074736f5073
x12=0x7543726f73736563 x13=0x00000000000007fd x14=0x00000000ccc0a041 x15=0x00000000cca09ffb
x16=0x0000000000000020 x17=0x0000600003288120 x18=0x0000000000000000 x19=0x0000000000000000
x20=0x00000006407a0a10 x21=0x000000015490cf00 x22=0x000000015300d000 x23=0x0000000000000000
x24=0x0000000103d03a84 x25=0x0000000000000000 x26=0x0000600000380018 x27=0x0000000000000000
x28=0x000000015300d000  fp=0x000000016dbbbf80  lr=0x0000000103b0d118  sp=0x000000016dbbbed0
pc=0x0000000103b0d11c cpsr=0x0000000060001000
Top of Stack: (sp=0x000000016dbbbed0)
0x000000016dbbbed0:   000000015300d000 000000015300d000
0x000000016dbbbee0:   000000015300d000 0000000000000001
0x000000016dbbbef0:   000000016dbbc1b8 000000015300d000
0x000000016dbbbf00:   000000016dbbbf30 00000001035a2a9c
0x000000016dbbbf10:   0000000000000000 0000000000000000
0x000000016dbbbf20:   000000016dbbc600 000000065ad748f8
0x000000016dbbbf30:   000000016dbbc130 000000010c8ea9f8
0x000000016dbbbf40:   0000600000380018 000000000000000c
0x000000016dbbbf50:   000000010c835680 0000000000000000
0x000000016dbbbf60:   000000015300d000 0000000000000001
0x000000016dbbbf70:   00000006407a0a10 000000015300d000
0x000000016dbbbf80:   000000016dbbbfa0 0000000103b0cf70
0x000000016dbbbf90:   00000006407a0a10 000000016dbbc298
0x000000016dbbbfa0:   000000016dbbbfe0 0000000103a61130
0x000000016dbbbfb0:   000000015300d000 000000015300d000
0x000000016dbbbfc0:   000000015300d000 0000000000000001
0x000000016dbbbfd0:   000000016dbbc298 000000015300d000
0x000000016dbbbfe0:   000000016dbbc010 00000001035a2a9c
0x000000016dbbbff0:   000000016dbbc988 000000016dbbc8a8
0x000000016dbbc000:   000000016dbbc6d0 000000065ad749d8
0x000000016dbbc010:   000000016dbbc210 000000010c8ea9f8
0x000000016dbbc020:   000000016dbbc060 0000000103822650
0x000000016dbbc030:   000000016dbbc050 0000000103a63014
0x000000016dbbc040:   000000016dbbc1b8 000000064163cc58
0x000000016dbbc050:   00000006407d98b8 0000000000000003
0x000000016dbbc060:   00000000f69fac68 000000064163cc58
0x000000016dbbc070:   000000065ad74838 2f747865746e6f63
0x000000016dbbc080:   000000010c8ea980 000000016dbbc1b8
0x000000016dbbc090:   697461746f6e6e61 69666e6f432f6e6f
0x000000016dbbc0a0:   6e6f697461727567 00000000000007fd
0x000000016dbbc0b0:   00000000ccc0a041 00000000cca09ffb
0x000000016dbbc0c0:   000000065ad746c2 000000065ad7468a 

Instructions: (pc=0x0000000103b0d11c)
0x0000000103b0d01c:   1f 30 00 f9 1f 44 00 f9 1f 28 00 f9 79 03 00 b4
0x0000000103b0d02c:   b7 02 00 f9 bf 22 00 f9 bf 2a 00 f9 b4 06 00 f9
0x0000000103b0d03c:   bf 2a 00 f9 bf 3a 00 f9 08 03 40 b9 a8 7e 00 b9
0x0000000103b0d04c:   a9 02 7f b2 bf 3b 03 d5 e8 03 17 aa 89 7e a8 c8
0x0000000103b0d05c:   bf 3b 03 d5 1f 01 17 eb 60 08 00 54 ff 02 08 eb
0x0000000103b0d06c:   20 08 00 54 bf 06 00 f9 bf 22 00 f9 bf 2a 00 f9
0x0000000103b0d07c:   bf 36 00 f9 bf 2e 00 f9 bf 32 00 f9 bf 46 00 f9
0x0000000103b0d08c:   bf 2a 00 f9 0d 00 00 14 bf 3a 00 f9 bf 2a 00 f9
0x0000000103b0d09c:   08 03 40 b9 a8 7e 00 b9 bf 3b 03 d5 e8 03 17 aa
0x0000000103b0d0ac:   9f 7e a8 c8 bf 3b 03 d5 1f 01 17 eb c0 02 00 54
0x0000000103b0d0bc:   ff 02 08 eb 80 02 00 54 e0 03 16 aa e1 03 15 aa
0x0000000103b0d0cc:   22 00 80 52 9c 05 00 94 97 02 40 f9 e0 03 17 aa
0x0000000103b0d0dc:   81 b9 ed 97 e0 f8 0f 36 e0 03 17 aa 7e b9 ed 97
0x0000000103b0d0ec:   15 00 7f d2 e0 03 15 aa fd 7b 4b a9 f4 4f 4a a9
0x0000000103b0d0fc:   f6 57 49 a9 f8 5f 48 a9 fa 67 47 a9 ff 03 03 91
0x0000000103b0d10c:   c0 03 5f d6 e0 03 17 aa 73 b9 ed 97 08 f8 7e 92
0x0000000103b0d11c:   08 01 40 f9 a8 02 00 f9 e0 03 17 aa 6e b9 ed 97
0x0000000103b0d12c:   a0 22 00 f9 bf 2a 00 f9 b4 06 00 f9 88 02 40 f9
0x0000000103b0d13c:   48 01 00 b4 e0 07 00 90 00 7c 3c 91 e2 07 00 b0
0x0000000103b0d14c:   42 10 02 91 03 05 00 90 63 e0 08 91 01 bd 80 52
0x0000000103b0d15c:   ce 9d ed 97 28 49 fb 97 a8 02 7f b2 bf 3b 03 d5
0x0000000103b0d16c:   88 02 00 f9 08 11 00 d0 08 41 0b 91 08 01 40 f9
0x0000000103b0d17c:   48 01 00 b4 09 11 00 d0 29 e1 2b 91 29 01 40 39
0x0000000103b0d18c:   3f 05 00 71 a1 00 00 54 08 15 40 f9 09 01 40 f9
0x0000000103b0d19c:   29 05 00 91 09 01 00 f9 c8 0f 00 f0 08 e5 43 f9
0x0000000103b0d1ac:   28 06 00 b4 c8 10 00 d0 08 e5 37 91 08 01 40 39
0x0000000103b0d1bc:   1f 05 00 71 21 01 00 54 89 0a 40 b9 ca 0f 00 f0
0x0000000103b0d1cc:   4a 61 2b 91 4b 09 40 b9 4a 01 40 f9 2b 21 cb 9a
0x0000000103b0d1dc:   6a 01 0a 8b 03 00 00 14 8a 06 40 f9 e9 03 0a aa
0x0000000103b0d1ec:   4a 09 40 b9 5f 05 00 71 eb 03 00 54 80 10 00 d0
0x0000000103b0d1fc:   00 80 27 91 0a 00 40 f9 40 01 3f d6 0a 00 40 f9
0x0000000103b0d20c:   4a 3d 41 f9 ea 0f 00 f9 40 05 c0 3d e0 03 82 3c 


Stack slot to memory mapping:
stack at sp + 0 slots: 0x000000015300d000 is a thread
stack at sp + 1 slots: 0x000000015300d000 is a thread
stack at sp + 2 slots: 0x000000015300d000 is a thread
stack at sp + 3 slots: 0x0000000000000001 is an unknown value
stack at sp + 4 slots: 0x000000016dbbc1b8 is pointing into the stack for thread: 0x000000015300d000
stack at sp + 5 slots: 0x000000015300d000 is a thread
stack at sp + 6 slots: 0x000000016dbbbf30 is pointing into the stack for thread: 0x000000015300d000
stack at sp + 7 slots: 0x00000001035a2a9c: _ZN8Runtime111monitorexitEP10JavaThreadP15BasicObjectLock+0x58 in /opt/homebrew/Cellar/openjdk@11/11.0.25/libexec/openjdk.jdk/Contents/Home/lib/server/libjvm.dylib at 0x0000000103478000


---------------  P R O C E S S  ---------------

Threads class SMR info:
_java_thread_list=0x0000600003dca7e0, length=41, elements={
0x000000015300d000, 0x000000012c00d800, 0x0000000133015800, 0x0000000133011800,
0x000000015303e000, 0x000000015381c800, 0x000000015381d800, 0x0000000154075000,
0x000000012ebba800, 0x000000012c0fe800, 0x0000000153330000, 0x0000000153331000,
0x0000000153332000, 0x0000000154d39000, 0x0000000153333800, 0x000000012ec14000,
0x000000015491d000, 0x000000012ec15000, 0x0000000133242800, 0x0000000153334800,
0x0000000133296000, 0x0000000154d3c800, 0x0000000153335000, 0x000000012c33d000,
0x0000000154d44000, 0x0000000153f83800, 0x0000000153323800, 0x000000012ec35000,
0x000000012c154000, 0x000000012c36e800, 0x00000001332a3800, 0x00000001332f6000,
0x0000000153351000, 0x0000000133244000, 0x0000000154d6a800, 0x000000015333f800,
0x00000001310f0000, 0x000000015362a800, 0x000000012c37f800, 0x00000001332fa000,
0x0000000131147800
}

Java Threads: ( => current thread )
=>0x000000015300d000 JavaThread "main" [_thread_in_Java, id=4355, stack(0x000000016d9bc000,0x000000016dbbf000)]
  0x000000012c00d800 JavaThread "Reference Handler" daemon [_thread_blocked, id=16899, stack(0x000000016e810000,0x000000016ea13000)]
  0x0000000133015800 JavaThread "Finalizer" daemon [_thread_blocked, id=17667, stack(0x000000016ea1c000,0x000000016ec1f000)]
  0x0000000133011800 JavaThread "Signal Dispatcher" daemon [_thread_blocked, id=21763, stack(0x000000016ed40000,0x000000016ef43000)]
  0x000000015303e000 JavaThread "Service Thread" daemon [_thread_blocked, id=22275, stack(0x000000016ef4c000,0x000000016f14f000)]
  0x000000015381c800 JavaThread "C1 CompilerThread0" daemon [_thread_blocked, id=22787, stack(0x000000016f158000,0x000000016f35b000)]
  0x000000015381d800 JavaThread "Sweeper thread" daemon [_thread_blocked, id=32003, stack(0x000000016f364000,0x000000016f567000)]
  0x0000000154075000 JavaThread "Common-Cleaner" daemon [_thread_blocked, id=23811, stack(0x000000016f570000,0x000000016f773000)]
  0x000000012ebba800 JavaThread "SkywalkingAgent-LogFileWriter" daemon [_thread_blocked, id=26883, stack(0x0000000308628000,0x000000030882b000)]
  0x000000012c0fe800 JavaThread "DataCarrier.DEFAULT.Consumer.0.Thread" daemon [_thread_blocked, id=27651, stack(0x0000000308a40000,0x0000000308c43000)]
  0x0000000153330000 JavaThread "SkywalkingAgent-5-JVMService-produce-0" daemon [_thread_blocked, id=29443, stack(0x0000000308c4c000,0x0000000308e4f000)]
  0x0000000153331000 JavaThread "SkywalkingAgent-6-JVMService-consume-0" daemon [_thread_blocked, id=29187, stack(0x0000000308e58000,0x000000030905b000)]
  0x0000000153332000 JavaThread "SkywalkingAgent-7-ServiceManagementClient-0" daemon [_thread_blocked, id=28675, stack(0x0000000309064000,0x0000000309267000)]
  0x0000000154d39000 JavaThread "SkywalkingAgent-1-CommandService-0" daemon [_thread_blocked, id=33283, stack(0x0000000309270000,0x0000000309473000)]
  0x0000000153333800 JavaThread "SkywalkingAgent-8-ProfileGetTaskService-0" daemon [_thread_blocked, id=43011, stack(0x000000030947c000,0x000000030967f000)]
  0x000000012ec14000 JavaThread "SkywalkingAgent-9-ProfileSendSnapshotService-0" daemon [_thread_blocked, id=33795, stack(0x0000000309688000,0x000000030988b000)]
  0x000000015491d000 JavaThread "SkywalkingAgent-10-MeterReportService-0" daemon [_thread_blocked, id=41987, stack(0x0000000309894000,0x0000000309a97000)]
  0x000000012ec15000 JavaThread "DataCarrier.gRPC-log.Consumer.0.Thread" daemon [_thread_blocked, id=41475, stack(0x0000000309aa0000,0x0000000309ca3000)]
  0x0000000133242800 JavaThread "SkywalkingAgent-11-ConfigurationDiscoveryService-0" daemon [_thread_blocked, id=34563, stack(0x0000000309cac000,0x0000000309eaf000)]
  0x0000000153334800 JavaThread "SkywalkingAgent-12-GRPCChannelManager-0" daemon [_thread_blocked, id=35075, stack(0x0000000309eb8000,0x000000030a0bb000)]
  0x0000000133296000 JavaThread "Monitor Ctrl-Break" daemon [_thread_in_native, id=39939, stack(0x000000030a0c4000,0x000000030a2c7000)]
  0x0000000154d3c800 JavaThread "RMI TCP Accept-0" daemon [_thread_in_native, id=35843, stack(0x000000030a2d0000,0x000000030a4d3000)]
  0x0000000153335000 JavaThread "grpc-nio-worker-ELG-1-1" daemon [_thread_in_native, id=39171, stack(0x000000030a6e8000,0x000000030a8eb000)]
  0x000000012c33d000 JavaThread "grpc-default-executor-0" daemon [_thread_blocked, id=36867, stack(0x000000030a8f4000,0x000000030aaf7000)]
  0x0000000154d44000 JavaThread "grpc-nio-worker-ELG-1-2" daemon [_thread_in_native, id=37123, stack(0x000000030ab00000,0x000000030ad03000)]
  0x0000000153f83800 JavaThread "grpc-default-executor-1" daemon [_thread_blocked, id=37379, stack(0x000000030ad0c000,0x000000030af0f000)]
  0x0000000153323800 JavaThread "grpc-nio-worker-ELG-1-3" daemon [_thread_in_native, id=43779, stack(0x000000030af18000,0x000000030b11b000)]
  0x000000012ec35000 JavaThread "grpc-default-executor-2" daemon [_thread_blocked, id=44035, stack(0x000000030b124000,0x000000030b327000)]
  0x000000012c154000 JavaThread "grpc-nio-worker-ELG-1-4" daemon [_thread_in_native, id=44803, stack(0x000000030b330000,0x000000030b533000)]
  0x000000012c36e800 JavaThread "grpc-nio-worker-ELG-1-5" daemon [_thread_in_native, id=45315, stack(0x000000030b53c000,0x000000030b73f000)]
  0x00000001332a3800 JavaThread "grpc-nio-worker-ELG-1-6" daemon [_thread_in_native, id=45827, stack(0x000000030b748000,0x000000030b94b000)]
  0x00000001332f6000 JavaThread "Attach Listener" daemon [_thread_blocked, id=46595, stack(0x000000030b954000,0x000000030bb57000)]
  0x0000000153351000 JavaThread "RMI TCP Connection(1)-127.0.0.1" daemon [_thread_in_native, id=63747, stack(0x000000030bb60000,0x000000030bd63000)]
  0x0000000133244000 JavaThread "RMI Scheduler(0)" daemon [_thread_blocked, id=63235, stack(0x000000030bd6c000,0x000000030bf6f000)]
  0x0000000154d6a800 JavaThread "grpc-nio-worker-ELG-1-7" daemon [_thread_in_native, id=47879, stack(0x000000030bf78000,0x000000030c17b000)]
  0x000000015333f800 JavaThread "grpc-nio-worker-ELG-1-8" daemon [_thread_in_native, id=62987, stack(0x000000030c184000,0x000000030c387000)]
  0x00000001310f0000 JavaThread "logback-1" daemon [_thread_blocked, id=62223, stack(0x000000030c390000,0x000000030c593000)]
  0x000000015362a800 JavaThread "logback-appender-Logstash-localhost:5044-2" daemon [_thread_blocked, id=48915, stack(0x000000030c59c000,0x000000030c79f000)]
  0x000000012c37f800 JavaThread "logback-2" daemon [_thread_blocked, id=49411, stack(0x000000030c7a8000,0x000000030c9ab000)]
  0x00000001332fa000 JavaThread "logback-3" daemon [_thread_blocked, id=50183, stack(0x000000030c9b4000,0x000000030cbb7000)]
  0x0000000131147800 JavaThread "background-preinit" [_thread_blocked, id=61443, stack(0x000000030cbc0000,0x000000030cdc3000)]

Other Threads:
  0x000000015582c000 VMThread "VM Thread" [stack: 0x000000016e604000,0x000000016e807000] [id=21507]
  0x0000000154336800 WatcherThread [stack: 0x000000030a4dc000,0x000000030a6df000] [id=39683]
  0x000000015480f000 GCTaskThread "GC Thread#0" [stack: 0x000000016dbc8000,0x000000016ddcb000] [id=15619]
  0x00000001540f7000 GCTaskThread "GC Thread#1" [stack: 0x000000016f77c000,0x000000016f97f000] [id=31491]
  0x0000000153115800 GCTaskThread "GC Thread#2" [stack: 0x000000016f988000,0x000000016fb8b000] [id=31235]
  0x0000000153116800 GCTaskThread "GC Thread#3" [stack: 0x000000016fb94000,0x000000016fd97000] [id=24835]
  0x0000000153117000 GCTaskThread "GC Thread#4" [stack: 0x000000016fda0000,0x000000016ffa3000] [id=25091]
  0x0000000153118000 GCTaskThread "GC Thread#5" [stack: 0x0000000308004000,0x0000000308207000] [id=25347]
  0x0000000154aa3000 GCTaskThread "GC Thread#6" [stack: 0x0000000308210000,0x0000000308413000] [id=25859]
  0x0000000154af8000 GCTaskThread "GC Thread#7" [stack: 0x000000030841c000,0x000000030861f000] [id=26371]
  0x0000000153011000 ConcurrentGCThread "G1 Main Marker" [stack: 0x000000016ddd4000,0x000000016dfd7000] [id=15107]
  0x000000015302d800 ConcurrentGCThread "G1 Conc#0" [stack: 0x000000016dfe0000,0x000000016e1e3000] [id=14083]
  0x0000000153320000 ConcurrentGCThread "G1 Conc#1" [stack: 0x0000000308834000,0x0000000308a37000] [id=30467]
  0x00000001548d0000 ConcurrentGCThread "G1 Refine#0" [stack: 0x000000016e1ec000,0x000000016e3ef000] [id=13571]
  0x0000000133008800 ConcurrentGCThread "G1 Young RemSet Sampling" [stack: 0x000000016e3f8000,0x000000016e5fb000] [id=13315]

Threads with active compile tasks:

VM state:not at safepoint (normal execution)

VM Mutex/Monitor currently owned by a thread: None

Heap address: 0x0000000640000000, size: 6144 MB, Compressed Oops mode: Zero based, Oop shift amount: 3
Narrow klass base: 0x0000000800000000, Narrow klass shift: 0
Compressed class space size: 1073741824 Address: 0x0000000800000000

Heap:
 garbage-first heap   total 558080K, used 159377K [0x0000000640000000, 0x00000007c0000000)
  region size 1024K, 138 young (141312K), 22 survivors (22528K)
 Metaspace       used 47519K, capacity 48651K, committed 48816K, reserved 1091584K
  class space    used 6449K, capacity 6894K, committed 6912K, reserved 1048576K
Heap Regions: E=young(eden), S=young(survivor), O=old, HS=humongous(starts), HC=humongous(continues), CS=collection set, F=free, A=archive, TAMS=top-at-mark-start (previous, next)
|   0|0x0000000640000000, 0x0000000640100000, 0x0000000640100000|100%|HS|  |TAMS 0x0000000640100000, 0x0000000640000000| Complete 
|   1|0x0000000640100000, 0x0000000640200000, 0x0000000640200000|100%|HS|  |TAMS 0x0000000640200000, 0x0000000640100000| Complete 
|   2|0x0000000640200000, 0x0000000640300000, 0x0000000640300000|100%| O|  |TAMS 0x0000000640300000, 0x0000000640200000| Untracked 
|   3|0x0000000640300000, 0x0000000640400000, 0x0000000640400000|100%|HS|  |TAMS 0x0000000640400000, 0x0000000640300000| Complete 
|   4|0x0000000640400000, 0x0000000640500000, 0x0000000640500000|100%|HS|  |TAMS 0x0000000640500000, 0x0000000640400000| Complete 
|   5|0x0000000640500000, 0x0000000640600000, 0x0000000640600000|100%|HC|  |TAMS 0x0000000640600000, 0x0000000640500000| Complete 
|   6|0x0000000640600000, 0x0000000640700000, 0x0000000640700000|100%| O|  |TAMS 0x0000000640700000, 0x0000000640600000| Untracked 
|   7|0x0000000640700000, 0x0000000640800000, 0x0000000640800000|100%| O|  |TAMS 0x0000000640800000, 0x0000000640700000| Untracked 
|   8|0x0000000640800000, 0x0000000640900000, 0x0000000640900000|100%| O|  |TAMS 0x0000000640900000, 0x0000000640800000| Untracked 
|   9|0x0000000640900000, 0x0000000640a00000, 0x0000000640a00000|100%| O|  |TAMS 0x0000000640a00000, 0x0000000640900000| Untracked 
|  10|0x0000000640a00000, 0x0000000640b00000, 0x0000000640b00000|100%| O|  |TAMS 0x0000000640b00000, 0x0000000640a00000| Untracked 
|  11|0x0000000640b00000, 0x0000000640c00000, 0x0000000640c00000|100%| O|  |TAMS 0x0000000640c00000, 0x0000000640b00000| Untracked 
|  12|0x0000000640c00000, 0x0000000640d00000, 0x0000000640d00000|100%| O|  |TAMS 0x0000000640d00000, 0x0000000640c00000| Untracked 
|  13|0x0000000640d00000, 0x0000000640e00000, 0x0000000640e00000|100%| O|  |TAMS 0x0000000640e00000, 0x0000000640d00000| Untracked 
|  14|0x0000000640e00000, 0x0000000640e00000, 0x0000000640f00000|  0%| F|  |TAMS 0x0000000640e00000, 0x0000000640e00000| Untracked 
|  15|0x0000000640f00000, 0x0000000640fcd800, 0x0000000641000000| 80%| O|  |TAMS 0x0000000640fcd800, 0x0000000640f00000| Untracked 
|  16|0x0000000641000000, 0x0000000641000000, 0x0000000641100000|  0%| F|  |TAMS 0x0000000641000000, 0x0000000641000000| Untracked 
|  17|0x0000000641100000, 0x0000000641100000, 0x0000000641200000|  0%| F|  |TAMS 0x0000000641100000, 0x0000000641100000| Untracked 
|  18|0x0000000641200000, 0x0000000641200000, 0x0000000641300000|  0%| F|  |TAMS 0x0000000641200000, 0x0000000641200000| Untracked 
|  19|0x0000000641300000, 0x0000000641300000, 0x0000000641400000|  0%| F|  |TAMS 0x0000000641300000, 0x0000000641300000| Untracked 
|  20|0x0000000641400000, 0x0000000641400000, 0x0000000641500000|  0%| F|  |TAMS 0x0000000641400000, 0x0000000641400000| Untracked 
|  21|0x0000000641500000, 0x0000000641600000, 0x0000000641600000|100%| O|  |TAMS 0x0000000641600000, 0x0000000641500000| Untracked 
|  22|0x0000000641600000, 0x0000000641700000, 0x0000000641700000|100%| O|  |TAMS 0x0000000641700000, 0x0000000641600000| Untracked 
|  23|0x0000000641700000, 0x0000000641800000, 0x0000000641800000|100%| O|  |TAMS 0x0000000641800000, 0x0000000641700000| Untracked 
|  24|0x0000000641800000, 0x0000000641900000, 0x0000000641900000|100%| O|  |TAMS 0x0000000641900000, 0x0000000641800000| Untracked 
|  25|0x0000000641900000, 0x0000000641900000, 0x0000000641a00000|  0%| F|  |TAMS 0x0000000641900000, 0x0000000641900000| Untracked 
|  26|0x0000000641a00000, 0x0000000641a00000, 0x0000000641b00000|  0%| F|  |TAMS 0x0000000641a00000, 0x0000000641a00000| Untracked 
|  27|0x0000000641b00000, 0x0000000641b00000, 0x0000000641c00000|  0%| F|  |TAMS 0x0000000641b00000, 0x0000000641b00000| Untracked 
|  28|0x0000000641c00000, 0x0000000641c00000, 0x0000000641d00000|  0%| F|  |TAMS 0x0000000641c00000, 0x0000000641c00000| Untracked 
|  29|0x0000000641d00000, 0x0000000641d00000, 0x0000000641e00000|  0%| F|  |TAMS 0x0000000641d00000, 0x0000000641d00000| Untracked 
|  30|0x0000000641e00000, 0x0000000641e00000, 0x0000000641f00000|  0%| F|  |TAMS 0x0000000641e00000, 0x0000000641e00000| Untracked 
|  31|0x0000000641f00000, 0x0000000641f00000, 0x0000000642000000|  0%| F|  |TAMS 0x0000000641f00000, 0x0000000641f00000| Untracked 
|  32|0x0000000642000000, 0x0000000642000000, 0x0000000642100000|  0%| F|  |TAMS 0x0000000642000000, 0x0000000642000000| Untracked 
|  33|0x0000000642100000, 0x0000000642100000, 0x0000000642200000|  0%| F|  |TAMS 0x0000000642100000, 0x0000000642100000| Untracked 
|  34|0x0000000642200000, 0x0000000642200000, 0x0000000642300000|  0%| F|  |TAMS 0x0000000642200000, 0x0000000642200000| Untracked 
|  35|0x0000000642300000, 0x0000000642300000, 0x0000000642400000|  0%| F|  |TAMS 0x0000000642300000, 0x0000000642300000| Untracked 
|  36|0x0000000642400000, 0x0000000642400000, 0x0000000642500000|  0%| F|  |TAMS 0x0000000642400000, 0x0000000642400000| Untracked 
|  37|0x0000000642500000, 0x0000000642500000, 0x0000000642600000|  0%| F|  |TAMS 0x0000000642500000, 0x0000000642500000| Untracked 
|  38|0x0000000642600000, 0x0000000642600000, 0x0000000642700000|  0%| F|  |TAMS 0x0000000642600000, 0x0000000642600000| Untracked 
|  39|0x0000000642700000, 0x0000000642700000, 0x0000000642800000|  0%| F|  |TAMS 0x0000000642700000, 0x0000000642700000| Untracked 
|  40|0x0000000642800000, 0x0000000642800000, 0x0000000642900000|  0%| F|  |TAMS 0x0000000642800000, 0x0000000642800000| Untracked 
|  41|0x0000000642900000, 0x0000000642900000, 0x0000000642a00000|  0%| F|  |TAMS 0x0000000642900000, 0x0000000642900000| Untracked 
|  42|0x0000000642a00000, 0x0000000642a00000, 0x0000000642b00000|  0%| F|  |TAMS 0x0000000642a00000, 0x0000000642a00000| Untracked 
|  43|0x0000000642b00000, 0x0000000642b00000, 0x0000000642c00000|  0%| F|  |TAMS 0x0000000642b00000, 0x0000000642b00000| Untracked 
|  44|0x0000000642c00000, 0x0000000642c00000, 0x0000000642d00000|  0%| F|  |TAMS 0x0000000642c00000, 0x0000000642c00000| Untracked 
|  45|0x0000000642d00000, 0x0000000642d00000, 0x0000000642e00000|  0%| F|  |TAMS 0x0000000642d00000, 0x0000000642d00000| Untracked 
|  46|0x0000000642e00000, 0x0000000642e00000, 0x0000000642f00000|  0%| F|  |TAMS 0x0000000642e00000, 0x0000000642e00000| Untracked 
|  47|0x0000000642f00000, 0x0000000642f00000, 0x0000000643000000|  0%| F|  |TAMS 0x0000000642f00000, 0x0000000642f00000| Untracked 
|  48|0x0000000643000000, 0x0000000643000000, 0x0000000643100000|  0%| F|  |TAMS 0x0000000643000000, 0x0000000643000000| Untracked 
|  49|0x0000000643100000, 0x0000000643100000, 0x0000000643200000|  0%| F|  |TAMS 0x0000000643100000, 0x0000000643100000| Untracked 
|  50|0x0000000643200000, 0x0000000643200000, 0x0000000643300000|  0%| F|  |TAMS 0x0000000643200000, 0x0000000643200000| Untracked 
|  51|0x0000000643300000, 0x0000000643300000, 0x0000000643400000|  0%| F|  |TAMS 0x0000000643300000, 0x0000000643300000| Untracked 
|  52|0x0000000643400000, 0x0000000643400000, 0x0000000643500000|  0%| F|  |TAMS 0x0000000643400000, 0x0000000643400000| Untracked 
|  53|0x0000000643500000, 0x0000000643500000, 0x0000000643600000|  0%| F|  |TAMS 0x0000000643500000, 0x0000000643500000| Untracked 
|  54|0x0000000643600000, 0x0000000643600000, 0x0000000643700000|  0%| F|  |TAMS 0x0000000643600000, 0x0000000643600000| Untracked 
|  55|0x0000000643700000, 0x0000000643700000, 0x0000000643800000|  0%| F|  |TAMS 0x0000000643700000, 0x0000000643700000| Untracked 
|  56|0x0000000643800000, 0x0000000643800000, 0x0000000643900000|  0%| F|  |TAMS 0x0000000643800000, 0x0000000643800000| Untracked 
|  57|0x0000000643900000, 0x0000000643900000, 0x0000000643a00000|  0%| F|  |TAMS 0x0000000643900000, 0x0000000643900000| Untracked 
|  58|0x0000000643a00000, 0x0000000643a00000, 0x0000000643b00000|  0%| F|  |TAMS 0x0000000643a00000, 0x0000000643a00000| Untracked 
|  59|0x0000000643b00000, 0x0000000643b00000, 0x0000000643c00000|  0%| F|  |TAMS 0x0000000643b00000, 0x0000000643b00000| Untracked 
|  60|0x0000000643c00000, 0x0000000643c00000, 0x0000000643d00000|  0%| F|  |TAMS 0x0000000643c00000, 0x0000000643c00000| Untracked 
|  61|0x0000000643d00000, 0x0000000643d00000, 0x0000000643e00000|  0%| F|  |TAMS 0x0000000643d00000, 0x0000000643d00000| Untracked 
|  62|0x0000000643e00000, 0x0000000643e00000, 0x0000000643f00000|  0%| F|  |TAMS 0x0000000643e00000, 0x0000000643e00000| Untracked 
|  63|0x0000000643f00000, 0x0000000643f00000, 0x0000000644000000|  0%| F|  |TAMS 0x0000000643f00000, 0x0000000643f00000| Untracked 
|  64|0x0000000644000000, 0x0000000644000000, 0x0000000644100000|  0%| F|  |TAMS 0x0000000644000000, 0x0000000644000000| Untracked 
|  65|0x0000000644100000, 0x0000000644100000, 0x0000000644200000|  0%| F|  |TAMS 0x0000000644100000, 0x0000000644100000| Untracked 
|  66|0x0000000644200000, 0x0000000644200000, 0x0000000644300000|  0%| F|  |TAMS 0x0000000644200000, 0x0000000644200000| Untracked 
|  67|0x0000000644300000, 0x0000000644300000, 0x0000000644400000|  0%| F|  |TAMS 0x0000000644300000, 0x0000000644300000| Untracked 
|  68|0x0000000644400000, 0x0000000644400000, 0x0000000644500000|  0%| F|  |TAMS 0x0000000644400000, 0x0000000644400000| Untracked 
|  69|0x0000000644500000, 0x0000000644500000, 0x0000000644600000|  0%| F|  |TAMS 0x0000000644500000, 0x0000000644500000| Untracked 
|  70|0x0000000644600000, 0x0000000644600000, 0x0000000644700000|  0%| F|  |TAMS 0x0000000644600000, 0x0000000644600000| Untracked 
|  71|0x0000000644700000, 0x0000000644700000, 0x0000000644800000|  0%| F|  |TAMS 0x0000000644700000, 0x0000000644700000| Untracked 
|  72|0x0000000644800000, 0x0000000644800000, 0x0000000644900000|  0%| F|  |TAMS 0x0000000644800000, 0x0000000644800000| Untracked 
|  73|0x0000000644900000, 0x0000000644900000, 0x0000000644a00000|  0%| F|  |TAMS 0x0000000644900000, 0x0000000644900000| Untracked 
|  74|0x0000000644a00000, 0x0000000644a00000, 0x0000000644b00000|  0%| F|  |TAMS 0x0000000644a00000, 0x0000000644a00000| Untracked 
|  75|0x0000000644b00000, 0x0000000644b00000, 0x0000000644c00000|  0%| F|  |TAMS 0x0000000644b00000, 0x0000000644b00000| Untracked 
|  76|0x0000000644c00000, 0x0000000644c00000, 0x0000000644d00000|  0%| F|  |TAMS 0x0000000644c00000, 0x0000000644c00000| Untracked 
|  77|0x0000000644d00000, 0x0000000644d00000, 0x0000000644e00000|  0%| F|  |TAMS 0x0000000644d00000, 0x0000000644d00000| Untracked 
|  78|0x0000000644e00000, 0x0000000644e00000, 0x0000000644f00000|  0%| F|  |TAMS 0x0000000644e00000, 0x0000000644e00000| Untracked 
|  79|0x0000000644f00000, 0x0000000644f00000, 0x0000000645000000|  0%| F|  |TAMS 0x0000000644f00000, 0x0000000644f00000| Untracked 
|  80|0x0000000645000000, 0x0000000645000000, 0x0000000645100000|  0%| F|  |TAMS 0x0000000645000000, 0x0000000645000000| Untracked 
|  81|0x0000000645100000, 0x0000000645100000, 0x0000000645200000|  0%| F|  |TAMS 0x0000000645100000, 0x0000000645100000| Untracked 
|  82|0x0000000645200000, 0x0000000645200000, 0x0000000645300000|  0%| F|  |TAMS 0x0000000645200000, 0x0000000645200000| Untracked 
|  83|0x0000000645300000, 0x0000000645300000, 0x0000000645400000|  0%| F|  |TAMS 0x0000000645300000, 0x0000000645300000| Untracked 
|  84|0x0000000645400000, 0x0000000645400000, 0x0000000645500000|  0%| F|  |TAMS 0x0000000645400000, 0x0000000645400000| Untracked 
|  85|0x0000000645500000, 0x0000000645500000, 0x0000000645600000|  0%| F|  |TAMS 0x0000000645500000, 0x0000000645500000| Untracked 
|  86|0x0000000645600000, 0x0000000645600000, 0x0000000645700000|  0%| F|  |TAMS 0x0000000645600000, 0x0000000645600000| Untracked 
|  87|0x0000000645700000, 0x0000000645700000, 0x0000000645800000|  0%| F|  |TAMS 0x0000000645700000, 0x0000000645700000| Untracked 
|  88|0x0000000645800000, 0x0000000645800000, 0x0000000645900000|  0%| F|  |TAMS 0x0000000645800000, 0x0000000645800000| Untracked 
|  89|0x0000000645900000, 0x0000000645900000, 0x0000000645a00000|  0%| F|  |TAMS 0x0000000645900000, 0x0000000645900000| Untracked 
|  90|0x0000000645a00000, 0x0000000645a00000, 0x0000000645b00000|  0%| F|  |TAMS 0x0000000645a00000, 0x0000000645a00000| Untracked 
|  91|0x0000000645b00000, 0x0000000645b00000, 0x0000000645c00000|  0%| F|  |TAMS 0x0000000645b00000, 0x0000000645b00000| Untracked 
|  92|0x0000000645c00000, 0x0000000645c00000, 0x0000000645d00000|  0%| F|  |TAMS 0x0000000645c00000, 0x0000000645c00000| Untracked 
|  93|0x0000000645d00000, 0x0000000645d00000, 0x0000000645e00000|  0%| F|  |TAMS 0x0000000645d00000, 0x0000000645d00000| Untracked 
|  94|0x0000000645e00000, 0x0000000645e00000, 0x0000000645f00000|  0%| F|  |TAMS 0x0000000645e00000, 0x0000000645e00000| Untracked 
|  95|0x0000000645f00000, 0x0000000645f00000, 0x0000000646000000|  0%| F|  |TAMS 0x0000000645f00000, 0x0000000645f00000| Untracked 
|  96|0x0000000646000000, 0x0000000646000000, 0x0000000646100000|  0%| F|  |TAMS 0x0000000646000000, 0x0000000646000000| Untracked 
|  97|0x0000000646100000, 0x0000000646100000, 0x0000000646200000|  0%| F|  |TAMS 0x0000000646100000, 0x0000000646100000| Untracked 
|  98|0x0000000646200000, 0x0000000646200000, 0x0000000646300000|  0%| F|  |TAMS 0x0000000646200000, 0x0000000646200000| Untracked 
|  99|0x0000000646300000, 0x0000000646300000, 0x0000000646400000|  0%| F|  |TAMS 0x0000000646300000, 0x0000000646300000| Untracked 
| 100|0x0000000646400000, 0x0000000646400000, 0x0000000646500000|  0%| F|  |TAMS 0x0000000646400000, 0x0000000646400000| Untracked 
| 101|0x0000000646500000, 0x0000000646500000, 0x0000000646600000|  0%| F|  |TAMS 0x0000000646500000, 0x0000000646500000| Untracked 
| 102|0x0000000646600000, 0x0000000646600000, 0x0000000646700000|  0%| F|  |TAMS 0x0000000646600000, 0x0000000646600000| Untracked 
| 103|0x0000000646700000, 0x0000000646700000, 0x0000000646800000|  0%| F|  |TAMS 0x0000000646700000, 0x0000000646700000| Untracked 
| 104|0x0000000646800000, 0x0000000646800000, 0x0000000646900000|  0%| F|  |TAMS 0x0000000646800000, 0x0000000646800000| Untracked 
| 105|0x0000000646900000, 0x0000000646900000, 0x0000000646a00000|  0%| F|  |TAMS 0x0000000646900000, 0x0000000646900000| Untracked 
| 106|0x0000000646a00000, 0x0000000646a00000, 0x0000000646b00000|  0%| F|  |TAMS 0x0000000646a00000, 0x0000000646a00000| Untracked 
| 107|0x0000000646b00000, 0x0000000646b00000, 0x0000000646c00000|  0%| F|  |TAMS 0x0000000646b00000, 0x0000000646b00000| Untracked 
| 108|0x0000000646c00000, 0x0000000646c00000, 0x0000000646d00000|  0%| F|  |TAMS 0x0000000646c00000, 0x0000000646c00000| Untracked 
| 109|0x0000000646d00000, 0x0000000646d00000, 0x0000000646e00000|  0%| F|  |TAMS 0x0000000646d00000, 0x0000000646d00000| Untracked 
| 110|0x0000000646e00000, 0x0000000646e00000, 0x0000000646f00000|  0%| F|  |TAMS 0x0000000646e00000, 0x0000000646e00000| Untracked 
| 111|0x0000000646f00000, 0x0000000646f00000, 0x0000000647000000|  0%| F|  |TAMS 0x0000000646f00000, 0x0000000646f00000| Untracked 
| 112|0x0000000647000000, 0x0000000647000000, 0x0000000647100000|  0%| F|  |TAMS 0x0000000647000000, 0x0000000647000000| Untracked 
| 113|0x0000000647100000, 0x0000000647100000, 0x0000000647200000|  0%| F|  |TAMS 0x0000000647100000, 0x0000000647100000| Untracked 
| 114|0x0000000647200000, 0x0000000647200000, 0x0000000647300000|  0%| F|  |TAMS 0x0000000647200000, 0x0000000647200000| Untracked 
| 115|0x0000000647300000, 0x0000000647300000, 0x0000000647400000|  0%| F|  |TAMS 0x0000000647300000, 0x0000000647300000| Untracked 
| 116|0x0000000647400000, 0x0000000647400000, 0x0000000647500000|  0%| F|  |TAMS 0x0000000647400000, 0x0000000647400000| Untracked 
| 117|0x0000000647500000, 0x0000000647500000, 0x0000000647600000|  0%| F|  |TAMS 0x0000000647500000, 0x0000000647500000| Untracked 
| 118|0x0000000647600000, 0x0000000647600000, 0x0000000647700000|  0%| F|  |TAMS 0x0000000647600000, 0x0000000647600000| Untracked 
| 119|0x0000000647700000, 0x0000000647700000, 0x0000000647800000|  0%| F|  |TAMS 0x0000000647700000, 0x0000000647700000| Untracked 
| 120|0x0000000647800000, 0x0000000647800000, 0x0000000647900000|  0%| F|  |TAMS 0x0000000647800000, 0x0000000647800000| Untracked 
| 121|0x0000000647900000, 0x0000000647900000, 0x0000000647a00000|  0%| F|  |TAMS 0x0000000647900000, 0x0000000647900000| Untracked 
| 122|0x0000000647a00000, 0x0000000647a00000, 0x0000000647b00000|  0%| F|  |TAMS 0x0000000647a00000, 0x0000000647a00000| Untracked 
| 123|0x0000000647b00000, 0x0000000647b00000, 0x0000000647c00000|  0%| F|  |TAMS 0x0000000647b00000, 0x0000000647b00000| Untracked 
| 124|0x0000000647c00000, 0x0000000647c00000, 0x0000000647d00000|  0%| F|  |TAMS 0x0000000647c00000, 0x0000000647c00000| Untracked 
| 125|0x0000000647d00000, 0x0000000647d00000, 0x0000000647e00000|  0%| F|  |TAMS 0x0000000647d00000, 0x0000000647d00000| Untracked 
| 126|0x0000000647e00000, 0x0000000647e00000, 0x0000000647f00000|  0%| F|  |TAMS 0x0000000647e00000, 0x0000000647e00000| Untracked 
| 127|0x0000000647f00000, 0x0000000647f00000, 0x0000000648000000|  0%| F|  |TAMS 0x0000000647f00000, 0x0000000647f00000| Untracked 
| 128|0x0000000648000000, 0x0000000648000000, 0x0000000648100000|  0%| F|  |TAMS 0x0000000648000000, 0x0000000648000000| Untracked 
| 129|0x0000000648100000, 0x0000000648100000, 0x0000000648200000|  0%| F|  |TAMS 0x0000000648100000, 0x0000000648100000| Untracked 
| 130|0x0000000648200000, 0x0000000648200000, 0x0000000648300000|  0%| F|  |TAMS 0x0000000648200000, 0x0000000648200000| Untracked 
| 131|0x0000000648300000, 0x0000000648300000, 0x0000000648400000|  0%| F|  |TAMS 0x0000000648300000, 0x0000000648300000| Untracked 
| 132|0x0000000648400000, 0x0000000648400000, 0x0000000648500000|  0%| F|  |TAMS 0x0000000648400000, 0x0000000648400000| Untracked 
| 133|0x0000000648500000, 0x0000000648500000, 0x0000000648600000|  0%| F|  |TAMS 0x0000000648500000, 0x0000000648500000| Untracked 
| 134|0x0000000648600000, 0x0000000648600000, 0x0000000648700000|  0%| F|  |TAMS 0x0000000648600000, 0x0000000648600000| Untracked 
| 135|0x0000000648700000, 0x0000000648700000, 0x0000000648800000|  0%| F|  |TAMS 0x0000000648700000, 0x0000000648700000| Untracked 
| 136|0x0000000648800000, 0x0000000648800000, 0x0000000648900000|  0%| F|  |TAMS 0x0000000648800000, 0x0000000648800000| Untracked 
| 137|0x0000000648900000, 0x0000000648900000, 0x0000000648a00000|  0%| F|  |TAMS 0x0000000648900000, 0x0000000648900000| Untracked 
| 138|0x0000000648a00000, 0x0000000648a00000, 0x0000000648b00000|  0%| F|  |TAMS 0x0000000648a00000, 0x0000000648a00000| Untracked 
| 139|0x0000000648b00000, 0x0000000648b00000, 0x0000000648c00000|  0%| F|  |TAMS 0x0000000648b00000, 0x0000000648b00000| Untracked 
| 140|0x0000000648c00000, 0x0000000648c00000, 0x0000000648d00000|  0%| F|  |TAMS 0x0000000648c00000, 0x0000000648c00000| Untracked 
| 141|0x0000000648d00000, 0x0000000648d00000, 0x0000000648e00000|  0%| F|  |TAMS 0x0000000648d00000, 0x0000000648d00000| Untracked 
| 142|0x0000000648e00000, 0x0000000648e00000, 0x0000000648f00000|  0%| F|  |TAMS 0x0000000648e00000, 0x0000000648e00000| Untracked 
| 143|0x0000000648f00000, 0x0000000648f00000, 0x0000000649000000|  0%| F|  |TAMS 0x0000000648f00000, 0x0000000648f00000| Untracked 
| 144|0x0000000649000000, 0x0000000649000000, 0x0000000649100000|  0%| F|  |TAMS 0x0000000649000000, 0x0000000649000000| Untracked 
| 145|0x0000000649100000, 0x0000000649100000, 0x0000000649200000|  0%| F|  |TAMS 0x0000000649100000, 0x0000000649100000| Untracked 
| 146|0x0000000649200000, 0x0000000649200000, 0x0000000649300000|  0%| F|  |TAMS 0x0000000649200000, 0x0000000649200000| Untracked 
| 147|0x0000000649300000, 0x0000000649300000, 0x0000000649400000|  0%| F|  |TAMS 0x0000000649300000, 0x0000000649300000| Untracked 
| 148|0x0000000649400000, 0x0000000649400000, 0x0000000649500000|  0%| F|  |TAMS 0x0000000649400000, 0x0000000649400000| Untracked 
| 149|0x0000000649500000, 0x0000000649500000, 0x0000000649600000|  0%| F|  |TAMS 0x0000000649500000, 0x0000000649500000| Untracked 
| 150|0x0000000649600000, 0x0000000649600000, 0x0000000649700000|  0%| F|  |TAMS 0x0000000649600000, 0x0000000649600000| Untracked 
| 151|0x0000000649700000, 0x0000000649700000, 0x0000000649800000|  0%| F|  |TAMS 0x0000000649700000, 0x0000000649700000| Untracked 
| 152|0x0000000649800000, 0x0000000649800000, 0x0000000649900000|  0%| F|  |TAMS 0x0000000649800000, 0x0000000649800000| Untracked 
| 153|0x0000000649900000, 0x0000000649900000, 0x0000000649a00000|  0%| F|  |TAMS 0x0000000649900000, 0x0000000649900000| Untracked 
| 154|0x0000000649a00000, 0x0000000649a00000, 0x0000000649b00000|  0%| F|  |TAMS 0x0000000649a00000, 0x0000000649a00000| Untracked 
| 155|0x0000000649b00000, 0x0000000649b00000, 0x0000000649c00000|  0%| F|  |TAMS 0x0000000649b00000, 0x0000000649b00000| Untracked 
| 156|0x0000000649c00000, 0x0000000649c00000, 0x0000000649d00000|  0%| F|  |TAMS 0x0000000649c00000, 0x0000000649c00000| Untracked 
| 157|0x0000000649d00000, 0x0000000649d00000, 0x0000000649e00000|  0%| F|  |TAMS 0x0000000649d00000, 0x0000000649d00000| Untracked 
| 158|0x0000000649e00000, 0x0000000649e00000, 0x0000000649f00000|  0%| F|  |TAMS 0x0000000649e00000, 0x0000000649e00000| Untracked 
| 159|0x0000000649f00000, 0x0000000649f00000, 0x000000064a000000|  0%| F|  |TAMS 0x0000000649f00000, 0x0000000649f00000| Untracked 
| 160|0x000000064a000000, 0x000000064a000000, 0x000000064a100000|  0%| F|  |TAMS 0x000000064a000000, 0x000000064a000000| Untracked 
| 161|0x000000064a100000, 0x000000064a100000, 0x000000064a200000|  0%| F|  |TAMS 0x000000064a100000, 0x000000064a100000| Untracked 
| 162|0x000000064a200000, 0x000000064a200000, 0x000000064a300000|  0%| F|  |TAMS 0x000000064a200000, 0x000000064a200000| Untracked 
| 163|0x000000064a300000, 0x000000064a300000, 0x000000064a400000|  0%| F|  |TAMS 0x000000064a300000, 0x000000064a300000| Untracked 
| 164|0x000000064a400000, 0x000000064a400000, 0x000000064a500000|  0%| F|  |TAMS 0x000000064a400000, 0x000000064a400000| Untracked 
| 165|0x000000064a500000, 0x000000064a500000, 0x000000064a600000|  0%| F|  |TAMS 0x000000064a500000, 0x000000064a500000| Untracked 
| 166|0x000000064a600000, 0x000000064a600000, 0x000000064a700000|  0%| F|  |TAMS 0x000000064a600000, 0x000000064a600000| Untracked 
| 167|0x000000064a700000, 0x000000064a700000, 0x000000064a800000|  0%| F|  |TAMS 0x000000064a700000, 0x000000064a700000| Untracked 
| 168|0x000000064a800000, 0x000000064a800000, 0x000000064a900000|  0%| F|  |TAMS 0x000000064a800000, 0x000000064a800000| Untracked 
| 169|0x000000064a900000, 0x000000064a900000, 0x000000064aa00000|  0%| F|  |TAMS 0x000000064a900000, 0x000000064a900000| Untracked 
| 170|0x000000064aa00000, 0x000000064aa00000, 0x000000064ab00000|  0%| F|  |TAMS 0x000000064aa00000, 0x000000064aa00000| Untracked 
| 171|0x000000064ab00000, 0x000000064ab00000, 0x000000064ac00000|  0%| F|  |TAMS 0x000000064ab00000, 0x000000064ab00000| Untracked 
| 172|0x000000064ac00000, 0x000000064ac00000, 0x000000064ad00000|  0%| F|  |TAMS 0x000000064ac00000, 0x000000064ac00000| Untracked 
| 173|0x000000064ad00000, 0x000000064ad00000, 0x000000064ae00000|  0%| F|  |TAMS 0x000000064ad00000, 0x000000064ad00000| Untracked 
| 174|0x000000064ae00000, 0x000000064ae00000, 0x000000064af00000|  0%| F|  |TAMS 0x000000064ae00000, 0x000000064ae00000| Untracked 
| 175|0x000000064af00000, 0x000000064af00000, 0x000000064b000000|  0%| F|  |TAMS 0x000000064af00000, 0x000000064af00000| Untracked 
| 176|0x000000064b000000, 0x000000064b000000, 0x000000064b100000|  0%| F|  |TAMS 0x000000064b000000, 0x000000064b000000| Untracked 
| 177|0x000000064b100000, 0x000000064b100000, 0x000000064b200000|  0%| F|  |TAMS 0x000000064b100000, 0x000000064b100000| Untracked 
| 178|0x000000064b200000, 0x000000064b200000, 0x000000064b300000|  0%| F|  |TAMS 0x000000064b200000, 0x000000064b200000| Untracked 
| 179|0x000000064b300000, 0x000000064b300000, 0x000000064b400000|  0%| F|  |TAMS 0x000000064b300000, 0x000000064b300000| Untracked 
| 180|0x000000064b400000, 0x000000064b400000, 0x000000064b500000|  0%| F|  |TAMS 0x000000064b400000, 0x000000064b400000| Untracked 
| 181|0x000000064b500000, 0x000000064b500000, 0x000000064b600000|  0%| F|  |TAMS 0x000000064b500000, 0x000000064b500000| Untracked 
| 182|0x000000064b600000, 0x000000064b600000, 0x000000064b700000|  0%| F|  |TAMS 0x000000064b600000, 0x000000064b600000| Untracked 
| 183|0x000000064b700000, 0x000000064b700000, 0x000000064b800000|  0%| F|  |TAMS 0x000000064b700000, 0x000000064b700000| Untracked 
| 184|0x000000064b800000, 0x000000064b800000, 0x000000064b900000|  0%| F|  |TAMS 0x000000064b800000, 0x000000064b800000| Untracked 
| 185|0x000000064b900000, 0x000000064b900000, 0x000000064ba00000|  0%| F|  |TAMS 0x000000064b900000, 0x000000064b900000| Untracked 
| 186|0x000000064ba00000, 0x000000064ba00000, 0x000000064bb00000|  0%| F|  |TAMS 0x000000064ba00000, 0x000000064ba00000| Untracked 
| 187|0x000000064bb00000, 0x000000064bb00000, 0x000000064bc00000|  0%| F|  |TAMS 0x000000064bb00000, 0x000000064bb00000| Untracked 
| 188|0x000000064bc00000, 0x000000064bc00000, 0x000000064bd00000|  0%| F|  |TAMS 0x000000064bc00000, 0x000000064bc00000| Untracked 
| 189|0x000000064bd00000, 0x000000064bd00000, 0x000000064be00000|  0%| F|  |TAMS 0x000000064bd00000, 0x000000064bd00000| Untracked 
| 190|0x000000064be00000, 0x000000064be00000, 0x000000064bf00000|  0%| F|  |TAMS 0x000000064be00000, 0x000000064be00000| Untracked 
| 191|0x000000064bf00000, 0x000000064bf00000, 0x000000064c000000|  0%| F|  |TAMS 0x000000064bf00000, 0x000000064bf00000| Untracked 
| 192|0x000000064c000000, 0x000000064c000000, 0x000000064c100000|  0%| F|  |TAMS 0x000000064c000000, 0x000000064c000000| Untracked 
| 193|0x000000064c100000, 0x000000064c100000, 0x000000064c200000|  0%| F|  |TAMS 0x000000064c100000, 0x000000064c100000| Untracked 
| 194|0x000000064c200000, 0x000000064c200000, 0x000000064c300000|  0%| F|  |TAMS 0x000000064c200000, 0x000000064c200000| Untracked 
| 195|0x000000064c300000, 0x000000064c300000, 0x000000064c400000|  0%| F|  |TAMS 0x000000064c300000, 0x000000064c300000| Untracked 
| 196|0x000000064c400000, 0x000000064c4d6d70, 0x000000064c500000| 83%| S|CS|TAMS 0x000000064c400000, 0x000000064c400000| Complete 
| 197|0x000000064c500000, 0x000000064c600000, 0x000000064c600000|100%| S|CS|TAMS 0x000000064c500000, 0x000000064c500000| Complete 
| 198|0x000000064c600000, 0x000000064c600000, 0x000000064c700000|  0%| F|  |TAMS 0x000000064c600000, 0x000000064c600000| Untracked 
| 199|0x000000064c700000, 0x000000064c700000, 0x000000064c800000|  0%| F|  |TAMS 0x000000064c700000, 0x000000064c700000| Untracked 
| 200|0x000000064c800000, 0x000000064c800000, 0x000000064c900000|  0%| F|  |TAMS 0x000000064c800000, 0x000000064c800000| Untracked 
| 201|0x000000064c900000, 0x000000064c900000, 0x000000064ca00000|  0%| F|  |TAMS 0x000000064c900000, 0x000000064c900000| Untracked 
| 202|0x000000064ca00000, 0x000000064ca00000, 0x000000064cb00000|  0%| F|  |TAMS 0x000000064ca00000, 0x000000064ca00000| Untracked 
| 203|0x000000064cb00000, 0x000000064cb00000, 0x000000064cc00000|  0%| F|  |TAMS 0x000000064cb00000, 0x000000064cb00000| Untracked 
| 204|0x000000064cc00000, 0x000000064cc00000, 0x000000064cd00000|  0%| F|  |TAMS 0x000000064cc00000, 0x000000064cc00000| Untracked 
| 205|0x000000064cd00000, 0x000000064cd00000, 0x000000064ce00000|  0%| F|  |TAMS 0x000000064cd00000, 0x000000064cd00000| Untracked 
| 206|0x000000064ce00000, 0x000000064ce00000, 0x000000064cf00000|  0%| F|  |TAMS 0x000000064ce00000, 0x000000064ce00000| Untracked 
| 207|0x000000064cf00000, 0x000000064cf00000, 0x000000064d000000|  0%| F|  |TAMS 0x000000064cf00000, 0x000000064cf00000| Untracked 
| 208|0x000000064d000000, 0x000000064d000000, 0x000000064d100000|  0%| F|  |TAMS 0x000000064d000000, 0x000000064d000000| Untracked 
| 209|0x000000064d100000, 0x000000064d100000, 0x000000064d200000|  0%| F|  |TAMS 0x000000064d100000, 0x000000064d100000| Untracked 
| 210|0x000000064d200000, 0x000000064d200000, 0x000000064d300000|  0%| F|  |TAMS 0x000000064d200000, 0x000000064d200000| Untracked 
| 211|0x000000064d300000, 0x000000064d300000, 0x000000064d400000|  0%| F|  |TAMS 0x000000064d300000, 0x000000064d300000| Untracked 
| 212|0x000000064d400000, 0x000000064d400000, 0x000000064d500000|  0%| F|  |TAMS 0x000000064d400000, 0x000000064d400000| Untracked 
| 213|0x000000064d500000, 0x000000064d500000, 0x000000064d600000|  0%| F|  |TAMS 0x000000064d500000, 0x000000064d500000| Untracked 
| 214|0x000000064d600000, 0x000000064d600000, 0x000000064d700000|  0%| F|  |TAMS 0x000000064d600000, 0x000000064d600000| Untracked 
| 215|0x000000064d700000, 0x000000064d700000, 0x000000064d800000|  0%| F|  |TAMS 0x000000064d700000, 0x000000064d700000| Untracked 
| 216|0x000000064d800000, 0x000000064d800000, 0x000000064d900000|  0%| F|  |TAMS 0x000000064d800000, 0x000000064d800000| Untracked 
| 217|0x000000064d900000, 0x000000064d900000, 0x000000064da00000|  0%| F|  |TAMS 0x000000064d900000, 0x000000064d900000| Untracked 
| 218|0x000000064da00000, 0x000000064db00000, 0x000000064db00000|100%| S|CS|TAMS 0x000000064da00000, 0x000000064da00000| Complete 
| 219|0x000000064db00000, 0x000000064dc00000, 0x000000064dc00000|100%| S|CS|TAMS 0x000000064db00000, 0x000000064db00000| Complete 
| 220|0x000000064dc00000, 0x000000064dd00000, 0x000000064dd00000|100%| S|CS|TAMS 0x000000064dc00000, 0x000000064dc00000| Complete 
| 221|0x000000064dd00000, 0x000000064de00000, 0x000000064de00000|100%| S|CS|TAMS 0x000000064dd00000, 0x000000064dd00000| Complete 
| 222|0x000000064de00000, 0x000000064df00000, 0x000000064df00000|100%| S|CS|TAMS 0x000000064de00000, 0x000000064de00000| Complete 
| 223|0x000000064df00000, 0x000000064e000000, 0x000000064e000000|100%| S|CS|TAMS 0x000000064df00000, 0x000000064df00000| Complete 
| 224|0x000000064e000000, 0x000000064e100000, 0x000000064e100000|100%| S|CS|TAMS 0x000000064e000000, 0x000000064e000000| Complete 
| 225|0x000000064e100000, 0x000000064e200000, 0x000000064e200000|100%| S|CS|TAMS 0x000000064e100000, 0x000000064e100000| Complete 
| 226|0x000000064e200000, 0x000000064e300000, 0x000000064e300000|100%| S|CS|TAMS 0x000000064e200000, 0x000000064e200000| Complete 
| 227|0x000000064e300000, 0x000000064e400000, 0x000000064e400000|100%| S|CS|TAMS 0x000000064e300000, 0x000000064e300000| Complete 
| 228|0x000000064e400000, 0x000000064e500000, 0x000000064e500000|100%| S|CS|TAMS 0x000000064e400000, 0x000000064e400000| Complete 
| 229|0x000000064e500000, 0x000000064e600000, 0x000000064e600000|100%| S|CS|TAMS 0x000000064e500000, 0x000000064e500000| Complete 
| 230|0x000000064e600000, 0x000000064e700000, 0x000000064e700000|100%| S|CS|TAMS 0x000000064e600000, 0x000000064e600000| Complete 
| 231|0x000000064e700000, 0x000000064e800000, 0x000000064e800000|100%| S|CS|TAMS 0x000000064e700000, 0x000000064e700000| Complete 
| 232|0x000000064e800000, 0x000000064e900000, 0x000000064e900000|100%| S|CS|TAMS 0x000000064e800000, 0x000000064e800000| Complete 
| 233|0x000000064e900000, 0x000000064ea00000, 0x000000064ea00000|100%| S|CS|TAMS 0x000000064e900000, 0x000000064e900000| Complete 
| 234|0x000000064ea00000, 0x000000064eb00000, 0x000000064eb00000|100%| S|CS|TAMS 0x000000064ea00000, 0x000000064ea00000| Complete 
| 235|0x000000064eb00000, 0x000000064ec00000, 0x000000064ec00000|100%| S|CS|TAMS 0x000000064eb00000, 0x000000064eb00000| Complete 
| 236|0x000000064ec00000, 0x000000064ed00000, 0x000000064ed00000|100%| S|CS|TAMS 0x000000064ec00000, 0x000000064ec00000| Complete 
| 237|0x000000064ed00000, 0x000000064ee00000, 0x000000064ee00000|100%| S|CS|TAMS 0x000000064ed00000, 0x000000064ed00000| Complete 
| 238|0x000000064ee00000, 0x000000064ee00000, 0x000000064ef00000|  0%| F|  |TAMS 0x000000064ee00000, 0x000000064ee00000| Untracked 
| 239|0x000000064ef00000, 0x000000064ef00000, 0x000000064f000000|  0%| F|  |TAMS 0x000000064ef00000, 0x000000064ef00000| Untracked 
| 240|0x000000064f000000, 0x000000064f000000, 0x000000064f100000|  0%| F|  |TAMS 0x000000064f000000, 0x000000064f000000| Untracked 
| 241|0x000000064f100000, 0x000000064f100000, 0x000000064f200000|  0%| F|  |TAMS 0x000000064f100000, 0x000000064f100000| Untracked 
| 242|0x000000064f200000, 0x000000064f200000, 0x000000064f300000|  0%| F|  |TAMS 0x000000064f200000, 0x000000064f200000| Untracked 
| 243|0x000000064f300000, 0x000000064f300000, 0x000000064f400000|  0%| F|  |TAMS 0x000000064f300000, 0x000000064f300000| Untracked 
| 244|0x000000064f400000, 0x000000064f400000, 0x000000064f500000|  0%| F|  |TAMS 0x000000064f400000, 0x000000064f400000| Untracked 
| 245|0x000000064f500000, 0x000000064f500000, 0x000000064f600000|  0%| F|  |TAMS 0x000000064f500000, 0x000000064f500000| Untracked 
| 246|0x000000064f600000, 0x000000064f600000, 0x000000064f700000|  0%| F|  |TAMS 0x000000064f600000, 0x000000064f600000| Untracked 
| 247|0x000000064f700000, 0x000000064f700000, 0x000000064f800000|  0%| F|  |TAMS 0x000000064f700000, 0x000000064f700000| Untracked 
| 248|0x000000064f800000, 0x000000064f800000, 0x000000064f900000|  0%| F|  |TAMS 0x000000064f800000, 0x000000064f800000| Untracked 
| 249|0x000000064f900000, 0x000000064f900000, 0x000000064fa00000|  0%| F|  |TAMS 0x000000064f900000, 0x000000064f900000| Untracked 
| 250|0x000000064fa00000, 0x000000064fa00000, 0x000000064fb00000|  0%| F|  |TAMS 0x000000064fa00000, 0x000000064fa00000| Untracked 
| 251|0x000000064fb00000, 0x000000064fb00000, 0x000000064fc00000|  0%| F|  |TAMS 0x000000064fb00000, 0x000000064fb00000| Untracked 
| 252|0x000000064fc00000, 0x000000064fc00000, 0x000000064fd00000|  0%| F|  |TAMS 0x000000064fc00000, 0x000000064fc00000| Untracked 
| 253|0x000000064fd00000, 0x000000064fd00000, 0x000000064fe00000|  0%| F|  |TAMS 0x000000064fd00000, 0x000000064fd00000| Untracked 
| 254|0x000000064fe00000, 0x000000064fe00000, 0x000000064ff00000|  0%| F|  |TAMS 0x000000064fe00000, 0x000000064fe00000| Untracked 
| 255|0x000000064ff00000, 0x000000064ff00000, 0x0000000650000000|  0%| F|  |TAMS 0x000000064ff00000, 0x000000064ff00000| Untracked 
| 256|0x0000000650000000, 0x0000000650000000, 0x0000000650100000|  0%| F|  |TAMS 0x0000000650000000, 0x0000000650000000| Untracked 
| 257|0x0000000650100000, 0x0000000650100000, 0x0000000650200000|  0%| F|  |TAMS 0x0000000650100000, 0x0000000650100000| Untracked 
| 258|0x0000000650200000, 0x0000000650200000, 0x0000000650300000|  0%| F|  |TAMS 0x0000000650200000, 0x0000000650200000| Untracked 
| 259|0x0000000650300000, 0x0000000650300000, 0x0000000650400000|  0%| F|  |TAMS 0x0000000650300000, 0x0000000650300000| Untracked 
| 260|0x0000000650400000, 0x0000000650400000, 0x0000000650500000|  0%| F|  |TAMS 0x0000000650400000, 0x0000000650400000| Untracked 
| 261|0x0000000650500000, 0x0000000650500000, 0x0000000650600000|  0%| F|  |TAMS 0x0000000650500000, 0x0000000650500000| Untracked 
| 262|0x0000000650600000, 0x0000000650600000, 0x0000000650700000|  0%| F|  |TAMS 0x0000000650600000, 0x0000000650600000| Untracked 
| 263|0x0000000650700000, 0x0000000650700000, 0x0000000650800000|  0%| F|  |TAMS 0x0000000650700000, 0x0000000650700000| Untracked 
| 264|0x0000000650800000, 0x0000000650800000, 0x0000000650900000|  0%| F|  |TAMS 0x0000000650800000, 0x0000000650800000| Untracked 
| 265|0x0000000650900000, 0x0000000650900000, 0x0000000650a00000|  0%| F|  |TAMS 0x0000000650900000, 0x0000000650900000| Untracked 
| 266|0x0000000650a00000, 0x0000000650a00000, 0x0000000650b00000|  0%| F|  |TAMS 0x0000000650a00000, 0x0000000650a00000| Untracked 
| 267|0x0000000650b00000, 0x0000000650b00000, 0x0000000650c00000|  0%| F|  |TAMS 0x0000000650b00000, 0x0000000650b00000| Untracked 
| 268|0x0000000650c00000, 0x0000000650c00000, 0x0000000650d00000|  0%| F|  |TAMS 0x0000000650c00000, 0x0000000650c00000| Untracked 
| 269|0x0000000650d00000, 0x0000000650d00000, 0x0000000650e00000|  0%| F|  |TAMS 0x0000000650d00000, 0x0000000650d00000| Untracked 
| 270|0x0000000650e00000, 0x0000000650e00000, 0x0000000650f00000|  0%| F|  |TAMS 0x0000000650e00000, 0x0000000650e00000| Untracked 
| 271|0x0000000650f00000, 0x0000000650f00000, 0x0000000651000000|  0%| F|  |TAMS 0x0000000650f00000, 0x0000000650f00000| Untracked 
| 272|0x0000000651000000, 0x0000000651000000, 0x0000000651100000|  0%| F|  |TAMS 0x0000000651000000, 0x0000000651000000| Untracked 
| 273|0x0000000651100000, 0x0000000651100000, 0x0000000651200000|  0%| F|  |TAMS 0x0000000651100000, 0x0000000651100000| Untracked 
| 274|0x0000000651200000, 0x0000000651200000, 0x0000000651300000|  0%| F|  |TAMS 0x0000000651200000, 0x0000000651200000| Untracked 
| 275|0x0000000651300000, 0x0000000651300000, 0x0000000651400000|  0%| F|  |TAMS 0x0000000651300000, 0x0000000651300000| Untracked 
| 276|0x0000000651400000, 0x0000000651400000, 0x0000000651500000|  0%| F|  |TAMS 0x0000000651400000, 0x0000000651400000| Untracked 
| 277|0x0000000651500000, 0x0000000651500000, 0x0000000651600000|  0%| F|  |TAMS 0x0000000651500000, 0x0000000651500000| Untracked 
| 278|0x0000000651600000, 0x0000000651600000, 0x0000000651700000|  0%| F|  |TAMS 0x0000000651600000, 0x0000000651600000| Untracked 
| 279|0x0000000651700000, 0x0000000651700000, 0x0000000651800000|  0%| F|  |TAMS 0x0000000651700000, 0x0000000651700000| Untracked 
| 280|0x0000000651800000, 0x0000000651800000, 0x0000000651900000|  0%| F|  |TAMS 0x0000000651800000, 0x0000000651800000| Untracked 
| 281|0x0000000651900000, 0x0000000651900000, 0x0000000651a00000|  0%| F|  |TAMS 0x0000000651900000, 0x0000000651900000| Untracked 
| 282|0x0000000651a00000, 0x0000000651a00000, 0x0000000651b00000|  0%| F|  |TAMS 0x0000000651a00000, 0x0000000651a00000| Untracked 
| 283|0x0000000651b00000, 0x0000000651b00000, 0x0000000651c00000|  0%| F|  |TAMS 0x0000000651b00000, 0x0000000651b00000| Untracked 
| 284|0x0000000651c00000, 0x0000000651c00000, 0x0000000651d00000|  0%| F|  |TAMS 0x0000000651c00000, 0x0000000651c00000| Untracked 
| 285|0x0000000651d00000, 0x0000000651d00000, 0x0000000651e00000|  0%| F|  |TAMS 0x0000000651d00000, 0x0000000651d00000| Untracked 
| 286|0x0000000651e00000, 0x0000000651e00000, 0x0000000651f00000|  0%| F|  |TAMS 0x0000000651e00000, 0x0000000651e00000| Untracked 
| 287|0x0000000651f00000, 0x0000000651f00000, 0x0000000652000000|  0%| F|  |TAMS 0x0000000651f00000, 0x0000000651f00000| Untracked 
| 288|0x0000000652000000, 0x0000000652000000, 0x0000000652100000|  0%| F|  |TAMS 0x0000000652000000, 0x0000000652000000| Untracked 
| 289|0x0000000652100000, 0x0000000652100000, 0x0000000652200000|  0%| F|  |TAMS 0x0000000652100000, 0x0000000652100000| Untracked 
| 290|0x0000000652200000, 0x0000000652200000, 0x0000000652300000|  0%| F|  |TAMS 0x0000000652200000, 0x0000000652200000| Untracked 
| 291|0x0000000652300000, 0x0000000652300000, 0x0000000652400000|  0%| F|  |TAMS 0x0000000652300000, 0x0000000652300000| Untracked 
| 292|0x0000000652400000, 0x0000000652400000, 0x0000000652500000|  0%| F|  |TAMS 0x0000000652400000, 0x0000000652400000| Untracked 
| 293|0x0000000652500000, 0x0000000652500000, 0x0000000652600000|  0%| F|  |TAMS 0x0000000652500000, 0x0000000652500000| Untracked 
| 294|0x0000000652600000, 0x0000000652600000, 0x0000000652700000|  0%| F|  |TAMS 0x0000000652600000, 0x0000000652600000| Untracked 
| 295|0x0000000652700000, 0x0000000652700000, 0x0000000652800000|  0%| F|  |TAMS 0x0000000652700000, 0x0000000652700000| Untracked 
| 296|0x0000000652800000, 0x0000000652800000, 0x0000000652900000|  0%| F|  |TAMS 0x0000000652800000, 0x0000000652800000| Untracked 
| 297|0x0000000652900000, 0x0000000652900000, 0x0000000652a00000|  0%| F|  |TAMS 0x0000000652900000, 0x0000000652900000| Untracked 
| 298|0x0000000652a00000, 0x0000000652a00000, 0x0000000652b00000|  0%| F|  |TAMS 0x0000000652a00000, 0x0000000652a00000| Untracked 
| 299|0x0000000652b00000, 0x0000000652b00000, 0x0000000652c00000|  0%| F|  |TAMS 0x0000000652b00000, 0x0000000652b00000| Untracked 
| 300|0x0000000652c00000, 0x0000000652c00000, 0x0000000652d00000|  0%| F|  |TAMS 0x0000000652c00000, 0x0000000652c00000| Untracked 
| 301|0x0000000652d00000, 0x0000000652d00000, 0x0000000652e00000|  0%| F|  |TAMS 0x0000000652d00000, 0x0000000652d00000| Untracked 
| 302|0x0000000652e00000, 0x0000000652e00000, 0x0000000652f00000|  0%| F|  |TAMS 0x0000000652e00000, 0x0000000652e00000| Untracked 
| 303|0x0000000652f00000, 0x0000000652f00000, 0x0000000653000000|  0%| F|  |TAMS 0x0000000652f00000, 0x0000000652f00000| Untracked 
| 304|0x0000000653000000, 0x0000000653000000, 0x0000000653100000|  0%| F|  |TAMS 0x0000000653000000, 0x0000000653000000| Untracked 
| 305|0x0000000653100000, 0x0000000653100000, 0x0000000653200000|  0%| F|  |TAMS 0x0000000653100000, 0x0000000653100000| Untracked 
| 306|0x0000000653200000, 0x0000000653200000, 0x0000000653300000|  0%| F|  |TAMS 0x0000000653200000, 0x0000000653200000| Untracked 
| 307|0x0000000653300000, 0x0000000653300000, 0x0000000653400000|  0%| F|  |TAMS 0x0000000653300000, 0x0000000653300000| Untracked 
| 308|0x0000000653400000, 0x0000000653400000, 0x0000000653500000|  0%| F|  |TAMS 0x0000000653400000, 0x0000000653400000| Untracked 
| 309|0x0000000653500000, 0x0000000653500000, 0x0000000653600000|  0%| F|  |TAMS 0x0000000653500000, 0x0000000653500000| Untracked 
| 310|0x0000000653600000, 0x0000000653600000, 0x0000000653700000|  0%| F|  |TAMS 0x0000000653600000, 0x0000000653600000| Untracked 
| 311|0x0000000653700000, 0x0000000653700000, 0x0000000653800000|  0%| F|  |TAMS 0x0000000653700000, 0x0000000653700000| Untracked 
| 312|0x0000000653800000, 0x0000000653800000, 0x0000000653900000|  0%| F|  |TAMS 0x0000000653800000, 0x0000000653800000| Untracked 
| 313|0x0000000653900000, 0x0000000653900000, 0x0000000653a00000|  0%| F|  |TAMS 0x0000000653900000, 0x0000000653900000| Untracked 
| 314|0x0000000653a00000, 0x0000000653a00000, 0x0000000653b00000|  0%| F|  |TAMS 0x0000000653a00000, 0x0000000653a00000| Untracked 
| 315|0x0000000653b00000, 0x0000000653b00000, 0x0000000653c00000|  0%| F|  |TAMS 0x0000000653b00000, 0x0000000653b00000| Untracked 
| 316|0x0000000653c00000, 0x0000000653c00000, 0x0000000653d00000|  0%| F|  |TAMS 0x0000000653c00000, 0x0000000653c00000| Untracked 
| 317|0x0000000653d00000, 0x0000000653d00000, 0x0000000653e00000|  0%| F|  |TAMS 0x0000000653d00000, 0x0000000653d00000| Untracked 
| 318|0x0000000653e00000, 0x0000000653e00000, 0x0000000653f00000|  0%| F|  |TAMS 0x0000000653e00000, 0x0000000653e00000| Untracked 
| 319|0x0000000653f00000, 0x0000000653f00000, 0x0000000654000000|  0%| F|  |TAMS 0x0000000653f00000, 0x0000000653f00000| Untracked 
| 320|0x0000000654000000, 0x0000000654000000, 0x0000000654100000|  0%| F|  |TAMS 0x0000000654000000, 0x0000000654000000| Untracked 
| 321|0x0000000654100000, 0x0000000654100000, 0x0000000654200000|  0%| F|  |TAMS 0x0000000654100000, 0x0000000654100000| Untracked 
| 322|0x0000000654200000, 0x0000000654200000, 0x0000000654300000|  0%| F|  |TAMS 0x0000000654200000, 0x0000000654200000| Untracked 
| 323|0x0000000654300000, 0x0000000654300000, 0x0000000654400000|  0%| F|  |TAMS 0x0000000654300000, 0x0000000654300000| Untracked 
| 324|0x0000000654400000, 0x0000000654400000, 0x0000000654500000|  0%| F|  |TAMS 0x0000000654400000, 0x0000000654400000| Untracked 
| 325|0x0000000654500000, 0x0000000654500000, 0x0000000654600000|  0%| F|  |TAMS 0x0000000654500000, 0x0000000654500000| Untracked 
| 326|0x0000000654600000, 0x0000000654600000, 0x0000000654700000|  0%| F|  |TAMS 0x0000000654600000, 0x0000000654600000| Untracked 
| 327|0x0000000654700000, 0x0000000654700000, 0x0000000654800000|  0%| F|  |TAMS 0x0000000654700000, 0x0000000654700000| Untracked 
| 328|0x0000000654800000, 0x0000000654800000, 0x0000000654900000|  0%| F|  |TAMS 0x0000000654800000, 0x0000000654800000| Untracked 
| 329|0x0000000654900000, 0x0000000654900000, 0x0000000654a00000|  0%| F|  |TAMS 0x0000000654900000, 0x0000000654900000| Untracked 
| 330|0x0000000654a00000, 0x0000000654a00000, 0x0000000654b00000|  0%| F|  |TAMS 0x0000000654a00000, 0x0000000654a00000| Untracked 
| 331|0x0000000654b00000, 0x0000000654b00000, 0x0000000654c00000|  0%| F|  |TAMS 0x0000000654b00000, 0x0000000654b00000| Untracked 
| 332|0x0000000654c00000, 0x0000000654c00000, 0x0000000654d00000|  0%| F|  |TAMS 0x0000000654c00000, 0x0000000654c00000| Untracked 
| 333|0x0000000654d00000, 0x0000000654d00000, 0x0000000654e00000|  0%| F|  |TAMS 0x0000000654d00000, 0x0000000654d00000| Untracked 
| 334|0x0000000654e00000, 0x0000000654e00000, 0x0000000654f00000|  0%| F|  |TAMS 0x0000000654e00000, 0x0000000654e00000| Untracked 
| 335|0x0000000654f00000, 0x0000000654f00000, 0x0000000655000000|  0%| F|  |TAMS 0x0000000654f00000, 0x0000000654f00000| Untracked 
| 336|0x0000000655000000, 0x0000000655000000, 0x0000000655100000|  0%| F|  |TAMS 0x0000000655000000, 0x0000000655000000| Untracked 
| 337|0x0000000655100000, 0x0000000655100000, 0x0000000655200000|  0%| F|  |TAMS 0x0000000655100000, 0x0000000655100000| Untracked 
| 338|0x0000000655200000, 0x0000000655200000, 0x0000000655300000|  0%| F|  |TAMS 0x0000000655200000, 0x0000000655200000| Untracked 
| 339|0x0000000655300000, 0x0000000655300000, 0x0000000655400000|  0%| F|  |TAMS 0x0000000655300000, 0x0000000655300000| Untracked 
| 340|0x0000000655400000, 0x0000000655400000, 0x0000000655500000|  0%| F|  |TAMS 0x0000000655400000, 0x0000000655400000| Untracked 
| 341|0x0000000655500000, 0x0000000655500000, 0x0000000655600000|  0%| F|  |TAMS 0x0000000655500000, 0x0000000655500000| Untracked 
| 342|0x0000000655600000, 0x0000000655600000, 0x0000000655700000|  0%| F|  |TAMS 0x0000000655600000, 0x0000000655600000| Untracked 
| 343|0x0000000655700000, 0x0000000655700000, 0x0000000655800000|  0%| F|  |TAMS 0x0000000655700000, 0x0000000655700000| Untracked 
| 344|0x0000000655800000, 0x0000000655800000, 0x0000000655900000|  0%| F|  |TAMS 0x0000000655800000, 0x0000000655800000| Untracked 
| 345|0x0000000655900000, 0x0000000655900000, 0x0000000655a00000|  0%| F|  |TAMS 0x0000000655900000, 0x0000000655900000| Untracked 
| 346|0x0000000655a00000, 0x0000000655a00000, 0x0000000655b00000|  0%| F|  |TAMS 0x0000000655a00000, 0x0000000655a00000| Untracked 
| 347|0x0000000655b00000, 0x0000000655b00000, 0x0000000655c00000|  0%| F|  |TAMS 0x0000000655b00000, 0x0000000655b00000| Untracked 
| 348|0x0000000655c00000, 0x0000000655c00000, 0x0000000655d00000|  0%| F|  |TAMS 0x0000000655c00000, 0x0000000655c00000| Untracked 
| 349|0x0000000655d00000, 0x0000000655d00000, 0x0000000655e00000|  0%| F|  |TAMS 0x0000000655d00000, 0x0000000655d00000| Untracked 
| 350|0x0000000655e00000, 0x0000000655e00000, 0x0000000655f00000|  0%| F|  |TAMS 0x0000000655e00000, 0x0000000655e00000| Untracked 
| 351|0x0000000655f00000, 0x0000000655f00000, 0x0000000656000000|  0%| F|  |TAMS 0x0000000655f00000, 0x0000000655f00000| Untracked 
| 352|0x0000000656000000, 0x0000000656000000, 0x0000000656100000|  0%| F|  |TAMS 0x0000000656000000, 0x0000000656000000| Untracked 
| 353|0x0000000656100000, 0x0000000656100000, 0x0000000656200000|  0%| F|  |TAMS 0x0000000656100000, 0x0000000656100000| Untracked 
| 354|0x0000000656200000, 0x0000000656200000, 0x0000000656300000|  0%| F|  |TAMS 0x0000000656200000, 0x0000000656200000| Untracked 
| 355|0x0000000656300000, 0x0000000656300000, 0x0000000656400000|  0%| F|  |TAMS 0x0000000656300000, 0x0000000656300000| Untracked 
| 356|0x0000000656400000, 0x0000000656400000, 0x0000000656500000|  0%| F|  |TAMS 0x0000000656400000, 0x0000000656400000| Untracked 
| 357|0x0000000656500000, 0x0000000656500000, 0x0000000656600000|  0%| F|  |TAMS 0x0000000656500000, 0x0000000656500000| Untracked 
| 358|0x0000000656600000, 0x0000000656600000, 0x0000000656700000|  0%| F|  |TAMS 0x0000000656600000, 0x0000000656600000| Untracked 
| 359|0x0000000656700000, 0x0000000656700000, 0x0000000656800000|  0%| F|  |TAMS 0x0000000656700000, 0x0000000656700000| Untracked 
| 360|0x0000000656800000, 0x0000000656800000, 0x0000000656900000|  0%| F|  |TAMS 0x0000000656800000, 0x0000000656800000| Untracked 
| 361|0x0000000656900000, 0x0000000656900000, 0x0000000656a00000|  0%| F|  |TAMS 0x0000000656900000, 0x0000000656900000| Untracked 
| 362|0x0000000656a00000, 0x0000000656a00000, 0x0000000656b00000|  0%| F|  |TAMS 0x0000000656a00000, 0x0000000656a00000| Untracked 
| 363|0x0000000656b00000, 0x0000000656b00000, 0x0000000656c00000|  0%| F|  |TAMS 0x0000000656b00000, 0x0000000656b00000| Untracked 
| 364|0x0000000656c00000, 0x0000000656c00000, 0x0000000656d00000|  0%| F|  |TAMS 0x0000000656c00000, 0x0000000656c00000| Untracked 
| 365|0x0000000656d00000, 0x0000000656d00000, 0x0000000656e00000|  0%| F|  |TAMS 0x0000000656d00000, 0x0000000656d00000| Untracked 
| 366|0x0000000656e00000, 0x0000000656e00000, 0x0000000656f00000|  0%| F|  |TAMS 0x0000000656e00000, 0x0000000656e00000| Untracked 
| 367|0x0000000656f00000, 0x0000000656f00000, 0x0000000657000000|  0%| F|  |TAMS 0x0000000656f00000, 0x0000000656f00000| Untracked 
| 368|0x0000000657000000, 0x0000000657000000, 0x0000000657100000|  0%| F|  |TAMS 0x0000000657000000, 0x0000000657000000| Untracked 
| 369|0x0000000657100000, 0x0000000657100000, 0x0000000657200000|  0%| F|  |TAMS 0x0000000657100000, 0x0000000657100000| Untracked 
| 370|0x0000000657200000, 0x0000000657200000, 0x0000000657300000|  0%| F|  |TAMS 0x0000000657200000, 0x0000000657200000| Untracked 
| 371|0x0000000657300000, 0x0000000657300000, 0x0000000657400000|  0%| F|  |TAMS 0x0000000657300000, 0x0000000657300000| Untracked 
| 372|0x0000000657400000, 0x0000000657400000, 0x0000000657500000|  0%| F|  |TAMS 0x0000000657400000, 0x0000000657400000| Untracked 
| 373|0x0000000657500000, 0x0000000657500000, 0x0000000657600000|  0%| F|  |TAMS 0x0000000657500000, 0x0000000657500000| Untracked 
| 374|0x0000000657600000, 0x0000000657600000, 0x0000000657700000|  0%| F|  |TAMS 0x0000000657600000, 0x0000000657600000| Untracked 
| 375|0x0000000657700000, 0x0000000657700000, 0x0000000657800000|  0%| F|  |TAMS 0x0000000657700000, 0x0000000657700000| Untracked 
| 376|0x0000000657800000, 0x0000000657800000, 0x0000000657900000|  0%| F|  |TAMS 0x0000000657800000, 0x0000000657800000| Untracked 
| 377|0x0000000657900000, 0x0000000657900000, 0x0000000657a00000|  0%| F|  |TAMS 0x0000000657900000, 0x0000000657900000| Untracked 
| 378|0x0000000657a00000, 0x0000000657a00000, 0x0000000657b00000|  0%| F|  |TAMS 0x0000000657a00000, 0x0000000657a00000| Untracked 
| 379|0x0000000657b00000, 0x0000000657b00000, 0x0000000657c00000|  0%| F|  |TAMS 0x0000000657b00000, 0x0000000657b00000| Untracked 
| 380|0x0000000657c00000, 0x0000000657c00000, 0x0000000657d00000|  0%| F|  |TAMS 0x0000000657c00000, 0x0000000657c00000| Untracked 
| 381|0x0000000657d00000, 0x0000000657d00000, 0x0000000657e00000|  0%| F|  |TAMS 0x0000000657d00000, 0x0000000657d00000| Untracked 
| 382|0x0000000657e00000, 0x0000000657e00000, 0x0000000657f00000|  0%| F|  |TAMS 0x0000000657e00000, 0x0000000657e00000| Untracked 
| 383|0x0000000657f00000, 0x0000000657f00000, 0x0000000658000000|  0%| F|  |TAMS 0x0000000657f00000, 0x0000000657f00000| Untracked 
| 384|0x0000000658000000, 0x0000000658000000, 0x0000000658100000|  0%| F|  |TAMS 0x0000000658000000, 0x0000000658000000| Untracked 
| 385|0x0000000658100000, 0x0000000658100000, 0x0000000658200000|  0%| F|  |TAMS 0x0000000658100000, 0x0000000658100000| Untracked 
| 386|0x0000000658200000, 0x0000000658200000, 0x0000000658300000|  0%| F|  |TAMS 0x0000000658200000, 0x0000000658200000| Untracked 
| 387|0x0000000658300000, 0x0000000658300000, 0x0000000658400000|  0%| F|  |TAMS 0x0000000658300000, 0x0000000658300000| Untracked 
| 388|0x0000000658400000, 0x0000000658400000, 0x0000000658500000|  0%| F|  |TAMS 0x0000000658400000, 0x0000000658400000| Untracked 
| 389|0x0000000658500000, 0x0000000658500000, 0x0000000658600000|  0%| F|  |TAMS 0x0000000658500000, 0x0000000658500000| Untracked 
| 390|0x0000000658600000, 0x0000000658600000, 0x0000000658700000|  0%| F|  |TAMS 0x0000000658600000, 0x0000000658600000| Untracked 
| 391|0x0000000658700000, 0x0000000658700000, 0x0000000658800000|  0%| F|  |TAMS 0x0000000658700000, 0x0000000658700000| Untracked 
| 392|0x0000000658800000, 0x0000000658800000, 0x0000000658900000|  0%| F|  |TAMS 0x0000000658800000, 0x0000000658800000| Untracked 
| 393|0x0000000658900000, 0x0000000658900000, 0x0000000658a00000|  0%| F|  |TAMS 0x0000000658900000, 0x0000000658900000| Untracked 
| 394|0x0000000658a00000, 0x0000000658a00000, 0x0000000658b00000|  0%| F|  |TAMS 0x0000000658a00000, 0x0000000658a00000| Untracked 
| 395|0x0000000658b00000, 0x0000000658b00000, 0x0000000658c00000|  0%| F|  |TAMS 0x0000000658b00000, 0x0000000658b00000| Untracked 
| 396|0x0000000658c00000, 0x0000000658c00000, 0x0000000658d00000|  0%| F|  |TAMS 0x0000000658c00000, 0x0000000658c00000| Untracked 
| 397|0x0000000658d00000, 0x0000000658d00000, 0x0000000658e00000|  0%| F|  |TAMS 0x0000000658d00000, 0x0000000658d00000| Untracked 
| 398|0x0000000658e00000, 0x0000000658e00000, 0x0000000658f00000|  0%| F|  |TAMS 0x0000000658e00000, 0x0000000658e00000| Untracked 
| 399|0x0000000658f00000, 0x0000000658f00000, 0x0000000659000000|  0%| F|  |TAMS 0x0000000658f00000, 0x0000000658f00000| Untracked 
| 400|0x0000000659000000, 0x0000000659000000, 0x0000000659100000|  0%| F|  |TAMS 0x0000000659000000, 0x0000000659000000| Untracked 
| 401|0x0000000659100000, 0x0000000659100000, 0x0000000659200000|  0%| F|  |TAMS 0x0000000659100000, 0x0000000659100000| Untracked 
| 402|0x0000000659200000, 0x0000000659200000, 0x0000000659300000|  0%| F|  |TAMS 0x0000000659200000, 0x0000000659200000| Untracked 
| 403|0x0000000659300000, 0x0000000659300000, 0x0000000659400000|  0%| F|  |TAMS 0x0000000659300000, 0x0000000659300000| Untracked 
| 404|0x0000000659400000, 0x0000000659400000, 0x0000000659500000|  0%| F|  |TAMS 0x0000000659400000, 0x0000000659400000| Untracked 
| 405|0x0000000659500000, 0x0000000659500000, 0x0000000659600000|  0%| F|  |TAMS 0x0000000659500000, 0x0000000659500000| Untracked 
| 406|0x0000000659600000, 0x0000000659600000, 0x0000000659700000|  0%| F|  |TAMS 0x0000000659600000, 0x0000000659600000| Untracked 
| 407|0x0000000659700000, 0x0000000659700000, 0x0000000659800000|  0%| F|  |TAMS 0x0000000659700000, 0x0000000659700000| Untracked 
| 408|0x0000000659800000, 0x0000000659800000, 0x0000000659900000|  0%| F|  |TAMS 0x0000000659800000, 0x0000000659800000| Untracked 
| 409|0x0000000659900000, 0x0000000659900000, 0x0000000659a00000|  0%| F|  |TAMS 0x0000000659900000, 0x0000000659900000| Untracked 
| 410|0x0000000659a00000, 0x0000000659a00000, 0x0000000659b00000|  0%| F|  |TAMS 0x0000000659a00000, 0x0000000659a00000| Untracked 
| 411|0x0000000659b00000, 0x0000000659b00000, 0x0000000659c00000|  0%| F|  |TAMS 0x0000000659b00000, 0x0000000659b00000| Untracked 
| 412|0x0000000659c00000, 0x0000000659c00000, 0x0000000659d00000|  0%| F|  |TAMS 0x0000000659c00000, 0x0000000659c00000| Untracked 
| 413|0x0000000659d00000, 0x0000000659d00000, 0x0000000659e00000|  0%| F|  |TAMS 0x0000000659d00000, 0x0000000659d00000| Untracked 
| 414|0x0000000659e00000, 0x0000000659e00000, 0x0000000659f00000|  0%| F|  |TAMS 0x0000000659e00000, 0x0000000659e00000| Untracked 
| 415|0x0000000659f00000, 0x0000000659f00000, 0x000000065a000000|  0%| F|  |TAMS 0x0000000659f00000, 0x0000000659f00000| Untracked 
| 416|0x000000065a000000, 0x000000065a000000, 0x000000065a100000|  0%| F|  |TAMS 0x000000065a000000, 0x000000065a000000| Untracked 
| 417|0x000000065a100000, 0x000000065a100000, 0x000000065a200000|  0%| F|  |TAMS 0x000000065a100000, 0x000000065a100000| Untracked 
| 418|0x000000065a200000, 0x000000065a200000, 0x000000065a300000|  0%| F|  |TAMS 0x000000065a200000, 0x000000065a200000| Untracked 
| 419|0x000000065a300000, 0x000000065a300000, 0x000000065a400000|  0%| F|  |TAMS 0x000000065a300000, 0x000000065a300000| Untracked 
| 420|0x000000065a400000, 0x000000065a400000, 0x000000065a500000|  0%| F|  |TAMS 0x000000065a400000, 0x000000065a400000| Untracked 
| 421|0x000000065a500000, 0x000000065a500000, 0x000000065a600000|  0%| F|  |TAMS 0x000000065a500000, 0x000000065a500000| Untracked 
| 422|0x000000065a600000, 0x000000065a600000, 0x000000065a700000|  0%| F|  |TAMS 0x000000065a600000, 0x000000065a600000| Untracked 
| 423|0x000000065a700000, 0x000000065a700000, 0x000000065a800000|  0%| F|  |TAMS 0x000000065a700000, 0x000000065a700000| Untracked 
| 424|0x000000065a800000, 0x000000065a800000, 0x000000065a900000|  0%| F|  |TAMS 0x000000065a800000, 0x000000065a800000| Untracked 
| 425|0x000000065a900000, 0x000000065a900000, 0x000000065aa00000|  0%| F|  |TAMS 0x000000065a900000, 0x000000065a900000| Untracked 
| 426|0x000000065aa00000, 0x000000065aa00000, 0x000000065ab00000|  0%| F|  |TAMS 0x000000065aa00000, 0x000000065aa00000| Untracked 
| 427|0x000000065ab00000, 0x000000065ab00000, 0x000000065ac00000|  0%| F|  |TAMS 0x000000065ab00000, 0x000000065ab00000| Untracked 
| 428|0x000000065ac00000, 0x000000065ac00000, 0x000000065ad00000|  0%| F|  |TAMS 0x000000065ac00000, 0x000000065ac00000| Untracked 
| 429|0x000000065ad00000, 0x000000065ad80800, 0x000000065ae00000| 50%| E|  |TAMS 0x000000065ad00000, 0x000000065ad00000| Complete 
| 430|0x000000065ae00000, 0x000000065af00000, 0x000000065af00000|100%| E|CS|TAMS 0x000000065ae00000, 0x000000065ae00000| Complete 
| 431|0x000000065af00000, 0x000000065b000000, 0x000000065b000000|100%| E|CS|TAMS 0x000000065af00000, 0x000000065af00000| Complete 
| 432|0x000000065b000000, 0x000000065b100000, 0x000000065b100000|100%| E|CS|TAMS 0x000000065b000000, 0x000000065b000000| Complete 
| 433|0x000000065b100000, 0x000000065b200000, 0x000000065b200000|100%| E|CS|TAMS 0x000000065b100000, 0x000000065b100000| Complete 
| 434|0x000000065b200000, 0x000000065b300000, 0x000000065b300000|100%| E|CS|TAMS 0x000000065b200000, 0x000000065b200000| Complete 
| 435|0x000000065b300000, 0x000000065b400000, 0x000000065b400000|100%| E|CS|TAMS 0x000000065b300000, 0x000000065b300000| Complete 
| 436|0x000000065b400000, 0x000000065b500000, 0x000000065b500000|100%| E|CS|TAMS 0x000000065b400000, 0x000000065b400000| Complete 
| 437|0x000000065b500000, 0x000000065b600000, 0x000000065b600000|100%| E|CS|TAMS 0x000000065b500000, 0x000000065b500000| Complete 
| 438|0x000000065b600000, 0x000000065b700000, 0x000000065b700000|100%| E|CS|TAMS 0x000000065b600000, 0x000000065b600000| Complete 
| 439|0x000000065b700000, 0x000000065b800000, 0x000000065b800000|100%| E|CS|TAMS 0x000000065b700000, 0x000000065b700000| Complete 
| 440|0x000000065b800000, 0x000000065b900000, 0x000000065b900000|100%| E|CS|TAMS 0x000000065b800000, 0x000000065b800000| Complete 
| 441|0x000000065b900000, 0x000000065ba00000, 0x000000065ba00000|100%| E|CS|TAMS 0x000000065b900000, 0x000000065b900000| Complete 
| 442|0x000000065ba00000, 0x000000065bb00000, 0x000000065bb00000|100%| E|CS|TAMS 0x000000065ba00000, 0x000000065ba00000| Complete 
| 443|0x000000065bb00000, 0x000000065bc00000, 0x000000065bc00000|100%| E|CS|TAMS 0x000000065bb00000, 0x000000065bb00000| Complete 
| 444|0x000000065bc00000, 0x000000065bd00000, 0x000000065bd00000|100%| E|CS|TAMS 0x000000065bc00000, 0x000000065bc00000| Complete 
| 445|0x000000065bd00000, 0x000000065be00000, 0x000000065be00000|100%| E|CS|TAMS 0x000000065bd00000, 0x000000065bd00000| Complete 
| 446|0x000000065be00000, 0x000000065bf00000, 0x000000065bf00000|100%| E|CS|TAMS 0x000000065be00000, 0x000000065be00000| Complete 
| 447|0x000000065bf00000, 0x000000065c000000, 0x000000065c000000|100%| E|CS|TAMS 0x000000065bf00000, 0x000000065bf00000| Complete 
| 448|0x000000065c000000, 0x000000065c100000, 0x000000065c100000|100%| E|CS|TAMS 0x000000065c000000, 0x000000065c000000| Complete 
| 449|0x000000065c100000, 0x000000065c200000, 0x000000065c200000|100%| E|CS|TAMS 0x000000065c100000, 0x000000065c100000| Complete 
| 450|0x000000065c200000, 0x000000065c300000, 0x000000065c300000|100%| E|CS|TAMS 0x000000065c200000, 0x000000065c200000| Complete 
| 451|0x000000065c300000, 0x000000065c400000, 0x000000065c400000|100%| E|CS|TAMS 0x000000065c300000, 0x000000065c300000| Complete 
| 452|0x000000065c400000, 0x000000065c500000, 0x000000065c500000|100%| E|CS|TAMS 0x000000065c400000, 0x000000065c400000| Complete 
| 453|0x000000065c500000, 0x000000065c600000, 0x000000065c600000|100%| E|CS|TAMS 0x000000065c500000, 0x000000065c500000| Complete 
| 454|0x000000065c600000, 0x000000065c700000, 0x000000065c700000|100%| E|CS|TAMS 0x000000065c600000, 0x000000065c600000| Complete 
| 455|0x000000065c700000, 0x000000065c800000, 0x000000065c800000|100%| E|CS|TAMS 0x000000065c700000, 0x000000065c700000| Complete 
| 456|0x000000065c800000, 0x000000065c900000, 0x000000065c900000|100%| E|CS|TAMS 0x000000065c800000, 0x000000065c800000| Complete 
| 457|0x000000065c900000, 0x000000065ca00000, 0x000000065ca00000|100%| E|CS|TAMS 0x000000065c900000, 0x000000065c900000| Complete 
| 458|0x000000065ca00000, 0x000000065cb00000, 0x000000065cb00000|100%| E|CS|TAMS 0x000000065ca00000, 0x000000065ca00000| Complete 
| 459|0x000000065cb00000, 0x000000065cc00000, 0x000000065cc00000|100%| E|CS|TAMS 0x000000065cb00000, 0x000000065cb00000| Complete 
| 460|0x000000065cc00000, 0x000000065cd00000, 0x000000065cd00000|100%| E|CS|TAMS 0x000000065cc00000, 0x000000065cc00000| Complete 
| 461|0x000000065cd00000, 0x000000065ce00000, 0x000000065ce00000|100%| E|CS|TAMS 0x000000065cd00000, 0x000000065cd00000| Complete 
| 462|0x000000065ce00000, 0x000000065cf00000, 0x000000065cf00000|100%| E|CS|TAMS 0x000000065ce00000, 0x000000065ce00000| Complete 
| 463|0x000000065cf00000, 0x000000065d000000, 0x000000065d000000|100%| E|CS|TAMS 0x000000065cf00000, 0x000000065cf00000| Complete 
| 464|0x000000065d000000, 0x000000065d100000, 0x000000065d100000|100%| E|CS|TAMS 0x000000065d000000, 0x000000065d000000| Complete 
| 465|0x000000065d100000, 0x000000065d200000, 0x000000065d200000|100%| E|CS|TAMS 0x000000065d100000, 0x000000065d100000| Complete 
| 466|0x000000065d200000, 0x000000065d300000, 0x000000065d300000|100%| E|CS|TAMS 0x000000065d200000, 0x000000065d200000| Complete 
| 467|0x000000065d300000, 0x000000065d400000, 0x000000065d400000|100%| E|CS|TAMS 0x000000065d300000, 0x000000065d300000| Complete 
| 468|0x000000065d400000, 0x000000065d500000, 0x000000065d500000|100%| E|CS|TAMS 0x000000065d400000, 0x000000065d400000| Complete 
| 469|0x000000065d500000, 0x000000065d600000, 0x000000065d600000|100%| E|CS|TAMS 0x000000065d500000, 0x000000065d500000| Complete 
| 470|0x000000065d600000, 0x000000065d700000, 0x000000065d700000|100%| E|CS|TAMS 0x000000065d600000, 0x000000065d600000| Complete 
| 471|0x000000065d700000, 0x000000065d800000, 0x000000065d800000|100%| E|CS|TAMS 0x000000065d700000, 0x000000065d700000| Complete 
| 472|0x000000065d800000, 0x000000065d900000, 0x000000065d900000|100%| E|CS|TAMS 0x000000065d800000, 0x000000065d800000| Complete 
| 473|0x000000065d900000, 0x000000065da00000, 0x000000065da00000|100%| E|CS|TAMS 0x000000065d900000, 0x000000065d900000| Complete 
| 474|0x000000065da00000, 0x000000065db00000, 0x000000065db00000|100%| E|CS|TAMS 0x000000065da00000, 0x000000065da00000| Complete 
| 475|0x000000065db00000, 0x000000065dc00000, 0x000000065dc00000|100%| E|CS|TAMS 0x000000065db00000, 0x000000065db00000| Complete 
| 476|0x000000065dc00000, 0x000000065dd00000, 0x000000065dd00000|100%| E|CS|TAMS 0x000000065dc00000, 0x000000065dc00000| Complete 
| 477|0x000000065dd00000, 0x000000065de00000, 0x000000065de00000|100%| E|CS|TAMS 0x000000065dd00000, 0x000000065dd00000| Complete 
| 478|0x000000065de00000, 0x000000065df00000, 0x000000065df00000|100%| E|CS|TAMS 0x000000065de00000, 0x000000065de00000| Complete 
| 479|0x000000065df00000, 0x000000065e000000, 0x000000065e000000|100%| E|CS|TAMS 0x000000065df00000, 0x000000065df00000| Complete 
| 480|0x000000065e000000, 0x000000065e100000, 0x000000065e100000|100%| E|CS|TAMS 0x000000065e000000, 0x000000065e000000| Complete 
| 481|0x000000065e100000, 0x000000065e200000, 0x000000065e200000|100%| E|CS|TAMS 0x000000065e100000, 0x000000065e100000| Complete 
| 482|0x000000065e200000, 0x000000065e300000, 0x000000065e300000|100%| E|CS|TAMS 0x000000065e200000, 0x000000065e200000| Complete 
| 483|0x000000065e300000, 0x000000065e400000, 0x000000065e400000|100%| E|CS|TAMS 0x000000065e300000, 0x000000065e300000| Complete 
| 484|0x000000065e400000, 0x000000065e500000, 0x000000065e500000|100%| E|CS|TAMS 0x000000065e400000, 0x000000065e400000| Complete 
| 485|0x000000065e500000, 0x000000065e600000, 0x000000065e600000|100%| E|CS|TAMS 0x000000065e500000, 0x000000065e500000| Complete 
| 486|0x000000065e600000, 0x000000065e700000, 0x000000065e700000|100%| E|CS|TAMS 0x000000065e600000, 0x000000065e600000| Complete 
| 487|0x000000065e700000, 0x000000065e800000, 0x000000065e800000|100%| E|CS|TAMS 0x000000065e700000, 0x000000065e700000| Complete 
| 488|0x000000065e800000, 0x000000065e900000, 0x000000065e900000|100%| E|CS|TAMS 0x000000065e800000, 0x000000065e800000| Complete 
| 489|0x000000065e900000, 0x000000065ea00000, 0x000000065ea00000|100%| E|CS|TAMS 0x000000065e900000, 0x000000065e900000| Complete 
| 490|0x000000065ea00000, 0x000000065eb00000, 0x000000065eb00000|100%| E|CS|TAMS 0x000000065ea00000, 0x000000065ea00000| Complete 
| 491|0x000000065eb00000, 0x000000065ec00000, 0x000000065ec00000|100%| E|CS|TAMS 0x000000065eb00000, 0x000000065eb00000| Complete 
| 492|0x000000065ec00000, 0x000000065ed00000, 0x000000065ed00000|100%| E|CS|TAMS 0x000000065ec00000, 0x000000065ec00000| Complete 
| 493|0x000000065ed00000, 0x000000065ee00000, 0x000000065ee00000|100%| E|CS|TAMS 0x000000065ed00000, 0x000000065ed00000| Complete 
| 494|0x000000065ee00000, 0x000000065ef00000, 0x000000065ef00000|100%| E|CS|TAMS 0x000000065ee00000, 0x000000065ee00000| Complete 
| 495|0x000000065ef00000, 0x000000065f000000, 0x000000065f000000|100%| E|CS|TAMS 0x000000065ef00000, 0x000000065ef00000| Complete 
| 496|0x000000065f000000, 0x000000065f100000, 0x000000065f100000|100%| E|CS|TAMS 0x000000065f000000, 0x000000065f000000| Complete 
| 497|0x000000065f100000, 0x000000065f200000, 0x000000065f200000|100%| E|CS|TAMS 0x000000065f100000, 0x000000065f100000| Complete 
| 498|0x000000065f200000, 0x000000065f300000, 0x000000065f300000|100%| E|CS|TAMS 0x000000065f200000, 0x000000065f200000| Complete 
| 499|0x000000065f300000, 0x000000065f400000, 0x000000065f400000|100%| E|CS|TAMS 0x000000065f300000, 0x000000065f300000| Complete 
| 500|0x000000065f400000, 0x000000065f500000, 0x000000065f500000|100%| E|CS|TAMS 0x000000065f400000, 0x000000065f400000| Complete 
| 501|0x000000065f500000, 0x000000065f600000, 0x000000065f600000|100%| E|CS|TAMS 0x000000065f500000, 0x000000065f500000| Complete 
| 502|0x000000065f600000, 0x000000065f700000, 0x000000065f700000|100%| E|CS|TAMS 0x000000065f600000, 0x000000065f600000| Complete 
| 503|0x000000065f700000, 0x000000065f800000, 0x000000065f800000|100%| E|CS|TAMS 0x000000065f700000, 0x000000065f700000| Complete 
| 504|0x000000065f800000, 0x000000065f900000, 0x000000065f900000|100%| E|CS|TAMS 0x000000065f800000, 0x000000065f800000| Complete 
| 505|0x000000065f900000, 0x000000065fa00000, 0x000000065fa00000|100%| E|CS|TAMS 0x000000065f900000, 0x000000065f900000| Complete 
| 506|0x000000065fa00000, 0x000000065fb00000, 0x000000065fb00000|100%| E|CS|TAMS 0x000000065fa00000, 0x000000065fa00000| Complete 
| 507|0x000000065fb00000, 0x000000065fc00000, 0x000000065fc00000|100%| E|CS|TAMS 0x000000065fb00000, 0x000000065fb00000| Complete 
| 508|0x000000065fc00000, 0x000000065fd00000, 0x000000065fd00000|100%| E|CS|TAMS 0x000000065fc00000, 0x000000065fc00000| Complete 
| 509|0x000000065fd00000, 0x000000065fe00000, 0x000000065fe00000|100%| E|CS|TAMS 0x000000065fd00000, 0x000000065fd00000| Complete 
| 510|0x000000065fe00000, 0x000000065ff00000, 0x000000065ff00000|100%| E|CS|TAMS 0x000000065fe00000, 0x000000065fe00000| Complete 
| 511|0x000000065ff00000, 0x0000000660000000, 0x0000000660000000|100%| E|CS|TAMS 0x000000065ff00000, 0x000000065ff00000| Complete 
| 512|0x0000000660000000, 0x0000000660100000, 0x0000000660100000|100%| E|CS|TAMS 0x0000000660000000, 0x0000000660000000| Complete 
| 513|0x0000000660100000, 0x0000000660200000, 0x0000000660200000|100%| E|CS|TAMS 0x0000000660100000, 0x0000000660100000| Complete 
| 514|0x0000000660200000, 0x0000000660300000, 0x0000000660300000|100%| E|CS|TAMS 0x0000000660200000, 0x0000000660200000| Complete 
| 515|0x0000000660300000, 0x0000000660400000, 0x0000000660400000|100%| E|CS|TAMS 0x0000000660300000, 0x0000000660300000| Complete 
| 516|0x0000000660400000, 0x0000000660500000, 0x0000000660500000|100%| E|CS|TAMS 0x0000000660400000, 0x0000000660400000| Complete 
| 517|0x0000000660500000, 0x0000000660600000, 0x0000000660600000|100%| E|CS|TAMS 0x0000000660500000, 0x0000000660500000| Complete 
| 518|0x0000000660600000, 0x0000000660700000, 0x0000000660700000|100%| E|CS|TAMS 0x0000000660600000, 0x0000000660600000| Complete 
| 519|0x0000000660700000, 0x0000000660800000, 0x0000000660800000|100%| E|CS|TAMS 0x0000000660700000, 0x0000000660700000| Complete 
| 520|0x0000000660800000, 0x0000000660900000, 0x0000000660900000|100%| E|CS|TAMS 0x0000000660800000, 0x0000000660800000| Complete 
| 521|0x0000000660900000, 0x0000000660a00000, 0x0000000660a00000|100%| E|CS|TAMS 0x0000000660900000, 0x0000000660900000| Complete 
| 522|0x0000000660a00000, 0x0000000660b00000, 0x0000000660b00000|100%| E|CS|TAMS 0x0000000660a00000, 0x0000000660a00000| Complete 
| 523|0x0000000660b00000, 0x0000000660c00000, 0x0000000660c00000|100%| E|CS|TAMS 0x0000000660b00000, 0x0000000660b00000| Complete 
| 524|0x0000000660c00000, 0x0000000660d00000, 0x0000000660d00000|100%| E|CS|TAMS 0x0000000660c00000, 0x0000000660c00000| Complete 
| 525|0x0000000660d00000, 0x0000000660e00000, 0x0000000660e00000|100%| E|CS|TAMS 0x0000000660d00000, 0x0000000660d00000| Complete 
| 526|0x0000000660e00000, 0x0000000660f00000, 0x0000000660f00000|100%| E|CS|TAMS 0x0000000660e00000, 0x0000000660e00000| Complete 
| 527|0x0000000660f00000, 0x0000000661000000, 0x0000000661000000|100%| E|CS|TAMS 0x0000000660f00000, 0x0000000660f00000| Complete 
| 528|0x0000000661000000, 0x0000000661100000, 0x0000000661100000|100%| E|CS|TAMS 0x0000000661000000, 0x0000000661000000| Complete 
| 529|0x0000000661100000, 0x0000000661200000, 0x0000000661200000|100%| E|CS|TAMS 0x0000000661100000, 0x0000000661100000| Complete 
| 530|0x0000000661200000, 0x0000000661300000, 0x0000000661300000|100%| E|CS|TAMS 0x0000000661200000, 0x0000000661200000| Complete 
| 531|0x0000000661300000, 0x0000000661400000, 0x0000000661400000|100%| E|CS|TAMS 0x0000000661300000, 0x0000000661300000| Complete 
| 532|0x0000000661400000, 0x0000000661500000, 0x0000000661500000|100%| E|CS|TAMS 0x0000000661400000, 0x0000000661400000| Complete 
| 533|0x0000000661500000, 0x0000000661600000, 0x0000000661600000|100%| E|CS|TAMS 0x0000000661500000, 0x0000000661500000| Complete 
| 534|0x0000000661600000, 0x0000000661700000, 0x0000000661700000|100%| E|CS|TAMS 0x0000000661600000, 0x0000000661600000| Complete 
| 535|0x0000000661700000, 0x0000000661800000, 0x0000000661800000|100%| E|CS|TAMS 0x0000000661700000, 0x0000000661700000| Complete 
| 536|0x0000000661800000, 0x0000000661900000, 0x0000000661900000|100%| E|CS|TAMS 0x0000000661800000, 0x0000000661800000| Complete 
| 537|0x0000000661900000, 0x0000000661a00000, 0x0000000661a00000|100%| E|CS|TAMS 0x0000000661900000, 0x0000000661900000| Complete 
| 538|0x0000000661a00000, 0x0000000661b00000, 0x0000000661b00000|100%| E|CS|TAMS 0x0000000661a00000, 0x0000000661a00000| Complete 
| 539|0x0000000661b00000, 0x0000000661c00000, 0x0000000661c00000|100%| E|CS|TAMS 0x0000000661b00000, 0x0000000661b00000| Complete 
| 540|0x0000000661c00000, 0x0000000661d00000, 0x0000000661d00000|100%| E|CS|TAMS 0x0000000661c00000, 0x0000000661c00000| Complete 
| 541|0x0000000661d00000, 0x0000000661e00000, 0x0000000661e00000|100%| E|CS|TAMS 0x0000000661d00000, 0x0000000661d00000| Complete 
| 542|0x0000000661e00000, 0x0000000661f00000, 0x0000000661f00000|100%| E|CS|TAMS 0x0000000661e00000, 0x0000000661e00000| Complete 
| 543|0x0000000661f00000, 0x0000000662000000, 0x0000000662000000|100%| E|CS|TAMS 0x0000000661f00000, 0x0000000661f00000| Complete 
| 544|0x0000000662000000, 0x0000000662100000, 0x0000000662100000|100%| E|CS|TAMS 0x0000000662000000, 0x0000000662000000| Complete 

Card table byte_map: [0x000000011c400000,0x000000011d000000] _byte_map_base: 0x0000000119200000

Marking Bits (Prev, Next): (CMBitMap*) 0x0000000153010818, (CMBitMap*) 0x0000000153010850
 Prev Bits: [0x000000011dc00000, 0x0000000123c00000)
 Next Bits: [0x0000000123c00000, 0x0000000129c00000)

Polling page: 0x0000000102560000

Metaspace:

Usage:
  Non-class:     40.78 MB capacity,    40.11 MB ( 98%) used,   569.83 KB (  1%) free+waste,   117.00 KB ( <1%) overhead. 
      Class:      6.73 MB capacity,     6.30 MB ( 94%) used,   383.58 KB (  6%) free+waste,    60.81 KB ( <1%) overhead. 
       Both:     47.51 MB capacity,    46.41 MB ( 98%) used,   953.41 KB (  2%) free+waste,   177.81 KB ( <1%) overhead. 

Virtual space:
  Non-class space:       42.00 MB reserved,      40.92 MB ( 97%) committed 
      Class space:        1.00 GB reserved,       6.75 MB ( <1%) committed 
             Both:        1.04 GB reserved,      47.67 MB (  4%) committed 

Chunk freelists:
   Non-Class:  19.00 KB
       Class:  18.00 KB
        Both:  37.00 KB

MaxMetaspaceSize: unlimited
CompressedClassSpaceSize: 1.00 GB
Initial GC threshold: 20.80 MB
Current GC threshold: 58.89 MB
CDS: off

CodeHeap 'non-profiled nmethods': size=238384Kb used=8243Kb max_used=8243Kb free=230140Kb
 bounds [0x000000010cf34000, 0x000000010d744000, 0x000000011b800000]
CodeHeap 'non-nmethods': size=7376Kb used=1262Kb max_used=1262Kb free=6114Kb
 bounds [0x000000010c800000, 0x000000010ca70000, 0x000000010cf34000]
 total_blobs=5286 nmethods=4695 adapters=521
 compilation: enabled
              stopped_count=0, restarted_count=0
 full_count=0

Compilation events (20 events):
Event: 15.797 Thread 0x000000015381c800 5000       1       org.apache.skywalking.apm.dependencies.io.netty.util.internal.PlatformDependent0::unalignedAccess (4 bytes)
Event: 15.797 Thread 0x000000015381c800 nmethod 5000 0x000000010d73e610 code [0x000000010d73e7c0, 0x000000010d73e8d0]
Event: 15.797 Thread 0x000000015381c800 5001       1       org.apache.skywalking.apm.dependencies.io.netty.handler.codec.http2.DefaultHttp2Connection$DefaultEndpoint::flowController (5 bytes)
Event: 15.797 Thread 0x000000015381c800 nmethod 5001 0x000000010d73e990 code [0x000000010d73eb40, 0x000000010d73ec90]
Event: 15.799 Thread 0x000000015381c800 5002       1       org.apache.skywalking.apm.dependencies.io.grpc.netty.NettyClientStream::transportState (5 bytes)
Event: 15.799 Thread 0x000000015381c800 nmethod 5002 0x000000010d73ed10 code [0x000000010d73eec0, 0x000000010d73f010]
Event: 15.799 Thread 0x000000015381c800 5003       1       org.apache.skywalking.apm.dependencies.io.netty.util.internal.shaded.org.jctools.util.UnsafeRefArrayAccess::lvRefElement (9 bytes)
Event: 15.800 Thread 0x000000015381c800 nmethod 5003 0x000000010d73f090 code [0x000000010d73f240, 0x000000010d73f390]
Event: 15.800 Thread 0x000000015381c800 5004       1       sun.misc.Unsafe::getObjectVolatile (9 bytes)
Event: 15.800 Thread 0x000000015381c800 nmethod 5004 0x000000010d73f410 code [0x000000010d73f5c0, 0x000000010d73f750]
Event: 15.800 Thread 0x000000015381c800 5005       1       org.apache.skywalking.apm.dependencies.io.netty.buffer.AbstractReferenceCountedByteBuf$1::updater (4 bytes)
Event: 15.800 Thread 0x000000015381c800 nmethod 5005 0x000000010d73f810 code [0x000000010d73f9c0, 0x000000010d73fb10]
Event: 15.800 Thread 0x000000015381c800 5006       1       org.apache.skywalking.apm.dependencies.io.netty.buffer.AbstractReferenceCountedByteBuf::access$000 (4 bytes)
Event: 15.800 Thread 0x000000015381c800 nmethod 5006 0x000000010d73fb90 code [0x000000010d73fd40, 0x000000010d73fe50]
Event: 15.800 Thread 0x000000015381c800 5007       1       org.apache.skywalking.apm.dependencies.io.netty.handler.codec.http2.DefaultHttp2Connection$DefaultStream::state (5 bytes)
Event: 15.801 Thread 0x000000015381c800 nmethod 5007 0x000000010d73ff10 code [0x000000010d7400c0, 0x000000010d740210]
Event: 15.801 Thread 0x000000015381c800 5008       1       org.apache.skywalking.apm.dependencies.io.netty.handler.codec.http2.WeightedFairQueueByteDistributor::access$200 (5 bytes)
Event: 15.801 Thread 0x000000015381c800 nmethod 5008 0x000000010d740290 code [0x000000010d740440, 0x000000010d740550]
Event: 15.839 Thread 0x000000015381c800 5009       1       java.lang.invoke.LambdaFormEditor::addArgumentForm (121 bytes)
Event: 15.842 Thread 0x000000015381c800 nmethod 5009 0x000000010d740610 code [0x000000010d740840, 0x000000010d740c50]

GC Heap History (20 events):
Event: 1.101 GC heap before
{Heap before GC invocations=1 (full 0):
 garbage-first heap   total 393216K, used 42107K [0x0000000640000000, 0x00000007c0000000)
  region size 1024K, 21 young (21504K), 3 survivors (3072K)
 Metaspace       used 10782K, capacity 10986K, committed 11136K, reserved 1058816K
  class space    used 1038K, capacity 1092K, committed 1152K, reserved 1048576K
}
Event: 1.135 GC heap after
{Heap after GC invocations=2 (full 0):
 garbage-first heap   total 393216K, used 24144K [0x0000000640000000, 0x00000007c0000000)
  region size 1024K, 3 young (3072K), 3 survivors (3072K)
 Metaspace       used 10782K, capacity 10986K, committed 11136K, reserved 1058816K
  class space    used 1038K, capacity 1092K, committed 1152K, reserved 1048576K
}
Event: 2.974 GC heap before
{Heap before GC invocations=2 (full 0):
 garbage-first heap   total 393216K, used 62032K [0x0000000640000000, 0x00000007c0000000)
  region size 1024K, 40 young (40960K), 3 survivors (3072K)
 Metaspace       used 11323K, capacity 11509K, committed 11776K, reserved 1060864K
  class space    used 1121K, capacity 1201K, committed 1280K, reserved 1048576K
}
Event: 2.980 GC heap after
{Heap after GC invocations=3 (full 0):
 garbage-first heap   total 393216K, used 22675K [0x0000000640000000, 0x00000007c0000000)
  region size 1024K, 3 young (3072K), 3 survivors (3072K)
 Metaspace       used 11323K, capacity 11509K, committed 11776K, reserved 1060864K
  class space    used 1121K, capacity 1201K, committed 1280K, reserved 1048576K
}
Event: 3.492 GC heap before
{Heap before GC invocations=3 (full 0):
 garbage-first heap   total 393216K, used 86163K [0x0000000640000000, 0x00000007c0000000)
  region size 1024K, 65 young (66560K), 3 survivors (3072K)
 Metaspace       used 12127K, capacity 12373K, committed 12544K, reserved 1060864K
  class space    used 1352K, capacity 1425K, committed 1536K, reserved 1048576K
}
Event: 3.496 GC heap after
{Heap after GC invocations=4 (full 0):
 garbage-first heap   total 393216K, used 23204K [0x0000000640000000, 0x00000007c0000000)
  region size 1024K, 3 young (3072K), 3 survivors (3072K)
 Metaspace       used 12127K, capacity 12373K, committed 12544K, reserved 1060864K
  class space    used 1352K, capacity 1425K, committed 1536K, reserved 1048576K
}
Event: 4.474 GC heap before
{Heap before GC invocations=4 (full 0):
 garbage-first heap   total 393216K, used 147108K [0x0000000640000000, 0x00000007c0000000)
  region size 1024K, 124 young (126976K), 3 survivors (3072K)
 Metaspace       used 15983K, capacity 16287K, committed 16512K, reserved 1062912K
  class space    used 2088K, capacity 2166K, committed 2176K, reserved 1048576K
}
Event: 4.500 GC heap after
{Heap after GC invocations=5 (full 0):
 garbage-first heap   total 393216K, used 24266K [0x0000000640000000, 0x00000007c0000000)
  region size 1024K, 4 young (4096K), 4 survivors (4096K)
 Metaspace       used 15983K, capacity 16287K, committed 16512K, reserved 1062912K
  class space    used 2088K, capacity 2166K, committed 2176K, reserved 1048576K
}
Event: 6.255 GC heap before
{Heap before GC invocations=5 (full 0):
 garbage-first heap   total 393216K, used 188106K [0x0000000640000000, 0x00000007c0000000)
  region size 1024K, 164 young (167936K), 4 survivors (4096K)
 Metaspace       used 18704K, capacity 19128K, committed 19328K, reserved 1067008K
  class space    used 2521K, capacity 2634K, committed 2688K, reserved 1048576K
}
Event: 6.265 GC heap after
{Heap after GC invocations=6 (full 0):
 garbage-first heap   total 393216K, used 29995K [0x0000000640000000, 0x00000007c0000000)
  region size 1024K, 10 young (10240K), 10 survivors (10240K)
 Metaspace       used 18704K, capacity 19128K, committed 19328K, reserved 1067008K
  class space    used 2521K, capacity 2634K, committed 2688K, reserved 1048576K
}
Event: 6.540 GC heap before
{Heap before GC invocations=6 (full 0):
 garbage-first heap   total 393216K, used 78123K [0x0000000640000000, 0x00000007c0000000)
  region size 1024K, 58 young (59392K), 10 survivors (10240K)
 Metaspace       used 20765K, capacity 21182K, committed 21296K, reserved 1067008K
  class space    used 2759K, capacity 2898K, committed 2944K, reserved 1048576K
}
Event: 6.548 GC heap after
{Heap after GC invocations=7 (full 0):
 garbage-first heap   total 558080K, used 30471K [0x0000000640000000, 0x00000007c0000000)
  region size 1024K, 10 young (10240K), 10 survivors (10240K)
 Metaspace       used 20765K, capacity 21182K, committed 21296K, reserved 1067008K
  class space    used 2759K, capacity 2898K, committed 2944K, reserved 1048576K
}
Event: 7.576 GC heap before
{Heap before GC invocations=8 (full 0):
 garbage-first heap   total 558080K, used 244487K [0x0000000640000000, 0x00000007c0000000)
  region size 1024K, 220 young (225280K), 10 survivors (10240K)
 Metaspace       used 28157K, capacity 28766K, committed 28976K, reserved 1075200K
  class space    used 3721K, capacity 3952K, committed 3968K, reserved 1048576K
}
Event: 7.583 GC heap after
{Heap after GC invocations=9 (full 0):
 garbage-first heap   total 558080K, used 31769K [0x0000000640000000, 0x00000007c0000000)
  region size 1024K, 13 young (13312K), 13 survivors (13312K)
 Metaspace       used 28157K, capacity 28766K, committed 28976K, reserved 1075200K
  class space    used 3721K, capacity 3952K, committed 3968K, reserved 1048576K
}
Event: 9.439 GC heap before
{Heap before GC invocations=9 (full 0):
 garbage-first heap   total 558080K, used 253977K [0x0000000640000000, 0x00000007c0000000)
  region size 1024K, 232 young (237568K), 13 survivors (13312K)
 Metaspace       used 35125K, capacity 35788K, committed 35920K, reserved 1081344K
  class space    used 4634K, capacity 4886K, committed 4992K, reserved 1048576K
}
Event: 9.480 GC heap after
{Heap after GC invocations=10 (full 0):
 garbage-first heap   total 558080K, used 35638K [0x0000000640000000, 0x00000007c0000000)
  region size 1024K, 16 young (16384K), 16 survivors (16384K)
 Metaspace       used 35125K, capacity 35788K, committed 35920K, reserved 1081344K
  class space    used 4634K, capacity 4886K, committed 4992K, reserved 1048576K
}
Event: 12.399 GC heap before
{Heap before GC invocations=11 (full 0):
 garbage-first heap   total 558080K, used 354102K [0x0000000640000000, 0x00000007c0000000)
  region size 1024K, 327 young (334848K), 16 survivors (16384K)
 Metaspace       used 40929K, capacity 42013K, committed 42288K, reserved 1085440K
  class space    used 5548K, capacity 5954K, committed 6016K, reserved 1048576K
}
Event: 12.412 GC heap after
{Heap after GC invocations=12 (full 0):
 garbage-first heap   total 558080K, used 39062K [0x0000000640000000, 0x00000007c0000000)
  region size 1024K, 20 young (20480K), 20 survivors (20480K)
 Metaspace       used 40929K, capacity 42013K, committed 42288K, reserved 1085440K
  class space    used 5548K, capacity 5954K, committed 6016K, reserved 1048576K
}
Event: 15.318 GC heap before
{Heap before GC invocations=12 (full 0):
 garbage-first heap   total 558080K, used 352406K [0x0000000640000000, 0x00000007c0000000)
  region size 1024K, 327 young (334848K), 20 survivors (20480K)
 Metaspace       used 45944K, capacity 47034K, committed 47280K, reserved 1089536K
  class space    used 6177K, capacity 6610K, committed 6656K, reserved 1048576K
}
Event: 15.351 GC heap after
{Heap after GC invocations=13 (full 0):
 garbage-first heap   total 558080K, used 41617K [0x0000000640000000, 0x00000007c0000000)
  region size 1024K, 22 young (22528K), 22 survivors (22528K)
 Metaspace       used 45944K, capacity 47034K, committed 47280K, reserved 1089536K
  class space    used 6177K, capacity 6610K, committed 6656K, reserved 1048576K
}

Deoptimization events (20 events):
Event: 8.466 Thread 0x000000015300d000 DEOPT PACKING pc=0x000000010d3c1b94 sp=0x000000016dbbb270
Event: 8.466 Thread 0x000000015300d000 DEOPT UNPACKING pc=0x000000010c83527c sp=0x000000016dbbb080 mode 0
Event: 9.430 Thread 0x0000000153351000 DEOPT PACKING pc=0x000000010d13ab40 sp=0x000000030bd60cd0
Event: 9.430 Thread 0x0000000153351000 DEOPT UNPACKING pc=0x000000010c83527c sp=0x000000030bd60b70 mode 3
Event: 10.830 Thread 0x000000015300d000 DEOPT PACKING pc=0x000000010d2ed04c sp=0x000000016dbbca80
Event: 10.830 Thread 0x000000015300d000 DEOPT UNPACKING pc=0x000000010c83527c sp=0x000000016dbbc8a0 mode 3
Event: 10.951 Thread 0x000000015300d000 DEOPT PACKING pc=0x000000010d122758 sp=0x000000016dbbbc20
Event: 10.951 Thread 0x000000015300d000 DEOPT UNPACKING pc=0x000000010c83527c sp=0x000000016dbbbac0 mode 3
Event: 11.478 Thread 0x000000015300d000 DEOPT PACKING pc=0x000000010d4d75ec sp=0x000000016dbbc700
Event: 11.478 Thread 0x000000015300d000 DEOPT UNPACKING pc=0x000000010c83527c sp=0x000000016dbbc530 mode 3
Event: 11.592 Thread 0x000000015300d000 DEOPT PACKING pc=0x000000010d4a3794 sp=0x000000016dbbc920
Event: 11.592 Thread 0x000000015300d000 DEOPT UNPACKING pc=0x000000010c83527c sp=0x000000016dbbc730 mode 3
Event: 12.391 Thread 0x000000015300d000 DEOPT PACKING pc=0x000000010d4fef10 sp=0x000000016dbba6a0
Event: 12.391 Thread 0x000000015300d000 DEOPT UNPACKING pc=0x000000010c83527c sp=0x000000016dbba4a0 mode 3
Event: 15.206 Thread 0x000000015300d000 DEOPT PACKING pc=0x000000010d24ec58 sp=0x000000016dbba5b0
Event: 15.207 Thread 0x000000015300d000 DEOPT UNPACKING pc=0x000000010c83527c sp=0x000000016dbba370 mode 3
Event: 15.314 Thread 0x0000000131147800 DEOPT PACKING pc=0x000000010d3d3b20 sp=0x000000030cdbe8e0
Event: 15.314 Thread 0x0000000131147800 DEOPT UNPACKING pc=0x000000010c83527c sp=0x000000030cdbe6a0 mode 3
Event: 15.314 Thread 0x0000000131147800 DEOPT PACKING pc=0x000000010d4563c0 sp=0x000000030cdbeaa0
Event: 15.314 Thread 0x0000000131147800 DEOPT UNPACKING pc=0x000000010c83527c sp=0x000000030cdbe8c0 mode 3

Classes redefined (0 events):
No events

Internal exceptions (20 events):
Event: 11.739 Thread 0x0000000153351000 Exception <a 'java/lang/reflect/InvocationTargetException'{0x0000000657712270}> (0x0000000657712270) thrown at [src/hotspot/share/runtime/reflection.cpp, line 1245]
Event: 11.832 Thread 0x000000015300d000 Exception <a 'java/lang/NoSuchMethodError'{0x00000006544191e0}: 'java.lang.Object java.lang.invoke.DirectMethodHandle$Holder.invokeSpecial(java.lang.Object, java.lang.Object, int, int, java.lang.Object, java.lang.Object, java.lang.Object)'> (0x00000006544191e0) thrown at [src/hotspot/share/interpreter/linkResolver.cpp, line 773]
Event: 11.832 Thread 0x000000015300d000 Exception <a 'java/lang/NoSuchMethodError'{0x000000065441ca18}: 'java.lang.Object java.lang.invoke.DelegatingMethodHandle$Holder.reinvoke_L(java.lang.Object, int, int, java.lang.Object, java.lang.Object, java.lang.Object)'> (0x000000065441ca18) thrown at [src/hotspot/share/interpreter/linkResolver.cpp, line 773]
Event: 11.833 Thread 0x000000015300d000 Exception <a 'java/lang/NoSuchMethodError'{0x0000000654470a68}: 'java.lang.Object java.lang.invoke.DirectMethodHandle$Holder.invokeStatic(java.lang.Object, java.lang.Object, java.lang.Object, java.lang.Object, int)'> (0x0000000654470a68) thrown at [src/hotspot/share/interpreter/linkResolver.cpp, line 773]
Event: 12.253 Thread 0x0000000153351000 Exception <a 'java/lang/reflect/InvocationTargetException'{0x000000065771e6e8}> (0x000000065771e6e8) thrown at [src/hotspot/share/runtime/reflection.cpp, line 1245]
Event: 12.760 Thread 0x0000000153351000 Exception <a 'java/lang/reflect/InvocationTargetException'{0x000000065f889ad8}> (0x000000065f889ad8) thrown at [src/hotspot/share/runtime/reflection.cpp, line 1245]
Event: 13.298 Thread 0x0000000153351000 Exception <a 'java/lang/reflect/InvocationTargetException'{0x000000065f895eb0}> (0x000000065f895eb0) thrown at [src/hotspot/share/runtime/reflection.cpp, line 1245]
Event: 13.732 Thread 0x000000015300d000 Exception <a 'java/lang/NoSuchMethodError'{0x00000006589cfad8}: 'long java.lang.invoke.DirectMethodHandle$Holder.invokeSpecial(java.lang.Object, java.lang.Object)'> (0x00000006589cfad8) thrown at [src/hotspot/share/interpreter/linkResolver.cpp, line 773]
Event: 13.764 Thread 0x000000015300d000 Exception <a 'java/lang/NoSuchMethodError'{0x0000000658352d20}: 'long java.lang.invoke.DirectMethodHandle$Holder.invokeStatic(java.lang.Object, java.lang.Object)'> (0x0000000658352d20) thrown at [src/hotspot/share/interpreter/linkResolver.cpp, line 773]
Event: 13.765 Thread 0x000000015300d000 Exception <a 'java/lang/NoSuchMethodError'{0x0000000658355df0}: 'long java.lang.invoke.DirectMethodHandle$Holder.invokeStaticInit(java.lang.Object, java.lang.Object)'> (0x0000000658355df0) thrown at [src/hotspot/share/interpreter/linkResolver.cpp, line 773]
Event: 13.788 Thread 0x000000015300d000 Exception <a 'java/lang/NoSuchMethodError'{0x0000000657fd1810}: 'long java.lang.invoke.DirectMethodHandle$Holder.invokeInterface(java.lang.Object, java.lang.Object)'> (0x0000000657fd1810) thrown at [src/hotspot/share/interpreter/linkResolver.cpp, line 773]
Event: 13.788 Thread 0x000000015300d000 Exception <a 'java/lang/IncompatibleClassChangeError'{0x0000000657fd4850}: Found class java.lang.Object, but interface was expected> (0x0000000657fd4850) thrown at [src/hotspot/share/interpreter/linkResolver.cpp, line 839]
Event: 13.849 Thread 0x0000000153351000 Exception <a 'java/lang/reflect/InvocationTargetException'{0x000000065f8a2210}> (0x000000065f8a2210) thrown at [src/hotspot/share/runtime/reflection.cpp, line 1245]
Event: 14.035 Thread 0x000000015362a800 Exception <a 'java/net/ConnectException'{0x0000000656538bb8}> (0x0000000656538bb8) thrown at [src/hotspot/share/prims/jni.cpp, line 617]
Event: 14.365 Thread 0x0000000153351000 Exception <a 'java/lang/reflect/InvocationTargetException'{0x000000065f8ae548}> (0x000000065f8ae548) thrown at [src/hotspot/share/runtime/reflection.cpp, line 1245]
Event: 14.597 Thread 0x0000000131147800 Exception <a 'java/lang/NoSuchMethodError'{0x0000000652f90ba8}: 'void java.lang.invoke.DirectMethodHandle$Holder.invokeInterface(java.lang.Object, java.lang.Object, java.lang.Object, java.lang.Object)'> (0x0000000652f90ba8) thrown at [src/hotspot/share/interpreter/linkResolver.cpp, line 773]
Event: 14.922 Thread 0x0000000153351000 Exception <a 'java/lang/reflect/InvocationTargetException'{0x000000065f8ba8d0}> (0x000000065f8ba8d0) thrown at [src/hotspot/share/runtime/reflection.cpp, line 1245]
Event: 15.173 Thread 0x0000000131147800 Exception <a 'java/lang/NoSuchMethodError'{0x0000000650d3d288}: 'org.slf4j.impl.StaticMDCBinder org.slf4j.impl.StaticMDCBinder.getSingleton()'> (0x0000000650d3d288) thrown at [src/hotspot/share/interpreter/linkResolver.cpp, line 773]
Event: 15.461 Thread 0x0000000153351000 Exception <a 'java/lang/reflect/InvocationTargetException'{0x0000000660d091e8}> (0x0000000660d091e8) thrown at [src/hotspot/share/runtime/reflection.cpp, line 1245]
Event: 15.847 Thread 0x000000015300d000 Exception <a 'java/lang/ClassNotFoundException'{0x000000065b30d788}: java/lang/ObjectCustomizer> (0x000000065b30d788) thrown at [src/hotspot/share/classfile/systemDictionary.cpp, line 230]

Events (20 events):
Event: 15.873 loading class java/beans/PropertyVetoException
Event: 15.875 loading class org/hibernate/validator/internal/constraintvalidators/bv/time/past/PastValidatorForThaiBuddhistDate
Event: 15.875 loading class org/hibernate/validator/internal/constraintvalidators/bv/time/past/PastValidatorForThaiBuddhistDate done
Event: 15.875 loading class java/beans/PropertyVetoException done
Event: 15.876 loading class com/sun/beans/WildcardTypeImpl
Event: 15.876 loading class com/sun/beans/WildcardTypeImpl done
Event: 15.876 loading class java/beans/BeanProperty
Event: 15.876 loading class java/beans/BeanProperty done
Event: 15.877 loading class com/sun/beans/introspect/PropertyInfo$Name
Event: 15.878 loading class com/sun/beans/introspect/PropertyInfo$Name done
Event: 15.878 loading class java/beans/IndexedPropertyDescriptor
Event: 15.879 loading class java/beans/IndexedPropertyDescriptor done
Event: 15.879 loading class java/beans/GenericBeanInfo
Event: 15.880 loading class java/beans/SimpleBeanInfo
Event: 15.880 loading class java/beans/SimpleBeanInfo done
Event: 15.880 loading class java/beans/GenericBeanInfo done
Event: 15.880 loading class org/hibernate/validator/internal/constraintvalidators/bv/time/past/PastValidatorForYear
Event: 15.880 loading class org/hibernate/validator/internal/constraintvalidators/bv/time/past/PastValidatorForYear done
Event: 15.880 loading class org/springframework/context/annotation/ConfigurationClassPostProcessorCustomizer
Event: 15.880 loading class org/springframework/context/annotation/ConfigurationClassPostProcessorCustomizer done


Dynamic libraries:
0x000000010250c000 	/opt/homebrew/Cellar/openjdk@11/11.0.25/libexec/openjdk.jdk/Contents/Home/lib/jli/libjli.dylib
0x00000001ad551000 	/System/Library/Frameworks/Cocoa.framework/Versions/A/Cocoa
0x0000000195487000 	/System/Library/Frameworks/AppKit.framework/Versions/C/AppKit
0x000000019873f000 	/System/Library/Frameworks/CoreData.framework/Versions/A/CoreData
0x0000000192ac1000 	/System/Library/Frameworks/Foundation.framework/Versions/C/Foundation
0x000000019f445000 	/usr/lib/libSystem.B.dylib
0x00000001968c4000 	/System/Library/PrivateFrameworks/UIFoundation.framework/Versions/A/UIFoundation
0x000000023a5bf000 	/System/Library/PrivateFrameworks/CollectionViewCore.framework/Versions/A/CollectionViewCore
0x00000001a66d1000 	/System/Library/PrivateFrameworks/RemoteViewServices.framework/Versions/A/RemoteViewServices
0x000000019d0cb000 	/System/Library/PrivateFrameworks/XCTTargetBootstrap.framework/Versions/A/XCTTargetBootstrap
0x00000001a1b2b000 	/System/Library/PrivateFrameworks/InternationalSupport.framework/Versions/A/InternationalSupport
0x00000001a1b8a000 	/System/Library/PrivateFrameworks/UserActivity.framework/Versions/A/UserActivity
0x0000000265e43000 	/System/Library/PrivateFrameworks/UIIntelligenceSupport.framework/Versions/A/UIIntelligenceSupport
0x0000000230988000 	/System/Library/Frameworks/SwiftUICore.framework/Versions/A/SwiftUICore
0x000000026adf4000 	/System/Library/PrivateFrameworks/WritingTools.framework/Versions/A/WritingTools
0x0000000269e47000 	/System/Library/PrivateFrameworks/WindowManagement.framework/Versions/A/WindowManagement
0x000000019271b000 	/System/Library/Frameworks/SystemConfiguration.framework/Versions/A/SystemConfiguration
0x00000001a0f74000 	/usr/lib/libspindump.dylib
0x0000000196a76000 	/System/Library/Frameworks/UniformTypeIdentifiers.framework/Versions/A/UniformTypeIdentifiers
0x000000019e843000 	/usr/lib/libbsm.0.dylib
0x000000019ab8d000 	/usr/lib/libapp_launch_measurement.dylib
0x0000000199f89000 	/System/Library/PrivateFrameworks/CoreAnalytics.framework/Versions/A/CoreAnalytics
0x000000019ab91000 	/System/Library/PrivateFrameworks/CoreAutoLayout.framework/Versions/A/CoreAutoLayout
0x000000019c714000 	/System/Library/Frameworks/Metal.framework/Versions/A/Metal
0x000000019d912000 	/usr/lib/liblangid.dylib
0x000000019d0d1000 	/System/Library/PrivateFrameworks/CoreSVG.framework/Versions/A/CoreSVG
0x0000000197497000 	/System/Library/PrivateFrameworks/SkyLight.framework/Versions/A/SkyLight
0x00000001979c4000 	/System/Library/Frameworks/CoreGraphics.framework/Versions/A/CoreGraphics
0x00000001a6daa000 	/System/Library/Frameworks/Accelerate.framework/Versions/A/Accelerate
0x00000001a0da6000 	/System/Library/PrivateFrameworks/IconServices.framework/Versions/A/IconServices
0x000000019c6f1000 	/System/Library/Frameworks/IOSurface.framework/Versions/A/IOSurface
0x0000000199fbb000 	/usr/lib/libDiagnosticMessagesClient.dylib
0x000000019f389000 	/usr/lib/libz.1.dylib
0x00000001aac36000 	/System/Library/Frameworks/ApplicationServices.framework/Versions/A/ApplicationServices
0x000000019d0b6000 	/System/Library/PrivateFrameworks/DFRFoundation.framework/Versions/A/DFRFoundation
0x0000000194cf1000 	/usr/lib/libicucore.A.dylib
0x00000001a2ca4000 	/System/Library/Frameworks/AudioToolbox.framework/Versions/A/AudioToolbox
0x00000001a1b3b000 	/System/Library/PrivateFrameworks/DataDetectorsCore.framework/Versions/A/DataDetectorsCore
0x00000001bd1d1000 	/System/Library/PrivateFrameworks/TextInput.framework/Versions/A/TextInput
0x00000001973e3000 	/usr/lib/libMobileGestalt.dylib
0x000000019cdae000 	/System/Library/Frameworks/Carbon.framework/Versions/A/Frameworks/HIToolbox.framework/Versions/A/HIToolbox
0x000000019a48c000 	/System/Library/Frameworks/QuartzCore.framework/Versions/A/QuartzCore
0x00000001948fa000 	/System/Library/Frameworks/Security.framework/Versions/A/Security
0x00000001a670c000 	/System/Library/Frameworks/Carbon.framework/Versions/A/Frameworks/SpeechRecognition.framework/Versions/A/SpeechRecognition
0x000000019a8a6000 	/System/Library/PrivateFrameworks/CoreUI.framework/Versions/A/CoreUI
0x00000001941ae000 	/System/Library/Frameworks/CoreAudio.framework/Versions/A/CoreAudio
0x000000019a0a7000 	/System/Library/Frameworks/DiskArbitration.framework/Versions/A/DiskArbitration
0x00000001a13e7000 	/System/Library/PrivateFrameworks/MultitouchSupport.framework/Versions/A/MultitouchSupport
0x00000001973e1000 	/usr/lib/libenergytrace.dylib
0x00000001b1bb9000 	/System/Library/PrivateFrameworks/RenderBox.framework/Versions/A/RenderBox
0x0000000195337000 	/System/Library/Frameworks/IOKit.framework/Versions/A/IOKit
0x00000001a6b00000 	/System/Library/Frameworks/CoreServices.framework/Versions/A/CoreServices
0x000000019ab1e000 	/System/Library/PrivateFrameworks/PerformanceAnalysis.framework/Versions/A/PerformanceAnalysis
0x00000001ee741000 	/System/Library/Frameworks/OpenGL.framework/Versions/A/OpenGL
0x000000019abdb000 	/usr/lib/libxml2.2.dylib
0x000000019e728000 	/System/Library/PrivateFrameworks/MobileKeyBag.framework/Versions/A/MobileKeyBag
0x000000019148c000 	/usr/lib/libobjc.A.dylib
0x0000000191779000 	/usr/lib/libc++.1.dylib
0x00000001a6a80000 	/System/Library/Frameworks/Accessibility.framework/Versions/A/Accessibility
0x00000001980e3000 	/System/Library/Frameworks/ColorSync.framework/Versions/A/ColorSync
0x00000001918cf000 	/System/Library/Frameworks/CoreFoundation.framework/Versions/A/CoreFoundation
0x000000019d48f000 	/System/Library/Frameworks/CoreImage.framework/Versions/A/CoreImage
0x0000000193f9e000 	/System/Library/Frameworks/CoreText.framework/Versions/A/CoreText
0x00000001efca8000 	/System/Library/Frameworks/CoreTransferable.framework/Versions/A/CoreTransferable
0x00000001f0247000 	/System/Library/Frameworks/DeveloperToolsSupport.framework/Versions/A/DeveloperToolsSupport
0x000000019d10d000 	/System/Library/Frameworks/ImageIO.framework/Versions/A/ImageIO
0x00000002315a2000 	/System/Library/Frameworks/Symbols.framework/Versions/A/Symbols
0x000000019f44a000 	/System/Library/PrivateFrameworks/SoftLinking.framework/Versions/A/SoftLinking
0x00000001cf046000 	/usr/lib/swift/libswiftAccelerate.dylib
0x00000001a2605000 	/usr/lib/swift/libswiftCore.dylib
0x00000001b9952000 	/usr/lib/swift/libswiftCoreFoundation.dylib
0x00000001b99af000 	/usr/lib/swift/libswiftCoreImage.dylib
0x00000001b70fe000 	/usr/lib/swift/libswiftDarwin.dylib
0x00000001a85ba000 	/usr/lib/swift/libswiftDispatch.dylib
0x00000001b99b0000 	/usr/lib/swift/libswiftIOKit.dylib
0x00000001c61dd000 	/usr/lib/swift/libswiftMetal.dylib
0x00000001d44db000 	/usr/lib/swift/libswiftOSLog.dylib
0x00000001ab1a1000 	/usr/lib/swift/libswiftObjectiveC.dylib
0x0000000271fdc000 	/usr/lib/swift/libswiftObservation.dylib
0x00000001cab08000 	/usr/lib/swift/libswiftQuartzCore.dylib
0x00000001cf037000 	/usr/lib/swift/libswiftUniformTypeIdentifiers.dylib
0x00000001b9964000 	/usr/lib/swift/libswiftXPC.dylib
0x00000002720d2000 	/usr/lib/swift/libswift_Builtin_float.dylib
0x00000002720d7000 	/usr/lib/swift/libswift_Concurrency.dylib
0x000000027223f000 	/usr/lib/swift/libswift_StringProcessing.dylib
0x00000002722f2000 	/usr/lib/swift/libswift_errno.dylib
0x00000002722f4000 	/usr/lib/swift/libswift_math.dylib
0x00000002722f7000 	/usr/lib/swift/libswift_signal.dylib
0x00000002722f8000 	/usr/lib/swift/libswift_stdio.dylib
0x00000002722f9000 	/usr/lib/swift/libswift_time.dylib
0x00000001ab1a5000 	/usr/lib/swift/libswiftos.dylib
0x00000001bd128000 	/usr/lib/swift/libswiftsimd.dylib
0x00000002722fa000 	/usr/lib/swift/libswiftsys_time.dylib
0x00000002722fb000 	/usr/lib/swift/libswiftunistd.dylib
0x000000019f5f6000 	/usr/lib/libcompression.dylib
0x00000001a1a83000 	/System/Library/PrivateFrameworks/TextureIO.framework/Versions/A/TextureIO
0x00000001a0a37000 	/usr/lib/libate.dylib
0x000000019f43f000 	/usr/lib/system/libcache.dylib
0x000000019f3f8000 	/usr/lib/system/libcommonCrypto.dylib
0x000000019f425000 	/usr/lib/system/libcompiler_rt.dylib
0x000000019f41a000 	/usr/lib/system/libcopyfile.dylib
0x00000001915cb000 	/usr/lib/system/libcorecrypto.dylib
0x00000001916ad000 	/usr/lib/system/libdispatch.dylib
0x000000019186a000 	/usr/lib/system/libdyld.dylib
0x000000019f435000 	/usr/lib/system/libkeymgr.dylib
0x000000019f3d7000 	/usr/lib/system/libmacho.dylib
0x000000019e81c000 	/usr/lib/system/libquarantine.dylib
0x000000019f432000 	/usr/lib/system/libremovefile.dylib
0x000000019745c000 	/usr/lib/system/libsystem_asl.dylib
0x0000000191560000 	/usr/lib/system/libsystem_blocks.dylib
0x00000001916f7000 	/usr/lib/system/libsystem_c.dylib
0x000000019f429000 	/usr/lib/system/libsystem_collections.dylib
0x000000019d8ff000 	/usr/lib/system/libsystem_configuration.dylib
0x000000019c6c2000 	/usr/lib/system/libsystem_containermanager.dylib
0x000000019ef2b000 	/usr/lib/system/libsystem_coreservices.dylib
0x0000000194fb5000 	/usr/lib/system/libsystem_darwin.dylib
0x000000027243e000 	/usr/lib/system/libsystem_darwindirectory.dylib
0x000000019f436000 	/usr/lib/system/libsystem_dnssd.dylib
0x0000000272442000 	/usr/lib/system/libsystem_eligibility.dylib
0x00000001916f4000 	/usr/lib/system/libsystem_featureflags.dylib
0x000000019189f000 	/usr/lib/system/libsystem_info.dylib
0x000000019f398000 	/usr/lib/system/libsystem_m.dylib
0x000000019166b000 	/usr/lib/system/libsystem_malloc.dylib
0x00000001973c6000 	/usr/lib/system/libsystem_networkextension.dylib
0x0000000195418000 	/usr/lib/system/libsystem_notify.dylib
0x000000019d904000 	/usr/lib/system/libsystem_sandbox.dylib
0x0000000272449000 	/usr/lib/system/libsystem_sanitizers.dylib
0x000000019f42e000 	/usr/lib/system/libsystem_secinit.dylib
0x0000000191822000 	/usr/lib/system/libsystem_kernel.dylib
0x0000000191897000 	/usr/lib/system/libsystem_platform.dylib
0x000000019185d000 	/usr/lib/system/libsystem_pthread.dylib
0x0000000198f65000 	/usr/lib/system/libsystem_symptoms.dylib
0x00000001915af000 	/usr/lib/system/libsystem_trace.dylib
0x000000019f406000 	/usr/lib/system/libunwind.dylib
0x0000000191564000 	/usr/lib/system/libxpc.dylib
0x0000000191807000 	/usr/lib/libc++abi.dylib
0x000000019f412000 	/usr/lib/liboah.dylib
0x00000001952b6000 	/System/Library/PrivateFrameworks/CoreServicesInternal.framework/Versions/A/CoreServicesInternal
0x000000019f447000 	/usr/lib/libfakelink.dylib
0x00000001aa6e7000 	/System/Library/PrivateFrameworks/DiskImages.framework/Versions/A/DiskImages
0x00000001b6c2b000 	/System/Library/Frameworks/NetFS.framework/Versions/A/NetFS
0x0000000196ffd000 	/System/Library/Frameworks/CFNetwork.framework/Versions/A/CFNetwork
0x000000019ab55000 	/System/Library/Frameworks/CoreServices.framework/Versions/A/Frameworks/FSEvents.framework/Versions/A/FSEvents
0x0000000194fc0000 	/System/Library/Frameworks/CoreServices.framework/Versions/A/Frameworks/CarbonCore.framework/Versions/A/CarbonCore
0x000000019a01d000 	/System/Library/Frameworks/CoreServices.framework/Versions/A/Frameworks/Metadata.framework/Versions/A/Metadata
0x000000019ef32000 	/System/Library/Frameworks/CoreServices.framework/Versions/A/Frameworks/OSServices.framework/Versions/A/OSServices
0x000000019f525000 	/System/Library/Frameworks/CoreServices.framework/Versions/A/Frameworks/SearchKit.framework/Versions/A/SearchKit
0x0000000198edf000 	/System/Library/Frameworks/CoreServices.framework/Versions/A/Frameworks/AE.framework/Versions/A/AE
0x0000000191dc4000 	/System/Library/Frameworks/CoreServices.framework/Versions/A/Frameworks/LaunchServices.framework/Versions/A/LaunchServices
0x00000001a0889000 	/System/Library/Frameworks/CoreServices.framework/Versions/A/Frameworks/DictionaryServices.framework/Versions/A/DictionaryServices
0x000000019ab63000 	/System/Library/Frameworks/CoreServices.framework/Versions/A/Frameworks/SharedFileList.framework/Versions/A/SharedFileList
0x000000019f5c0000 	/usr/lib/libapple_nghttp2.dylib
0x0000000198b47000 	/usr/lib/libsqlite3.dylib
0x00000001a3310000 	/System/Library/Frameworks/GSS.framework/Versions/A/GSS
0x0000000198e78000 	/System/Library/PrivateFrameworks/RunningBoardServices.framework/Versions/A/RunningBoardServices
0x0000000198f6e000 	/System/Library/Frameworks/Network.framework/Versions/A/Network
0x000000019f3db000 	/usr/lib/system/libkxld.dylib
0x0000000271410000 	/usr/lib/libCoreEntitlements.dylib
0x000000024fc04000 	/System/Library/PrivateFrameworks/MessageSecurity.framework/Versions/A/MessageSecurity
0x0000000198b2d000 	/System/Library/PrivateFrameworks/ProtocolBuffer.framework/Versions/A/ProtocolBuffer
0x000000019ef13000 	/System/Library/PrivateFrameworks/AppleFSCompression.framework/Versions/A/AppleFSCompression
0x000000019e82b000 	/usr/lib/libcoretls.dylib
0x00000001a0900000 	/usr/lib/libcoretls_cfhelpers.dylib
0x000000019f5f0000 	/usr/lib/libpam.2.dylib
0x00000001a0973000 	/usr/lib/libxar.1.dylib
0x000000019f49c000 	/usr/lib/libarchive.2.dylib
0x00000001a4a01000 	/System/Library/Frameworks/Combine.framework/Versions/A/Combine
0x000000023a5e3000 	/System/Library/PrivateFrameworks/CollectionsInternal.framework/Versions/A/CollectionsInternal
0x0000000257b07000 	/System/Library/PrivateFrameworks/ReflectionInternal.framework/Versions/A/ReflectionInternal
0x000000025879f000 	/System/Library/PrivateFrameworks/RuntimeInternal.framework/Versions/A/RuntimeInternal
0x0000000272059000 	/usr/lib/swift/libswiftSystem.dylib
0x000000019d90d000 	/System/Library/PrivateFrameworks/AppleSystemInfo.framework/Versions/A/AppleSystemInfo
0x00000001b9845000 	/System/Library/PrivateFrameworks/LoggingSupport.framework/Versions/A/LoggingSupport
0x000000019ad65000 	/System/Library/PrivateFrameworks/UserManagement.framework/Versions/A/UserManagement
0x0000000196f32000 	/usr/lib/libboringssl.dylib
0x0000000198f54000 	/usr/lib/libdns_services.dylib
0x00000001b8a34000 	/usr/lib/libquic.dylib
0x00000001a2595000 	/usr/lib/libusrtcp.dylib
0x00000001dbb64000 	/System/Library/PrivateFrameworks/InternalSwiftProtobuf.framework/Versions/A/InternalSwiftProtobuf
0x0000000271fa4000 	/usr/lib/swift/libswiftDistributed.dylib
0x0000000196ffc000 	/usr/lib/libnetwork.dylib
0x000000019f59a000 	/System/Library/PrivateFrameworks/AppleSauce.framework/Versions/A/AppleSauce
0x00000001925b8000 	/System/Library/PrivateFrameworks/Lexicon.framework/Versions/A/Lexicon
0x0000000249a25000 	/System/Library/PrivateFrameworks/IO80211.framework/Versions/A/IO80211
0x00000001a8859000 	/System/Library/PrivateFrameworks/FrontBoardServices.framework/Versions/A/FrontBoardServices
0x000000019e753000 	/System/Library/Frameworks/SecurityFoundation.framework/Versions/A/SecurityFoundation
0x000000019da34000 	/System/Library/PrivateFrameworks/LinguisticData.framework/Versions/A/LinguisticData
0x000000019e527000 	/System/Library/PrivateFrameworks/IOMobileFramebuffer.framework/Versions/A/IOMobileFramebuffer
0x0000000198d93000 	/System/Library/PrivateFrameworks/BaseBoard.framework/Versions/A/BaseBoard
0x00000001a8925000 	/System/Library/PrivateFrameworks/BoardServices.framework/Versions/A/BoardServices
0x000000019e745000 	/System/Library/PrivateFrameworks/AssertionServices.framework/Versions/A/AssertionServices
0x00000001aa523000 	/System/Library/PrivateFrameworks/BackBoardServices.framework/Versions/A/BackBoardServices
0x000000019cb21000 	/System/Library/PrivateFrameworks/FontServices.framework/libFontParser.dylib
0x0000000197475000 	/System/Library/PrivateFrameworks/TCC.framework/Versions/A/TCC
0x00000001adfc8000 	/System/Library/PrivateFrameworks/IOSurfaceAccelerator.framework/Versions/A/IOSurfaceAccelerator
0x00000001a13e5000 	/System/Library/PrivateFrameworks/WatchdogClient.framework/Versions/A/WatchdogClient
0x0000000193acb000 	/System/Library/Frameworks/CoreDisplay.framework/Versions/A/CoreDisplay
0x000000019c9b6000 	/System/Library/Frameworks/CoreMedia.framework/Versions/A/CoreMedia
0x000000019c70a000 	/System/Library/PrivateFrameworks/IOAccelerator.framework/Versions/A/IOAccelerator
0x000000019acc5000 	/System/Library/Frameworks/CoreVideo.framework/Versions/A/CoreVideo
0x000000019f5ee000 	/System/Library/Frameworks/MetalPerformanceShaders.framework/Versions/A/MetalPerformanceShaders
0x000000025702f000 	/System/Library/PrivateFrameworks/ProDisplayLibrary.framework/Versions/A/ProDisplayLibrary
0x00000001a142c000 	/System/Library/Frameworks/VideoToolbox.framework/Versions/A/VideoToolbox
0x000000019d90b000 	/System/Library/PrivateFrameworks/AggregateDictionary.framework/Versions/A/AggregateDictionary
0x00000001a0902000 	/System/Library/PrivateFrameworks/APFS.framework/Versions/A/APFS
0x0000000236d6c000 	/System/Library/PrivateFrameworks/AppleKeyStore.framework/Versions/A/AppleKeyStore
0x00000001a0982000 	/usr/lib/libutil.dylib
0x00000001a08e1000 	/usr/lib/liblzma.5.dylib
0x000000019a0b0000 	/System/Library/Frameworks/Accelerate.framework/Versions/A/Frameworks/vImage.framework/Versions/A/vImage
0x00000001a6adb000 	/System/Library/Frameworks/Accelerate.framework/Versions/A/Frameworks/vecLib.framework/Versions/A/vecLib
0x00000001a09ba000 	/System/Library/Frameworks/Accelerate.framework/Versions/A/Frameworks/vecLib.framework/Versions/A/libvMisc.dylib
0x0000000192228000 	/System/Library/Frameworks/Accelerate.framework/Versions/A/Frameworks/vecLib.framework/Versions/A/libBLAS.dylib
0x00000001a2eec000 	/System/Library/Frameworks/ApplicationServices.framework/Versions/A/Frameworks/ATS.framework/Versions/A/ATS
0x000000019829b000 	/System/Library/Frameworks/ApplicationServices.framework/Versions/A/Frameworks/HIServices.framework/Versions/A/HIServices
0x00000001a1a0b000 	/System/Library/Frameworks/ApplicationServices.framework/Versions/A/Frameworks/PrintCore.framework/Versions/A/PrintCore
0x00000001a32d8000 	/System/Library/Frameworks/ApplicationServices.framework/Versions/A/Frameworks/QD.framework/Versions/A/QD
0x00000001a32cf000 	/System/Library/Frameworks/ApplicationServices.framework/Versions/A/Frameworks/ColorSyncLegacy.framework/Versions/A/ColorSyncLegacy
0x00000001a2ebe000 	/System/Library/Frameworks/ApplicationServices.framework/Versions/A/Frameworks/SpeechSynthesis.framework/Versions/A/SpeechSynthesis
0x000000019e4f4000 	/System/Library/PrivateFrameworks/CoreEmoji.framework/Versions/A/CoreEmoji
0x0000000241082000 	/System/Library/PrivateFrameworks/FontServices.framework/Versions/A/FontServices
0x00000001a0f1e000 	/System/Library/PrivateFrameworks/OTSVG.framework/Versions/A/OTSVG
0x000000019a854000 	/System/Library/Frameworks/ApplicationServices.framework/Versions/A/Frameworks/ATS.framework/Versions/A/Resources/libFontRegistry.dylib
0x00000001a0f68000 	/System/Library/PrivateFrameworks/FontServices.framework/libhvf.dylib
0x0000000253092000 	/System/Library/PrivateFrameworks/ParsingInternal.framework/Versions/A/ParsingInternal
0x0000000271ffb000 	/usr/lib/swift/libswiftRegexBuilder.dylib
0x0000000272198000 	/usr/lib/swift/libswift_RegexParser.dylib
0x00000001a12ac000 	/System/Library/PrivateFrameworks/AppleJPEG.framework/Versions/A/AppleJPEG
0x00000001a0d33000 	/usr/lib/libexpat.1.dylib
0x00000001a18e0000 	/System/Library/Frameworks/ImageIO.framework/Versions/A/Resources/libPng.dylib
0x00000001a190b000 	/System/Library/Frameworks/ImageIO.framework/Versions/A/Resources/libTIFF.dylib
0x00000001a19f6000 	/System/Library/Frameworks/ImageIO.framework/Versions/A/Resources/libGIF.dylib
0x00000001a12f2000 	/System/Library/Frameworks/ImageIO.framework/Versions/A/Resources/libJP2.dylib
0x00000001a199c000 	/System/Library/Frameworks/ImageIO.framework/Versions/A/Resources/libJPEG.dylib
0x00000001a1993000 	/System/Library/Frameworks/ImageIO.framework/Versions/A/Resources/libRadiance.dylib
0x0000000245e4a000 	/System/Library/PrivateFrameworks/GPUCompiler.framework/Versions/32023/Libraries/libllvm-flatbuffers.dylib
0x0000000241148000 	/System/Library/PrivateFrameworks/FramePacing.framework/Versions/A/FramePacing
0x00000001ee733000 	/System/Library/Frameworks/OpenGL.framework/Versions/A/Libraries/libCoreFSCache.dylib
0x0000000241cf3000 	/System/Library/PrivateFrameworks/GPUCompiler.framework/Versions/32023/Libraries/libGPUCompilerUtils.dylib
0x0000000241083000 	/System/Library/PrivateFrameworks/FontServices.framework/libXTFontStaticRegistryData.dylib
0x00000001ac2de000 	/System/Library/PrivateFrameworks/ASEProcessing.framework/Versions/A/ASEProcessing
0x00000001d7c71000 	/System/Library/PrivateFrameworks/Symbolication.framework/Versions/A/Symbolication
0x0000000256245000 	/System/Library/PrivateFrameworks/PhotosensitivityProcessing.framework/Versions/A/PhotosensitivityProcessing
0x00000001a0f12000 	/System/Library/PrivateFrameworks/GraphVisualizer.framework/Versions/A/GraphVisualizer
0x00000001ee793000 	/System/Library/Frameworks/OpenGL.framework/Versions/A/Libraries/libGLU.dylib
0x00000001ee755000 	/System/Library/Frameworks/OpenGL.framework/Versions/A/Libraries/libGFXShared.dylib
0x00000001ee926000 	/System/Library/Frameworks/OpenGL.framework/Versions/A/Libraries/libGL.dylib
0x00000001ee75e000 	/System/Library/Frameworks/OpenGL.framework/Versions/A/Libraries/libGLImage.dylib
0x00000001ee752000 	/System/Library/Frameworks/OpenGL.framework/Versions/A/Libraries/libCVMSPluginSupport.dylib
0x00000002715b4000 	/usr/lib/libRosetta.dylib
0x00000001ee73b000 	/System/Library/Frameworks/OpenGL.framework/Versions/A/Libraries/libCoreVMClient.dylib
0x000000019d84d000 	/System/Library/Frameworks/MetalPerformanceShaders.framework/Versions/A/Frameworks/MPSCore.framework/Versions/A/MPSCore
0x000000019ee7f000 	/System/Library/Frameworks/MetalPerformanceShaders.framework/Versions/A/Frameworks/MPSImage.framework/Versions/A/MPSImage
0x000000019e8ce000 	/System/Library/Frameworks/MetalPerformanceShaders.framework/Versions/A/Frameworks/MPSNeuralNetwork.framework/Versions/A/MPSNeuralNetwork
0x000000019ed04000 	/System/Library/Frameworks/MetalPerformanceShaders.framework/Versions/A/Frameworks/MPSMatrix.framework/Versions/A/MPSMatrix
0x000000019eb1c000 	/System/Library/Frameworks/MetalPerformanceShaders.framework/Versions/A/Frameworks/MPSRayIntersector.framework/Versions/A/MPSRayIntersector
0x000000019ed36000 	/System/Library/Frameworks/MetalPerformanceShaders.framework/Versions/A/Frameworks/MPSNDArray.framework/Versions/A/MPSNDArray
0x00000001f250b000 	/System/Library/Frameworks/MetalPerformanceShaders.framework/Versions/A/Frameworks/MPSFunctions.framework/Versions/A/MPSFunctions
0x00000001f24ef000 	/System/Library/Frameworks/MetalPerformanceShaders.framework/Versions/A/Frameworks/MPSBenchmarkLoop.framework/Versions/A/MPSBenchmarkLoop
0x00000001920ac000 	/System/Library/PrivateFrameworks/MetalTools.framework/Versions/A/MetalTools
0x00000001be492000 	/System/Library/PrivateFrameworks/IOAccelMemoryInfo.framework/Versions/A/IOAccelMemoryInfo
0x00000001caf04000 	/System/Library/PrivateFrameworks/kperf.framework/Versions/A/kperf
0x00000001b9929000 	/System/Library/PrivateFrameworks/GPURawCounter.framework/Versions/A/GPURawCounter
0x00000001a8d6c000 	/System/Library/PrivateFrameworks/CoreSymbolication.framework/Versions/A/CoreSymbolication
0x00000001b98c3000 	/System/Library/PrivateFrameworks/MallocStackLogging.framework/Versions/A/MallocStackLogging
0x00000001a0ad1000 	/System/Library/PrivateFrameworks/CrashReporterSupport.framework/Versions/A/CrashReporterSupport
0x00000001a8d26000 	/System/Library/PrivateFrameworks/DebugSymbols.framework/Versions/A/DebugSymbols
0x00000001ca19c000 	/System/Library/PrivateFrameworks/OSAnalytics.framework/Versions/A/OSAnalytics
0x00000001a19c7000 	/System/Library/Frameworks/ApplicationServices.framework/Versions/A/Frameworks/ATSUI.framework/Versions/A/ATSUI
0x00000001a3262000 	/usr/lib/libcups.2.dylib
0x00000001a32fe000 	/System/Library/Frameworks/Kerberos.framework/Versions/A/Kerberos
0x00000001a2f6b000 	/usr/lib/libresolv.9.dylib
0x000000019f481000 	/usr/lib/libiconv.2.dylib
0x00000001a0f7b000 	/System/Library/PrivateFrameworks/Heimdal.framework/Versions/A/Heimdal
0x00000001ab0fc000 	/System/Library/Frameworks/Kerberos.framework/Versions/A/Libraries/libHeimdalProxy.dylib
0x00000001a0d4e000 	/usr/lib/libheimdal-asn1.dylib
0x000000019ab28000 	/System/Library/Frameworks/OpenDirectory.framework/Versions/A/OpenDirectory
0x00000001a336b000 	/System/Library/PrivateFrameworks/CommonAuth.framework/Versions/A/CommonAuth
0x000000019ab36000 	/System/Library/Frameworks/OpenDirectory.framework/Versions/A/Frameworks/CFOpenDirectory.framework/Versions/A/CFOpenDirectory
0x000000019f3d6000 	/usr/lib/libcharset.1.dylib
0x00000001eecc6000 	/System/Library/Frameworks/AVFAudio.framework/Versions/A/AVFAudio
0x00000001b3a7f000 	/System/Library/PrivateFrameworks/AXCoreUtilities.framework/Versions/A/AXCoreUtilities
0x000000024c844000 	/System/Library/PrivateFrameworks/IsolatedCoreAudioClient.framework/Versions/A/IsolatedCoreAudioClient
0x00000001a2ea5000 	/usr/lib/libAudioStatistics.dylib
0x000000019c98e000 	/System/Library/PrivateFrameworks/caulk.framework/Versions/A/caulk
0x0000000193bec000 	/System/Library/PrivateFrameworks/AudioToolboxCore.framework/Versions/A/AudioToolboxCore
0x00000001ad388000 	/System/Library/Frameworks/CoreMIDI.framework/Versions/A/CoreMIDI
0x00000001a2e48000 	/System/Library/PrivateFrameworks/AudioSession.framework/Versions/A/AudioSession
0x00000001a4771000 	/System/Library/Frameworks/IOBluetooth.framework/Versions/A/IOBluetooth
0x00000001a0e38000 	/System/Library/PrivateFrameworks/MediaExperience.framework/Versions/A/MediaExperience
0x0000000264090000 	/System/Library/PrivateFrameworks/Tightbeam.framework/Versions/A/Tightbeam
0x00000001cf70a000 	/System/Library/PrivateFrameworks/AFKUser.framework/Versions/A/AFKUser
0x00000001a0f5e000 	/System/Library/PrivateFrameworks/AppServerSupport.framework/Versions/A/AppServerSupport
0x00000001a32e2000 	/System/Library/PrivateFrameworks/perfdata.framework/Versions/A/perfdata
0x00000001b8b2b000 	/System/Library/PrivateFrameworks/SystemPolicy.framework/Versions/A/SystemPolicy
0x00000001a3181000 	/usr/lib/libSMC.dylib
0x00000001a18aa000 	/usr/lib/libAudioToolboxUtility.dylib
0x00000001a32f0000 	/usr/lib/libperfcheck.dylib
0x0000000237351000 	/System/Library/PrivateFrameworks/AudioAnalytics.framework/Versions/A/AudioAnalytics
0x00000001e2c96000 	/System/Library/PrivateFrameworks/FeatureFlags.framework/Versions/A/FeatureFlags
0x00000001db930000 	/System/Library/Frameworks/OSLog.framework/Versions/A/OSLog
0x000000019ef1f000 	/usr/lib/libbz2.1.0.dylib
0x00000001b98f5000 	/usr/lib/libmis.dylib
0x00000001a2c5b000 	/System/Library/PrivateFrameworks/AudioSession.framework/libSessionUtility.dylib
0x00000001a19fc000 	/System/Library/PrivateFrameworks/CMCaptureCore.framework/Versions/A/CMCaptureCore
0x00000001f0396000 	/System/Library/Frameworks/ExtensionFoundation.framework/Versions/A/ExtensionFoundation
0x00000001a8e80000 	/System/Library/PrivateFrameworks/CoreTime.framework/Versions/A/CoreTime
0x00000001a0c30000 	/System/Library/PrivateFrameworks/PlugInKit.framework/Versions/A/PlugInKit
0x00000001a7ab5000 	/System/Library/PrivateFrameworks/PowerLog.framework/Versions/A/PowerLog
0x00000001a79c4000 	/System/Library/Frameworks/CoreBluetooth.framework/Versions/A/CoreBluetooth
0x00000001ab0fd000 	/System/Library/Frameworks/AudioUnit.framework/Versions/A/AudioUnit
0x000000019e5b7000 	/System/Library/PrivateFrameworks/CoreUtils.framework/Versions/A/CoreUtils
0x000000023df4a000 	/System/Library/PrivateFrameworks/CoreUtilsExtras.framework/Versions/A/CoreUtilsExtras
0x00000001a6df9000 	/System/Library/Frameworks/MediaAccessibility.framework/Versions/A/MediaAccessibility
0x00000001c1d49000 	/System/Library/PrivateFrameworks/AttributeGraph.framework/Versions/A/AttributeGraph
0x0000000271254000 	/usr/lib/libAXSafeCategoryBundle.dylib
0x00000001b3b3c000 	/usr/lib/libAccessibility.dylib
0x000000019e401000 	/System/Library/Frameworks/Accelerate.framework/Versions/A/Frameworks/vecLib.framework/Versions/A/libvDSP.dylib
0x000000019f6cc000 	/System/Library/Frameworks/Accelerate.framework/Versions/A/Frameworks/vecLib.framework/Versions/A/libLAPACK.dylib
0x000000019e8b9000 	/System/Library/Frameworks/Accelerate.framework/Versions/A/Frameworks/vecLib.framework/Versions/A/libLinearAlgebra.dylib
0x000000019f5db000 	/System/Library/Frameworks/Accelerate.framework/Versions/A/Frameworks/vecLib.framework/Versions/A/libSparseBLAS.dylib
0x000000019f6c7000 	/System/Library/Frameworks/Accelerate.framework/Versions/A/Frameworks/vecLib.framework/Versions/A/libQuadrature.dylib
0x000000019da3b000 	/System/Library/Frameworks/Accelerate.framework/Versions/A/Frameworks/vecLib.framework/Versions/A/libBNNS.dylib
0x00000001926ba000 	/System/Library/Frameworks/Accelerate.framework/Versions/A/Frameworks/vecLib.framework/Versions/A/libSparse.dylib
0x000000024dda7000 	/System/Library/PrivateFrameworks/MIL.framework/Versions/A/MIL
0x00000001a198e000 	/System/Library/PrivateFrameworks/GPUWrangler.framework/Versions/A/GPUWrangler
0x00000001a196e000 	/System/Library/PrivateFrameworks/IOPresentment.framework/Versions/A/IOPresentment
0x00000001a1996000 	/System/Library/PrivateFrameworks/DSExternalDisplay.framework/Versions/A/DSExternalDisplay
0x00000001dbd3d000 	/System/Library/PrivateFrameworks/HIDDisplay.framework/Versions/A/HIDDisplay
0x00000001b2850000 	/System/Library/PrivateFrameworks/HID.framework/Versions/A/HID
0x00000002678b2000 	/System/Library/PrivateFrameworks/VideoToolboxParavirtualizationSupport.framework/Versions/A/VideoToolboxParavirtualizationSupport
0x00000001a0ce9000 	/System/Library/PrivateFrameworks/AppleVA.framework/Versions/A/AppleVA
0x00000001a89cf000 	/System/Library/PrivateFrameworks/GraphicsServices.framework/Versions/A/GraphicsServices
0x00000001a34d8000 	/System/Library/PrivateFrameworks/CorePhoneNumbers.framework/Versions/A/CorePhoneNumbers
0x00000001a7ba5000 	/System/Library/PrivateFrameworks/MediaKit.framework/Versions/A/MediaKit
0x00000001a7af0000 	/System/Library/Frameworks/DiscRecording.framework/Versions/A/DiscRecording
0x00000001a32c2000 	/System/Library/PrivateFrameworks/NetAuth.framework/Versions/A/NetAuth
0x000000019ad26000 	/System/Library/PrivateFrameworks/login.framework/Versions/A/Frameworks/loginsupport.framework/Versions/A/loginsupport
0x00000001a0d59000 	/System/Library/PrivateFrameworks/IconFoundation.framework/Versions/A/IconFoundation
0x00000001a0ac8000 	/usr/lib/libIOReport.dylib
0x0000000236f6c000 	/System/Library/PrivateFrameworks/AppleMobileFileIntegrity.framework/Versions/A/AppleMobileFileIntegrity
0x00000002715fa000 	/usr/lib/libTLE.dylib
0x00000001eb6a1000 	/System/Library/PrivateFrameworks/ConfigProfileHelper.framework/Versions/A/ConfigProfileHelper
0x000000019e855000 	/usr/lib/libmecab.dylib
0x00000001927af000 	/usr/lib/libCRFSuite.dylib
0x000000019d914000 	/System/Library/PrivateFrameworks/CoreNLP.framework/Versions/A/CoreNLP
0x000000019e8b6000 	/usr/lib/libgermantok.dylib
0x000000019f591000 	/usr/lib/libThaiTokenizer.dylib
0x000000019e81f000 	/usr/lib/libCheckFix.dylib
0x0000000199fbd000 	/System/Library/PrivateFrameworks/MetadataUtilities.framework/Versions/A/MetadataUtilities
0x0000000249c6e000 	/System/Library/PrivateFrameworks/InstalledContentLibrary.framework/Versions/A/InstalledContentLibrary
0x00000001952f6000 	/System/Library/PrivateFrameworks/CoreServicesStore.framework/Versions/A/CoreServicesStore
0x00000001cb010000 	/System/Library/PrivateFrameworks/MobileSystemServices.framework/Versions/A/MobileSystemServices
0x00000001a0986000 	/usr/lib/libxslt.1.dylib
0x000000019e7e1000 	/System/Library/PrivateFrameworks/BackgroundTaskManagement.framework/Versions/A/BackgroundTaskManagement
0x00000001aa8a9000 	/usr/lib/libcurl.4.dylib
0x0000000271833000 	/usr/lib/libcrypto.46.dylib
0x0000000271d80000 	/usr/lib/libssl.48.dylib
0x00000001aa57d000 	/System/Library/Frameworks/LDAP.framework/Versions/A/LDAP
0x00000001aa5b9000 	/System/Library/PrivateFrameworks/TrustEvaluationAgent.framework/Versions/A/TrustEvaluationAgent
0x00000001a2f84000 	/usr/lib/libsasl2.2.dylib
0x00000001b70fd000 	/usr/lib/swift/libswiftCoreGraphics.dylib
0x00000001a7433000 	/usr/lib/swift/libswiftFoundation.dylib
0x00000001eb158000 	/usr/lib/swift/libswiftSwiftOnoneSupport.dylib
0x00000001d8406000 	/System/Library/PrivateFrameworks/CoreMaterial.framework/Versions/A/CoreMaterial
0x0000000258892000 	/System/Library/PrivateFrameworks/SFSymbols.framework/Versions/A/SFSymbols
0x00000001a66f9000 	/System/Library/PrivateFrameworks/SpeechRecognitionCore.framework/Versions/A/SpeechRecognitionCore
0x0000000103478000 	/opt/homebrew/Cellar/openjdk@11/11.0.25/libexec/openjdk.jdk/Contents/Home/lib/server/libjvm.dylib
0x0000000102574000 	/opt/homebrew/Cellar/openjdk@11/11.0.25/libexec/openjdk.jdk/Contents/Home/lib/libverify.dylib
0x00000001025c4000 	/opt/homebrew/Cellar/openjdk@11/11.0.25/libexec/openjdk.jdk/Contents/Home/lib/libjava.dylib
0x000000010258c000 	/opt/homebrew/Cellar/openjdk@11/11.0.25/libexec/openjdk.jdk/Contents/Home/lib/libjimage.dylib
0x00000001025fc000 	/opt/homebrew/Cellar/openjdk@11/11.0.25/libexec/openjdk.jdk/Contents/Home/lib/libinstrument.dylib
0x0000000102670000 	/opt/homebrew/Cellar/openjdk@11/11.0.25/libexec/openjdk.jdk/Contents/Home/lib/libzip.dylib
0x00000001027d8000 	/opt/homebrew/Cellar/openjdk@11/11.0.25/libexec/openjdk.jdk/Contents/Home/lib/libnio.dylib
0x000000010323c000 	/opt/homebrew/Cellar/openjdk@11/11.0.25/libexec/openjdk.jdk/Contents/Home/lib/libnet.dylib
0x00000001027b8000 	/opt/homebrew/Cellar/openjdk@11/11.0.25/libexec/openjdk.jdk/Contents/Home/lib/libmanagement.dylib
0x00000001027f8000 	/opt/homebrew/Cellar/openjdk@11/11.0.25/libexec/openjdk.jdk/Contents/Home/lib/libmanagement_ext.dylib
0x0000000103260000 	/opt/homebrew/Cellar/openjdk@11/11.0.25/libexec/openjdk.jdk/Contents/Home/lib/libextnet.dylib


VM Arguments:
jvm_args: -javaagent:/Users/zch/software/skywalking-agent/skywalking-agent.jar -Dskywalking.agent.service_name=anynote-note -Dskywalking.collector.backend_service=127.0.0.1:11800 -XX:TieredStopAtLevel=1 -Xverify:none -Dspring.output.ansi.enabled=always -Dcom.sun.management.jmxremote -Dspring.jmx.enabled=true -Dspring.liveBeansView.mbeanDomain -Dspring.application.admin.enabled=true -Dmanagement.endpoints.jmx.exposure.include=* -javaagent:/Applications/IntelliJ IDEA.app/Contents/lib/idea_rt.jar=57568:/Applications/IntelliJ IDEA.app/Contents/bin -Dfile.encoding=UTF-8 
java_command: com.anynote.note.AnyNoteNoteApplication
java_class_path (initial): /Users/zch/code/anynote/Anynote-Cloud/anynote-modules/anynote-modules-note/target/classes:/Users/zch/.m2/repository/com/alibaba/cloud/spring-cloud-starter-alibaba-nacos-discovery/2021.0.4.0/spring-cloud-starter-alibaba-nacos-discovery-2021.0.4.0.jar:/Users/zch/.m2/repository/com/alibaba/cloud/spring-cloud-alibaba-commons/2021.0.4.0/spring-cloud-alibaba-commons-2021.0.4.0.jar:/Users/zch/.m2/repository/com/alibaba/nacos/nacos-client/2.0.4/nacos-client-2.0.4.jar:/Users/zch/.m2/repository/com/fasterxml/jackson/core/jackson-core/2.13.4/jackson-core-2.13.4.jar:/Users/zch/.m2/repository/org/apache/httpcomponents/httpasyncclient/4.1.5/httpasyncclient-4.1.5.jar:/Users/zch/.m2/repository/org/apache/httpcomponents/httpcore/4.4.16/httpcore-4.4.16.jar:/Users/zch/.m2/repository/org/apache/httpcomponents/httpcore-nio/4.4.16/httpcore-nio-4.4.16.jar:/Users/zch/.m2/repository/org/apache/httpcomponents/httpclient/4.5.14/httpclient-4.5.14.jar:/Users/zch/.m2/repository/org/reflections/reflections/0.9.11/reflections-0.9.11.jar:/Users/zch/.m2/repository/com/google/guava/guava/20.0/guava-20.0.jar:/Users/zch/.m2/repository/org/javassist/javassist/3.21.0-GA/javassist-3.21.0-GA.jar:/Users/zch/.m2/repository/io/prometheus/simpleclient/0.15.0/simpleclient-0.15.0.jar:/Users/zch/.m2/repository/io/prometheus/simpleclient_tracer_otel/0.15.0/simpleclient_tracer_otel-0.15.0.jar:/Users/zch/.m2/repository/io/prometheus/simpleclient_tracer_common/0.15.0/simpleclient_tracer_common-0.15.0.jar:/Users/zch/.m2/repository/io/prometheus/simpleclient_tracer_otel_agent/0.15.0/simpleclient_tracer_otel_agent-0.15.0.jar:/Users/zch/.m2/repository/org/yaml/snakeyaml/1.30/snakeyaml-1.30.jar:/Users/zch/.m2/repository/com/alibaba/spring/spring-context-support/1.0.11/spring-context-support-1.0.11.jar:/Users/zch/.m2/repository/org/springframework/cloud/spring-cloud-commons/3.1.5/spring-cloud-commons-3.1.5.jar:/Users/zch/.m2/repository/org/springframework/security/spring-security-crypto/5.7.6/s
Launcher Type: SUN_STANDARD

[Global flags]
     bool BytecodeVerificationLocal                = false                                     {product} {command line}
     bool BytecodeVerificationRemote               = false                                     {product} {command line}
     intx CICompilerCount                          = 4                                         {product} {ergonomic}
     uint ConcGCThreads                            = 2                                         {product} {ergonomic}
     uint G1ConcRefinementThreads                  = 8                                         {product} {ergonomic}
   size_t G1HeapRegionSize                         = 1048576                                   {product} {ergonomic}
    uintx GCDrainStackTargetSize                   = 64                                        {product} {ergonomic}
   size_t InitialHeapSize                          = 402653184                                 {product} {ergonomic}
     bool ManagementServer                         = true                                      {product} {command line}
   size_t MarkStackSize                            = 4194304                                   {product} {ergonomic}
   size_t MaxHeapSize                              = 6442450944                                {product} {ergonomic}
   size_t MaxNewSize                               = 3865051136                                {product} {ergonomic}
   size_t MinHeapDeltaBytes                        = 1048576                                   {product} {ergonomic}
    uintx NonNMethodCodeHeapSize                   = 7549744                                {pd product} {ergonomic}
    uintx NonProfiledCodeHeapSize                  = 244108496                              {pd product} {ergonomic}
    uintx ProfiledCodeHeapSize                     = 0                                      {pd product} {ergonomic}
    uintx ReservedCodeCacheSize                    = 251658240                              {pd product} {ergonomic}
     bool SegmentedCodeCache                       = true                                      {product} {ergonomic}
     intx TieredStopAtLevel                        = 1                                         {product} {command line}
     bool UseCompressedClassPointers               = true                                 {lp64_product} {ergonomic}
     bool UseCompressedOops                        = true                                 {lp64_product} {ergonomic}
     bool UseG1GC                                  = true                                      {product} {ergonomic}

Logging:
Log output configuration:
 #0: stdout all=warning uptime,level,tags
 #1: stderr all=off uptime,level,tags

Environment Variables:
PATH=/Users/zch/.nvm/versions/node/v18.20.4/bin:/Users/zch/miniconda3/bin:/Users/zch/miniconda3/condabin:/Users/zch/software/apache-maven-3.9.9/bin:/opt/homebrew/bin:/opt/homebrew/sbin:/usr/local/bin:/System/Cryptexes/App/usr/bin:/usr/bin:/bin:/usr/sbin:/sbin:/var/run/com.apple.security.cryptexd/codex.system/bootstrap/usr/local/bin:/var/run/com.apple.security.cryptexd/codex.system/bootstrap/usr/bin:/var/run/com.apple.security.cryptexd/codex.system/bootstrap/usr/appleinternal/bin:/Library/Apple/usr/bin:/Users/zch/.cargo/bin:/Users/zch/.lmstudio/bin
SHELL=/bin/zsh
LC_CTYPE=zh_CN.UTF-8
TMPDIR=/var/folders/3k/c0jh496n44v4f8t5jhnw4c900000gn/T/

Signal Handlers:
SIGSEGV: [libjvm.dylib+0x701dd0], sa_mask[0]=11111111011111110111111111111111, sa_flags=SA_ONSTACK|SA_RESTART|SA_SIGINFO
SIGBUS: [libjvm.dylib+0x701dd0], sa_mask[0]=11111111011111110111111111111111, sa_flags=SA_RESTART|SA_SIGINFO
SIGFPE: [libjvm.dylib+0x701dd0], sa_mask[0]=11111111011111110111111111111111, sa_flags=SA_RESTART|SA_SIGINFO
SIGPIPE: [libjvm.dylib+0x56a09c], sa_mask[0]=11111111011111110111111111111111, sa_flags=SA_RESTART|SA_SIGINFO
SIGXFSZ: [libjvm.dylib+0x56a09c], sa_mask[0]=11111111011111110111111111111111, sa_flags=SA_RESTART|SA_SIGINFO
SIGILL: [libjvm.dylib+0x701dd0], sa_mask[0]=11111111011111110111111111111111, sa_flags=SA_RESTART|SA_SIGINFO
SIGUSR2: [libjvm.dylib+0x56a698], sa_mask[0]=00000000000000000000000000000000, sa_flags=SA_RESTART|SA_SIGINFO
SIGHUP: [libjvm.dylib+0x568e30], sa_mask[0]=11111111011111110111111111111111, sa_flags=SA_RESTART|SA_SIGINFO
SIGINT: [libjvm.dylib+0x568e30], sa_mask[0]=11111111011111110111111111111111, sa_flags=SA_RESTART|SA_SIGINFO
SIGTERM: [libjvm.dylib+0x568e30], sa_mask[0]=11111111011111110111111111111111, sa_flags=SA_RESTART|SA_SIGINFO
SIGQUIT: [libjvm.dylib+0x568e30], sa_mask[0]=11111111011111110111111111111111, sa_flags=SA_RESTART|SA_SIGINFO


---------------  S Y S T E M  ---------------

OS:uname:Darwin 24.3.0 Darwin Kernel Version 24.3.0: Thu Jan  2 20:24:23 PST 2025; root:xnu-11215.81.4~3/RELEASE_ARM64_T8122 arm64
OS uptime: 1 days 0:08 hours
rlimit (soft/hard): STACK 8176k/65520k , CORE 0k/infinity , NPROC 4000/6000 , NOFILE 10240/infinity , AS infinity/infinity , CPU infinity/infinity , DATA infinity/infinity , FSIZE infinity/infinity , MEMLOCK infinity/infinity , RSS infinity/infinity
load average:130.51 95.93 49.45

CPU:total 8 (initial active 8) 0x61:0x0:0xfa33415e:0, simd, crc, lse

Memory: 16k page, physical 25165824k(90832k free), swap 15728640k(3059072k free)

vm_info: OpenJDK 64-Bit Server VM (11.0.25+0) for bsd-aarch64 JRE (11.0.25+0), built on Oct 15 2024 22:10:31 by "brew" with clang Homebrew Clang 19.1.1

END.
