#
# A fatal error has been detected by the Java Runtime Environment:
#
#  SIGSEGV (0xb) at pc=0x000000010234911c, pid=47937, tid=123907
#
# JRE version: OpenJDK Runtime Environment Homebrew (11.0.25) (build 11.0.25+0)
# Java VM: OpenJDK 64-Bit Server VM Homebrew (11.0.25+0, mixed mode, tiered, compressed oops, g1 gc, bsd-aarch64)
# Problematic frame:
# V  [libjvm.dylib+0x69511c]  ObjectSynchronizer::inflate(Thread*, oopDesc*, ObjectSynchronizer::InflateCause)+0x18c
#
# No core dump will be written. Core dumps have been disabled. To enable core dumping, try "ulimit -c unlimited" before starting Java again
#
# If you would like to submit a bug report, please visit:
#   https://github.com/Homebrew/homebrew-core/issues
#

---------------  S U M M A R Y ------------

Command Line: -javaagent:/Users/zch/software/skywalking-agent/skywalking-agent.jar -Dskywalking.agent.service_name=anynote-manage -Dskywalking.collector.backend_service=127.0.0.1:11800 -XX:TieredStopAtLevel=1 -Xverify:none -Dspring.output.ansi.enabled=always -Dcom.sun.management.jmxremote -Dspring.jmx.enabled=true -Dspring.liveBeansView.mbeanDomain -Dspring.application.admin.enabled=true -Dmanagement.endpoints.jmx.exposure.include=* -javaagent:/Applications/IntelliJ IDEA.app/Contents/lib/idea_rt.jar=57642:/Applications/IntelliJ IDEA.app/Contents/bin -Dfile.encoding=UTF-8 com.anynote.manage.AnyNoteManageApplication

Host: Mac15,12 arm64 1 MHz, 8 cores, 24G, Darwin 24.3.0
Time: Mon Apr  7 22:23:09 2025 CST elapsed time: 15.710642 seconds (0d 0h 0m 15s)

---------------  T H R E A D  ---------------

Current thread (0x000000012c93f000):  JavaThread "RMI TCP Connection(5)-127.0.0.1" daemon [_thread_in_Java, id=123907, stack(0x0000000315c20000,0x0000000315e23000)]

Stack: [0x0000000315c20000,0x0000000315e23000],  sp=0x0000000315e1bcf0,  free space=2031k
Native frames: (J=compiled Java code, A=aot compiled Java code, j=interpreted, Vv=VM code, C=native code)
V  [libjvm.dylib+0x69511c]  ObjectSynchronizer::inflate(Thread*, oopDesc*, ObjectSynchronizer::InflateCause)+0x18c
V  [libjvm.dylib+0x694f70]  ObjectSynchronizer::fast_exit(oopDesc*, BasicLock*, Thread*)+0x54
V  [libjvm.dylib+0x5e9130]  SharedRuntime::monitor_exit_helper(oopDesc*, BasicLock*, JavaThread*, bool)+0x44
V  [libjvm.dylib+0x12aa9c]  Runtime1::monitorexit(JavaThread*, BasicObjectLock*)+0x58
v  ~RuntimeStub::monitorexit_nofpu Runtime1 stub
C  0x00000006405f6820
V  [libjvm.dylib+0x32be34]  JavaCalls::call_helper(JavaValue*, methodHandle const&, JavaCallArguments*, Thread*)+0x2d8
V  [libjvm.dylib+0x3b27f0]  JVM_DoPrivileged+0x620
J 2713  java.security.AccessController.doPrivileged(Ljava/security/PrivilegedAction;Ljava/security/AccessControlContext;)Ljava/lang/Object; java.base@11.0.25 (0 bytes) @ 0x000000010bbf32e0 [0x000000010bbf3240+0x00000000000000a0]
C  0x3d7fa2e82ca1c864

Java frames: (J=compiled Java code, j=interpreted, Vv=VM code)
v  ~RuntimeStub::monitorexit_nofpu Runtime1 stub
J 369 c1 java.util.zip.ZipFile.getEntry(Ljava/lang/String;Ljava/util/function/Function;)Ljava/util/zip/ZipEntry; java.base@11.0.25 (73 bytes) @ 0x000000010b7ef364 [0x000000010b7ef100+0x0000000000000264]
J 1124 c1 java.util.jar.JarFile.getVersionedEntry(Ljava/lang/String;Ljava/util/jar/JarEntry;)Ljava/util/jar/JarEntry; java.base@11.0.25 (85 bytes) @ 0x000000010b939670 [0x000000010b939400+0x0000000000000270]
J 712 c1 java.util.jar.JarFile.getEntry(Ljava/lang/String;)Ljava/util/zip/ZipEntry; java.base@11.0.25 (22 bytes) @ 0x000000010b885108 [0x000000010b884f80+0x0000000000000188]
J 718 c1 jdk.internal.loader.URLClassPath$JarLoader.getResource(Ljava/lang/String;Z)Ljdk/internal/loader/Resource; java.base@11.0.25 (65 bytes) @ 0x000000010b886154 [0x000000010b8860c0+0x0000000000000094]
J 800 c1 jdk.internal.loader.URLClassPath$JarLoader.findResource(Ljava/lang/String;Z)Ljava/net/URL; java.base@11.0.25 (18 bytes) @ 0x000000010b8aa118 [0x000000010b8aa0c0+0x0000000000000058]
J 3330 c1 jdk.internal.loader.URLClassPath.findResource(Ljava/lang/String;Z)Ljava/net/URL; java.base@11.0.25 (38 bytes) @ 0x000000010bd06244 [0x000000010bd061c0+0x0000000000000084]
J 3310 c1 jdk.internal.loader.BuiltinClassLoader.findResourceOnClassPath(Ljava/lang/String;)Ljava/net/URL; java.base@11.0.25 (41 bytes) @ 0x000000010bd02830 [0x000000010bd02780+0x00000000000000b0]
J 2992 c1 jdk.internal.loader.BuiltinClassLoader.findResource(Ljava/lang/String;)Ljava/net/URL; java.base@11.0.25 (154 bytes) @ 0x000000010bc73308 [0x000000010bc730c0+0x0000000000000248]
J 2990 c1 java.lang.ClassLoader.getResource(Ljava/lang/String;)Ljava/net/URL; java.base@11.0.25 (41 bytes) @ 0x000000010bc710cc [0x000000010bc71000+0x00000000000000cc]
J 3456 c1 java.lang.ClassLoader.getResourceAsStream(Ljava/lang/String;)Ljava/io/InputStream; java.base@11.0.25 (27 bytes) @ 0x000000010bd32470 [0x000000010bd32400+0x0000000000000070]
J 4656 c1 org.apache.skywalking.apm.dependencies.net.bytebuddy.dynamic.ClassFileLocator$ForClassLoader.locate(Ljava/lang/ClassLoader;Ljava/lang/String;)Lorg/apache/skywalking/apm/dependencies/net/bytebuddy/dynamic/ClassFileLocator$Resolution; (80 bytes) @ 0x000000010bef8afc [0x000000010bef8980+0x000000000000017c]
J 2886 c1 org.apache.skywalking.apm.dependencies.net.bytebuddy.dynamic.ClassFileLocator$ForClassLoader.locate(Ljava/lang/String;)Lorg/apache/skywalking/apm/dependencies/net/bytebuddy/dynamic/ClassFileLocator$Resolution; (9 bytes) @ 0x000000010bc46c20 [0x000000010bc46bc0+0x0000000000000060]
J 4651 c1 org.apache.skywalking.apm.dependencies.net.bytebuddy.dynamic.ClassFileLocator$Compound.locate(Ljava/lang/String;)Lorg/apache/skywalking/apm/dependencies/net/bytebuddy/dynamic/ClassFileLocator$Resolution; (63 bytes) @ 0x000000010bef752c [0x000000010bef7440+0x00000000000000ec]
J 4650 c1 org.apache.skywalking.apm.dependencies.net.bytebuddy.pool.TypePool$Default.doDescribe(Ljava/lang/String;)Lorg/apache/skywalking/apm/dependencies/net/bytebuddy/pool/TypePool$Resolution; (61 bytes) @ 0x000000010bef6780 [0x000000010bef6700+0x0000000000000080]
J 2538 c1 org.apache.skywalking.apm.dependencies.net.bytebuddy.pool.TypePool$Default$WithLazyResolution$LazyTypeDescription.delegate()Lorg/apache/skywalking/apm/dependencies/net/bytebuddy/description/type/TypeDescription; (66 bytes) @ 0x000000010bba0458 [0x000000010bba0380+0x00000000000000d8]
J 3269 c1 org.apache.skywalking.apm.dependencies.net.bytebuddy.description.type.TypeDescription$AbstractBase$OfSimpleType$WithDelegation.getEnclosingType()Lorg/apache/skywalking/apm/dependencies/net/bytebuddy/description/type/TypeDescription; (10 bytes) @ 0x000000010bcecb24 [0x000000010bcecac0+0x0000000000000064]
J 2572 c1 org.apache.skywalking.apm.dependencies.net.bytebuddy.pool.TypePool$Default$LazyTypeDescription$GenericTypeToken$ForParameterizedType$LazyParameterizedType.getOwnerType()Lorg/apache/skywalking/apm/dependencies/net/bytebuddy/description/type/TypeDescription$Generic; (41 bytes) @ 0x000000010bbb2a20 [0x000000010bbb2980+0x00000000000000a0]
J 2564 c1 org.apache.skywalking.apm.dependencies.net.bytebuddy.description.type.TypeDescription$Generic$Visitor$Substitutor.onParameterizedType(Lorg/apache/skywalking/apm/dependencies/net/bytebuddy/description/type/TypeDescription$Generic;)Lorg/apache/skywalking/apm/dependencies/net/bytebuddy/description/type/TypeDescription$Generic; (129 bytes) @ 0x000000010bba9270 [0x000000010bba9200+0x0000000000000070]
J 2577 c1 org.apache.skywalking.apm.dependencies.net.bytebuddy.description.type.TypeDescription$Generic$Visitor$Substitutor$WithoutTypeSubstitution.onParameterizedType(Lorg/apache/skywalking/apm/dependencies/net/bytebuddy/description/type/TypeDescription$Generic;)Ljava/lang/Object; (6 bytes) @ 0x000000010bbb3e98 [0x000000010bbb3e40+0x0000000000000058]
J 2563 c1 org.apache.skywalking.apm.dependencies.net.bytebuddy.description.type.TypeDescription$Generic$OfParameterizedType.accept(Lorg/apache/skywalking/apm/dependencies/net/bytebuddy/description/type/TypeDescription$Generic$Visitor;)Ljava/lang/Object; (8 bytes) @ 0x000000010bbab330 [0x000000010bbab2c0+0x0000000000000070]
J 1864 c1 org.apache.skywalking.apm.dependencies.net.bytebuddy.description.type.TypeDescription$Generic$LazyProjection.accept(Lorg/apache/skywalking/apm/dependencies/net/bytebuddy/description/type/TypeDescription$Generic$Visitor;)Ljava/lang/Object; (11 bytes) @ 0x000000010ba8e040 [0x000000010ba8dfc0+0x0000000000000080]
J 2477 c1 org.apache.skywalking.apm.dependencies.net.bytebuddy.description.type.TypeDescription$Generic$LazyProjection$WithResolvedErasure.resolve()Lorg/apache/skywalking/apm/dependencies/net/bytebuddy/description/type/TypeDescription$Generic; (66 bytes) @ 0x000000010bb8d95c [0x000000010bb8d8c0+0x000000000000009c]
J 2569 c1 org.apache.skywalking.apm.dependencies.net.bytebuddy.description.type.TypeDescription$Generic$LazyProjection$WithEagerNavigation.getSuperClass()Lorg/apache/skywalking/apm/dependencies/net/bytebuddy/description/type/TypeDescription$Generic; (10 bytes) @ 0x000000010bbb5824 [0x000000010bbb57c0+0x0000000000000064]
J 1964 c1 org.apache.skywalking.apm.dependencies.net.bytebuddy.description.type.TypeDefinition$SuperClassIterator.next()Lorg/apache/skywalking/apm/dependencies/net/bytebuddy/description/type/TypeDefinition; (49 bytes) @ 0x000000010bab3a10 [0x000000010bab3980+0x0000000000000090]
J 1956 c1 org.apache.skywalking.apm.dependencies.net.bytebuddy.description.type.TypeDefinition$SuperClassIterator.next()Ljava/lang/Object; (5 bytes) @ 0x000000010bab2118 [0x000000010bab20c0+0x0000000000000058]
J 1999 c1 org.apache.skywalking.apm.dependencies.net.bytebuddy.matcher.HasSuperTypeMatcher.doMatch(Lorg/apache/skywalking/apm/dependencies/net/bytebuddy/description/type/TypeDescription;)Z (168 bytes) @ 0x000000010babfbd4 [0x000000010babfa80+0x0000000000000154]
J 1998 c1 org.apache.skywalking.apm.dependencies.net.bytebuddy.matcher.HasSuperTypeMatcher.doMatch(Ljava/lang/Object;)Z (9 bytes) @ 0x000000010bac0de0 [0x000000010bac0d40+0x00000000000000a0]
J 1842 c1 org.apache.skywalking.apm.dependencies.net.bytebuddy.matcher.ElementMatcher$Junction$ForNonNullValues.matches(Ljava/lang/Object;)Z (18 bytes) @ 0x000000010ba88eb0 [0x000000010ba88e40+0x0000000000000070]
J 1958 c1 org.apache.skywalking.apm.dependencies.net.bytebuddy.matcher.ElementMatcher$Junction$Conjunction.matches(Ljava/lang/Object;)Z (46 bytes) @ 0x000000010bab086c [0x000000010bab0780+0x00000000000000ec]
J 2023 c1 org.apache.skywalking.apm.dependencies.net.bytebuddy.matcher.ElementMatcher$Junction$Disjunction.matches(Ljava/lang/Object;)Z (46 bytes) @ 0x000000010bac866c [0x000000010bac8580+0x00000000000000ec]
J 1958 c1 org.apache.skywalking.apm.dependencies.net.bytebuddy.matcher.ElementMatcher$Junction$Conjunction.matches(Ljava/lang/Object;)Z (46 bytes) @ 0x000000010bab086c [0x000000010bab0780+0x00000000000000ec]
J 2794 c1 org.apache.skywalking.apm.agent.core.plugin.match.ProtectiveShieldMatcher.matches(Ljava/lang/Object;)Z (40 bytes) @ 0x000000010bc0f12c [0x000000010bc0f0c0+0x000000000000006c]
J 2069 c1 org.apache.skywalking.apm.dependencies.net.bytebuddy.agent.builder.AgentBuilder$RawMatcher$ForElementMatchers.matches(Lorg/apache/skywalking/apm/dependencies/net/bytebuddy/description/type/TypeDescription;Ljava/lang/ClassLoader;Lorg/apache/skywalking/apm/dependencies/net/bytebuddy/utility/JavaModule;Ljava/lang/Class;Ljava/security/ProtectionDomain;)Z (45 bytes) @ 0x000000010badc158 [0x000000010badc080+0x00000000000000d8]
J 4265 c1 org.apache.skywalking.apm.dependencies.net.bytebuddy.agent.builder.AgentBuilder$Default$ExecutingTransformer.doTransform(Lorg/apache/skywalking/apm/dependencies/net/bytebuddy/utility/JavaModule;Ljava/lang/ClassLoader;Ljava/lang/String;Ljava/lang/Class;ZLjava/security/ProtectionDomain;Lorg/apache/skywalking/apm/dependencies/net/bytebuddy/pool/TypePool;Lorg/apache/skywalking/apm/dependencies/net/bytebuddy/dynamic/ClassFileLocator;)[B (317 bytes) @ 0x000000010be71178 [0x000000010be70f80+0x00000000000001f8]
J 2784 c1 org.apache.skywalking.apm.dependencies.net.bytebuddy.agent.builder.AgentBuilder$Default$ExecutingTransformer.transform(Lorg/apache/skywalking/apm/dependencies/net/bytebuddy/utility/JavaModule;Ljava/lang/ClassLoader;Ljava/lang/String;Ljava/lang/Class;Ljava/security/ProtectionDomain;[B)[B (442 bytes) @ 0x000000010bc12368 [0x000000010bc11e80+0x00000000000004e8]
J 2715 c1 org.apache.skywalking.apm.dependencies.net.bytebuddy.agent.builder.AgentBuilder$Default$ExecutingTransformer$Java9CapableVmDispatcher.run()Ljava/lang/Object; (5 bytes) @ 0x000000010bbf3d70 [0x000000010bbf3cc0+0x00000000000000b0]
v  ~StubRoutines::call_stub
J 2713  java.security.AccessController.doPrivileged(Ljava/security/PrivilegedAction;Ljava/security/AccessControlContext;)Ljava/lang/Object; java.base@11.0.25 (0 bytes) @ 0x000000010bbf32e4 [0x000000010bbf3240+0x00000000000000a4]
J 2675 c1 org.apache.skywalking.apm.dependencies.net.bytebuddy.agent.builder.AgentBuilder$Default$ExecutingTransformer.transform(Ljava/lang/Object;Ljava/lang/ClassLoader;Ljava/lang/String;Ljava/lang/Class;Ljava/security/ProtectionDomain;[B)[B (72 bytes) @ 0x000000010bbdfa54 [0x000000010bbdf8c0+0x0000000000000194]
J 2324 c1 org.apache.skywalking.apm.dependencies.net.bytebuddy.agent.builder.AgentBuilder$Default$ExecutingTransformer$ByteBuddy$ModuleSupport.transform(Ljava/lang/Module;Ljava/lang/ClassLoader;Ljava/lang/String;Ljava/lang/Class;Ljava/security/ProtectionDomain;[B)[B (14 bytes) @ 0x000000010bb47f18 [0x000000010bb47ec0+0x0000000000000058]
J 2323 c1 sun.instrument.TransformerManager.transform(Ljava/lang/Module;Ljava/lang/ClassLoader;Ljava/lang/String;Ljava/lang/Class;Ljava/security/ProtectionDomain;[B)[B java.instrument@11.0.25 (100 bytes) @ 0x000000010bb474a8 [0x000000010bb473c0+0x00000000000000e8]
J 2322 c1 sun.instrument.InstrumentationImpl.transform(Ljava/lang/Module;Ljava/lang/ClassLoader;Ljava/lang/String;Ljava/lang/Class;Ljava/security/ProtectionDomain;[BZ)[B java.instrument@11.0.25 (73 bytes) @ 0x000000010bb47aa8 [0x000000010bb479c0+0x00000000000000e8]
v  ~StubRoutines::call_stub
J 1495  java.lang.ClassLoader.defineClass1(Ljava/lang/ClassLoader;Ljava/lang/String;[BIILjava/security/ProtectionDomain;Ljava/lang/String;)Ljava/lang/Class; java.base@11.0.25 (0 bytes) @ 0x000000010ba00920 [0x000000010ba00840+0x00000000000000e0]
J 1446 c1 java.lang.ClassLoader.defineClass(Ljava/lang/String;[BIILjava/security/ProtectionDomain;)Ljava/lang/Class; java.base@11.0.25 (43 bytes) @ 0x000000010b9e876c [0x000000010b9e8680+0x00000000000000ec]
J 1579 c1 jdk.internal.loader.BuiltinClassLoader.defineClass(Ljava/lang/String;Ljdk/internal/loader/Resource;)Ljava/lang/Class; java.base@11.0.25 (121 bytes) @ 0x000000010ba22f3c [0x000000010ba22a80+0x00000000000004bc]
J 1445 c1 jdk.internal.loader.BuiltinClassLoader.findClassOnClassPathOrNull(Ljava/lang/String;)Ljava/lang/Class; java.base@11.0.25 (64 bytes) @ 0x000000010b9e7fb4 [0x000000010b9e7ec0+0x00000000000000f4]
J 5448 c1 jdk.internal.loader.BuiltinClassLoader.loadClassOrNull(Ljava/lang/String;Z)Ljava/lang/Class; java.base@11.0.25 (143 bytes) @ 0x000000010c01a210 [0x000000010c019dc0+0x0000000000000450]
J 1416 c1 jdk.internal.loader.ClassLoaders$AppClassLoader.loadClass(Ljava/lang/String;Z)Ljava/lang/Class; java.base@11.0.25 (40 bytes) @ 0x000000010b9dba70 [0x000000010b9db940+0x0000000000000130]
J 1412 c1 java.lang.ClassLoader.loadClass(Ljava/lang/String;)Ljava/lang/Class; java.base@11.0.25 (7 bytes) @ 0x000000010b9d9da8 [0x000000010b9d9d40+0x0000000000000068]
v  ~StubRoutines::call_stub
j  com.fasterxml.jackson.databind.deser.BasicDeserializerFactory.findDefaultDeserializer(Lcom/fasterxml/jackson/databind/DeserializationContext;Lcom/fasterxml/jackson/databind/JavaType;Lcom/fasterxml/jackson/databind/BeanDescription;)Lcom/fasterxml/jackson/databind/JsonDeserializer;+69
j  com.fasterxml.jackson.databind.deser.BeanDeserializerFactory.findStdDeserializer(Lcom/fasterxml/jackson/databind/DeserializationContext;Lcom/fasterxml/jackson/databind/JavaType;Lcom/fasterxml/jackson/databind/BeanDescription;)Lcom/fasterxml/jackson/databind/JsonDeserializer;+4
j  com.fasterxml.jackson.databind.deser.BeanDeserializerFactory.createBeanDeserializer(Lcom/fasterxml/jackson/databind/DeserializationContext;Lcom/fasterxml/jackson/databind/JavaType;Lcom/fasterxml/jackson/databind/BeanDescription;)Lcom/fasterxml/jackson/databind/JsonDeserializer;+158
j  com.fasterxml.jackson.databind.deser.DeserializerCache._createDeserializer2(Lcom/fasterxml/jackson/databind/DeserializationContext;Lcom/fasterxml/jackson/databind/deser/DeserializerFactory;Lcom/fasterxml/jackson/databind/JavaType;Lcom/fasterxml/jackson/databind/BeanDescription;)Lcom/fasterxml/jackson/databind/JsonDeserializer;+220
j  com.fasterxml.jackson.databind.deser.DeserializerCache._createDeserializer(Lcom/fasterxml/jackson/databind/DeserializationContext;Lcom/fasterxml/jackson/databind/deser/DeserializerFactory;Lcom/fasterxml/jackson/databind/JavaType;)Lcom/fasterxml/jackson/databind/JsonDeserializer;+135
j  com.fasterxml.jackson.databind.deser.DeserializerCache._createAndCache2(Lcom/fasterxml/jackson/databind/DeserializationContext;Lcom/fasterxml/jackson/databind/deser/DeserializerFactory;Lcom/fasterxml/jackson/databind/JavaType;)Lcom/fasterxml/jackson/databind/JsonDeserializer;+4
j  com.fasterxml.jackson.databind.deser.DeserializerCache._createAndCacheValueDeserializer(Lcom/fasterxml/jackson/databind/DeserializationContext;Lcom/fasterxml/jackson/databind/deser/DeserializerFactory;Lcom/fasterxml/jackson/databind/JavaType;)Lcom/fasterxml/jackson/databind/JsonDeserializer;+68
j  com.fasterxml.jackson.databind.deser.DeserializerCache.findValueDeserializer(Lcom/fasterxml/jackson/databind/DeserializationContext;Lcom/fasterxml/jackson/databind/deser/DeserializerFactory;Lcom/fasterxml/jackson/databind/JavaType;)Lcom/fasterxml/jackson/databind/JsonDeserializer;+16
j  com.fasterxml.jackson.databind.DeserializationContext.findContextualValueDeserializer(Lcom/fasterxml/jackson/databind/JavaType;Lcom/fasterxml/jackson/databind/BeanProperty;)Lcom/fasterxml/jackson/databind/JsonDeserializer;+10
j  com.fasterxml.jackson.databind.deser.std.MapDeserializer.createContextual(Lcom/fasterxml/jackson/databind/DeserializationContext;Lcom/fasterxml/jackson/databind/BeanProperty;)Lcom/fasterxml/jackson/databind/JsonDeserializer;+82
j  com.fasterxml.jackson.databind.DeserializationContext.handleSecondaryContextualization(Lcom/fasterxml/jackson/databind/JsonDeserializer;Lcom/fasterxml/jackson/databind/BeanProperty;Lcom/fasterxml/jackson/databind/JavaType;)Lcom/fasterxml/jackson/databind/JsonDeserializer;+29
j  com.fasterxml.jackson.databind.DeserializationContext.findRootValueDeserializer(Lcom/fasterxml/jackson/databind/JavaType;)Lcom/fasterxml/jackson/databind/JsonDeserializer;+24
j  com.fasterxml.jackson.databind.ObjectMapper._findRootDeserializer(Lcom/fasterxml/jackson/databind/DeserializationContext;Lcom/fasterxml/jackson/databind/JavaType;)Lcom/fasterxml/jackson/databind/JsonDeserializer;+20
j  com.fasterxml.jackson.databind.ObjectMapper._convert(Ljava/lang/Object;Lcom/fasterxml/jackson/databind/JavaType;)Ljava/lang/Object;+145
j  com.fasterxml.jackson.databind.ObjectMapper.convertValue(Ljava/lang/Object;Lcom/fasterxml/jackson/databind/JavaType;)Ljava/lang/Object;+3
j  org.springframework.boot.actuate.endpoint.jmx.JacksonJmxOperationResponseMapper.mapResponse(Ljava/lang/Object;)Ljava/lang/Object;+57
j  org.springframework.boot.actuate.endpoint.jmx.EndpointMBean.invoke(Lorg/springframework/boot/actuate/endpoint/jmx/JmxOperation;[Ljava/lang/Object;)Ljava/lang/Object;+90
j  org.springframework.boot.actuate.endpoint.jmx.EndpointMBean.invoke(Ljava/lang/String;[Ljava/lang/Object;[Ljava/lang/String;)Ljava/lang/Object;+91
j  com.sun.jmx.interceptor.DefaultMBeanServerInterceptor.invoke(Ljavax/management/ObjectName;Ljava/lang/String;[Ljava/lang/Object;[Ljava/lang/String;)Ljava/lang/Object;+28 java.management@11.0.25
j  com.sun.jmx.mbeanserver.JmxMBeanServer.invoke(Ljavax/management/ObjectName;Ljava/lang/String;[Ljava/lang/Object;[Ljava/lang/String;)Ljava/lang/Object;+13 java.management@11.0.25
j  javax.management.remote.rmi.RMIConnectionImpl.doOperation(I[Ljava/lang/Object;)Ljava/lang/Object;+370 java.management.rmi@11.0.25
j  javax.management.remote.rmi.RMIConnectionImpl$PrivilegedOperation.run()Ljava/lang/Object;+12 java.management.rmi@11.0.25
j  javax.management.remote.rmi.RMIConnectionImpl.doPrivilegedOperation(I[Ljava/lang/Object;Ljavax/security/auth/Subject;)Ljava/lang/Object;+79 java.management.rmi@11.0.25
j  javax.management.remote.rmi.RMIConnectionImpl.invoke(Ljavax/management/ObjectName;Ljava/lang/String;Ljava/rmi/MarshalledObject;[Ljava/lang/String;Ljavax/security/auth/Subject;)Ljava/lang/Object;+131 java.management.rmi@11.0.25
j  jdk.internal.reflect.GeneratedMethodAccessor55.invoke(Ljava/lang/Object;[Ljava/lang/Object;)Ljava/lang/Object;+72 java.base@11.0.25
J 1738 c1 jdk.internal.reflect.DelegatingMethodAccessorImpl.invoke(Ljava/lang/Object;[Ljava/lang/Object;)Ljava/lang/Object; java.base@11.0.25 (10 bytes) @ 0x000000010ba5e4ac [0x000000010ba5e440+0x000000000000006c]
J 1737 c1 java.lang.reflect.Method.invoke(Ljava/lang/Object;[Ljava/lang/Object;)Ljava/lang/Object; java.base@11.0.25 (65 bytes) @ 0x000000010ba5df7c [0x000000010ba5de80+0x00000000000000fc]
j  sun.rmi.server.UnicastServerRef.dispatch(Ljava/rmi/Remote;Ljava/rmi/server/RemoteCall;)V+264 java.rmi@11.0.25
j  sun.rmi.transport.Transport$1.run()Ljava/lang/Void;+23 java.rmi@11.0.25
j  sun.rmi.transport.Transport$1.run()Ljava/lang/Object;+1 java.rmi@11.0.25
v  ~StubRoutines::call_stub
J 8734  java.security.AccessController.doPrivileged(Ljava/security/PrivilegedExceptionAction;Ljava/security/AccessControlContext;)Ljava/lang/Object; java.base@11.0.25 (0 bytes) @ 0x000000010c5f1e64 [0x000000010c5f1dc0+0x00000000000000a4]
j  sun.rmi.transport.Transport.serviceCall(Ljava/rmi/server/RemoteCall;)Z+157 java.rmi@11.0.25
j  sun.rmi.transport.tcp.TCPTransport.handleMessages(Lsun/rmi/transport/Connection;Z)V+145 java.rmi@11.0.25
j  sun.rmi.transport.tcp.TCPTransport$ConnectionHandler.run0()V+490 java.rmi@11.0.25
j  sun.rmi.transport.tcp.TCPTransport$ConnectionHandler.lambda$run$0()Ljava/lang/Void;+1 java.rmi@11.0.25
j  sun.rmi.transport.tcp.TCPTransport$ConnectionHandler$$Lambda$165.run()Ljava/lang/Object;+4 java.rmi@11.0.25
v  ~StubRoutines::call_stub
J 2713  java.security.AccessController.doPrivileged(Ljava/security/PrivilegedAction;Ljava/security/AccessControlContext;)Ljava/lang/Object; java.base@11.0.25 (0 bytes) @ 0x000000010bbf32e4 [0x000000010bbf3240+0x00000000000000a4]
j  sun.rmi.transport.tcp.TCPTransport$ConnectionHandler.run()V+37 java.rmi@11.0.25
j  java.util.concurrent.ThreadPoolExecutor.runWorker(Ljava/util/concurrent/ThreadPoolExecutor$Worker;)V+92 java.base@11.0.25
j  java.util.concurrent.ThreadPoolExecutor$Worker.run()V+5 java.base@11.0.25
j  java.lang.Thread.run()V+11 java.base@11.0.25
v  ~StubRoutines::call_stub

siginfo: si_signo: 11 (SIGSEGV), si_code: 2 (SEGV_ACCERR), si_addr: 0x0000000000000000

Register to memory mapping:

 x0=0x0 is NULL
 x1=0x00000006405f6820 is an oop: java.util.jar.JarFile 
{0x00000006405f6820} - klass: 'java/util/jar/JarFile'
 - ---- fields (total size 8 words):
 - private 'lastEntryPos' 'I' @12  3443 (d73)
 - private volatile 'closeRequested' 'Z' @16  false
 - private final 'name' 'Ljava/lang/String;' @20  "/Users/zch/.m2/repository/com/fasterxml/jackson/core/jackson-databind/2.13.4.2/jackson-databind-2.13.4.2.jar"{0x00000006412d1888} (c825a311)
 - private final synchronized 'zc' 'Ljava/util/zip/ZipCoder;' @24  a 'java/util/zip/ZipCoder$UTF8'{0x0000000640af2b60} (c815e56c)
 - private final synchronized 'res' 'Ljava/util/zip/ZipFile$CleanableResource;' @28  a 'java/util/zip/ZipFile$CleanableResource'{0x00000006405f6860} (c80bed0c)
 - private 'lastEntryName' 'Ljava/lang/String;' @32  "com/fasterxml/jackson/databind/JsonDeserializer.class"{0x00000006774b9388} (cee97271)
 - private final 'versionFeature' 'I' @36  11 (b)
 - private 'jvInitialized' 'Z' @40  false
 - private 'verify' 'Z' @41  false
 - private 'isMultiRelease' 'Z' @42  true
 - private 'hasClassPathAttribute' 'Z' @43  false
 - private volatile 'hasCheckedSpecialAttributes' 'Z' @44  true
 - private strict 'manRef' 'Ljava/lang/ref/SoftReference;' @48  a 'java/lang/ref/SoftReference'{0x00000006561d66d0} (cac3acda)
 - private 'manEntry' 'Ljava/util/jar/JarEntry;' @52  a 'java/util/jar/JarFile$JarFileEntry'{0x00000006405f6bd0} (c80bed7a)
 - private 'jv' 'Ljava/util/jar/JarVerifier;' @56  
[error occurred during error reporting (printing register info), id 0xb, SIGSEGV (0xb) at pc=0x000000010220d918]

Registers:
 x0=0x0000000000000000  x1=0x00000006405f6820  x2=0x0000000000000000  x3=0x0000000000000001
 x4=0x000000004a8ab09e  x5=0x00000006405f6a18  x6=0x00000006774ba3b0  x7=0x736b63616a2f6c6d
 x8=0x0000000000000000  x9=0x0000000000001889 x10=0x0000000000000000 x11=0x7a696c6169726573
x12=0x7373616c632e7265 x13=0x000000000000000d x14=0x0000000000000009 x15=0x0000000000000003
x16=0x0000000000000020 x17=0x00006000008cf180 x18=0x0000000000000000 x19=0x0000000000000000
x20=0x00000006405f6820 x21=0x00000001358ba580 x22=0x000000012c93f000 x23=0x0000000000000000
x24=0x000000010253fa84 x25=0x0000000000000000 x26=0x0000000101882fa0 x27=0x0000000000000000
x28=0x000000012c93f000  fp=0x0000000315e1bda0  lr=0x0000000102349118  sp=0x0000000315e1bcf0
pc=0x000000010234911c cpsr=0x0000000060001000
Top of Stack: (sp=0x0000000315e1bcf0)
0x0000000315e1bcf0:   0000000000000000 00008000ffffffff
0x0000000315e1bd00:   0000000315e1d510 000000010b7d9324
0x0000000315e1bd10:   00000006410a8088 0000000641000ae8
0x0000000315e1bd20:   0000000300000000 00008000ffffffff
0x0000000315e1bd30:   0000000000000000 0000000000000000
0x0000000315e1bd40:   0000000315e1d500 000000010b7f35a4
0x0000000315e1bd50:   0000000300000000 000000010bd309b8
0x0000000315e1bd60:   0000000101882fa0 000000000000000c
0x0000000315e1bd70:   0000000315e1c4d0 0000000000000000
0x0000000315e1bd80:   000000012c93f000 0000000000000001
0x0000000315e1bd90:   00000006405f6820 000000012c93f000
0x0000000315e1bda0:   0000000315e1bdc0 0000000102348f70
0x0000000315e1bdb0:   00000006405f6820 0000000315e1c0b8
0x0000000315e1bdc0:   0000000315e1be00 000000010229d130
0x0000000315e1bdd0:   000000012c93f000 000000012c93f000
0x0000000315e1bde0:   000000012c93f000 0000000000000001
0x0000000315e1bdf0:   0000000315e1c0b8 000000012c93f000
0x0000000315e1be00:   0000000315e1be30 0000000101ddea9c
0x0000000315e1be10:   0000000101882aa8 0000000315e1d630
0x0000000315e1be20:   0000000315e1c4e0 00000006774ba450
0x0000000315e1be30:   0000000315e1c030 000000010b1269f8
0x0000000315e1be40:   00000006412dff50 0000006c774b66f8
0x0000000315e1be50:   00000006774b73c8 000001440000006c
0x0000000315e1be60:   000000000000006c 00000006774b74b0
0x0000000315e1be70:   00000006774b7638 00000006774b7608
0x0000000315e1be80:   0000000315e1d510 0000000100000000
0x0000000315e1be90:   0000000315e1d510 0000000640ad6708
0x0000000315e1bea0:   0000000315e1d510 000000010b77b8e0
0x0000000315e1beb0:   0000000315e1d510 000000010b816768
0x0000000315e1bec0:   0000000000000000 0000000000000000
0x0000000315e1bed0:   ffffffff00000000 000000010b87e124
0x0000000315e1bee0:   0000000315e1d510 000000010b77b8e0 

Instructions: (pc=0x000000010234911c)
0x000000010234901c:   1f 30 00 f9 1f 44 00 f9 1f 28 00 f9 79 03 00 b4
0x000000010234902c:   b7 02 00 f9 bf 22 00 f9 bf 2a 00 f9 b4 06 00 f9
0x000000010234903c:   bf 2a 00 f9 bf 3a 00 f9 08 03 40 b9 a8 7e 00 b9
0x000000010234904c:   a9 02 7f b2 bf 3b 03 d5 e8 03 17 aa 89 7e a8 c8
0x000000010234905c:   bf 3b 03 d5 1f 01 17 eb 60 08 00 54 ff 02 08 eb
0x000000010234906c:   20 08 00 54 bf 06 00 f9 bf 22 00 f9 bf 2a 00 f9
0x000000010234907c:   bf 36 00 f9 bf 2e 00 f9 bf 32 00 f9 bf 46 00 f9
0x000000010234908c:   bf 2a 00 f9 0d 00 00 14 bf 3a 00 f9 bf 2a 00 f9
0x000000010234909c:   08 03 40 b9 a8 7e 00 b9 bf 3b 03 d5 e8 03 17 aa
0x00000001023490ac:   9f 7e a8 c8 bf 3b 03 d5 1f 01 17 eb c0 02 00 54
0x00000001023490bc:   ff 02 08 eb 80 02 00 54 e0 03 16 aa e1 03 15 aa
0x00000001023490cc:   22 00 80 52 9c 05 00 94 97 02 40 f9 e0 03 17 aa
0x00000001023490dc:   81 b9 ed 97 e0 f8 0f 36 e0 03 17 aa 7e b9 ed 97
0x00000001023490ec:   15 00 7f d2 e0 03 15 aa fd 7b 4b a9 f4 4f 4a a9
0x00000001023490fc:   f6 57 49 a9 f8 5f 48 a9 fa 67 47 a9 ff 03 03 91
0x000000010234910c:   c0 03 5f d6 e0 03 17 aa 73 b9 ed 97 08 f8 7e 92
0x000000010234911c:   08 01 40 f9 a8 02 00 f9 e0 03 17 aa 6e b9 ed 97
0x000000010234912c:   a0 22 00 f9 bf 2a 00 f9 b4 06 00 f9 88 02 40 f9
0x000000010234913c:   48 01 00 b4 e0 07 00 90 00 7c 3c 91 e2 07 00 b0
0x000000010234914c:   42 10 02 91 03 05 00 90 63 e0 08 91 01 bd 80 52
0x000000010234915c:   ce 9d ed 97 28 49 fb 97 a8 02 7f b2 bf 3b 03 d5
0x000000010234916c:   88 02 00 f9 08 11 00 d0 08 41 0b 91 08 01 40 f9
0x000000010234917c:   48 01 00 b4 09 11 00 d0 29 e1 2b 91 29 01 40 39
0x000000010234918c:   3f 05 00 71 a1 00 00 54 08 15 40 f9 09 01 40 f9
0x000000010234919c:   29 05 00 91 09 01 00 f9 c8 0f 00 f0 08 e5 43 f9
0x00000001023491ac:   28 06 00 b4 c8 10 00 d0 08 e5 37 91 08 01 40 39
0x00000001023491bc:   1f 05 00 71 21 01 00 54 89 0a 40 b9 ca 0f 00 f0
0x00000001023491cc:   4a 61 2b 91 4b 09 40 b9 4a 01 40 f9 2b 21 cb 9a
0x00000001023491dc:   6a 01 0a 8b 03 00 00 14 8a 06 40 f9 e9 03 0a aa
0x00000001023491ec:   4a 09 40 b9 5f 05 00 71 eb 03 00 54 80 10 00 d0
0x00000001023491fc:   00 80 27 91 0a 00 40 f9 40 01 3f d6 0a 00 40 f9
0x000000010234920c:   4a 3d 41 f9 ea 0f 00 f9 40 05 c0 3d e0 03 82 3c 


Stack slot to memory mapping:
stack at sp + 0 slots: 0x0 is NULL
stack at sp + 1 slots: 0x00008000ffffffff is an unknown value
stack at sp + 2 slots: 0x0000000315e1d510 is pointing into the stack for thread: 0x000000012c93f000
stack at sp + 3 slots: 0x000000010b7d9324 is at entry_point+100 in (nmethod*)0x000000010b7d9110
stack at sp + 4 slots: 0x00000006410a8088 is an oop: [C 
{0x00000006410a8088} - klass: {type array char}
 - length: 17
stack at sp + 5 slots: 0x0000000641000ae8 is an oop: java.lang.String 
{0x0000000641000ae8} - klass: 'java/lang/String'
 - string: ""
stack at sp + 6 slots: 0x0000000300000000 points into unknown readable memory: 0x0000000000000000 | 00 00 00 00 00 00 00 00
stack at sp + 7 slots: 0x00008000ffffffff is an unknown value


---------------  P R O C E S S  ---------------

Threads class SMR info:
_java_thread_list=0x00006000000cc700, length=105, elements={
0x000000013500b800, 0x0000000145020000, 0x000000014686a800, 0x000000013500e800,
0x000000013500f000, 0x0000000145925800, 0x00000001468c6800, 0x0000000145ef3800,
0x000000013500c000, 0x0000000146e12000, 0x0000000146e40000, 0x0000000146e41000,
0x0000000145ef8000, 0x0000000145f2c800, 0x00000001456ef000, 0x000000012d94e000,
0x0000000145f2b800, 0x0000000145f2d800, 0x0000000145f31000, 0x000000012d958000,
0x000000012d972000, 0x000000013603c000, 0x000000013603b000, 0x000000012d96f000,
0x0000000135879000, 0x0000000145f53000, 0x0000000136042000, 0x000000012c86e800,
0x000000012c889800, 0x0000000145f62800, 0x0000000146ed5800, 0x0000000146ecc000,
0x000000012c876800, 0x000000012d9b1800, 0x000000012d9e5800, 0x000000014572b800,
0x000000013589c000, 0x000000012c894800, 0x0000000145749000, 0x000000012d0fd000,
0x000000012d108000, 0x0000000146e67800, 0x0000000146aea000, 0x0000000146de7000,
0x0000000146e56000, 0x000000012d9b4800, 0x000000013589d000, 0x0000000136043000,
0x000000013604e000, 0x00000001358ac800, 0x00000001358ad800, 0x000000013700a800,
0x0000000136857800, 0x000000014689a800, 0x000000012c8b3000, 0x0000000137032800,
0x0000000145fff800, 0x000000012d9d4000, 0x000000012d10b800, 0x000000013693d800,
0x00000001358bd800, 0x0000000146899800, 0x000000013705e000, 0x0000000136825000,
0x0000000145f82000, 0x0000000146f54800, 0x0000000136863000, 0x0000000145f6b000,
0x0000000130662000, 0x0000000137045800, 0x000000013588f000, 0x000000012c8b6000,
0x000000012dab7800, 0x00000001352a0000, 0x000000013584c800, 0x000000013584d800,
0x0000000130649000, 0x0000000146f64000, 0x000000012c8e2800, 0x000000013604e800,
0x0000000136159000, 0x000000013614e000, 0x0000000135859000, 0x00000001358fd000,
0x00000001358fe000, 0x000000013619b000, 0x000000012c8b7000, 0x0000000130682800,
0x000000012d118800, 0x00000001358ff000, 0x00000001358ff800, 0x000000012d9c0000,
0x000000012c8bd800, 0x000000012c918000, 0x0000000146f7c000, 0x000000013605e000,
0x00000001361ac000, 0x000000012d115000, 0x000000012c93f000, 0x00000001457ef800,
0x000000012d115800, 0x0000000136916800, 0x000000012da47000, 0x000000012d17d800,
0x0000000146f4c000
}

Java Threads: ( => current thread )
  0x000000013500b800 JavaThread "Reference Handler" daemon [_thread_blocked, id=21251, stack(0x000000016fe84000,0x0000000170087000)]
  0x0000000145020000 JavaThread "Finalizer" daemon [_thread_blocked, id=20739, stack(0x0000000170090000,0x0000000170293000)]
  0x000000014686a800 JavaThread "Signal Dispatcher" daemon [_thread_blocked, id=21763, stack(0x00000001703b4000,0x00000001705b7000)]
  0x000000013500e800 JavaThread "Service Thread" daemon [_thread_blocked, id=32003, stack(0x00000001705c0000,0x00000001707c3000)]
  0x000000013500f000 JavaThread "C1 CompilerThread0" daemon [_thread_blocked, id=22531, stack(0x00000001707cc000,0x00000001709cf000)]
  0x0000000145925800 JavaThread "Sweeper thread" daemon [_thread_blocked, id=22787, stack(0x00000001709d8000,0x0000000170bdb000)]
  0x00000001468c6800 JavaThread "Common-Cleaner" daemon [_thread_blocked, id=30723, stack(0x0000000170be4000,0x0000000170de7000)]
  0x0000000145ef3800 JavaThread "SkywalkingAgent-LogFileWriter" daemon [_thread_blocked, id=28675, stack(0x0000000171e50000,0x0000000172053000)]
  0x000000013500c000 JavaThread "DataCarrier.DEFAULT.Consumer.0.Thread" daemon [_thread_blocked, id=28419, stack(0x0000000172268000,0x000000017246b000)]
  0x0000000146e12000 JavaThread "SkywalkingAgent-5-JVMService-produce-0" daemon [_thread_blocked, id=27139, stack(0x0000000172474000,0x0000000172677000)]
  0x0000000146e40000 JavaThread "SkywalkingAgent-6-JVMService-consume-0" daemon [_thread_blocked, id=27651, stack(0x0000000172680000,0x0000000172883000)]
  0x0000000146e41000 JavaThread "SkywalkingAgent-7-ServiceManagementClient-0" daemon [_thread_blocked, id=43011, stack(0x000000017288c000,0x0000000172a8f000)]
  0x0000000145ef8000 JavaThread "SkywalkingAgent-1-CommandService-0" daemon [_thread_blocked, id=33539, stack(0x0000000172a98000,0x0000000172c9b000)]
  0x0000000145f2c800 JavaThread "SkywalkingAgent-8-ProfileGetTaskService-0" daemon [_thread_blocked, id=34051, stack(0x0000000172ca4000,0x0000000172ea7000)]
  0x00000001456ef000 JavaThread "SkywalkingAgent-9-ProfileSendSnapshotService-0" daemon [_thread_blocked, id=42243, stack(0x0000000172eb0000,0x00000001730b3000)]
  0x000000012d94e000 JavaThread "SkywalkingAgent-10-MeterReportService-0" daemon [_thread_blocked, id=35075, stack(0x00000001730bc000,0x00000001732bf000)]
  0x0000000145f2b800 JavaThread "DataCarrier.gRPC-log.Consumer.0.Thread" daemon [_thread_blocked, id=41475, stack(0x00000001732c8000,0x00000001734cb000)]
  0x0000000145f2d800 JavaThread "SkywalkingAgent-11-ConfigurationDiscoveryService-0" daemon [_thread_blocked, id=40963, stack(0x00000001734d4000,0x00000001736d7000)]
  0x0000000145f31000 JavaThread "SkywalkingAgent-12-GRPCChannelManager-0" daemon [_thread_blocked, id=40451, stack(0x00000001736e0000,0x00000001738e3000)]
  0x000000012d958000 JavaThread "Monitor Ctrl-Break" daemon [_thread_in_native, id=35843, stack(0x00000001738ec000,0x0000000173aef000)]
  0x000000012d972000 JavaThread "RMI TCP Accept-0" daemon [_thread_in_native, id=39171, stack(0x0000000173af8000,0x0000000173cfb000)]
  0x000000013603c000 JavaThread "grpc-nio-worker-ELG-1-1" daemon [_thread_in_native, id=38659, stack(0x0000000173f10000,0x0000000174113000)]
  0x000000013603b000 JavaThread "Attach Listener" daemon [_thread_blocked, id=36867, stack(0x000000017411c000,0x000000017431f000)]
  0x000000012d96f000 JavaThread "grpc-default-executor-0" daemon [_thread_blocked, id=37379, stack(0x0000000174328000,0x000000017452b000)]
  0x0000000135879000 JavaThread "grpc-nio-worker-ELG-1-2" daemon [_thread_in_native, id=65283, stack(0x0000000174534000,0x0000000174737000)]
  0x0000000145f53000 JavaThread "grpc-default-executor-1" daemon [_thread_blocked, id=65027, stack(0x0000000174740000,0x0000000174943000)]
  0x0000000136042000 JavaThread "grpc-nio-worker-ELG-1-3" daemon [_thread_in_native, id=64259, stack(0x000000017494c000,0x0000000174b4f000)]
  0x000000012c86e800 JavaThread "grpc-default-executor-2" daemon [_thread_blocked, id=64003, stack(0x0000000174b58000,0x0000000174d5b000)]
  0x000000012c889800 JavaThread "RMI TCP Connection(2)-127.0.0.1" daemon [_thread_in_native, id=45315, stack(0x0000000174d64000,0x0000000174f67000)]
  0x0000000145f62800 JavaThread "RMI Scheduler(0)" daemon [_thread_blocked, id=45827, stack(0x0000000174f70000,0x0000000175173000)]
  0x0000000146ed5800 JavaThread "grpc-nio-worker-ELG-1-4" daemon [_thread_in_native, id=46343, stack(0x000000017517c000,0x000000017537f000)]
  0x0000000146ecc000 JavaThread "grpc-nio-worker-ELG-1-5" daemon [_thread_in_native, id=47371, stack(0x0000000175388000,0x000000017558b000)]
  0x000000012c876800 JavaThread "logback-2" daemon [_thread_blocked, id=61443, stack(0x0000000175bb8000,0x0000000175dbb000)]
  0x000000012d9b1800 JavaThread "logback-3" daemon [_thread_blocked, id=48643, stack(0x0000000175dc4000,0x0000000175fc7000)]
  0x000000012d9e5800 JavaThread "logback-4" daemon [_thread_blocked, id=60423, stack(0x0000000175fd0000,0x00000001761d3000)]
  0x000000014572b800 JavaThread "com.alibaba.nacos.client.identify.watcher.0" daemon [_thread_blocked, id=60171, stack(0x00000001761dc000,0x00000001763df000)]
  0x000000013589c000 JavaThread "com.alibaba.nacos.client.Worker" daemon [_thread_blocked, id=49667, stack(0x00000001763e8000,0x00000001765eb000)]
  0x000000012c894800 JavaThread "logback-5" daemon [_thread_blocked, id=62983, stack(0x0000000175594000,0x0000000175797000)]
  0x0000000145749000 JavaThread "logback-appender-Logstash-localhost:5052-2" daemon [_thread_blocked, id=48135, stack(0x00000001757a0000,0x00000001759a3000)]
  0x000000012d0fd000 JavaThread "logback-appender-Logstash-localhost:5052-4" daemon [_thread_in_native, id=62471, stack(0x00000001759ac000,0x0000000175baf000)]
  0x000000012d108000 JavaThread "logback-6" daemon [_thread_blocked, id=59143, stack(0x00000001765f4000,0x00000001767f7000)]
  0x0000000146e67800 JavaThread "logback-7" daemon [_thread_blocked, id=58627, stack(0x0000000176800000,0x0000000176a03000)]
  0x0000000146aea000 JavaThread "nacos.publisher-com.alibaba.nacos.common.notify.SlowEvent" daemon [_thread_blocked, id=58115, stack(0x0000000176a0c000,0x0000000176c0f000)]
  0x0000000146de7000 JavaThread "com.alibaba.nacos.client.remote.worker" daemon [_thread_blocked, id=57603, stack(0x0000000176c18000,0x0000000176e1b000)]
  0x0000000146e56000 JavaThread "com.alibaba.nacos.client.remote.worker" daemon [_thread_blocked, id=56835, stack(0x0000000176e24000,0x0000000177027000)]
  0x000000012d9b4800 JavaThread "grpc-nio-worker-ELG-1-1" daemon [_thread_in_native, id=51207, stack(0x0000000177030000,0x0000000177233000)]
  0x000000013589d000 JavaThread "grpc-default-executor-0" daemon [_thread_blocked, id=56323, stack(0x000000017723c000,0x000000017743f000)]
  0x0000000136043000 JavaThread "grpc-nio-worker-ELG-1-2" daemon [_thread_in_native, id=55811, stack(0x0000000177448000,0x000000017764b000)]
  0x000000013604e000 JavaThread "grpc-nio-worker-ELG-1-6" daemon [_thread_in_native, id=66819, stack(0x0000000310628000,0x000000031082b000)]
  0x00000001358ac800 JavaThread "grpc-nio-worker-ELG-1-7" daemon [_thread_in_native, id=81427, stack(0x0000000311eb8000,0x00000003120bb000)]
  0x00000001358ad800 JavaThread "grpc-nio-worker-ELG-1-8" daemon [_thread_in_native, id=19471, stack(0x00000003120c4000,0x00000003122c7000)]
  0x000000013700a800 JavaThread "Catalina-utility-1" [_thread_blocked, id=71959, stack(0x00000003122d0000,0x00000003124d3000)]
  0x0000000136857800 JavaThread "Catalina-utility-2" [_thread_blocked, id=72451, stack(0x00000003124dc000,0x00000003126df000)]
  0x000000014689a800 JavaThread "container-0" [_thread_blocked, id=80387, stack(0x00000003126e8000,0x00000003128eb000)]
  0x000000012c8b3000 JavaThread "RMI TCP Connection(3)-127.0.0.1" daemon [_thread_in_native, id=73231, stack(0x00000003128f4000,0x0000000312af7000)]
  0x0000000137032800 JavaThread "lettuce-timer-3-1" daemon [_thread_blocked, id=74247, stack(0x0000000312b00000,0x0000000312d03000)]
  0x0000000145fff800 JavaThread "spring.cloud.inetutils" daemon [_thread_blocked, id=74503, stack(0x0000000312d0c000,0x0000000312f0f000)]
  0x000000012d9d4000 JavaThread "nacos-grpc-client-executor-18" daemon [_thread_blocked, id=75027, stack(0x0000000312f18000,0x000000031311b000)]
  0x000000012d10b800 JavaThread "nacos-grpc-client-executor-19" daemon [_thread_blocked, id=79107, stack(0x0000000313124000,0x0000000313327000)]
  0x000000013693d800 JavaThread "nacos.publisher-com.alibaba.nacos.client.naming.event.InstancesChangeEvent" daemon [_thread_blocked, id=86535, stack(0x0000000177654000,0x0000000177857000)]
  0x00000001358bd800 JavaThread "com.alibaba.nacos.naming.failover" daemon [_thread_blocked, id=66055, stack(0x0000000177860000,0x0000000177a63000)]
  0x0000000146899800 JavaThread "com.alibaba.nacos.client.naming.security" daemon [_thread_blocked, id=52747, stack(0x0000000177a6c000,0x0000000177c6f000)]
  0x000000013705e000 JavaThread "com.alibaba.nacos.naming.push.receiver" daemon [_thread_in_native, id=53255, stack(0x0000000177c78000,0x0000000177e7b000)]
  0x0000000136825000 JavaThread "com.alibaba.nacos.client.naming.grpc.redo.0" daemon [_thread_blocked, id=53767, stack(0x0000000310004000,0x0000000310207000)]
  0x0000000145f82000 JavaThread "com.alibaba.nacos.client.remote.worker" daemon [_thread_blocked, id=54535, stack(0x0000000310210000,0x0000000310413000)]
  0x0000000146f54800 JavaThread "com.alibaba.nacos.client.remote.worker" daemon [_thread_blocked, id=55047, stack(0x000000031041c000,0x000000031061f000)]
  0x0000000136863000 JavaThread "grpc-nio-worker-ELG-1-3" daemon [_thread_in_native, id=75527, stack(0x0000000313330000,0x0000000313533000)]
  0x0000000145f6b000 JavaThread "grpc-nio-worker-ELG-1-4" daemon [_thread_in_native, id=75779, stack(0x000000031353c000,0x000000031373f000)]
  0x0000000130662000 JavaThread "nacos-grpc-client-executor-0" daemon [_thread_blocked, id=77315, stack(0x0000000313748000,0x000000031394b000)]
  0x0000000137045800 JavaThread "nacos-grpc-client-executor-1" daemon [_thread_blocked, id=76803, stack(0x0000000313954000,0x0000000313b57000)]
  0x000000013588f000 JavaThread "nacos-grpc-client-executor-2" daemon [_thread_blocked, id=87299, stack(0x0000000313b60000,0x0000000313d63000)]
  0x000000012c8b6000 JavaThread "nacos-grpc-client-executor-3" daemon [_thread_blocked, id=87811, stack(0x0000000313d6c000,0x0000000313f6f000)]
  0x000000012dab7800 JavaThread "nacos-grpc-client-executor-4" daemon [_thread_blocked, id=130051, stack(0x0000000313f78000,0x000000031417b000)]
  0x00000001352a0000 JavaThread "com.alibaba.nacos.client.naming.updater.0" daemon [_thread_blocked, id=82183, stack(0x0000000310834000,0x0000000310a37000)]
  0x000000013584c800 JavaThread "nacos-grpc-client-executor-5" daemon [_thread_blocked, id=82439, stack(0x0000000310a40000,0x0000000310c43000)]
  0x000000013584d800 JavaThread "nacos-grpc-client-executor-6" daemon [_thread_blocked, id=70151, stack(0x0000000310c4c000,0x0000000310e4f000)]
  0x0000000130649000 JavaThread "Nacos-Watch-Task-Scheduler-1" [_thread_blocked, id=83207, stack(0x0000000310e58000,0x000000031105b000)]
  0x0000000146f64000 JavaThread "http-nio-18092-exec-1" daemon [_thread_blocked, id=68615, stack(0x0000000311064000,0x0000000311267000)]
  0x000000012c8e2800 JavaThread "http-nio-18092-exec-2" daemon [_thread_blocked, id=82951, stack(0x0000000311270000,0x0000000311473000)]
  0x000000013604e800 JavaThread "http-nio-18092-exec-3" daemon [_thread_blocked, id=83719, stack(0x000000031147c000,0x000000031167f000)]
  0x0000000136159000 JavaThread "http-nio-18092-exec-4" daemon [_thread_blocked, id=68103, stack(0x0000000311688000,0x000000031188b000)]
  0x000000013614e000 JavaThread "http-nio-18092-exec-5" daemon [_thread_blocked, id=84487, stack(0x0000000311894000,0x0000000311a97000)]
  0x0000000135859000 JavaThread "http-nio-18092-exec-6" daemon [_thread_blocked, id=85255, stack(0x0000000311aa0000,0x0000000311ca3000)]
  0x00000001358fd000 JavaThread "http-nio-18092-exec-7" daemon [_thread_blocked, id=85767, stack(0x0000000311cac000,0x0000000311eaf000)]
  0x00000001358fe000 JavaThread "http-nio-18092-exec-8" daemon [_thread_blocked, id=129543, stack(0x0000000314184000,0x0000000314387000)]
  0x000000013619b000 JavaThread "http-nio-18092-exec-9" daemon [_thread_blocked, id=129283, stack(0x0000000314390000,0x0000000314593000)]
  0x000000012c8b7000 JavaThread "http-nio-18092-exec-10" daemon [_thread_blocked, id=89091, stack(0x000000031459c000,0x000000031479f000)]
  0x0000000130682800 JavaThread "http-nio-18092-Poller" daemon [_thread_in_native, id=89603, stack(0x00000003147a8000,0x00000003149ab000)]
  0x000000012d118800 JavaThread "http-nio-18092-Acceptor" daemon [_thread_in_native, id=128259, stack(0x00000003149b4000,0x0000000314bb7000)]
  0x00000001358ff000 JavaThread "nacos-grpc-client-executor-7" daemon [_thread_blocked, id=127747, stack(0x0000000314bc0000,0x0000000314dc3000)]
  0x00000001358ff800 JavaThread "nacos-grpc-client-executor-8" daemon [_thread_blocked, id=126979, stack(0x0000000314dcc000,0x0000000314fcf000)]
  0x000000012d9c0000 JavaThread "nacos-grpc-client-executor-9" daemon [_thread_blocked, id=90627, stack(0x0000000314fd8000,0x00000003151db000)]
  0x000000012c8bd800 JavaThread "nacos-grpc-client-executor-10" daemon [_thread_blocked, id=91143, stack(0x00000003151e4000,0x00000003153e7000)]
  0x000000012c918000 JavaThread "DestroyJavaVM" [_thread_blocked, id=5123, stack(0x000000016f030000,0x000000016f233000)]
  0x0000000146f7c000 JavaThread "nacos-grpc-client-executor-20" daemon [_thread_blocked, id=125699, stack(0x00000003153f0000,0x00000003155f3000)]
  0x000000013605e000 JavaThread "nacos-grpc-client-executor-21" daemon [_thread_blocked, id=125187, stack(0x00000003155fc000,0x00000003157ff000)]
  0x00000001361ac000 JavaThread "nacos-grpc-client-executor-22" daemon [_thread_blocked, id=124675, stack(0x0000000315808000,0x0000000315a0b000)]
  0x000000012d115000 JavaThread "RMI TCP Connection(4)-127.0.0.1" daemon [_thread_blocked, id=92167, stack(0x0000000315a14000,0x0000000315c17000)]
=>0x000000012c93f000 JavaThread "RMI TCP Connection(5)-127.0.0.1" daemon [_thread_in_Java, id=123907, stack(0x0000000315c20000,0x0000000315e23000)]
  0x00000001457ef800 JavaThread "JMX server connection timeout 168" daemon [_thread_blocked, id=123407, stack(0x0000000315e2c000,0x000000031602f000)]
  0x000000012d115800 JavaThread "JMX server connection timeout 169" daemon [_thread_blocked, id=123151, stack(0x0000000316038000,0x000000031623b000)]
  0x0000000136916800 JavaThread "nacos-grpc-client-executor-11" daemon [_thread_blocked, id=93955, stack(0x0000000316244000,0x0000000316447000)]
  0x000000012da47000 JavaThread "nacos-grpc-client-executor-12" daemon [_thread_blocked, id=122883, stack(0x0000000316450000,0x0000000316653000)]
  0x000000012d17d800 JavaThread "com.alibaba.nacos.client.naming.updater.1" daemon [_thread_blocked, id=95235, stack(0x000000031665c000,0x000000031685f000)]
  0x0000000146f4c000 JavaThread "boundedElastic-evictor-1" daemon [_thread_blocked, id=96003, stack(0x0000000316868000,0x0000000316a6b000)]

Other Threads:
  0x000000014591f800 VMThread "VM Thread" [stack: 0x000000016fc78000,0x000000016fe7b000] [id=21507]
  0x000000012d030000 WatcherThread [stack: 0x0000000173d04000,0x0000000173f07000] [id=36355]
  0x000000014581b800 GCTaskThread "GC Thread#0" [stack: 0x000000016f23c000,0x000000016f43f000] [id=11523]
  0x000000013585a000 GCTaskThread "GC Thread#1" [stack: 0x0000000170df0000,0x0000000170ff3000] [id=30467]
  0x000000012c845000 GCTaskThread "GC Thread#2" [stack: 0x0000000170ffc000,0x00000001711ff000] [id=23555]
  0x000000012c845800 GCTaskThread "GC Thread#3" [stack: 0x0000000171208000,0x000000017140b000] [id=23811]
  0x000000012c846800 GCTaskThread "GC Thread#4" [stack: 0x0000000171414000,0x0000000171617000] [id=29955]
  0x000000012c847000 GCTaskThread "GC Thread#5" [stack: 0x0000000171620000,0x0000000171823000] [id=29699]
  0x000000012c848000 GCTaskThread "GC Thread#6" [stack: 0x000000017182c000,0x0000000171a2f000] [id=24835]
  0x000000012c848800 GCTaskThread "GC Thread#7" [stack: 0x0000000171a38000,0x0000000171c3b000] [id=29443]
  0x000000014583b800 ConcurrentGCThread "G1 Main Marker" [stack: 0x000000016f448000,0x000000016f64b000] [id=14851]
  0x000000014583c000 ConcurrentGCThread "G1 Conc#0" [stack: 0x000000016f654000,0x000000016f857000] [id=12291]
  0x0000000135873000 ConcurrentGCThread "G1 Conc#1" [stack: 0x000000017205c000,0x000000017225f000] [id=26115]
  0x000000014591d000 ConcurrentGCThread "G1 Refine#0" [stack: 0x000000016f860000,0x000000016fa63000] [id=14339]
  0x000000012c84a800 ConcurrentGCThread "G1 Refine#1" [stack: 0x0000000171c44000,0x0000000171e47000] [id=28931]
  0x0000000146808800 ConcurrentGCThread "G1 Young RemSet Sampling" [stack: 0x000000016fa6c000,0x000000016fc6f000] [id=13059]

Threads with active compile tasks:

VM state:not at safepoint (normal execution)

VM Mutex/Monitor currently owned by a thread: None

Heap address: 0x0000000640000000, size: 6144 MB, Compressed Oops mode: Zero based, Oop shift amount: 3
Narrow klass base: 0x0000000800000000, Narrow klass shift: 0
Compressed class space size: 1073741824 Address: 0x0000000800000000

Heap:
 garbage-first heap   total 929792K, used 93326K [0x0000000640000000, 0x00000007c0000000)
  region size 1024K, 66 young (67584K), 42 survivors (43008K)
 Metaspace       used 89541K, capacity 92435K, committed 92624K, reserved 1128448K
  class space    used 12237K, capacity 13393K, committed 13440K, reserved 1048576K
Heap Regions: E=young(eden), S=young(survivor), O=old, HS=humongous(starts), HC=humongous(continues), CS=collection set, F=free, A=archive, TAMS=top-at-mark-start (previous, next)
|   0|0x0000000640000000, 0x0000000640100000, 0x0000000640100000|100%|HS|  |TAMS 0x0000000640100000, 0x0000000640000000| Complete 
|   1|0x0000000640100000, 0x0000000640200000, 0x0000000640200000|100%| O|  |TAMS 0x0000000640200000, 0x0000000640100000| Untracked 
|   2|0x0000000640200000, 0x0000000640300000, 0x0000000640300000|100%|HS|  |TAMS 0x0000000640300000, 0x0000000640200000| Complete 
|   3|0x0000000640300000, 0x0000000640400000, 0x0000000640400000|100%|HC|  |TAMS 0x0000000640400000, 0x0000000640300000| Complete 
|   4|0x0000000640400000, 0x0000000640500000, 0x0000000640500000|100%| O|  |TAMS 0x0000000640500000, 0x0000000640400000| Untracked 
|   5|0x0000000640500000, 0x0000000640600000, 0x0000000640600000|100%| O|  |TAMS 0x0000000640600000, 0x0000000640500000| Untracked 
|   6|0x0000000640600000, 0x0000000640700000, 0x0000000640700000|100%| O|  |TAMS 0x0000000640700000, 0x0000000640600000| Untracked 
|   7|0x0000000640700000, 0x0000000640800000, 0x0000000640800000|100%| O|  |TAMS 0x0000000640800000, 0x0000000640700000| Untracked 
|   8|0x0000000640800000, 0x0000000640900000, 0x0000000640900000|100%| O|  |TAMS 0x0000000640900000, 0x0000000640800000| Untracked 
|   9|0x0000000640900000, 0x0000000640a00000, 0x0000000640a00000|100%| O|  |TAMS 0x0000000640a00000, 0x0000000640900000| Untracked 
|  10|0x0000000640a00000, 0x0000000640b00000, 0x0000000640b00000|100%| O|  |TAMS 0x0000000640b00000, 0x0000000640a00000| Untracked 
|  11|0x0000000640b00000, 0x0000000640c00000, 0x0000000640c00000|100%| O|  |TAMS 0x0000000640c00000, 0x0000000640b00000| Untracked 
|  12|0x0000000640c00000, 0x0000000640d00000, 0x0000000640d00000|100%| O|  |TAMS 0x0000000640c72800, 0x0000000640c00000| Untracked 
|  13|0x0000000640d00000, 0x0000000640e00000, 0x0000000640e00000|100%| O|  |TAMS 0x0000000640d00000, 0x0000000640d00000| Untracked 
|  14|0x0000000640e00000, 0x0000000640f00000, 0x0000000640f00000|100%| O|  |TAMS 0x0000000640e00000, 0x0000000640e00000| Untracked 
|  15|0x0000000640f00000, 0x0000000641000000, 0x0000000641000000|100%| O|  |TAMS 0x0000000640f00000, 0x0000000640f00000| Untracked 
|  16|0x0000000641000000, 0x0000000641100000, 0x0000000641100000|100%| O|  |TAMS 0x0000000641100000, 0x0000000641000000| Untracked 
|  17|0x0000000641100000, 0x0000000641200000, 0x0000000641200000|100%| O|  |TAMS 0x0000000641200000, 0x0000000641100000| Untracked 
|  18|0x0000000641200000, 0x0000000641300000, 0x0000000641300000|100%| O|  |TAMS 0x0000000641300000, 0x0000000641200000| Untracked 
|  19|0x0000000641300000, 0x0000000641400000, 0x0000000641400000|100%| O|  |TAMS 0x0000000641300000, 0x0000000641300000| Untracked 
|  20|0x0000000641400000, 0x0000000641500000, 0x0000000641500000|100%| O|  |TAMS 0x0000000641400000, 0x0000000641400000| Untracked 
|  21|0x0000000641500000, 0x0000000641600000, 0x0000000641600000|100%| O|  |TAMS 0x0000000641500000, 0x0000000641500000| Untracked 
|  22|0x0000000641600000, 0x0000000641700000, 0x0000000641700000|100%| O|  |TAMS 0x0000000641600000, 0x0000000641600000| Untracked 
|  23|0x0000000641700000, 0x0000000641800000, 0x0000000641800000|100%| O|  |TAMS 0x0000000641700000, 0x0000000641700000| Untracked 
|  24|0x0000000641800000, 0x0000000641900000, 0x0000000641900000|100%| O|  |TAMS 0x0000000641800000, 0x0000000641800000| Untracked 
|  25|0x0000000641900000, 0x0000000641a00000, 0x0000000641a00000|100%| O|  |TAMS 0x0000000641900000, 0x0000000641900000| Untracked 
|  26|0x0000000641a00000, 0x0000000641a23800, 0x0000000641b00000| 13%| O|  |TAMS 0x0000000641a00000, 0x0000000641a00000| Untracked 
|  27|0x0000000641b00000, 0x0000000641b00000, 0x0000000641c00000|  0%| F|  |TAMS 0x0000000641b00000, 0x0000000641b00000| Untracked 
|  28|0x0000000641c00000, 0x0000000641c00000, 0x0000000641d00000|  0%| F|  |TAMS 0x0000000641c00000, 0x0000000641c00000| Untracked 
|  29|0x0000000641d00000, 0x0000000641d00000, 0x0000000641e00000|  0%| F|  |TAMS 0x0000000641d00000, 0x0000000641d00000| Untracked 
|  30|0x0000000641e00000, 0x0000000641e00000, 0x0000000641f00000|  0%| F|  |TAMS 0x0000000641e00000, 0x0000000641e00000| Untracked 
|  31|0x0000000641f00000, 0x0000000641f00000, 0x0000000642000000|  0%| F|  |TAMS 0x0000000641f00000, 0x0000000641f00000| Untracked 
|  32|0x0000000642000000, 0x0000000642000000, 0x0000000642100000|  0%| F|  |TAMS 0x0000000642000000, 0x0000000642000000| Untracked 
|  33|0x0000000642100000, 0x0000000642100000, 0x0000000642200000|  0%| F|  |TAMS 0x0000000642100000, 0x0000000642100000| Untracked 
|  34|0x0000000642200000, 0x0000000642200000, 0x0000000642300000|  0%| F|  |TAMS 0x0000000642200000, 0x0000000642200000| Untracked 
|  35|0x0000000642300000, 0x0000000642300000, 0x0000000642400000|  0%| F|  |TAMS 0x0000000642300000, 0x0000000642300000| Untracked 
|  36|0x0000000642400000, 0x0000000642400000, 0x0000000642500000|  0%| F|  |TAMS 0x0000000642400000, 0x0000000642400000| Untracked 
|  37|0x0000000642500000, 0x0000000642500000, 0x0000000642600000|  0%| F|  |TAMS 0x0000000642500000, 0x0000000642500000| Untracked 
|  38|0x0000000642600000, 0x0000000642600000, 0x0000000642700000|  0%| F|  |TAMS 0x0000000642600000, 0x0000000642600000| Untracked 
|  39|0x0000000642700000, 0x0000000642700000, 0x0000000642800000|  0%| F|  |TAMS 0x0000000642700000, 0x0000000642700000| Untracked 
|  40|0x0000000642800000, 0x0000000642800000, 0x0000000642900000|  0%| F|  |TAMS 0x0000000642800000, 0x0000000642800000| Untracked 
|  41|0x0000000642900000, 0x0000000642900000, 0x0000000642a00000|  0%| F|  |TAMS 0x0000000642900000, 0x0000000642900000| Untracked 
|  42|0x0000000642a00000, 0x0000000642a00000, 0x0000000642b00000|  0%| F|  |TAMS 0x0000000642a00000, 0x0000000642a00000| Untracked 
|  43|0x0000000642b00000, 0x0000000642b00000, 0x0000000642c00000|  0%| F|  |TAMS 0x0000000642b00000, 0x0000000642b00000| Untracked 
|  44|0x0000000642c00000, 0x0000000642c00000, 0x0000000642d00000|  0%| F|  |TAMS 0x0000000642c00000, 0x0000000642c00000| Untracked 
|  45|0x0000000642d00000, 0x0000000642d00000, 0x0000000642e00000|  0%| F|  |TAMS 0x0000000642d00000, 0x0000000642d00000| Untracked 
|  46|0x0000000642e00000, 0x0000000642e00000, 0x0000000642f00000|  0%| F|  |TAMS 0x0000000642e00000, 0x0000000642e00000| Untracked 
|  47|0x0000000642f00000, 0x0000000642f00000, 0x0000000643000000|  0%| F|  |TAMS 0x0000000642f00000, 0x0000000642f00000| Untracked 
|  48|0x0000000643000000, 0x0000000643000000, 0x0000000643100000|  0%| F|  |TAMS 0x0000000643000000, 0x0000000643000000| Untracked 
|  49|0x0000000643100000, 0x0000000643100000, 0x0000000643200000|  0%| F|  |TAMS 0x0000000643100000, 0x0000000643100000| Untracked 
|  50|0x0000000643200000, 0x0000000643200000, 0x0000000643300000|  0%| F|  |TAMS 0x0000000643200000, 0x0000000643200000| Untracked 
|  51|0x0000000643300000, 0x0000000643300000, 0x0000000643400000|  0%| F|  |TAMS 0x0000000643300000, 0x0000000643300000| Untracked 
|  52|0x0000000643400000, 0x0000000643400000, 0x0000000643500000|  0%| F|  |TAMS 0x0000000643400000, 0x0000000643400000| Untracked 
|  53|0x0000000643500000, 0x0000000643500000, 0x0000000643600000|  0%| F|  |TAMS 0x0000000643500000, 0x0000000643500000| Untracked 
|  54|0x0000000643600000, 0x0000000643600000, 0x0000000643700000|  0%| F|  |TAMS 0x0000000643600000, 0x0000000643600000| Untracked 
|  55|0x0000000643700000, 0x0000000643700000, 0x0000000643800000|  0%| F|  |TAMS 0x0000000643700000, 0x0000000643700000| Untracked 
|  56|0x0000000643800000, 0x0000000643800000, 0x0000000643900000|  0%| F|  |TAMS 0x0000000643800000, 0x0000000643800000| Untracked 
|  57|0x0000000643900000, 0x0000000643900000, 0x0000000643a00000|  0%| F|  |TAMS 0x0000000643900000, 0x0000000643900000| Untracked 
|  58|0x0000000643a00000, 0x0000000643a00000, 0x0000000643b00000|  0%| F|  |TAMS 0x0000000643a00000, 0x0000000643a00000| Untracked 
|  59|0x0000000643b00000, 0x0000000643b00000, 0x0000000643c00000|  0%| F|  |TAMS 0x0000000643b00000, 0x0000000643b00000| Untracked 
|  60|0x0000000643c00000, 0x0000000643c00000, 0x0000000643d00000|  0%| F|  |TAMS 0x0000000643c00000, 0x0000000643c00000| Untracked 
|  61|0x0000000643d00000, 0x0000000643d00000, 0x0000000643e00000|  0%| F|  |TAMS 0x0000000643d00000, 0x0000000643d00000| Untracked 
|  62|0x0000000643e00000, 0x0000000643e00000, 0x0000000643f00000|  0%| F|  |TAMS 0x0000000643e00000, 0x0000000643e00000| Untracked 
|  63|0x0000000643f00000, 0x0000000643f00000, 0x0000000644000000|  0%| F|  |TAMS 0x0000000643f00000, 0x0000000643f00000| Untracked 
|  64|0x0000000644000000, 0x0000000644000000, 0x0000000644100000|  0%| F|  |TAMS 0x0000000644000000, 0x0000000644000000| Untracked 
|  65|0x0000000644100000, 0x0000000644100000, 0x0000000644200000|  0%| F|  |TAMS 0x0000000644100000, 0x0000000644100000| Untracked 
|  66|0x0000000644200000, 0x0000000644200000, 0x0000000644300000|  0%| F|  |TAMS 0x0000000644200000, 0x0000000644200000| Untracked 
|  67|0x0000000644300000, 0x0000000644300000, 0x0000000644400000|  0%| F|  |TAMS 0x0000000644300000, 0x0000000644300000| Untracked 
|  68|0x0000000644400000, 0x0000000644400000, 0x0000000644500000|  0%| F|  |TAMS 0x0000000644400000, 0x0000000644400000| Untracked 
|  69|0x0000000644500000, 0x0000000644500000, 0x0000000644600000|  0%| F|  |TAMS 0x0000000644500000, 0x0000000644500000| Untracked 
|  70|0x0000000644600000, 0x0000000644600000, 0x0000000644700000|  0%| F|  |TAMS 0x0000000644600000, 0x0000000644600000| Untracked 
|  71|0x0000000644700000, 0x0000000644700000, 0x0000000644800000|  0%| F|  |TAMS 0x0000000644700000, 0x0000000644700000| Untracked 
|  72|0x0000000644800000, 0x0000000644800000, 0x0000000644900000|  0%| F|  |TAMS 0x0000000644800000, 0x0000000644800000| Untracked 
|  73|0x0000000644900000, 0x0000000644900000, 0x0000000644a00000|  0%| F|  |TAMS 0x0000000644900000, 0x0000000644900000| Untracked 
|  74|0x0000000644a00000, 0x0000000644a00000, 0x0000000644b00000|  0%| F|  |TAMS 0x0000000644a00000, 0x0000000644a00000| Untracked 
|  75|0x0000000644b00000, 0x0000000644b00000, 0x0000000644c00000|  0%| F|  |TAMS 0x0000000644b00000, 0x0000000644b00000| Untracked 
|  76|0x0000000644c00000, 0x0000000644c00000, 0x0000000644d00000|  0%| F|  |TAMS 0x0000000644c00000, 0x0000000644c00000| Untracked 
|  77|0x0000000644d00000, 0x0000000644d00000, 0x0000000644e00000|  0%| F|  |TAMS 0x0000000644d00000, 0x0000000644d00000| Untracked 
|  78|0x0000000644e00000, 0x0000000644e00000, 0x0000000644f00000|  0%| F|  |TAMS 0x0000000644e00000, 0x0000000644e00000| Untracked 
|  79|0x0000000644f00000, 0x0000000644f00000, 0x0000000645000000|  0%| F|  |TAMS 0x0000000644f00000, 0x0000000644f00000| Untracked 
|  80|0x0000000645000000, 0x0000000645000000, 0x0000000645100000|  0%| F|  |TAMS 0x0000000645000000, 0x0000000645000000| Untracked 
|  81|0x0000000645100000, 0x0000000645100000, 0x0000000645200000|  0%| F|  |TAMS 0x0000000645100000, 0x0000000645100000| Untracked 
|  82|0x0000000645200000, 0x0000000645200000, 0x0000000645300000|  0%| F|  |TAMS 0x0000000645200000, 0x0000000645200000| Untracked 
|  83|0x0000000645300000, 0x0000000645300000, 0x0000000645400000|  0%| F|  |TAMS 0x0000000645300000, 0x0000000645300000| Untracked 
|  84|0x0000000645400000, 0x0000000645400000, 0x0000000645500000|  0%| F|  |TAMS 0x0000000645400000, 0x0000000645400000| Untracked 
|  85|0x0000000645500000, 0x0000000645500000, 0x0000000645600000|  0%| F|  |TAMS 0x0000000645500000, 0x0000000645500000| Untracked 
|  86|0x0000000645600000, 0x0000000645600000, 0x0000000645700000|  0%| F|  |TAMS 0x0000000645600000, 0x0000000645600000| Untracked 
|  87|0x0000000645700000, 0x0000000645700000, 0x0000000645800000|  0%| F|  |TAMS 0x0000000645700000, 0x0000000645700000| Untracked 
|  88|0x0000000645800000, 0x0000000645800000, 0x0000000645900000|  0%| F|  |TAMS 0x0000000645800000, 0x0000000645800000| Untracked 
|  89|0x0000000645900000, 0x0000000645900000, 0x0000000645a00000|  0%| F|  |TAMS 0x0000000645900000, 0x0000000645900000| Untracked 
|  90|0x0000000645a00000, 0x0000000645a00000, 0x0000000645b00000|  0%| F|  |TAMS 0x0000000645a00000, 0x0000000645a00000| Untracked 
|  91|0x0000000645b00000, 0x0000000645b00000, 0x0000000645c00000|  0%| F|  |TAMS 0x0000000645b00000, 0x0000000645b00000| Untracked 
|  92|0x0000000645c00000, 0x0000000645c00000, 0x0000000645d00000|  0%| F|  |TAMS 0x0000000645c00000, 0x0000000645c00000| Untracked 
|  93|0x0000000645d00000, 0x0000000645d00000, 0x0000000645e00000|  0%| F|  |TAMS 0x0000000645d00000, 0x0000000645d00000| Untracked 
|  94|0x0000000645e00000, 0x0000000645e00000, 0x0000000645f00000|  0%| F|  |TAMS 0x0000000645e00000, 0x0000000645e00000| Untracked 
|  95|0x0000000645f00000, 0x0000000645f00000, 0x0000000646000000|  0%| F|  |TAMS 0x0000000645f00000, 0x0000000645f00000| Untracked 
|  96|0x0000000646000000, 0x0000000646000000, 0x0000000646100000|  0%| F|  |TAMS 0x0000000646000000, 0x0000000646000000| Untracked 
|  97|0x0000000646100000, 0x0000000646100000, 0x0000000646200000|  0%| F|  |TAMS 0x0000000646100000, 0x0000000646100000| Untracked 
|  98|0x0000000646200000, 0x0000000646200000, 0x0000000646300000|  0%| F|  |TAMS 0x0000000646200000, 0x0000000646200000| Untracked 
|  99|0x0000000646300000, 0x0000000646300000, 0x0000000646400000|  0%| F|  |TAMS 0x0000000646300000, 0x0000000646300000| Untracked 
| 100|0x0000000646400000, 0x0000000646400000, 0x0000000646500000|  0%| F|  |TAMS 0x0000000646400000, 0x0000000646400000| Untracked 
| 101|0x0000000646500000, 0x0000000646500000, 0x0000000646600000|  0%| F|  |TAMS 0x0000000646500000, 0x0000000646500000| Untracked 
| 102|0x0000000646600000, 0x0000000646600000, 0x0000000646700000|  0%| F|  |TAMS 0x0000000646600000, 0x0000000646600000| Untracked 
| 103|0x0000000646700000, 0x0000000646700000, 0x0000000646800000|  0%| F|  |TAMS 0x0000000646700000, 0x0000000646700000| Untracked 
| 104|0x0000000646800000, 0x0000000646800000, 0x0000000646900000|  0%| F|  |TAMS 0x0000000646800000, 0x0000000646800000| Untracked 
| 105|0x0000000646900000, 0x0000000646900000, 0x0000000646a00000|  0%| F|  |TAMS 0x0000000646900000, 0x0000000646900000| Untracked 
| 106|0x0000000646a00000, 0x0000000646a00000, 0x0000000646b00000|  0%| F|  |TAMS 0x0000000646a00000, 0x0000000646a00000| Untracked 
| 107|0x0000000646b00000, 0x0000000646b00000, 0x0000000646c00000|  0%| F|  |TAMS 0x0000000646b00000, 0x0000000646b00000| Untracked 
| 108|0x0000000646c00000, 0x0000000646c00000, 0x0000000646d00000|  0%| F|  |TAMS 0x0000000646c00000, 0x0000000646c00000| Untracked 
| 109|0x0000000646d00000, 0x0000000646d00000, 0x0000000646e00000|  0%| F|  |TAMS 0x0000000646d00000, 0x0000000646d00000| Untracked 
| 110|0x0000000646e00000, 0x0000000646e00000, 0x0000000646f00000|  0%| F|  |TAMS 0x0000000646e00000, 0x0000000646e00000| Untracked 
| 111|0x0000000646f00000, 0x0000000646f00000, 0x0000000647000000|  0%| F|  |TAMS 0x0000000646f00000, 0x0000000646f00000| Untracked 
| 112|0x0000000647000000, 0x0000000647000000, 0x0000000647100000|  0%| F|  |TAMS 0x0000000647000000, 0x0000000647000000| Untracked 
| 113|0x0000000647100000, 0x0000000647100000, 0x0000000647200000|  0%| F|  |TAMS 0x0000000647100000, 0x0000000647100000| Untracked 
| 114|0x0000000647200000, 0x0000000647200000, 0x0000000647300000|  0%| F|  |TAMS 0x0000000647200000, 0x0000000647200000| Untracked 
| 115|0x0000000647300000, 0x0000000647300000, 0x0000000647400000|  0%| F|  |TAMS 0x0000000647300000, 0x0000000647300000| Untracked 
| 116|0x0000000647400000, 0x0000000647400000, 0x0000000647500000|  0%| F|  |TAMS 0x0000000647400000, 0x0000000647400000| Untracked 
| 117|0x0000000647500000, 0x0000000647500000, 0x0000000647600000|  0%| F|  |TAMS 0x0000000647500000, 0x0000000647500000| Untracked 
| 118|0x0000000647600000, 0x0000000647600000, 0x0000000647700000|  0%| F|  |TAMS 0x0000000647600000, 0x0000000647600000| Untracked 
| 119|0x0000000647700000, 0x0000000647700000, 0x0000000647800000|  0%| F|  |TAMS 0x0000000647700000, 0x0000000647700000| Untracked 
| 120|0x0000000647800000, 0x0000000647800000, 0x0000000647900000|  0%| F|  |TAMS 0x0000000647800000, 0x0000000647800000| Untracked 
| 121|0x0000000647900000, 0x0000000647900000, 0x0000000647a00000|  0%| F|  |TAMS 0x0000000647900000, 0x0000000647900000| Untracked 
| 122|0x0000000647a00000, 0x0000000647a00000, 0x0000000647b00000|  0%| F|  |TAMS 0x0000000647a00000, 0x0000000647a00000| Untracked 
| 123|0x0000000647b00000, 0x0000000647b00000, 0x0000000647c00000|  0%| F|  |TAMS 0x0000000647b00000, 0x0000000647b00000| Untracked 
| 124|0x0000000647c00000, 0x0000000647c00000, 0x0000000647d00000|  0%| F|  |TAMS 0x0000000647c00000, 0x0000000647c00000| Untracked 
| 125|0x0000000647d00000, 0x0000000647d00000, 0x0000000647e00000|  0%| F|  |TAMS 0x0000000647d00000, 0x0000000647d00000| Untracked 
| 126|0x0000000647e00000, 0x0000000647e00000, 0x0000000647f00000|  0%| F|  |TAMS 0x0000000647e00000, 0x0000000647e00000| Untracked 
| 127|0x0000000647f00000, 0x0000000647f00000, 0x0000000648000000|  0%| F|  |TAMS 0x0000000647f00000, 0x0000000647f00000| Untracked 
| 128|0x0000000648000000, 0x0000000648000000, 0x0000000648100000|  0%| F|  |TAMS 0x0000000648000000, 0x0000000648000000| Untracked 
| 129|0x0000000648100000, 0x0000000648100000, 0x0000000648200000|  0%| F|  |TAMS 0x0000000648100000, 0x0000000648100000| Untracked 
| 130|0x0000000648200000, 0x0000000648200000, 0x0000000648300000|  0%| F|  |TAMS 0x0000000648200000, 0x0000000648200000| Untracked 
| 131|0x0000000648300000, 0x0000000648300000, 0x0000000648400000|  0%| F|  |TAMS 0x0000000648300000, 0x0000000648300000| Untracked 
| 132|0x0000000648400000, 0x0000000648400000, 0x0000000648500000|  0%| F|  |TAMS 0x0000000648400000, 0x0000000648400000| Untracked 
| 133|0x0000000648500000, 0x0000000648500000, 0x0000000648600000|  0%| F|  |TAMS 0x0000000648500000, 0x0000000648500000| Untracked 
| 134|0x0000000648600000, 0x0000000648600000, 0x0000000648700000|  0%| F|  |TAMS 0x0000000648600000, 0x0000000648600000| Untracked 
| 135|0x0000000648700000, 0x0000000648700000, 0x0000000648800000|  0%| F|  |TAMS 0x0000000648700000, 0x0000000648700000| Untracked 
| 136|0x0000000648800000, 0x0000000648800000, 0x0000000648900000|  0%| F|  |TAMS 0x0000000648800000, 0x0000000648800000| Untracked 
| 137|0x0000000648900000, 0x0000000648900000, 0x0000000648a00000|  0%| F|  |TAMS 0x0000000648900000, 0x0000000648900000| Untracked 
| 138|0x0000000648a00000, 0x0000000648a00000, 0x0000000648b00000|  0%| F|  |TAMS 0x0000000648a00000, 0x0000000648a00000| Untracked 
| 139|0x0000000648b00000, 0x0000000648b00000, 0x0000000648c00000|  0%| F|  |TAMS 0x0000000648b00000, 0x0000000648b00000| Untracked 
| 140|0x0000000648c00000, 0x0000000648c00000, 0x0000000648d00000|  0%| F|  |TAMS 0x0000000648c00000, 0x0000000648c00000| Untracked 
| 141|0x0000000648d00000, 0x0000000648d00000, 0x0000000648e00000|  0%| F|  |TAMS 0x0000000648d00000, 0x0000000648d00000| Untracked 
| 142|0x0000000648e00000, 0x0000000648e00000, 0x0000000648f00000|  0%| F|  |TAMS 0x0000000648e00000, 0x0000000648e00000| Untracked 
| 143|0x0000000648f00000, 0x0000000648f00000, 0x0000000649000000|  0%| F|  |TAMS 0x0000000648f00000, 0x0000000648f00000| Untracked 
| 144|0x0000000649000000, 0x0000000649000000, 0x0000000649100000|  0%| F|  |TAMS 0x0000000649000000, 0x0000000649000000| Untracked 
| 145|0x0000000649100000, 0x0000000649100000, 0x0000000649200000|  0%| F|  |TAMS 0x0000000649100000, 0x0000000649100000| Untracked 
| 146|0x0000000649200000, 0x0000000649200000, 0x0000000649300000|  0%| F|  |TAMS 0x0000000649200000, 0x0000000649200000| Untracked 
| 147|0x0000000649300000, 0x0000000649300000, 0x0000000649400000|  0%| F|  |TAMS 0x0000000649300000, 0x0000000649300000| Untracked 
| 148|0x0000000649400000, 0x0000000649400000, 0x0000000649500000|  0%| F|  |TAMS 0x0000000649400000, 0x0000000649400000| Untracked 
| 149|0x0000000649500000, 0x0000000649500000, 0x0000000649600000|  0%| F|  |TAMS 0x0000000649500000, 0x0000000649500000| Untracked 
| 150|0x0000000649600000, 0x0000000649600000, 0x0000000649700000|  0%| F|  |TAMS 0x0000000649600000, 0x0000000649600000| Untracked 
| 151|0x0000000649700000, 0x0000000649700000, 0x0000000649800000|  0%| F|  |TAMS 0x0000000649700000, 0x0000000649700000| Untracked 
| 152|0x0000000649800000, 0x0000000649800000, 0x0000000649900000|  0%| F|  |TAMS 0x0000000649800000, 0x0000000649800000| Untracked 
| 153|0x0000000649900000, 0x0000000649900000, 0x0000000649a00000|  0%| F|  |TAMS 0x0000000649900000, 0x0000000649900000| Untracked 
| 154|0x0000000649a00000, 0x0000000649a00000, 0x0000000649b00000|  0%| F|  |TAMS 0x0000000649a00000, 0x0000000649a00000| Untracked 
| 155|0x0000000649b00000, 0x0000000649b00000, 0x0000000649c00000|  0%| F|  |TAMS 0x0000000649b00000, 0x0000000649b00000| Untracked 
| 156|0x0000000649c00000, 0x0000000649c00000, 0x0000000649d00000|  0%| F|  |TAMS 0x0000000649c00000, 0x0000000649c00000| Untracked 
| 157|0x0000000649d00000, 0x0000000649d00000, 0x0000000649e00000|  0%| F|  |TAMS 0x0000000649d00000, 0x0000000649d00000| Untracked 
| 158|0x0000000649e00000, 0x0000000649e00000, 0x0000000649f00000|  0%| F|  |TAMS 0x0000000649e00000, 0x0000000649e00000| Untracked 
| 159|0x0000000649f00000, 0x0000000649f00000, 0x000000064a000000|  0%| F|  |TAMS 0x0000000649f00000, 0x0000000649f00000| Untracked 
| 160|0x000000064a000000, 0x000000064a000000, 0x000000064a100000|  0%| F|  |TAMS 0x000000064a000000, 0x000000064a000000| Untracked 
| 161|0x000000064a100000, 0x000000064a100000, 0x000000064a200000|  0%| F|  |TAMS 0x000000064a100000, 0x000000064a100000| Untracked 
| 162|0x000000064a200000, 0x000000064a200000, 0x000000064a300000|  0%| F|  |TAMS 0x000000064a200000, 0x000000064a200000| Untracked 
| 163|0x000000064a300000, 0x000000064a300000, 0x000000064a400000|  0%| F|  |TAMS 0x000000064a300000, 0x000000064a300000| Untracked 
| 164|0x000000064a400000, 0x000000064a400000, 0x000000064a500000|  0%| F|  |TAMS 0x000000064a400000, 0x000000064a400000| Untracked 
| 165|0x000000064a500000, 0x000000064a500000, 0x000000064a600000|  0%| F|  |TAMS 0x000000064a500000, 0x000000064a500000| Untracked 
| 166|0x000000064a600000, 0x000000064a600000, 0x000000064a700000|  0%| F|  |TAMS 0x000000064a600000, 0x000000064a600000| Untracked 
| 167|0x000000064a700000, 0x000000064a700000, 0x000000064a800000|  0%| F|  |TAMS 0x000000064a700000, 0x000000064a700000| Untracked 
| 168|0x000000064a800000, 0x000000064a800000, 0x000000064a900000|  0%| F|  |TAMS 0x000000064a800000, 0x000000064a800000| Untracked 
| 169|0x000000064a900000, 0x000000064a900000, 0x000000064aa00000|  0%| F|  |TAMS 0x000000064a900000, 0x000000064a900000| Untracked 
| 170|0x000000064aa00000, 0x000000064aa00000, 0x000000064ab00000|  0%| F|  |TAMS 0x000000064aa00000, 0x000000064aa00000| Untracked 
| 171|0x000000064ab00000, 0x000000064ab00000, 0x000000064ac00000|  0%| F|  |TAMS 0x000000064ab00000, 0x000000064ab00000| Untracked 
| 172|0x000000064ac00000, 0x000000064ac00000, 0x000000064ad00000|  0%| F|  |TAMS 0x000000064ac00000, 0x000000064ac00000| Untracked 
| 173|0x000000064ad00000, 0x000000064ad00000, 0x000000064ae00000|  0%| F|  |TAMS 0x000000064ad00000, 0x000000064ad00000| Untracked 
| 174|0x000000064ae00000, 0x000000064ae00000, 0x000000064af00000|  0%| F|  |TAMS 0x000000064ae00000, 0x000000064ae00000| Untracked 
| 175|0x000000064af00000, 0x000000064af00000, 0x000000064b000000|  0%| F|  |TAMS 0x000000064af00000, 0x000000064af00000| Untracked 
| 176|0x000000064b000000, 0x000000064b000000, 0x000000064b100000|  0%| F|  |TAMS 0x000000064b000000, 0x000000064b000000| Untracked 
| 177|0x000000064b100000, 0x000000064b100000, 0x000000064b200000|  0%| F|  |TAMS 0x000000064b100000, 0x000000064b100000| Untracked 
| 178|0x000000064b200000, 0x000000064b200000, 0x000000064b300000|  0%| F|  |TAMS 0x000000064b200000, 0x000000064b200000| Untracked 
| 179|0x000000064b300000, 0x000000064b300000, 0x000000064b400000|  0%| F|  |TAMS 0x000000064b300000, 0x000000064b300000| Untracked 
| 180|0x000000064b400000, 0x000000064b400000, 0x000000064b500000|  0%| F|  |TAMS 0x000000064b400000, 0x000000064b400000| Untracked 
| 181|0x000000064b500000, 0x000000064b500000, 0x000000064b600000|  0%| F|  |TAMS 0x000000064b500000, 0x000000064b500000| Untracked 
| 182|0x000000064b600000, 0x000000064b600000, 0x000000064b700000|  0%| F|  |TAMS 0x000000064b600000, 0x000000064b600000| Untracked 
| 183|0x000000064b700000, 0x000000064b700000, 0x000000064b800000|  0%| F|  |TAMS 0x000000064b700000, 0x000000064b700000| Untracked 
| 184|0x000000064b800000, 0x000000064b800000, 0x000000064b900000|  0%| F|  |TAMS 0x000000064b800000, 0x000000064b800000| Untracked 
| 185|0x000000064b900000, 0x000000064b900000, 0x000000064ba00000|  0%| F|  |TAMS 0x000000064b900000, 0x000000064b900000| Untracked 
| 186|0x000000064ba00000, 0x000000064ba00000, 0x000000064bb00000|  0%| F|  |TAMS 0x000000064ba00000, 0x000000064ba00000| Untracked 
| 187|0x000000064bb00000, 0x000000064bb00000, 0x000000064bc00000|  0%| F|  |TAMS 0x000000064bb00000, 0x000000064bb00000| Untracked 
| 188|0x000000064bc00000, 0x000000064bc00000, 0x000000064bd00000|  0%| F|  |TAMS 0x000000064bc00000, 0x000000064bc00000| Untracked 
| 189|0x000000064bd00000, 0x000000064bd00000, 0x000000064be00000|  0%| F|  |TAMS 0x000000064bd00000, 0x000000064bd00000| Untracked 
| 190|0x000000064be00000, 0x000000064be00000, 0x000000064bf00000|  0%| F|  |TAMS 0x000000064be00000, 0x000000064be00000| Untracked 
| 191|0x000000064bf00000, 0x000000064bf00000, 0x000000064c000000|  0%| F|  |TAMS 0x000000064bf00000, 0x000000064bf00000| Untracked 
| 192|0x000000064c000000, 0x000000064c000000, 0x000000064c100000|  0%| F|  |TAMS 0x000000064c000000, 0x000000064c000000| Untracked 
| 193|0x000000064c100000, 0x000000064c100000, 0x000000064c200000|  0%| F|  |TAMS 0x000000064c100000, 0x000000064c100000| Untracked 
| 194|0x000000064c200000, 0x000000064c200000, 0x000000064c300000|  0%| F|  |TAMS 0x000000064c200000, 0x000000064c200000| Untracked 
| 195|0x000000064c300000, 0x000000064c300000, 0x000000064c400000|  0%| F|  |TAMS 0x000000064c300000, 0x000000064c300000| Untracked 
| 196|0x000000064c400000, 0x000000064c400000, 0x000000064c500000|  0%| F|  |TAMS 0x000000064c400000, 0x000000064c400000| Untracked 
| 197|0x000000064c500000, 0x000000064c500000, 0x000000064c600000|  0%| F|  |TAMS 0x000000064c500000, 0x000000064c500000| Untracked 
| 198|0x000000064c600000, 0x000000064c600000, 0x000000064c700000|  0%| F|  |TAMS 0x000000064c600000, 0x000000064c600000| Untracked 
| 199|0x000000064c700000, 0x000000064c700000, 0x000000064c800000|  0%| F|  |TAMS 0x000000064c700000, 0x000000064c700000| Untracked 
| 200|0x000000064c800000, 0x000000064c800000, 0x000000064c900000|  0%| F|  |TAMS 0x000000064c800000, 0x000000064c800000| Untracked 
| 201|0x000000064c900000, 0x000000064c900000, 0x000000064ca00000|  0%| F|  |TAMS 0x000000064c900000, 0x000000064c900000| Untracked 
| 202|0x000000064ca00000, 0x000000064ca00000, 0x000000064cb00000|  0%| F|  |TAMS 0x000000064ca00000, 0x000000064ca00000| Untracked 
| 203|0x000000064cb00000, 0x000000064cb00000, 0x000000064cc00000|  0%| F|  |TAMS 0x000000064cb00000, 0x000000064cb00000| Untracked 
| 204|0x000000064cc00000, 0x000000064cc00000, 0x000000064cd00000|  0%| F|  |TAMS 0x000000064cc00000, 0x000000064cc00000| Untracked 
| 205|0x000000064cd00000, 0x000000064cd00000, 0x000000064ce00000|  0%| F|  |TAMS 0x000000064cd00000, 0x000000064cd00000| Untracked 
| 206|0x000000064ce00000, 0x000000064ce00000, 0x000000064cf00000|  0%| F|  |TAMS 0x000000064ce00000, 0x000000064ce00000| Untracked 
| 207|0x000000064cf00000, 0x000000064cf00000, 0x000000064d000000|  0%| F|  |TAMS 0x000000064cf00000, 0x000000064cf00000| Untracked 
| 208|0x000000064d000000, 0x000000064d000000, 0x000000064d100000|  0%| F|  |TAMS 0x000000064d000000, 0x000000064d000000| Untracked 
| 209|0x000000064d100000, 0x000000064d100000, 0x000000064d200000|  0%| F|  |TAMS 0x000000064d100000, 0x000000064d100000| Untracked 
| 210|0x000000064d200000, 0x000000064d200000, 0x000000064d300000|  0%| F|  |TAMS 0x000000064d200000, 0x000000064d200000| Untracked 
| 211|0x000000064d300000, 0x000000064d300000, 0x000000064d400000|  0%| F|  |TAMS 0x000000064d300000, 0x000000064d300000| Untracked 
| 212|0x000000064d400000, 0x000000064d400000, 0x000000064d500000|  0%| F|  |TAMS 0x000000064d400000, 0x000000064d400000| Untracked 
| 213|0x000000064d500000, 0x000000064d500000, 0x000000064d600000|  0%| F|  |TAMS 0x000000064d500000, 0x000000064d500000| Untracked 
| 214|0x000000064d600000, 0x000000064d600000, 0x000000064d700000|  0%| F|  |TAMS 0x000000064d600000, 0x000000064d600000| Untracked 
| 215|0x000000064d700000, 0x000000064d700000, 0x000000064d800000|  0%| F|  |TAMS 0x000000064d700000, 0x000000064d700000| Untracked 
| 216|0x000000064d800000, 0x000000064d800000, 0x000000064d900000|  0%| F|  |TAMS 0x000000064d800000, 0x000000064d800000| Untracked 
| 217|0x000000064d900000, 0x000000064d900000, 0x000000064da00000|  0%| F|  |TAMS 0x000000064d900000, 0x000000064d900000| Untracked 
| 218|0x000000064da00000, 0x000000064da00000, 0x000000064db00000|  0%| F|  |TAMS 0x000000064da00000, 0x000000064da00000| Untracked 
| 219|0x000000064db00000, 0x000000064db00000, 0x000000064dc00000|  0%| F|  |TAMS 0x000000064db00000, 0x000000064db00000| Untracked 
| 220|0x000000064dc00000, 0x000000064dc00000, 0x000000064dd00000|  0%| F|  |TAMS 0x000000064dc00000, 0x000000064dc00000| Untracked 
| 221|0x000000064dd00000, 0x000000064dd00000, 0x000000064de00000|  0%| F|  |TAMS 0x000000064dd00000, 0x000000064dd00000| Untracked 
| 222|0x000000064de00000, 0x000000064de00000, 0x000000064df00000|  0%| F|  |TAMS 0x000000064de00000, 0x000000064de00000| Untracked 
| 223|0x000000064df00000, 0x000000064df00000, 0x000000064e000000|  0%| F|  |TAMS 0x000000064df00000, 0x000000064df00000| Untracked 
| 224|0x000000064e000000, 0x000000064e000000, 0x000000064e100000|  0%| F|  |TAMS 0x000000064e000000, 0x000000064e000000| Untracked 
| 225|0x000000064e100000, 0x000000064e100000, 0x000000064e200000|  0%| F|  |TAMS 0x000000064e100000, 0x000000064e100000| Untracked 
| 226|0x000000064e200000, 0x000000064e200000, 0x000000064e300000|  0%| F|  |TAMS 0x000000064e200000, 0x000000064e200000| Untracked 
| 227|0x000000064e300000, 0x000000064e300000, 0x000000064e400000|  0%| F|  |TAMS 0x000000064e300000, 0x000000064e300000| Untracked 
| 228|0x000000064e400000, 0x000000064e400000, 0x000000064e500000|  0%| F|  |TAMS 0x000000064e400000, 0x000000064e400000| Untracked 
| 229|0x000000064e500000, 0x000000064e500000, 0x000000064e600000|  0%| F|  |TAMS 0x000000064e500000, 0x000000064e500000| Untracked 
| 230|0x000000064e600000, 0x000000064e600000, 0x000000064e700000|  0%| F|  |TAMS 0x000000064e600000, 0x000000064e600000| Untracked 
| 231|0x000000064e700000, 0x000000064e700000, 0x000000064e800000|  0%| F|  |TAMS 0x000000064e700000, 0x000000064e700000| Untracked 
| 232|0x000000064e800000, 0x000000064e800000, 0x000000064e900000|  0%| F|  |TAMS 0x000000064e800000, 0x000000064e800000| Untracked 
| 233|0x000000064e900000, 0x000000064e900000, 0x000000064ea00000|  0%| F|  |TAMS 0x000000064e900000, 0x000000064e900000| Untracked 
| 234|0x000000064ea00000, 0x000000064ea00000, 0x000000064eb00000|  0%| F|  |TAMS 0x000000064ea00000, 0x000000064ea00000| Untracked 
| 235|0x000000064eb00000, 0x000000064eb00000, 0x000000064ec00000|  0%| F|  |TAMS 0x000000064eb00000, 0x000000064eb00000| Untracked 
| 236|0x000000064ec00000, 0x000000064ec00000, 0x000000064ed00000|  0%| F|  |TAMS 0x000000064ec00000, 0x000000064ec00000| Untracked 
| 237|0x000000064ed00000, 0x000000064ed00000, 0x000000064ee00000|  0%| F|  |TAMS 0x000000064ed00000, 0x000000064ed00000| Untracked 
| 238|0x000000064ee00000, 0x000000064ee00000, 0x000000064ef00000|  0%| F|  |TAMS 0x000000064ee00000, 0x000000064ee00000| Untracked 
| 239|0x000000064ef00000, 0x000000064ef00000, 0x000000064f000000|  0%| F|  |TAMS 0x000000064ef00000, 0x000000064ef00000| Untracked 
| 240|0x000000064f000000, 0x000000064f000000, 0x000000064f100000|  0%| F|  |TAMS 0x000000064f000000, 0x000000064f000000| Untracked 
| 241|0x000000064f100000, 0x000000064f100000, 0x000000064f200000|  0%| F|  |TAMS 0x000000064f100000, 0x000000064f100000| Untracked 
| 242|0x000000064f200000, 0x000000064f200000, 0x000000064f300000|  0%| F|  |TAMS 0x000000064f200000, 0x000000064f200000| Untracked 
| 243|0x000000064f300000, 0x000000064f300000, 0x000000064f400000|  0%| F|  |TAMS 0x000000064f300000, 0x000000064f300000| Untracked 
| 244|0x000000064f400000, 0x000000064f400000, 0x000000064f500000|  0%| F|  |TAMS 0x000000064f400000, 0x000000064f400000| Untracked 
| 245|0x000000064f500000, 0x000000064f500000, 0x000000064f600000|  0%| F|  |TAMS 0x000000064f500000, 0x000000064f500000| Untracked 
| 246|0x000000064f600000, 0x000000064f600000, 0x000000064f700000|  0%| F|  |TAMS 0x000000064f600000, 0x000000064f600000| Untracked 
| 247|0x000000064f700000, 0x000000064f700000, 0x000000064f800000|  0%| F|  |TAMS 0x000000064f700000, 0x000000064f700000| Untracked 
| 248|0x000000064f800000, 0x000000064f800000, 0x000000064f900000|  0%| F|  |TAMS 0x000000064f800000, 0x000000064f800000| Untracked 
| 249|0x000000064f900000, 0x000000064f900000, 0x000000064fa00000|  0%| F|  |TAMS 0x000000064f900000, 0x000000064f900000| Untracked 
| 250|0x000000064fa00000, 0x000000064fa00000, 0x000000064fb00000|  0%| F|  |TAMS 0x000000064fa00000, 0x000000064fa00000| Untracked 
| 251|0x000000064fb00000, 0x000000064fb00000, 0x000000064fc00000|  0%| F|  |TAMS 0x000000064fb00000, 0x000000064fb00000| Untracked 
| 252|0x000000064fc00000, 0x000000064fc00000, 0x000000064fd00000|  0%| F|  |TAMS 0x000000064fc00000, 0x000000064fc00000| Untracked 
| 253|0x000000064fd00000, 0x000000064fd00000, 0x000000064fe00000|  0%| F|  |TAMS 0x000000064fd00000, 0x000000064fd00000| Untracked 
| 254|0x000000064fe00000, 0x000000064fe00000, 0x000000064ff00000|  0%| F|  |TAMS 0x000000064fe00000, 0x000000064fe00000| Untracked 
| 255|0x000000064ff00000, 0x000000064ff00000, 0x0000000650000000|  0%| F|  |TAMS 0x000000064ff00000, 0x000000064ff00000| Untracked 
| 256|0x0000000650000000, 0x0000000650000000, 0x0000000650100000|  0%| F|  |TAMS 0x0000000650000000, 0x0000000650000000| Untracked 
| 257|0x0000000650100000, 0x0000000650100000, 0x0000000650200000|  0%| F|  |TAMS 0x0000000650100000, 0x0000000650100000| Untracked 
| 258|0x0000000650200000, 0x0000000650200000, 0x0000000650300000|  0%| F|  |TAMS 0x0000000650200000, 0x0000000650200000| Untracked 
| 259|0x0000000650300000, 0x0000000650300000, 0x0000000650400000|  0%| F|  |TAMS 0x0000000650300000, 0x0000000650300000| Untracked 
| 260|0x0000000650400000, 0x0000000650400000, 0x0000000650500000|  0%| F|  |TAMS 0x0000000650400000, 0x0000000650400000| Untracked 
| 261|0x0000000650500000, 0x0000000650500000, 0x0000000650600000|  0%| F|  |TAMS 0x0000000650500000, 0x0000000650500000| Untracked 
| 262|0x0000000650600000, 0x0000000650600000, 0x0000000650700000|  0%| F|  |TAMS 0x0000000650600000, 0x0000000650600000| Untracked 
| 263|0x0000000650700000, 0x0000000650700000, 0x0000000650800000|  0%| F|  |TAMS 0x0000000650700000, 0x0000000650700000| Untracked 
| 264|0x0000000650800000, 0x0000000650800000, 0x0000000650900000|  0%| F|  |TAMS 0x0000000650800000, 0x0000000650800000| Untracked 
| 265|0x0000000650900000, 0x0000000650900000, 0x0000000650a00000|  0%| F|  |TAMS 0x0000000650900000, 0x0000000650900000| Untracked 
| 266|0x0000000650a00000, 0x0000000650a00000, 0x0000000650b00000|  0%| F|  |TAMS 0x0000000650a00000, 0x0000000650a00000| Untracked 
| 267|0x0000000650b00000, 0x0000000650b00000, 0x0000000650c00000|  0%| F|  |TAMS 0x0000000650b00000, 0x0000000650b00000| Untracked 
| 268|0x0000000650c00000, 0x0000000650c00000, 0x0000000650d00000|  0%| F|  |TAMS 0x0000000650c00000, 0x0000000650c00000| Untracked 
| 269|0x0000000650d00000, 0x0000000650d00000, 0x0000000650e00000|  0%| F|  |TAMS 0x0000000650d00000, 0x0000000650d00000| Untracked 
| 270|0x0000000650e00000, 0x0000000650e00000, 0x0000000650f00000|  0%| F|  |TAMS 0x0000000650e00000, 0x0000000650e00000| Untracked 
| 271|0x0000000650f00000, 0x0000000650f00000, 0x0000000651000000|  0%| F|  |TAMS 0x0000000650f00000, 0x0000000650f00000| Untracked 
| 272|0x0000000651000000, 0x0000000651000000, 0x0000000651100000|  0%| F|  |TAMS 0x0000000651000000, 0x0000000651000000| Untracked 
| 273|0x0000000651100000, 0x0000000651100000, 0x0000000651200000|  0%| F|  |TAMS 0x0000000651100000, 0x0000000651100000| Untracked 
| 274|0x0000000651200000, 0x0000000651200000, 0x0000000651300000|  0%| F|  |TAMS 0x0000000651200000, 0x0000000651200000| Untracked 
| 275|0x0000000651300000, 0x0000000651300000, 0x0000000651400000|  0%| F|  |TAMS 0x0000000651300000, 0x0000000651300000| Untracked 
| 276|0x0000000651400000, 0x0000000651400000, 0x0000000651500000|  0%| F|  |TAMS 0x0000000651400000, 0x0000000651400000| Untracked 
| 277|0x0000000651500000, 0x0000000651500000, 0x0000000651600000|  0%| F|  |TAMS 0x0000000651500000, 0x0000000651500000| Untracked 
| 278|0x0000000651600000, 0x0000000651600000, 0x0000000651700000|  0%| F|  |TAMS 0x0000000651600000, 0x0000000651600000| Untracked 
| 279|0x0000000651700000, 0x0000000651700000, 0x0000000651800000|  0%| F|  |TAMS 0x0000000651700000, 0x0000000651700000| Untracked 
| 280|0x0000000651800000, 0x0000000651800000, 0x0000000651900000|  0%| F|  |TAMS 0x0000000651800000, 0x0000000651800000| Untracked 
| 281|0x0000000651900000, 0x0000000651900000, 0x0000000651a00000|  0%| F|  |TAMS 0x0000000651900000, 0x0000000651900000| Untracked 
| 282|0x0000000651a00000, 0x0000000651a00000, 0x0000000651b00000|  0%| F|  |TAMS 0x0000000651a00000, 0x0000000651a00000| Untracked 
| 283|0x0000000651b00000, 0x0000000651b00000, 0x0000000651c00000|  0%| F|  |TAMS 0x0000000651b00000, 0x0000000651b00000| Untracked 
| 284|0x0000000651c00000, 0x0000000651c00000, 0x0000000651d00000|  0%| F|  |TAMS 0x0000000651c00000, 0x0000000651c00000| Untracked 
| 285|0x0000000651d00000, 0x0000000651d00000, 0x0000000651e00000|  0%| F|  |TAMS 0x0000000651d00000, 0x0000000651d00000| Untracked 
| 286|0x0000000651e00000, 0x0000000651e00000, 0x0000000651f00000|  0%| F|  |TAMS 0x0000000651e00000, 0x0000000651e00000| Untracked 
| 287|0x0000000651f00000, 0x0000000651f00000, 0x0000000652000000|  0%| F|  |TAMS 0x0000000651f00000, 0x0000000651f00000| Untracked 
| 288|0x0000000652000000, 0x0000000652000000, 0x0000000652100000|  0%| F|  |TAMS 0x0000000652000000, 0x0000000652000000| Untracked 
| 289|0x0000000652100000, 0x0000000652100000, 0x0000000652200000|  0%| F|  |TAMS 0x0000000652100000, 0x0000000652100000| Untracked 
| 290|0x0000000652200000, 0x0000000652200000, 0x0000000652300000|  0%| F|  |TAMS 0x0000000652200000, 0x0000000652200000| Untracked 
| 291|0x0000000652300000, 0x0000000652300000, 0x0000000652400000|  0%| F|  |TAMS 0x0000000652300000, 0x0000000652300000| Untracked 
| 292|0x0000000652400000, 0x0000000652400000, 0x0000000652500000|  0%| F|  |TAMS 0x0000000652400000, 0x0000000652400000| Untracked 
| 293|0x0000000652500000, 0x0000000652500000, 0x0000000652600000|  0%| F|  |TAMS 0x0000000652500000, 0x0000000652500000| Untracked 
| 294|0x0000000652600000, 0x0000000652600000, 0x0000000652700000|  0%| F|  |TAMS 0x0000000652600000, 0x0000000652600000| Untracked 
| 295|0x0000000652700000, 0x0000000652700000, 0x0000000652800000|  0%| F|  |TAMS 0x0000000652700000, 0x0000000652700000| Untracked 
| 296|0x0000000652800000, 0x0000000652800000, 0x0000000652900000|  0%| F|  |TAMS 0x0000000652800000, 0x0000000652800000| Untracked 
| 297|0x0000000652900000, 0x0000000652900000, 0x0000000652a00000|  0%| F|  |TAMS 0x0000000652900000, 0x0000000652900000| Untracked 
| 298|0x0000000652a00000, 0x0000000652a00000, 0x0000000652b00000|  0%| F|  |TAMS 0x0000000652a00000, 0x0000000652a00000| Untracked 
| 299|0x0000000652b00000, 0x0000000652b00000, 0x0000000652c00000|  0%| F|  |TAMS 0x0000000652b00000, 0x0000000652b00000| Untracked 
| 300|0x0000000652c00000, 0x0000000652c00000, 0x0000000652d00000|  0%| F|  |TAMS 0x0000000652c00000, 0x0000000652c00000| Untracked 
| 301|0x0000000652d00000, 0x0000000652d00000, 0x0000000652e00000|  0%| F|  |TAMS 0x0000000652d00000, 0x0000000652d00000| Untracked 
| 302|0x0000000652e00000, 0x0000000652e00000, 0x0000000652f00000|  0%| F|  |TAMS 0x0000000652e00000, 0x0000000652e00000| Untracked 
| 303|0x0000000652f00000, 0x0000000652f00000, 0x0000000653000000|  0%| F|  |TAMS 0x0000000652f00000, 0x0000000652f00000| Untracked 
| 304|0x0000000653000000, 0x0000000653000000, 0x0000000653100000|  0%| F|  |TAMS 0x0000000653000000, 0x0000000653000000| Untracked 
| 305|0x0000000653100000, 0x0000000653100000, 0x0000000653200000|  0%| F|  |TAMS 0x0000000653100000, 0x0000000653100000| Untracked 
| 306|0x0000000653200000, 0x0000000653200000, 0x0000000653300000|  0%| F|  |TAMS 0x0000000653200000, 0x0000000653200000| Untracked 
| 307|0x0000000653300000, 0x0000000653300000, 0x0000000653400000|  0%| F|  |TAMS 0x0000000653300000, 0x0000000653300000| Untracked 
| 308|0x0000000653400000, 0x0000000653400000, 0x0000000653500000|  0%| F|  |TAMS 0x0000000653400000, 0x0000000653400000| Untracked 
| 309|0x0000000653500000, 0x0000000653500000, 0x0000000653600000|  0%| F|  |TAMS 0x0000000653500000, 0x0000000653500000| Untracked 
| 310|0x0000000653600000, 0x0000000653600000, 0x0000000653700000|  0%| F|  |TAMS 0x0000000653600000, 0x0000000653600000| Untracked 
| 311|0x0000000653700000, 0x0000000653700000, 0x0000000653800000|  0%| F|  |TAMS 0x0000000653700000, 0x0000000653700000| Untracked 
| 312|0x0000000653800000, 0x0000000653800000, 0x0000000653900000|  0%| F|  |TAMS 0x0000000653800000, 0x0000000653800000| Untracked 
| 313|0x0000000653900000, 0x0000000653900000, 0x0000000653a00000|  0%| F|  |TAMS 0x0000000653900000, 0x0000000653900000| Untracked 
| 314|0x0000000653a00000, 0x0000000653a00000, 0x0000000653b00000|  0%| F|  |TAMS 0x0000000653a00000, 0x0000000653a00000| Untracked 
| 315|0x0000000653b00000, 0x0000000653b00000, 0x0000000653c00000|  0%| F|  |TAMS 0x0000000653b00000, 0x0000000653b00000| Untracked 
| 316|0x0000000653c00000, 0x0000000653c00000, 0x0000000653d00000|  0%| F|  |TAMS 0x0000000653c00000, 0x0000000653c00000| Untracked 
| 317|0x0000000653d00000, 0x0000000653d00000, 0x0000000653e00000|  0%| F|  |TAMS 0x0000000653d00000, 0x0000000653d00000| Untracked 
| 318|0x0000000653e00000, 0x0000000653e00000, 0x0000000653f00000|  0%| F|  |TAMS 0x0000000653e00000, 0x0000000653e00000| Untracked 
| 319|0x0000000653f00000, 0x0000000653f00000, 0x0000000654000000|  0%| F|  |TAMS 0x0000000653f00000, 0x0000000653f00000| Untracked 
| 320|0x0000000654000000, 0x0000000654000000, 0x0000000654100000|  0%| F|  |TAMS 0x0000000654000000, 0x0000000654000000| Untracked 
| 321|0x0000000654100000, 0x0000000654100000, 0x0000000654200000|  0%| F|  |TAMS 0x0000000654100000, 0x0000000654100000| Untracked 
| 322|0x0000000654200000, 0x0000000654300000, 0x0000000654300000|100%| S|CS|TAMS 0x0000000654200000, 0x0000000654200000| Complete 
| 323|0x0000000654300000, 0x0000000654400000, 0x0000000654400000|100%| S|CS|TAMS 0x0000000654300000, 0x0000000654300000| Complete 
| 324|0x0000000654400000, 0x0000000654500000, 0x0000000654500000|100%| S|CS|TAMS 0x0000000654400000, 0x0000000654400000| Complete 
| 325|0x0000000654500000, 0x0000000654600000, 0x0000000654600000|100%| S|CS|TAMS 0x0000000654500000, 0x0000000654500000| Complete 
| 326|0x0000000654600000, 0x0000000654700000, 0x0000000654700000|100%| S|CS|TAMS 0x0000000654600000, 0x0000000654600000| Complete 
| 327|0x0000000654700000, 0x0000000654800000, 0x0000000654800000|100%| S|CS|TAMS 0x0000000654700000, 0x0000000654700000| Complete 
| 328|0x0000000654800000, 0x0000000654900000, 0x0000000654900000|100%| S|CS|TAMS 0x0000000654800000, 0x0000000654800000| Complete 
| 329|0x0000000654900000, 0x0000000654a00000, 0x0000000654a00000|100%| S|CS|TAMS 0x0000000654900000, 0x0000000654900000| Complete 
| 330|0x0000000654a00000, 0x0000000654b00000, 0x0000000654b00000|100%| S|CS|TAMS 0x0000000654a00000, 0x0000000654a00000| Complete 
| 331|0x0000000654b00000, 0x0000000654c00000, 0x0000000654c00000|100%| S|CS|TAMS 0x0000000654b00000, 0x0000000654b00000| Complete 
| 332|0x0000000654c00000, 0x0000000654d00000, 0x0000000654d00000|100%| S|CS|TAMS 0x0000000654c00000, 0x0000000654c00000| Complete 
| 333|0x0000000654d00000, 0x0000000654e00000, 0x0000000654e00000|100%| S|CS|TAMS 0x0000000654d00000, 0x0000000654d00000| Complete 
| 334|0x0000000654e00000, 0x0000000654f00000, 0x0000000654f00000|100%| S|CS|TAMS 0x0000000654e00000, 0x0000000654e00000| Complete 
| 335|0x0000000654f00000, 0x0000000655000000, 0x0000000655000000|100%| S|CS|TAMS 0x0000000654f00000, 0x0000000654f00000| Complete 
| 336|0x0000000655000000, 0x0000000655100000, 0x0000000655100000|100%| S|CS|TAMS 0x0000000655000000, 0x0000000655000000| Complete 
| 337|0x0000000655100000, 0x0000000655200000, 0x0000000655200000|100%| S|CS|TAMS 0x0000000655100000, 0x0000000655100000| Complete 
| 338|0x0000000655200000, 0x0000000655300000, 0x0000000655300000|100%| S|CS|TAMS 0x0000000655200000, 0x0000000655200000| Complete 
| 339|0x0000000655300000, 0x0000000655400000, 0x0000000655400000|100%| S|CS|TAMS 0x0000000655300000, 0x0000000655300000| Complete 
| 340|0x0000000655400000, 0x0000000655500000, 0x0000000655500000|100%| S|CS|TAMS 0x0000000655400000, 0x0000000655400000| Complete 
| 341|0x0000000655500000, 0x0000000655600000, 0x0000000655600000|100%| S|CS|TAMS 0x0000000655500000, 0x0000000655500000| Complete 
| 342|0x0000000655600000, 0x0000000655700000, 0x0000000655700000|100%| S|CS|TAMS 0x0000000655600000, 0x0000000655600000| Complete 
| 343|0x0000000655700000, 0x0000000655800000, 0x0000000655800000|100%| S|CS|TAMS 0x0000000655700000, 0x0000000655700000| Complete 
| 344|0x0000000655800000, 0x0000000655900000, 0x0000000655900000|100%| S|CS|TAMS 0x0000000655800000, 0x0000000655800000| Complete 
| 345|0x0000000655900000, 0x0000000655a00000, 0x0000000655a00000|100%| S|CS|TAMS 0x0000000655900000, 0x0000000655900000| Complete 
| 346|0x0000000655a00000, 0x0000000655b00000, 0x0000000655b00000|100%| S|CS|TAMS 0x0000000655a00000, 0x0000000655a00000| Complete 
| 347|0x0000000655b00000, 0x0000000655c00000, 0x0000000655c00000|100%| S|CS|TAMS 0x0000000655b00000, 0x0000000655b00000| Complete 
| 348|0x0000000655c00000, 0x0000000655d00000, 0x0000000655d00000|100%| S|CS|TAMS 0x0000000655c00000, 0x0000000655c00000| Complete 
| 349|0x0000000655d00000, 0x0000000655e00000, 0x0000000655e00000|100%| S|CS|TAMS 0x0000000655d00000, 0x0000000655d00000| Complete 
| 350|0x0000000655e00000, 0x0000000655f00000, 0x0000000655f00000|100%| S|CS|TAMS 0x0000000655e00000, 0x0000000655e00000| Complete 
| 351|0x0000000655f00000, 0x0000000656000000, 0x0000000656000000|100%| S|CS|TAMS 0x0000000655f00000, 0x0000000655f00000| Complete 
| 352|0x0000000656000000, 0x0000000656100000, 0x0000000656100000|100%| S|CS|TAMS 0x0000000656000000, 0x0000000656000000| Complete 
| 353|0x0000000656100000, 0x0000000656200000, 0x0000000656200000|100%| S|CS|TAMS 0x0000000656100000, 0x0000000656100000| Complete 
| 354|0x0000000656200000, 0x0000000656300000, 0x0000000656300000|100%| S|CS|TAMS 0x0000000656200000, 0x0000000656200000| Complete 
| 355|0x0000000656300000, 0x0000000656400000, 0x0000000656400000|100%| S|CS|TAMS 0x0000000656300000, 0x0000000656300000| Complete 
| 356|0x0000000656400000, 0x0000000656500000, 0x0000000656500000|100%| S|CS|TAMS 0x0000000656400000, 0x0000000656400000| Complete 
| 357|0x0000000656500000, 0x0000000656600000, 0x0000000656600000|100%| S|CS|TAMS 0x0000000656500000, 0x0000000656500000| Complete 
| 358|0x0000000656600000, 0x0000000656600000, 0x0000000656700000|  0%| F|  |TAMS 0x0000000656600000, 0x0000000656600000| Untracked 
| 359|0x0000000656700000, 0x0000000656700000, 0x0000000656800000|  0%| F|  |TAMS 0x0000000656700000, 0x0000000656700000| Untracked 
| 360|0x0000000656800000, 0x0000000656800000, 0x0000000656900000|  0%| F|  |TAMS 0x0000000656800000, 0x0000000656800000| Untracked 
| 361|0x0000000656900000, 0x0000000656900000, 0x0000000656a00000|  0%| F|  |TAMS 0x0000000656900000, 0x0000000656900000| Untracked 
| 362|0x0000000656a00000, 0x0000000656a00000, 0x0000000656b00000|  0%| F|  |TAMS 0x0000000656a00000, 0x0000000656a00000| Untracked 
| 363|0x0000000656b00000, 0x0000000656b00000, 0x0000000656c00000|  0%| F|  |TAMS 0x0000000656b00000, 0x0000000656b00000| Untracked 
| 364|0x0000000656c00000, 0x0000000656c00000, 0x0000000656d00000|  0%| F|  |TAMS 0x0000000656c00000, 0x0000000656c00000| Untracked 
| 365|0x0000000656d00000, 0x0000000656d00000, 0x0000000656e00000|  0%| F|  |TAMS 0x0000000656d00000, 0x0000000656d00000| Untracked 
| 366|0x0000000656e00000, 0x0000000656e00000, 0x0000000656f00000|  0%| F|  |TAMS 0x0000000656e00000, 0x0000000656e00000| Untracked 
| 367|0x0000000656f00000, 0x0000000656f00000, 0x0000000657000000|  0%| F|  |TAMS 0x0000000656f00000, 0x0000000656f00000| Untracked 
| 368|0x0000000657000000, 0x0000000657000000, 0x0000000657100000|  0%| F|  |TAMS 0x0000000657000000, 0x0000000657000000| Untracked 
| 369|0x0000000657100000, 0x0000000657100000, 0x0000000657200000|  0%| F|  |TAMS 0x0000000657100000, 0x0000000657100000| Untracked 
| 370|0x0000000657200000, 0x0000000657200000, 0x0000000657300000|  0%| F|  |TAMS 0x0000000657200000, 0x0000000657200000| Untracked 
| 371|0x0000000657300000, 0x0000000657300000, 0x0000000657400000|  0%| F|  |TAMS 0x0000000657300000, 0x0000000657300000| Untracked 
| 372|0x0000000657400000, 0x0000000657400000, 0x0000000657500000|  0%| F|  |TAMS 0x0000000657400000, 0x0000000657400000| Untracked 
| 373|0x0000000657500000, 0x0000000657500000, 0x0000000657600000|  0%| F|  |TAMS 0x0000000657500000, 0x0000000657500000| Untracked 
| 374|0x0000000657600000, 0x0000000657600000, 0x0000000657700000|  0%| F|  |TAMS 0x0000000657600000, 0x0000000657600000| Untracked 
| 375|0x0000000657700000, 0x0000000657700000, 0x0000000657800000|  0%| F|  |TAMS 0x0000000657700000, 0x0000000657700000| Untracked 
| 376|0x0000000657800000, 0x0000000657800000, 0x0000000657900000|  0%| F|  |TAMS 0x0000000657800000, 0x0000000657800000| Untracked 
| 377|0x0000000657900000, 0x0000000657900000, 0x0000000657a00000|  0%| F|  |TAMS 0x0000000657900000, 0x0000000657900000| Untracked 
| 378|0x0000000657a00000, 0x0000000657a00000, 0x0000000657b00000|  0%| F|  |TAMS 0x0000000657a00000, 0x0000000657a00000| Untracked 
| 379|0x0000000657b00000, 0x0000000657b00000, 0x0000000657c00000|  0%| F|  |TAMS 0x0000000657b00000, 0x0000000657b00000| Untracked 
| 380|0x0000000657c00000, 0x0000000657c00000, 0x0000000657d00000|  0%| F|  |TAMS 0x0000000657c00000, 0x0000000657c00000| Untracked 
| 381|0x0000000657d00000, 0x0000000657d00000, 0x0000000657e00000|  0%| F|  |TAMS 0x0000000657d00000, 0x0000000657d00000| Untracked 
| 382|0x0000000657e00000, 0x0000000657e00000, 0x0000000657f00000|  0%| F|  |TAMS 0x0000000657e00000, 0x0000000657e00000| Untracked 
| 383|0x0000000657f00000, 0x0000000657f00000, 0x0000000658000000|  0%| F|  |TAMS 0x0000000657f00000, 0x0000000657f00000| Untracked 
| 384|0x0000000658000000, 0x0000000658000000, 0x0000000658100000|  0%| F|  |TAMS 0x0000000658000000, 0x0000000658000000| Untracked 
| 385|0x0000000658100000, 0x0000000658100000, 0x0000000658200000|  0%| F|  |TAMS 0x0000000658100000, 0x0000000658100000| Untracked 
| 386|0x0000000658200000, 0x0000000658200000, 0x0000000658300000|  0%| F|  |TAMS 0x0000000658200000, 0x0000000658200000| Untracked 
| 387|0x0000000658300000, 0x0000000658300000, 0x0000000658400000|  0%| F|  |TAMS 0x0000000658300000, 0x0000000658300000| Untracked 
| 388|0x0000000658400000, 0x0000000658400000, 0x0000000658500000|  0%| F|  |TAMS 0x0000000658400000, 0x0000000658400000| Untracked 
| 389|0x0000000658500000, 0x0000000658500000, 0x0000000658600000|  0%| F|  |TAMS 0x0000000658500000, 0x0000000658500000| Untracked 
| 390|0x0000000658600000, 0x0000000658600000, 0x0000000658700000|  0%| F|  |TAMS 0x0000000658600000, 0x0000000658600000| Untracked 
| 391|0x0000000658700000, 0x0000000658700000, 0x0000000658800000|  0%| F|  |TAMS 0x0000000658700000, 0x0000000658700000| Untracked 
| 392|0x0000000658800000, 0x0000000658800000, 0x0000000658900000|  0%| F|  |TAMS 0x0000000658800000, 0x0000000658800000| Untracked 
| 393|0x0000000658900000, 0x0000000658900000, 0x0000000658a00000|  0%| F|  |TAMS 0x0000000658900000, 0x0000000658900000| Untracked 
| 394|0x0000000658a00000, 0x0000000658a00000, 0x0000000658b00000|  0%| F|  |TAMS 0x0000000658a00000, 0x0000000658a00000| Untracked 
| 395|0x0000000658b00000, 0x0000000658c00000, 0x0000000658c00000|100%| S|CS|TAMS 0x0000000658b00000, 0x0000000658b00000| Complete 
| 396|0x0000000658c00000, 0x0000000658d00000, 0x0000000658d00000|100%| S|CS|TAMS 0x0000000658c00000, 0x0000000658c00000| Complete 
| 397|0x0000000658d00000, 0x0000000658e00000, 0x0000000658e00000|100%| S|CS|TAMS 0x0000000658d00000, 0x0000000658d00000| Complete 
| 398|0x0000000658e00000, 0x0000000658f00000, 0x0000000658f00000|100%| S|CS|TAMS 0x0000000658e00000, 0x0000000658e00000| Complete 
| 399|0x0000000658f00000, 0x0000000659000000, 0x0000000659000000|100%| S|CS|TAMS 0x0000000658f00000, 0x0000000658f00000| Complete 
| 400|0x0000000659000000, 0x0000000659100000, 0x0000000659100000|100%| S|CS|TAMS 0x0000000659000000, 0x0000000659000000| Complete 
| 401|0x0000000659100000, 0x0000000659100000, 0x0000000659200000|  0%| F|  |TAMS 0x0000000659100000, 0x0000000659100000| Untracked 
| 402|0x0000000659200000, 0x0000000659200000, 0x0000000659300000|  0%| F|  |TAMS 0x0000000659200000, 0x0000000659200000| Untracked 
| 403|0x0000000659300000, 0x0000000659300000, 0x0000000659400000|  0%| F|  |TAMS 0x0000000659300000, 0x0000000659300000| Untracked 
| 404|0x0000000659400000, 0x0000000659400000, 0x0000000659500000|  0%| F|  |TAMS 0x0000000659400000, 0x0000000659400000| Untracked 
| 405|0x0000000659500000, 0x0000000659500000, 0x0000000659600000|  0%| F|  |TAMS 0x0000000659500000, 0x0000000659500000| Untracked 
| 406|0x0000000659600000, 0x0000000659600000, 0x0000000659700000|  0%| F|  |TAMS 0x0000000659600000, 0x0000000659600000| Untracked 
| 407|0x0000000659700000, 0x0000000659700000, 0x0000000659800000|  0%| F|  |TAMS 0x0000000659700000, 0x0000000659700000| Untracked 
| 408|0x0000000659800000, 0x0000000659800000, 0x0000000659900000|  0%| F|  |TAMS 0x0000000659800000, 0x0000000659800000| Untracked 
| 409|0x0000000659900000, 0x0000000659900000, 0x0000000659a00000|  0%| F|  |TAMS 0x0000000659900000, 0x0000000659900000| Untracked 
| 410|0x0000000659a00000, 0x0000000659a00000, 0x0000000659b00000|  0%| F|  |TAMS 0x0000000659a00000, 0x0000000659a00000| Untracked 
| 411|0x0000000659b00000, 0x0000000659b00000, 0x0000000659c00000|  0%| F|  |TAMS 0x0000000659b00000, 0x0000000659b00000| Untracked 
| 412|0x0000000659c00000, 0x0000000659c00000, 0x0000000659d00000|  0%| F|  |TAMS 0x0000000659c00000, 0x0000000659c00000| Untracked 
| 413|0x0000000659d00000, 0x0000000659d00000, 0x0000000659e00000|  0%| F|  |TAMS 0x0000000659d00000, 0x0000000659d00000| Untracked 
| 414|0x0000000659e00000, 0x0000000659e00000, 0x0000000659f00000|  0%| F|  |TAMS 0x0000000659e00000, 0x0000000659e00000| Untracked 
| 415|0x0000000659f00000, 0x0000000659f00000, 0x000000065a000000|  0%| F|  |TAMS 0x0000000659f00000, 0x0000000659f00000| Untracked 
| 416|0x000000065a000000, 0x000000065a000000, 0x000000065a100000|  0%| F|  |TAMS 0x000000065a000000, 0x000000065a000000| Untracked 
| 417|0x000000065a100000, 0x000000065a100000, 0x000000065a200000|  0%| F|  |TAMS 0x000000065a100000, 0x000000065a100000| Untracked 
| 418|0x000000065a200000, 0x000000065a200000, 0x000000065a300000|  0%| F|  |TAMS 0x000000065a200000, 0x000000065a200000| Untracked 
| 419|0x000000065a300000, 0x000000065a300000, 0x000000065a400000|  0%| F|  |TAMS 0x000000065a300000, 0x000000065a300000| Untracked 
| 420|0x000000065a400000, 0x000000065a400000, 0x000000065a500000|  0%| F|  |TAMS 0x000000065a400000, 0x000000065a400000| Untracked 
| 421|0x000000065a500000, 0x000000065a500000, 0x000000065a600000|  0%| F|  |TAMS 0x000000065a500000, 0x000000065a500000| Untracked 
| 422|0x000000065a600000, 0x000000065a600000, 0x000000065a700000|  0%| F|  |TAMS 0x000000065a600000, 0x000000065a600000| Untracked 
| 423|0x000000065a700000, 0x000000065a700000, 0x000000065a800000|  0%| F|  |TAMS 0x000000065a700000, 0x000000065a700000| Untracked 
| 424|0x000000065a800000, 0x000000065a800000, 0x000000065a900000|  0%| F|  |TAMS 0x000000065a800000, 0x000000065a800000| Untracked 
| 425|0x000000065a900000, 0x000000065a900000, 0x000000065aa00000|  0%| F|  |TAMS 0x000000065a900000, 0x000000065a900000| Untracked 
| 426|0x000000065aa00000, 0x000000065aa00000, 0x000000065ab00000|  0%| F|  |TAMS 0x000000065aa00000, 0x000000065aa00000| Untracked 
| 427|0x000000065ab00000, 0x000000065ab00000, 0x000000065ac00000|  0%| F|  |TAMS 0x000000065ab00000, 0x000000065ab00000| Untracked 
| 428|0x000000065ac00000, 0x000000065ac00000, 0x000000065ad00000|  0%| F|  |TAMS 0x000000065ac00000, 0x000000065ac00000| Untracked 
| 429|0x000000065ad00000, 0x000000065ad00000, 0x000000065ae00000|  0%| F|  |TAMS 0x000000065ad00000, 0x000000065ad00000| Untracked 
| 430|0x000000065ae00000, 0x000000065ae00000, 0x000000065af00000|  0%| F|  |TAMS 0x000000065ae00000, 0x000000065ae00000| Untracked 
| 431|0x000000065af00000, 0x000000065af00000, 0x000000065b000000|  0%| F|  |TAMS 0x000000065af00000, 0x000000065af00000| Untracked 
| 432|0x000000065b000000, 0x000000065b000000, 0x000000065b100000|  0%| F|  |TAMS 0x000000065b000000, 0x000000065b000000| Untracked 
| 433|0x000000065b100000, 0x000000065b100000, 0x000000065b200000|  0%| F|  |TAMS 0x000000065b100000, 0x000000065b100000| Untracked 
| 434|0x000000065b200000, 0x000000065b200000, 0x000000065b300000|  0%| F|  |TAMS 0x000000065b200000, 0x000000065b200000| Untracked 
| 435|0x000000065b300000, 0x000000065b300000, 0x000000065b400000|  0%| F|  |TAMS 0x000000065b300000, 0x000000065b300000| Untracked 
| 436|0x000000065b400000, 0x000000065b400000, 0x000000065b500000|  0%| F|  |TAMS 0x000000065b400000, 0x000000065b400000| Untracked 
| 437|0x000000065b500000, 0x000000065b500000, 0x000000065b600000|  0%| F|  |TAMS 0x000000065b500000, 0x000000065b500000| Untracked 
| 438|0x000000065b600000, 0x000000065b600000, 0x000000065b700000|  0%| F|  |TAMS 0x000000065b600000, 0x000000065b600000| Untracked 
| 439|0x000000065b700000, 0x000000065b700000, 0x000000065b800000|  0%| F|  |TAMS 0x000000065b700000, 0x000000065b700000| Untracked 
| 440|0x000000065b800000, 0x000000065b800000, 0x000000065b900000|  0%| F|  |TAMS 0x000000065b800000, 0x000000065b800000| Untracked 
| 441|0x000000065b900000, 0x000000065b900000, 0x000000065ba00000|  0%| F|  |TAMS 0x000000065b900000, 0x000000065b900000| Untracked 
| 442|0x000000065ba00000, 0x000000065ba00000, 0x000000065bb00000|  0%| F|  |TAMS 0x000000065ba00000, 0x000000065ba00000| Untracked 
| 443|0x000000065bb00000, 0x000000065bb00000, 0x000000065bc00000|  0%| F|  |TAMS 0x000000065bb00000, 0x000000065bb00000| Untracked 
| 444|0x000000065bc00000, 0x000000065bc00000, 0x000000065bd00000|  0%| F|  |TAMS 0x000000065bc00000, 0x000000065bc00000| Untracked 
| 445|0x000000065bd00000, 0x000000065bd00000, 0x000000065be00000|  0%| F|  |TAMS 0x000000065bd00000, 0x000000065bd00000| Untracked 
| 446|0x000000065be00000, 0x000000065be00000, 0x000000065bf00000|  0%| F|  |TAMS 0x000000065be00000, 0x000000065be00000| Untracked 
| 447|0x000000065bf00000, 0x000000065bf00000, 0x000000065c000000|  0%| F|  |TAMS 0x000000065bf00000, 0x000000065bf00000| Untracked 
| 448|0x000000065c000000, 0x000000065c000000, 0x000000065c100000|  0%| F|  |TAMS 0x000000065c000000, 0x000000065c000000| Untracked 
| 449|0x000000065c100000, 0x000000065c100000, 0x000000065c200000|  0%| F|  |TAMS 0x000000065c100000, 0x000000065c100000| Untracked 
| 450|0x000000065c200000, 0x000000065c200000, 0x000000065c300000|  0%| F|  |TAMS 0x000000065c200000, 0x000000065c200000| Untracked 
| 451|0x000000065c300000, 0x000000065c300000, 0x000000065c400000|  0%| F|  |TAMS 0x000000065c300000, 0x000000065c300000| Untracked 
| 452|0x000000065c400000, 0x000000065c400000, 0x000000065c500000|  0%| F|  |TAMS 0x000000065c400000, 0x000000065c400000| Untracked 
| 453|0x000000065c500000, 0x000000065c500000, 0x000000065c600000|  0%| F|  |TAMS 0x000000065c500000, 0x000000065c500000| Untracked 
| 454|0x000000065c600000, 0x000000065c600000, 0x000000065c700000|  0%| F|  |TAMS 0x000000065c600000, 0x000000065c600000| Untracked 
| 455|0x000000065c700000, 0x000000065c700000, 0x000000065c800000|  0%| F|  |TAMS 0x000000065c700000, 0x000000065c700000| Untracked 
| 456|0x000000065c800000, 0x000000065c800000, 0x000000065c900000|  0%| F|  |TAMS 0x000000065c800000, 0x000000065c800000| Untracked 
| 457|0x000000065c900000, 0x000000065c900000, 0x000000065ca00000|  0%| F|  |TAMS 0x000000065c900000, 0x000000065c900000| Untracked 
| 458|0x000000065ca00000, 0x000000065ca00000, 0x000000065cb00000|  0%| F|  |TAMS 0x000000065ca00000, 0x000000065ca00000| Untracked 
| 459|0x000000065cb00000, 0x000000065cb00000, 0x000000065cc00000|  0%| F|  |TAMS 0x000000065cb00000, 0x000000065cb00000| Untracked 
| 460|0x000000065cc00000, 0x000000065cc00000, 0x000000065cd00000|  0%| F|  |TAMS 0x000000065cc00000, 0x000000065cc00000| Untracked 
| 461|0x000000065cd00000, 0x000000065cd00000, 0x000000065ce00000|  0%| F|  |TAMS 0x000000065cd00000, 0x000000065cd00000| Untracked 
| 462|0x000000065ce00000, 0x000000065ce00000, 0x000000065cf00000|  0%| F|  |TAMS 0x000000065ce00000, 0x000000065ce00000| Untracked 
| 463|0x000000065cf00000, 0x000000065cf00000, 0x000000065d000000|  0%| F|  |TAMS 0x000000065cf00000, 0x000000065cf00000| Untracked 
| 464|0x000000065d000000, 0x000000065d000000, 0x000000065d100000|  0%| F|  |TAMS 0x000000065d000000, 0x000000065d000000| Untracked 
| 465|0x000000065d100000, 0x000000065d100000, 0x000000065d200000|  0%| F|  |TAMS 0x000000065d100000, 0x000000065d100000| Untracked 
| 466|0x000000065d200000, 0x000000065d200000, 0x000000065d300000|  0%| F|  |TAMS 0x000000065d200000, 0x000000065d200000| Untracked 
| 467|0x000000065d300000, 0x000000065d300000, 0x000000065d400000|  0%| F|  |TAMS 0x000000065d300000, 0x000000065d300000| Untracked 
| 468|0x000000065d400000, 0x000000065d400000, 0x000000065d500000|  0%| F|  |TAMS 0x000000065d400000, 0x000000065d400000| Untracked 
| 469|0x000000065d500000, 0x000000065d500000, 0x000000065d600000|  0%| F|  |TAMS 0x000000065d500000, 0x000000065d500000| Untracked 
| 470|0x000000065d600000, 0x000000065d600000, 0x000000065d700000|  0%| F|  |TAMS 0x000000065d600000, 0x000000065d600000| Untracked 
| 471|0x000000065d700000, 0x000000065d700000, 0x000000065d800000|  0%| F|  |TAMS 0x000000065d700000, 0x000000065d700000| Untracked 
| 472|0x000000065d800000, 0x000000065d800000, 0x000000065d900000|  0%| F|  |TAMS 0x000000065d800000, 0x000000065d800000| Untracked 
| 473|0x000000065d900000, 0x000000065d900000, 0x000000065da00000|  0%| F|  |TAMS 0x000000065d900000, 0x000000065d900000| Untracked 
| 474|0x000000065da00000, 0x000000065da00000, 0x000000065db00000|  0%| F|  |TAMS 0x000000065da00000, 0x000000065da00000| Untracked 
| 475|0x000000065db00000, 0x000000065db00000, 0x000000065dc00000|  0%| F|  |TAMS 0x000000065db00000, 0x000000065db00000| Untracked 
| 476|0x000000065dc00000, 0x000000065dc00000, 0x000000065dd00000|  0%| F|  |TAMS 0x000000065dc00000, 0x000000065dc00000| Untracked 
| 477|0x000000065dd00000, 0x000000065dd00000, 0x000000065de00000|  0%| F|  |TAMS 0x000000065dd00000, 0x000000065dd00000| Untracked 
| 478|0x000000065de00000, 0x000000065de00000, 0x000000065df00000|  0%| F|  |TAMS 0x000000065de00000, 0x000000065de00000| Untracked 
| 479|0x000000065df00000, 0x000000065df00000, 0x000000065e000000|  0%| F|  |TAMS 0x000000065df00000, 0x000000065df00000| Untracked 
| 480|0x000000065e000000, 0x000000065e000000, 0x000000065e100000|  0%| F|  |TAMS 0x000000065e000000, 0x000000065e000000| Untracked 
| 481|0x000000065e100000, 0x000000065e100000, 0x000000065e200000|  0%| F|  |TAMS 0x000000065e100000, 0x000000065e100000| Untracked 
| 482|0x000000065e200000, 0x000000065e200000, 0x000000065e300000|  0%| F|  |TAMS 0x000000065e200000, 0x000000065e200000| Untracked 
| 483|0x000000065e300000, 0x000000065e300000, 0x000000065e400000|  0%| F|  |TAMS 0x000000065e300000, 0x000000065e300000| Untracked 
| 484|0x000000065e400000, 0x000000065e400000, 0x000000065e500000|  0%| F|  |TAMS 0x000000065e400000, 0x000000065e400000| Untracked 
| 485|0x000000065e500000, 0x000000065e500000, 0x000000065e600000|  0%| F|  |TAMS 0x000000065e500000, 0x000000065e500000| Untracked 
| 486|0x000000065e600000, 0x000000065e600000, 0x000000065e700000|  0%| F|  |TAMS 0x000000065e600000, 0x000000065e600000| Untracked 
| 487|0x000000065e700000, 0x000000065e700000, 0x000000065e800000|  0%| F|  |TAMS 0x000000065e700000, 0x000000065e700000| Untracked 
| 488|0x000000065e800000, 0x000000065e800000, 0x000000065e900000|  0%| F|  |TAMS 0x000000065e800000, 0x000000065e800000| Untracked 
| 489|0x000000065e900000, 0x000000065e900000, 0x000000065ea00000|  0%| F|  |TAMS 0x000000065e900000, 0x000000065e900000| Untracked 
| 490|0x000000065ea00000, 0x000000065ea00000, 0x000000065eb00000|  0%| F|  |TAMS 0x000000065ea00000, 0x000000065ea00000| Untracked 
| 491|0x000000065eb00000, 0x000000065eb00000, 0x000000065ec00000|  0%| F|  |TAMS 0x000000065eb00000, 0x000000065eb00000| Untracked 
| 492|0x000000065ec00000, 0x000000065ec00000, 0x000000065ed00000|  0%| F|  |TAMS 0x000000065ec00000, 0x000000065ec00000| Untracked 
| 493|0x000000065ed00000, 0x000000065ed00000, 0x000000065ee00000|  0%| F|  |TAMS 0x000000065ed00000, 0x000000065ed00000| Untracked 
| 494|0x000000065ee00000, 0x000000065ee00000, 0x000000065ef00000|  0%| F|  |TAMS 0x000000065ee00000, 0x000000065ee00000| Untracked 
| 495|0x000000065ef00000, 0x000000065ef00000, 0x000000065f000000|  0%| F|  |TAMS 0x000000065ef00000, 0x000000065ef00000| Untracked 
| 496|0x000000065f000000, 0x000000065f000000, 0x000000065f100000|  0%| F|  |TAMS 0x000000065f000000, 0x000000065f000000| Untracked 
| 497|0x000000065f100000, 0x000000065f100000, 0x000000065f200000|  0%| F|  |TAMS 0x000000065f100000, 0x000000065f100000| Untracked 
| 498|0x000000065f200000, 0x000000065f200000, 0x000000065f300000|  0%| F|  |TAMS 0x000000065f200000, 0x000000065f200000| Untracked 
| 499|0x000000065f300000, 0x000000065f300000, 0x000000065f400000|  0%| F|  |TAMS 0x000000065f300000, 0x000000065f300000| Untracked 
| 500|0x000000065f400000, 0x000000065f400000, 0x000000065f500000|  0%| F|  |TAMS 0x000000065f400000, 0x000000065f400000| Untracked 
| 501|0x000000065f500000, 0x000000065f500000, 0x000000065f600000|  0%| F|  |TAMS 0x000000065f500000, 0x000000065f500000| Untracked 
| 502|0x000000065f600000, 0x000000065f600000, 0x000000065f700000|  0%| F|  |TAMS 0x000000065f600000, 0x000000065f600000| Untracked 
| 503|0x000000065f700000, 0x000000065f700000, 0x000000065f800000|  0%| F|  |TAMS 0x000000065f700000, 0x000000065f700000| Untracked 
| 504|0x000000065f800000, 0x000000065f800000, 0x000000065f900000|  0%| F|  |TAMS 0x000000065f800000, 0x000000065f800000| Untracked 
| 505|0x000000065f900000, 0x000000065f900000, 0x000000065fa00000|  0%| F|  |TAMS 0x000000065f900000, 0x000000065f900000| Untracked 
| 506|0x000000065fa00000, 0x000000065fa00000, 0x000000065fb00000|  0%| F|  |TAMS 0x000000065fa00000, 0x000000065fa00000| Untracked 
| 507|0x000000065fb00000, 0x000000065fb00000, 0x000000065fc00000|  0%| F|  |TAMS 0x000000065fb00000, 0x000000065fb00000| Untracked 
| 508|0x000000065fc00000, 0x000000065fc00000, 0x000000065fd00000|  0%| F|  |TAMS 0x000000065fc00000, 0x000000065fc00000| Untracked 
| 509|0x000000065fd00000, 0x000000065fd00000, 0x000000065fe00000|  0%| F|  |TAMS 0x000000065fd00000, 0x000000065fd00000| Untracked 
| 510|0x000000065fe00000, 0x000000065fe00000, 0x000000065ff00000|  0%| F|  |TAMS 0x000000065fe00000, 0x000000065fe00000| Untracked 
| 511|0x000000065ff00000, 0x000000065ff00000, 0x0000000660000000|  0%| F|  |TAMS 0x000000065ff00000, 0x000000065ff00000| Untracked 
| 512|0x0000000660000000, 0x0000000660000000, 0x0000000660100000|  0%| F|  |TAMS 0x0000000660000000, 0x0000000660000000| Untracked 
| 513|0x0000000660100000, 0x0000000660100000, 0x0000000660200000|  0%| F|  |TAMS 0x0000000660100000, 0x0000000660100000| Untracked 
| 514|0x0000000660200000, 0x0000000660200000, 0x0000000660300000|  0%| F|  |TAMS 0x0000000660200000, 0x0000000660200000| Untracked 
| 515|0x0000000660300000, 0x0000000660300000, 0x0000000660400000|  0%| F|  |TAMS 0x0000000660300000, 0x0000000660300000| Untracked 
| 516|0x0000000660400000, 0x0000000660400000, 0x0000000660500000|  0%| F|  |TAMS 0x0000000660400000, 0x0000000660400000| Untracked 
| 517|0x0000000660500000, 0x0000000660500000, 0x0000000660600000|  0%| F|  |TAMS 0x0000000660500000, 0x0000000660500000| Untracked 
| 518|0x0000000660600000, 0x0000000660600000, 0x0000000660700000|  0%| F|  |TAMS 0x0000000660600000, 0x0000000660600000| Untracked 
| 519|0x0000000660700000, 0x0000000660700000, 0x0000000660800000|  0%| F|  |TAMS 0x0000000660700000, 0x0000000660700000| Untracked 
| 520|0x0000000660800000, 0x0000000660800000, 0x0000000660900000|  0%| F|  |TAMS 0x0000000660800000, 0x0000000660800000| Untracked 
| 521|0x0000000660900000, 0x0000000660900000, 0x0000000660a00000|  0%| F|  |TAMS 0x0000000660900000, 0x0000000660900000| Untracked 
| 522|0x0000000660a00000, 0x0000000660a00000, 0x0000000660b00000|  0%| F|  |TAMS 0x0000000660a00000, 0x0000000660a00000| Untracked 
| 523|0x0000000660b00000, 0x0000000660b00000, 0x0000000660c00000|  0%| F|  |TAMS 0x0000000660b00000, 0x0000000660b00000| Untracked 
| 524|0x0000000660c00000, 0x0000000660c00000, 0x0000000660d00000|  0%| F|  |TAMS 0x0000000660c00000, 0x0000000660c00000| Untracked 
| 525|0x0000000660d00000, 0x0000000660d00000, 0x0000000660e00000|  0%| F|  |TAMS 0x0000000660d00000, 0x0000000660d00000| Untracked 
| 526|0x0000000660e00000, 0x0000000660e00000, 0x0000000660f00000|  0%| F|  |TAMS 0x0000000660e00000, 0x0000000660e00000| Untracked 
| 527|0x0000000660f00000, 0x0000000660f00000, 0x0000000661000000|  0%| F|  |TAMS 0x0000000660f00000, 0x0000000660f00000| Untracked 
| 528|0x0000000661000000, 0x0000000661000000, 0x0000000661100000|  0%| F|  |TAMS 0x0000000661000000, 0x0000000661000000| Untracked 
| 529|0x0000000661100000, 0x0000000661100000, 0x0000000661200000|  0%| F|  |TAMS 0x0000000661100000, 0x0000000661100000| Untracked 
| 530|0x0000000661200000, 0x0000000661200000, 0x0000000661300000|  0%| F|  |TAMS 0x0000000661200000, 0x0000000661200000| Untracked 
| 531|0x0000000661300000, 0x0000000661300000, 0x0000000661400000|  0%| F|  |TAMS 0x0000000661300000, 0x0000000661300000| Untracked 
| 532|0x0000000661400000, 0x0000000661400000, 0x0000000661500000|  0%| F|  |TAMS 0x0000000661400000, 0x0000000661400000| Untracked 
| 533|0x0000000661500000, 0x0000000661500000, 0x0000000661600000|  0%| F|  |TAMS 0x0000000661500000, 0x0000000661500000| Untracked 
| 534|0x0000000661600000, 0x0000000661600000, 0x0000000661700000|  0%| F|  |TAMS 0x0000000661600000, 0x0000000661600000| Untracked 
| 535|0x0000000661700000, 0x0000000661700000, 0x0000000661800000|  0%| F|  |TAMS 0x0000000661700000, 0x0000000661700000| Untracked 
| 536|0x0000000661800000, 0x0000000661800000, 0x0000000661900000|  0%| F|  |TAMS 0x0000000661800000, 0x0000000661800000| Untracked 
| 537|0x0000000661900000, 0x0000000661900000, 0x0000000661a00000|  0%| F|  |TAMS 0x0000000661900000, 0x0000000661900000| Untracked 
| 538|0x0000000661a00000, 0x0000000661a00000, 0x0000000661b00000|  0%| F|  |TAMS 0x0000000661a00000, 0x0000000661a00000| Untracked 
| 539|0x0000000661b00000, 0x0000000661b00000, 0x0000000661c00000|  0%| F|  |TAMS 0x0000000661b00000, 0x0000000661b00000| Untracked 
| 540|0x0000000661c00000, 0x0000000661c00000, 0x0000000661d00000|  0%| F|  |TAMS 0x0000000661c00000, 0x0000000661c00000| Untracked 
| 541|0x0000000661d00000, 0x0000000661d00000, 0x0000000661e00000|  0%| F|  |TAMS 0x0000000661d00000, 0x0000000661d00000| Untracked 
| 542|0x0000000661e00000, 0x0000000661e00000, 0x0000000661f00000|  0%| F|  |TAMS 0x0000000661e00000, 0x0000000661e00000| Untracked 
| 543|0x0000000661f00000, 0x0000000661f00000, 0x0000000662000000|  0%| F|  |TAMS 0x0000000661f00000, 0x0000000661f00000| Untracked 
| 544|0x0000000662000000, 0x0000000662000000, 0x0000000662100000|  0%| F|  |TAMS 0x0000000662000000, 0x0000000662000000| Untracked 
| 545|0x0000000662100000, 0x0000000662100000, 0x0000000662200000|  0%| F|  |TAMS 0x0000000662100000, 0x0000000662100000| Untracked 
| 546|0x0000000662200000, 0x0000000662200000, 0x0000000662300000|  0%| F|  |TAMS 0x0000000662200000, 0x0000000662200000| Untracked 
| 547|0x0000000662300000, 0x0000000662300000, 0x0000000662400000|  0%| F|  |TAMS 0x0000000662300000, 0x0000000662300000| Untracked 
| 548|0x0000000662400000, 0x0000000662400000, 0x0000000662500000|  0%| F|  |TAMS 0x0000000662400000, 0x0000000662400000| Untracked 
| 549|0x0000000662500000, 0x0000000662500000, 0x0000000662600000|  0%| F|  |TAMS 0x0000000662500000, 0x0000000662500000| Untracked 
| 550|0x0000000662600000, 0x0000000662600000, 0x0000000662700000|  0%| F|  |TAMS 0x0000000662600000, 0x0000000662600000| Untracked 
| 551|0x0000000662700000, 0x0000000662700000, 0x0000000662800000|  0%| F|  |TAMS 0x0000000662700000, 0x0000000662700000| Untracked 
| 552|0x0000000662800000, 0x0000000662800000, 0x0000000662900000|  0%| F|  |TAMS 0x0000000662800000, 0x0000000662800000| Untracked 
| 553|0x0000000662900000, 0x0000000662900000, 0x0000000662a00000|  0%| F|  |TAMS 0x0000000662900000, 0x0000000662900000| Untracked 
| 554|0x0000000662a00000, 0x0000000662a00000, 0x0000000662b00000|  0%| F|  |TAMS 0x0000000662a00000, 0x0000000662a00000| Untracked 
| 555|0x0000000662b00000, 0x0000000662b00000, 0x0000000662c00000|  0%| F|  |TAMS 0x0000000662b00000, 0x0000000662b00000| Untracked 
| 556|0x0000000662c00000, 0x0000000662c00000, 0x0000000662d00000|  0%| F|  |TAMS 0x0000000662c00000, 0x0000000662c00000| Untracked 
| 557|0x0000000662d00000, 0x0000000662d00000, 0x0000000662e00000|  0%| F|  |TAMS 0x0000000662d00000, 0x0000000662d00000| Untracked 
| 558|0x0000000662e00000, 0x0000000662e00000, 0x0000000662f00000|  0%| F|  |TAMS 0x0000000662e00000, 0x0000000662e00000| Untracked 
| 559|0x0000000662f00000, 0x0000000662f00000, 0x0000000663000000|  0%| F|  |TAMS 0x0000000662f00000, 0x0000000662f00000| Untracked 
| 560|0x0000000663000000, 0x0000000663000000, 0x0000000663100000|  0%| F|  |TAMS 0x0000000663000000, 0x0000000663000000| Untracked 
| 561|0x0000000663100000, 0x0000000663100000, 0x0000000663200000|  0%| F|  |TAMS 0x0000000663100000, 0x0000000663100000| Untracked 
| 562|0x0000000663200000, 0x0000000663200000, 0x0000000663300000|  0%| F|  |TAMS 0x0000000663200000, 0x0000000663200000| Untracked 
| 563|0x0000000663300000, 0x0000000663300000, 0x0000000663400000|  0%| F|  |TAMS 0x0000000663300000, 0x0000000663300000| Untracked 
| 564|0x0000000663400000, 0x0000000663400000, 0x0000000663500000|  0%| F|  |TAMS 0x0000000663400000, 0x0000000663400000| Untracked 
| 565|0x0000000663500000, 0x0000000663500000, 0x0000000663600000|  0%| F|  |TAMS 0x0000000663500000, 0x0000000663500000| Untracked 
| 566|0x0000000663600000, 0x0000000663600000, 0x0000000663700000|  0%| F|  |TAMS 0x0000000663600000, 0x0000000663600000| Untracked 
| 567|0x0000000663700000, 0x0000000663700000, 0x0000000663800000|  0%| F|  |TAMS 0x0000000663700000, 0x0000000663700000| Untracked 
| 568|0x0000000663800000, 0x0000000663800000, 0x0000000663900000|  0%| F|  |TAMS 0x0000000663800000, 0x0000000663800000| Untracked 
| 569|0x0000000663900000, 0x0000000663900000, 0x0000000663a00000|  0%| F|  |TAMS 0x0000000663900000, 0x0000000663900000| Untracked 
| 570|0x0000000663a00000, 0x0000000663a00000, 0x0000000663b00000|  0%| F|  |TAMS 0x0000000663a00000, 0x0000000663a00000| Untracked 
| 571|0x0000000663b00000, 0x0000000663b00000, 0x0000000663c00000|  0%| F|  |TAMS 0x0000000663b00000, 0x0000000663b00000| Untracked 
| 572|0x0000000663c00000, 0x0000000663c00000, 0x0000000663d00000|  0%| F|  |TAMS 0x0000000663c00000, 0x0000000663c00000| Untracked 
| 573|0x0000000663d00000, 0x0000000663d00000, 0x0000000663e00000|  0%| F|  |TAMS 0x0000000663d00000, 0x0000000663d00000| Untracked 
| 574|0x0000000663e00000, 0x0000000663e00000, 0x0000000663f00000|  0%| F|  |TAMS 0x0000000663e00000, 0x0000000663e00000| Untracked 
| 575|0x0000000663f00000, 0x0000000663f00000, 0x0000000664000000|  0%| F|  |TAMS 0x0000000663f00000, 0x0000000663f00000| Untracked 
| 576|0x0000000664000000, 0x0000000664000000, 0x0000000664100000|  0%| F|  |TAMS 0x0000000664000000, 0x0000000664000000| Untracked 
| 577|0x0000000664100000, 0x0000000664100000, 0x0000000664200000|  0%| F|  |TAMS 0x0000000664100000, 0x0000000664100000| Untracked 
| 578|0x0000000664200000, 0x0000000664200000, 0x0000000664300000|  0%| F|  |TAMS 0x0000000664200000, 0x0000000664200000| Untracked 
| 579|0x0000000664300000, 0x0000000664300000, 0x0000000664400000|  0%| F|  |TAMS 0x0000000664300000, 0x0000000664300000| Untracked 
| 580|0x0000000664400000, 0x0000000664400000, 0x0000000664500000|  0%| F|  |TAMS 0x0000000664400000, 0x0000000664400000| Untracked 
| 581|0x0000000664500000, 0x0000000664500000, 0x0000000664600000|  0%| F|  |TAMS 0x0000000664500000, 0x0000000664500000| Untracked 
| 582|0x0000000664600000, 0x0000000664600000, 0x0000000664700000|  0%| F|  |TAMS 0x0000000664600000, 0x0000000664600000| Untracked 
| 583|0x0000000664700000, 0x0000000664700000, 0x0000000664800000|  0%| F|  |TAMS 0x0000000664700000, 0x0000000664700000| Untracked 
| 584|0x0000000664800000, 0x0000000664800000, 0x0000000664900000|  0%| F|  |TAMS 0x0000000664800000, 0x0000000664800000| Untracked 
| 585|0x0000000664900000, 0x0000000664900000, 0x0000000664a00000|  0%| F|  |TAMS 0x0000000664900000, 0x0000000664900000| Untracked 
| 586|0x0000000664a00000, 0x0000000664a00000, 0x0000000664b00000|  0%| F|  |TAMS 0x0000000664a00000, 0x0000000664a00000| Untracked 
| 587|0x0000000664b00000, 0x0000000664b00000, 0x0000000664c00000|  0%| F|  |TAMS 0x0000000664b00000, 0x0000000664b00000| Untracked 
| 588|0x0000000664c00000, 0x0000000664c00000, 0x0000000664d00000|  0%| F|  |TAMS 0x0000000664c00000, 0x0000000664c00000| Untracked 
| 589|0x0000000664d00000, 0x0000000664d00000, 0x0000000664e00000|  0%| F|  |TAMS 0x0000000664d00000, 0x0000000664d00000| Untracked 
| 590|0x0000000664e00000, 0x0000000664e00000, 0x0000000664f00000|  0%| F|  |TAMS 0x0000000664e00000, 0x0000000664e00000| Untracked 
| 591|0x0000000664f00000, 0x0000000664f00000, 0x0000000665000000|  0%| F|  |TAMS 0x0000000664f00000, 0x0000000664f00000| Untracked 
| 592|0x0000000665000000, 0x0000000665000000, 0x0000000665100000|  0%| F|  |TAMS 0x0000000665000000, 0x0000000665000000| Untracked 
| 593|0x0000000665100000, 0x0000000665100000, 0x0000000665200000|  0%| F|  |TAMS 0x0000000665100000, 0x0000000665100000| Untracked 
| 594|0x0000000665200000, 0x0000000665200000, 0x0000000665300000|  0%| F|  |TAMS 0x0000000665200000, 0x0000000665200000| Untracked 
| 595|0x0000000665300000, 0x0000000665300000, 0x0000000665400000|  0%| F|  |TAMS 0x0000000665300000, 0x0000000665300000| Untracked 
| 596|0x0000000665400000, 0x0000000665400000, 0x0000000665500000|  0%| F|  |TAMS 0x0000000665400000, 0x0000000665400000| Untracked 
| 597|0x0000000665500000, 0x0000000665500000, 0x0000000665600000|  0%| F|  |TAMS 0x0000000665500000, 0x0000000665500000| Untracked 
| 598|0x0000000665600000, 0x0000000665600000, 0x0000000665700000|  0%| F|  |TAMS 0x0000000665600000, 0x0000000665600000| Untracked 
| 599|0x0000000665700000, 0x0000000665700000, 0x0000000665800000|  0%| F|  |TAMS 0x0000000665700000, 0x0000000665700000| Untracked 
| 600|0x0000000665800000, 0x0000000665800000, 0x0000000665900000|  0%| F|  |TAMS 0x0000000665800000, 0x0000000665800000| Untracked 
| 601|0x0000000665900000, 0x0000000665900000, 0x0000000665a00000|  0%| F|  |TAMS 0x0000000665900000, 0x0000000665900000| Untracked 
| 602|0x0000000665a00000, 0x0000000665a00000, 0x0000000665b00000|  0%| F|  |TAMS 0x0000000665a00000, 0x0000000665a00000| Untracked 
| 603|0x0000000665b00000, 0x0000000665b00000, 0x0000000665c00000|  0%| F|  |TAMS 0x0000000665b00000, 0x0000000665b00000| Untracked 
| 604|0x0000000665c00000, 0x0000000665c00000, 0x0000000665d00000|  0%| F|  |TAMS 0x0000000665c00000, 0x0000000665c00000| Untracked 
| 605|0x0000000665d00000, 0x0000000665d00000, 0x0000000665e00000|  0%| F|  |TAMS 0x0000000665d00000, 0x0000000665d00000| Untracked 
| 606|0x0000000665e00000, 0x0000000665e00000, 0x0000000665f00000|  0%| F|  |TAMS 0x0000000665e00000, 0x0000000665e00000| Untracked 
| 607|0x0000000665f00000, 0x0000000665f00000, 0x0000000666000000|  0%| F|  |TAMS 0x0000000665f00000, 0x0000000665f00000| Untracked 
| 608|0x0000000666000000, 0x0000000666000000, 0x0000000666100000|  0%| F|  |TAMS 0x0000000666000000, 0x0000000666000000| Untracked 
| 609|0x0000000666100000, 0x0000000666100000, 0x0000000666200000|  0%| F|  |TAMS 0x0000000666100000, 0x0000000666100000| Untracked 
| 610|0x0000000666200000, 0x0000000666200000, 0x0000000666300000|  0%| F|  |TAMS 0x0000000666200000, 0x0000000666200000| Untracked 
| 611|0x0000000666300000, 0x0000000666300000, 0x0000000666400000|  0%| F|  |TAMS 0x0000000666300000, 0x0000000666300000| Untracked 
| 612|0x0000000666400000, 0x0000000666400000, 0x0000000666500000|  0%| F|  |TAMS 0x0000000666400000, 0x0000000666400000| Untracked 
| 613|0x0000000666500000, 0x0000000666500000, 0x0000000666600000|  0%| F|  |TAMS 0x0000000666500000, 0x0000000666500000| Untracked 
| 614|0x0000000666600000, 0x0000000666600000, 0x0000000666700000|  0%| F|  |TAMS 0x0000000666600000, 0x0000000666600000| Untracked 
| 615|0x0000000666700000, 0x0000000666700000, 0x0000000666800000|  0%| F|  |TAMS 0x0000000666700000, 0x0000000666700000| Untracked 
| 616|0x0000000666800000, 0x0000000666800000, 0x0000000666900000|  0%| F|  |TAMS 0x0000000666800000, 0x0000000666800000| Untracked 
| 617|0x0000000666900000, 0x0000000666900000, 0x0000000666a00000|  0%| F|  |TAMS 0x0000000666900000, 0x0000000666900000| Untracked 
| 618|0x0000000666a00000, 0x0000000666a00000, 0x0000000666b00000|  0%| F|  |TAMS 0x0000000666a00000, 0x0000000666a00000| Untracked 
| 619|0x0000000666b00000, 0x0000000666b00000, 0x0000000666c00000|  0%| F|  |TAMS 0x0000000666b00000, 0x0000000666b00000| Untracked 
| 620|0x0000000666c00000, 0x0000000666c00000, 0x0000000666d00000|  0%| F|  |TAMS 0x0000000666c00000, 0x0000000666c00000| Untracked 
| 621|0x0000000666d00000, 0x0000000666d00000, 0x0000000666e00000|  0%| F|  |TAMS 0x0000000666d00000, 0x0000000666d00000| Untracked 
| 622|0x0000000666e00000, 0x0000000666e00000, 0x0000000666f00000|  0%| F|  |TAMS 0x0000000666e00000, 0x0000000666e00000| Untracked 
| 623|0x0000000666f00000, 0x0000000666f00000, 0x0000000667000000|  0%| F|  |TAMS 0x0000000666f00000, 0x0000000666f00000| Untracked 
| 624|0x0000000667000000, 0x0000000667000000, 0x0000000667100000|  0%| F|  |TAMS 0x0000000667000000, 0x0000000667000000| Untracked 
| 625|0x0000000667100000, 0x0000000667100000, 0x0000000667200000|  0%| F|  |TAMS 0x0000000667100000, 0x0000000667100000| Untracked 
| 626|0x0000000667200000, 0x0000000667200000, 0x0000000667300000|  0%| F|  |TAMS 0x0000000667200000, 0x0000000667200000| Untracked 
| 627|0x0000000667300000, 0x0000000667300000, 0x0000000667400000|  0%| F|  |TAMS 0x0000000667300000, 0x0000000667300000| Untracked 
| 628|0x0000000667400000, 0x0000000667400000, 0x0000000667500000|  0%| F|  |TAMS 0x0000000667400000, 0x0000000667400000| Untracked 
| 629|0x0000000667500000, 0x0000000667500000, 0x0000000667600000|  0%| F|  |TAMS 0x0000000667500000, 0x0000000667500000| Untracked 
| 630|0x0000000667600000, 0x0000000667600000, 0x0000000667700000|  0%| F|  |TAMS 0x0000000667600000, 0x0000000667600000| Untracked 
| 631|0x0000000667700000, 0x0000000667700000, 0x0000000667800000|  0%| F|  |TAMS 0x0000000667700000, 0x0000000667700000| Untracked 
| 632|0x0000000667800000, 0x0000000667800000, 0x0000000667900000|  0%| F|  |TAMS 0x0000000667800000, 0x0000000667800000| Untracked 
| 633|0x0000000667900000, 0x0000000667900000, 0x0000000667a00000|  0%| F|  |TAMS 0x0000000667900000, 0x0000000667900000| Untracked 
| 634|0x0000000667a00000, 0x0000000667a00000, 0x0000000667b00000|  0%| F|  |TAMS 0x0000000667a00000, 0x0000000667a00000| Untracked 
| 635|0x0000000667b00000, 0x0000000667b00000, 0x0000000667c00000|  0%| F|  |TAMS 0x0000000667b00000, 0x0000000667b00000| Untracked 
| 636|0x0000000667c00000, 0x0000000667c00000, 0x0000000667d00000|  0%| F|  |TAMS 0x0000000667c00000, 0x0000000667c00000| Untracked 
| 637|0x0000000667d00000, 0x0000000667d00000, 0x0000000667e00000|  0%| F|  |TAMS 0x0000000667d00000, 0x0000000667d00000| Untracked 
| 638|0x0000000667e00000, 0x0000000667e00000, 0x0000000667f00000|  0%| F|  |TAMS 0x0000000667e00000, 0x0000000667e00000| Untracked 
| 639|0x0000000667f00000, 0x0000000667f00000, 0x0000000668000000|  0%| F|  |TAMS 0x0000000667f00000, 0x0000000667f00000| Untracked 
| 640|0x0000000668000000, 0x0000000668000000, 0x0000000668100000|  0%| F|  |TAMS 0x0000000668000000, 0x0000000668000000| Untracked 
| 641|0x0000000668100000, 0x0000000668100000, 0x0000000668200000|  0%| F|  |TAMS 0x0000000668100000, 0x0000000668100000| Untracked 
| 642|0x0000000668200000, 0x0000000668200000, 0x0000000668300000|  0%| F|  |TAMS 0x0000000668200000, 0x0000000668200000| Untracked 
| 643|0x0000000668300000, 0x0000000668300000, 0x0000000668400000|  0%| F|  |TAMS 0x0000000668300000, 0x0000000668300000| Untracked 
| 644|0x0000000668400000, 0x0000000668400000, 0x0000000668500000|  0%| F|  |TAMS 0x0000000668400000, 0x0000000668400000| Untracked 
| 645|0x0000000668500000, 0x0000000668500000, 0x0000000668600000|  0%| F|  |TAMS 0x0000000668500000, 0x0000000668500000| Untracked 
| 646|0x0000000668600000, 0x0000000668600000, 0x0000000668700000|  0%| F|  |TAMS 0x0000000668600000, 0x0000000668600000| Untracked 
| 647|0x0000000668700000, 0x0000000668700000, 0x0000000668800000|  0%| F|  |TAMS 0x0000000668700000, 0x0000000668700000| Untracked 
| 648|0x0000000668800000, 0x0000000668800000, 0x0000000668900000|  0%| F|  |TAMS 0x0000000668800000, 0x0000000668800000| Untracked 
| 649|0x0000000668900000, 0x0000000668900000, 0x0000000668a00000|  0%| F|  |TAMS 0x0000000668900000, 0x0000000668900000| Untracked 
| 650|0x0000000668a00000, 0x0000000668a00000, 0x0000000668b00000|  0%| F|  |TAMS 0x0000000668a00000, 0x0000000668a00000| Untracked 
| 651|0x0000000668b00000, 0x0000000668b00000, 0x0000000668c00000|  0%| F|  |TAMS 0x0000000668b00000, 0x0000000668b00000| Untracked 
| 652|0x0000000668c00000, 0x0000000668c00000, 0x0000000668d00000|  0%| F|  |TAMS 0x0000000668c00000, 0x0000000668c00000| Untracked 
| 653|0x0000000668d00000, 0x0000000668d00000, 0x0000000668e00000|  0%| F|  |TAMS 0x0000000668d00000, 0x0000000668d00000| Untracked 
| 654|0x0000000668e00000, 0x0000000668e00000, 0x0000000668f00000|  0%| F|  |TAMS 0x0000000668e00000, 0x0000000668e00000| Untracked 
| 655|0x0000000668f00000, 0x0000000668f00000, 0x0000000669000000|  0%| F|  |TAMS 0x0000000668f00000, 0x0000000668f00000| Untracked 
| 656|0x0000000669000000, 0x0000000669000000, 0x0000000669100000|  0%| F|  |TAMS 0x0000000669000000, 0x0000000669000000| Untracked 
| 657|0x0000000669100000, 0x0000000669100000, 0x0000000669200000|  0%| F|  |TAMS 0x0000000669100000, 0x0000000669100000| Untracked 
| 658|0x0000000669200000, 0x0000000669200000, 0x0000000669300000|  0%| F|  |TAMS 0x0000000669200000, 0x0000000669200000| Untracked 
| 659|0x0000000669300000, 0x0000000669300000, 0x0000000669400000|  0%| F|  |TAMS 0x0000000669300000, 0x0000000669300000| Untracked 
| 660|0x0000000669400000, 0x0000000669400000, 0x0000000669500000|  0%| F|  |TAMS 0x0000000669400000, 0x0000000669400000| Untracked 
| 661|0x0000000669500000, 0x0000000669500000, 0x0000000669600000|  0%| F|  |TAMS 0x0000000669500000, 0x0000000669500000| Untracked 
| 662|0x0000000669600000, 0x0000000669600000, 0x0000000669700000|  0%| F|  |TAMS 0x0000000669600000, 0x0000000669600000| Untracked 
| 663|0x0000000669700000, 0x0000000669700000, 0x0000000669800000|  0%| F|  |TAMS 0x0000000669700000, 0x0000000669700000| Untracked 
| 664|0x0000000669800000, 0x0000000669800000, 0x0000000669900000|  0%| F|  |TAMS 0x0000000669800000, 0x0000000669800000| Untracked 
| 665|0x0000000669900000, 0x0000000669900000, 0x0000000669a00000|  0%| F|  |TAMS 0x0000000669900000, 0x0000000669900000| Untracked 
| 666|0x0000000669a00000, 0x0000000669a00000, 0x0000000669b00000|  0%| F|  |TAMS 0x0000000669a00000, 0x0000000669a00000| Untracked 
| 667|0x0000000669b00000, 0x0000000669b00000, 0x0000000669c00000|  0%| F|  |TAMS 0x0000000669b00000, 0x0000000669b00000| Untracked 
| 668|0x0000000669c00000, 0x0000000669c00000, 0x0000000669d00000|  0%| F|  |TAMS 0x0000000669c00000, 0x0000000669c00000| Untracked 
| 669|0x0000000669d00000, 0x0000000669d00000, 0x0000000669e00000|  0%| F|  |TAMS 0x0000000669d00000, 0x0000000669d00000| Untracked 
| 670|0x0000000669e00000, 0x0000000669e00000, 0x0000000669f00000|  0%| F|  |TAMS 0x0000000669e00000, 0x0000000669e00000| Untracked 
| 671|0x0000000669f00000, 0x0000000669f00000, 0x000000066a000000|  0%| F|  |TAMS 0x0000000669f00000, 0x0000000669f00000| Untracked 
| 672|0x000000066a000000, 0x000000066a000000, 0x000000066a100000|  0%| F|  |TAMS 0x000000066a000000, 0x000000066a000000| Untracked 
| 673|0x000000066a100000, 0x000000066a100000, 0x000000066a200000|  0%| F|  |TAMS 0x000000066a100000, 0x000000066a100000| Untracked 
| 674|0x000000066a200000, 0x000000066a200000, 0x000000066a300000|  0%| F|  |TAMS 0x000000066a200000, 0x000000066a200000| Untracked 
| 675|0x000000066a300000, 0x000000066a300000, 0x000000066a400000|  0%| F|  |TAMS 0x000000066a300000, 0x000000066a300000| Untracked 
| 676|0x000000066a400000, 0x000000066a400000, 0x000000066a500000|  0%| F|  |TAMS 0x000000066a400000, 0x000000066a400000| Untracked 
| 677|0x000000066a500000, 0x000000066a500000, 0x000000066a600000|  0%| F|  |TAMS 0x000000066a500000, 0x000000066a500000| Untracked 
| 678|0x000000066a600000, 0x000000066a600000, 0x000000066a700000|  0%| F|  |TAMS 0x000000066a600000, 0x000000066a600000| Untracked 
| 679|0x000000066a700000, 0x000000066a700000, 0x000000066a800000|  0%| F|  |TAMS 0x000000066a700000, 0x000000066a700000| Untracked 
| 680|0x000000066a800000, 0x000000066a800000, 0x000000066a900000|  0%| F|  |TAMS 0x000000066a800000, 0x000000066a800000| Untracked 
| 681|0x000000066a900000, 0x000000066a900000, 0x000000066aa00000|  0%| F|  |TAMS 0x000000066a900000, 0x000000066a900000| Untracked 
| 682|0x000000066aa00000, 0x000000066aa00000, 0x000000066ab00000|  0%| F|  |TAMS 0x000000066aa00000, 0x000000066aa00000| Untracked 
| 683|0x000000066ab00000, 0x000000066ab00000, 0x000000066ac00000|  0%| F|  |TAMS 0x000000066ab00000, 0x000000066ab00000| Untracked 
| 684|0x000000066ac00000, 0x000000066ac00000, 0x000000066ad00000|  0%| F|  |TAMS 0x000000066ac00000, 0x000000066ac00000| Untracked 
| 685|0x000000066ad00000, 0x000000066ad00000, 0x000000066ae00000|  0%| F|  |TAMS 0x000000066ad00000, 0x000000066ad00000| Untracked 
| 686|0x000000066ae00000, 0x000000066ae00000, 0x000000066af00000|  0%| F|  |TAMS 0x000000066ae00000, 0x000000066ae00000| Untracked 
| 687|0x000000066af00000, 0x000000066af00000, 0x000000066b000000|  0%| F|  |TAMS 0x000000066af00000, 0x000000066af00000| Untracked 
| 688|0x000000066b000000, 0x000000066b000000, 0x000000066b100000|  0%| F|  |TAMS 0x000000066b000000, 0x000000066b000000| Untracked 
| 689|0x000000066b100000, 0x000000066b100000, 0x000000066b200000|  0%| F|  |TAMS 0x000000066b100000, 0x000000066b100000| Untracked 
| 690|0x000000066b200000, 0x000000066b200000, 0x000000066b300000|  0%| F|  |TAMS 0x000000066b200000, 0x000000066b200000| Untracked 
| 691|0x000000066b300000, 0x000000066b300000, 0x000000066b400000|  0%| F|  |TAMS 0x000000066b300000, 0x000000066b300000| Untracked 
| 692|0x000000066b400000, 0x000000066b400000, 0x000000066b500000|  0%| F|  |TAMS 0x000000066b400000, 0x000000066b400000| Untracked 
| 693|0x000000066b500000, 0x000000066b500000, 0x000000066b600000|  0%| F|  |TAMS 0x000000066b500000, 0x000000066b500000| Untracked 
| 694|0x000000066b600000, 0x000000066b600000, 0x000000066b700000|  0%| F|  |TAMS 0x000000066b600000, 0x000000066b600000| Untracked 
| 695|0x000000066b700000, 0x000000066b700000, 0x000000066b800000|  0%| F|  |TAMS 0x000000066b700000, 0x000000066b700000| Untracked 
| 696|0x000000066b800000, 0x000000066b800000, 0x000000066b900000|  0%| F|  |TAMS 0x000000066b800000, 0x000000066b800000| Untracked 
| 697|0x000000066b900000, 0x000000066b900000, 0x000000066ba00000|  0%| F|  |TAMS 0x000000066b900000, 0x000000066b900000| Untracked 
| 698|0x000000066ba00000, 0x000000066ba00000, 0x000000066bb00000|  0%| F|  |TAMS 0x000000066ba00000, 0x000000066ba00000| Untracked 
| 699|0x000000066bb00000, 0x000000066bb00000, 0x000000066bc00000|  0%| F|  |TAMS 0x000000066bb00000, 0x000000066bb00000| Untracked 
| 700|0x000000066bc00000, 0x000000066bc00000, 0x000000066bd00000|  0%| F|  |TAMS 0x000000066bc00000, 0x000000066bc00000| Untracked 
| 701|0x000000066bd00000, 0x000000066bd00000, 0x000000066be00000|  0%| F|  |TAMS 0x000000066bd00000, 0x000000066bd00000| Untracked 
| 702|0x000000066be00000, 0x000000066be00000, 0x000000066bf00000|  0%| F|  |TAMS 0x000000066be00000, 0x000000066be00000| Untracked 
| 703|0x000000066bf00000, 0x000000066bf00000, 0x000000066c000000|  0%| F|  |TAMS 0x000000066bf00000, 0x000000066bf00000| Untracked 
| 704|0x000000066c000000, 0x000000066c000000, 0x000000066c100000|  0%| F|  |TAMS 0x000000066c000000, 0x000000066c000000| Untracked 
| 705|0x000000066c100000, 0x000000066c100000, 0x000000066c200000|  0%| F|  |TAMS 0x000000066c100000, 0x000000066c100000| Untracked 
| 706|0x000000066c200000, 0x000000066c200000, 0x000000066c300000|  0%| F|  |TAMS 0x000000066c200000, 0x000000066c200000| Untracked 
| 707|0x000000066c300000, 0x000000066c300000, 0x000000066c400000|  0%| F|  |TAMS 0x000000066c300000, 0x000000066c300000| Untracked 
| 708|0x000000066c400000, 0x000000066c400000, 0x000000066c500000|  0%| F|  |TAMS 0x000000066c400000, 0x000000066c400000| Untracked 
| 709|0x000000066c500000, 0x000000066c500000, 0x000000066c600000|  0%| F|  |TAMS 0x000000066c500000, 0x000000066c500000| Untracked 
| 710|0x000000066c600000, 0x000000066c600000, 0x000000066c700000|  0%| F|  |TAMS 0x000000066c600000, 0x000000066c600000| Untracked 
| 711|0x000000066c700000, 0x000000066c700000, 0x000000066c800000|  0%| F|  |TAMS 0x000000066c700000, 0x000000066c700000| Untracked 
| 712|0x000000066c800000, 0x000000066c800000, 0x000000066c900000|  0%| F|  |TAMS 0x000000066c800000, 0x000000066c800000| Untracked 
| 713|0x000000066c900000, 0x000000066c900000, 0x000000066ca00000|  0%| F|  |TAMS 0x000000066c900000, 0x000000066c900000| Untracked 
| 714|0x000000066ca00000, 0x000000066ca00000, 0x000000066cb00000|  0%| F|  |TAMS 0x000000066ca00000, 0x000000066ca00000| Untracked 
| 715|0x000000066cb00000, 0x000000066cb00000, 0x000000066cc00000|  0%| F|  |TAMS 0x000000066cb00000, 0x000000066cb00000| Untracked 
| 716|0x000000066cc00000, 0x000000066cc00000, 0x000000066cd00000|  0%| F|  |TAMS 0x000000066cc00000, 0x000000066cc00000| Untracked 
| 717|0x000000066cd00000, 0x000000066cd00000, 0x000000066ce00000|  0%| F|  |TAMS 0x000000066cd00000, 0x000000066cd00000| Untracked 
| 718|0x000000066ce00000, 0x000000066ce00000, 0x000000066cf00000|  0%| F|  |TAMS 0x000000066ce00000, 0x000000066ce00000| Untracked 
| 719|0x000000066cf00000, 0x000000066cf00000, 0x000000066d000000|  0%| F|  |TAMS 0x000000066cf00000, 0x000000066cf00000| Untracked 
| 720|0x000000066d000000, 0x000000066d000000, 0x000000066d100000|  0%| F|  |TAMS 0x000000066d000000, 0x000000066d000000| Untracked 
| 721|0x000000066d100000, 0x000000066d100000, 0x000000066d200000|  0%| F|  |TAMS 0x000000066d100000, 0x000000066d100000| Untracked 
| 722|0x000000066d200000, 0x000000066d200000, 0x000000066d300000|  0%| F|  |TAMS 0x000000066d200000, 0x000000066d200000| Untracked 
| 723|0x000000066d300000, 0x000000066d300000, 0x000000066d400000|  0%| F|  |TAMS 0x000000066d300000, 0x000000066d300000| Untracked 
| 724|0x000000066d400000, 0x000000066d400000, 0x000000066d500000|  0%| F|  |TAMS 0x000000066d400000, 0x000000066d400000| Untracked 
| 725|0x000000066d500000, 0x000000066d500000, 0x000000066d600000|  0%| F|  |TAMS 0x000000066d500000, 0x000000066d500000| Untracked 
| 726|0x000000066d600000, 0x000000066d600000, 0x000000066d700000|  0%| F|  |TAMS 0x000000066d600000, 0x000000066d600000| Untracked 
| 727|0x000000066d700000, 0x000000066d700000, 0x000000066d800000|  0%| F|  |TAMS 0x000000066d700000, 0x000000066d700000| Untracked 
| 728|0x000000066d800000, 0x000000066d800000, 0x000000066d900000|  0%| F|  |TAMS 0x000000066d800000, 0x000000066d800000| Untracked 
| 729|0x000000066d900000, 0x000000066d900000, 0x000000066da00000|  0%| F|  |TAMS 0x000000066d900000, 0x000000066d900000| Untracked 
| 730|0x000000066da00000, 0x000000066da00000, 0x000000066db00000|  0%| F|  |TAMS 0x000000066da00000, 0x000000066da00000| Untracked 
| 731|0x000000066db00000, 0x000000066db00000, 0x000000066dc00000|  0%| F|  |TAMS 0x000000066db00000, 0x000000066db00000| Untracked 
| 732|0x000000066dc00000, 0x000000066dc00000, 0x000000066dd00000|  0%| F|  |TAMS 0x000000066dc00000, 0x000000066dc00000| Untracked 
| 733|0x000000066dd00000, 0x000000066dd00000, 0x000000066de00000|  0%| F|  |TAMS 0x000000066dd00000, 0x000000066dd00000| Untracked 
| 734|0x000000066de00000, 0x000000066de00000, 0x000000066df00000|  0%| F|  |TAMS 0x000000066de00000, 0x000000066de00000| Untracked 
| 735|0x000000066df00000, 0x000000066df00000, 0x000000066e000000|  0%| F|  |TAMS 0x000000066df00000, 0x000000066df00000| Untracked 
| 736|0x000000066e000000, 0x000000066e000000, 0x000000066e100000|  0%| F|  |TAMS 0x000000066e000000, 0x000000066e000000| Untracked 
| 737|0x000000066e100000, 0x000000066e100000, 0x000000066e200000|  0%| F|  |TAMS 0x000000066e100000, 0x000000066e100000| Untracked 
| 738|0x000000066e200000, 0x000000066e200000, 0x000000066e300000|  0%| F|  |TAMS 0x000000066e200000, 0x000000066e200000| Untracked 
| 739|0x000000066e300000, 0x000000066e300000, 0x000000066e400000|  0%| F|  |TAMS 0x000000066e300000, 0x000000066e300000| Untracked 
| 740|0x000000066e400000, 0x000000066e400000, 0x000000066e500000|  0%| F|  |TAMS 0x000000066e400000, 0x000000066e400000| Untracked 
| 741|0x000000066e500000, 0x000000066e500000, 0x000000066e600000|  0%| F|  |TAMS 0x000000066e500000, 0x000000066e500000| Untracked 
| 742|0x000000066e600000, 0x000000066e600000, 0x000000066e700000|  0%| F|  |TAMS 0x000000066e600000, 0x000000066e600000| Untracked 
| 743|0x000000066e700000, 0x000000066e700000, 0x000000066e800000|  0%| F|  |TAMS 0x000000066e700000, 0x000000066e700000| Untracked 
| 744|0x000000066e800000, 0x000000066e800000, 0x000000066e900000|  0%| F|  |TAMS 0x000000066e800000, 0x000000066e800000| Untracked 
| 745|0x000000066e900000, 0x000000066e900000, 0x000000066ea00000|  0%| F|  |TAMS 0x000000066e900000, 0x000000066e900000| Untracked 
| 746|0x000000066ea00000, 0x000000066ea00000, 0x000000066eb00000|  0%| F|  |TAMS 0x000000066ea00000, 0x000000066ea00000| Untracked 
| 747|0x000000066eb00000, 0x000000066eb00000, 0x000000066ec00000|  0%| F|  |TAMS 0x000000066eb00000, 0x000000066eb00000| Untracked 
| 748|0x000000066ec00000, 0x000000066ec00000, 0x000000066ed00000|  0%| F|  |TAMS 0x000000066ec00000, 0x000000066ec00000| Untracked 
| 749|0x000000066ed00000, 0x000000066ed00000, 0x000000066ee00000|  0%| F|  |TAMS 0x000000066ed00000, 0x000000066ed00000| Untracked 
| 750|0x000000066ee00000, 0x000000066ee00000, 0x000000066ef00000|  0%| F|  |TAMS 0x000000066ee00000, 0x000000066ee00000| Untracked 
| 751|0x000000066ef00000, 0x000000066ef00000, 0x000000066f000000|  0%| F|  |TAMS 0x000000066ef00000, 0x000000066ef00000| Untracked 
| 752|0x000000066f000000, 0x000000066f000000, 0x000000066f100000|  0%| F|  |TAMS 0x000000066f000000, 0x000000066f000000| Untracked 
| 753|0x000000066f100000, 0x000000066f100000, 0x000000066f200000|  0%| F|  |TAMS 0x000000066f100000, 0x000000066f100000| Untracked 
| 754|0x000000066f200000, 0x000000066f200000, 0x000000066f300000|  0%| F|  |TAMS 0x000000066f200000, 0x000000066f200000| Untracked 
| 755|0x000000066f300000, 0x000000066f300000, 0x000000066f400000|  0%| F|  |TAMS 0x000000066f300000, 0x000000066f300000| Untracked 
| 756|0x000000066f400000, 0x000000066f400000, 0x000000066f500000|  0%| F|  |TAMS 0x000000066f400000, 0x000000066f400000| Untracked 
| 757|0x000000066f500000, 0x000000066f500000, 0x000000066f600000|  0%| F|  |TAMS 0x000000066f500000, 0x000000066f500000| Untracked 
| 758|0x000000066f600000, 0x000000066f600000, 0x000000066f700000|  0%| F|  |TAMS 0x000000066f600000, 0x000000066f600000| Untracked 
| 759|0x000000066f700000, 0x000000066f700000, 0x000000066f800000|  0%| F|  |TAMS 0x000000066f700000, 0x000000066f700000| Untracked 
| 760|0x000000066f800000, 0x000000066f800000, 0x000000066f900000|  0%| F|  |TAMS 0x000000066f800000, 0x000000066f800000| Untracked 
| 761|0x000000066f900000, 0x000000066f900000, 0x000000066fa00000|  0%| F|  |TAMS 0x000000066f900000, 0x000000066f900000| Untracked 
| 762|0x000000066fa00000, 0x000000066fa00000, 0x000000066fb00000|  0%| F|  |TAMS 0x000000066fa00000, 0x000000066fa00000| Untracked 
| 763|0x000000066fb00000, 0x000000066fb00000, 0x000000066fc00000|  0%| F|  |TAMS 0x000000066fb00000, 0x000000066fb00000| Untracked 
| 764|0x000000066fc00000, 0x000000066fc00000, 0x000000066fd00000|  0%| F|  |TAMS 0x000000066fc00000, 0x000000066fc00000| Untracked 
| 765|0x000000066fd00000, 0x000000066fd00000, 0x000000066fe00000|  0%| F|  |TAMS 0x000000066fd00000, 0x000000066fd00000| Untracked 
| 766|0x000000066fe00000, 0x000000066fe00000, 0x000000066ff00000|  0%| F|  |TAMS 0x000000066fe00000, 0x000000066fe00000| Untracked 
| 767|0x000000066ff00000, 0x000000066ff00000, 0x0000000670000000|  0%| F|  |TAMS 0x000000066ff00000, 0x000000066ff00000| Untracked 
| 768|0x0000000670000000, 0x0000000670000000, 0x0000000670100000|  0%| F|  |TAMS 0x0000000670000000, 0x0000000670000000| Untracked 
| 769|0x0000000670100000, 0x0000000670100000, 0x0000000670200000|  0%| F|  |TAMS 0x0000000670100000, 0x0000000670100000| Untracked 
| 770|0x0000000670200000, 0x0000000670200000, 0x0000000670300000|  0%| F|  |TAMS 0x0000000670200000, 0x0000000670200000| Untracked 
| 771|0x0000000670300000, 0x0000000670300000, 0x0000000670400000|  0%| F|  |TAMS 0x0000000670300000, 0x0000000670300000| Untracked 
| 772|0x0000000670400000, 0x0000000670400000, 0x0000000670500000|  0%| F|  |TAMS 0x0000000670400000, 0x0000000670400000| Untracked 
| 773|0x0000000670500000, 0x0000000670500000, 0x0000000670600000|  0%| F|  |TAMS 0x0000000670500000, 0x0000000670500000| Untracked 
| 774|0x0000000670600000, 0x0000000670600000, 0x0000000670700000|  0%| F|  |TAMS 0x0000000670600000, 0x0000000670600000| Untracked 
| 775|0x0000000670700000, 0x0000000670700000, 0x0000000670800000|  0%| F|  |TAMS 0x0000000670700000, 0x0000000670700000| Untracked 
| 776|0x0000000670800000, 0x0000000670800000, 0x0000000670900000|  0%| F|  |TAMS 0x0000000670800000, 0x0000000670800000| Untracked 
| 777|0x0000000670900000, 0x0000000670900000, 0x0000000670a00000|  0%| F|  |TAMS 0x0000000670900000, 0x0000000670900000| Untracked 
| 778|0x0000000670a00000, 0x0000000670a00000, 0x0000000670b00000|  0%| F|  |TAMS 0x0000000670a00000, 0x0000000670a00000| Untracked 
| 779|0x0000000670b00000, 0x0000000670b00000, 0x0000000670c00000|  0%| F|  |TAMS 0x0000000670b00000, 0x0000000670b00000| Untracked 
| 780|0x0000000670c00000, 0x0000000670c00000, 0x0000000670d00000|  0%| F|  |TAMS 0x0000000670c00000, 0x0000000670c00000| Untracked 
| 781|0x0000000670d00000, 0x0000000670d00000, 0x0000000670e00000|  0%| F|  |TAMS 0x0000000670d00000, 0x0000000670d00000| Untracked 
| 782|0x0000000670e00000, 0x0000000670e00000, 0x0000000670f00000|  0%| F|  |TAMS 0x0000000670e00000, 0x0000000670e00000| Untracked 
| 783|0x0000000670f00000, 0x0000000670f00000, 0x0000000671000000|  0%| F|  |TAMS 0x0000000670f00000, 0x0000000670f00000| Untracked 
| 784|0x0000000671000000, 0x0000000671000000, 0x0000000671100000|  0%| F|  |TAMS 0x0000000671000000, 0x0000000671000000| Untracked 
| 785|0x0000000671100000, 0x0000000671100000, 0x0000000671200000|  0%| F|  |TAMS 0x0000000671100000, 0x0000000671100000| Untracked 
| 786|0x0000000671200000, 0x0000000671200000, 0x0000000671300000|  0%| F|  |TAMS 0x0000000671200000, 0x0000000671200000| Untracked 
| 787|0x0000000671300000, 0x0000000671300000, 0x0000000671400000|  0%| F|  |TAMS 0x0000000671300000, 0x0000000671300000| Untracked 
| 788|0x0000000671400000, 0x0000000671400000, 0x0000000671500000|  0%| F|  |TAMS 0x0000000671400000, 0x0000000671400000| Untracked 
| 789|0x0000000671500000, 0x0000000671500000, 0x0000000671600000|  0%| F|  |TAMS 0x0000000671500000, 0x0000000671500000| Untracked 
| 790|0x0000000671600000, 0x0000000671600000, 0x0000000671700000|  0%| F|  |TAMS 0x0000000671600000, 0x0000000671600000| Untracked 
| 791|0x0000000671700000, 0x0000000671700000, 0x0000000671800000|  0%| F|  |TAMS 0x0000000671700000, 0x0000000671700000| Untracked 
| 792|0x0000000671800000, 0x0000000671800000, 0x0000000671900000|  0%| F|  |TAMS 0x0000000671800000, 0x0000000671800000| Untracked 
| 793|0x0000000671900000, 0x0000000671900000, 0x0000000671a00000|  0%| F|  |TAMS 0x0000000671900000, 0x0000000671900000| Untracked 
| 794|0x0000000671a00000, 0x0000000671a00000, 0x0000000671b00000|  0%| F|  |TAMS 0x0000000671a00000, 0x0000000671a00000| Untracked 
| 795|0x0000000671b00000, 0x0000000671b00000, 0x0000000671c00000|  0%| F|  |TAMS 0x0000000671b00000, 0x0000000671b00000| Untracked 
| 796|0x0000000671c00000, 0x0000000671c00000, 0x0000000671d00000|  0%| F|  |TAMS 0x0000000671c00000, 0x0000000671c00000| Untracked 
| 797|0x0000000671d00000, 0x0000000671d00000, 0x0000000671e00000|  0%| F|  |TAMS 0x0000000671d00000, 0x0000000671d00000| Untracked 
| 798|0x0000000671e00000, 0x0000000671e00000, 0x0000000671f00000|  0%| F|  |TAMS 0x0000000671e00000, 0x0000000671e00000| Untracked 
| 799|0x0000000671f00000, 0x0000000671f00000, 0x0000000672000000|  0%| F|  |TAMS 0x0000000671f00000, 0x0000000671f00000| Untracked 
| 800|0x0000000672000000, 0x0000000672000000, 0x0000000672100000|  0%| F|  |TAMS 0x0000000672000000, 0x0000000672000000| Untracked 
| 801|0x0000000672100000, 0x0000000672100000, 0x0000000672200000|  0%| F|  |TAMS 0x0000000672100000, 0x0000000672100000| Untracked 
| 802|0x0000000672200000, 0x0000000672200000, 0x0000000672300000|  0%| F|  |TAMS 0x0000000672200000, 0x0000000672200000| Untracked 
| 803|0x0000000672300000, 0x0000000672300000, 0x0000000672400000|  0%| F|  |TAMS 0x0000000672300000, 0x0000000672300000| Untracked 
| 804|0x0000000672400000, 0x0000000672400000, 0x0000000672500000|  0%| F|  |TAMS 0x0000000672400000, 0x0000000672400000| Untracked 
| 805|0x0000000672500000, 0x0000000672500000, 0x0000000672600000|  0%| F|  |TAMS 0x0000000672500000, 0x0000000672500000| Untracked 
| 806|0x0000000672600000, 0x0000000672600000, 0x0000000672700000|  0%| F|  |TAMS 0x0000000672600000, 0x0000000672600000| Untracked 
| 807|0x0000000672700000, 0x0000000672700000, 0x0000000672800000|  0%| F|  |TAMS 0x0000000672700000, 0x0000000672700000| Untracked 
| 808|0x0000000672800000, 0x0000000672800000, 0x0000000672900000|  0%| F|  |TAMS 0x0000000672800000, 0x0000000672800000| Untracked 
| 809|0x0000000672900000, 0x0000000672900000, 0x0000000672a00000|  0%| F|  |TAMS 0x0000000672900000, 0x0000000672900000| Untracked 
| 810|0x0000000672a00000, 0x0000000672a00000, 0x0000000672b00000|  0%| F|  |TAMS 0x0000000672a00000, 0x0000000672a00000| Untracked 
| 811|0x0000000672b00000, 0x0000000672b00000, 0x0000000672c00000|  0%| F|  |TAMS 0x0000000672b00000, 0x0000000672b00000| Untracked 
| 812|0x0000000672c00000, 0x0000000672c00000, 0x0000000672d00000|  0%| F|  |TAMS 0x0000000672c00000, 0x0000000672c00000| Untracked 
| 813|0x0000000672d00000, 0x0000000672d00000, 0x0000000672e00000|  0%| F|  |TAMS 0x0000000672d00000, 0x0000000672d00000| Untracked 
| 814|0x0000000672e00000, 0x0000000672e00000, 0x0000000672f00000|  0%| F|  |TAMS 0x0000000672e00000, 0x0000000672e00000| Untracked 
| 815|0x0000000672f00000, 0x0000000672f00000, 0x0000000673000000|  0%| F|  |TAMS 0x0000000672f00000, 0x0000000672f00000| Untracked 
| 816|0x0000000673000000, 0x0000000673000000, 0x0000000673100000|  0%| F|  |TAMS 0x0000000673000000, 0x0000000673000000| Untracked 
| 817|0x0000000673100000, 0x0000000673100000, 0x0000000673200000|  0%| F|  |TAMS 0x0000000673100000, 0x0000000673100000| Untracked 
| 818|0x0000000673200000, 0x0000000673200000, 0x0000000673300000|  0%| F|  |TAMS 0x0000000673200000, 0x0000000673200000| Untracked 
| 819|0x0000000673300000, 0x0000000673300000, 0x0000000673400000|  0%| F|  |TAMS 0x0000000673300000, 0x0000000673300000| Untracked 
| 820|0x0000000673400000, 0x0000000673400000, 0x0000000673500000|  0%| F|  |TAMS 0x0000000673400000, 0x0000000673400000| Untracked 
| 821|0x0000000673500000, 0x0000000673500000, 0x0000000673600000|  0%| F|  |TAMS 0x0000000673500000, 0x0000000673500000| Untracked 
| 822|0x0000000673600000, 0x0000000673600000, 0x0000000673700000|  0%| F|  |TAMS 0x0000000673600000, 0x0000000673600000| Untracked 
| 823|0x0000000673700000, 0x0000000673700000, 0x0000000673800000|  0%| F|  |TAMS 0x0000000673700000, 0x0000000673700000| Untracked 
| 824|0x0000000673800000, 0x0000000673800000, 0x0000000673900000|  0%| F|  |TAMS 0x0000000673800000, 0x0000000673800000| Untracked 
| 825|0x0000000673900000, 0x0000000673900000, 0x0000000673a00000|  0%| F|  |TAMS 0x0000000673900000, 0x0000000673900000| Untracked 
| 826|0x0000000673a00000, 0x0000000673a00000, 0x0000000673b00000|  0%| F|  |TAMS 0x0000000673a00000, 0x0000000673a00000| Untracked 
| 827|0x0000000673b00000, 0x0000000673b00000, 0x0000000673c00000|  0%| F|  |TAMS 0x0000000673b00000, 0x0000000673b00000| Untracked 
| 828|0x0000000673c00000, 0x0000000673c00000, 0x0000000673d00000|  0%| F|  |TAMS 0x0000000673c00000, 0x0000000673c00000| Untracked 
| 829|0x0000000673d00000, 0x0000000673d00000, 0x0000000673e00000|  0%| F|  |TAMS 0x0000000673d00000, 0x0000000673d00000| Untracked 
| 830|0x0000000673e00000, 0x0000000673e00000, 0x0000000673f00000|  0%| F|  |TAMS 0x0000000673e00000, 0x0000000673e00000| Untracked 
| 831|0x0000000673f00000, 0x0000000673f00000, 0x0000000674000000|  0%| F|  |TAMS 0x0000000673f00000, 0x0000000673f00000| Untracked 
| 832|0x0000000674000000, 0x0000000674000000, 0x0000000674100000|  0%| F|  |TAMS 0x0000000674000000, 0x0000000674000000| Untracked 
| 833|0x0000000674100000, 0x0000000674100000, 0x0000000674200000|  0%| F|  |TAMS 0x0000000674100000, 0x0000000674100000| Untracked 
| 834|0x0000000674200000, 0x0000000674200000, 0x0000000674300000|  0%| F|  |TAMS 0x0000000674200000, 0x0000000674200000| Untracked 
| 835|0x0000000674300000, 0x0000000674300000, 0x0000000674400000|  0%| F|  |TAMS 0x0000000674300000, 0x0000000674300000| Untracked 
| 836|0x0000000674400000, 0x0000000674400000, 0x0000000674500000|  0%| F|  |TAMS 0x0000000674400000, 0x0000000674400000| Untracked 
| 837|0x0000000674500000, 0x0000000674500000, 0x0000000674600000|  0%| F|  |TAMS 0x0000000674500000, 0x0000000674500000| Untracked 
| 838|0x0000000674600000, 0x0000000674600000, 0x0000000674700000|  0%| F|  |TAMS 0x0000000674600000, 0x0000000674600000| Untracked 
| 839|0x0000000674700000, 0x0000000674700000, 0x0000000674800000|  0%| F|  |TAMS 0x0000000674700000, 0x0000000674700000| Untracked 
| 840|0x0000000674800000, 0x0000000674800000, 0x0000000674900000|  0%| F|  |TAMS 0x0000000674800000, 0x0000000674800000| Untracked 
| 841|0x0000000674900000, 0x0000000674900000, 0x0000000674a00000|  0%| F|  |TAMS 0x0000000674900000, 0x0000000674900000| Untracked 
| 842|0x0000000674a00000, 0x0000000674a00000, 0x0000000674b00000|  0%| F|  |TAMS 0x0000000674a00000, 0x0000000674a00000| Untracked 
| 843|0x0000000674b00000, 0x0000000674b00000, 0x0000000674c00000|  0%| F|  |TAMS 0x0000000674b00000, 0x0000000674b00000| Untracked 
| 844|0x0000000674c00000, 0x0000000674c00000, 0x0000000674d00000|  0%| F|  |TAMS 0x0000000674c00000, 0x0000000674c00000| Untracked 
| 845|0x0000000674d00000, 0x0000000674d00000, 0x0000000674e00000|  0%| F|  |TAMS 0x0000000674d00000, 0x0000000674d00000| Untracked 
| 846|0x0000000674e00000, 0x0000000674e00000, 0x0000000674f00000|  0%| F|  |TAMS 0x0000000674e00000, 0x0000000674e00000| Untracked 
| 847|0x0000000674f00000, 0x0000000674f00000, 0x0000000675000000|  0%| F|  |TAMS 0x0000000674f00000, 0x0000000674f00000| Untracked 
| 848|0x0000000675000000, 0x0000000675000000, 0x0000000675100000|  0%| F|  |TAMS 0x0000000675000000, 0x0000000675000000| Untracked 
| 849|0x0000000675100000, 0x0000000675100000, 0x0000000675200000|  0%| F|  |TAMS 0x0000000675100000, 0x0000000675100000| Untracked 
| 850|0x0000000675200000, 0x0000000675200000, 0x0000000675300000|  0%| F|  |TAMS 0x0000000675200000, 0x0000000675200000| Untracked 
| 851|0x0000000675300000, 0x0000000675300000, 0x0000000675400000|  0%| F|  |TAMS 0x0000000675300000, 0x0000000675300000| Untracked 
| 852|0x0000000675400000, 0x0000000675400000, 0x0000000675500000|  0%| F|  |TAMS 0x0000000675400000, 0x0000000675400000| Untracked 
| 853|0x0000000675500000, 0x0000000675500000, 0x0000000675600000|  0%| F|  |TAMS 0x0000000675500000, 0x0000000675500000| Untracked 
| 854|0x0000000675600000, 0x0000000675600000, 0x0000000675700000|  0%| F|  |TAMS 0x0000000675600000, 0x0000000675600000| Untracked 
| 855|0x0000000675700000, 0x0000000675700000, 0x0000000675800000|  0%| F|  |TAMS 0x0000000675700000, 0x0000000675700000| Untracked 
| 856|0x0000000675800000, 0x0000000675800000, 0x0000000675900000|  0%| F|  |TAMS 0x0000000675800000, 0x0000000675800000| Untracked 
| 857|0x0000000675900000, 0x0000000675900000, 0x0000000675a00000|  0%| F|  |TAMS 0x0000000675900000, 0x0000000675900000| Untracked 
| 858|0x0000000675a00000, 0x0000000675a00000, 0x0000000675b00000|  0%| F|  |TAMS 0x0000000675a00000, 0x0000000675a00000| Untracked 
| 859|0x0000000675b00000, 0x0000000675b00000, 0x0000000675c00000|  0%| F|  |TAMS 0x0000000675b00000, 0x0000000675b00000| Untracked 
| 860|0x0000000675c00000, 0x0000000675c00000, 0x0000000675d00000|  0%| F|  |TAMS 0x0000000675c00000, 0x0000000675c00000| Untracked 
| 861|0x0000000675d00000, 0x0000000675d00000, 0x0000000675e00000|  0%| F|  |TAMS 0x0000000675d00000, 0x0000000675d00000| Untracked 
| 862|0x0000000675e00000, 0x0000000675e00000, 0x0000000675f00000|  0%| F|  |TAMS 0x0000000675e00000, 0x0000000675e00000| Untracked 
| 863|0x0000000675f00000, 0x0000000675f00000, 0x0000000676000000|  0%| F|  |TAMS 0x0000000675f00000, 0x0000000675f00000| Untracked 
| 864|0x0000000676000000, 0x0000000676000000, 0x0000000676100000|  0%| F|  |TAMS 0x0000000676000000, 0x0000000676000000| Untracked 
| 865|0x0000000676100000, 0x0000000676100000, 0x0000000676200000|  0%| F|  |TAMS 0x0000000676100000, 0x0000000676100000| Untracked 
| 866|0x0000000676200000, 0x0000000676200000, 0x0000000676300000|  0%| F|  |TAMS 0x0000000676200000, 0x0000000676200000| Untracked 
| 867|0x0000000676300000, 0x0000000676300000, 0x0000000676400000|  0%| F|  |TAMS 0x0000000676300000, 0x0000000676300000| Untracked 
| 868|0x0000000676400000, 0x0000000676400000, 0x0000000676500000|  0%| F|  |TAMS 0x0000000676400000, 0x0000000676400000| Untracked 
| 869|0x0000000676500000, 0x0000000676500000, 0x0000000676600000|  0%| F|  |TAMS 0x0000000676500000, 0x0000000676500000| Untracked 
| 870|0x0000000676600000, 0x0000000676600000, 0x0000000676700000|  0%| F|  |TAMS 0x0000000676600000, 0x0000000676600000| Untracked 
| 871|0x0000000676700000, 0x0000000676700000, 0x0000000676800000|  0%| F|  |TAMS 0x0000000676700000, 0x0000000676700000| Untracked 
| 872|0x0000000676800000, 0x0000000676800000, 0x0000000676900000|  0%| F|  |TAMS 0x0000000676800000, 0x0000000676800000| Untracked 
| 873|0x0000000676900000, 0x0000000676900000, 0x0000000676a00000|  0%| F|  |TAMS 0x0000000676900000, 0x0000000676900000| Untracked 
| 874|0x0000000676a00000, 0x0000000676a00000, 0x0000000676b00000|  0%| F|  |TAMS 0x0000000676a00000, 0x0000000676a00000| Untracked 
| 875|0x0000000676b00000, 0x0000000676b00000, 0x0000000676c00000|  0%| F|  |TAMS 0x0000000676b00000, 0x0000000676b00000| Untracked 
| 876|0x0000000676c00000, 0x0000000676c00000, 0x0000000676d00000|  0%| F|  |TAMS 0x0000000676c00000, 0x0000000676c00000| Untracked 
| 877|0x0000000676d00000, 0x0000000676d00000, 0x0000000676e00000|  0%| F|  |TAMS 0x0000000676d00000, 0x0000000676d00000| Untracked 
| 878|0x0000000676e00000, 0x0000000676e00000, 0x0000000676f00000|  0%| F|  |TAMS 0x0000000676e00000, 0x0000000676e00000| Untracked 
| 879|0x0000000676f00000, 0x0000000676f00000, 0x0000000677000000|  0%| F|  |TAMS 0x0000000676f00000, 0x0000000676f00000| Untracked 
| 880|0x0000000677000000, 0x0000000677000000, 0x0000000677100000|  0%| F|  |TAMS 0x0000000677000000, 0x0000000677000000| Untracked 
| 881|0x0000000677100000, 0x0000000677100000, 0x0000000677200000|  0%| F|  |TAMS 0x0000000677100000, 0x0000000677100000| Untracked 
| 882|0x0000000677200000, 0x0000000677200000, 0x0000000677300000|  0%| F|  |TAMS 0x0000000677200000, 0x0000000677200000| Untracked 
| 883|0x0000000677300000, 0x0000000677300000, 0x0000000677400000|  0%| F|  |TAMS 0x0000000677300000, 0x0000000677300000| Untracked 
| 884|0x0000000677400000, 0x0000000677500000, 0x0000000677500000|100%| E|  |TAMS 0x0000000677400000, 0x0000000677400000| Complete 
| 885|0x0000000677500000, 0x0000000677600000, 0x0000000677600000|100%| E|CS|TAMS 0x0000000677500000, 0x0000000677500000| Complete 
| 886|0x0000000677600000, 0x0000000677700000, 0x0000000677700000|100%| E|CS|TAMS 0x0000000677600000, 0x0000000677600000| Complete 
| 887|0x0000000677700000, 0x0000000677800000, 0x0000000677800000|100%| E|CS|TAMS 0x0000000677700000, 0x0000000677700000| Complete 
| 888|0x0000000677800000, 0x0000000677900000, 0x0000000677900000|100%| E|CS|TAMS 0x0000000677800000, 0x0000000677800000| Complete 
| 889|0x0000000677900000, 0x0000000677a00000, 0x0000000677a00000|100%| E|CS|TAMS 0x0000000677900000, 0x0000000677900000| Complete 
| 890|0x0000000677a00000, 0x0000000677b00000, 0x0000000677b00000|100%| E|CS|TAMS 0x0000000677a00000, 0x0000000677a00000| Complete 
| 891|0x0000000677b00000, 0x0000000677c00000, 0x0000000677c00000|100%| E|CS|TAMS 0x0000000677b00000, 0x0000000677b00000| Complete 
| 892|0x0000000677c00000, 0x0000000677d00000, 0x0000000677d00000|100%| E|CS|TAMS 0x0000000677c00000, 0x0000000677c00000| Complete 
| 893|0x0000000677d00000, 0x0000000677e00000, 0x0000000677e00000|100%| E|CS|TAMS 0x0000000677d00000, 0x0000000677d00000| Complete 
| 894|0x0000000677e00000, 0x0000000677f00000, 0x0000000677f00000|100%| E|CS|TAMS 0x0000000677e00000, 0x0000000677e00000| Complete 
| 895|0x0000000677f00000, 0x0000000678000000, 0x0000000678000000|100%| E|CS|TAMS 0x0000000677f00000, 0x0000000677f00000| Complete 
| 896|0x0000000678000000, 0x0000000678100000, 0x0000000678100000|100%| E|CS|TAMS 0x0000000678000000, 0x0000000678000000| Complete 
| 897|0x0000000678100000, 0x0000000678200000, 0x0000000678200000|100%| E|CS|TAMS 0x0000000678100000, 0x0000000678100000| Complete 
| 898|0x0000000678200000, 0x0000000678300000, 0x0000000678300000|100%| E|CS|TAMS 0x0000000678200000, 0x0000000678200000| Complete 
| 899|0x0000000678300000, 0x0000000678400000, 0x0000000678400000|100%| E|CS|TAMS 0x0000000678300000, 0x0000000678300000| Complete 
| 900|0x0000000678400000, 0x0000000678500000, 0x0000000678500000|100%| E|CS|TAMS 0x0000000678400000, 0x0000000678400000| Complete 
| 901|0x0000000678500000, 0x0000000678600000, 0x0000000678600000|100%| E|CS|TAMS 0x0000000678500000, 0x0000000678500000| Complete 
| 902|0x0000000678600000, 0x0000000678700000, 0x0000000678700000|100%| E|CS|TAMS 0x0000000678600000, 0x0000000678600000| Complete 
| 903|0x0000000678700000, 0x0000000678800000, 0x0000000678800000|100%| E|CS|TAMS 0x0000000678700000, 0x0000000678700000| Complete 
| 904|0x0000000678800000, 0x0000000678900000, 0x0000000678900000|100%| E|CS|TAMS 0x0000000678800000, 0x0000000678800000| Complete 
| 905|0x0000000678900000, 0x0000000678a00000, 0x0000000678a00000|100%| E|CS|TAMS 0x0000000678900000, 0x0000000678900000| Complete 
| 906|0x0000000678a00000, 0x0000000678b00000, 0x0000000678b00000|100%| E|CS|TAMS 0x0000000678a00000, 0x0000000678a00000| Complete 
| 907|0x0000000678b00000, 0x0000000678c00000, 0x0000000678c00000|100%| E|CS|TAMS 0x0000000678b00000, 0x0000000678b00000| Complete 

Card table byte_map: [0x000000011ac3c000,0x000000011b83c000] _byte_map_base: 0x0000000117a3c000

Marking Bits (Prev, Next): (CMBitMap*) 0x0000000145815650, (CMBitMap*) 0x0000000145815618
 Prev Bits: [0x000000012243c000, 0x000000012843c000)
 Next Bits: [0x000000011c43c000, 0x000000012243c000)

Polling page: 0x0000000100eec000

Metaspace:

Usage:
  Non-class:     77.19 MB capacity,    75.49 MB ( 98%) used,     1.38 MB (  2%) free+waste,   321.44 KB ( <1%) overhead. 
      Class:     13.08 MB capacity,    11.95 MB ( 91%) used,   989.01 KB (  7%) free+waste,   166.50 KB (  1%) overhead. 
       Both:     90.27 MB capacity,    87.44 MB ( 97%) used,     2.35 MB (  3%) free+waste,   487.94 KB ( <1%) overhead. 

Virtual space:
  Non-class space:       78.00 MB reserved,      77.33 MB (>99%) committed 
      Class space:        1.00 GB reserved,      13.12 MB (  1%) committed 
             Both:        1.08 GB reserved,      90.45 MB (  8%) committed 

Chunk freelists:
   Non-Class:  14.00 KB
       Class:  15.00 KB
        Both:  29.00 KB

MaxMetaspaceSize: unlimited
CompressedClassSpaceSize: 1.00 GB
Initial GC threshold: 20.80 MB
Current GC threshold: 98.47 MB
CDS: off

CodeHeap 'non-profiled nmethods': size=238384Kb used=17729Kb max_used=17729Kb free=220654Kb
 bounds [0x000000010b770000, 0x000000010c8d0000, 0x000000011a03c000]
CodeHeap 'non-nmethods': size=7376Kb used=1337Kb max_used=1337Kb free=6038Kb
 bounds [0x000000010b03c000, 0x000000010b2ac000, 0x000000010b770000]
 total_blobs=10189 nmethods=9498 adapters=621
 compilation: enabled
              stopped_count=0, restarted_count=0
 full_count=0

Compilation events (20 events):
Event: 15.705 Thread 0x000000013500f000 10422       1       com.fasterxml.jackson.databind.util.TokenBuffer::_appendEndMarker (41 bytes)
Event: 15.705 Thread 0x000000013500f000 nmethod 10422 0x000000010c8bd910 code [0x000000010c8bdac0, 0x000000010c8bdd00]
Event: 15.705 Thread 0x000000013500f000 10420       1       com.fasterxml.jackson.databind.ser.impl.PropertySerializerMap$Single::serializerFor (15 bytes)
Event: 15.705 Thread 0x000000013500f000 nmethod 10420 0x000000010c8bde10 code [0x000000010c8bdfc0, 0x000000010c8be110]
Event: 15.705 Thread 0x000000013500f000 10416       1       com.fasterxml.jackson.databind.ser.std.StringSerializer::serialize (9 bytes)
Event: 15.705 Thread 0x000000013500f000 nmethod 10416 0x000000010c8be190 code [0x000000010c8be340, 0x000000010c8be500]
Event: 15.705 Thread 0x000000013500f000 10415       1       com.fasterxml.jackson.databind.SerializerProvider::getActiveView (5 bytes)
Event: 15.705 Thread 0x000000013500f000 nmethod 10415 0x000000010c8be590 code [0x000000010c8be740, 0x000000010c8be890]
Event: 15.706 Thread 0x000000013500f000 10426       1       com.fasterxml.jackson.databind.util.TokenBuffer::_appendValue (82 bytes)
Event: 15.706 Thread 0x000000013500f000 nmethod 10426 0x000000010c8be910 code [0x000000010c8beb00, 0x000000010c8bede0]
Event: 15.706 Thread 0x000000013500f000 10425       1       com.fasterxml.jackson.core.json.JsonWriteContext::createChildArrayContext (52 bytes)
Event: 15.706 Thread 0x000000013500f000 nmethod 10425 0x000000010c8bef10 code [0x000000010c8bf100, 0x000000010c8bf4f0]
Event: 15.706 Thread 0x000000013500f000 10427       1       com.fasterxml.jackson.databind.SerializationConfig::isEnabled (18 bytes)
Event: 15.706 Thread 0x000000013500f000 nmethod 10427 0x000000010c8bf610 code [0x000000010c8bf7c0, 0x000000010c8bf910]
Event: 15.706 Thread 0x000000013500f000 10428       1       com.fasterxml.jackson.databind.util.TokenBuffer::writeStartArray (28 bytes)
Event: 15.706 Thread 0x000000013500f000 nmethod 10428 0x000000010c8bf990 code [0x000000010c8bfb80, 0x000000010c8bfe20]
Event: 15.706 Thread 0x000000013500f000 10424       1       com.fasterxml.jackson.databind.type.CollectionLikeType::getContentType (5 bytes)
Event: 15.706 Thread 0x000000013500f000 nmethod 10424 0x000000010c8bff90 code [0x000000010c8c0140, 0x000000010c8c0290]
Event: 15.706 Thread 0x000000013500f000 10429       1       com.fasterxml.jackson.databind.util.TokenBuffer::writeEndArray (25 bytes)
Event: 15.706 Thread 0x000000013500f000 nmethod 10429 0x000000010c8c0310 code [0x000000010c8c04c0, 0x000000010c8c06c0]

GC Heap History (20 events):
Event: 1.561 GC heap before
{Heap before GC invocations=7 (full 0):
 garbage-first heap   total 497664K, used 268580K [0x0000000640000000, 0x00000007c0000000)
  region size 1024K, 247 young (252928K), 8 survivors (8192K)
 Metaspace       used 30823K, capacity 31435K, committed 31536K, reserved 1077248K
  class space    used 4015K, capacity 4222K, committed 4224K, reserved 1048576K
}
Event: 1.587 GC heap after
{Heap after GC invocations=8 (full 0):
 garbage-first heap   total 497664K, used 27553K [0x0000000640000000, 0x00000007c0000000)
  region size 1024K, 12 young (12288K), 12 survivors (12288K)
 Metaspace       used 30823K, capacity 31435K, committed 31536K, reserved 1077248K
  class space    used 4015K, capacity 4222K, committed 4224K, reserved 1048576K
}
Event: 1.857 GC heap before
{Heap before GC invocations=8 (full 0):
 garbage-first heap   total 497664K, used 160673K [0x0000000640000000, 0x00000007c0000000)
  region size 1024K, 143 young (146432K), 12 survivors (12288K)
 Metaspace       used 35080K, capacity 35799K, committed 35888K, reserved 1081344K
  class space    used 4631K, capacity 4914K, committed 4992K, reserved 1048576K
}
Event: 1.864 GC heap after
{Heap after GC invocations=9 (full 0):
 garbage-first heap   total 497664K, used 29623K [0x0000000640000000, 0x00000007c0000000)
  region size 1024K, 14 young (14336K), 14 survivors (14336K)
 Metaspace       used 35080K, capacity 35799K, committed 35888K, reserved 1081344K
  class space    used 4631K, capacity 4914K, committed 4992K, reserved 1048576K
}
Event: 2.484 GC heap before
{Heap before GC invocations=10 (full 0):
 garbage-first heap   total 497664K, used 313271K [0x0000000640000000, 0x00000007c0000000)
  region size 1024K, 291 young (297984K), 14 survivors (14336K)
 Metaspace       used 41785K, capacity 42742K, committed 42928K, reserved 1085440K
  class space    used 5654K, capacity 6050K, committed 6144K, reserved 1048576K
}
Event: 2.493 GC heap after
{Heap after GC invocations=11 (full 0):
 garbage-first heap   total 497664K, used 32800K [0x0000000640000000, 0x00000007c0000000)
  region size 1024K, 17 young (17408K), 17 survivors (17408K)
 Metaspace       used 41785K, capacity 42742K, committed 42928K, reserved 1085440K
  class space    used 5654K, capacity 6050K, committed 6144K, reserved 1048576K
}
Event: 2.913 GC heap before
{Heap before GC invocations=11 (full 0):
 garbage-first heap   total 497664K, used 313376K [0x0000000640000000, 0x00000007c0000000)
  region size 1024K, 291 young (297984K), 17 survivors (17408K)
 Metaspace       used 47300K, capacity 48362K, committed 48560K, reserved 1091584K
  class space    used 6381K, capacity 6795K, committed 6912K, reserved 1048576K
}
Event: 2.920 GC heap after
{Heap after GC invocations=12 (full 0):
 garbage-first heap   total 774144K, used 35638K [0x0000000640000000, 0x00000007c0000000)
  region size 1024K, 20 young (20480K), 20 survivors (20480K)
 Metaspace       used 47300K, capacity 48362K, committed 48560K, reserved 1091584K
  class space    used 6381K, capacity 6795K, committed 6912K, reserved 1048576K
}
Event: 3.845 GC heap before
{Heap before GC invocations=12 (full 0):
 garbage-first heap   total 774144K, used 479030K [0x0000000640000000, 0x00000007c0000000)
  region size 1024K, 453 young (463872K), 20 survivors (20480K)
 Metaspace       used 55619K, capacity 56833K, committed 57136K, reserved 1097728K
  class space    used 7504K, capacity 7989K, committed 8064K, reserved 1048576K
}
Event: 3.853 GC heap after
{Heap after GC invocations=13 (full 0):
 garbage-first heap   total 774144K, used 38346K [0x0000000640000000, 0x00000007c0000000)
  region size 1024K, 22 young (22528K), 22 survivors (22528K)
 Metaspace       used 55619K, capacity 56833K, committed 57136K, reserved 1097728K
  class space    used 7504K, capacity 7989K, committed 8064K, reserved 1048576K
}
Event: 4.145 GC heap before
{Heap before GC invocations=13 (full 0):
 garbage-first heap   total 774144K, used 184778K [0x0000000640000000, 0x00000007c0000000)
  region size 1024K, 166 young (169984K), 22 survivors (22528K)
 Metaspace       used 58945K, capacity 60135K, committed 60240K, reserved 1101824K
  class space    used 7902K, capacity 8406K, committed 8448K, reserved 1048576K
}
Event: 4.152 GC heap after
{Heap after GC invocations=14 (full 0):
 garbage-first heap   total 774144K, used 40385K [0x0000000640000000, 0x00000007c0000000)
  region size 1024K, 24 young (24576K), 24 survivors (24576K)
 Metaspace       used 58945K, capacity 60135K, committed 60240K, reserved 1101824K
  class space    used 7902K, capacity 8406K, committed 8448K, reserved 1048576K
}
Event: 5.789 GC heap before
{Heap before GC invocations=15 (full 0):
 garbage-first heap   total 774144K, used 478657K [0x0000000640000000, 0x00000007c0000000)
  region size 1024K, 453 young (463872K), 24 survivors (24576K)
 Metaspace       used 64802K, capacity 66132K, committed 66512K, reserved 1105920K
  class space    used 8680K, capacity 9219K, committed 9344K, reserved 1048576K
}
Event: 5.802 GC heap after
{Heap after GC invocations=16 (full 0):
 garbage-first heap   total 774144K, used 49098K [0x0000000640000000, 0x00000007c0000000)
  region size 1024K, 33 young (33792K), 33 survivors (33792K)
 Metaspace       used 64802K, capacity 66132K, committed 66512K, reserved 1105920K
  class space    used 8680K, capacity 9219K, committed 9344K, reserved 1048576K
}
Event: 8.286 GC heap before
{Heap before GC invocations=16 (full 0):
 garbage-first heap   total 774144K, used 479178K [0x0000000640000000, 0x00000007c0000000)
  region size 1024K, 453 young (463872K), 33 survivors (33792K)
 Metaspace       used 71813K, capacity 73232K, committed 73424K, reserved 1112064K
  class space    used 9658K, capacity 10268K, committed 10368K, reserved 1048576K
}
Event: 8.315 GC heap after
{Heap after GC invocations=17 (full 0):
 garbage-first heap   total 929792K, used 54851K [0x0000000640000000, 0x00000007c0000000)
  region size 1024K, 31 young (31744K), 31 survivors (31744K)
 Metaspace       used 71813K, capacity 73232K, committed 73424K, reserved 1112064K
  class space    used 9658K, capacity 10268K, committed 10368K, reserved 1048576K
}
Event: 11.239 GC heap before
{Heap before GC invocations=17 (full 0):
 garbage-first heap   total 929792K, used 585283K [0x0000000640000000, 0x00000007c0000000)
  region size 1024K, 544 young (557056K), 31 survivors (31744K)
 Metaspace       used 80613K, capacity 82596K, committed 82768K, reserved 1120256K
  class space    used 10873K, capacity 11657K, committed 11776K, reserved 1048576K
}
Event: 11.303 GC heap after
{Heap after GC invocations=18 (full 0):
 garbage-first heap   total 929792K, used 61507K [0x0000000640000000, 0x00000007c0000000)
  region size 1024K, 37 young (37888K), 37 survivors (37888K)
 Metaspace       used 80613K, capacity 82596K, committed 82768K, reserved 1120256K
  class space    used 10873K, capacity 11657K, committed 11776K, reserved 1048576K
}
Event: 15.588 GC heap before
{Heap before GC invocations=18 (full 0):
 garbage-first heap   total 929792K, used 580675K [0x0000000640000000, 0x00000007c0000000)
  region size 1024K, 544 young (557056K), 37 survivors (37888K)
 Metaspace       used 89221K, capacity 92101K, committed 92368K, reserved 1128448K
  class space    used 12179K, capacity 13324K, committed 13440K, reserved 1048576K
}
Event: 15.642 GC heap after
{Heap after GC invocations=19 (full 0):
 garbage-first heap   total 929792K, used 69774K [0x0000000640000000, 0x00000007c0000000)
  region size 1024K, 42 young (43008K), 42 survivors (43008K)
 Metaspace       used 89221K, capacity 92101K, committed 92368K, reserved 1128448K
  class space    used 12179K, capacity 13324K, committed 13440K, reserved 1048576K
}

Deoptimization events (20 events):
Event: 12.416 Thread 0x000000014581b000 DEOPT PACKING pc=0x000000010c016010 sp=0x000000016f22c9f0
Event: 12.416 Thread 0x000000014581b000 DEOPT UNPACKING pc=0x000000010b07127c sp=0x000000016f22c7d0 mode 3
Event: 12.775 Thread 0x000000014581b000 DEOPT PACKING pc=0x000000010c68b074 sp=0x000000016f231b00
Event: 12.775 Thread 0x000000014581b000 DEOPT UNPACKING pc=0x000000010b07127c sp=0x000000016f2319b0 mode 3
Event: 12.929 Thread 0x000000014581b000 DEOPT PACKING pc=0x000000010c5b5b54 sp=0x000000016f231330
Event: 12.929 Thread 0x000000014581b000 DEOPT UNPACKING pc=0x000000010b07127c sp=0x000000016f2310f0 mode 3
Event: 12.934 Thread 0x000000014581b000 DEOPT PACKING pc=0x000000010c5bc278 sp=0x000000016f231d90
Event: 12.934 Thread 0x000000014581b000 DEOPT UNPACKING pc=0x000000010b07127c sp=0x000000016f231c50 mode 0
Event: 14.243 Thread 0x000000014581b000 DEOPT PACKING pc=0x000000010c7384a8 sp=0x000000016f232370
Event: 14.243 Thread 0x000000014581b000 DEOPT UNPACKING pc=0x000000010b07127c sp=0x000000016f232180 mode 3
Event: 14.262 Thread 0x000000014581b000 DEOPT PACKING pc=0x000000010c7467ec sp=0x000000016f2321e0
Event: 14.262 Thread 0x000000014581b000 DEOPT UNPACKING pc=0x000000010b07127c sp=0x000000016f232080 mode 3
Event: 15.120 Thread 0x000000014581b000 DEOPT PACKING pc=0x000000010c1f51b4 sp=0x000000016f231ea0
Event: 15.120 Thread 0x000000014581b000 DEOPT UNPACKING pc=0x000000010b07127c sp=0x000000016f231dd0 mode 3
Event: 15.142 Thread 0x000000014581b000 DEOPT PACKING pc=0x000000010c4a4150 sp=0x000000016f231d70
Event: 15.142 Thread 0x000000014581b000 DEOPT UNPACKING pc=0x000000010b07127c sp=0x000000016f231bd0 mode 3
Event: 15.687 Thread 0x000000012c93f000 DEOPT PACKING pc=0x000000010c6ea5e0 sp=0x0000000315e1e490
Event: 15.687 Thread 0x000000012c93f000 DEOPT UNPACKING pc=0x000000010b07127c sp=0x0000000315e1e350 mode 3
Event: 15.705 Thread 0x000000012c93f000 DEOPT PACKING pc=0x000000010bacf490 sp=0x0000000315e1e990
Event: 15.705 Thread 0x000000012c93f000 DEOPT UNPACKING pc=0x000000010b07127c sp=0x0000000315e1e780 mode 3

Classes redefined (0 events):
No events

Internal exceptions (20 events):
Event: 14.288 Thread 0x000000014581b000 Exception <a 'java/lang/ClassNotFoundException'{0x00000006607a35f8}: org/springframework/beans/factory/config/BeanFactoryPostProcessorCustomizer> (0x00000006607a35f8) thrown at [src/hotspot/share/classfile/systemDictionary.cpp, line 230]
Event: 14.289 Thread 0x000000014581b000 Exception <a 'java/lang/ClassNotFoundException'{0x00000006607d1da0}: org/springframework/beans/factory/support/BeanDefinitionRegistryPostProcessorCustomizer> (0x00000006607d1da0) thrown at [src/hotspot/share/classfile/systemDictionary.cpp, line 230]
Event: 14.289 Thread 0x000000014581b000 Exception <a 'java/lang/ClassNotFoundException'{0x00000006607fc100}: org/springframework/beans/factory/config/BeanFactoryPostProcessorCustomizer> (0x00000006607fc100) thrown at [src/hotspot/share/classfile/systemDictionary.cpp, line 230]
Event: 14.289 Thread 0x000000014581b000 Exception <a 'java/lang/ClassNotFoundException'{0x00000006606220d0}: org/springframework/beans/factory/DisposableBeanCustomizer> (0x00000006606220d0) thrown at [src/hotspot/share/classfile/systemDictionary.cpp, line 230]
Event: 14.291 Thread 0x000000014581b000 Exception <a 'java/lang/ClassNotFoundException'{0x0000000660633e48}: java/lang/ObjectCustomizer> (0x0000000660633e48) thrown at [src/hotspot/share/classfile/systemDictionary.cpp, line 230]
Event: 14.291 Thread 0x000000014581b000 Exception <a 'java/lang/ClassNotFoundException'{0x0000000660664220}: org/springframework/cloud/context/properties/ConfigurationPropertiesRebinderCustomizer> (0x0000000660664220) thrown at [src/hotspot/share/classfile/systemDictionary.cpp, line 230]
Event: 14.292 Thread 0x000000014581b000 Exception <a 'java/lang/ClassNotFoundException'{0x0000000660696fe0}: org/springframework/context/ApplicationContextAwareCustomizer> (0x0000000660696fe0) thrown at [src/hotspot/share/classfile/systemDictionary.cpp, line 230]
Event: 14.292 Thread 0x000000014581b000 Exception <a 'java/lang/ClassNotFoundException'{0x00000006606ba5b8}: org/springframework/beans/factory/AwareCustomizer> (0x00000006606ba5b8) thrown at [src/hotspot/share/classfile/systemDictionary.cpp, line 230]
Event: 14.292 Thread 0x000000014581b000 Exception <a 'java/lang/ClassNotFoundException'{0x00000006606de978}: org/springframework/context/ApplicationListenerCustomizer> (0x00000006606de978) thrown at [src/hotspot/share/classfile/systemDictionary.cpp, line 230]
Event: 14.292 Thread 0x000000014581b000 Exception <a 'java/lang/ClassNotFoundException'{0x00000006606e0eb0}: java/util/EventListenerCustomizer> (0x00000006606e0eb0) thrown at [src/hotspot/share/classfile/systemDictionary.cpp, line 230]
Event: 14.295 Thread 0x000000014581b000 Exception <a 'java/lang/ClassNotFoundException'{0x0000000660514758}: java/lang/ObjectCustomizer> (0x0000000660514758) thrown at [src/hotspot/share/classfile/systemDictionary.cpp, line 230]
Event: 14.296 Thread 0x000000014581b000 Exception <a 'java/lang/ClassNotFoundException'{0x000000066053fa10}: org/springframework/jmx/export/metadata/AbstractJmxAttributeCustomizer> (0x000000066053fa10) thrown at [src/hotspot/share/classfile/systemDictionary.cpp, line 230]
Event: 14.296 Thread 0x000000014581b000 Exception <a 'java/lang/ClassNotFoundException'{0x0000000660569690}: org/springframework/jmx/export/metadata/ManagedAttributeCustomizer> (0x0000000660569690) thrown at [src/hotspot/share/classfile/systemDictionary.cpp, line 230]
Event: 14.685 Thread 0x0000000145fff800 Exception <a 'java/net/UnknownHostException'{0x0000000662300340}> (0x0000000662300340) thrown at [src/hotspot/share/prims/jni.cpp, line 638]
Event: 14.769 Thread 0x000000014581b000 Exception <a 'java/lang/NoSuchMethodError'{0x000000065c844650}: 'void java.lang.invoke.DirectMethodHandle$Holder.invokeSpecial(java.lang.Object, java.lang.Object, java.lang.Object, java.lang.Object, java.lang.Object, java.lang.Object, java.lang.Object, java.lang.Object)'> (0x000000065c844650) thrown at [src/hotspot/share/interpreter/linkResolver.cpp, line 773]
Event: 14.770 Thread 0x000000014581b000 Exception <a 'java/lang/NoSuchMethodError'{0x000000065c84df58}: 'java.lang.Object java.lang.invoke.Invokers$Holder.linkToTargetMethod(java.lang.Object, java.lang.Object, java.lang.Object, java.lang.Object, java.lang.Object, java.lang.Object, java.lang.Object)'> (0x000000065c84df58) thrown at [src/hotspot/share/interpreter/linkResolver.cpp, line 773]
Event: 14.984 Thread 0x000000014581b000 Exception <a 'java/lang/NoSuchMethodError'{0x000000065bdf90c0}: 'java.lang.Object java.lang.invoke.DirectMethodHandle$Holder.invokeStatic(java.lang.Object, java.lang.Object, java.lang.Object, int)'> (0x000000065bdf90c0) thrown at [src/hotspot/share/interpreter/linkResolver.cpp, line 773]
Event: 14.984 Thread 0x000000014581b000 Exception <a 'java/lang/NoSuchMethodError'{0x000000065bdfca88}: 'java.lang.Object java.lang.invoke.DirectMethodHandle$Holder.invokeSpecial(java.lang.Object, java.lang.Object, java.lang.Object, java.lang.Object, int)'> (0x000000065bdfca88) thrown at [src/hotspot/share/interpreter/linkResolver.cpp, line 773]
Event: 14.984 Thread 0x000000014581b000 Exception <a 'java/lang/NoSuchMethodError'{0x000000065bdffaf0}: 'java.lang.Object java.lang.invoke.Invokers$Holder.linkToTargetMethod(java.lang.Object, java.lang.Object, int, java.lang.Object)'> (0x000000065bdffaf0) thrown at [src/hotspot/share/interpreter/linkResolver.cpp, line 773]
Event: 14.984 Thread 0x000000014581b000 Exception <a 'java/lang/NoSuchMethodError'{0x000000065bc065a8}: 'java.lang.Object java.lang.invoke.Invokers$Holder.linkToTargetMethod(java.lang.Object, int, java.lang.Object)'> (0x000000065bc065a8) thrown at [src/hotspot/share/interpreter/linkResolver.cpp, line 773]

Events (20 events):
Event: 15.704 Executing VM operation: RevokeBias
Event: 15.705 Executing VM operation: RevokeBias done
Event: 15.706 loading class com/fasterxml/jackson/databind/ser/impl/PropertySerializerMap$TypeAndSerializer
Event: 15.706 loading class com/fasterxml/jackson/databind/ser/impl/PropertySerializerMap$TypeAndSerializer done
Event: 15.706 loading class com/fasterxml/jackson/databind/ser/impl/PropertySerializerMap$Multi
Event: 15.706 loading class com/fasterxml/jackson/databind/ser/impl/PropertySerializerMap$Multi done
Event: 15.706 loading class com/fasterxml/jackson/databind/util/TokenBuffer$Parser
Event: 15.706 loading class com/fasterxml/jackson/databind/util/TokenBuffer$Parser done
Event: 15.707 loading class com/fasterxml/jackson/databind/util/TokenBufferReadContext
Event: 15.707 loading class com/fasterxml/jackson/databind/util/TokenBufferReadContext done
Event: 15.707 loading class reactor/core/publisher/BlockingMonoSubscriber
Event: 15.707 loading class reactor/core/publisher/BlockingMonoSubscriber done
Event: 15.708 loading class com/fasterxml/jackson/databind/JsonDeserializer$None
Event: 15.708 loading class com/fasterxml/jackson/databind/JsonDeserializer$None done
Event: 15.708 loading class com/fasterxml/jackson/databind/KeyDeserializer$None
Event: 15.708 loading class com/fasterxml/jackson/databind/KeyDeserializer$None done
Event: 15.708 loading class com/fasterxml/jackson/databind/deser/std/UntypedObjectDeserializer
Event: 15.708 loading class com/fasterxml/jackson/databind/deser/std/UntypedObjectDeserializer done
Event: 15.709 loading class reactor/core/publisher/BlockingSingleSubscriber
Event: 15.709 loading class reactor/core/publisher/BlockingSingleSubscriber done


Dynamic libraries:
0x0000000100e98000 	/opt/homebrew/Cellar/openjdk@11/11.0.25/libexec/openjdk.jdk/Contents/Home/lib/jli/libjli.dylib
0x00000001ad551000 	/System/Library/Frameworks/Cocoa.framework/Versions/A/Cocoa
0x0000000195487000 	/System/Library/Frameworks/AppKit.framework/Versions/C/AppKit
0x000000019873f000 	/System/Library/Frameworks/CoreData.framework/Versions/A/CoreData
0x0000000192ac1000 	/System/Library/Frameworks/Foundation.framework/Versions/C/Foundation
0x000000019f445000 	/usr/lib/libSystem.B.dylib
0x00000001968c4000 	/System/Library/PrivateFrameworks/UIFoundation.framework/Versions/A/UIFoundation
0x000000023a5bf000 	/System/Library/PrivateFrameworks/CollectionViewCore.framework/Versions/A/CollectionViewCore
0x00000001a66d1000 	/System/Library/PrivateFrameworks/RemoteViewServices.framework/Versions/A/RemoteViewServices
0x000000019d0cb000 	/System/Library/PrivateFrameworks/XCTTargetBootstrap.framework/Versions/A/XCTTargetBootstrap
0x00000001a1b2b000 	/System/Library/PrivateFrameworks/InternationalSupport.framework/Versions/A/InternationalSupport
0x00000001a1b8a000 	/System/Library/PrivateFrameworks/UserActivity.framework/Versions/A/UserActivity
0x0000000265e43000 	/System/Library/PrivateFrameworks/UIIntelligenceSupport.framework/Versions/A/UIIntelligenceSupport
0x0000000230988000 	/System/Library/Frameworks/SwiftUICore.framework/Versions/A/SwiftUICore
0x000000026adf4000 	/System/Library/PrivateFrameworks/WritingTools.framework/Versions/A/WritingTools
0x0000000269e47000 	/System/Library/PrivateFrameworks/WindowManagement.framework/Versions/A/WindowManagement
0x000000019271b000 	/System/Library/Frameworks/SystemConfiguration.framework/Versions/A/SystemConfiguration
0x00000001a0f74000 	/usr/lib/libspindump.dylib
0x0000000196a76000 	/System/Library/Frameworks/UniformTypeIdentifiers.framework/Versions/A/UniformTypeIdentifiers
0x000000019e843000 	/usr/lib/libbsm.0.dylib
0x000000019ab8d000 	/usr/lib/libapp_launch_measurement.dylib
0x0000000199f89000 	/System/Library/PrivateFrameworks/CoreAnalytics.framework/Versions/A/CoreAnalytics
0x000000019ab91000 	/System/Library/PrivateFrameworks/CoreAutoLayout.framework/Versions/A/CoreAutoLayout
0x000000019c714000 	/System/Library/Frameworks/Metal.framework/Versions/A/Metal
0x000000019d912000 	/usr/lib/liblangid.dylib
0x000000019d0d1000 	/System/Library/PrivateFrameworks/CoreSVG.framework/Versions/A/CoreSVG
0x0000000197497000 	/System/Library/PrivateFrameworks/SkyLight.framework/Versions/A/SkyLight
0x00000001979c4000 	/System/Library/Frameworks/CoreGraphics.framework/Versions/A/CoreGraphics
0x00000001a6daa000 	/System/Library/Frameworks/Accelerate.framework/Versions/A/Accelerate
0x00000001a0da6000 	/System/Library/PrivateFrameworks/IconServices.framework/Versions/A/IconServices
0x000000019c6f1000 	/System/Library/Frameworks/IOSurface.framework/Versions/A/IOSurface
0x0000000199fbb000 	/usr/lib/libDiagnosticMessagesClient.dylib
0x000000019f389000 	/usr/lib/libz.1.dylib
0x00000001aac36000 	/System/Library/Frameworks/ApplicationServices.framework/Versions/A/ApplicationServices
0x000000019d0b6000 	/System/Library/PrivateFrameworks/DFRFoundation.framework/Versions/A/DFRFoundation
0x0000000194cf1000 	/usr/lib/libicucore.A.dylib
0x00000001a2ca4000 	/System/Library/Frameworks/AudioToolbox.framework/Versions/A/AudioToolbox
0x00000001a1b3b000 	/System/Library/PrivateFrameworks/DataDetectorsCore.framework/Versions/A/DataDetectorsCore
0x00000001bd1d1000 	/System/Library/PrivateFrameworks/TextInput.framework/Versions/A/TextInput
0x00000001973e3000 	/usr/lib/libMobileGestalt.dylib
0x000000019cdae000 	/System/Library/Frameworks/Carbon.framework/Versions/A/Frameworks/HIToolbox.framework/Versions/A/HIToolbox
0x000000019a48c000 	/System/Library/Frameworks/QuartzCore.framework/Versions/A/QuartzCore
0x00000001948fa000 	/System/Library/Frameworks/Security.framework/Versions/A/Security
0x00000001a670c000 	/System/Library/Frameworks/Carbon.framework/Versions/A/Frameworks/SpeechRecognition.framework/Versions/A/SpeechRecognition
0x000000019a8a6000 	/System/Library/PrivateFrameworks/CoreUI.framework/Versions/A/CoreUI
0x00000001941ae000 	/System/Library/Frameworks/CoreAudio.framework/Versions/A/CoreAudio
0x000000019a0a7000 	/System/Library/Frameworks/DiskArbitration.framework/Versions/A/DiskArbitration
0x00000001a13e7000 	/System/Library/PrivateFrameworks/MultitouchSupport.framework/Versions/A/MultitouchSupport
0x00000001973e1000 	/usr/lib/libenergytrace.dylib
0x00000001b1bb9000 	/System/Library/PrivateFrameworks/RenderBox.framework/Versions/A/RenderBox
0x0000000195337000 	/System/Library/Frameworks/IOKit.framework/Versions/A/IOKit
0x00000001a6b00000 	/System/Library/Frameworks/CoreServices.framework/Versions/A/CoreServices
0x000000019ab1e000 	/System/Library/PrivateFrameworks/PerformanceAnalysis.framework/Versions/A/PerformanceAnalysis
0x00000001ee741000 	/System/Library/Frameworks/OpenGL.framework/Versions/A/OpenGL
0x000000019abdb000 	/usr/lib/libxml2.2.dylib
0x000000019e728000 	/System/Library/PrivateFrameworks/MobileKeyBag.framework/Versions/A/MobileKeyBag
0x000000019148c000 	/usr/lib/libobjc.A.dylib
0x0000000191779000 	/usr/lib/libc++.1.dylib
0x00000001a6a80000 	/System/Library/Frameworks/Accessibility.framework/Versions/A/Accessibility
0x00000001980e3000 	/System/Library/Frameworks/ColorSync.framework/Versions/A/ColorSync
0x00000001918cf000 	/System/Library/Frameworks/CoreFoundation.framework/Versions/A/CoreFoundation
0x000000019d48f000 	/System/Library/Frameworks/CoreImage.framework/Versions/A/CoreImage
0x0000000193f9e000 	/System/Library/Frameworks/CoreText.framework/Versions/A/CoreText
0x00000001efca8000 	/System/Library/Frameworks/CoreTransferable.framework/Versions/A/CoreTransferable
0x00000001f0247000 	/System/Library/Frameworks/DeveloperToolsSupport.framework/Versions/A/DeveloperToolsSupport
0x000000019d10d000 	/System/Library/Frameworks/ImageIO.framework/Versions/A/ImageIO
0x00000002315a2000 	/System/Library/Frameworks/Symbols.framework/Versions/A/Symbols
0x000000019f44a000 	/System/Library/PrivateFrameworks/SoftLinking.framework/Versions/A/SoftLinking
0x00000001cf046000 	/usr/lib/swift/libswiftAccelerate.dylib
0x00000001a2605000 	/usr/lib/swift/libswiftCore.dylib
0x00000001b9952000 	/usr/lib/swift/libswiftCoreFoundation.dylib
0x00000001b99af000 	/usr/lib/swift/libswiftCoreImage.dylib
0x00000001b70fe000 	/usr/lib/swift/libswiftDarwin.dylib
0x00000001a85ba000 	/usr/lib/swift/libswiftDispatch.dylib
0x00000001b99b0000 	/usr/lib/swift/libswiftIOKit.dylib
0x00000001c61dd000 	/usr/lib/swift/libswiftMetal.dylib
0x00000001d44db000 	/usr/lib/swift/libswiftOSLog.dylib
0x00000001ab1a1000 	/usr/lib/swift/libswiftObjectiveC.dylib
0x0000000271fdc000 	/usr/lib/swift/libswiftObservation.dylib
0x00000001cab08000 	/usr/lib/swift/libswiftQuartzCore.dylib
0x00000001cf037000 	/usr/lib/swift/libswiftUniformTypeIdentifiers.dylib
0x00000001b9964000 	/usr/lib/swift/libswiftXPC.dylib
0x00000002720d2000 	/usr/lib/swift/libswift_Builtin_float.dylib
0x00000002720d7000 	/usr/lib/swift/libswift_Concurrency.dylib
0x000000027223f000 	/usr/lib/swift/libswift_StringProcessing.dylib
0x00000002722f2000 	/usr/lib/swift/libswift_errno.dylib
0x00000002722f4000 	/usr/lib/swift/libswift_math.dylib
0x00000002722f7000 	/usr/lib/swift/libswift_signal.dylib
0x00000002722f8000 	/usr/lib/swift/libswift_stdio.dylib
0x00000002722f9000 	/usr/lib/swift/libswift_time.dylib
0x00000001ab1a5000 	/usr/lib/swift/libswiftos.dylib
0x00000001bd128000 	/usr/lib/swift/libswiftsimd.dylib
0x00000002722fa000 	/usr/lib/swift/libswiftsys_time.dylib
0x00000002722fb000 	/usr/lib/swift/libswiftunistd.dylib
0x000000019f5f6000 	/usr/lib/libcompression.dylib
0x00000001a1a83000 	/System/Library/PrivateFrameworks/TextureIO.framework/Versions/A/TextureIO
0x00000001a0a37000 	/usr/lib/libate.dylib
0x000000019f43f000 	/usr/lib/system/libcache.dylib
0x000000019f3f8000 	/usr/lib/system/libcommonCrypto.dylib
0x000000019f425000 	/usr/lib/system/libcompiler_rt.dylib
0x000000019f41a000 	/usr/lib/system/libcopyfile.dylib
0x00000001915cb000 	/usr/lib/system/libcorecrypto.dylib
0x00000001916ad000 	/usr/lib/system/libdispatch.dylib
0x000000019186a000 	/usr/lib/system/libdyld.dylib
0x000000019f435000 	/usr/lib/system/libkeymgr.dylib
0x000000019f3d7000 	/usr/lib/system/libmacho.dylib
0x000000019e81c000 	/usr/lib/system/libquarantine.dylib
0x000000019f432000 	/usr/lib/system/libremovefile.dylib
0x000000019745c000 	/usr/lib/system/libsystem_asl.dylib
0x0000000191560000 	/usr/lib/system/libsystem_blocks.dylib
0x00000001916f7000 	/usr/lib/system/libsystem_c.dylib
0x000000019f429000 	/usr/lib/system/libsystem_collections.dylib
0x000000019d8ff000 	/usr/lib/system/libsystem_configuration.dylib
0x000000019c6c2000 	/usr/lib/system/libsystem_containermanager.dylib
0x000000019ef2b000 	/usr/lib/system/libsystem_coreservices.dylib
0x0000000194fb5000 	/usr/lib/system/libsystem_darwin.dylib
0x000000027243e000 	/usr/lib/system/libsystem_darwindirectory.dylib
0x000000019f436000 	/usr/lib/system/libsystem_dnssd.dylib
0x0000000272442000 	/usr/lib/system/libsystem_eligibility.dylib
0x00000001916f4000 	/usr/lib/system/libsystem_featureflags.dylib
0x000000019189f000 	/usr/lib/system/libsystem_info.dylib
0x000000019f398000 	/usr/lib/system/libsystem_m.dylib
0x000000019166b000 	/usr/lib/system/libsystem_malloc.dylib
0x00000001973c6000 	/usr/lib/system/libsystem_networkextension.dylib
0x0000000195418000 	/usr/lib/system/libsystem_notify.dylib
0x000000019d904000 	/usr/lib/system/libsystem_sandbox.dylib
0x0000000272449000 	/usr/lib/system/libsystem_sanitizers.dylib
0x000000019f42e000 	/usr/lib/system/libsystem_secinit.dylib
0x0000000191822000 	/usr/lib/system/libsystem_kernel.dylib
0x0000000191897000 	/usr/lib/system/libsystem_platform.dylib
0x000000019185d000 	/usr/lib/system/libsystem_pthread.dylib
0x0000000198f65000 	/usr/lib/system/libsystem_symptoms.dylib
0x00000001915af000 	/usr/lib/system/libsystem_trace.dylib
0x000000019f406000 	/usr/lib/system/libunwind.dylib
0x0000000191564000 	/usr/lib/system/libxpc.dylib
0x0000000191807000 	/usr/lib/libc++abi.dylib
0x000000019f412000 	/usr/lib/liboah.dylib
0x00000001952b6000 	/System/Library/PrivateFrameworks/CoreServicesInternal.framework/Versions/A/CoreServicesInternal
0x000000019f447000 	/usr/lib/libfakelink.dylib
0x00000001aa6e7000 	/System/Library/PrivateFrameworks/DiskImages.framework/Versions/A/DiskImages
0x00000001b6c2b000 	/System/Library/Frameworks/NetFS.framework/Versions/A/NetFS
0x0000000196ffd000 	/System/Library/Frameworks/CFNetwork.framework/Versions/A/CFNetwork
0x000000019ab55000 	/System/Library/Frameworks/CoreServices.framework/Versions/A/Frameworks/FSEvents.framework/Versions/A/FSEvents
0x0000000194fc0000 	/System/Library/Frameworks/CoreServices.framework/Versions/A/Frameworks/CarbonCore.framework/Versions/A/CarbonCore
0x000000019a01d000 	/System/Library/Frameworks/CoreServices.framework/Versions/A/Frameworks/Metadata.framework/Versions/A/Metadata
0x000000019ef32000 	/System/Library/Frameworks/CoreServices.framework/Versions/A/Frameworks/OSServices.framework/Versions/A/OSServices
0x000000019f525000 	/System/Library/Frameworks/CoreServices.framework/Versions/A/Frameworks/SearchKit.framework/Versions/A/SearchKit
0x0000000198edf000 	/System/Library/Frameworks/CoreServices.framework/Versions/A/Frameworks/AE.framework/Versions/A/AE
0x0000000191dc4000 	/System/Library/Frameworks/CoreServices.framework/Versions/A/Frameworks/LaunchServices.framework/Versions/A/LaunchServices
0x00000001a0889000 	/System/Library/Frameworks/CoreServices.framework/Versions/A/Frameworks/DictionaryServices.framework/Versions/A/DictionaryServices
0x000000019ab63000 	/System/Library/Frameworks/CoreServices.framework/Versions/A/Frameworks/SharedFileList.framework/Versions/A/SharedFileList
0x000000019f5c0000 	/usr/lib/libapple_nghttp2.dylib
0x0000000198b47000 	/usr/lib/libsqlite3.dylib
0x00000001a3310000 	/System/Library/Frameworks/GSS.framework/Versions/A/GSS
0x0000000198e78000 	/System/Library/PrivateFrameworks/RunningBoardServices.framework/Versions/A/RunningBoardServices
0x0000000198f6e000 	/System/Library/Frameworks/Network.framework/Versions/A/Network
0x000000019f3db000 	/usr/lib/system/libkxld.dylib
0x0000000271410000 	/usr/lib/libCoreEntitlements.dylib
0x000000024fc04000 	/System/Library/PrivateFrameworks/MessageSecurity.framework/Versions/A/MessageSecurity
0x0000000198b2d000 	/System/Library/PrivateFrameworks/ProtocolBuffer.framework/Versions/A/ProtocolBuffer
0x000000019ef13000 	/System/Library/PrivateFrameworks/AppleFSCompression.framework/Versions/A/AppleFSCompression
0x000000019e82b000 	/usr/lib/libcoretls.dylib
0x00000001a0900000 	/usr/lib/libcoretls_cfhelpers.dylib
0x000000019f5f0000 	/usr/lib/libpam.2.dylib
0x00000001a0973000 	/usr/lib/libxar.1.dylib
0x000000019f49c000 	/usr/lib/libarchive.2.dylib
0x00000001a4a01000 	/System/Library/Frameworks/Combine.framework/Versions/A/Combine
0x000000023a5e3000 	/System/Library/PrivateFrameworks/CollectionsInternal.framework/Versions/A/CollectionsInternal
0x0000000257b07000 	/System/Library/PrivateFrameworks/ReflectionInternal.framework/Versions/A/ReflectionInternal
0x000000025879f000 	/System/Library/PrivateFrameworks/RuntimeInternal.framework/Versions/A/RuntimeInternal
0x0000000272059000 	/usr/lib/swift/libswiftSystem.dylib
0x000000019d90d000 	/System/Library/PrivateFrameworks/AppleSystemInfo.framework/Versions/A/AppleSystemInfo
0x00000001b9845000 	/System/Library/PrivateFrameworks/LoggingSupport.framework/Versions/A/LoggingSupport
0x000000019ad65000 	/System/Library/PrivateFrameworks/UserManagement.framework/Versions/A/UserManagement
0x0000000196f32000 	/usr/lib/libboringssl.dylib
0x0000000198f54000 	/usr/lib/libdns_services.dylib
0x00000001b8a34000 	/usr/lib/libquic.dylib
0x00000001a2595000 	/usr/lib/libusrtcp.dylib
0x00000001dbb64000 	/System/Library/PrivateFrameworks/InternalSwiftProtobuf.framework/Versions/A/InternalSwiftProtobuf
0x0000000271fa4000 	/usr/lib/swift/libswiftDistributed.dylib
0x0000000196ffc000 	/usr/lib/libnetwork.dylib
0x000000019f59a000 	/System/Library/PrivateFrameworks/AppleSauce.framework/Versions/A/AppleSauce
0x00000001925b8000 	/System/Library/PrivateFrameworks/Lexicon.framework/Versions/A/Lexicon
0x0000000249a25000 	/System/Library/PrivateFrameworks/IO80211.framework/Versions/A/IO80211
0x00000001a8859000 	/System/Library/PrivateFrameworks/FrontBoardServices.framework/Versions/A/FrontBoardServices
0x000000019e753000 	/System/Library/Frameworks/SecurityFoundation.framework/Versions/A/SecurityFoundation
0x000000019da34000 	/System/Library/PrivateFrameworks/LinguisticData.framework/Versions/A/LinguisticData
0x000000019e527000 	/System/Library/PrivateFrameworks/IOMobileFramebuffer.framework/Versions/A/IOMobileFramebuffer
0x0000000198d93000 	/System/Library/PrivateFrameworks/BaseBoard.framework/Versions/A/BaseBoard
0x00000001a8925000 	/System/Library/PrivateFrameworks/BoardServices.framework/Versions/A/BoardServices
0x000000019e745000 	/System/Library/PrivateFrameworks/AssertionServices.framework/Versions/A/AssertionServices
0x00000001aa523000 	/System/Library/PrivateFrameworks/BackBoardServices.framework/Versions/A/BackBoardServices
0x000000019cb21000 	/System/Library/PrivateFrameworks/FontServices.framework/libFontParser.dylib
0x0000000197475000 	/System/Library/PrivateFrameworks/TCC.framework/Versions/A/TCC
0x00000001adfc8000 	/System/Library/PrivateFrameworks/IOSurfaceAccelerator.framework/Versions/A/IOSurfaceAccelerator
0x00000001a13e5000 	/System/Library/PrivateFrameworks/WatchdogClient.framework/Versions/A/WatchdogClient
0x0000000193acb000 	/System/Library/Frameworks/CoreDisplay.framework/Versions/A/CoreDisplay
0x000000019c9b6000 	/System/Library/Frameworks/CoreMedia.framework/Versions/A/CoreMedia
0x000000019c70a000 	/System/Library/PrivateFrameworks/IOAccelerator.framework/Versions/A/IOAccelerator
0x000000019acc5000 	/System/Library/Frameworks/CoreVideo.framework/Versions/A/CoreVideo
0x000000019f5ee000 	/System/Library/Frameworks/MetalPerformanceShaders.framework/Versions/A/MetalPerformanceShaders
0x000000025702f000 	/System/Library/PrivateFrameworks/ProDisplayLibrary.framework/Versions/A/ProDisplayLibrary
0x00000001a142c000 	/System/Library/Frameworks/VideoToolbox.framework/Versions/A/VideoToolbox
0x000000019d90b000 	/System/Library/PrivateFrameworks/AggregateDictionary.framework/Versions/A/AggregateDictionary
0x00000001a0902000 	/System/Library/PrivateFrameworks/APFS.framework/Versions/A/APFS
0x0000000236d6c000 	/System/Library/PrivateFrameworks/AppleKeyStore.framework/Versions/A/AppleKeyStore
0x00000001a0982000 	/usr/lib/libutil.dylib
0x00000001a08e1000 	/usr/lib/liblzma.5.dylib
0x000000019a0b0000 	/System/Library/Frameworks/Accelerate.framework/Versions/A/Frameworks/vImage.framework/Versions/A/vImage
0x00000001a6adb000 	/System/Library/Frameworks/Accelerate.framework/Versions/A/Frameworks/vecLib.framework/Versions/A/vecLib
0x00000001a09ba000 	/System/Library/Frameworks/Accelerate.framework/Versions/A/Frameworks/vecLib.framework/Versions/A/libvMisc.dylib
0x0000000192228000 	/System/Library/Frameworks/Accelerate.framework/Versions/A/Frameworks/vecLib.framework/Versions/A/libBLAS.dylib
0x00000001a2eec000 	/System/Library/Frameworks/ApplicationServices.framework/Versions/A/Frameworks/ATS.framework/Versions/A/ATS
0x000000019829b000 	/System/Library/Frameworks/ApplicationServices.framework/Versions/A/Frameworks/HIServices.framework/Versions/A/HIServices
0x00000001a1a0b000 	/System/Library/Frameworks/ApplicationServices.framework/Versions/A/Frameworks/PrintCore.framework/Versions/A/PrintCore
0x00000001a32d8000 	/System/Library/Frameworks/ApplicationServices.framework/Versions/A/Frameworks/QD.framework/Versions/A/QD
0x00000001a32cf000 	/System/Library/Frameworks/ApplicationServices.framework/Versions/A/Frameworks/ColorSyncLegacy.framework/Versions/A/ColorSyncLegacy
0x00000001a2ebe000 	/System/Library/Frameworks/ApplicationServices.framework/Versions/A/Frameworks/SpeechSynthesis.framework/Versions/A/SpeechSynthesis
0x000000019e4f4000 	/System/Library/PrivateFrameworks/CoreEmoji.framework/Versions/A/CoreEmoji
0x0000000241082000 	/System/Library/PrivateFrameworks/FontServices.framework/Versions/A/FontServices
0x00000001a0f1e000 	/System/Library/PrivateFrameworks/OTSVG.framework/Versions/A/OTSVG
0x000000019a854000 	/System/Library/Frameworks/ApplicationServices.framework/Versions/A/Frameworks/ATS.framework/Versions/A/Resources/libFontRegistry.dylib
0x00000001a0f68000 	/System/Library/PrivateFrameworks/FontServices.framework/libhvf.dylib
0x0000000253092000 	/System/Library/PrivateFrameworks/ParsingInternal.framework/Versions/A/ParsingInternal
0x0000000271ffb000 	/usr/lib/swift/libswiftRegexBuilder.dylib
0x0000000272198000 	/usr/lib/swift/libswift_RegexParser.dylib
0x00000001a12ac000 	/System/Library/PrivateFrameworks/AppleJPEG.framework/Versions/A/AppleJPEG
0x00000001a0d33000 	/usr/lib/libexpat.1.dylib
0x00000001a18e0000 	/System/Library/Frameworks/ImageIO.framework/Versions/A/Resources/libPng.dylib
0x00000001a190b000 	/System/Library/Frameworks/ImageIO.framework/Versions/A/Resources/libTIFF.dylib
0x00000001a19f6000 	/System/Library/Frameworks/ImageIO.framework/Versions/A/Resources/libGIF.dylib
0x00000001a12f2000 	/System/Library/Frameworks/ImageIO.framework/Versions/A/Resources/libJP2.dylib
0x00000001a199c000 	/System/Library/Frameworks/ImageIO.framework/Versions/A/Resources/libJPEG.dylib
0x00000001a1993000 	/System/Library/Frameworks/ImageIO.framework/Versions/A/Resources/libRadiance.dylib
0x0000000245e4a000 	/System/Library/PrivateFrameworks/GPUCompiler.framework/Versions/32023/Libraries/libllvm-flatbuffers.dylib
0x0000000241148000 	/System/Library/PrivateFrameworks/FramePacing.framework/Versions/A/FramePacing
0x00000001ee733000 	/System/Library/Frameworks/OpenGL.framework/Versions/A/Libraries/libCoreFSCache.dylib
0x0000000241cf3000 	/System/Library/PrivateFrameworks/GPUCompiler.framework/Versions/32023/Libraries/libGPUCompilerUtils.dylib
0x0000000241083000 	/System/Library/PrivateFrameworks/FontServices.framework/libXTFontStaticRegistryData.dylib
0x00000001ac2de000 	/System/Library/PrivateFrameworks/ASEProcessing.framework/Versions/A/ASEProcessing
0x00000001d7c71000 	/System/Library/PrivateFrameworks/Symbolication.framework/Versions/A/Symbolication
0x0000000256245000 	/System/Library/PrivateFrameworks/PhotosensitivityProcessing.framework/Versions/A/PhotosensitivityProcessing
0x00000001a0f12000 	/System/Library/PrivateFrameworks/GraphVisualizer.framework/Versions/A/GraphVisualizer
0x00000001ee793000 	/System/Library/Frameworks/OpenGL.framework/Versions/A/Libraries/libGLU.dylib
0x00000001ee755000 	/System/Library/Frameworks/OpenGL.framework/Versions/A/Libraries/libGFXShared.dylib
0x00000001ee926000 	/System/Library/Frameworks/OpenGL.framework/Versions/A/Libraries/libGL.dylib
0x00000001ee75e000 	/System/Library/Frameworks/OpenGL.framework/Versions/A/Libraries/libGLImage.dylib
0x00000001ee752000 	/System/Library/Frameworks/OpenGL.framework/Versions/A/Libraries/libCVMSPluginSupport.dylib
0x00000002715b4000 	/usr/lib/libRosetta.dylib
0x00000001ee73b000 	/System/Library/Frameworks/OpenGL.framework/Versions/A/Libraries/libCoreVMClient.dylib
0x000000019d84d000 	/System/Library/Frameworks/MetalPerformanceShaders.framework/Versions/A/Frameworks/MPSCore.framework/Versions/A/MPSCore
0x000000019ee7f000 	/System/Library/Frameworks/MetalPerformanceShaders.framework/Versions/A/Frameworks/MPSImage.framework/Versions/A/MPSImage
0x000000019e8ce000 	/System/Library/Frameworks/MetalPerformanceShaders.framework/Versions/A/Frameworks/MPSNeuralNetwork.framework/Versions/A/MPSNeuralNetwork
0x000000019ed04000 	/System/Library/Frameworks/MetalPerformanceShaders.framework/Versions/A/Frameworks/MPSMatrix.framework/Versions/A/MPSMatrix
0x000000019eb1c000 	/System/Library/Frameworks/MetalPerformanceShaders.framework/Versions/A/Frameworks/MPSRayIntersector.framework/Versions/A/MPSRayIntersector
0x000000019ed36000 	/System/Library/Frameworks/MetalPerformanceShaders.framework/Versions/A/Frameworks/MPSNDArray.framework/Versions/A/MPSNDArray
0x00000001f250b000 	/System/Library/Frameworks/MetalPerformanceShaders.framework/Versions/A/Frameworks/MPSFunctions.framework/Versions/A/MPSFunctions
0x00000001f24ef000 	/System/Library/Frameworks/MetalPerformanceShaders.framework/Versions/A/Frameworks/MPSBenchmarkLoop.framework/Versions/A/MPSBenchmarkLoop
0x00000001920ac000 	/System/Library/PrivateFrameworks/MetalTools.framework/Versions/A/MetalTools
0x00000001be492000 	/System/Library/PrivateFrameworks/IOAccelMemoryInfo.framework/Versions/A/IOAccelMemoryInfo
0x00000001caf04000 	/System/Library/PrivateFrameworks/kperf.framework/Versions/A/kperf
0x00000001b9929000 	/System/Library/PrivateFrameworks/GPURawCounter.framework/Versions/A/GPURawCounter
0x00000001a8d6c000 	/System/Library/PrivateFrameworks/CoreSymbolication.framework/Versions/A/CoreSymbolication
0x00000001b98c3000 	/System/Library/PrivateFrameworks/MallocStackLogging.framework/Versions/A/MallocStackLogging
0x00000001a0ad1000 	/System/Library/PrivateFrameworks/CrashReporterSupport.framework/Versions/A/CrashReporterSupport
0x00000001a8d26000 	/System/Library/PrivateFrameworks/DebugSymbols.framework/Versions/A/DebugSymbols
0x00000001ca19c000 	/System/Library/PrivateFrameworks/OSAnalytics.framework/Versions/A/OSAnalytics
0x00000001a19c7000 	/System/Library/Frameworks/ApplicationServices.framework/Versions/A/Frameworks/ATSUI.framework/Versions/A/ATSUI
0x00000001a3262000 	/usr/lib/libcups.2.dylib
0x00000001a32fe000 	/System/Library/Frameworks/Kerberos.framework/Versions/A/Kerberos
0x00000001a2f6b000 	/usr/lib/libresolv.9.dylib
0x000000019f481000 	/usr/lib/libiconv.2.dylib
0x00000001a0f7b000 	/System/Library/PrivateFrameworks/Heimdal.framework/Versions/A/Heimdal
0x00000001ab0fc000 	/System/Library/Frameworks/Kerberos.framework/Versions/A/Libraries/libHeimdalProxy.dylib
0x00000001a0d4e000 	/usr/lib/libheimdal-asn1.dylib
0x000000019ab28000 	/System/Library/Frameworks/OpenDirectory.framework/Versions/A/OpenDirectory
0x00000001a336b000 	/System/Library/PrivateFrameworks/CommonAuth.framework/Versions/A/CommonAuth
0x000000019ab36000 	/System/Library/Frameworks/OpenDirectory.framework/Versions/A/Frameworks/CFOpenDirectory.framework/Versions/A/CFOpenDirectory
0x000000019f3d6000 	/usr/lib/libcharset.1.dylib
0x00000001eecc6000 	/System/Library/Frameworks/AVFAudio.framework/Versions/A/AVFAudio
0x00000001b3a7f000 	/System/Library/PrivateFrameworks/AXCoreUtilities.framework/Versions/A/AXCoreUtilities
0x000000024c844000 	/System/Library/PrivateFrameworks/IsolatedCoreAudioClient.framework/Versions/A/IsolatedCoreAudioClient
0x00000001a2ea5000 	/usr/lib/libAudioStatistics.dylib
0x000000019c98e000 	/System/Library/PrivateFrameworks/caulk.framework/Versions/A/caulk
0x0000000193bec000 	/System/Library/PrivateFrameworks/AudioToolboxCore.framework/Versions/A/AudioToolboxCore
0x00000001ad388000 	/System/Library/Frameworks/CoreMIDI.framework/Versions/A/CoreMIDI
0x00000001a2e48000 	/System/Library/PrivateFrameworks/AudioSession.framework/Versions/A/AudioSession
0x00000001a4771000 	/System/Library/Frameworks/IOBluetooth.framework/Versions/A/IOBluetooth
0x00000001a0e38000 	/System/Library/PrivateFrameworks/MediaExperience.framework/Versions/A/MediaExperience
0x0000000264090000 	/System/Library/PrivateFrameworks/Tightbeam.framework/Versions/A/Tightbeam
0x00000001cf70a000 	/System/Library/PrivateFrameworks/AFKUser.framework/Versions/A/AFKUser
0x00000001a0f5e000 	/System/Library/PrivateFrameworks/AppServerSupport.framework/Versions/A/AppServerSupport
0x00000001a32e2000 	/System/Library/PrivateFrameworks/perfdata.framework/Versions/A/perfdata
0x00000001b8b2b000 	/System/Library/PrivateFrameworks/SystemPolicy.framework/Versions/A/SystemPolicy
0x00000001a3181000 	/usr/lib/libSMC.dylib
0x00000001a18aa000 	/usr/lib/libAudioToolboxUtility.dylib
0x00000001a32f0000 	/usr/lib/libperfcheck.dylib
0x0000000237351000 	/System/Library/PrivateFrameworks/AudioAnalytics.framework/Versions/A/AudioAnalytics
0x00000001e2c96000 	/System/Library/PrivateFrameworks/FeatureFlags.framework/Versions/A/FeatureFlags
0x00000001db930000 	/System/Library/Frameworks/OSLog.framework/Versions/A/OSLog
0x000000019ef1f000 	/usr/lib/libbz2.1.0.dylib
0x00000001b98f5000 	/usr/lib/libmis.dylib
0x00000001a2c5b000 	/System/Library/PrivateFrameworks/AudioSession.framework/libSessionUtility.dylib
0x00000001a19fc000 	/System/Library/PrivateFrameworks/CMCaptureCore.framework/Versions/A/CMCaptureCore
0x00000001f0396000 	/System/Library/Frameworks/ExtensionFoundation.framework/Versions/A/ExtensionFoundation
0x00000001a8e80000 	/System/Library/PrivateFrameworks/CoreTime.framework/Versions/A/CoreTime
0x00000001a0c30000 	/System/Library/PrivateFrameworks/PlugInKit.framework/Versions/A/PlugInKit
0x00000001a7ab5000 	/System/Library/PrivateFrameworks/PowerLog.framework/Versions/A/PowerLog
0x00000001a79c4000 	/System/Library/Frameworks/CoreBluetooth.framework/Versions/A/CoreBluetooth
0x00000001ab0fd000 	/System/Library/Frameworks/AudioUnit.framework/Versions/A/AudioUnit
0x000000019e5b7000 	/System/Library/PrivateFrameworks/CoreUtils.framework/Versions/A/CoreUtils
0x000000023df4a000 	/System/Library/PrivateFrameworks/CoreUtilsExtras.framework/Versions/A/CoreUtilsExtras
0x00000001a6df9000 	/System/Library/Frameworks/MediaAccessibility.framework/Versions/A/MediaAccessibility
0x00000001c1d49000 	/System/Library/PrivateFrameworks/AttributeGraph.framework/Versions/A/AttributeGraph
0x0000000271254000 	/usr/lib/libAXSafeCategoryBundle.dylib
0x00000001b3b3c000 	/usr/lib/libAccessibility.dylib
0x000000019e401000 	/System/Library/Frameworks/Accelerate.framework/Versions/A/Frameworks/vecLib.framework/Versions/A/libvDSP.dylib
0x000000019f6cc000 	/System/Library/Frameworks/Accelerate.framework/Versions/A/Frameworks/vecLib.framework/Versions/A/libLAPACK.dylib
0x000000019e8b9000 	/System/Library/Frameworks/Accelerate.framework/Versions/A/Frameworks/vecLib.framework/Versions/A/libLinearAlgebra.dylib
0x000000019f5db000 	/System/Library/Frameworks/Accelerate.framework/Versions/A/Frameworks/vecLib.framework/Versions/A/libSparseBLAS.dylib
0x000000019f6c7000 	/System/Library/Frameworks/Accelerate.framework/Versions/A/Frameworks/vecLib.framework/Versions/A/libQuadrature.dylib
0x000000019da3b000 	/System/Library/Frameworks/Accelerate.framework/Versions/A/Frameworks/vecLib.framework/Versions/A/libBNNS.dylib
0x00000001926ba000 	/System/Library/Frameworks/Accelerate.framework/Versions/A/Frameworks/vecLib.framework/Versions/A/libSparse.dylib
0x000000024dda7000 	/System/Library/PrivateFrameworks/MIL.framework/Versions/A/MIL
0x00000001a198e000 	/System/Library/PrivateFrameworks/GPUWrangler.framework/Versions/A/GPUWrangler
0x00000001a196e000 	/System/Library/PrivateFrameworks/IOPresentment.framework/Versions/A/IOPresentment
0x00000001a1996000 	/System/Library/PrivateFrameworks/DSExternalDisplay.framework/Versions/A/DSExternalDisplay
0x00000001dbd3d000 	/System/Library/PrivateFrameworks/HIDDisplay.framework/Versions/A/HIDDisplay
0x00000001b2850000 	/System/Library/PrivateFrameworks/HID.framework/Versions/A/HID
0x00000002678b2000 	/System/Library/PrivateFrameworks/VideoToolboxParavirtualizationSupport.framework/Versions/A/VideoToolboxParavirtualizationSupport
0x00000001a0ce9000 	/System/Library/PrivateFrameworks/AppleVA.framework/Versions/A/AppleVA
0x00000001a89cf000 	/System/Library/PrivateFrameworks/GraphicsServices.framework/Versions/A/GraphicsServices
0x00000001a34d8000 	/System/Library/PrivateFrameworks/CorePhoneNumbers.framework/Versions/A/CorePhoneNumbers
0x00000001a7ba5000 	/System/Library/PrivateFrameworks/MediaKit.framework/Versions/A/MediaKit
0x00000001a7af0000 	/System/Library/Frameworks/DiscRecording.framework/Versions/A/DiscRecording
0x00000001a32c2000 	/System/Library/PrivateFrameworks/NetAuth.framework/Versions/A/NetAuth
0x000000019ad26000 	/System/Library/PrivateFrameworks/login.framework/Versions/A/Frameworks/loginsupport.framework/Versions/A/loginsupport
0x00000001a0d59000 	/System/Library/PrivateFrameworks/IconFoundation.framework/Versions/A/IconFoundation
0x00000001a0ac8000 	/usr/lib/libIOReport.dylib
0x0000000236f6c000 	/System/Library/PrivateFrameworks/AppleMobileFileIntegrity.framework/Versions/A/AppleMobileFileIntegrity
0x00000002715fa000 	/usr/lib/libTLE.dylib
0x00000001eb6a1000 	/System/Library/PrivateFrameworks/ConfigProfileHelper.framework/Versions/A/ConfigProfileHelper
0x000000019e855000 	/usr/lib/libmecab.dylib
0x00000001927af000 	/usr/lib/libCRFSuite.dylib
0x000000019d914000 	/System/Library/PrivateFrameworks/CoreNLP.framework/Versions/A/CoreNLP
0x000000019e8b6000 	/usr/lib/libgermantok.dylib
0x000000019f591000 	/usr/lib/libThaiTokenizer.dylib
0x000000019e81f000 	/usr/lib/libCheckFix.dylib
0x0000000199fbd000 	/System/Library/PrivateFrameworks/MetadataUtilities.framework/Versions/A/MetadataUtilities
0x0000000249c6e000 	/System/Library/PrivateFrameworks/InstalledContentLibrary.framework/Versions/A/InstalledContentLibrary
0x00000001952f6000 	/System/Library/PrivateFrameworks/CoreServicesStore.framework/Versions/A/CoreServicesStore
0x00000001cb010000 	/System/Library/PrivateFrameworks/MobileSystemServices.framework/Versions/A/MobileSystemServices
0x00000001a0986000 	/usr/lib/libxslt.1.dylib
0x000000019e7e1000 	/System/Library/PrivateFrameworks/BackgroundTaskManagement.framework/Versions/A/BackgroundTaskManagement
0x00000001aa8a9000 	/usr/lib/libcurl.4.dylib
0x0000000271833000 	/usr/lib/libcrypto.46.dylib
0x0000000271d80000 	/usr/lib/libssl.48.dylib
0x00000001aa57d000 	/System/Library/Frameworks/LDAP.framework/Versions/A/LDAP
0x00000001aa5b9000 	/System/Library/PrivateFrameworks/TrustEvaluationAgent.framework/Versions/A/TrustEvaluationAgent
0x00000001a2f84000 	/usr/lib/libsasl2.2.dylib
0x00000001b70fd000 	/usr/lib/swift/libswiftCoreGraphics.dylib
0x00000001a7433000 	/usr/lib/swift/libswiftFoundation.dylib
0x00000001eb158000 	/usr/lib/swift/libswiftSwiftOnoneSupport.dylib
0x00000001d8406000 	/System/Library/PrivateFrameworks/CoreMaterial.framework/Versions/A/CoreMaterial
0x0000000258892000 	/System/Library/PrivateFrameworks/SFSymbols.framework/Versions/A/SFSymbols
0x00000001a66f9000 	/System/Library/PrivateFrameworks/SpeechRecognitionCore.framework/Versions/A/SpeechRecognitionCore
0x0000000101cb4000 	/opt/homebrew/Cellar/openjdk@11/11.0.25/libexec/openjdk.jdk/Contents/Home/lib/server/libjvm.dylib
0x0000000100f00000 	/opt/homebrew/Cellar/openjdk@11/11.0.25/libexec/openjdk.jdk/Contents/Home/lib/libverify.dylib
0x0000000100f50000 	/opt/homebrew/Cellar/openjdk@11/11.0.25/libexec/openjdk.jdk/Contents/Home/lib/libjava.dylib
0x0000000100f18000 	/opt/homebrew/Cellar/openjdk@11/11.0.25/libexec/openjdk.jdk/Contents/Home/lib/libjimage.dylib
0x0000000100f88000 	/opt/homebrew/Cellar/openjdk@11/11.0.25/libexec/openjdk.jdk/Contents/Home/lib/libinstrument.dylib
0x0000000100ffc000 	/opt/homebrew/Cellar/openjdk@11/11.0.25/libexec/openjdk.jdk/Contents/Home/lib/libzip.dylib
0x0000000101034000 	/opt/homebrew/Cellar/openjdk@11/11.0.25/libexec/openjdk.jdk/Contents/Home/lib/libnio.dylib
0x0000000101bcc000 	/opt/homebrew/Cellar/openjdk@11/11.0.25/libexec/openjdk.jdk/Contents/Home/lib/libnet.dylib
0x0000000101014000 	/opt/homebrew/Cellar/openjdk@11/11.0.25/libexec/openjdk.jdk/Contents/Home/lib/libmanagement.dylib
0x0000000101ba8000 	/opt/homebrew/Cellar/openjdk@11/11.0.25/libexec/openjdk.jdk/Contents/Home/lib/libmanagement_ext.dylib
0x0000000101bf0000 	/opt/homebrew/Cellar/openjdk@11/11.0.25/libexec/openjdk.jdk/Contents/Home/lib/libextnet.dylib
0x0000000101c34000 	/opt/homebrew/Cellar/openjdk@11/11.0.25/libexec/openjdk.jdk/Contents/Home/lib/libsunec.dylib


VM Arguments:
jvm_args: -javaagent:/Users/zch/software/skywalking-agent/skywalking-agent.jar -Dskywalking.agent.service_name=anynote-manage -Dskywalking.collector.backend_service=127.0.0.1:11800 -XX:TieredStopAtLevel=1 -Xverify:none -Dspring.output.ansi.enabled=always -Dcom.sun.management.jmxremote -Dspring.jmx.enabled=true -Dspring.liveBeansView.mbeanDomain -Dspring.application.admin.enabled=true -Dmanagement.endpoints.jmx.exposure.include=* -javaagent:/Applications/IntelliJ IDEA.app/Contents/lib/idea_rt.jar=57642:/Applications/IntelliJ IDEA.app/Contents/bin -Dfile.encoding=UTF-8 
java_command: com.anynote.manage.AnyNoteManageApplication
java_class_path (initial): /Users/zch/code/anynote/Anynote-Cloud/anynote-modules/anynote-modules-manage/target/classes:/Users/zch/.m2/repository/net/logstash/logback/logstash-logback-encoder/6.6/logstash-logback-encoder-6.6.jar:/Users/zch/.m2/repository/com/fasterxml/jackson/core/jackson-databind/2.13.4.2/jackson-databind-2.13.4.2.jar:/Users/zch/.m2/repository/com/fasterxml/jackson/core/jackson-annotations/2.13.4/jackson-annotations-2.13.4.jar:/Users/zch/.m2/repository/com/fasterxml/jackson/core/jackson-core/2.13.4/jackson-core-2.13.4.jar:/Users/zch/.m2/repository/com/alibaba/cloud/spring-cloud-starter-alibaba-nacos-discovery/2021.0.4.0/spring-cloud-starter-alibaba-nacos-discovery-2021.0.4.0.jar:/Users/zch/.m2/repository/com/alibaba/cloud/spring-cloud-alibaba-commons/2021.0.4.0/spring-cloud-alibaba-commons-2021.0.4.0.jar:/Users/zch/.m2/repository/com/alibaba/nacos/nacos-client/2.0.4/nacos-client-2.0.4.jar:/Users/zch/.m2/repository/commons-codec/commons-codec/1.15/commons-codec-1.15.jar:/Users/zch/.m2/repository/org/apache/httpcomponents/httpasyncclient/4.1.5/httpasyncclient-4.1.5.jar:/Users/zch/.m2/repository/org/apache/httpcomponents/httpcore/4.4.16/httpcore-4.4.16.jar:/Users/zch/.m2/repository/org/apache/httpcomponents/httpcore-nio/4.4.16/httpcore-nio-4.4.16.jar:/Users/zch/.m2/repository/org/apache/httpcomponents/httpclient/4.5.14/httpclient-4.5.14.jar:/Users/zch/.m2/repository/org/reflections/reflections/0.9.11/reflections-0.9.11.jar:/Users/zch/.m2/repository/com/google/guava/guava/20.0/guava-20.0.jar:/Users/zch/.m2/repository/org/javassist/javassist/3.21.0-GA/javassist-3.21.0-GA.jar:/Users/zch/.m2/repository/io/prometheus/simpleclient/0.15.0/simpleclient-0.15.0.jar:/Users/zch/.m2/repository/io/prometheus/simpleclient_tracer_otel/0.15.0/simpleclient_tracer_otel-0.15.0.jar:/Users/zch/.m2/repository/io/prometheus/simpleclient_tracer_common/0.15.0/simpleclient_tracer_common-0.15.0.jar:/Users/zch/.m2/repository/io/prometheus/simpleclient_tracer_otel_agent/0.15.0/si
Launcher Type: SUN_STANDARD

[Global flags]
     bool BytecodeVerificationLocal                = false                                     {product} {command line}
     bool BytecodeVerificationRemote               = false                                     {product} {command line}
     intx CICompilerCount                          = 4                                         {product} {ergonomic}
     uint ConcGCThreads                            = 2                                         {product} {ergonomic}
     uint G1ConcRefinementThreads                  = 8                                         {product} {ergonomic}
   size_t G1HeapRegionSize                         = 1048576                                   {product} {ergonomic}
    uintx GCDrainStackTargetSize                   = 64                                        {product} {ergonomic}
   size_t InitialHeapSize                          = 402653184                                 {product} {ergonomic}
     bool ManagementServer                         = true                                      {product} {command line}
   size_t MarkStackSize                            = 4194304                                   {product} {ergonomic}
   size_t MaxHeapSize                              = 6442450944                                {product} {ergonomic}
   size_t MaxNewSize                               = 3865051136                                {product} {ergonomic}
   size_t MinHeapDeltaBytes                        = 1048576                                   {product} {ergonomic}
    uintx NonNMethodCodeHeapSize                   = 7549744                                {pd product} {ergonomic}
    uintx NonProfiledCodeHeapSize                  = 244108496                              {pd product} {ergonomic}
    uintx ProfiledCodeHeapSize                     = 0                                      {pd product} {ergonomic}
    uintx ReservedCodeCacheSize                    = 251658240                              {pd product} {ergonomic}
     bool SegmentedCodeCache                       = true                                      {product} {ergonomic}
     intx TieredStopAtLevel                        = 1                                         {product} {command line}
     bool UseCompressedClassPointers               = true                                 {lp64_product} {ergonomic}
     bool UseCompressedOops                        = true                                 {lp64_product} {ergonomic}
     bool UseG1GC                                  = true                                      {product} {ergonomic}

Logging:
Log output configuration:
 #0: stdout all=warning uptime,level,tags
 #1: stderr all=off uptime,level,tags

Environment Variables:
PATH=/Users/zch/.nvm/versions/node/v18.20.4/bin:/Users/zch/miniconda3/bin:/Users/zch/miniconda3/condabin:/Users/zch/software/apache-maven-3.9.9/bin:/opt/homebrew/bin:/opt/homebrew/sbin:/usr/local/bin:/System/Cryptexes/App/usr/bin:/usr/bin:/bin:/usr/sbin:/sbin:/var/run/com.apple.security.cryptexd/codex.system/bootstrap/usr/local/bin:/var/run/com.apple.security.cryptexd/codex.system/bootstrap/usr/bin:/var/run/com.apple.security.cryptexd/codex.system/bootstrap/usr/appleinternal/bin:/Library/Apple/usr/bin:/Users/zch/.cargo/bin:/Users/zch/.lmstudio/bin
SHELL=/bin/zsh
LC_CTYPE=zh_CN.UTF-8
TMPDIR=/var/folders/3k/c0jh496n44v4f8t5jhnw4c900000gn/T/

Signal Handlers:
SIGSEGV: [libjvm.dylib+0x701dd0], sa_mask[0]=11111111011111110111111111111111, sa_flags=SA_ONSTACK|SA_RESTART|SA_SIGINFO
SIGBUS: [libjvm.dylib+0x701dd0], sa_mask[0]=11111111011111110111111111111111, sa_flags=SA_RESTART|SA_SIGINFO
SIGFPE: [libjvm.dylib+0x701dd0], sa_mask[0]=11111111011111110111111111111111, sa_flags=SA_RESTART|SA_SIGINFO
SIGPIPE: [libjvm.dylib+0x56a09c], sa_mask[0]=11111111011111110111111111111111, sa_flags=SA_RESTART|SA_SIGINFO
SIGXFSZ: [libjvm.dylib+0x56a09c], sa_mask[0]=11111111011111110111111111111111, sa_flags=SA_RESTART|SA_SIGINFO
SIGILL: [libjvm.dylib+0x701dd0], sa_mask[0]=11111111011111110111111111111111, sa_flags=SA_RESTART|SA_SIGINFO
SIGUSR2: [libjvm.dylib+0x56a698], sa_mask[0]=00000000000000000000000000000000, sa_flags=SA_RESTART|SA_SIGINFO
SIGHUP: [libjvm.dylib+0x568e30], sa_mask[0]=11111111011111110111111111111111, sa_flags=SA_RESTART|SA_SIGINFO
SIGINT: [libjvm.dylib+0x568e30], sa_mask[0]=11111111011111110111111111111111, sa_flags=SA_RESTART|SA_SIGINFO
SIGTERM: [libjvm.dylib+0x568e30], sa_mask[0]=11111111011111110111111111111111, sa_flags=SA_RESTART|SA_SIGINFO
SIGQUIT: [libjvm.dylib+0x568e30], sa_mask[0]=11111111011111110111111111111111, sa_flags=SA_RESTART|SA_SIGINFO


---------------  S Y S T E M  ---------------

OS:uname:Darwin 24.3.0 Darwin Kernel Version 24.3.0: Thu Jan  2 20:24:23 PST 2025; root:xnu-11215.81.4~3/RELEASE_ARM64_T8122 arm64
OS uptime: 1 days 1:55 hours
rlimit (soft/hard): STACK 8176k/65520k , CORE 0k/infinity , NPROC 4000/6000 , NOFILE 10240/infinity , AS infinity/infinity , CPU infinity/infinity , DATA infinity/infinity , FSIZE infinity/infinity , MEMLOCK infinity/infinity , RSS infinity/infinity
load average:20.53 21.00 27.46

CPU:total 8 (initial active 8) 0x61:0x0:0xfa33415e:0, simd, crc, lse

Memory: 16k page, physical 25165824k(78480k free), swap 12582912k(1651200k free)

vm_info: OpenJDK 64-Bit Server VM (11.0.25+0) for bsd-aarch64 JRE (11.0.25+0), built on Oct 15 2024 22:10:31 by "brew" with clang Homebrew Clang 19.1.1

END.
