#
# A fatal error has been detected by the Java Runtime Environment:
#
#  SIGSEGV (0xb) at pc=0x00000001059ad11c, pid=63853, tid=80387
#
# JRE version: OpenJDK Runtime Environment Homebrew (11.0.25) (build 11.0.25+0)
# Java VM: OpenJDK 64-Bit Server VM Homebrew (11.0.25+0, mixed mode, tiered, compressed oops, g1 gc, bsd-aarch64)
# Problematic frame:
# V  [libjvm.dylib+0x69511c]  ObjectSynchronizer::inflate(Thread*, oopDesc*, ObjectSynchronizer::InflateCause)+0x18c
#
# No core dump will be written. Core dumps have been disabled. To enable core dumping, try "ulimit -c unlimited" before starting Java again
#
# If you would like to submit a bug report, please visit:
#   https://github.com/Homebrew/homebrew-core/issues
#

---------------  S U M M A R Y ------------

Command Line: -XX:TieredStopAtLevel=1 -Xverify:none -Dspring.output.ansi.enabled=always -Dcom.sun.management.jmxremote -Dspring.jmx.enabled=true -Dspring.liveBeansView.mbeanDomain -Dspring.application.admin.enabled=true -Dmanagement.endpoints.jmx.exposure.include=* -javaagent:/Applications/IntelliJ IDEA.app/Contents/lib/idea_rt.jar=58884:/Applications/IntelliJ IDEA.app/Contents/bin -Dfile.encoding=UTF-8 com.anynote.ai.nio.AnyNoteAINioApplication

Host: Mac15,12 arm64 1 MHz, 8 cores, 24G, Darwin 24.3.0
Time: Wed Mar 19 12:01:09 2025 CST elapsed time: 29225.863025 seconds (0d 8h 7m 5s)

---------------  T H R E A D  ---------------

Current thread (0x0000000148d40800):  JavaThread "NettyClientSelector_1" [_thread_in_Java, id=80387, stack(0x000000017f4b0000,0x000000017f6b3000)]

Stack: [0x000000017f4b0000,0x000000017f6b3000],  sp=0x000000017f6b1f60,  free space=2055k
Native frames: (J=compiled Java code, A=aot compiled Java code, j=interpreted, Vv=VM code, C=native code)
V  [libjvm.dylib+0x69511c]  ObjectSynchronizer::inflate(Thread*, oopDesc*, ObjectSynchronizer::InflateCause)+0x18c
V  [libjvm.dylib+0x694f70]  ObjectSynchronizer::fast_exit(oopDesc*, BasicLock*, Thread*)+0x54
V  [libjvm.dylib+0x5e9130]  SharedRuntime::monitor_exit_helper(oopDesc*, BasicLock*, JavaThread*, bool)+0x44
V  [libjvm.dylib+0x12aa9c]  Runtime1::monitorexit(JavaThread*, BasicObjectLock*)+0x58
v  ~RuntimeStub::monitorexit_nofpu Runtime1 stub
C  0x000000066468aca8

Java frames: (J=compiled Java code, j=interpreted, Vv=VM code)
v  ~RuntimeStub::monitorexit_nofpu Runtime1 stub
J 12390 c1 sun.nio.ch.SocketChannelImpl.kill()V java.base@11.0.25 (41 bytes) @ 0x00000001103ec120 [0x00000001103ebf40+0x00000000000001e0]
J 7585 c1 sun.nio.ch.SelectorImpl.processDeregisterQueue()V java.base@11.0.25 (181 bytes) @ 0x000000010fb4b080 [0x000000010fb4acc0+0x00000000000003c0]
J 9139 c1 sun.nio.ch.KQueueSelectorImpl.doSelect(Ljava/util/function/Consumer;J)I java.base@11.0.25 (211 bytes) @ 0x000000010fe28350 [0x000000010fe28280+0x00000000000000d0]
J 9138 c1 sun.nio.ch.SelectorImpl.lockAndDoSelect(Ljava/util/function/Consumer;J)I java.base@11.0.25 (87 bytes) @ 0x000000010fe277a4 [0x000000010fe27500+0x00000000000002a4]
J 10470 c1 sun.nio.ch.SelectorImpl.select()I java.base@11.0.25 (9 bytes) @ 0x000000011008ab20 [0x000000011008aac0+0x0000000000000060]
J 10469 c1 io.netty.channel.nio.SelectedSelectionKeySetSelector.select()I (15 bytes) @ 0x000000011008a6e4 [0x000000011008a640+0x00000000000000a4]
J 10449 c1 io.netty.channel.nio.NioEventLoop.select(J)I (54 bytes) @ 0x0000000110084ed4 [0x0000000110084d80+0x0000000000000154]
J 14744% c1 io.netty.channel.nio.NioEventLoop.run()V (591 bytes) @ 0x00000001107ad020 [0x00000001107acdc0+0x0000000000000260]
j  io.netty.util.concurrent.SingleThreadEventExecutor$4.run()V+44
j  io.netty.util.internal.ThreadExecutorMap$2.run()V+11
j  java.lang.Thread.run()V+11 java.base@11.0.25
v  ~StubRoutines::call_stub

siginfo: si_signo: 11 (SIGSEGV), si_code: 2 (SEGV_ACCERR), si_addr: 0x0000000000000000

Register to memory mapping:

 x0=0x0 is NULL
 x1=0x000000066468aac8 is an oop: java.lang.Object 
{0x000000066468aac8} - klass: 'java/lang/Object'
 - ---- fields (total size 2 words):
 x2=0x0 is NULL
 x3=0x0000000000000001 is an unknown value
 x4=0x000000000001204c is an unknown value
 x5=0x000000000000000c is an unknown value
 x6=0x0000000105bd0000: _ZN11PSMarkSweep17_accumulated_timeE+0 in /opt/homebrew/Cellar/openjdk@11/11.0.25/libexec/openjdk.jdk/Contents/Home/lib/server/libjvm.dylib at 0x0000000105318000
 x7=0x0000000000000126 is an unknown value
 x8=0x0 is NULL
 x9=0x0000000000001889 is an unknown value
x10=0x0 is NULL
x11=0x00000000066742a9 is an unknown value
x12=0x000000080001aa18 is a pointer to class: 
java.util.concurrent.ConcurrentHashMap$Node {0x000000080001aa18}
 - instance size:     4
 - klass size:        74
 - access:            synchronized 
 - state:             fully_initialized
 - name:              'java/util/concurrent/ConcurrentHashMap$Node'
 - super:             'java/lang/Object'
 - sub:               'java/util/concurrent/ConcurrentHashMap$TreeBin'   'java/util/concurrent/ConcurrentHashMap$TreeNode'   'java/util/concurrent/ConcurrentHashMap$ForwardingNode'   'java/util/concurrent/ConcurrentHashMap$ReservationNode'   (0 more klasses...)
 - arrays:            'java/util/concurrent/ConcurrentHashMap$Node'[]
 - methods:           Array<T>(0x0000000126fddd00)
 - method ordering:   Array<T>(0x0000000126ea0058)
 - default_methods:   Array<T>(0x0000000000000000)
 - local interfaces:  Array<T>(0x0000000126fdca30)
 - trans. interfaces: Array<T>(0x0000000126fdca30)
 - constants:         constant pool [97] {0x0000000126fdc6a8} for 'java/util/concurrent/ConcurrentHashMap$Node' cache=0x0000000126ff4fe8
 - class loader data:  loader data: 0x00006000037a0500 of 'bootstrap'
 - host class:        
[error occurred during error reporting (printing register info), id 0xb, SIGSEGV (0xb) at pc=0x000000010562e688]

Registers:
 x0=0x0000000000000000  x1=0x000000066468aac8  x2=0x0000000000000000  x3=0x0000000000000001
 x4=0x000000000001204c  x5=0x000000000000000c  x6=0x0000000105bd0000  x7=0x0000000000000126
 x8=0x0000000000000000  x9=0x0000000000001889 x10=0x0000000000000000 x11=0x00000000066742a9
x12=0x000000080001aa18 x13=0x000000080001aa18 x14=0x0000000664663ee8 x15=0x0000000800016338
x16=0x0000000000000020 x17=0x0000600000987db0 x18=0x0000000000000000 x19=0x0000000000000000
x20=0x000000066468aac8 x21=0x0000000136895c80 x22=0x0000000148d40800 x23=0x0000000000000000
x24=0x0000000105ba3a84 x25=0x0000000000000000 x26=0x000000014b2a43f8 x27=0x0000000000000000
x28=0x0000000148d40800  fp=0x000000017f6b2010  lr=0x00000001059ad118  sp=0x000000017f6b1f60
pc=0x00000001059ad11c cpsr=0x0000000060001000
Top of Stack: (sp=0x000000017f6b1f60)
0x000000017f6b1f60:   00000006428887d0 0000000664663e90
0x000000017f6b1f70:   000000014b2a43f8 000000017f6b1fd0
0x000000017f6b1f80:   00000006429a9e28 000000010fe87598
0x000000017f6b1f90:   000000017f6b28d0 00000001100164cc
0x000000017f6b1fa0:   0000000000000000 0000000000000000
0x000000017f6b1fb0:   0000000000000000 0000000148d40800
0x000000017f6b1fc0:   000000017f6b28d0 000000010f07d730
0x000000017f6b1fd0:   000000014b2a43f8 000000000000000a
0x000000017f6b1fe0:   000000017f6b1f50 0000000000000000
0x000000017f6b1ff0:   0000000148d40800 0000000000000001
0x000000017f6b2000:   000000066468aac8 0000000148d40800
0x000000017f6b2010:   000000017f6b2030 00000001059acf70
0x000000017f6b2020:   000000066468aac8 000000017f6b22d8
0x000000017f6b2030:   000000017f6b2070 0000000105901130
0x000000017f6b2040:   0000000148d40800 0000000148d40800
0x000000017f6b2050:   0000000148d40800 0000000000000001
0x000000017f6b2060:   000000017f6b22d8 0000000148d40800
0x000000017f6b2070:   000000017f6b20a0 0000000105442a9c
0x000000017f6b2080:   000000014b29739c 0000000105bd66f0
0x000000017f6b2090:   000000017f6b1f60 0000000664663f28
0x000000017f6b20a0:   000000017f6b22a0 000000010e78a9f8
0x000000017f6b20b0:   00000006429a9e48 0000000148d40800
0x000000017f6b20c0:   000000017f6b1f50 0000000000000000
0x000000017f6b20d0:   000000014b29739c 0000000105bd66f0
0x000000017f6b20e0:   000000017f6b1f60 0000000664663f28
0x000000017f6b20f0:   000000017f6b2150 000000010edebfbc
0x000000017f6b2100:   0000000664662f98 000000010fb0637c
0x000000017f6b2110:   00000006429a9d10 0000000664663f30
0x000000017f6b2120:   0000000000000001 0000000148d40800
0x000000017f6b2130:   000000017f6b21f0 000000064370e830
0x000000017f6b2140:   0000000664663f30 0000000664663f30
0x000000017f6b2150:   000000017f6b28d0 000000010f51eacc 

Instructions: (pc=0x00000001059ad11c)
0x00000001059ad01c:   1f 30 00 f9 1f 44 00 f9 1f 28 00 f9 79 03 00 b4
0x00000001059ad02c:   b7 02 00 f9 bf 22 00 f9 bf 2a 00 f9 b4 06 00 f9
0x00000001059ad03c:   bf 2a 00 f9 bf 3a 00 f9 08 03 40 b9 a8 7e 00 b9
0x00000001059ad04c:   a9 02 7f b2 bf 3b 03 d5 e8 03 17 aa 89 7e a8 c8
0x00000001059ad05c:   bf 3b 03 d5 1f 01 17 eb 60 08 00 54 ff 02 08 eb
0x00000001059ad06c:   20 08 00 54 bf 06 00 f9 bf 22 00 f9 bf 2a 00 f9
0x00000001059ad07c:   bf 36 00 f9 bf 2e 00 f9 bf 32 00 f9 bf 46 00 f9
0x00000001059ad08c:   bf 2a 00 f9 0d 00 00 14 bf 3a 00 f9 bf 2a 00 f9
0x00000001059ad09c:   08 03 40 b9 a8 7e 00 b9 bf 3b 03 d5 e8 03 17 aa
0x00000001059ad0ac:   9f 7e a8 c8 bf 3b 03 d5 1f 01 17 eb c0 02 00 54
0x00000001059ad0bc:   ff 02 08 eb 80 02 00 54 e0 03 16 aa e1 03 15 aa
0x00000001059ad0cc:   22 00 80 52 9c 05 00 94 97 02 40 f9 e0 03 17 aa
0x00000001059ad0dc:   81 b9 ed 97 e0 f8 0f 36 e0 03 17 aa 7e b9 ed 97
0x00000001059ad0ec:   15 00 7f d2 e0 03 15 aa fd 7b 4b a9 f4 4f 4a a9
0x00000001059ad0fc:   f6 57 49 a9 f8 5f 48 a9 fa 67 47 a9 ff 03 03 91
0x00000001059ad10c:   c0 03 5f d6 e0 03 17 aa 73 b9 ed 97 08 f8 7e 92
0x00000001059ad11c:   08 01 40 f9 a8 02 00 f9 e0 03 17 aa 6e b9 ed 97
0x00000001059ad12c:   a0 22 00 f9 bf 2a 00 f9 b4 06 00 f9 88 02 40 f9
0x00000001059ad13c:   48 01 00 b4 e0 07 00 90 00 7c 3c 91 e2 07 00 b0
0x00000001059ad14c:   42 10 02 91 03 05 00 90 63 e0 08 91 01 bd 80 52
0x00000001059ad15c:   ce 9d ed 97 28 49 fb 97 a8 02 7f b2 bf 3b 03 d5
0x00000001059ad16c:   88 02 00 f9 08 11 00 d0 08 41 0b 91 08 01 40 f9
0x00000001059ad17c:   48 01 00 b4 09 11 00 d0 29 e1 2b 91 29 01 40 39
0x00000001059ad18c:   3f 05 00 71 a1 00 00 54 08 15 40 f9 09 01 40 f9
0x00000001059ad19c:   29 05 00 91 09 01 00 f9 c8 0f 00 f0 08 e5 43 f9
0x00000001059ad1ac:   28 06 00 b4 c8 10 00 d0 08 e5 37 91 08 01 40 39
0x00000001059ad1bc:   1f 05 00 71 21 01 00 54 89 0a 40 b9 ca 0f 00 f0
0x00000001059ad1cc:   4a 61 2b 91 4b 09 40 b9 4a 01 40 f9 2b 21 cb 9a
0x00000001059ad1dc:   6a 01 0a 8b 03 00 00 14 8a 06 40 f9 e9 03 0a aa
0x00000001059ad1ec:   4a 09 40 b9 5f 05 00 71 eb 03 00 54 80 10 00 d0
0x00000001059ad1fc:   00 80 27 91 0a 00 40 f9 40 01 3f d6 0a 00 40 f9
0x00000001059ad20c:   4a 3d 41 f9 ea 0f 00 f9 40 05 c0 3d e0 03 82 3c 


Stack slot to memory mapping:
stack at sp + 0 slots: 0x00000006428887d0 is an oop: [Ljava.lang.Object; 
{0x00000006428887d0} - klass: 'java/lang/Object'[]
 - length: 1025
stack at sp + 1 slots: 0x0000000664663e90 is an oop: io.netty.channel.AbstractChannel$AbstractUnsafe$7 
{0x0000000664663e90} - klass: 'io/netty/channel/AbstractChannel$AbstractUnsafe$7'
 - ---- fields (total size 3 words):
 - final synthetic 'val$fireChannelInactive' 'Z' @12  false
 - final synthetic 'val$promise' 'Lio/netty/channel/ChannelPromise;' @16  a 'io/netty/channel/VoidChannelPromise'{0x000000066468ab00} (cc8d1560)
 - final synthetic 'this$1' 'Lio/netty/channel/AbstractChannel$AbstractUnsafe;' @20  a 'io/netty/channel/socket/nio/NioSocketChannel$NioSocketChannelUnsafe'{0x000000066468ab98} (cc8d1573)
stack at sp + 2 slots: 0x000000014b2a43f8 is pointing into metadata
stack at sp + 3 slots: 0x000000017f6b1fd0 is pointing into the stack for thread: 0x0000000148d40800
stack at sp + 4 slots: 0x00000006429a9e28 is an oop: java.util.concurrent.locks.ReentrantLock$NonfairSync 
{0x00000006429a9e28} - klass: 'java/util/concurrent/locks/ReentrantLock$NonfairSync'
 - ---- fields (total size 4 words):
 - private transient 'exclusiveOwnerThread' 'Ljava/lang/Thread;' @12  
[error occurred during error reporting (inspecting top of stack), id 0xb, SIGSEGV (0xb) at pc=0x0000000105871918]


---------------  P R O C E S S  ---------------

Threads class SMR info:
_java_thread_list=0x000060000016f720, length=174, elements={
0x0000000148821800, 0x0000000148824800, 0x0000000140980000, 0x0000000140983000,
0x0000000140984000, 0x0000000140984800, 0x0000000149034800, 0x0000000149035800,
0x0000000140b58000, 0x000000014899a800, 0x00000001489a6000, 0x00000001491f2800,
0x00000001487ff000, 0x0000000148a26800, 0x0000000144027800, 0x0000000144028000,
0x0000000149238800, 0x0000000140c9a000, 0x0000000140e19000, 0x000000014402e000,
0x000000014402f800, 0x0000000149278000, 0x000000014402e800, 0x0000000144065000,
0x00000001492c2000, 0x00000001492ef000, 0x0000000144117000, 0x0000000148b58000,
0x00000001442c8000, 0x00000001493fd000, 0x0000000144331800, 0x0000000144048800,
0x000000014941c000, 0x0000000148b7c800, 0x000000014432e000, 0x0000000140e99000,
0x000000014931d000, 0x0000000148b77000, 0x0000000140bef800, 0x0000000144373000,
0x0000000144369800, 0x0000000144389800, 0x000000014438a800, 0x0000000144390000,
0x00000001493cc000, 0x0000000148d3e800, 0x000000014933b800, 0x000000014438e000,
0x0000000149460000, 0x000000014438e800, 0x0000000148d3f800, 0x0000000149453000,
0x00000001493ba800, 0x0000000148d40800, 0x0000000144395000, 0x0000000140c50800,
0x0000000144396000, 0x0000000148d41800, 0x0000000144391000, 0x0000000149427000,
0x0000000149428000, 0x0000000149445800, 0x000000014944b000, 0x000000014944c000,
0x000000014947d800, 0x0000000148d42000, 0x0000000148d45800, 0x000000014947e000,
0x0000000144392800, 0x0000000148d49000, 0x000000014947f000, 0x0000000149480000,
0x0000000144393800, 0x0000000140ee0800, 0x00000001493dd800, 0x0000000149494800,
0x0000000148d70800, 0x0000000149615000, 0x0000000140f68000, 0x0000000148a88000,
0x000000014961a000, 0x00000001486cf000, 0x00000001491b6000, 0x000000014428e000,
0x00000001443a9800, 0x00000001491e4000, 0x0000000148e18000, 0x00000001441b4000,
0x000000014006f000, 0x0000000140dc1000, 0x0000000144439000, 0x0000000144422000,
0x0000000144041800, 0x00000001441ac000, 0x000000014441a800, 0x00000001486cb800,
0x0000000136809000, 0x000000013701b000, 0x000000013606e800, 0x0000000137014800,
0x000000014000b000, 0x0000000136057000, 0x0000000136058000, 0x0000000140057000,
0x0000000136838800, 0x0000000136061800, 0x00000001494c1800, 0x000000014407b000,
0x0000000148a6c800, 0x000000014406c000, 0x00000001492b8000, 0x00000001486cc000,
0x000000014005d800, 0x000000013606d000, 0x000000014005a000, 0x0000000136062800,
0x0000000136066000, 0x0000000140058000, 0x0000000136088000, 0x000000013685b000,
0x0000000136064000, 0x0000000136065000, 0x000000014007d800, 0x000000013682d800,
0x0000000137016800, 0x0000000136855000, 0x0000000137017800, 0x0000000136055800,
0x0000000148a6d800, 0x0000000148a72800, 0x000000013685c000, 0x0000000149499800,
0x0000000148a45800, 0x0000000148a46000, 0x0000000136831800, 0x0000000137016000,
0x0000000140095000, 0x0000000137013000, 0x0000000137018800, 0x0000000140049000,
0x000000014005b000, 0x0000000137042800, 0x000000013609b800, 0x0000000136853000,
0x0000000136854000, 0x0000000140048000, 0x000000014004a000, 0x000000014433a800,
0x000000013685d000, 0x000000014004b000, 0x0000000136099800, 0x0000000136839800,
0x0000000136888000, 0x0000000148d4a000, 0x000000014403a000, 0x0000000136857800,
0x0000000136146000, 0x000000013704b800, 0x0000000137047000, 0x0000000136144000,
0x00000001360a6000, 0x0000000144162000, 0x0000000140f61000, 0x000000013707d800,
0x000000014009d000, 0x0000000136891800, 0x00000001368bd000, 0x00000001368c3000,
0x000000014928b000, 0x00000001491dc000, 0x000000014867b800, 0x00000001491dd000,
0x000000014867c000, 0x0000000148678000
}

Java Threads: ( => current thread )
  0x0000000148821800 JavaThread "Reference Handler" daemon [_thread_blocked, id=21251, stack(0x000000016cafc000,0x000000016ccff000)]
  0x0000000148824800 JavaThread "Finalizer" daemon [_thread_blocked, id=17667, stack(0x000000016cd08000,0x000000016cf0b000)]
  0x0000000140980000 JavaThread "Signal Dispatcher" daemon [_thread_blocked, id=21763, stack(0x000000016d02c000,0x000000016d22f000)]
  0x0000000140983000 JavaThread "Service Thread" daemon [_thread_blocked, id=32003, stack(0x000000016d238000,0x000000016d43b000)]
  0x0000000140984000 JavaThread "C1 CompilerThread0" daemon [_thread_blocked, id=31235, stack(0x000000016d444000,0x000000016d647000)]
  0x0000000140984800 JavaThread "Sweeper thread" daemon [_thread_blocked, id=22275, stack(0x000000016d650000,0x000000016d853000)]
  0x0000000149034800 JavaThread "Common-Cleaner" daemon [_thread_blocked, id=22531, stack(0x000000016d85c000,0x000000016da5f000)]
  0x0000000149035800 JavaThread "Monitor Ctrl-Break" daemon [_thread_in_native, id=30211, stack(0x000000016da68000,0x000000016dc6b000)]
  0x0000000140b58000 JavaThread "RMI TCP Accept-0" daemon [_thread_in_native, id=29699, stack(0x000000016dc74000,0x000000016de77000)]
  0x000000014899a800 JavaThread "logback-2" daemon [_thread_blocked, id=33539, stack(0x000000016fb28000,0x000000016fd2b000)]
  0x00000001489a6000 JavaThread "logback-3" daemon [_thread_blocked, id=41731, stack(0x000000016fd34000,0x000000016ff37000)]
  0x00000001491f2800 JavaThread "logback-4" daemon [_thread_blocked, id=34823, stack(0x0000000178004000,0x0000000178207000)]
  0x00000001487ff000 JavaThread "com.alibaba.nacos.client.identify.watcher.0" daemon [_thread_blocked, id=35075, stack(0x0000000178210000,0x0000000178413000)]
  0x0000000148a26800 JavaThread "com.alibaba.nacos.client.Worker" daemon [_thread_blocked, id=40963, stack(0x000000017841c000,0x000000017861f000)]
  0x0000000144027800 JavaThread "logback-5" daemon [_thread_blocked, id=32779, stack(0x000000016f2f8000,0x000000016f4fb000)]
  0x0000000144028000 JavaThread "logback-appender-Logstash-localhost:5045-2" daemon [_thread_blocked, id=41991, stack(0x000000016f710000,0x000000016f913000)]
  0x0000000149238800 JavaThread "logback-appender-Logstash-localhost:5045-4" daemon [_thread_in_native, id=42759, stack(0x000000016f91c000,0x000000016fb1f000)]
  0x0000000140c9a000 JavaThread "logback-6" daemon [_thread_blocked, id=40455, stack(0x0000000178628000,0x000000017882b000)]
  0x0000000140e19000 JavaThread "logback-7" daemon [_thread_blocked, id=36611, stack(0x0000000178834000,0x0000000178a37000)]
  0x000000014402e000 JavaThread "nacos.publisher-com.alibaba.nacos.common.notify.SlowEvent" daemon [_thread_blocked, id=37123, stack(0x0000000178a40000,0x0000000178c43000)]
  0x000000014402f800 JavaThread "com.alibaba.nacos.client.remote.worker" daemon [_thread_blocked, id=37635, stack(0x0000000178c4c000,0x0000000178e4f000)]
  0x0000000149278000 JavaThread "com.alibaba.nacos.client.remote.worker" daemon [_thread_blocked, id=39427, stack(0x0000000178e58000,0x000000017905b000)]
  0x000000014402e800 JavaThread "grpc-nio-worker-ELG-1-1" daemon [_thread_in_native, id=38659, stack(0x0000000179064000,0x0000000179267000)]
  0x0000000144065000 JavaThread "grpc-nio-worker-ELG-1-2" daemon [_thread_in_native, id=44291, stack(0x000000017947c000,0x000000017967f000)]
  0x00000001492c2000 JavaThread "Attach Listener" daemon [_thread_blocked, id=61955, stack(0x000000017a4dc000,0x000000017a6df000)]
  0x00000001492ef000 JavaThread "RMI Scheduler(0)" daemon [_thread_blocked, id=50179, stack(0x000000017bb60000,0x000000017bd63000)]
  0x0000000144117000 JavaThread "boundedElastic-evictor-1" daemon [_thread_blocked, id=56331, stack(0x000000017bd6c000,0x000000017bf6f000)]
  0x0000000148b58000 JavaThread "lettuce-timer-4-1" daemon [_thread_blocked, id=51223, stack(0x000000017bf78000,0x000000017c17b000)]
  0x00000001442c8000 JavaThread "ClientHouseKeepingService" daemon [_thread_blocked, id=55559, stack(0x000000017c184000,0x000000017c387000)]
  0x00000001493fd000 JavaThread "AsyncAppender-Dispatcher-Thread-14" daemon [_thread_in_Java, id=55299, stack(0x000000017c390000,0x000000017c593000)]
  0x0000000144331800 JavaThread "AsyncAppender-Dispatcher-Thread-15" daemon [_thread_in_Java, id=54531, stack(0x000000017c59c000,0x000000017c79f000)]
  0x0000000144048800 JavaThread "MQClientFactoryScheduledThread" [_thread_blocked, id=54019, stack(0x000000017c7a8000,0x000000017c9ab000)]
  0x000000014941c000 JavaThread "AsyncAppender-Dispatcher-Thread-16" daemon [_thread_blocked, id=52483, stack(0x000000017c9b4000,0x000000017cbb7000)]
  0x0000000148b7c800 JavaThread "PullMessageService" [_thread_blocked, id=53507, stack(0x000000017cbc0000,0x000000017cdc3000)]
  0x000000014432e000 JavaThread "RebalanceService" [_thread_blocked, id=87043, stack(0x000000017cdcc000,0x000000017cfcf000)]
  0x0000000140e99000 JavaThread "RequestHouseKeepingService1" [_thread_blocked, id=66307, stack(0x000000017cfd8000,0x000000017d1db000)]
  0x000000014931d000 JavaThread "NettyClientSelector_1" [_thread_in_native, id=86531, stack(0x000000017d1e4000,0x000000017d3e7000)]
  0x0000000148b77000 JavaThread "NettyClientWorkerThread_1" [_thread_blocked, id=66819, stack(0x000000017d3f0000,0x000000017d5f3000)]
  0x0000000140bef800 JavaThread "spring.cloud.inetutils" daemon [_thread_blocked, id=67331, stack(0x000000017d5fc000,0x000000017d7ff000)]
  0x0000000144373000 JavaThread "ClientHouseKeepingService" daemon [_thread_blocked, id=68103, stack(0x000000017d808000,0x000000017da0b000)]
  0x0000000144369800 JavaThread "MQClientFactoryScheduledThread" [_thread_blocked, id=84995, stack(0x000000017da14000,0x000000017dc17000)]
  0x0000000144389800 JavaThread "CleanExpireMsgScheduledThread_1" [_thread_blocked, id=84739, stack(0x000000017dc20000,0x000000017de23000)]
  0x000000014438a800 JavaThread "PullMessageService" [_thread_blocked, id=83971, stack(0x000000017de2c000,0x000000017e02f000)]
  0x0000000144390000 JavaThread "RebalanceService" [_thread_blocked, id=83459, stack(0x000000017e038000,0x000000017e23b000)]
  0x00000001493cc000 JavaThread "NettyClientSelector_1" [_thread_in_native, id=69123, stack(0x000000017e244000,0x000000017e447000)]
  0x0000000148d3e800 JavaThread "NettyClientWorkerThread_1" [_thread_blocked, id=82435, stack(0x000000017e450000,0x000000017e653000)]
  0x000000014933b800 JavaThread "NettyClientWorkerThread_2" [_thread_blocked, id=70147, stack(0x000000017e65c000,0x000000017e85f000)]
  0x000000014438e000 JavaThread "NettyClientPublicExecutor_1" [_thread_blocked, id=70915, stack(0x000000017e868000,0x000000017ea6b000)]
  0x0000000149460000 JavaThread "ClientHouseKeepingService" daemon [_thread_blocked, id=71427, stack(0x000000017ea74000,0x000000017ec77000)]
  0x000000014438e800 JavaThread "MQClientFactoryScheduledThread" [_thread_blocked, id=71939, stack(0x000000017ec80000,0x000000017ee83000)]
  0x0000000148d3f800 JavaThread "CleanExpireMsgScheduledThread_1" [_thread_blocked, id=81667, stack(0x000000017ee8c000,0x000000017f08f000)]
  0x0000000149453000 JavaThread "PullMessageService" [_thread_blocked, id=72963, stack(0x000000017f098000,0x000000017f29b000)]
  0x00000001493ba800 JavaThread "RebalanceService" [_thread_blocked, id=73475, stack(0x000000017f2a4000,0x000000017f4a7000)]
=>0x0000000148d40800 JavaThread "NettyClientSelector_1" [_thread_in_Java, id=80387, stack(0x000000017f4b0000,0x000000017f6b3000)]
  0x0000000144395000 JavaThread "NettyClientWorkerThread_1" [_thread_blocked, id=79875, stack(0x000000017f6bc000,0x000000017f8bf000)]
  0x0000000140c50800 JavaThread "NettyClientWorkerThread_2" [_thread_blocked, id=74243, stack(0x000000017f8c8000,0x000000017facb000)]
  0x0000000144396000 JavaThread "NettyClientPublicExecutor_1" [_thread_blocked, id=75011, stack(0x000000017fad4000,0x000000017fcd7000)]
  0x0000000148d41800 JavaThread "NettyClientPublicExecutor_2" [_thread_blocked, id=75267, stack(0x000000017fce0000,0x000000017fee3000)]
  0x0000000144391000 JavaThread "PullMessageServiceScheduledThread" [_thread_blocked, id=76035, stack(0x0000000300004000,0x0000000300207000)]
  0x0000000149427000 JavaThread "nacos.publisher-com.alibaba.nacos.client.naming.event.InstancesChangeEvent" daemon [_thread_blocked, id=76803, stack(0x0000000300210000,0x0000000300413000)]
  0x0000000149428000 JavaThread "com.alibaba.nacos.naming.failover" daemon [_thread_blocked, id=77315, stack(0x000000030041c000,0x000000030061f000)]
  0x0000000149445800 JavaThread "com.alibaba.nacos.client.naming.security" daemon [_thread_blocked, id=78339, stack(0x0000000300628000,0x000000030082b000)]
  0x000000014944b000 JavaThread "com.alibaba.nacos.naming.push.receiver" daemon [_thread_in_native, id=87299, stack(0x0000000300834000,0x0000000300a37000)]
  0x000000014944c000 JavaThread "com.alibaba.nacos.client.naming.grpc.redo.0" daemon [_thread_blocked, id=88067, stack(0x0000000300a40000,0x0000000300c43000)]
  0x000000014947d800 JavaThread "com.alibaba.nacos.client.remote.worker" daemon [_thread_blocked, id=130307, stack(0x0000000300c4c000,0x0000000300e4f000)]
  0x0000000148d42000 JavaThread "com.alibaba.nacos.client.remote.worker" daemon [_thread_blocked, id=88323, stack(0x0000000300e58000,0x000000030105b000)]
  0x0000000148d45800 JavaThread "grpc-nio-worker-ELG-1-3" daemon [_thread_in_native, id=129283, stack(0x0000000301064000,0x0000000301267000)]
  0x000000014947e000 JavaThread "grpc-nio-worker-ELG-1-4" daemon [_thread_in_native, id=129027, stack(0x0000000301270000,0x0000000301473000)]
  0x0000000144392800 JavaThread "com.alibaba.nacos.client.naming.updater.0" daemon [_thread_blocked, id=125699, stack(0x00000003020c4000,0x00000003022c7000)]
  0x0000000148d49000 JavaThread "Nacos-Watch-Task-Scheduler-1" [_thread_blocked, id=92675, stack(0x00000003026e8000,0x00000003028eb000)]
  0x000000014947f000 JavaThread "reactor-http-kqueue-1" daemon [_thread_in_native, id=93187, stack(0x00000003028f4000,0x0000000302af7000)]
  0x0000000149480000 JavaThread "server" [_thread_blocked, id=93955, stack(0x0000000302b00000,0x0000000302d03000)]
  0x0000000144393800 JavaThread "DestroyJavaVM" [_thread_blocked, id=3843, stack(0x000000016bca8000,0x000000016beab000)]
  0x0000000140ee0800 JavaThread "mysql-cj-abandoned-connection-cleanup" daemon [_thread_blocked, id=98307, stack(0x0000000304184000,0x0000000304387000)]
  0x00000001493dd800 JavaThread "Druid-ConnectionPool-Create-452640518" daemon [_thread_blocked, id=119811, stack(0x0000000304390000,0x0000000304593000)]
  0x0000000149494800 JavaThread "Druid-ConnectionPool-Destroy-452640518" daemon [_thread_blocked, id=99075, stack(0x000000030459c000,0x000000030479f000)]
  0x0000000148d70800 JavaThread "NettyClientWorkerThread_2" [_thread_blocked, id=99331, stack(0x00000003047a8000,0x00000003049ab000)]
  0x0000000149615000 JavaThread "lettuce-kqueueEventLoop-5-1" daemon [_thread_in_native, id=117763, stack(0x0000000304fd8000,0x00000003051db000)]
  0x0000000140f68000 JavaThread "lettuce-eventExecutorLoop-3-1" daemon [_thread_blocked, id=101383, stack(0x00000003051e4000,0x00000003053e7000)]
  0x0000000148a88000 JavaThread "com.alibaba.nacos.client.naming.updater.1" daemon [_thread_blocked, id=116227, stack(0x0000000305808000,0x0000000305a0b000)]
  0x000000014961a000 JavaThread "reactor-http-kqueue-2" daemon [_thread_in_native, id=115971, stack(0x0000000305a14000,0x0000000305c17000)]
  0x00000001486cf000 JavaThread "lettuce-kqueueEventLoop-5-2" daemon [_thread_in_native, id=115715, stack(0x0000000305c20000,0x0000000305e23000)]
  0x00000001491b6000 JavaThread "lettuce-eventExecutorLoop-3-2" daemon [_thread_blocked, id=103687, stack(0x0000000305e2c000,0x000000030602f000)]
  0x000000014428e000 JavaThread "lettuce-eventExecutorLoop-3-3" daemon [_thread_blocked, id=104451, stack(0x0000000306038000,0x000000030623b000)]
  0x00000001443a9800 JavaThread "lettuce-eventExecutorLoop-3-4" daemon [_thread_blocked, id=104963, stack(0x0000000306244000,0x0000000306447000)]
  0x00000001491e4000 JavaThread "parallel-1" daemon [_thread_blocked, id=113923, stack(0x000000030665c000,0x000000030685f000)]
  0x0000000148e18000 JavaThread "com.alibaba.nacos.client.naming.updater.2" daemon [_thread_blocked, id=105987, stack(0x0000000306868000,0x0000000306a6b000)]
  0x00000001441b4000 JavaThread "pool-11-thread-1" daemon [_thread_blocked, id=107011, stack(0x0000000306e8c000,0x000000030708f000)]
  0x000000014006f000 JavaThread "com.alibaba.nacos.client.naming.updater.3" daemon [_thread_blocked, id=108803, stack(0x00000003076bc000,0x00000003078bf000)]
  0x0000000140dc1000 JavaThread "lettuce-eventExecutorLoop-3-5" daemon [_thread_blocked, id=124935, stack(0x000000017a0c4000,0x000000017a2c7000)]
  0x0000000144439000 JavaThread "reactor-http-kqueue-3" daemon [_thread_in_native, id=94471, stack(0x000000017a2d0000,0x000000017a4d3000)]
  0x0000000144422000 JavaThread "reactor-http-kqueue-4" daemon [_thread_in_native, id=123655, stack(0x000000017a6e8000,0x000000017a8eb000)]
  0x0000000144041800 JavaThread "reactor-http-kqueue-5" daemon [_thread_in_native, id=128263, stack(0x000000017a8f4000,0x000000017aaf7000)]
  0x00000001441ac000 JavaThread "reactor-http-kqueue-6" daemon [_thread_in_native, id=49159, stack(0x000000017ab00000,0x000000017ad03000)]
  0x000000014441a800 JavaThread "reactor-http-kqueue-7" daemon [_thread_in_native, id=48903, stack(0x000000017ad0c000,0x000000017af0f000)]
  0x00000001486cb800 JavaThread "reactor-http-kqueue-8" daemon [_thread_in_native, id=59143, stack(0x000000017af18000,0x000000017b11b000)]
  0x0000000136809000 JavaThread "NettyClientPublicExecutor_3" [_thread_blocked, id=91147, stack(0x0000000301cac000,0x0000000301eaf000)]
  0x000000013701b000 JavaThread "NettyClientPublicExecutor_4" [_thread_blocked, id=111879, stack(0x0000000301eb8000,0x00000003020bb000)]
  0x000000013606e800 JavaThread "NettyClientPublicExecutor_5" [_thread_blocked, id=106503, stack(0x00000003022d0000,0x00000003024d3000)]
  0x0000000137014800 JavaThread "NettyClientPublicExecutor_2" [_thread_blocked, id=100615, stack(0x00000003024dc000,0x00000003026df000)]
  0x000000014000b000 JavaThread "NettyClientPublicExecutor_3" [_thread_blocked, id=100359, stack(0x0000000302d0c000,0x0000000302f0f000)]
  0x0000000136057000 JavaThread "NettyClientPublicExecutor_4" [_thread_blocked, id=122631, stack(0x0000000302f18000,0x000000030311b000)]
  0x0000000136058000 JavaThread "NettyClientPublicExecutor_5" [_thread_blocked, id=122119, stack(0x0000000303124000,0x0000000303327000)]
  0x0000000140057000 JavaThread "NettyClientPublicExecutor_6" [_thread_blocked, id=94727, stack(0x0000000303330000,0x0000000303533000)]
  0x0000000136838800 JavaThread "NettyClientPublicExecutor_6" [_thread_blocked, id=94983, stack(0x000000030353c000,0x000000030373f000)]
  0x0000000136061800 JavaThread "NettyClientPublicExecutor_7" [_thread_blocked, id=48147, stack(0x0000000303748000,0x000000030394b000)]
  0x00000001494c1800 JavaThread "AsyncSenderExecutor_1" [_thread_blocked, id=47623, stack(0x0000000303d6c000,0x0000000303f6f000)]
  0x000000014407b000 JavaThread "NettyClientPublicExecutor_1" [_thread_blocked, id=60423, stack(0x0000000303f78000,0x000000030417b000)]
  0x0000000148a6c800 JavaThread "NettyClientPublicExecutor_7" [_thread_blocked, id=47111, stack(0x00000003049b4000,0x0000000304bb7000)]
  0x000000014406c000 JavaThread "ConsumeMessageThread_ai_chat_group_1" [_thread_blocked, id=47367, stack(0x0000000304bc0000,0x0000000304dc3000)]
  0x00000001492b8000 JavaThread "logback-8" daemon [_thread_blocked, id=46599, stack(0x00000003053f0000,0x00000003055f3000)]
  0x00000001486cc000 JavaThread "logback-9" daemon [_thread_blocked, id=46343, stack(0x00000003055fc000,0x00000003057ff000)]
  0x000000014005d800 JavaThread "logback-10" daemon [_thread_blocked, id=45831, stack(0x0000000306a74000,0x0000000306c77000)]
  0x000000013606d000 JavaThread "logback-11" daemon [_thread_blocked, id=45063, stack(0x0000000306c80000,0x0000000306e83000)]
  0x000000014005a000 JavaThread "logback-12" daemon [_thread_blocked, id=45575, stack(0x0000000307098000,0x000000030729b000)]
  0x0000000136062800 JavaThread "NettyClientPublicExecutor_8" [_thread_blocked, id=44807, stack(0x00000003072a4000,0x00000003074a7000)]
  0x0000000136066000 JavaThread "NettyClientPublicExecutor_8" [_thread_blocked, id=44551, stack(0x00000003074b0000,0x00000003076b3000)]
  0x0000000140058000 JavaThread "logback-13" daemon [_thread_blocked, id=131075, stack(0x00000003078c8000,0x0000000307acb000)]
  0x0000000136088000 JavaThread "logback-14" daemon [_thread_blocked, id=131843, stack(0x0000000307ad4000,0x0000000307cd7000)]
  0x000000013685b000 JavaThread "logback-15" daemon [_thread_blocked, id=174339, stack(0x0000000307ce0000,0x0000000307ee3000)]
  0x0000000136064000 JavaThread "logback-16" daemon [_thread_blocked, id=132611, stack(0x0000000310004000,0x0000000310207000)]
  0x0000000136065000 JavaThread "logback-17" daemon [_thread_blocked, id=133123, stack(0x0000000310210000,0x0000000310413000)]
  0x000000014007d800 JavaThread "logback-18" daemon [_thread_blocked, id=133635, stack(0x000000031041c000,0x000000031061f000)]
  0x000000013682d800 JavaThread "logback-19" daemon [_thread_blocked, id=91659, stack(0x0000000179eb8000,0x000000017a0bb000)]
  0x0000000137016800 JavaThread "logback-20" daemon [_thread_blocked, id=102431, stack(0x000000017b53c000,0x000000017b73f000)]
  0x0000000136855000 JavaThread "logback-21" daemon [_thread_blocked, id=118795, stack(0x000000017b748000,0x000000017b94b000)]
  0x0000000137017800 JavaThread "logback-22" daemon [_thread_blocked, id=112651, stack(0x000000030147c000,0x000000030167f000)]
  0x0000000136055800 JavaThread "logback-23" daemon [_thread_blocked, id=97307, stack(0x0000000301688000,0x000000030188b000)]
  0x0000000148a6d800 JavaThread "logback-24" daemon [_thread_blocked, id=49419, stack(0x0000000301aa0000,0x0000000301ca3000)]
  0x0000000148a72800 JavaThread "logback-25" daemon [_thread_blocked, id=43787, stack(0x0000000303954000,0x0000000303b57000)]
  0x000000013685c000 JavaThread "logback-26" daemon [_thread_blocked, id=90635, stack(0x0000000303b60000,0x0000000303d63000)]
  0x0000000149499800 JavaThread "logback-27" daemon [_thread_blocked, id=90891, stack(0x0000000306450000,0x0000000306653000)]
  0x0000000148a45800 JavaThread "logback-28" daemon [_thread_blocked, id=114183, stack(0x0000000311628000,0x000000031182b000)]
  0x0000000148a46000 JavaThread "logback-29" daemon [_thread_blocked, id=108059, stack(0x0000000312834000,0x0000000312a37000)]
  0x0000000136831800 JavaThread "logback-30" daemon [_thread_blocked, id=121627, stack(0x0000000304dcc000,0x0000000304fcf000)]
  0x0000000137016000 JavaThread "logback-31" daemon [_thread_blocked, id=109875, stack(0x0000000312a40000,0x0000000312c43000)]
  0x0000000140095000 JavaThread "logback-32" daemon [_thread_blocked, id=111135, stack(0x0000000312c4c000,0x0000000312e4f000)]
  0x0000000137013000 JavaThread "logback-34" daemon [_thread_blocked, id=118539, stack(0x0000000313e58000,0x000000031405b000)]
  0x0000000137018800 JavaThread "logback-33" daemon [_thread_blocked, id=117043, stack(0x0000000314064000,0x0000000314267000)]
  0x0000000140049000 JavaThread "logback-35" daemon [_thread_blocked, id=135683, stack(0x0000000314270000,0x0000000314473000)]
  0x000000014005b000 JavaThread "logback-36" daemon [_thread_blocked, id=136195, stack(0x000000031447c000,0x000000031467f000)]
  0x0000000137042800 JavaThread "logback-37" daemon [_thread_blocked, id=169987, stack(0x0000000314688000,0x000000031488b000)]
  0x000000013609b800 JavaThread "logback-38" daemon [_thread_blocked, id=136451, stack(0x0000000314894000,0x0000000314a97000)]
  0x0000000136853000 JavaThread "logback-39" daemon [_thread_blocked, id=136707, stack(0x0000000314aa0000,0x0000000314ca3000)]
  0x0000000136854000 JavaThread "logback-40" daemon [_thread_blocked, id=168451, stack(0x0000000314cac000,0x0000000314eaf000)]
  0x0000000140048000 JavaThread "logback-41" daemon [_thread_blocked, id=137991, stack(0x000000017b954000,0x000000017bb57000)]
  0x000000014004a000 JavaThread "logback-42" daemon [_thread_blocked, id=96779, stack(0x0000000301894000,0x0000000301a97000)]
  0x000000014433a800 JavaThread "logback-43" daemon [_thread_blocked, id=128079, stack(0x0000000314eb8000,0x00000003150bb000)]
  0x000000013685d000 JavaThread "logback-44" daemon [_thread_blocked, id=135451, stack(0x00000003150c4000,0x00000003152c7000)]
  0x000000014004b000 JavaThread "logback-45" daemon [_thread_blocked, id=171547, stack(0x00000003152d0000,0x00000003154d3000)]
  0x0000000136099800 JavaThread "logback-46" daemon [_thread_blocked, id=102171, stack(0x00000003154dc000,0x00000003156df000)]
  0x0000000136839800 JavaThread "logback-47" daemon [_thread_blocked, id=166155, stack(0x00000003158f4000,0x0000000315af7000)]
  0x0000000136888000 JavaThread "PullMessageServiceScheduledThread" [_thread_blocked, id=133987, stack(0x0000000179688000,0x000000017988b000)]
  0x0000000148d4a000 JavaThread "NettyClientWorkerThread_3" [_thread_blocked, id=167987, stack(0x0000000179cac000,0x0000000179eaf000)]
  0x000000014403a000 JavaThread "NettyClientWorkerThread_3" [_thread_blocked, id=141315, stack(0x0000000316330000,0x0000000316533000)]
  0x0000000136857800 JavaThread "NettyClientWorkerThread_4" [_thread_blocked, id=141827, stack(0x000000031653c000,0x000000031673f000)]
  0x0000000136146000 JavaThread "NettyClientWorkerThread_4" [_thread_blocked, id=142339, stack(0x0000000316748000,0x000000031694b000)]
  0x000000013704b800 JavaThread "NettyClientWorkerThread_3" [_thread_blocked, id=139531, stack(0x0000000315f18000,0x000000031611b000)]
  0x0000000137047000 JavaThread "logback-48" daemon [_thread_blocked, id=165907, stack(0x0000000316124000,0x0000000316327000)]
  0x0000000136144000 JavaThread "NettyClientWorkerThread_4" [_thread_blocked, id=140315, stack(0x0000000316954000,0x0000000316b57000)]
  0x00000001360a6000 JavaThread "logback-49" daemon [_thread_blocked, id=162055, stack(0x0000000316b60000,0x0000000316d63000)]
  0x0000000144162000 JavaThread "grpc-nio-worker-ELG-1-5" daemon [_thread_in_native, id=138983, stack(0x00000003156e8000,0x00000003158eb000)]
  0x0000000140f61000 JavaThread "grpc-nio-worker-ELG-1-6" daemon [_thread_in_native, id=139291, stack(0x0000000315d0c000,0x0000000315f0f000)]
  0x000000013707d800 JavaThread "grpc-nio-worker-ELG-1-8" daemon [_thread_in_native, id=140867, stack(0x0000000179270000,0x0000000179473000)]
  0x000000014009d000 JavaThread "grpc-nio-worker-ELG-1-7" daemon [_thread_in_native, id=121995, stack(0x0000000179894000,0x0000000179a97000)]
  0x0000000136891800 JavaThread "grpc-nio-worker-ELG-1-9" daemon [_thread_in_native, id=167307, stack(0x0000000316d6c000,0x0000000316f6f000)]
  0x00000001368bd000 JavaThread "grpc-nio-worker-ELG-1-10" daemon [_thread_in_native, id=144015, stack(0x0000000316f78000,0x000000031717b000)]
  0x00000001368c3000 JavaThread "grpc-nio-worker-ELG-1-11" daemon [_thread_in_native, id=150603, stack(0x0000000317dcc000,0x0000000317fcf000)]
  0x000000014928b000 JavaThread "grpc-nio-worker-ELG-1-12" daemon [_thread_in_native, id=154079, stack(0x0000000318804000,0x0000000318a07000)]
  0x00000001491dc000 JavaThread "grpc-nio-worker-ELG-1-13" daemon [_thread_in_native, id=154119, stack(0x0000000318e28000,0x000000031902b000)]
  0x000000014867b800 JavaThread "nacos-grpc-client-executor-7375" daemon [_thread_blocked, id=155819, stack(0x000000017b124000,0x000000017b327000)]
  0x00000001491dd000 JavaThread "nacos-grpc-client-executor-6825" daemon [_thread_blocked, id=176143, stack(0x0000000179aa0000,0x0000000179ca3000)]
  0x000000014867c000 JavaThread "nacos-grpc-client-executor-6826" daemon [_thread_blocked, id=154467, stack(0x000000017b330000,0x000000017b533000)]
  0x0000000148678000 JavaThread "nacos-grpc-client-executor-7376" daemon [_thread_blocked, id=156563, stack(0x0000000315b00000,0x0000000315d03000)]

Other Threads:
  0x000000014880e800 VMThread "VM Thread" [stack: 0x000000016c8f0000,0x000000016caf3000] [id=16643]
  0x000000014841f800 WatcherThread [stack: 0x000000016de80000,0x000000016e083000] [id=29443]
  0x0000000140818800 GCTaskThread "GC Thread#0" [stack: 0x000000016beb4000,0x000000016c0b7000] [id=12547]
  0x000000013600a000 GCTaskThread "GC Thread#1" [stack: 0x000000016e08c000,0x000000016e28f000] [id=23811]
  0x0000000148701800 GCTaskThread "GC Thread#2" [stack: 0x000000016e298000,0x000000016e49b000] [id=28931]
  0x0000000148702000 GCTaskThread "GC Thread#3" [stack: 0x000000016e4a4000,0x000000016e6a7000] [id=24323]
  0x0000000148703000 GCTaskThread "GC Thread#4" [stack: 0x000000016e6b0000,0x000000016e8b3000] [id=24579]
  0x0000000148703800 GCTaskThread "GC Thread#5" [stack: 0x000000016e8bc000,0x000000016eabf000] [id=27907]
  0x0000000148704800 GCTaskThread "GC Thread#6" [stack: 0x000000016eac8000,0x000000016eccb000] [id=24835]
  0x0000000136046800 GCTaskThread "GC Thread#7" [stack: 0x000000016ecd4000,0x000000016eed7000] [id=25347]
  0x000000014083c000 ConcurrentGCThread "G1 Main Marker" [stack: 0x000000016c0c0000,0x000000016c2c3000] [id=15875]
  0x000000014083d000 ConcurrentGCThread "G1 Conc#0" [stack: 0x000000016c2cc000,0x000000016c4cf000] [id=12803]
  0x0000000148705000 ConcurrentGCThread "G1 Conc#1" [stack: 0x000000016f504000,0x000000016f707000] [id=26119]
  0x000000014091d800 ConcurrentGCThread "G1 Refine#0" [stack: 0x000000016c4d8000,0x000000016c6db000] [id=13059]
  0x000000014892b800 ConcurrentGCThread "G1 Refine#1" [stack: 0x000000016eee0000,0x000000016f0e3000] [id=27395]
  0x0000000140008800 ConcurrentGCThread "G1 Refine#2" [stack: 0x000000016f0ec000,0x000000016f2ef000] [id=25859]
  0x0000000144348800 ConcurrentGCThread "G1 Refine#3" [stack: 0x000000031759c000,0x000000031779f000] [id=160259]
  0x0000000136856000 ConcurrentGCThread "G1 Refine#4" [stack: 0x00000003177a8000,0x00000003179ab000] [id=159747]
  0x000000014091e800 ConcurrentGCThread "G1 Young RemSet Sampling" [stack: 0x000000016c6e4000,0x000000016c8e7000] [id=13315]

Threads with active compile tasks:

VM state:not at safepoint (normal execution)

VM Mutex/Monitor currently owned by a thread: None

Heap address: 0x0000000640000000, size: 6144 MB, Compressed Oops mode: Zero based, Oop shift amount: 3
Narrow klass base: 0x0000000800000000, Narrow klass shift: 0
Compressed class space size: 1073741824 Address: 0x0000000800000000

Heap:
 garbage-first heap   total 673792K, used 166585K [0x0000000640000000, 0x00000007c0000000)
  region size 1024K, 95 young (97280K), 4 survivors (4096K)
 Metaspace       used 105836K, capacity 108955K, committed 109040K, reserved 1144832K
  class space    used 13262K, capacity 14527K, committed 14528K, reserved 1048576K
Heap Regions: E=young(eden), S=young(survivor), O=old, HS=humongous(starts), HC=humongous(continues), CS=collection set, F=free, A=archive, TAMS=top-at-mark-start (previous, next)
|   0|0x0000000640000000, 0x0000000640100000, 0x0000000640100000|100%|HS|  |TAMS 0x0000000640100000, 0x0000000640000000| Complete 
|   1|0x0000000640100000, 0x0000000640200000, 0x0000000640200000|100%| O|  |TAMS 0x0000000640200000, 0x0000000640100000| Untracked 
|   2|0x0000000640200000, 0x0000000640300000, 0x0000000640300000|100%| O|  |TAMS 0x0000000640300000, 0x0000000640200000| Untracked 
|   3|0x0000000640300000, 0x0000000640400000, 0x0000000640400000|100%| O|  |TAMS 0x0000000640400000, 0x0000000640300000| Untracked 
|   4|0x0000000640400000, 0x0000000640500000, 0x0000000640500000|100%| O|  |TAMS 0x0000000640500000, 0x0000000640400000| Untracked 
|   5|0x0000000640500000, 0x0000000640600000, 0x0000000640600000|100%| O|  |TAMS 0x0000000640600000, 0x0000000640500000| Untracked 
|   6|0x0000000640600000, 0x0000000640700000, 0x0000000640700000|100%| O|  |TAMS 0x0000000640700000, 0x0000000640600000| Untracked 
|   7|0x0000000640700000, 0x0000000640800000, 0x0000000640800000|100%| O|  |TAMS 0x0000000640800000, 0x0000000640700000| Untracked 
|   8|0x0000000640800000, 0x0000000640900000, 0x0000000640900000|100%| O|  |TAMS 0x0000000640900000, 0x0000000640800000| Untracked 
|   9|0x0000000640900000, 0x0000000640a00000, 0x0000000640a00000|100%| O|  |TAMS 0x0000000640a00000, 0x0000000640900000| Untracked 
|  10|0x0000000640a00000, 0x0000000640b00000, 0x0000000640b00000|100%| O|  |TAMS 0x0000000640b00000, 0x0000000640a00000| Untracked 
|  11|0x0000000640b00000, 0x0000000640c00000, 0x0000000640c00000|100%| O|  |TAMS 0x0000000640c00000, 0x0000000640b00000| Untracked 
|  12|0x0000000640c00000, 0x0000000640d00000, 0x0000000640d00000|100%| O|  |TAMS 0x0000000640d00000, 0x0000000640c00000| Untracked 
|  13|0x0000000640d00000, 0x0000000640e00000, 0x0000000640e00000|100%| O|  |TAMS 0x0000000640e00000, 0x0000000640d00000| Untracked 
|  14|0x0000000640e00000, 0x0000000640f00000, 0x0000000640f00000|100%| O|  |TAMS 0x0000000640f00000, 0x0000000640e00000| Untracked 
|  15|0x0000000640f00000, 0x0000000641000000, 0x0000000641000000|100%| O|  |TAMS 0x0000000641000000, 0x0000000640f00000| Untracked 
|  16|0x0000000641000000, 0x0000000641100000, 0x0000000641100000|100%| O|  |TAMS 0x0000000641100000, 0x0000000641000000| Untracked 
|  17|0x0000000641100000, 0x0000000641200000, 0x0000000641200000|100%| O|  |TAMS 0x0000000641200000, 0x0000000641100000| Untracked 
|  18|0x0000000641200000, 0x0000000641300000, 0x0000000641300000|100%| O|  |TAMS 0x0000000641300000, 0x0000000641200000| Untracked 
|  19|0x0000000641300000, 0x0000000641400000, 0x0000000641400000|100%| O|  |TAMS 0x0000000641400000, 0x0000000641300000| Untracked 
|  20|0x0000000641400000, 0x0000000641500000, 0x0000000641500000|100%| O|  |TAMS 0x0000000641500000, 0x0000000641400000| Untracked 
|  21|0x0000000641500000, 0x0000000641600000, 0x0000000641600000|100%| O|  |TAMS 0x0000000641600000, 0x0000000641500000| Untracked 
|  22|0x0000000641600000, 0x0000000641700000, 0x0000000641700000|100%| O|  |TAMS 0x0000000641700000, 0x0000000641600000| Untracked 
|  23|0x0000000641700000, 0x0000000641800000, 0x0000000641800000|100%| O|  |TAMS 0x0000000641800000, 0x0000000641700000| Untracked 
|  24|0x0000000641800000, 0x0000000641900000, 0x0000000641900000|100%| O|  |TAMS 0x0000000641900000, 0x0000000641800000| Untracked 
|  25|0x0000000641900000, 0x0000000641a00000, 0x0000000641a00000|100%| O|  |TAMS 0x0000000641a00000, 0x0000000641900000| Untracked 
|  26|0x0000000641a00000, 0x0000000641b00000, 0x0000000641b00000|100%| O|  |TAMS 0x0000000641a99a00, 0x0000000641a00000| Untracked 
|  27|0x0000000641b00000, 0x0000000641c00000, 0x0000000641c00000|100%|HS|  |TAMS 0x0000000641b00000, 0x0000000641b00000| Complete 
|  28|0x0000000641c00000, 0x0000000641d00000, 0x0000000641d00000|100%|HC|  |TAMS 0x0000000641c00000, 0x0000000641c00000| Complete 
|  29|0x0000000641d00000, 0x0000000641e00000, 0x0000000641e00000|100%|HC|  |TAMS 0x0000000641d00000, 0x0000000641d00000| Complete 
|  30|0x0000000641e00000, 0x0000000641f00000, 0x0000000641f00000|100%|HC|  |TAMS 0x0000000641e00000, 0x0000000641e00000| Complete 
|  31|0x0000000641f00000, 0x0000000642000000, 0x0000000642000000|100%|HC|  |TAMS 0x0000000641f00000, 0x0000000641f00000| Complete 
|  32|0x0000000642000000, 0x0000000642100000, 0x0000000642100000|100%| O|  |TAMS 0x0000000642000000, 0x0000000642000000| Untracked 
|  33|0x0000000642100000, 0x0000000642200000, 0x0000000642200000|100%| O|  |TAMS 0x0000000642100000, 0x0000000642100000| Untracked 
|  34|0x0000000642200000, 0x0000000642300000, 0x0000000642300000|100%| O|  |TAMS 0x0000000642200000, 0x0000000642200000| Untracked 
|  35|0x0000000642300000, 0x0000000642400000, 0x0000000642400000|100%| O|  |TAMS 0x0000000642300000, 0x0000000642300000| Untracked 
|  36|0x0000000642400000, 0x0000000642500000, 0x0000000642500000|100%| O|  |TAMS 0x0000000642400000, 0x0000000642400000| Untracked 
|  37|0x0000000642500000, 0x0000000642600000, 0x0000000642600000|100%| O|  |TAMS 0x0000000642500000, 0x0000000642500000| Untracked 
|  38|0x0000000642600000, 0x0000000642700000, 0x0000000642700000|100%| O|  |TAMS 0x0000000642600000, 0x0000000642600000| Untracked 
|  39|0x0000000642700000, 0x0000000642800000, 0x0000000642800000|100%| O|  |TAMS 0x0000000642700000, 0x0000000642700000| Untracked 
|  40|0x0000000642800000, 0x0000000642900000, 0x0000000642900000|100%| O|  |TAMS 0x0000000642800000, 0x0000000642800000| Untracked 
|  41|0x0000000642900000, 0x0000000642a00000, 0x0000000642a00000|100%| O|  |TAMS 0x0000000642900000, 0x0000000642900000| Untracked 
|  42|0x0000000642a00000, 0x0000000642b00000, 0x0000000642b00000|100%| O|  |TAMS 0x0000000642a00000, 0x0000000642a00000| Untracked 
|  43|0x0000000642b00000, 0x0000000642c00000, 0x0000000642c00000|100%| O|  |TAMS 0x0000000642b00000, 0x0000000642b00000| Untracked 
|  44|0x0000000642c00000, 0x0000000642d00000, 0x0000000642d00000|100%| O|  |TAMS 0x0000000642c00000, 0x0000000642c00000| Untracked 
|  45|0x0000000642d00000, 0x0000000642e00000, 0x0000000642e00000|100%| O|  |TAMS 0x0000000642d00000, 0x0000000642d00000| Untracked 
|  46|0x0000000642e00000, 0x0000000642f00000, 0x0000000642f00000|100%| O|  |TAMS 0x0000000642e00000, 0x0000000642e00000| Untracked 
|  47|0x0000000642f00000, 0x0000000643000000, 0x0000000643000000|100%| O|  |TAMS 0x0000000642f00000, 0x0000000642f00000| Untracked 
|  48|0x0000000643000000, 0x0000000643100000, 0x0000000643100000|100%| O|  |TAMS 0x0000000643000000, 0x0000000643000000| Untracked 
|  49|0x0000000643100000, 0x0000000643200000, 0x0000000643200000|100%| O|  |TAMS 0x0000000643100000, 0x0000000643100000| Untracked 
|  50|0x0000000643200000, 0x0000000643300000, 0x0000000643300000|100%| O|  |TAMS 0x0000000643200000, 0x0000000643200000| Untracked 
|  51|0x0000000643300000, 0x0000000643400000, 0x0000000643400000|100%| O|  |TAMS 0x0000000643300000, 0x0000000643300000| Untracked 
|  52|0x0000000643400000, 0x0000000643500000, 0x0000000643500000|100%| O|  |TAMS 0x0000000643400000, 0x0000000643400000| Untracked 
|  53|0x0000000643500000, 0x0000000643600000, 0x0000000643600000|100%| O|  |TAMS 0x0000000643500000, 0x0000000643500000| Untracked 
|  54|0x0000000643600000, 0x0000000643700000, 0x0000000643700000|100%| O|  |TAMS 0x0000000643600000, 0x0000000643600000| Untracked 
|  55|0x0000000643700000, 0x0000000643800000, 0x0000000643800000|100%| O|  |TAMS 0x0000000643700000, 0x0000000643700000| Untracked 
|  56|0x0000000643800000, 0x0000000643900000, 0x0000000643900000|100%| O|  |TAMS 0x0000000643800000, 0x0000000643800000| Untracked 
|  57|0x0000000643900000, 0x0000000643a00000, 0x0000000643a00000|100%| O|  |TAMS 0x0000000643900000, 0x0000000643900000| Untracked 
|  58|0x0000000643a00000, 0x0000000643b00000, 0x0000000643b00000|100%| O|  |TAMS 0x0000000643a00000, 0x0000000643a00000| Untracked 
|  59|0x0000000643b00000, 0x0000000643c00000, 0x0000000643c00000|100%| O|  |TAMS 0x0000000643b00000, 0x0000000643b00000| Untracked 
|  60|0x0000000643c00000, 0x0000000643d00000, 0x0000000643d00000|100%| O|  |TAMS 0x0000000643c00000, 0x0000000643c00000| Untracked 
|  61|0x0000000643d00000, 0x0000000643e00000, 0x0000000643e00000|100%| O|  |TAMS 0x0000000643d00000, 0x0000000643d00000| Untracked 
|  62|0x0000000643e00000, 0x0000000643f00000, 0x0000000643f00000|100%| O|  |TAMS 0x0000000643e00000, 0x0000000643e00000| Untracked 
|  63|0x0000000643f00000, 0x0000000644000000, 0x0000000644000000|100%| O|  |TAMS 0x0000000643f00000, 0x0000000643f00000| Untracked 
|  64|0x0000000644000000, 0x0000000644100000, 0x0000000644100000|100%| O|  |TAMS 0x0000000644000000, 0x0000000644000000| Untracked 
|  65|0x0000000644100000, 0x0000000644200000, 0x0000000644200000|100%| O|  |TAMS 0x0000000644100000, 0x0000000644100000| Untracked 
|  66|0x0000000644200000, 0x0000000644300000, 0x0000000644300000|100%| O|  |TAMS 0x0000000644200000, 0x0000000644200000| Untracked 
|  67|0x0000000644300000, 0x0000000644400000, 0x0000000644400000|100%| O|  |TAMS 0x0000000644300000, 0x0000000644300000| Untracked 
|  68|0x0000000644400000, 0x0000000644500000, 0x0000000644500000|100%| O|  |TAMS 0x0000000644400000, 0x0000000644400000| Untracked 
|  69|0x0000000644500000, 0x0000000644600000, 0x0000000644600000|100%| O|  |TAMS 0x0000000644500000, 0x0000000644500000| Untracked 
|  70|0x0000000644600000, 0x000000064467b200, 0x0000000644700000| 48%| O|  |TAMS 0x0000000644600000, 0x0000000644600000| Untracked 
|  71|0x0000000644700000, 0x0000000644700000, 0x0000000644800000|  0%| F|  |TAMS 0x0000000644700000, 0x0000000644700000| Untracked 
|  72|0x0000000644800000, 0x0000000644800000, 0x0000000644900000|  0%| F|  |TAMS 0x0000000644800000, 0x0000000644800000| Untracked 
|  73|0x0000000644900000, 0x0000000644900000, 0x0000000644a00000|  0%| F|  |TAMS 0x0000000644900000, 0x0000000644900000| Untracked 
|  74|0x0000000644a00000, 0x0000000644a00000, 0x0000000644b00000|  0%| F|  |TAMS 0x0000000644a00000, 0x0000000644a00000| Untracked 
|  75|0x0000000644b00000, 0x0000000644b00000, 0x0000000644c00000|  0%| F|  |TAMS 0x0000000644b00000, 0x0000000644b00000| Untracked 
|  76|0x0000000644c00000, 0x0000000644c00000, 0x0000000644d00000|  0%| F|  |TAMS 0x0000000644c00000, 0x0000000644c00000| Untracked 
|  77|0x0000000644d00000, 0x0000000644d00000, 0x0000000644e00000|  0%| F|  |TAMS 0x0000000644d00000, 0x0000000644d00000| Untracked 
|  78|0x0000000644e00000, 0x0000000644e00000, 0x0000000644f00000|  0%| F|  |TAMS 0x0000000644e00000, 0x0000000644e00000| Untracked 
|  79|0x0000000644f00000, 0x0000000644f00000, 0x0000000645000000|  0%| F|  |TAMS 0x0000000644f00000, 0x0000000644f00000| Untracked 
|  80|0x0000000645000000, 0x0000000645000000, 0x0000000645100000|  0%| F|  |TAMS 0x0000000645000000, 0x0000000645000000| Untracked 
|  81|0x0000000645100000, 0x0000000645100000, 0x0000000645200000|  0%| F|  |TAMS 0x0000000645100000, 0x0000000645100000| Untracked 
|  82|0x0000000645200000, 0x0000000645200000, 0x0000000645300000|  0%| F|  |TAMS 0x0000000645200000, 0x0000000645200000| Untracked 
|  83|0x0000000645300000, 0x0000000645300000, 0x0000000645400000|  0%| F|  |TAMS 0x0000000645300000, 0x0000000645300000| Untracked 
|  84|0x0000000645400000, 0x0000000645400000, 0x0000000645500000|  0%| F|  |TAMS 0x0000000645400000, 0x0000000645400000| Untracked 
|  85|0x0000000645500000, 0x0000000645500000, 0x0000000645600000|  0%| F|  |TAMS 0x0000000645500000, 0x0000000645500000| Untracked 
|  86|0x0000000645600000, 0x0000000645600000, 0x0000000645700000|  0%| F|  |TAMS 0x0000000645600000, 0x0000000645600000| Untracked 
|  87|0x0000000645700000, 0x0000000645700000, 0x0000000645800000|  0%| F|  |TAMS 0x0000000645700000, 0x0000000645700000| Untracked 
|  88|0x0000000645800000, 0x0000000645800000, 0x0000000645900000|  0%| F|  |TAMS 0x0000000645800000, 0x0000000645800000| Untracked 
|  89|0x0000000645900000, 0x0000000645900000, 0x0000000645a00000|  0%| F|  |TAMS 0x0000000645900000, 0x0000000645900000| Untracked 
|  90|0x0000000645a00000, 0x0000000645a00000, 0x0000000645b00000|  0%| F|  |TAMS 0x0000000645a00000, 0x0000000645a00000| Untracked 
|  91|0x0000000645b00000, 0x0000000645b00000, 0x0000000645c00000|  0%| F|  |TAMS 0x0000000645b00000, 0x0000000645b00000| Untracked 
|  92|0x0000000645c00000, 0x0000000645c00000, 0x0000000645d00000|  0%| F|  |TAMS 0x0000000645c00000, 0x0000000645c00000| Untracked 
|  93|0x0000000645d00000, 0x0000000645d00000, 0x0000000645e00000|  0%| F|  |TAMS 0x0000000645d00000, 0x0000000645d00000| Untracked 
|  94|0x0000000645e00000, 0x0000000645e00000, 0x0000000645f00000|  0%| F|  |TAMS 0x0000000645e00000, 0x0000000645e00000| Untracked 
|  95|0x0000000645f00000, 0x0000000645f00000, 0x0000000646000000|  0%| F|  |TAMS 0x0000000645f00000, 0x0000000645f00000| Untracked 
|  96|0x0000000646000000, 0x0000000646000000, 0x0000000646100000|  0%| F|  |TAMS 0x0000000646000000, 0x0000000646000000| Untracked 
|  97|0x0000000646100000, 0x0000000646100000, 0x0000000646200000|  0%| F|  |TAMS 0x0000000646100000, 0x0000000646100000| Untracked 
|  98|0x0000000646200000, 0x0000000646200000, 0x0000000646300000|  0%| F|  |TAMS 0x0000000646200000, 0x0000000646200000| Untracked 
|  99|0x0000000646300000, 0x0000000646300000, 0x0000000646400000|  0%| F|  |TAMS 0x0000000646300000, 0x0000000646300000| Untracked 
| 100|0x0000000646400000, 0x0000000646400000, 0x0000000646500000|  0%| F|  |TAMS 0x0000000646400000, 0x0000000646400000| Untracked 
| 101|0x0000000646500000, 0x0000000646500000, 0x0000000646600000|  0%| F|  |TAMS 0x0000000646500000, 0x0000000646500000| Untracked 
| 102|0x0000000646600000, 0x0000000646600000, 0x0000000646700000|  0%| F|  |TAMS 0x0000000646600000, 0x0000000646600000| Untracked 
| 103|0x0000000646700000, 0x0000000646700000, 0x0000000646800000|  0%| F|  |TAMS 0x0000000646700000, 0x0000000646700000| Untracked 
| 104|0x0000000646800000, 0x0000000646800000, 0x0000000646900000|  0%| F|  |TAMS 0x0000000646800000, 0x0000000646800000| Untracked 
| 105|0x0000000646900000, 0x0000000646900000, 0x0000000646a00000|  0%| F|  |TAMS 0x0000000646900000, 0x0000000646900000| Untracked 
| 106|0x0000000646a00000, 0x0000000646a00000, 0x0000000646b00000|  0%| F|  |TAMS 0x0000000646a00000, 0x0000000646a00000| Untracked 
| 107|0x0000000646b00000, 0x0000000646b00000, 0x0000000646c00000|  0%| F|  |TAMS 0x0000000646b00000, 0x0000000646b00000| Untracked 
| 108|0x0000000646c00000, 0x0000000646c00000, 0x0000000646d00000|  0%| F|  |TAMS 0x0000000646c00000, 0x0000000646c00000| Untracked 
| 109|0x0000000646d00000, 0x0000000646d00000, 0x0000000646e00000|  0%| F|  |TAMS 0x0000000646d00000, 0x0000000646d00000| Untracked 
| 110|0x0000000646e00000, 0x0000000646e00000, 0x0000000646f00000|  0%| F|  |TAMS 0x0000000646e00000, 0x0000000646e00000| Untracked 
| 111|0x0000000646f00000, 0x0000000646f00000, 0x0000000647000000|  0%| F|  |TAMS 0x0000000646f00000, 0x0000000646f00000| Untracked 
| 112|0x0000000647000000, 0x0000000647000000, 0x0000000647100000|  0%| F|  |TAMS 0x0000000647000000, 0x0000000647000000| Untracked 
| 113|0x0000000647100000, 0x0000000647100000, 0x0000000647200000|  0%| F|  |TAMS 0x0000000647100000, 0x0000000647100000| Untracked 
| 114|0x0000000647200000, 0x0000000647200000, 0x0000000647300000|  0%| F|  |TAMS 0x0000000647200000, 0x0000000647200000| Untracked 
| 115|0x0000000647300000, 0x0000000647300000, 0x0000000647400000|  0%| F|  |TAMS 0x0000000647300000, 0x0000000647300000| Untracked 
| 116|0x0000000647400000, 0x0000000647400000, 0x0000000647500000|  0%| F|  |TAMS 0x0000000647400000, 0x0000000647400000| Untracked 
| 117|0x0000000647500000, 0x0000000647500000, 0x0000000647600000|  0%| F|  |TAMS 0x0000000647500000, 0x0000000647500000| Untracked 
| 118|0x0000000647600000, 0x0000000647600000, 0x0000000647700000|  0%| F|  |TAMS 0x0000000647600000, 0x0000000647600000| Untracked 
| 119|0x0000000647700000, 0x0000000647700000, 0x0000000647800000|  0%| F|  |TAMS 0x0000000647700000, 0x0000000647700000| Untracked 
| 120|0x0000000647800000, 0x0000000647800000, 0x0000000647900000|  0%| F|  |TAMS 0x0000000647800000, 0x0000000647800000| Untracked 
| 121|0x0000000647900000, 0x0000000647900000, 0x0000000647a00000|  0%| F|  |TAMS 0x0000000647900000, 0x0000000647900000| Untracked 
| 122|0x0000000647a00000, 0x0000000647a00000, 0x0000000647b00000|  0%| F|  |TAMS 0x0000000647a00000, 0x0000000647a00000| Untracked 
| 123|0x0000000647b00000, 0x0000000647b00000, 0x0000000647c00000|  0%| F|  |TAMS 0x0000000647b00000, 0x0000000647b00000| Untracked 
| 124|0x0000000647c00000, 0x0000000647c00000, 0x0000000647d00000|  0%| F|  |TAMS 0x0000000647c00000, 0x0000000647c00000| Untracked 
| 125|0x0000000647d00000, 0x0000000647d00000, 0x0000000647e00000|  0%| F|  |TAMS 0x0000000647d00000, 0x0000000647d00000| Untracked 
| 126|0x0000000647e00000, 0x0000000647e00000, 0x0000000647f00000|  0%| F|  |TAMS 0x0000000647e00000, 0x0000000647e00000| Untracked 
| 127|0x0000000647f00000, 0x0000000647f00000, 0x0000000648000000|  0%| F|  |TAMS 0x0000000647f00000, 0x0000000647f00000| Untracked 
| 128|0x0000000648000000, 0x0000000648000000, 0x0000000648100000|  0%| F|  |TAMS 0x0000000648000000, 0x0000000648000000| Untracked 
| 129|0x0000000648100000, 0x0000000648100000, 0x0000000648200000|  0%| F|  |TAMS 0x0000000648100000, 0x0000000648100000| Untracked 
| 130|0x0000000648200000, 0x0000000648200000, 0x0000000648300000|  0%| F|  |TAMS 0x0000000648200000, 0x0000000648200000| Untracked 
| 131|0x0000000648300000, 0x0000000648300000, 0x0000000648400000|  0%| F|  |TAMS 0x0000000648300000, 0x0000000648300000| Untracked 
| 132|0x0000000648400000, 0x0000000648400000, 0x0000000648500000|  0%| F|  |TAMS 0x0000000648400000, 0x0000000648400000| Untracked 
| 133|0x0000000648500000, 0x0000000648500000, 0x0000000648600000|  0%| F|  |TAMS 0x0000000648500000, 0x0000000648500000| Untracked 
| 134|0x0000000648600000, 0x0000000648600000, 0x0000000648700000|  0%| F|  |TAMS 0x0000000648600000, 0x0000000648600000| Untracked 
| 135|0x0000000648700000, 0x0000000648700000, 0x0000000648800000|  0%| F|  |TAMS 0x0000000648700000, 0x0000000648700000| Untracked 
| 136|0x0000000648800000, 0x0000000648800000, 0x0000000648900000|  0%| F|  |TAMS 0x0000000648800000, 0x0000000648800000| Untracked 
| 137|0x0000000648900000, 0x0000000648900000, 0x0000000648a00000|  0%| F|  |TAMS 0x0000000648900000, 0x0000000648900000| Untracked 
| 138|0x0000000648a00000, 0x0000000648a00000, 0x0000000648b00000|  0%| F|  |TAMS 0x0000000648a00000, 0x0000000648a00000| Untracked 
| 139|0x0000000648b00000, 0x0000000648b00000, 0x0000000648c00000|  0%| F|  |TAMS 0x0000000648b00000, 0x0000000648b00000| Untracked 
| 140|0x0000000648c00000, 0x0000000648c00000, 0x0000000648d00000|  0%| F|  |TAMS 0x0000000648c00000, 0x0000000648c00000| Untracked 
| 141|0x0000000648d00000, 0x0000000648d00000, 0x0000000648e00000|  0%| F|  |TAMS 0x0000000648d00000, 0x0000000648d00000| Untracked 
| 142|0x0000000648e00000, 0x0000000648e00000, 0x0000000648f00000|  0%| F|  |TAMS 0x0000000648e00000, 0x0000000648e00000| Untracked 
| 143|0x0000000648f00000, 0x0000000648f00000, 0x0000000649000000|  0%| F|  |TAMS 0x0000000648f00000, 0x0000000648f00000| Untracked 
| 144|0x0000000649000000, 0x0000000649000000, 0x0000000649100000|  0%| F|  |TAMS 0x0000000649000000, 0x0000000649000000| Untracked 
| 145|0x0000000649100000, 0x0000000649100000, 0x0000000649200000|  0%| F|  |TAMS 0x0000000649100000, 0x0000000649100000| Untracked 
| 146|0x0000000649200000, 0x0000000649200000, 0x0000000649300000|  0%| F|  |TAMS 0x0000000649200000, 0x0000000649200000| Untracked 
| 147|0x0000000649300000, 0x0000000649300000, 0x0000000649400000|  0%| F|  |TAMS 0x0000000649300000, 0x0000000649300000| Untracked 
| 148|0x0000000649400000, 0x0000000649400000, 0x0000000649500000|  0%| F|  |TAMS 0x0000000649400000, 0x0000000649400000| Untracked 
| 149|0x0000000649500000, 0x0000000649500000, 0x0000000649600000|  0%| F|  |TAMS 0x0000000649500000, 0x0000000649500000| Untracked 
| 150|0x0000000649600000, 0x0000000649600000, 0x0000000649700000|  0%| F|  |TAMS 0x0000000649600000, 0x0000000649600000| Untracked 
| 151|0x0000000649700000, 0x0000000649700000, 0x0000000649800000|  0%| F|  |TAMS 0x0000000649700000, 0x0000000649700000| Untracked 
| 152|0x0000000649800000, 0x0000000649800000, 0x0000000649900000|  0%| F|  |TAMS 0x0000000649800000, 0x0000000649800000| Untracked 
| 153|0x0000000649900000, 0x0000000649900000, 0x0000000649a00000|  0%| F|  |TAMS 0x0000000649900000, 0x0000000649900000| Untracked 
| 154|0x0000000649a00000, 0x0000000649a00000, 0x0000000649b00000|  0%| F|  |TAMS 0x0000000649a00000, 0x0000000649a00000| Untracked 
| 155|0x0000000649b00000, 0x0000000649b00000, 0x0000000649c00000|  0%| F|  |TAMS 0x0000000649b00000, 0x0000000649b00000| Untracked 
| 156|0x0000000649c00000, 0x0000000649c00000, 0x0000000649d00000|  0%| F|  |TAMS 0x0000000649c00000, 0x0000000649c00000| Untracked 
| 157|0x0000000649d00000, 0x0000000649d00000, 0x0000000649e00000|  0%| F|  |TAMS 0x0000000649d00000, 0x0000000649d00000| Untracked 
| 158|0x0000000649e00000, 0x0000000649e00000, 0x0000000649f00000|  0%| F|  |TAMS 0x0000000649e00000, 0x0000000649e00000| Untracked 
| 159|0x0000000649f00000, 0x0000000649f00000, 0x000000064a000000|  0%| F|  |TAMS 0x0000000649f00000, 0x0000000649f00000| Untracked 
| 160|0x000000064a000000, 0x000000064a000000, 0x000000064a100000|  0%| F|  |TAMS 0x000000064a000000, 0x000000064a000000| Untracked 
| 161|0x000000064a100000, 0x000000064a100000, 0x000000064a200000|  0%| F|  |TAMS 0x000000064a100000, 0x000000064a100000| Untracked 
| 162|0x000000064a200000, 0x000000064a200000, 0x000000064a300000|  0%| F|  |TAMS 0x000000064a200000, 0x000000064a200000| Untracked 
| 163|0x000000064a300000, 0x000000064a300000, 0x000000064a400000|  0%| F|  |TAMS 0x000000064a300000, 0x000000064a300000| Untracked 
| 164|0x000000064a400000, 0x000000064a400000, 0x000000064a500000|  0%| F|  |TAMS 0x000000064a400000, 0x000000064a400000| Untracked 
| 165|0x000000064a500000, 0x000000064a500000, 0x000000064a600000|  0%| F|  |TAMS 0x000000064a500000, 0x000000064a500000| Untracked 
| 166|0x000000064a600000, 0x000000064a600000, 0x000000064a700000|  0%| F|  |TAMS 0x000000064a600000, 0x000000064a600000| Untracked 
| 167|0x000000064a700000, 0x000000064a700000, 0x000000064a800000|  0%| F|  |TAMS 0x000000064a700000, 0x000000064a700000| Untracked 
| 168|0x000000064a800000, 0x000000064a800000, 0x000000064a900000|  0%| F|  |TAMS 0x000000064a800000, 0x000000064a800000| Untracked 
| 169|0x000000064a900000, 0x000000064a900000, 0x000000064aa00000|  0%| F|  |TAMS 0x000000064a900000, 0x000000064a900000| Untracked 
| 170|0x000000064aa00000, 0x000000064aa00000, 0x000000064ab00000|  0%| F|  |TAMS 0x000000064aa00000, 0x000000064aa00000| Untracked 
| 171|0x000000064ab00000, 0x000000064ab00000, 0x000000064ac00000|  0%| F|  |TAMS 0x000000064ab00000, 0x000000064ab00000| Untracked 
| 172|0x000000064ac00000, 0x000000064ac00000, 0x000000064ad00000|  0%| F|  |TAMS 0x000000064ac00000, 0x000000064ac00000| Untracked 
| 173|0x000000064ad00000, 0x000000064ad00000, 0x000000064ae00000|  0%| F|  |TAMS 0x000000064ad00000, 0x000000064ad00000| Untracked 
| 174|0x000000064ae00000, 0x000000064ae00000, 0x000000064af00000|  0%| F|  |TAMS 0x000000064ae00000, 0x000000064ae00000| Untracked 
| 175|0x000000064af00000, 0x000000064af00000, 0x000000064b000000|  0%| F|  |TAMS 0x000000064af00000, 0x000000064af00000| Untracked 
| 176|0x000000064b000000, 0x000000064b000000, 0x000000064b100000|  0%| F|  |TAMS 0x000000064b000000, 0x000000064b000000| Untracked 
| 177|0x000000064b100000, 0x000000064b100000, 0x000000064b200000|  0%| F|  |TAMS 0x000000064b100000, 0x000000064b100000| Untracked 
| 178|0x000000064b200000, 0x000000064b200000, 0x000000064b300000|  0%| F|  |TAMS 0x000000064b200000, 0x000000064b200000| Untracked 
| 179|0x000000064b300000, 0x000000064b300000, 0x000000064b400000|  0%| F|  |TAMS 0x000000064b300000, 0x000000064b300000| Untracked 
| 180|0x000000064b400000, 0x000000064b400000, 0x000000064b500000|  0%| F|  |TAMS 0x000000064b400000, 0x000000064b400000| Untracked 
| 181|0x000000064b500000, 0x000000064b500000, 0x000000064b600000|  0%| F|  |TAMS 0x000000064b500000, 0x000000064b500000| Untracked 
| 182|0x000000064b600000, 0x000000064b600000, 0x000000064b700000|  0%| F|  |TAMS 0x000000064b600000, 0x000000064b600000| Untracked 
| 183|0x000000064b700000, 0x000000064b700000, 0x000000064b800000|  0%| F|  |TAMS 0x000000064b700000, 0x000000064b700000| Untracked 
| 184|0x000000064b800000, 0x000000064b800000, 0x000000064b900000|  0%| F|  |TAMS 0x000000064b800000, 0x000000064b800000| Untracked 
| 185|0x000000064b900000, 0x000000064b900000, 0x000000064ba00000|  0%| F|  |TAMS 0x000000064b900000, 0x000000064b900000| Untracked 
| 186|0x000000064ba00000, 0x000000064ba00000, 0x000000064bb00000|  0%| F|  |TAMS 0x000000064ba00000, 0x000000064ba00000| Untracked 
| 187|0x000000064bb00000, 0x000000064bb00000, 0x000000064bc00000|  0%| F|  |TAMS 0x000000064bb00000, 0x000000064bb00000| Untracked 
| 188|0x000000064bc00000, 0x000000064bc00000, 0x000000064bd00000|  0%| F|  |TAMS 0x000000064bc00000, 0x000000064bc00000| Untracked 
| 189|0x000000064bd00000, 0x000000064bd00000, 0x000000064be00000|  0%| F|  |TAMS 0x000000064bd00000, 0x000000064bd00000| Untracked 
| 190|0x000000064be00000, 0x000000064be00000, 0x000000064bf00000|  0%| F|  |TAMS 0x000000064be00000, 0x000000064be00000| Untracked 
| 191|0x000000064bf00000, 0x000000064bf00000, 0x000000064c000000|  0%| F|  |TAMS 0x000000064bf00000, 0x000000064bf00000| Untracked 
| 192|0x000000064c000000, 0x000000064c000000, 0x000000064c100000|  0%| F|  |TAMS 0x000000064c000000, 0x000000064c000000| Untracked 
| 193|0x000000064c100000, 0x000000064c100000, 0x000000064c200000|  0%| F|  |TAMS 0x000000064c100000, 0x000000064c100000| Untracked 
| 194|0x000000064c200000, 0x000000064c200000, 0x000000064c300000|  0%| F|  |TAMS 0x000000064c200000, 0x000000064c200000| Untracked 
| 195|0x000000064c300000, 0x000000064c300000, 0x000000064c400000|  0%| F|  |TAMS 0x000000064c300000, 0x000000064c300000| Untracked 
| 196|0x000000064c400000, 0x000000064c400000, 0x000000064c500000|  0%| F|  |TAMS 0x000000064c400000, 0x000000064c400000| Untracked 
| 197|0x000000064c500000, 0x000000064c500000, 0x000000064c600000|  0%| F|  |TAMS 0x000000064c500000, 0x000000064c500000| Untracked 
| 198|0x000000064c600000, 0x000000064c600000, 0x000000064c700000|  0%| F|  |TAMS 0x000000064c600000, 0x000000064c600000| Untracked 
| 199|0x000000064c700000, 0x000000064c700000, 0x000000064c800000|  0%| F|  |TAMS 0x000000064c700000, 0x000000064c700000| Untracked 
| 200|0x000000064c800000, 0x000000064c800000, 0x000000064c900000|  0%| F|  |TAMS 0x000000064c800000, 0x000000064c800000| Untracked 
| 201|0x000000064c900000, 0x000000064c900000, 0x000000064ca00000|  0%| F|  |TAMS 0x000000064c900000, 0x000000064c900000| Untracked 
| 202|0x000000064ca00000, 0x000000064ca00000, 0x000000064cb00000|  0%| F|  |TAMS 0x000000064ca00000, 0x000000064ca00000| Untracked 
| 203|0x000000064cb00000, 0x000000064cb00000, 0x000000064cc00000|  0%| F|  |TAMS 0x000000064cb00000, 0x000000064cb00000| Untracked 
| 204|0x000000064cc00000, 0x000000064cc00000, 0x000000064cd00000|  0%| F|  |TAMS 0x000000064cc00000, 0x000000064cc00000| Untracked 
| 205|0x000000064cd00000, 0x000000064cd00000, 0x000000064ce00000|  0%| F|  |TAMS 0x000000064cd00000, 0x000000064cd00000| Untracked 
| 206|0x000000064ce00000, 0x000000064ce00000, 0x000000064cf00000|  0%| F|  |TAMS 0x000000064ce00000, 0x000000064ce00000| Untracked 
| 207|0x000000064cf00000, 0x000000064cf00000, 0x000000064d000000|  0%| F|  |TAMS 0x000000064cf00000, 0x000000064cf00000| Untracked 
| 208|0x000000064d000000, 0x000000064d000000, 0x000000064d100000|  0%| F|  |TAMS 0x000000064d000000, 0x000000064d000000| Untracked 
| 209|0x000000064d100000, 0x000000064d100000, 0x000000064d200000|  0%| F|  |TAMS 0x000000064d100000, 0x000000064d100000| Untracked 
| 210|0x000000064d200000, 0x000000064d200000, 0x000000064d300000|  0%| F|  |TAMS 0x000000064d200000, 0x000000064d200000| Untracked 
| 211|0x000000064d300000, 0x000000064d300000, 0x000000064d400000|  0%| F|  |TAMS 0x000000064d300000, 0x000000064d300000| Untracked 
| 212|0x000000064d400000, 0x000000064d400000, 0x000000064d500000|  0%| F|  |TAMS 0x000000064d400000, 0x000000064d400000| Untracked 
| 213|0x000000064d500000, 0x000000064d500000, 0x000000064d600000|  0%| F|  |TAMS 0x000000064d500000, 0x000000064d500000| Untracked 
| 214|0x000000064d600000, 0x000000064d600000, 0x000000064d700000|  0%| F|  |TAMS 0x000000064d600000, 0x000000064d600000| Untracked 
| 215|0x000000064d700000, 0x000000064d700000, 0x000000064d800000|  0%| F|  |TAMS 0x000000064d700000, 0x000000064d700000| Untracked 
| 216|0x000000064d800000, 0x000000064d800000, 0x000000064d900000|  0%| F|  |TAMS 0x000000064d800000, 0x000000064d800000| Untracked 
| 217|0x000000064d900000, 0x000000064d900000, 0x000000064da00000|  0%| F|  |TAMS 0x000000064d900000, 0x000000064d900000| Untracked 
| 218|0x000000064da00000, 0x000000064da00000, 0x000000064db00000|  0%| F|  |TAMS 0x000000064da00000, 0x000000064da00000| Untracked 
| 219|0x000000064db00000, 0x000000064db00000, 0x000000064dc00000|  0%| F|  |TAMS 0x000000064db00000, 0x000000064db00000| Untracked 
| 220|0x000000064dc00000, 0x000000064dc00000, 0x000000064dd00000|  0%| F|  |TAMS 0x000000064dc00000, 0x000000064dc00000| Untracked 
| 221|0x000000064dd00000, 0x000000064dd00000, 0x000000064de00000|  0%| F|  |TAMS 0x000000064dd00000, 0x000000064dd00000| Untracked 
| 222|0x000000064de00000, 0x000000064de00000, 0x000000064df00000|  0%| F|  |TAMS 0x000000064de00000, 0x000000064de00000| Untracked 
| 223|0x000000064df00000, 0x000000064df00000, 0x000000064e000000|  0%| F|  |TAMS 0x000000064df00000, 0x000000064df00000| Untracked 
| 224|0x000000064e000000, 0x000000064e000000, 0x000000064e100000|  0%| F|  |TAMS 0x000000064e000000, 0x000000064e000000| Untracked 
| 225|0x000000064e100000, 0x000000064e100000, 0x000000064e200000|  0%| F|  |TAMS 0x000000064e100000, 0x000000064e100000| Untracked 
| 226|0x000000064e200000, 0x000000064e200000, 0x000000064e300000|  0%| F|  |TAMS 0x000000064e200000, 0x000000064e200000| Untracked 
| 227|0x000000064e300000, 0x000000064e300000, 0x000000064e400000|  0%| F|  |TAMS 0x000000064e300000, 0x000000064e300000| Untracked 
| 228|0x000000064e400000, 0x000000064e400000, 0x000000064e500000|  0%| F|  |TAMS 0x000000064e400000, 0x000000064e400000| Untracked 
| 229|0x000000064e500000, 0x000000064e500000, 0x000000064e600000|  0%| F|  |TAMS 0x000000064e500000, 0x000000064e500000| Untracked 
| 230|0x000000064e600000, 0x000000064e600000, 0x000000064e700000|  0%| F|  |TAMS 0x000000064e600000, 0x000000064e600000| Untracked 
| 231|0x000000064e700000, 0x000000064e700000, 0x000000064e800000|  0%| F|  |TAMS 0x000000064e700000, 0x000000064e700000| Untracked 
| 232|0x000000064e800000, 0x000000064e800000, 0x000000064e900000|  0%| F|  |TAMS 0x000000064e800000, 0x000000064e800000| Untracked 
| 233|0x000000064e900000, 0x000000064e900000, 0x000000064ea00000|  0%| F|  |TAMS 0x000000064e900000, 0x000000064e900000| Untracked 
| 234|0x000000064ea00000, 0x000000064ea00000, 0x000000064eb00000|  0%| F|  |TAMS 0x000000064ea00000, 0x000000064ea00000| Untracked 
| 235|0x000000064eb00000, 0x000000064eb00000, 0x000000064ec00000|  0%| F|  |TAMS 0x000000064eb00000, 0x000000064eb00000| Untracked 
| 236|0x000000064ec00000, 0x000000064ec00000, 0x000000064ed00000|  0%| F|  |TAMS 0x000000064ec00000, 0x000000064ec00000| Untracked 
| 237|0x000000064ed00000, 0x000000064ed00000, 0x000000064ee00000|  0%| F|  |TAMS 0x000000064ed00000, 0x000000064ed00000| Untracked 
| 238|0x000000064ee00000, 0x000000064ee00000, 0x000000064ef00000|  0%| F|  |TAMS 0x000000064ee00000, 0x000000064ee00000| Untracked 
| 239|0x000000064ef00000, 0x000000064ef00000, 0x000000064f000000|  0%| F|  |TAMS 0x000000064ef00000, 0x000000064ef00000| Untracked 
| 240|0x000000064f000000, 0x000000064f000000, 0x000000064f100000|  0%| F|  |TAMS 0x000000064f000000, 0x000000064f000000| Untracked 
| 241|0x000000064f100000, 0x000000064f100000, 0x000000064f200000|  0%| F|  |TAMS 0x000000064f100000, 0x000000064f100000| Untracked 
| 242|0x000000064f200000, 0x000000064f200000, 0x000000064f300000|  0%| F|  |TAMS 0x000000064f200000, 0x000000064f200000| Untracked 
| 243|0x000000064f300000, 0x000000064f300000, 0x000000064f400000|  0%| F|  |TAMS 0x000000064f300000, 0x000000064f300000| Untracked 
| 244|0x000000064f400000, 0x000000064f400000, 0x000000064f500000|  0%| F|  |TAMS 0x000000064f400000, 0x000000064f400000| Untracked 
| 245|0x000000064f500000, 0x000000064f500000, 0x000000064f600000|  0%| F|  |TAMS 0x000000064f500000, 0x000000064f500000| Untracked 
| 246|0x000000064f600000, 0x000000064f600000, 0x000000064f700000|  0%| F|  |TAMS 0x000000064f600000, 0x000000064f600000| Untracked 
| 247|0x000000064f700000, 0x000000064f700000, 0x000000064f800000|  0%| F|  |TAMS 0x000000064f700000, 0x000000064f700000| Untracked 
| 248|0x000000064f800000, 0x000000064f800000, 0x000000064f900000|  0%| F|  |TAMS 0x000000064f800000, 0x000000064f800000| Untracked 
| 249|0x000000064f900000, 0x000000064f900000, 0x000000064fa00000|  0%| F|  |TAMS 0x000000064f900000, 0x000000064f900000| Untracked 
| 250|0x000000064fa00000, 0x000000064fa00000, 0x000000064fb00000|  0%| F|  |TAMS 0x000000064fa00000, 0x000000064fa00000| Untracked 
| 251|0x000000064fb00000, 0x000000064fb00000, 0x000000064fc00000|  0%| F|  |TAMS 0x000000064fb00000, 0x000000064fb00000| Untracked 
| 252|0x000000064fc00000, 0x000000064fc00000, 0x000000064fd00000|  0%| F|  |TAMS 0x000000064fc00000, 0x000000064fc00000| Untracked 
| 253|0x000000064fd00000, 0x000000064fd00000, 0x000000064fe00000|  0%| F|  |TAMS 0x000000064fd00000, 0x000000064fd00000| Untracked 
| 254|0x000000064fe00000, 0x000000064fe00000, 0x000000064ff00000|  0%| F|  |TAMS 0x000000064fe00000, 0x000000064fe00000| Untracked 
| 255|0x000000064ff00000, 0x000000064ff00000, 0x0000000650000000|  0%| F|  |TAMS 0x000000064ff00000, 0x000000064ff00000| Untracked 
| 256|0x0000000650000000, 0x0000000650000000, 0x0000000650100000|  0%| F|  |TAMS 0x0000000650000000, 0x0000000650000000| Untracked 
| 257|0x0000000650100000, 0x0000000650100000, 0x0000000650200000|  0%| F|  |TAMS 0x0000000650100000, 0x0000000650100000| Untracked 
| 258|0x0000000650200000, 0x0000000650200000, 0x0000000650300000|  0%| F|  |TAMS 0x0000000650200000, 0x0000000650200000| Untracked 
| 259|0x0000000650300000, 0x0000000650300000, 0x0000000650400000|  0%| F|  |TAMS 0x0000000650300000, 0x0000000650300000| Untracked 
| 260|0x0000000650400000, 0x0000000650433520, 0x0000000650500000| 20%| S|CS|TAMS 0x0000000650400000, 0x0000000650400000| Complete 
| 261|0x0000000650500000, 0x0000000650600000, 0x0000000650600000|100%| S|CS|TAMS 0x0000000650500000, 0x0000000650500000| Complete 
| 262|0x0000000650600000, 0x0000000650600000, 0x0000000650700000|  0%| F|  |TAMS 0x0000000650600000, 0x0000000650600000| Untracked 
| 263|0x0000000650700000, 0x0000000650700000, 0x0000000650800000|  0%| F|  |TAMS 0x0000000650700000, 0x0000000650700000| Untracked 
| 264|0x0000000650800000, 0x0000000650900000, 0x0000000650900000|100%| S|CS|TAMS 0x0000000650800000, 0x0000000650800000| Complete 
| 265|0x0000000650900000, 0x0000000650a00000, 0x0000000650a00000|100%| S|CS|TAMS 0x0000000650900000, 0x0000000650900000| Complete 
| 266|0x0000000650a00000, 0x0000000650a00000, 0x0000000650b00000|  0%| F|  |TAMS 0x0000000650a00000, 0x0000000650a00000| Untracked 
| 267|0x0000000650b00000, 0x0000000650b00000, 0x0000000650c00000|  0%| F|  |TAMS 0x0000000650b00000, 0x0000000650b00000| Untracked 
| 268|0x0000000650c00000, 0x0000000650c00000, 0x0000000650d00000|  0%| F|  |TAMS 0x0000000650c00000, 0x0000000650c00000| Untracked 
| 269|0x0000000650d00000, 0x0000000650d00000, 0x0000000650e00000|  0%| F|  |TAMS 0x0000000650d00000, 0x0000000650d00000| Untracked 
| 270|0x0000000650e00000, 0x0000000650e00000, 0x0000000650f00000|  0%| F|  |TAMS 0x0000000650e00000, 0x0000000650e00000| Untracked 
| 271|0x0000000650f00000, 0x0000000650f00000, 0x0000000651000000|  0%| F|  |TAMS 0x0000000650f00000, 0x0000000650f00000| Untracked 
| 272|0x0000000651000000, 0x0000000651000000, 0x0000000651100000|  0%| F|  |TAMS 0x0000000651000000, 0x0000000651000000| Untracked 
| 273|0x0000000651100000, 0x0000000651100000, 0x0000000651200000|  0%| F|  |TAMS 0x0000000651100000, 0x0000000651100000| Untracked 
| 274|0x0000000651200000, 0x0000000651200000, 0x0000000651300000|  0%| F|  |TAMS 0x0000000651200000, 0x0000000651200000| Untracked 
| 275|0x0000000651300000, 0x0000000651300000, 0x0000000651400000|  0%| F|  |TAMS 0x0000000651300000, 0x0000000651300000| Untracked 
| 276|0x0000000651400000, 0x0000000651400000, 0x0000000651500000|  0%| F|  |TAMS 0x0000000651400000, 0x0000000651400000| Untracked 
| 277|0x0000000651500000, 0x0000000651500000, 0x0000000651600000|  0%| F|  |TAMS 0x0000000651500000, 0x0000000651500000| Untracked 
| 278|0x0000000651600000, 0x0000000651600000, 0x0000000651700000|  0%| F|  |TAMS 0x0000000651600000, 0x0000000651600000| Untracked 
| 279|0x0000000651700000, 0x0000000651700000, 0x0000000651800000|  0%| F|  |TAMS 0x0000000651700000, 0x0000000651700000| Untracked 
| 280|0x0000000651800000, 0x0000000651800000, 0x0000000651900000|  0%| F|  |TAMS 0x0000000651800000, 0x0000000651800000| Untracked 
| 281|0x0000000651900000, 0x0000000651900000, 0x0000000651a00000|  0%| F|  |TAMS 0x0000000651900000, 0x0000000651900000| Untracked 
| 282|0x0000000651a00000, 0x0000000651a00000, 0x0000000651b00000|  0%| F|  |TAMS 0x0000000651a00000, 0x0000000651a00000| Untracked 
| 283|0x0000000651b00000, 0x0000000651b00000, 0x0000000651c00000|  0%| F|  |TAMS 0x0000000651b00000, 0x0000000651b00000| Untracked 
| 284|0x0000000651c00000, 0x0000000651c00000, 0x0000000651d00000|  0%| F|  |TAMS 0x0000000651c00000, 0x0000000651c00000| Untracked 
| 285|0x0000000651d00000, 0x0000000651d00000, 0x0000000651e00000|  0%| F|  |TAMS 0x0000000651d00000, 0x0000000651d00000| Untracked 
| 286|0x0000000651e00000, 0x0000000651e00000, 0x0000000651f00000|  0%| F|  |TAMS 0x0000000651e00000, 0x0000000651e00000| Untracked 
| 287|0x0000000651f00000, 0x0000000651f00000, 0x0000000652000000|  0%| F|  |TAMS 0x0000000651f00000, 0x0000000651f00000| Untracked 
| 288|0x0000000652000000, 0x0000000652000000, 0x0000000652100000|  0%| F|  |TAMS 0x0000000652000000, 0x0000000652000000| Untracked 
| 289|0x0000000652100000, 0x0000000652100000, 0x0000000652200000|  0%| F|  |TAMS 0x0000000652100000, 0x0000000652100000| Untracked 
| 290|0x0000000652200000, 0x0000000652200000, 0x0000000652300000|  0%| F|  |TAMS 0x0000000652200000, 0x0000000652200000| Untracked 
| 291|0x0000000652300000, 0x0000000652300000, 0x0000000652400000|  0%| F|  |TAMS 0x0000000652300000, 0x0000000652300000| Untracked 
| 292|0x0000000652400000, 0x0000000652400000, 0x0000000652500000|  0%| F|  |TAMS 0x0000000652400000, 0x0000000652400000| Untracked 
| 293|0x0000000652500000, 0x0000000652500000, 0x0000000652600000|  0%| F|  |TAMS 0x0000000652500000, 0x0000000652500000| Untracked 
| 294|0x0000000652600000, 0x0000000652600000, 0x0000000652700000|  0%| F|  |TAMS 0x0000000652600000, 0x0000000652600000| Untracked 
| 295|0x0000000652700000, 0x0000000652700000, 0x0000000652800000|  0%| F|  |TAMS 0x0000000652700000, 0x0000000652700000| Untracked 
| 296|0x0000000652800000, 0x0000000652800000, 0x0000000652900000|  0%| F|  |TAMS 0x0000000652800000, 0x0000000652800000| Untracked 
| 297|0x0000000652900000, 0x0000000652900000, 0x0000000652a00000|  0%| F|  |TAMS 0x0000000652900000, 0x0000000652900000| Untracked 
| 298|0x0000000652a00000, 0x0000000652a00000, 0x0000000652b00000|  0%| F|  |TAMS 0x0000000652a00000, 0x0000000652a00000| Untracked 
| 299|0x0000000652b00000, 0x0000000652b00000, 0x0000000652c00000|  0%| F|  |TAMS 0x0000000652b00000, 0x0000000652b00000| Untracked 
| 300|0x0000000652c00000, 0x0000000652c00000, 0x0000000652d00000|  0%| F|  |TAMS 0x0000000652c00000, 0x0000000652c00000| Untracked 
| 301|0x0000000652d00000, 0x0000000652d00000, 0x0000000652e00000|  0%| F|  |TAMS 0x0000000652d00000, 0x0000000652d00000| Untracked 
| 302|0x0000000652e00000, 0x0000000652e00000, 0x0000000652f00000|  0%| F|  |TAMS 0x0000000652e00000, 0x0000000652e00000| Untracked 
| 303|0x0000000652f00000, 0x0000000652f00000, 0x0000000653000000|  0%| F|  |TAMS 0x0000000652f00000, 0x0000000652f00000| Untracked 
| 304|0x0000000653000000, 0x0000000653000000, 0x0000000653100000|  0%| F|  |TAMS 0x0000000653000000, 0x0000000653000000| Untracked 
| 305|0x0000000653100000, 0x0000000653100000, 0x0000000653200000|  0%| F|  |TAMS 0x0000000653100000, 0x0000000653100000| Untracked 
| 306|0x0000000653200000, 0x0000000653200000, 0x0000000653300000|  0%| F|  |TAMS 0x0000000653200000, 0x0000000653200000| Untracked 
| 307|0x0000000653300000, 0x0000000653300000, 0x0000000653400000|  0%| F|  |TAMS 0x0000000653300000, 0x0000000653300000| Untracked 
| 308|0x0000000653400000, 0x0000000653400000, 0x0000000653500000|  0%| F|  |TAMS 0x0000000653400000, 0x0000000653400000| Untracked 
| 309|0x0000000653500000, 0x0000000653500000, 0x0000000653600000|  0%| F|  |TAMS 0x0000000653500000, 0x0000000653500000| Untracked 
| 310|0x0000000653600000, 0x0000000653600000, 0x0000000653700000|  0%| F|  |TAMS 0x0000000653600000, 0x0000000653600000| Untracked 
| 311|0x0000000653700000, 0x0000000653700000, 0x0000000653800000|  0%| F|  |TAMS 0x0000000653700000, 0x0000000653700000| Untracked 
| 312|0x0000000653800000, 0x0000000653800000, 0x0000000653900000|  0%| F|  |TAMS 0x0000000653800000, 0x0000000653800000| Untracked 
| 313|0x0000000653900000, 0x0000000653900000, 0x0000000653a00000|  0%| F|  |TAMS 0x0000000653900000, 0x0000000653900000| Untracked 
| 314|0x0000000653a00000, 0x0000000653a00000, 0x0000000653b00000|  0%| F|  |TAMS 0x0000000653a00000, 0x0000000653a00000| Untracked 
| 315|0x0000000653b00000, 0x0000000653b00000, 0x0000000653c00000|  0%| F|  |TAMS 0x0000000653b00000, 0x0000000653b00000| Untracked 
| 316|0x0000000653c00000, 0x0000000653c00000, 0x0000000653d00000|  0%| F|  |TAMS 0x0000000653c00000, 0x0000000653c00000| Untracked 
| 317|0x0000000653d00000, 0x0000000653d00000, 0x0000000653e00000|  0%| F|  |TAMS 0x0000000653d00000, 0x0000000653d00000| Untracked 
| 318|0x0000000653e00000, 0x0000000653e00000, 0x0000000653f00000|  0%| F|  |TAMS 0x0000000653e00000, 0x0000000653e00000| Untracked 
| 319|0x0000000653f00000, 0x0000000653f00000, 0x0000000654000000|  0%| F|  |TAMS 0x0000000653f00000, 0x0000000653f00000| Untracked 
| 320|0x0000000654000000, 0x0000000654000000, 0x0000000654100000|  0%| F|  |TAMS 0x0000000654000000, 0x0000000654000000| Untracked 
| 321|0x0000000654100000, 0x0000000654100000, 0x0000000654200000|  0%| F|  |TAMS 0x0000000654100000, 0x0000000654100000| Untracked 
| 322|0x0000000654200000, 0x0000000654200000, 0x0000000654300000|  0%| F|  |TAMS 0x0000000654200000, 0x0000000654200000| Untracked 
| 323|0x0000000654300000, 0x0000000654300000, 0x0000000654400000|  0%| F|  |TAMS 0x0000000654300000, 0x0000000654300000| Untracked 
| 324|0x0000000654400000, 0x0000000654400000, 0x0000000654500000|  0%| F|  |TAMS 0x0000000654400000, 0x0000000654400000| Untracked 
| 325|0x0000000654500000, 0x0000000654500000, 0x0000000654600000|  0%| F|  |TAMS 0x0000000654500000, 0x0000000654500000| Untracked 
| 326|0x0000000654600000, 0x0000000654600000, 0x0000000654700000|  0%| F|  |TAMS 0x0000000654600000, 0x0000000654600000| Untracked 
| 327|0x0000000654700000, 0x0000000654700000, 0x0000000654800000|  0%| F|  |TAMS 0x0000000654700000, 0x0000000654700000| Untracked 
| 328|0x0000000654800000, 0x0000000654800000, 0x0000000654900000|  0%| F|  |TAMS 0x0000000654800000, 0x0000000654800000| Untracked 
| 329|0x0000000654900000, 0x0000000654900000, 0x0000000654a00000|  0%| F|  |TAMS 0x0000000654900000, 0x0000000654900000| Untracked 
| 330|0x0000000654a00000, 0x0000000654a00000, 0x0000000654b00000|  0%| F|  |TAMS 0x0000000654a00000, 0x0000000654a00000| Untracked 
| 331|0x0000000654b00000, 0x0000000654b00000, 0x0000000654c00000|  0%| F|  |TAMS 0x0000000654b00000, 0x0000000654b00000| Untracked 
| 332|0x0000000654c00000, 0x0000000654c00000, 0x0000000654d00000|  0%| F|  |TAMS 0x0000000654c00000, 0x0000000654c00000| Untracked 
| 333|0x0000000654d00000, 0x0000000654d00000, 0x0000000654e00000|  0%| F|  |TAMS 0x0000000654d00000, 0x0000000654d00000| Untracked 
| 334|0x0000000654e00000, 0x0000000654e00000, 0x0000000654f00000|  0%| F|  |TAMS 0x0000000654e00000, 0x0000000654e00000| Untracked 
| 335|0x0000000654f00000, 0x0000000654f00000, 0x0000000655000000|  0%| F|  |TAMS 0x0000000654f00000, 0x0000000654f00000| Untracked 
| 336|0x0000000655000000, 0x0000000655000000, 0x0000000655100000|  0%| F|  |TAMS 0x0000000655000000, 0x0000000655000000| Untracked 
| 337|0x0000000655100000, 0x0000000655100000, 0x0000000655200000|  0%| F|  |TAMS 0x0000000655100000, 0x0000000655100000| Untracked 
| 338|0x0000000655200000, 0x0000000655200000, 0x0000000655300000|  0%| F|  |TAMS 0x0000000655200000, 0x0000000655200000| Untracked 
| 339|0x0000000655300000, 0x0000000655300000, 0x0000000655400000|  0%| F|  |TAMS 0x0000000655300000, 0x0000000655300000| Untracked 
| 340|0x0000000655400000, 0x0000000655400000, 0x0000000655500000|  0%| F|  |TAMS 0x0000000655400000, 0x0000000655400000| Untracked 
| 341|0x0000000655500000, 0x0000000655500000, 0x0000000655600000|  0%| F|  |TAMS 0x0000000655500000, 0x0000000655500000| Untracked 
| 342|0x0000000655600000, 0x0000000655600000, 0x0000000655700000|  0%| F|  |TAMS 0x0000000655600000, 0x0000000655600000| Untracked 
| 343|0x0000000655700000, 0x0000000655700000, 0x0000000655800000|  0%| F|  |TAMS 0x0000000655700000, 0x0000000655700000| Untracked 
| 344|0x0000000655800000, 0x0000000655800000, 0x0000000655900000|  0%| F|  |TAMS 0x0000000655800000, 0x0000000655800000| Untracked 
| 345|0x0000000655900000, 0x0000000655900000, 0x0000000655a00000|  0%| F|  |TAMS 0x0000000655900000, 0x0000000655900000| Untracked 
| 346|0x0000000655a00000, 0x0000000655a00000, 0x0000000655b00000|  0%| F|  |TAMS 0x0000000655a00000, 0x0000000655a00000| Untracked 
| 347|0x0000000655b00000, 0x0000000655b00000, 0x0000000655c00000|  0%| F|  |TAMS 0x0000000655b00000, 0x0000000655b00000| Untracked 
| 348|0x0000000655c00000, 0x0000000655c00000, 0x0000000655d00000|  0%| F|  |TAMS 0x0000000655c00000, 0x0000000655c00000| Untracked 
| 349|0x0000000655d00000, 0x0000000655d00000, 0x0000000655e00000|  0%| F|  |TAMS 0x0000000655d00000, 0x0000000655d00000| Untracked 
| 350|0x0000000655e00000, 0x0000000655e00000, 0x0000000655f00000|  0%| F|  |TAMS 0x0000000655e00000, 0x0000000655e00000| Untracked 
| 351|0x0000000655f00000, 0x0000000655f00000, 0x0000000656000000|  0%| F|  |TAMS 0x0000000655f00000, 0x0000000655f00000| Untracked 
| 352|0x0000000656000000, 0x0000000656000000, 0x0000000656100000|  0%| F|  |TAMS 0x0000000656000000, 0x0000000656000000| Untracked 
| 353|0x0000000656100000, 0x0000000656100000, 0x0000000656200000|  0%| F|  |TAMS 0x0000000656100000, 0x0000000656100000| Untracked 
| 354|0x0000000656200000, 0x0000000656200000, 0x0000000656300000|  0%| F|  |TAMS 0x0000000656200000, 0x0000000656200000| Untracked 
| 355|0x0000000656300000, 0x0000000656300000, 0x0000000656400000|  0%| F|  |TAMS 0x0000000656300000, 0x0000000656300000| Untracked 
| 356|0x0000000656400000, 0x0000000656400000, 0x0000000656500000|  0%| F|  |TAMS 0x0000000656400000, 0x0000000656400000| Untracked 
| 357|0x0000000656500000, 0x0000000656500000, 0x0000000656600000|  0%| F|  |TAMS 0x0000000656500000, 0x0000000656500000| Untracked 
| 358|0x0000000656600000, 0x0000000656600000, 0x0000000656700000|  0%| F|  |TAMS 0x0000000656600000, 0x0000000656600000| Untracked 
| 359|0x0000000656700000, 0x0000000656700000, 0x0000000656800000|  0%| F|  |TAMS 0x0000000656700000, 0x0000000656700000| Untracked 
| 360|0x0000000656800000, 0x0000000656800000, 0x0000000656900000|  0%| F|  |TAMS 0x0000000656800000, 0x0000000656800000| Untracked 
| 361|0x0000000656900000, 0x0000000656900000, 0x0000000656a00000|  0%| F|  |TAMS 0x0000000656900000, 0x0000000656900000| Untracked 
| 362|0x0000000656a00000, 0x0000000656a00000, 0x0000000656b00000|  0%| F|  |TAMS 0x0000000656a00000, 0x0000000656a00000| Untracked 
| 363|0x0000000656b00000, 0x0000000656b00000, 0x0000000656c00000|  0%| F|  |TAMS 0x0000000656b00000, 0x0000000656b00000| Untracked 
| 364|0x0000000656c00000, 0x0000000656c00000, 0x0000000656d00000|  0%| F|  |TAMS 0x0000000656c00000, 0x0000000656c00000| Untracked 
| 365|0x0000000656d00000, 0x0000000656d00000, 0x0000000656e00000|  0%| F|  |TAMS 0x0000000656d00000, 0x0000000656d00000| Untracked 
| 366|0x0000000656e00000, 0x0000000656e00000, 0x0000000656f00000|  0%| F|  |TAMS 0x0000000656e00000, 0x0000000656e00000| Untracked 
| 367|0x0000000656f00000, 0x0000000656f00000, 0x0000000657000000|  0%| F|  |TAMS 0x0000000656f00000, 0x0000000656f00000| Untracked 
| 368|0x0000000657000000, 0x0000000657000000, 0x0000000657100000|  0%| F|  |TAMS 0x0000000657000000, 0x0000000657000000| Untracked 
| 369|0x0000000657100000, 0x0000000657100000, 0x0000000657200000|  0%| F|  |TAMS 0x0000000657100000, 0x0000000657100000| Untracked 
| 370|0x0000000657200000, 0x0000000657200000, 0x0000000657300000|  0%| F|  |TAMS 0x0000000657200000, 0x0000000657200000| Untracked 
| 371|0x0000000657300000, 0x0000000657300000, 0x0000000657400000|  0%| F|  |TAMS 0x0000000657300000, 0x0000000657300000| Untracked 
| 372|0x0000000657400000, 0x0000000657400000, 0x0000000657500000|  0%| F|  |TAMS 0x0000000657400000, 0x0000000657400000| Untracked 
| 373|0x0000000657500000, 0x0000000657500000, 0x0000000657600000|  0%| F|  |TAMS 0x0000000657500000, 0x0000000657500000| Untracked 
| 374|0x0000000657600000, 0x0000000657600000, 0x0000000657700000|  0%| F|  |TAMS 0x0000000657600000, 0x0000000657600000| Untracked 
| 375|0x0000000657700000, 0x0000000657700000, 0x0000000657800000|  0%| F|  |TAMS 0x0000000657700000, 0x0000000657700000| Untracked 
| 376|0x0000000657800000, 0x0000000657800000, 0x0000000657900000|  0%| F|  |TAMS 0x0000000657800000, 0x0000000657800000| Untracked 
| 377|0x0000000657900000, 0x0000000657900000, 0x0000000657a00000|  0%| F|  |TAMS 0x0000000657900000, 0x0000000657900000| Untracked 
| 378|0x0000000657a00000, 0x0000000657a00000, 0x0000000657b00000|  0%| F|  |TAMS 0x0000000657a00000, 0x0000000657a00000| Untracked 
| 379|0x0000000657b00000, 0x0000000657b00000, 0x0000000657c00000|  0%| F|  |TAMS 0x0000000657b00000, 0x0000000657b00000| Untracked 
| 380|0x0000000657c00000, 0x0000000657c00000, 0x0000000657d00000|  0%| F|  |TAMS 0x0000000657c00000, 0x0000000657c00000| Untracked 
| 381|0x0000000657d00000, 0x0000000657d00000, 0x0000000657e00000|  0%| F|  |TAMS 0x0000000657d00000, 0x0000000657d00000| Untracked 
| 382|0x0000000657e00000, 0x0000000657e00000, 0x0000000657f00000|  0%| F|  |TAMS 0x0000000657e00000, 0x0000000657e00000| Untracked 
| 383|0x0000000657f00000, 0x0000000657f00000, 0x0000000658000000|  0%| F|  |TAMS 0x0000000657f00000, 0x0000000657f00000| Untracked 
| 384|0x0000000658000000, 0x0000000658000000, 0x0000000658100000|  0%| F|  |TAMS 0x0000000658000000, 0x0000000658000000| Untracked 
| 385|0x0000000658100000, 0x0000000658100000, 0x0000000658200000|  0%| F|  |TAMS 0x0000000658100000, 0x0000000658100000| Untracked 
| 386|0x0000000658200000, 0x0000000658200000, 0x0000000658300000|  0%| F|  |TAMS 0x0000000658200000, 0x0000000658200000| Untracked 
| 387|0x0000000658300000, 0x0000000658300000, 0x0000000658400000|  0%| F|  |TAMS 0x0000000658300000, 0x0000000658300000| Untracked 
| 388|0x0000000658400000, 0x0000000658400000, 0x0000000658500000|  0%| F|  |TAMS 0x0000000658400000, 0x0000000658400000| Untracked 
| 389|0x0000000658500000, 0x0000000658500000, 0x0000000658600000|  0%| F|  |TAMS 0x0000000658500000, 0x0000000658500000| Untracked 
| 390|0x0000000658600000, 0x0000000658600000, 0x0000000658700000|  0%| F|  |TAMS 0x0000000658600000, 0x0000000658600000| Untracked 
| 391|0x0000000658700000, 0x0000000658700000, 0x0000000658800000|  0%| F|  |TAMS 0x0000000658700000, 0x0000000658700000| Untracked 
| 392|0x0000000658800000, 0x0000000658800000, 0x0000000658900000|  0%| F|  |TAMS 0x0000000658800000, 0x0000000658800000| Untracked 
| 393|0x0000000658900000, 0x0000000658900000, 0x0000000658a00000|  0%| F|  |TAMS 0x0000000658900000, 0x0000000658900000| Untracked 
| 394|0x0000000658a00000, 0x0000000658a00000, 0x0000000658b00000|  0%| F|  |TAMS 0x0000000658a00000, 0x0000000658a00000| Untracked 
| 395|0x0000000658b00000, 0x0000000658b00000, 0x0000000658c00000|  0%| F|  |TAMS 0x0000000658b00000, 0x0000000658b00000| Untracked 
| 396|0x0000000658c00000, 0x0000000658c00000, 0x0000000658d00000|  0%| F|  |TAMS 0x0000000658c00000, 0x0000000658c00000| Untracked 
| 397|0x0000000658d00000, 0x0000000658d00000, 0x0000000658e00000|  0%| F|  |TAMS 0x0000000658d00000, 0x0000000658d00000| Untracked 
| 398|0x0000000658e00000, 0x0000000658e00000, 0x0000000658f00000|  0%| F|  |TAMS 0x0000000658e00000, 0x0000000658e00000| Untracked 
| 399|0x0000000658f00000, 0x0000000658f00000, 0x0000000659000000|  0%| F|  |TAMS 0x0000000658f00000, 0x0000000658f00000| Untracked 
| 400|0x0000000659000000, 0x0000000659000000, 0x0000000659100000|  0%| F|  |TAMS 0x0000000659000000, 0x0000000659000000| Untracked 
| 401|0x0000000659100000, 0x0000000659100000, 0x0000000659200000|  0%| F|  |TAMS 0x0000000659100000, 0x0000000659100000| Untracked 
| 402|0x0000000659200000, 0x0000000659200000, 0x0000000659300000|  0%| F|  |TAMS 0x0000000659200000, 0x0000000659200000| Untracked 
| 403|0x0000000659300000, 0x0000000659300000, 0x0000000659400000|  0%| F|  |TAMS 0x0000000659300000, 0x0000000659300000| Untracked 
| 404|0x0000000659400000, 0x0000000659400000, 0x0000000659500000|  0%| F|  |TAMS 0x0000000659400000, 0x0000000659400000| Untracked 
| 405|0x0000000659500000, 0x0000000659500000, 0x0000000659600000|  0%| F|  |TAMS 0x0000000659500000, 0x0000000659500000| Untracked 
| 406|0x0000000659600000, 0x0000000659600000, 0x0000000659700000|  0%| F|  |TAMS 0x0000000659600000, 0x0000000659600000| Untracked 
| 407|0x0000000659700000, 0x0000000659700000, 0x0000000659800000|  0%| F|  |TAMS 0x0000000659700000, 0x0000000659700000| Untracked 
| 408|0x0000000659800000, 0x0000000659800000, 0x0000000659900000|  0%| F|  |TAMS 0x0000000659800000, 0x0000000659800000| Untracked 
| 409|0x0000000659900000, 0x0000000659900000, 0x0000000659a00000|  0%| F|  |TAMS 0x0000000659900000, 0x0000000659900000| Untracked 
| 410|0x0000000659a00000, 0x0000000659a00000, 0x0000000659b00000|  0%| F|  |TAMS 0x0000000659a00000, 0x0000000659a00000| Untracked 
| 411|0x0000000659b00000, 0x0000000659b00000, 0x0000000659c00000|  0%| F|  |TAMS 0x0000000659b00000, 0x0000000659b00000| Untracked 
| 412|0x0000000659c00000, 0x0000000659c00000, 0x0000000659d00000|  0%| F|  |TAMS 0x0000000659c00000, 0x0000000659c00000| Untracked 
| 413|0x0000000659d00000, 0x0000000659d00000, 0x0000000659e00000|  0%| F|  |TAMS 0x0000000659d00000, 0x0000000659d00000| Untracked 
| 414|0x0000000659e00000, 0x0000000659e00000, 0x0000000659f00000|  0%| F|  |TAMS 0x0000000659e00000, 0x0000000659e00000| Untracked 
| 415|0x0000000659f00000, 0x0000000659f00000, 0x000000065a000000|  0%| F|  |TAMS 0x0000000659f00000, 0x0000000659f00000| Untracked 
| 416|0x000000065a000000, 0x000000065a000000, 0x000000065a100000|  0%| F|  |TAMS 0x000000065a000000, 0x000000065a000000| Untracked 
| 417|0x000000065a100000, 0x000000065a100000, 0x000000065a200000|  0%| F|  |TAMS 0x000000065a100000, 0x000000065a100000| Untracked 
| 418|0x000000065a200000, 0x000000065a200000, 0x000000065a300000|  0%| F|  |TAMS 0x000000065a200000, 0x000000065a200000| Untracked 
| 419|0x000000065a300000, 0x000000065a300000, 0x000000065a400000|  0%| F|  |TAMS 0x000000065a300000, 0x000000065a300000| Untracked 
| 420|0x000000065a400000, 0x000000065a400000, 0x000000065a500000|  0%| F|  |TAMS 0x000000065a400000, 0x000000065a400000| Untracked 
| 421|0x000000065a500000, 0x000000065a500000, 0x000000065a600000|  0%| F|  |TAMS 0x000000065a500000, 0x000000065a500000| Untracked 
| 422|0x000000065a600000, 0x000000065a600000, 0x000000065a700000|  0%| F|  |TAMS 0x000000065a600000, 0x000000065a600000| Untracked 
| 423|0x000000065a700000, 0x000000065a700000, 0x000000065a800000|  0%| F|  |TAMS 0x000000065a700000, 0x000000065a700000| Untracked 
| 424|0x000000065a800000, 0x000000065a800000, 0x000000065a900000|  0%| F|  |TAMS 0x000000065a800000, 0x000000065a800000| Untracked 
| 425|0x000000065a900000, 0x000000065a900000, 0x000000065aa00000|  0%| F|  |TAMS 0x000000065a900000, 0x000000065a900000| Untracked 
| 426|0x000000065aa00000, 0x000000065aa00000, 0x000000065ab00000|  0%| F|  |TAMS 0x000000065aa00000, 0x000000065aa00000| Untracked 
| 427|0x000000065ab00000, 0x000000065ab00000, 0x000000065ac00000|  0%| F|  |TAMS 0x000000065ab00000, 0x000000065ab00000| Untracked 
| 428|0x000000065ac00000, 0x000000065ac00000, 0x000000065ad00000|  0%| F|  |TAMS 0x000000065ac00000, 0x000000065ac00000| Untracked 
| 429|0x000000065ad00000, 0x000000065ad00000, 0x000000065ae00000|  0%| F|  |TAMS 0x000000065ad00000, 0x000000065ad00000| Untracked 
| 430|0x000000065ae00000, 0x000000065ae00000, 0x000000065af00000|  0%| F|  |TAMS 0x000000065ae00000, 0x000000065ae00000| Untracked 
| 431|0x000000065af00000, 0x000000065af00000, 0x000000065b000000|  0%| F|  |TAMS 0x000000065af00000, 0x000000065af00000| Untracked 
| 432|0x000000065b000000, 0x000000065b000000, 0x000000065b100000|  0%| F|  |TAMS 0x000000065b000000, 0x000000065b000000| Untracked 
| 433|0x000000065b100000, 0x000000065b100000, 0x000000065b200000|  0%| F|  |TAMS 0x000000065b100000, 0x000000065b100000| Untracked 
| 434|0x000000065b200000, 0x000000065b200000, 0x000000065b300000|  0%| F|  |TAMS 0x000000065b200000, 0x000000065b200000| Untracked 
| 435|0x000000065b300000, 0x000000065b300000, 0x000000065b400000|  0%| F|  |TAMS 0x000000065b300000, 0x000000065b300000| Untracked 
| 436|0x000000065b400000, 0x000000065b400000, 0x000000065b500000|  0%| F|  |TAMS 0x000000065b400000, 0x000000065b400000| Untracked 
| 437|0x000000065b500000, 0x000000065b500000, 0x000000065b600000|  0%| F|  |TAMS 0x000000065b500000, 0x000000065b500000| Untracked 
| 438|0x000000065b600000, 0x000000065b600000, 0x000000065b700000|  0%| F|  |TAMS 0x000000065b600000, 0x000000065b600000| Untracked 
| 439|0x000000065b700000, 0x000000065b700000, 0x000000065b800000|  0%| F|  |TAMS 0x000000065b700000, 0x000000065b700000| Untracked 
| 440|0x000000065b800000, 0x000000065b800000, 0x000000065b900000|  0%| F|  |TAMS 0x000000065b800000, 0x000000065b800000| Untracked 
| 441|0x000000065b900000, 0x000000065b900000, 0x000000065ba00000|  0%| F|  |TAMS 0x000000065b900000, 0x000000065b900000| Untracked 
| 442|0x000000065ba00000, 0x000000065ba00000, 0x000000065bb00000|  0%| F|  |TAMS 0x000000065ba00000, 0x000000065ba00000| Untracked 
| 443|0x000000065bb00000, 0x000000065bb00000, 0x000000065bc00000|  0%| F|  |TAMS 0x000000065bb00000, 0x000000065bb00000| Untracked 
| 444|0x000000065bc00000, 0x000000065bc00000, 0x000000065bd00000|  0%| F|  |TAMS 0x000000065bc00000, 0x000000065bc00000| Untracked 
| 445|0x000000065bd00000, 0x000000065bd00000, 0x000000065be00000|  0%| F|  |TAMS 0x000000065bd00000, 0x000000065bd00000| Untracked 
| 446|0x000000065be00000, 0x000000065be00000, 0x000000065bf00000|  0%| F|  |TAMS 0x000000065be00000, 0x000000065be00000| Untracked 
| 447|0x000000065bf00000, 0x000000065bf00000, 0x000000065c000000|  0%| F|  |TAMS 0x000000065bf00000, 0x000000065bf00000| Untracked 
| 448|0x000000065c000000, 0x000000065c000000, 0x000000065c100000|  0%| F|  |TAMS 0x000000065c000000, 0x000000065c000000| Untracked 
| 449|0x000000065c100000, 0x000000065c100000, 0x000000065c200000|  0%| F|  |TAMS 0x000000065c100000, 0x000000065c100000| Untracked 
| 450|0x000000065c200000, 0x000000065c200000, 0x000000065c300000|  0%| F|  |TAMS 0x000000065c200000, 0x000000065c200000| Untracked 
| 451|0x000000065c300000, 0x000000065c300000, 0x000000065c400000|  0%| F|  |TAMS 0x000000065c300000, 0x000000065c300000| Untracked 
| 452|0x000000065c400000, 0x000000065c400000, 0x000000065c500000|  0%| F|  |TAMS 0x000000065c400000, 0x000000065c400000| Untracked 
| 453|0x000000065c500000, 0x000000065c500000, 0x000000065c600000|  0%| F|  |TAMS 0x000000065c500000, 0x000000065c500000| Untracked 
| 454|0x000000065c600000, 0x000000065c600000, 0x000000065c700000|  0%| F|  |TAMS 0x000000065c600000, 0x000000065c600000| Untracked 
| 455|0x000000065c700000, 0x000000065c700000, 0x000000065c800000|  0%| F|  |TAMS 0x000000065c700000, 0x000000065c700000| Untracked 
| 456|0x000000065c800000, 0x000000065c800000, 0x000000065c900000|  0%| F|  |TAMS 0x000000065c800000, 0x000000065c800000| Untracked 
| 457|0x000000065c900000, 0x000000065c900000, 0x000000065ca00000|  0%| F|  |TAMS 0x000000065c900000, 0x000000065c900000| Untracked 
| 458|0x000000065ca00000, 0x000000065ca00000, 0x000000065cb00000|  0%| F|  |TAMS 0x000000065ca00000, 0x000000065ca00000| Untracked 
| 459|0x000000065cb00000, 0x000000065cb00000, 0x000000065cc00000|  0%| F|  |TAMS 0x000000065cb00000, 0x000000065cb00000| Untracked 
| 460|0x000000065cc00000, 0x000000065cc00000, 0x000000065cd00000|  0%| F|  |TAMS 0x000000065cc00000, 0x000000065cc00000| Untracked 
| 461|0x000000065cd00000, 0x000000065cd00000, 0x000000065ce00000|  0%| F|  |TAMS 0x000000065cd00000, 0x000000065cd00000| Untracked 
| 462|0x000000065ce00000, 0x000000065ce00000, 0x000000065cf00000|  0%| F|  |TAMS 0x000000065ce00000, 0x000000065ce00000| Untracked 
| 463|0x000000065cf00000, 0x000000065cf00000, 0x000000065d000000|  0%| F|  |TAMS 0x000000065cf00000, 0x000000065cf00000| Untracked 
| 464|0x000000065d000000, 0x000000065d000000, 0x000000065d100000|  0%| F|  |TAMS 0x000000065d000000, 0x000000065d000000| Untracked 
| 465|0x000000065d100000, 0x000000065d100000, 0x000000065d200000|  0%| F|  |TAMS 0x000000065d100000, 0x000000065d100000| Untracked 
| 466|0x000000065d200000, 0x000000065d200000, 0x000000065d300000|  0%| F|  |TAMS 0x000000065d200000, 0x000000065d200000| Untracked 
| 467|0x000000065d300000, 0x000000065d300000, 0x000000065d400000|  0%| F|  |TAMS 0x000000065d300000, 0x000000065d300000| Untracked 
| 468|0x000000065d400000, 0x000000065d400000, 0x000000065d500000|  0%| F|  |TAMS 0x000000065d400000, 0x000000065d400000| Untracked 
| 469|0x000000065d500000, 0x000000065d500000, 0x000000065d600000|  0%| F|  |TAMS 0x000000065d500000, 0x000000065d500000| Untracked 
| 470|0x000000065d600000, 0x000000065d600000, 0x000000065d700000|  0%| F|  |TAMS 0x000000065d600000, 0x000000065d600000| Untracked 
| 471|0x000000065d700000, 0x000000065d700000, 0x000000065d800000|  0%| F|  |TAMS 0x000000065d700000, 0x000000065d700000| Untracked 
| 472|0x000000065d800000, 0x000000065d800000, 0x000000065d900000|  0%| F|  |TAMS 0x000000065d800000, 0x000000065d800000| Untracked 
| 473|0x000000065d900000, 0x000000065d900000, 0x000000065da00000|  0%| F|  |TAMS 0x000000065d900000, 0x000000065d900000| Untracked 
| 474|0x000000065da00000, 0x000000065da00000, 0x000000065db00000|  0%| F|  |TAMS 0x000000065da00000, 0x000000065da00000| Untracked 
| 475|0x000000065db00000, 0x000000065db00000, 0x000000065dc00000|  0%| F|  |TAMS 0x000000065db00000, 0x000000065db00000| Untracked 
| 476|0x000000065dc00000, 0x000000065dc00000, 0x000000065dd00000|  0%| F|  |TAMS 0x000000065dc00000, 0x000000065dc00000| Untracked 
| 477|0x000000065dd00000, 0x000000065dd00000, 0x000000065de00000|  0%| F|  |TAMS 0x000000065dd00000, 0x000000065dd00000| Untracked 
| 478|0x000000065de00000, 0x000000065de00000, 0x000000065df00000|  0%| F|  |TAMS 0x000000065de00000, 0x000000065de00000| Untracked 
| 479|0x000000065df00000, 0x000000065df00000, 0x000000065e000000|  0%| F|  |TAMS 0x000000065df00000, 0x000000065df00000| Untracked 
| 480|0x000000065e000000, 0x000000065e000000, 0x000000065e100000|  0%| F|  |TAMS 0x000000065e000000, 0x000000065e000000| Untracked 
| 481|0x000000065e100000, 0x000000065e100000, 0x000000065e200000|  0%| F|  |TAMS 0x000000065e100000, 0x000000065e100000| Untracked 
| 482|0x000000065e200000, 0x000000065e200000, 0x000000065e300000|  0%| F|  |TAMS 0x000000065e200000, 0x000000065e200000| Untracked 
| 483|0x000000065e300000, 0x000000065e300000, 0x000000065e400000|  0%| F|  |TAMS 0x000000065e300000, 0x000000065e300000| Untracked 
| 484|0x000000065e400000, 0x000000065e400000, 0x000000065e500000|  0%| F|  |TAMS 0x000000065e400000, 0x000000065e400000| Untracked 
| 485|0x000000065e500000, 0x000000065e500000, 0x000000065e600000|  0%| F|  |TAMS 0x000000065e500000, 0x000000065e500000| Untracked 
| 486|0x000000065e600000, 0x000000065e600000, 0x000000065e700000|  0%| F|  |TAMS 0x000000065e600000, 0x000000065e600000| Untracked 
| 487|0x000000065e700000, 0x000000065e700000, 0x000000065e800000|  0%| F|  |TAMS 0x000000065e700000, 0x000000065e700000| Untracked 
| 488|0x000000065e800000, 0x000000065e800000, 0x000000065e900000|  0%| F|  |TAMS 0x000000065e800000, 0x000000065e800000| Untracked 
| 489|0x000000065e900000, 0x000000065e900000, 0x000000065ea00000|  0%| F|  |TAMS 0x000000065e900000, 0x000000065e900000| Untracked 
| 490|0x000000065ea00000, 0x000000065ea00000, 0x000000065eb00000|  0%| F|  |TAMS 0x000000065ea00000, 0x000000065ea00000| Untracked 
| 491|0x000000065eb00000, 0x000000065eb00000, 0x000000065ec00000|  0%| F|  |TAMS 0x000000065eb00000, 0x000000065eb00000| Untracked 
| 492|0x000000065ec00000, 0x000000065ec00000, 0x000000065ed00000|  0%| F|  |TAMS 0x000000065ec00000, 0x000000065ec00000| Untracked 
| 493|0x000000065ed00000, 0x000000065ed00000, 0x000000065ee00000|  0%| F|  |TAMS 0x000000065ed00000, 0x000000065ed00000| Untracked 
| 494|0x000000065ee00000, 0x000000065ee00000, 0x000000065ef00000|  0%| F|  |TAMS 0x000000065ee00000, 0x000000065ee00000| Untracked 
| 495|0x000000065ef00000, 0x000000065ef00000, 0x000000065f000000|  0%| F|  |TAMS 0x000000065ef00000, 0x000000065ef00000| Untracked 
| 496|0x000000065f000000, 0x000000065f000000, 0x000000065f100000|  0%| F|  |TAMS 0x000000065f000000, 0x000000065f000000| Untracked 
| 497|0x000000065f100000, 0x000000065f100000, 0x000000065f200000|  0%| F|  |TAMS 0x000000065f100000, 0x000000065f100000| Untracked 
| 498|0x000000065f200000, 0x000000065f200000, 0x000000065f300000|  0%| F|  |TAMS 0x000000065f200000, 0x000000065f200000| Untracked 
| 499|0x000000065f300000, 0x000000065f300000, 0x000000065f400000|  0%| F|  |TAMS 0x000000065f300000, 0x000000065f300000| Untracked 
| 500|0x000000065f400000, 0x000000065f400000, 0x000000065f500000|  0%| F|  |TAMS 0x000000065f400000, 0x000000065f400000| Untracked 
| 501|0x000000065f500000, 0x000000065f500000, 0x000000065f600000|  0%| F|  |TAMS 0x000000065f500000, 0x000000065f500000| Untracked 
| 502|0x000000065f600000, 0x000000065f600000, 0x000000065f700000|  0%| F|  |TAMS 0x000000065f600000, 0x000000065f600000| Untracked 
| 503|0x000000065f700000, 0x000000065f700000, 0x000000065f800000|  0%| F|  |TAMS 0x000000065f700000, 0x000000065f700000| Untracked 
| 504|0x000000065f800000, 0x000000065f800000, 0x000000065f900000|  0%| F|  |TAMS 0x000000065f800000, 0x000000065f800000| Untracked 
| 505|0x000000065f900000, 0x000000065f900000, 0x000000065fa00000|  0%| F|  |TAMS 0x000000065f900000, 0x000000065f900000| Untracked 
| 506|0x000000065fa00000, 0x000000065fa00000, 0x000000065fb00000|  0%| F|  |TAMS 0x000000065fa00000, 0x000000065fa00000| Untracked 
| 507|0x000000065fb00000, 0x000000065fb00000, 0x000000065fc00000|  0%| F|  |TAMS 0x000000065fb00000, 0x000000065fb00000| Untracked 
| 508|0x000000065fc00000, 0x000000065fc00000, 0x000000065fd00000|  0%| F|  |TAMS 0x000000065fc00000, 0x000000065fc00000| Untracked 
| 509|0x000000065fd00000, 0x000000065fd00000, 0x000000065fe00000|  0%| F|  |TAMS 0x000000065fd00000, 0x000000065fd00000| Untracked 
| 510|0x000000065fe00000, 0x000000065fe00000, 0x000000065ff00000|  0%| F|  |TAMS 0x000000065fe00000, 0x000000065fe00000| Untracked 
| 511|0x000000065ff00000, 0x000000065ff00000, 0x0000000660000000|  0%| F|  |TAMS 0x000000065ff00000, 0x000000065ff00000| Untracked 
| 512|0x0000000660000000, 0x0000000660000000, 0x0000000660100000|  0%| F|  |TAMS 0x0000000660000000, 0x0000000660000000| Untracked 
| 513|0x0000000660100000, 0x0000000660100000, 0x0000000660200000|  0%| F|  |TAMS 0x0000000660100000, 0x0000000660100000| Untracked 
| 514|0x0000000660200000, 0x0000000660200000, 0x0000000660300000|  0%| F|  |TAMS 0x0000000660200000, 0x0000000660200000| Untracked 
| 515|0x0000000660300000, 0x0000000660300000, 0x0000000660400000|  0%| F|  |TAMS 0x0000000660300000, 0x0000000660300000| Untracked 
| 516|0x0000000660400000, 0x0000000660400000, 0x0000000660500000|  0%| F|  |TAMS 0x0000000660400000, 0x0000000660400000| Untracked 
| 517|0x0000000660500000, 0x0000000660500000, 0x0000000660600000|  0%| F|  |TAMS 0x0000000660500000, 0x0000000660500000| Untracked 
| 518|0x0000000660600000, 0x0000000660600000, 0x0000000660700000|  0%| F|  |TAMS 0x0000000660600000, 0x0000000660600000| Untracked 
| 519|0x0000000660700000, 0x0000000660700000, 0x0000000660800000|  0%| F|  |TAMS 0x0000000660700000, 0x0000000660700000| Untracked 
| 520|0x0000000660800000, 0x0000000660800000, 0x0000000660900000|  0%| F|  |TAMS 0x0000000660800000, 0x0000000660800000| Untracked 
| 521|0x0000000660900000, 0x0000000660900000, 0x0000000660a00000|  0%| F|  |TAMS 0x0000000660900000, 0x0000000660900000| Untracked 
| 522|0x0000000660a00000, 0x0000000660a00000, 0x0000000660b00000|  0%| F|  |TAMS 0x0000000660a00000, 0x0000000660a00000| Untracked 
| 523|0x0000000660b00000, 0x0000000660b00000, 0x0000000660c00000|  0%| F|  |TAMS 0x0000000660b00000, 0x0000000660b00000| Untracked 
| 524|0x0000000660c00000, 0x0000000660c00000, 0x0000000660d00000|  0%| F|  |TAMS 0x0000000660c00000, 0x0000000660c00000| Untracked 
| 525|0x0000000660d00000, 0x0000000660d00000, 0x0000000660e00000|  0%| F|  |TAMS 0x0000000660d00000, 0x0000000660d00000| Untracked 
| 526|0x0000000660e00000, 0x0000000660e00000, 0x0000000660f00000|  0%| F|  |TAMS 0x0000000660e00000, 0x0000000660e00000| Untracked 
| 527|0x0000000660f00000, 0x0000000660f00000, 0x0000000661000000|  0%| F|  |TAMS 0x0000000660f00000, 0x0000000660f00000| Untracked 
| 528|0x0000000661000000, 0x0000000661000000, 0x0000000661100000|  0%| F|  |TAMS 0x0000000661000000, 0x0000000661000000| Untracked 
| 529|0x0000000661100000, 0x0000000661100000, 0x0000000661200000|  0%| F|  |TAMS 0x0000000661100000, 0x0000000661100000| Untracked 
| 530|0x0000000661200000, 0x0000000661200000, 0x0000000661300000|  0%| F|  |TAMS 0x0000000661200000, 0x0000000661200000| Untracked 
| 531|0x0000000661300000, 0x0000000661300000, 0x0000000661400000|  0%| F|  |TAMS 0x0000000661300000, 0x0000000661300000| Untracked 
| 532|0x0000000661400000, 0x0000000661400000, 0x0000000661500000|  0%| F|  |TAMS 0x0000000661400000, 0x0000000661400000| Untracked 
| 533|0x0000000661500000, 0x0000000661500000, 0x0000000661600000|  0%| F|  |TAMS 0x0000000661500000, 0x0000000661500000| Untracked 
| 534|0x0000000661600000, 0x0000000661600000, 0x0000000661700000|  0%| F|  |TAMS 0x0000000661600000, 0x0000000661600000| Untracked 
| 535|0x0000000661700000, 0x0000000661700000, 0x0000000661800000|  0%| F|  |TAMS 0x0000000661700000, 0x0000000661700000| Untracked 
| 536|0x0000000661800000, 0x0000000661800000, 0x0000000661900000|  0%| F|  |TAMS 0x0000000661800000, 0x0000000661800000| Untracked 
| 537|0x0000000661900000, 0x0000000661900000, 0x0000000661a00000|  0%| F|  |TAMS 0x0000000661900000, 0x0000000661900000| Untracked 
| 538|0x0000000661a00000, 0x0000000661a00000, 0x0000000661b00000|  0%| F|  |TAMS 0x0000000661a00000, 0x0000000661a00000| Untracked 
| 539|0x0000000661b00000, 0x0000000661b00000, 0x0000000661c00000|  0%| F|  |TAMS 0x0000000661b00000, 0x0000000661b00000| Untracked 
| 540|0x0000000661c00000, 0x0000000661c00000, 0x0000000661d00000|  0%| F|  |TAMS 0x0000000661c00000, 0x0000000661c00000| Untracked 
| 541|0x0000000661d00000, 0x0000000661d00000, 0x0000000661e00000|  0%| F|  |TAMS 0x0000000661d00000, 0x0000000661d00000| Untracked 
| 542|0x0000000661e00000, 0x0000000661e00000, 0x0000000661f00000|  0%| F|  |TAMS 0x0000000661e00000, 0x0000000661e00000| Untracked 
| 543|0x0000000661f00000, 0x0000000661f00000, 0x0000000662000000|  0%| F|  |TAMS 0x0000000661f00000, 0x0000000661f00000| Untracked 
| 544|0x0000000662000000, 0x0000000662000000, 0x0000000662100000|  0%| F|  |TAMS 0x0000000662000000, 0x0000000662000000| Untracked 
| 545|0x0000000662100000, 0x0000000662100000, 0x0000000662200000|  0%| F|  |TAMS 0x0000000662100000, 0x0000000662100000| Untracked 
| 546|0x0000000662200000, 0x0000000662200000, 0x0000000662300000|  0%| F|  |TAMS 0x0000000662200000, 0x0000000662200000| Untracked 
| 547|0x0000000662300000, 0x0000000662300000, 0x0000000662400000|  0%| F|  |TAMS 0x0000000662300000, 0x0000000662300000| Untracked 
| 548|0x0000000662400000, 0x0000000662400000, 0x0000000662500000|  0%| F|  |TAMS 0x0000000662400000, 0x0000000662400000| Untracked 
| 549|0x0000000662500000, 0x0000000662500000, 0x0000000662600000|  0%| F|  |TAMS 0x0000000662500000, 0x0000000662500000| Untracked 
| 550|0x0000000662600000, 0x0000000662600000, 0x0000000662700000|  0%| F|  |TAMS 0x0000000662600000, 0x0000000662600000| Untracked 
| 551|0x0000000662700000, 0x0000000662700000, 0x0000000662800000|  0%| F|  |TAMS 0x0000000662700000, 0x0000000662700000| Untracked 
| 552|0x0000000662800000, 0x0000000662800000, 0x0000000662900000|  0%| F|  |TAMS 0x0000000662800000, 0x0000000662800000| Untracked 
| 553|0x0000000662900000, 0x0000000662900000, 0x0000000662a00000|  0%| F|  |TAMS 0x0000000662900000, 0x0000000662900000| Untracked 
| 554|0x0000000662a00000, 0x0000000662a00000, 0x0000000662b00000|  0%| F|  |TAMS 0x0000000662a00000, 0x0000000662a00000| Untracked 
| 555|0x0000000662b00000, 0x0000000662b00000, 0x0000000662c00000|  0%| F|  |TAMS 0x0000000662b00000, 0x0000000662b00000| Untracked 
| 556|0x0000000662c00000, 0x0000000662c00000, 0x0000000662d00000|  0%| F|  |TAMS 0x0000000662c00000, 0x0000000662c00000| Untracked 
| 557|0x0000000662d00000, 0x0000000662d00000, 0x0000000662e00000|  0%| F|  |TAMS 0x0000000662d00000, 0x0000000662d00000| Untracked 
| 558|0x0000000662e00000, 0x0000000662e00000, 0x0000000662f00000|  0%| F|  |TAMS 0x0000000662e00000, 0x0000000662e00000| Untracked 
| 559|0x0000000662f00000, 0x0000000662f00000, 0x0000000663000000|  0%| F|  |TAMS 0x0000000662f00000, 0x0000000662f00000| Untracked 
| 560|0x0000000663000000, 0x0000000663000000, 0x0000000663100000|  0%| F|  |TAMS 0x0000000663000000, 0x0000000663000000| Untracked 
| 561|0x0000000663100000, 0x0000000663100000, 0x0000000663200000|  0%| F|  |TAMS 0x0000000663100000, 0x0000000663100000| Untracked 
| 562|0x0000000663200000, 0x0000000663200000, 0x0000000663300000|  0%| F|  |TAMS 0x0000000663200000, 0x0000000663200000| Untracked 
| 563|0x0000000663300000, 0x000000066331b110, 0x0000000663400000| 10%| E|  |TAMS 0x0000000663300000, 0x0000000663300000| Complete 
| 564|0x0000000663400000, 0x0000000663500000, 0x0000000663500000|100%| E|CS|TAMS 0x0000000663400000, 0x0000000663400000| Complete 
| 565|0x0000000663500000, 0x0000000663600000, 0x0000000663600000|100%| E|CS|TAMS 0x0000000663500000, 0x0000000663500000| Complete 
| 566|0x0000000663600000, 0x0000000663700000, 0x0000000663700000|100%| E|CS|TAMS 0x0000000663600000, 0x0000000663600000| Complete 
| 567|0x0000000663700000, 0x0000000663800000, 0x0000000663800000|100%| E|CS|TAMS 0x0000000663700000, 0x0000000663700000| Complete 
| 568|0x0000000663800000, 0x0000000663900000, 0x0000000663900000|100%| E|CS|TAMS 0x0000000663800000, 0x0000000663800000| Complete 
| 569|0x0000000663900000, 0x0000000663a00000, 0x0000000663a00000|100%| E|CS|TAMS 0x0000000663900000, 0x0000000663900000| Complete 
| 570|0x0000000663a00000, 0x0000000663b00000, 0x0000000663b00000|100%| E|CS|TAMS 0x0000000663a00000, 0x0000000663a00000| Complete 
| 571|0x0000000663b00000, 0x0000000663c00000, 0x0000000663c00000|100%| E|CS|TAMS 0x0000000663b00000, 0x0000000663b00000| Complete 
| 572|0x0000000663c00000, 0x0000000663d00000, 0x0000000663d00000|100%| E|CS|TAMS 0x0000000663c00000, 0x0000000663c00000| Complete 
| 573|0x0000000663d00000, 0x0000000663e00000, 0x0000000663e00000|100%| E|CS|TAMS 0x0000000663d00000, 0x0000000663d00000| Complete 
| 574|0x0000000663e00000, 0x0000000663f00000, 0x0000000663f00000|100%| E|CS|TAMS 0x0000000663e00000, 0x0000000663e00000| Complete 
| 575|0x0000000663f00000, 0x0000000664000000, 0x0000000664000000|100%| E|CS|TAMS 0x0000000663f00000, 0x0000000663f00000| Complete 
| 576|0x0000000664000000, 0x0000000664100000, 0x0000000664100000|100%| E|CS|TAMS 0x0000000664000000, 0x0000000664000000| Complete 
| 577|0x0000000664100000, 0x0000000664200000, 0x0000000664200000|100%| E|CS|TAMS 0x0000000664100000, 0x0000000664100000| Complete 
| 578|0x0000000664200000, 0x0000000664300000, 0x0000000664300000|100%| E|CS|TAMS 0x0000000664200000, 0x0000000664200000| Complete 
| 579|0x0000000664300000, 0x0000000664400000, 0x0000000664400000|100%| E|CS|TAMS 0x0000000664300000, 0x0000000664300000| Complete 
| 580|0x0000000664400000, 0x0000000664500000, 0x0000000664500000|100%| E|CS|TAMS 0x0000000664400000, 0x0000000664400000| Complete 
| 581|0x0000000664500000, 0x0000000664600000, 0x0000000664600000|100%| E|CS|TAMS 0x0000000664500000, 0x0000000664500000| Complete 
| 582|0x0000000664600000, 0x0000000664700000, 0x0000000664700000|100%| E|CS|TAMS 0x0000000664600000, 0x0000000664600000| Complete 
| 583|0x0000000664700000, 0x0000000664800000, 0x0000000664800000|100%| E|CS|TAMS 0x0000000664700000, 0x0000000664700000| Complete 
| 584|0x0000000664800000, 0x0000000664900000, 0x0000000664900000|100%| E|CS|TAMS 0x0000000664800000, 0x0000000664800000| Complete 
| 585|0x0000000664900000, 0x0000000664a00000, 0x0000000664a00000|100%| E|CS|TAMS 0x0000000664900000, 0x0000000664900000| Complete 
| 586|0x0000000664a00000, 0x0000000664b00000, 0x0000000664b00000|100%| E|CS|TAMS 0x0000000664a00000, 0x0000000664a00000| Complete 
| 587|0x0000000664b00000, 0x0000000664c00000, 0x0000000664c00000|100%| E|CS|TAMS 0x0000000664b00000, 0x0000000664b00000| Complete 
| 588|0x0000000664c00000, 0x0000000664d00000, 0x0000000664d00000|100%| E|CS|TAMS 0x0000000664c00000, 0x0000000664c00000| Complete 
| 589|0x0000000664d00000, 0x0000000664e00000, 0x0000000664e00000|100%| E|CS|TAMS 0x0000000664d00000, 0x0000000664d00000| Complete 
| 590|0x0000000664e00000, 0x0000000664f00000, 0x0000000664f00000|100%| E|CS|TAMS 0x0000000664e00000, 0x0000000664e00000| Complete 
| 591|0x0000000664f00000, 0x0000000665000000, 0x0000000665000000|100%| E|CS|TAMS 0x0000000664f00000, 0x0000000664f00000| Complete 
| 592|0x0000000665000000, 0x0000000665100000, 0x0000000665100000|100%| E|CS|TAMS 0x0000000665000000, 0x0000000665000000| Complete 
| 593|0x0000000665100000, 0x0000000665200000, 0x0000000665200000|100%| E|CS|TAMS 0x0000000665100000, 0x0000000665100000| Complete 
| 594|0x0000000665200000, 0x0000000665300000, 0x0000000665300000|100%| E|CS|TAMS 0x0000000665200000, 0x0000000665200000| Complete 
| 595|0x0000000665300000, 0x0000000665400000, 0x0000000665400000|100%| E|CS|TAMS 0x0000000665300000, 0x0000000665300000| Complete 
| 596|0x0000000665400000, 0x0000000665500000, 0x0000000665500000|100%| E|CS|TAMS 0x0000000665400000, 0x0000000665400000| Complete 
| 597|0x0000000665500000, 0x0000000665600000, 0x0000000665600000|100%| E|CS|TAMS 0x0000000665500000, 0x0000000665500000| Complete 
| 598|0x0000000665600000, 0x0000000665700000, 0x0000000665700000|100%| E|CS|TAMS 0x0000000665600000, 0x0000000665600000| Complete 
| 599|0x0000000665700000, 0x0000000665800000, 0x0000000665800000|100%| E|CS|TAMS 0x0000000665700000, 0x0000000665700000| Complete 
| 600|0x0000000665800000, 0x0000000665900000, 0x0000000665900000|100%| E|CS|TAMS 0x0000000665800000, 0x0000000665800000| Complete 
| 601|0x0000000665900000, 0x0000000665a00000, 0x0000000665a00000|100%| E|CS|TAMS 0x0000000665900000, 0x0000000665900000| Complete 
| 602|0x0000000665a00000, 0x0000000665b00000, 0x0000000665b00000|100%| E|CS|TAMS 0x0000000665a00000, 0x0000000665a00000| Complete 
| 603|0x0000000665b00000, 0x0000000665c00000, 0x0000000665c00000|100%| E|CS|TAMS 0x0000000665b00000, 0x0000000665b00000| Complete 
| 604|0x0000000665c00000, 0x0000000665d00000, 0x0000000665d00000|100%| E|CS|TAMS 0x0000000665c00000, 0x0000000665c00000| Complete 
| 605|0x0000000665d00000, 0x0000000665e00000, 0x0000000665e00000|100%| E|CS|TAMS 0x0000000665d00000, 0x0000000665d00000| Complete 
| 606|0x0000000665e00000, 0x0000000665f00000, 0x0000000665f00000|100%| E|CS|TAMS 0x0000000665e00000, 0x0000000665e00000| Complete 
| 607|0x0000000665f00000, 0x0000000666000000, 0x0000000666000000|100%| E|CS|TAMS 0x0000000665f00000, 0x0000000665f00000| Complete 
| 608|0x0000000666000000, 0x0000000666100000, 0x0000000666100000|100%| E|CS|TAMS 0x0000000666000000, 0x0000000666000000| Complete 
| 609|0x0000000666100000, 0x0000000666200000, 0x0000000666200000|100%| E|CS|TAMS 0x0000000666100000, 0x0000000666100000| Complete 
| 610|0x0000000666200000, 0x0000000666300000, 0x0000000666300000|100%| E|CS|TAMS 0x0000000666200000, 0x0000000666200000| Complete 
| 611|0x0000000666300000, 0x0000000666400000, 0x0000000666400000|100%| E|CS|TAMS 0x0000000666300000, 0x0000000666300000| Complete 
| 612|0x0000000666400000, 0x0000000666500000, 0x0000000666500000|100%| E|CS|TAMS 0x0000000666400000, 0x0000000666400000| Complete 
| 613|0x0000000666500000, 0x0000000666600000, 0x0000000666600000|100%| E|CS|TAMS 0x0000000666500000, 0x0000000666500000| Complete 
| 614|0x0000000666600000, 0x0000000666700000, 0x0000000666700000|100%| E|CS|TAMS 0x0000000666600000, 0x0000000666600000| Complete 
| 615|0x0000000666700000, 0x0000000666800000, 0x0000000666800000|100%| E|CS|TAMS 0x0000000666700000, 0x0000000666700000| Complete 
| 616|0x0000000666800000, 0x0000000666900000, 0x0000000666900000|100%| E|CS|TAMS 0x0000000666800000, 0x0000000666800000| Complete 
| 617|0x0000000666900000, 0x0000000666a00000, 0x0000000666a00000|100%| E|CS|TAMS 0x0000000666900000, 0x0000000666900000| Complete 
| 618|0x0000000666a00000, 0x0000000666b00000, 0x0000000666b00000|100%| E|CS|TAMS 0x0000000666a00000, 0x0000000666a00000| Complete 
| 619|0x0000000666b00000, 0x0000000666c00000, 0x0000000666c00000|100%| E|CS|TAMS 0x0000000666b00000, 0x0000000666b00000| Complete 
| 620|0x0000000666c00000, 0x0000000666d00000, 0x0000000666d00000|100%| E|CS|TAMS 0x0000000666c00000, 0x0000000666c00000| Complete 
| 621|0x0000000666d00000, 0x0000000666e00000, 0x0000000666e00000|100%| E|CS|TAMS 0x0000000666d00000, 0x0000000666d00000| Complete 
| 622|0x0000000666e00000, 0x0000000666f00000, 0x0000000666f00000|100%| E|CS|TAMS 0x0000000666e00000, 0x0000000666e00000| Complete 
| 623|0x0000000666f00000, 0x0000000667000000, 0x0000000667000000|100%| E|CS|TAMS 0x0000000666f00000, 0x0000000666f00000| Complete 
| 624|0x0000000667000000, 0x0000000667100000, 0x0000000667100000|100%| E|  |TAMS 0x0000000667000000, 0x0000000667000000| Complete 
| 625|0x0000000667100000, 0x0000000667200000, 0x0000000667200000|100%| E|CS|TAMS 0x0000000667100000, 0x0000000667100000| Complete 
| 626|0x0000000667200000, 0x0000000667300000, 0x0000000667300000|100%| E|CS|TAMS 0x0000000667200000, 0x0000000667200000| Complete 
| 627|0x0000000667300000, 0x0000000667400000, 0x0000000667400000|100%| E|CS|TAMS 0x0000000667300000, 0x0000000667300000| Complete 
| 628|0x0000000667400000, 0x0000000667500000, 0x0000000667500000|100%| E|CS|TAMS 0x0000000667400000, 0x0000000667400000| Complete 
| 629|0x0000000667500000, 0x0000000667600000, 0x0000000667600000|100%| E|CS|TAMS 0x0000000667500000, 0x0000000667500000| Complete 
| 630|0x0000000667600000, 0x0000000667700000, 0x0000000667700000|100%| E|CS|TAMS 0x0000000667600000, 0x0000000667600000| Complete 
| 631|0x0000000667700000, 0x0000000667800000, 0x0000000667800000|100%| E|CS|TAMS 0x0000000667700000, 0x0000000667700000| Complete 
| 632|0x0000000667800000, 0x0000000667900000, 0x0000000667900000|100%| E|CS|TAMS 0x0000000667800000, 0x0000000667800000| Complete 
| 633|0x0000000667900000, 0x0000000667a00000, 0x0000000667a00000|100%| E|CS|TAMS 0x0000000667900000, 0x0000000667900000| Complete 
| 634|0x0000000667a00000, 0x0000000667b00000, 0x0000000667b00000|100%| E|CS|TAMS 0x0000000667a00000, 0x0000000667a00000| Complete 
| 635|0x0000000667b00000, 0x0000000667c00000, 0x0000000667c00000|100%| E|CS|TAMS 0x0000000667b00000, 0x0000000667b00000| Complete 
| 636|0x0000000667c00000, 0x0000000667d00000, 0x0000000667d00000|100%| E|CS|TAMS 0x0000000667c00000, 0x0000000667c00000| Complete 
| 637|0x0000000667d00000, 0x0000000667e00000, 0x0000000667e00000|100%| E|CS|TAMS 0x0000000667d00000, 0x0000000667d00000| Complete 
| 638|0x0000000667e00000, 0x0000000667f00000, 0x0000000667f00000|100%| E|CS|TAMS 0x0000000667e00000, 0x0000000667e00000| Complete 
| 639|0x0000000667f00000, 0x0000000668000000, 0x0000000668000000|100%| E|CS|TAMS 0x0000000667f00000, 0x0000000667f00000| Complete 
| 640|0x0000000668000000, 0x0000000668100000, 0x0000000668100000|100%| E|CS|TAMS 0x0000000668000000, 0x0000000668000000| Complete 
| 641|0x0000000668100000, 0x0000000668200000, 0x0000000668200000|100%| E|CS|TAMS 0x0000000668100000, 0x0000000668100000| Complete 
| 642|0x0000000668200000, 0x0000000668300000, 0x0000000668300000|100%| E|CS|TAMS 0x0000000668200000, 0x0000000668200000| Complete 
| 643|0x0000000668300000, 0x0000000668400000, 0x0000000668400000|100%| E|CS|TAMS 0x0000000668300000, 0x0000000668300000| Complete 
| 644|0x0000000668400000, 0x0000000668500000, 0x0000000668500000|100%| E|CS|TAMS 0x0000000668400000, 0x0000000668400000| Complete 
| 645|0x0000000668500000, 0x0000000668600000, 0x0000000668600000|100%| E|CS|TAMS 0x0000000668500000, 0x0000000668500000| Complete 
| 646|0x0000000668600000, 0x0000000668700000, 0x0000000668700000|100%| E|CS|TAMS 0x0000000668600000, 0x0000000668600000| Complete 
| 647|0x0000000668700000, 0x0000000668800000, 0x0000000668800000|100%| E|CS|TAMS 0x0000000668700000, 0x0000000668700000| Complete 
| 648|0x0000000668800000, 0x0000000668900000, 0x0000000668900000|100%| E|CS|TAMS 0x0000000668800000, 0x0000000668800000| Complete 
| 649|0x0000000668900000, 0x0000000668a00000, 0x0000000668a00000|100%| E|CS|TAMS 0x0000000668900000, 0x0000000668900000| Complete 
| 650|0x0000000668a00000, 0x0000000668b00000, 0x0000000668b00000|100%| E|CS|TAMS 0x0000000668a00000, 0x0000000668a00000| Complete 
| 651|0x0000000668b00000, 0x0000000668c00000, 0x0000000668c00000|100%| E|CS|TAMS 0x0000000668b00000, 0x0000000668b00000| Complete 
| 652|0x0000000668c00000, 0x0000000668d00000, 0x0000000668d00000|100%| E|CS|TAMS 0x0000000668c00000, 0x0000000668c00000| Complete 
| 653|0x0000000668d00000, 0x0000000668e00000, 0x0000000668e00000|100%| E|CS|TAMS 0x0000000668d00000, 0x0000000668d00000| Complete 
| 654|0x0000000668e00000, 0x0000000668f00000, 0x0000000668f00000|100%| E|CS|TAMS 0x0000000668e00000, 0x0000000668e00000| Complete 
| 655|0x0000000668f00000, 0x0000000669000000, 0x0000000669000000|100%| E|CS|TAMS 0x0000000668f00000, 0x0000000668f00000| Complete 
| 656|0x0000000669000000, 0x0000000669100000, 0x0000000669100000|100%| E|CS|TAMS 0x0000000669000000, 0x0000000669000000| Complete 
| 657|0x0000000669100000, 0x0000000669200000, 0x0000000669200000|100%| E|CS|TAMS 0x0000000669100000, 0x0000000669100000| Complete 

Card table byte_map: [0x000000011d6a0000,0x000000011e2a0000] _byte_map_base: 0x000000011a4a0000

Marking Bits (Prev, Next): (CMBitMap*) 0x000000014083b818, (CMBitMap*) 0x000000014083b850
 Prev Bits: [0x000000011eea0000, 0x0000000124ea0000)
 Next Bits: [0x0000000130000000, 0x0000000136000000)

Polling page: 0x0000000104274000

Metaspace:

Usage:
  Non-class:     92.21 MB capacity,    90.40 MB ( 98%) used,     1.46 MB (  2%) free+waste,   358.69 KB ( <1%) overhead. 
      Class:     14.19 MB capacity,    12.95 MB ( 91%) used,     1.06 MB (  7%) free+waste,   183.19 KB (  1%) overhead. 
       Both:    106.40 MB capacity,   103.36 MB ( 97%) used,     2.52 MB (  2%) free+waste,   541.88 KB ( <1%) overhead. 

Virtual space:
  Non-class space:       94.00 MB reserved,      92.30 MB ( 98%) committed 
      Class space:        1.00 GB reserved,      14.19 MB (  1%) committed 
             Both:        1.09 GB reserved,     106.48 MB ( 10%) committed 

Chunk freelists:
   Non-Class:  20.00 KB
       Class:  1.00 KB
        Both:  21.00 KB

MaxMetaspaceSize: unlimited
CompressedClassSpaceSize: 1.00 GB
Initial GC threshold: 20.80 MB
Current GC threshold: 163.94 MB
CDS: off

CodeHeap 'non-profiled nmethods': size=238384Kb used=27353Kb max_used=27353Kb free=211030Kb
 bounds [0x000000010edd4000, 0x0000000110894000, 0x000000011d6a0000]
CodeHeap 'non-nmethods': size=7376Kb used=1481Kb max_used=1481Kb free=5895Kb
 bounds [0x000000010e6a0000, 0x000000010e910000, 0x000000010edd4000]
 total_blobs=14957 nmethods=14072 adapters=813
 compilation: enabled
              stopped_count=0, restarted_count=0
 full_count=0

Compilation events (20 events):
Event: 29225.525 Thread 0x0000000140984000 16748       1       java.text.DecimalFormat::append (94 bytes)
Event: 29225.525 Thread 0x0000000140984000 nmethod 16748 0x0000000110884f10 code [0x0000000110885100, 0x0000000110885770]
Event: 29225.531 Thread 0x0000000140984000 16750       1       org.apache.rocketmq.logging.inner.Level::toInt (5 bytes)
Event: 29225.531 Thread 0x0000000140984000 nmethod 16750 0x0000000110885a90 code [0x0000000110885c40, 0x0000000110885d90]
Event: 29225.534 Thread 0x0000000140984000 16751       1       org.apache.rocketmq.logging.inner.LoggingBuilder$AsyncAppender$DiscardSummary::add (36 bytes)
Event: 29225.534 Thread 0x0000000140984000 nmethod 16751 0x0000000110885e10 code [0x0000000110885fc0, 0x00000001108861d0]
Event: 29225.617 Thread 0x0000000140984000 16752 % !   1       org.apache.rocketmq.logging.inner.LoggingBuilder$AsyncAppender$Dispatcher::run @ 231 (296 bytes)
Event: 29225.618 Thread 0x0000000140984000 nmethod 16752% 0x0000000110886310 code [0x0000000110886640, 0x0000000110887420]
Event: 29225.680 Thread 0x0000000140984000 16753       1       java.util.stream.ReduceOps$ReduceOp::<init> (10 bytes)
Event: 29225.680 Thread 0x0000000140984000 nmethod 16753 0x0000000110887f90 code [0x0000000110888140, 0x00000001108882d0]
Event: 29225.680 Thread 0x0000000140984000 16754       1       java.util.HashMap::getOrDefault (23 bytes)
Event: 29225.681 Thread 0x0000000140984000 nmethod 16754 0x0000000110888390 code [0x0000000110888540, 0x0000000110888770]
Event: 29225.739 Thread 0x0000000140984000 16755       1       org.apache.rocketmq.common.help.FAQUrl::attachDefaultURL (58 bytes)
Event: 29225.740 Thread 0x0000000140984000 nmethod 16755 0x0000000110888890 code [0x0000000110888ac0, 0x0000000110888f50]
Event: 29225.770 Thread 0x0000000140984000 16756       1       org.apache.rocketmq.client.exception.MQClientException::<init> (49 bytes)
Event: 29225.772 Thread 0x0000000140984000 nmethod 16756 0x0000000110889190 code [0x0000000110889400, 0x0000000110889970]
Event: 29225.772 Thread 0x0000000140984000 16757       1       org.apache.rocketmq.common.UtilAll::responseCode2String (5 bytes)
Event: 29225.772 Thread 0x0000000140984000 nmethod 16757 0x0000000110889c10 code [0x0000000110889dc0, 0x0000000110889f00]
Event: 29225.772 Thread 0x0000000140984000 16758       1       com.alibaba.fastjson.parser.JSONScanner::sub_chars (55 bytes)
Event: 29225.774 Thread 0x0000000140984000 nmethod 16758 0x0000000110889f90 code [0x000000011088a140, 0x000000011088a3c0]

GC Heap History (20 events):
Event: 13158.400 GC heap before
{Heap before GC invocations=25 (full 0):
 garbage-first heap   total 673792K, used 460034K [0x0000000640000000, 0x00000007c0000000)
  region size 1024K, 394 young (403456K), 14 survivors (14336K)
 Metaspace       used 105791K, capacity 108891K, committed 109040K, reserved 1144832K
  class space    used 13258K, capacity 14527K, committed 14528K, reserved 1048576K
}
Event: 13158.434 GC heap after
{Heap after GC invocations=26 (full 0):
 garbage-first heap   total 673792K, used 76339K [0x0000000640000000, 0x00000007c0000000)
  region size 1024K, 18 young (18432K), 18 survivors (18432K)
 Metaspace       used 105791K, capacity 108891K, committed 109040K, reserved 1144832K
  class space    used 13258K, capacity 14527K, committed 14528K, reserved 1048576K
}
Event: 14948.541 GC heap before
{Heap before GC invocations=26 (full 0):
 garbage-first heap   total 673792K, used 460339K [0x0000000640000000, 0x00000007c0000000)
  region size 1024K, 394 young (403456K), 18 survivors (18432K)
 Metaspace       used 105791K, capacity 108891K, committed 109040K, reserved 1144832K
  class space    used 13258K, capacity 14527K, committed 14528K, reserved 1048576K
}
Event: 14948.585 GC heap after
{Heap after GC invocations=27 (full 0):
 garbage-first heap   total 673792K, used 78217K [0x0000000640000000, 0x00000007c0000000)
  region size 1024K, 20 young (20480K), 20 survivors (20480K)
 Metaspace       used 105791K, capacity 108891K, committed 109040K, reserved 1144832K
  class space    used 13258K, capacity 14527K, committed 14528K, reserved 1048576K
}
Event: 16792.799 GC heap before
{Heap before GC invocations=27 (full 0):
 garbage-first heap   total 673792K, used 460169K [0x0000000640000000, 0x00000007c0000000)
  region size 1024K, 394 young (403456K), 20 survivors (20480K)
 Metaspace       used 105791K, capacity 108891K, committed 109040K, reserved 1144832K
  class space    used 13258K, capacity 14527K, committed 14528K, reserved 1048576K
}
Event: 16792.854 GC heap after
{Heap after GC invocations=28 (full 0):
 garbage-first heap   total 673792K, used 73212K [0x0000000640000000, 0x00000007c0000000)
  region size 1024K, 15 young (15360K), 15 survivors (15360K)
 Metaspace       used 105791K, capacity 108891K, committed 109040K, reserved 1144832K
  class space    used 13258K, capacity 14527K, committed 14528K, reserved 1048576K
}
Event: 18622.416 GC heap before
{Heap before GC invocations=28 (full 0):
 garbage-first heap   total 673792K, used 460284K [0x0000000640000000, 0x00000007c0000000)
  region size 1024K, 394 young (403456K), 15 survivors (15360K)
 Metaspace       used 105814K, capacity 108891K, committed 109040K, reserved 1144832K
  class space    used 13261K, capacity 14527K, committed 14528K, reserved 1048576K
}
Event: 18622.442 GC heap after
{Heap after GC invocations=29 (full 0):
 garbage-first heap   total 673792K, used 75091K [0x0000000640000000, 0x00000007c0000000)
  region size 1024K, 17 young (17408K), 17 survivors (17408K)
 Metaspace       used 105814K, capacity 108891K, committed 109040K, reserved 1144832K
  class space    used 13261K, capacity 14527K, committed 14528K, reserved 1048576K
}
Event: 20467.264 GC heap before
{Heap before GC invocations=29 (full 0):
 garbage-first heap   total 673792K, used 460115K [0x0000000640000000, 0x00000007c0000000)
  region size 1024K, 394 young (403456K), 17 survivors (17408K)
 Metaspace       used 105814K, capacity 108891K, committed 109040K, reserved 1144832K
  class space    used 13261K, capacity 14527K, committed 14528K, reserved 1048576K
}
Event: 20467.304 GC heap after
{Heap after GC invocations=30 (full 0):
 garbage-first heap   total 673792K, used 73980K [0x0000000640000000, 0x00000007c0000000)
  region size 1024K, 8 young (8192K), 8 survivors (8192K)
 Metaspace       used 105814K, capacity 108891K, committed 109040K, reserved 1144832K
  class space    used 13261K, capacity 14527K, committed 14528K, reserved 1048576K
}
Event: 22346.773 GC heap before
{Heap before GC invocations=30 (full 0):
 garbage-first heap   total 673792K, used 468220K [0x0000000640000000, 0x00000007c0000000)
  region size 1024K, 394 young (403456K), 8 survivors (8192K)
 Metaspace       used 105814K, capacity 108891K, committed 109040K, reserved 1144832K
  class space    used 13261K, capacity 14527K, committed 14528K, reserved 1048576K
}
Event: 22346.799 GC heap after
{Heap after GC invocations=31 (full 0):
 garbage-first heap   total 673792K, used 74348K [0x0000000640000000, 0x00000007c0000000)
  region size 1024K, 4 young (4096K), 4 survivors (4096K)
 Metaspace       used 105814K, capacity 108891K, committed 109040K, reserved 1144832K
  class space    used 13261K, capacity 14527K, committed 14528K, reserved 1048576K
}
Event: 24245.640 GC heap before
{Heap before GC invocations=31 (full 0):
 garbage-first heap   total 673792K, used 472684K [0x0000000640000000, 0x00000007c0000000)
  region size 1024K, 394 young (403456K), 4 survivors (4096K)
 Metaspace       used 105814K, capacity 108891K, committed 109040K, reserved 1144832K
  class space    used 13261K, capacity 14527K, committed 14528K, reserved 1048576K
}
Event: 24245.652 GC heap after
{Heap after GC invocations=32 (full 0):
 garbage-first heap   total 673792K, used 73746K [0x0000000640000000, 0x00000007c0000000)
  region size 1024K, 3 young (3072K), 3 survivors (3072K)
 Metaspace       used 105814K, capacity 108891K, committed 109040K, reserved 1144832K
  class space    used 13261K, capacity 14527K, committed 14528K, reserved 1048576K
}
Event: 26163.563 GC heap before
{Heap before GC invocations=32 (full 0):
 garbage-first heap   total 673792K, used 473106K [0x0000000640000000, 0x00000007c0000000)
  region size 1024K, 394 young (403456K), 3 survivors (3072K)
 Metaspace       used 105814K, capacity 108891K, committed 109040K, reserved 1144832K
  class space    used 13261K, capacity 14527K, committed 14528K, reserved 1048576K
}
Event: 26163.595 GC heap after
{Heap after GC invocations=33 (full 0):
 garbage-first heap   total 673792K, used 74282K [0x0000000640000000, 0x00000007c0000000)
  region size 1024K, 3 young (3072K), 3 survivors (3072K)
 Metaspace       used 105814K, capacity 108891K, committed 109040K, reserved 1144832K
  class space    used 13261K, capacity 14527K, committed 14528K, reserved 1048576K
}
Event: 28030.405 GC heap before
{Heap before GC invocations=33 (full 0):
 garbage-first heap   total 673792K, used 473642K [0x0000000640000000, 0x00000007c0000000)
  region size 1024K, 394 young (403456K), 3 survivors (3072K)
 Metaspace       used 105814K, capacity 108891K, committed 109040K, reserved 1144832K
  class space    used 13261K, capacity 14527K, committed 14528K, reserved 1048576K
}
Event: 28030.421 GC heap after
{Heap after GC invocations=34 (full 0):
 garbage-first heap   total 673792K, used 73742K [0x0000000640000000, 0x00000007c0000000)
  region size 1024K, 3 young (3072K), 3 survivors (3072K)
 Metaspace       used 105814K, capacity 108891K, committed 109040K, reserved 1144832K
  class space    used 13261K, capacity 14527K, committed 14528K, reserved 1048576K
}
Event: 29225.657 GC heap before
{Heap before GC invocations=34 (full 0):
 garbage-first heap   total 673792K, used 473102K [0x0000000640000000, 0x00000007c0000000)
  region size 1024K, 394 young (403456K), 3 survivors (3072K)
 Metaspace       used 105836K, capacity 108955K, committed 109040K, reserved 1144832K
  class space    used 13262K, capacity 14527K, committed 14528K, reserved 1048576K
}
Event: 29225.670 GC heap after
{Heap after GC invocations=35 (full 0):
 garbage-first heap   total 673792K, used 75449K [0x0000000640000000, 0x00000007c0000000)
  region size 1024K, 4 young (4096K), 4 survivors (4096K)
 Metaspace       used 105836K, capacity 108955K, committed 109040K, reserved 1144832K
  class space    used 13262K, capacity 14527K, committed 14528K, reserved 1048576K
}

Deoptimization events (20 events):
Event: 1303.195 Thread 0x0000000149278000 DEOPT PACKING pc=0x00000001104e32e4 sp=0x000000017905a460
Event: 1303.195 Thread 0x0000000149278000 DEOPT UNPACKING pc=0x000000010e6d527c sp=0x000000017905a2a0 mode 3
Event: 1306.188 Thread 0x0000000144065000 DEOPT PACKING pc=0x000000011042a6a4 sp=0x000000017967df20
Event: 1306.188 Thread 0x0000000144065000 DEOPT UNPACKING pc=0x000000010e6d527c sp=0x000000017967dcf0 mode 3
Event: 8142.579 Thread 0x0000000148d42000 DEOPT PACKING pc=0x000000011017390c sp=0x0000000301059d20
Event: 8142.579 Thread 0x0000000148d42000 DEOPT UNPACKING pc=0x000000010e6d527c sp=0x0000000301059bb0 mode 3
Event: 11414.680 Thread 0x00000001493cc000 DEOPT PACKING pc=0x000000011035596c sp=0x000000017e4457d0
Event: 11414.680 Thread 0x00000001493cc000 DEOPT UNPACKING pc=0x000000010e6d527c sp=0x000000017e445610 mode 3
Event: 12589.586 Thread 0x000000014947e000 DEOPT PACKING pc=0x00000001105c2134 sp=0x0000000301471bf0
Event: 12589.586 Thread 0x000000014947e000 DEOPT UNPACKING pc=0x000000010e6d527c sp=0x00000003014719a0 mode 3
Event: 18356.524 Thread 0x0000000136891800 DEOPT PACKING pc=0x00000001104d4f1c sp=0x0000000316f6d220
Event: 18356.524 Thread 0x0000000136891800 DEOPT UNPACKING pc=0x000000010e6d527c sp=0x0000000316f6d050 mode 3
Event: 18356.680 Thread 0x0000000136891800 DEOPT PACKING pc=0x000000011015e524 sp=0x0000000316f6df60
Event: 18356.680 Thread 0x0000000136891800 DEOPT UNPACKING pc=0x000000010e6d527c sp=0x0000000316f6dde0 mode 3
Event: 29225.412 Thread 0x000000014933b800 DEOPT PACKING pc=0x00000001100a6c10 sp=0x000000017e85dc90
Event: 29225.412 Thread 0x000000014933b800 DEOPT UNPACKING pc=0x000000010e6d527c sp=0x000000017e85da60 mode 3
Event: 29225.436 Thread 0x00000001493fd000 DEOPT PACKING pc=0x00000001104f4270 sp=0x000000017c5928f0
Event: 29225.436 Thread 0x00000001493fd000 DEOPT UNPACKING pc=0x000000010e6d527c sp=0x000000017c592700 mode 3
Event: 29225.553 Thread 0x00000001493fd000 DEOPT PACKING pc=0x00000001104f20e4 sp=0x000000017c592900
Event: 29225.553 Thread 0x00000001493fd000 DEOPT UNPACKING pc=0x000000010e6d527c sp=0x000000017c592700 mode 3

Classes redefined (0 events):
No events

Internal exceptions (20 events):
Event: 29225.851 Thread 0x00000001493cc000 Exception <a 'java/net/SocketException'{0x00000006648f3240}> (0x00000006648f3240) thrown at [src/hotspot/share/prims/jni.cpp, line 617]
Event: 29225.851 Thread 0x00000001493cc000 Exception <a 'java/security/PrivilegedActionException'{0x00000006648f3548}> (0x00000006648f3548) thrown at [src/hotspot/share/prims/jvm.cpp, line 1306]
Event: 29225.851 Thread 0x0000000148d40800 Exception <a 'java/net/SocketException'{0x000000066465df00}> (0x000000066465df00) thrown at [src/hotspot/share/prims/jni.cpp, line 617]
Event: 29225.851 Thread 0x0000000148d40800 Exception <a 'java/security/PrivilegedActionException'{0x000000066465e208}> (0x000000066465e208) thrown at [src/hotspot/share/prims/jvm.cpp, line 1306]
Event: 29225.852 Thread 0x0000000148d40800 Exception <a 'java/net/SocketException'{0x000000066465f6d0}> (0x000000066465f6d0) thrown at [src/hotspot/share/prims/jni.cpp, line 617]
Event: 29225.852 Thread 0x0000000148d40800 Exception <a 'java/security/PrivilegedActionException'{0x000000066465f9d8}> (0x000000066465f9d8) thrown at [src/hotspot/share/prims/jvm.cpp, line 1306]
Event: 29225.852 Thread 0x00000001493cc000 Exception <a 'java/net/SocketException'{0x00000006648f4f00}> (0x00000006648f4f00) thrown at [src/hotspot/share/prims/jni.cpp, line 617]
Event: 29225.852 Thread 0x00000001493cc000 Exception <a 'java/security/PrivilegedActionException'{0x00000006648f5208}> (0x00000006648f5208) thrown at [src/hotspot/share/prims/jvm.cpp, line 1306]
Event: 29225.852 Thread 0x00000001493cc000 Exception <a 'java/net/SocketException'{0x00000006648f66d0}> (0x00000006648f66d0) thrown at [src/hotspot/share/prims/jni.cpp, line 617]
Event: 29225.852 Thread 0x00000001493cc000 Exception <a 'java/security/PrivilegedActionException'{0x00000006648f69d8}> (0x00000006648f69d8) thrown at [src/hotspot/share/prims/jvm.cpp, line 1306]
Event: 29225.852 Thread 0x0000000148d40800 Exception <a 'java/net/SocketException'{0x00000006646606f8}> (0x00000006646606f8) thrown at [src/hotspot/share/prims/jni.cpp, line 617]
Event: 29225.852 Thread 0x0000000148d40800 Exception <a 'java/security/PrivilegedActionException'{0x0000000664660a00}> (0x0000000664660a00) thrown at [src/hotspot/share/prims/jvm.cpp, line 1306]
Event: 29225.853 Thread 0x00000001493cc000 Exception <a 'java/net/SocketException'{0x00000006648f7ea0}> (0x00000006648f7ea0) thrown at [src/hotspot/share/prims/jni.cpp, line 617]
Event: 29225.853 Thread 0x00000001493cc000 Exception <a 'java/security/PrivilegedActionException'{0x00000006648f81a8}> (0x00000006648f81a8) thrown at [src/hotspot/share/prims/jvm.cpp, line 1306]
Event: 29225.853 Thread 0x00000001493cc000 Exception <a 'java/net/SocketException'{0x000000066458a7d8}> (0x000000066458a7d8) thrown at [src/hotspot/share/prims/jni.cpp, line 617]
Event: 29225.853 Thread 0x00000001493cc000 Exception <a 'java/security/PrivilegedActionException'{0x000000066458aae0}> (0x000000066458aae0) thrown at [src/hotspot/share/prims/jvm.cpp, line 1306]
Event: 29225.854 Thread 0x0000000148d40800 Exception <a 'java/net/SocketException'{0x0000000664662530}> (0x0000000664662530) thrown at [src/hotspot/share/prims/jni.cpp, line 617]
Event: 29225.854 Thread 0x0000000148d40800 Exception <a 'java/security/PrivilegedActionException'{0x0000000664662838}> (0x0000000664662838) thrown at [src/hotspot/share/prims/jvm.cpp, line 1306]
Event: 29225.854 Thread 0x0000000148d40800 Exception <a 'java/net/SocketException'{0x00000006646634d0}> (0x00000006646634d0) thrown at [src/hotspot/share/prims/jni.cpp, line 617]
Event: 29225.854 Thread 0x0000000148d40800 Exception <a 'java/security/PrivilegedActionException'{0x00000006646637d8}> (0x00000006646637d8) thrown at [src/hotspot/share/prims/jvm.cpp, line 1306]

Events (20 events):
Event: 29225.643 Executing VM operation: RevokeBias
Event: 29225.643 Executing VM operation: RevokeBias done
Event: 29225.643 Executing VM operation: RevokeBias
Event: 29225.643 Executing VM operation: RevokeBias done
Event: 29225.654 Executing VM operation: RevokeBias
Event: 29225.654 Executing VM operation: RevokeBias done
Event: 29225.654 Executing VM operation: RevokeBias
Event: 29225.655 Executing VM operation: RevokeBias done
Event: 29225.657 Executing VM operation: G1CollectForAllocation
Event: 29225.670 Executing VM operation: G1CollectForAllocation done
Event: 29225.684 Executing VM operation: RevokeBias
Event: 29225.684 Executing VM operation: RevokeBias done
Event: 29225.686 Executing VM operation: RevokeBias
Event: 29225.686 Executing VM operation: RevokeBias done
Event: 29225.705 Executing VM operation: RevokeBias
Event: 29225.705 Executing VM operation: RevokeBias done
Event: 29225.706 Executing VM operation: RevokeBias
Event: 29225.706 Executing VM operation: RevokeBias done
Event: 29225.721 Executing VM operation: BulkRevokeBias
Event: 29225.723 Executing VM operation: BulkRevokeBias done


Dynamic libraries:
0x0000000104220000 	/opt/homebrew/Cellar/openjdk@11/11.0.25/libexec/openjdk.jdk/Contents/Home/lib/jli/libjli.dylib
0x00000001aac7d000 	/System/Library/Frameworks/Cocoa.framework/Versions/A/Cocoa
0x0000000192bb3000 	/System/Library/Frameworks/AppKit.framework/Versions/C/AppKit
0x0000000195e6b000 	/System/Library/Frameworks/CoreData.framework/Versions/A/CoreData
0x00000001901ed000 	/System/Library/Frameworks/Foundation.framework/Versions/C/Foundation
0x000000019cb71000 	/usr/lib/libSystem.B.dylib
0x0000000193ff0000 	/System/Library/PrivateFrameworks/UIFoundation.framework/Versions/A/UIFoundation
0x0000000237ceb000 	/System/Library/PrivateFrameworks/CollectionViewCore.framework/Versions/A/CollectionViewCore
0x00000001a3dfd000 	/System/Library/PrivateFrameworks/RemoteViewServices.framework/Versions/A/RemoteViewServices
0x000000019a7f7000 	/System/Library/PrivateFrameworks/XCTTargetBootstrap.framework/Versions/A/XCTTargetBootstrap
0x000000019f257000 	/System/Library/PrivateFrameworks/InternationalSupport.framework/Versions/A/InternationalSupport
0x000000019f2b6000 	/System/Library/PrivateFrameworks/UserActivity.framework/Versions/A/UserActivity
0x000000026356f000 	/System/Library/PrivateFrameworks/UIIntelligenceSupport.framework/Versions/A/UIIntelligenceSupport
0x000000022e0b4000 	/System/Library/Frameworks/SwiftUICore.framework/Versions/A/SwiftUICore
0x0000000268520000 	/System/Library/PrivateFrameworks/WritingTools.framework/Versions/A/WritingTools
0x0000000267573000 	/System/Library/PrivateFrameworks/WindowManagement.framework/Versions/A/WindowManagement
0x000000018fe47000 	/System/Library/Frameworks/SystemConfiguration.framework/Versions/A/SystemConfiguration
0x000000019e6a0000 	/usr/lib/libspindump.dylib
0x00000001941a2000 	/System/Library/Frameworks/UniformTypeIdentifiers.framework/Versions/A/UniformTypeIdentifiers
0x000000019bf6f000 	/usr/lib/libbsm.0.dylib
0x00000001982b9000 	/usr/lib/libapp_launch_measurement.dylib
0x00000001976b5000 	/System/Library/PrivateFrameworks/CoreAnalytics.framework/Versions/A/CoreAnalytics
0x00000001982bd000 	/System/Library/PrivateFrameworks/CoreAutoLayout.framework/Versions/A/CoreAutoLayout
0x0000000199e40000 	/System/Library/Frameworks/Metal.framework/Versions/A/Metal
0x000000019b03e000 	/usr/lib/liblangid.dylib
0x000000019a7fd000 	/System/Library/PrivateFrameworks/CoreSVG.framework/Versions/A/CoreSVG
0x0000000194bc3000 	/System/Library/PrivateFrameworks/SkyLight.framework/Versions/A/SkyLight
0x00000001950f0000 	/System/Library/Frameworks/CoreGraphics.framework/Versions/A/CoreGraphics
0x00000001a44d6000 	/System/Library/Frameworks/Accelerate.framework/Versions/A/Accelerate
0x000000019e4d2000 	/System/Library/PrivateFrameworks/IconServices.framework/Versions/A/IconServices
0x0000000199e1d000 	/System/Library/Frameworks/IOSurface.framework/Versions/A/IOSurface
0x00000001976e7000 	/usr/lib/libDiagnosticMessagesClient.dylib
0x000000019cab5000 	/usr/lib/libz.1.dylib
0x00000001a8362000 	/System/Library/Frameworks/ApplicationServices.framework/Versions/A/ApplicationServices
0x000000019a7e2000 	/System/Library/PrivateFrameworks/DFRFoundation.framework/Versions/A/DFRFoundation
0x000000019241d000 	/usr/lib/libicucore.A.dylib
0x00000001a03d0000 	/System/Library/Frameworks/AudioToolbox.framework/Versions/A/AudioToolbox
0x000000019f267000 	/System/Library/PrivateFrameworks/DataDetectorsCore.framework/Versions/A/DataDetectorsCore
0x00000001ba8fd000 	/System/Library/PrivateFrameworks/TextInput.framework/Versions/A/TextInput
0x0000000194b0f000 	/usr/lib/libMobileGestalt.dylib
0x000000019a4da000 	/System/Library/Frameworks/Carbon.framework/Versions/A/Frameworks/HIToolbox.framework/Versions/A/HIToolbox
0x0000000197bb8000 	/System/Library/Frameworks/QuartzCore.framework/Versions/A/QuartzCore
0x0000000192026000 	/System/Library/Frameworks/Security.framework/Versions/A/Security
0x00000001a3e38000 	/System/Library/Frameworks/Carbon.framework/Versions/A/Frameworks/SpeechRecognition.framework/Versions/A/SpeechRecognition
0x0000000197fd2000 	/System/Library/PrivateFrameworks/CoreUI.framework/Versions/A/CoreUI
0x00000001918da000 	/System/Library/Frameworks/CoreAudio.framework/Versions/A/CoreAudio
0x00000001977d3000 	/System/Library/Frameworks/DiskArbitration.framework/Versions/A/DiskArbitration
0x000000019eb13000 	/System/Library/PrivateFrameworks/MultitouchSupport.framework/Versions/A/MultitouchSupport
0x0000000194b0d000 	/usr/lib/libenergytrace.dylib
0x00000001af2e5000 	/System/Library/PrivateFrameworks/RenderBox.framework/Versions/A/RenderBox
0x0000000192a63000 	/System/Library/Frameworks/IOKit.framework/Versions/A/IOKit
0x00000001a422c000 	/System/Library/Frameworks/CoreServices.framework/Versions/A/CoreServices
0x000000019824a000 	/System/Library/PrivateFrameworks/PerformanceAnalysis.framework/Versions/A/PerformanceAnalysis
0x00000001ebe6d000 	/System/Library/Frameworks/OpenGL.framework/Versions/A/OpenGL
0x0000000198307000 	/usr/lib/libxml2.2.dylib
0x000000019be54000 	/System/Library/PrivateFrameworks/MobileKeyBag.framework/Versions/A/MobileKeyBag
0x000000018ebb8000 	/usr/lib/libobjc.A.dylib
0x000000018eea5000 	/usr/lib/libc++.1.dylib
0x00000001a41ac000 	/System/Library/Frameworks/Accessibility.framework/Versions/A/Accessibility
0x000000019580f000 	/System/Library/Frameworks/ColorSync.framework/Versions/A/ColorSync
0x000000018effb000 	/System/Library/Frameworks/CoreFoundation.framework/Versions/A/CoreFoundation
0x000000019abbb000 	/System/Library/Frameworks/CoreImage.framework/Versions/A/CoreImage
0x00000001916ca000 	/System/Library/Frameworks/CoreText.framework/Versions/A/CoreText
0x00000001ed3d4000 	/System/Library/Frameworks/CoreTransferable.framework/Versions/A/CoreTransferable
0x00000001ed973000 	/System/Library/Frameworks/DeveloperToolsSupport.framework/Versions/A/DeveloperToolsSupport
0x000000019a839000 	/System/Library/Frameworks/ImageIO.framework/Versions/A/ImageIO
0x000000022ecce000 	/System/Library/Frameworks/Symbols.framework/Versions/A/Symbols
0x000000019cb76000 	/System/Library/PrivateFrameworks/SoftLinking.framework/Versions/A/SoftLinking
0x00000001cc772000 	/usr/lib/swift/libswiftAccelerate.dylib
0x000000019fd31000 	/usr/lib/swift/libswiftCore.dylib
0x00000001b707e000 	/usr/lib/swift/libswiftCoreFoundation.dylib
0x00000001b70db000 	/usr/lib/swift/libswiftCoreImage.dylib
0x00000001b482a000 	/usr/lib/swift/libswiftDarwin.dylib
0x00000001a5ce6000 	/usr/lib/swift/libswiftDispatch.dylib
0x00000001b70dc000 	/usr/lib/swift/libswiftIOKit.dylib
0x00000001c3909000 	/usr/lib/swift/libswiftMetal.dylib
0x00000001d1c07000 	/usr/lib/swift/libswiftOSLog.dylib
0x00000001a88cd000 	/usr/lib/swift/libswiftObjectiveC.dylib
0x000000026f708000 	/usr/lib/swift/libswiftObservation.dylib
0x00000001c8234000 	/usr/lib/swift/libswiftQuartzCore.dylib
0x00000001cc763000 	/usr/lib/swift/libswiftUniformTypeIdentifiers.dylib
0x00000001b7090000 	/usr/lib/swift/libswiftXPC.dylib
0x000000026f7fe000 	/usr/lib/swift/libswift_Builtin_float.dylib
0x000000026f803000 	/usr/lib/swift/libswift_Concurrency.dylib
0x000000026f96b000 	/usr/lib/swift/libswift_StringProcessing.dylib
0x000000026fa1e000 	/usr/lib/swift/libswift_errno.dylib
0x000000026fa20000 	/usr/lib/swift/libswift_math.dylib
0x000000026fa23000 	/usr/lib/swift/libswift_signal.dylib
0x000000026fa24000 	/usr/lib/swift/libswift_stdio.dylib
0x000000026fa25000 	/usr/lib/swift/libswift_time.dylib
0x00000001a88d1000 	/usr/lib/swift/libswiftos.dylib
0x00000001ba854000 	/usr/lib/swift/libswiftsimd.dylib
0x000000026fa26000 	/usr/lib/swift/libswiftsys_time.dylib
0x000000026fa27000 	/usr/lib/swift/libswiftunistd.dylib
0x000000019cd22000 	/usr/lib/libcompression.dylib
0x000000019f1af000 	/System/Library/PrivateFrameworks/TextureIO.framework/Versions/A/TextureIO
0x000000019e163000 	/usr/lib/libate.dylib
0x000000019cb6b000 	/usr/lib/system/libcache.dylib
0x000000019cb24000 	/usr/lib/system/libcommonCrypto.dylib
0x000000019cb51000 	/usr/lib/system/libcompiler_rt.dylib
0x000000019cb46000 	/usr/lib/system/libcopyfile.dylib
0x000000018ecf7000 	/usr/lib/system/libcorecrypto.dylib
0x000000018edd9000 	/usr/lib/system/libdispatch.dylib
0x000000018ef96000 	/usr/lib/system/libdyld.dylib
0x000000019cb61000 	/usr/lib/system/libkeymgr.dylib
0x000000019cb03000 	/usr/lib/system/libmacho.dylib
0x000000019bf48000 	/usr/lib/system/libquarantine.dylib
0x000000019cb5e000 	/usr/lib/system/libremovefile.dylib
0x0000000194b88000 	/usr/lib/system/libsystem_asl.dylib
0x000000018ec8c000 	/usr/lib/system/libsystem_blocks.dylib
0x000000018ee23000 	/usr/lib/system/libsystem_c.dylib
0x000000019cb55000 	/usr/lib/system/libsystem_collections.dylib
0x000000019b02b000 	/usr/lib/system/libsystem_configuration.dylib
0x0000000199dee000 	/usr/lib/system/libsystem_containermanager.dylib
0x000000019c657000 	/usr/lib/system/libsystem_coreservices.dylib
0x00000001926e1000 	/usr/lib/system/libsystem_darwin.dylib
0x000000026fb6a000 	/usr/lib/system/libsystem_darwindirectory.dylib
0x000000019cb62000 	/usr/lib/system/libsystem_dnssd.dylib
0x000000026fb6e000 	/usr/lib/system/libsystem_eligibility.dylib
0x000000018ee20000 	/usr/lib/system/libsystem_featureflags.dylib
0x000000018efcb000 	/usr/lib/system/libsystem_info.dylib
0x000000019cac4000 	/usr/lib/system/libsystem_m.dylib
0x000000018ed97000 	/usr/lib/system/libsystem_malloc.dylib
0x0000000194af2000 	/usr/lib/system/libsystem_networkextension.dylib
0x0000000192b44000 	/usr/lib/system/libsystem_notify.dylib
0x000000019b030000 	/usr/lib/system/libsystem_sandbox.dylib
0x000000026fb75000 	/usr/lib/system/libsystem_sanitizers.dylib
0x000000019cb5a000 	/usr/lib/system/libsystem_secinit.dylib
0x000000018ef4e000 	/usr/lib/system/libsystem_kernel.dylib
0x000000018efc3000 	/usr/lib/system/libsystem_platform.dylib
0x000000018ef89000 	/usr/lib/system/libsystem_pthread.dylib
0x0000000196691000 	/usr/lib/system/libsystem_symptoms.dylib
0x000000018ecdb000 	/usr/lib/system/libsystem_trace.dylib
0x000000019cb32000 	/usr/lib/system/libunwind.dylib
0x000000018ec90000 	/usr/lib/system/libxpc.dylib
0x000000018ef33000 	/usr/lib/libc++abi.dylib
0x000000019cb3e000 	/usr/lib/liboah.dylib
0x00000001929e2000 	/System/Library/PrivateFrameworks/CoreServicesInternal.framework/Versions/A/CoreServicesInternal
0x000000019cb73000 	/usr/lib/libfakelink.dylib
0x00000001a7e13000 	/System/Library/PrivateFrameworks/DiskImages.framework/Versions/A/DiskImages
0x00000001b4357000 	/System/Library/Frameworks/NetFS.framework/Versions/A/NetFS
0x0000000194729000 	/System/Library/Frameworks/CFNetwork.framework/Versions/A/CFNetwork
0x0000000198281000 	/System/Library/Frameworks/CoreServices.framework/Versions/A/Frameworks/FSEvents.framework/Versions/A/FSEvents
0x00000001926ec000 	/System/Library/Frameworks/CoreServices.framework/Versions/A/Frameworks/CarbonCore.framework/Versions/A/CarbonCore
0x0000000197749000 	/System/Library/Frameworks/CoreServices.framework/Versions/A/Frameworks/Metadata.framework/Versions/A/Metadata
0x000000019c65e000 	/System/Library/Frameworks/CoreServices.framework/Versions/A/Frameworks/OSServices.framework/Versions/A/OSServices
0x000000019cc51000 	/System/Library/Frameworks/CoreServices.framework/Versions/A/Frameworks/SearchKit.framework/Versions/A/SearchKit
0x000000019660b000 	/System/Library/Frameworks/CoreServices.framework/Versions/A/Frameworks/AE.framework/Versions/A/AE
0x000000018f4f0000 	/System/Library/Frameworks/CoreServices.framework/Versions/A/Frameworks/LaunchServices.framework/Versions/A/LaunchServices
0x000000019dfb5000 	/System/Library/Frameworks/CoreServices.framework/Versions/A/Frameworks/DictionaryServices.framework/Versions/A/DictionaryServices
0x000000019828f000 	/System/Library/Frameworks/CoreServices.framework/Versions/A/Frameworks/SharedFileList.framework/Versions/A/SharedFileList
0x000000019ccec000 	/usr/lib/libapple_nghttp2.dylib
0x0000000196273000 	/usr/lib/libsqlite3.dylib
0x00000001a0a3c000 	/System/Library/Frameworks/GSS.framework/Versions/A/GSS
0x00000001965a4000 	/System/Library/PrivateFrameworks/RunningBoardServices.framework/Versions/A/RunningBoardServices
0x000000019669a000 	/System/Library/Frameworks/Network.framework/Versions/A/Network
0x000000019cb07000 	/usr/lib/system/libkxld.dylib
0x000000026eb3c000 	/usr/lib/libCoreEntitlements.dylib
0x000000024d330000 	/System/Library/PrivateFrameworks/MessageSecurity.framework/Versions/A/MessageSecurity
0x0000000196259000 	/System/Library/PrivateFrameworks/ProtocolBuffer.framework/Versions/A/ProtocolBuffer
0x000000019c63f000 	/System/Library/PrivateFrameworks/AppleFSCompression.framework/Versions/A/AppleFSCompression
0x000000019bf57000 	/usr/lib/libcoretls.dylib
0x000000019e02c000 	/usr/lib/libcoretls_cfhelpers.dylib
0x000000019cd1c000 	/usr/lib/libpam.2.dylib
0x000000019e09f000 	/usr/lib/libxar.1.dylib
0x000000019cbc8000 	/usr/lib/libarchive.2.dylib
0x00000001a212d000 	/System/Library/Frameworks/Combine.framework/Versions/A/Combine
0x0000000237d0f000 	/System/Library/PrivateFrameworks/CollectionsInternal.framework/Versions/A/CollectionsInternal
0x0000000255233000 	/System/Library/PrivateFrameworks/ReflectionInternal.framework/Versions/A/ReflectionInternal
0x0000000255ecb000 	/System/Library/PrivateFrameworks/RuntimeInternal.framework/Versions/A/RuntimeInternal
0x000000026f785000 	/usr/lib/swift/libswiftSystem.dylib
0x000000019b039000 	/System/Library/PrivateFrameworks/AppleSystemInfo.framework/Versions/A/AppleSystemInfo
0x00000001b6f71000 	/System/Library/PrivateFrameworks/LoggingSupport.framework/Versions/A/LoggingSupport
0x0000000198491000 	/System/Library/PrivateFrameworks/UserManagement.framework/Versions/A/UserManagement
0x000000019465e000 	/usr/lib/libboringssl.dylib
0x0000000196680000 	/usr/lib/libdns_services.dylib
0x00000001b6160000 	/usr/lib/libquic.dylib
0x000000019fcc1000 	/usr/lib/libusrtcp.dylib
0x00000001d9290000 	/System/Library/PrivateFrameworks/InternalSwiftProtobuf.framework/Versions/A/InternalSwiftProtobuf
0x000000026f6d0000 	/usr/lib/swift/libswiftDistributed.dylib
0x0000000194728000 	/usr/lib/libnetwork.dylib
0x000000019ccc6000 	/System/Library/PrivateFrameworks/AppleSauce.framework/Versions/A/AppleSauce
0x000000018fce4000 	/System/Library/PrivateFrameworks/Lexicon.framework/Versions/A/Lexicon
0x0000000247151000 	/System/Library/PrivateFrameworks/IO80211.framework/Versions/A/IO80211
0x00000001a5f85000 	/System/Library/PrivateFrameworks/FrontBoardServices.framework/Versions/A/FrontBoardServices
0x000000019be7f000 	/System/Library/Frameworks/SecurityFoundation.framework/Versions/A/SecurityFoundation
0x000000019b160000 	/System/Library/PrivateFrameworks/LinguisticData.framework/Versions/A/LinguisticData
0x000000019bc53000 	/System/Library/PrivateFrameworks/IOMobileFramebuffer.framework/Versions/A/IOMobileFramebuffer
0x00000001964bf000 	/System/Library/PrivateFrameworks/BaseBoard.framework/Versions/A/BaseBoard
0x00000001a6051000 	/System/Library/PrivateFrameworks/BoardServices.framework/Versions/A/BoardServices
0x000000019be71000 	/System/Library/PrivateFrameworks/AssertionServices.framework/Versions/A/AssertionServices
0x00000001a7c4f000 	/System/Library/PrivateFrameworks/BackBoardServices.framework/Versions/A/BackBoardServices
0x000000019a24d000 	/System/Library/PrivateFrameworks/FontServices.framework/libFontParser.dylib
0x0000000194ba1000 	/System/Library/PrivateFrameworks/TCC.framework/Versions/A/TCC
0x00000001ab6f4000 	/System/Library/PrivateFrameworks/IOSurfaceAccelerator.framework/Versions/A/IOSurfaceAccelerator
0x000000019eb11000 	/System/Library/PrivateFrameworks/WatchdogClient.framework/Versions/A/WatchdogClient
0x00000001911f7000 	/System/Library/Frameworks/CoreDisplay.framework/Versions/A/CoreDisplay
0x000000019a0e2000 	/System/Library/Frameworks/CoreMedia.framework/Versions/A/CoreMedia
0x0000000199e36000 	/System/Library/PrivateFrameworks/IOAccelerator.framework/Versions/A/IOAccelerator
0x00000001983f1000 	/System/Library/Frameworks/CoreVideo.framework/Versions/A/CoreVideo
0x000000019cd1a000 	/System/Library/Frameworks/MetalPerformanceShaders.framework/Versions/A/MetalPerformanceShaders
0x000000025475b000 	/System/Library/PrivateFrameworks/ProDisplayLibrary.framework/Versions/A/ProDisplayLibrary
0x000000019eb58000 	/System/Library/Frameworks/VideoToolbox.framework/Versions/A/VideoToolbox
0x000000019b037000 	/System/Library/PrivateFrameworks/AggregateDictionary.framework/Versions/A/AggregateDictionary
0x000000019e02e000 	/System/Library/PrivateFrameworks/APFS.framework/Versions/A/APFS
0x0000000234498000 	/System/Library/PrivateFrameworks/AppleKeyStore.framework/Versions/A/AppleKeyStore
0x000000019e0ae000 	/usr/lib/libutil.dylib
0x000000019e00d000 	/usr/lib/liblzma.5.dylib
0x00000001977dc000 	/System/Library/Frameworks/Accelerate.framework/Versions/A/Frameworks/vImage.framework/Versions/A/vImage
0x00000001a4207000 	/System/Library/Frameworks/Accelerate.framework/Versions/A/Frameworks/vecLib.framework/Versions/A/vecLib
0x000000019e0e6000 	/System/Library/Frameworks/Accelerate.framework/Versions/A/Frameworks/vecLib.framework/Versions/A/libvMisc.dylib
0x000000018f954000 	/System/Library/Frameworks/Accelerate.framework/Versions/A/Frameworks/vecLib.framework/Versions/A/libBLAS.dylib
0x00000001a0618000 	/System/Library/Frameworks/ApplicationServices.framework/Versions/A/Frameworks/ATS.framework/Versions/A/ATS
0x00000001959c7000 	/System/Library/Frameworks/ApplicationServices.framework/Versions/A/Frameworks/HIServices.framework/Versions/A/HIServices
0x000000019f137000 	/System/Library/Frameworks/ApplicationServices.framework/Versions/A/Frameworks/PrintCore.framework/Versions/A/PrintCore
0x00000001a0a04000 	/System/Library/Frameworks/ApplicationServices.framework/Versions/A/Frameworks/QD.framework/Versions/A/QD
0x00000001a09fb000 	/System/Library/Frameworks/ApplicationServices.framework/Versions/A/Frameworks/ColorSyncLegacy.framework/Versions/A/ColorSyncLegacy
0x00000001a05ea000 	/System/Library/Frameworks/ApplicationServices.framework/Versions/A/Frameworks/SpeechSynthesis.framework/Versions/A/SpeechSynthesis
0x000000019bc20000 	/System/Library/PrivateFrameworks/CoreEmoji.framework/Versions/A/CoreEmoji
0x000000023e7ae000 	/System/Library/PrivateFrameworks/FontServices.framework/Versions/A/FontServices
0x000000019e64a000 	/System/Library/PrivateFrameworks/OTSVG.framework/Versions/A/OTSVG
0x0000000197f80000 	/System/Library/Frameworks/ApplicationServices.framework/Versions/A/Frameworks/ATS.framework/Versions/A/Resources/libFontRegistry.dylib
0x000000019e694000 	/System/Library/PrivateFrameworks/FontServices.framework/libhvf.dylib
0x00000002507be000 	/System/Library/PrivateFrameworks/ParsingInternal.framework/Versions/A/ParsingInternal
0x000000026f727000 	/usr/lib/swift/libswiftRegexBuilder.dylib
0x000000026f8c4000 	/usr/lib/swift/libswift_RegexParser.dylib
0x000000019e9d8000 	/System/Library/PrivateFrameworks/AppleJPEG.framework/Versions/A/AppleJPEG
0x000000019e45f000 	/usr/lib/libexpat.1.dylib
0x000000019f00c000 	/System/Library/Frameworks/ImageIO.framework/Versions/A/Resources/libPng.dylib
0x000000019f037000 	/System/Library/Frameworks/ImageIO.framework/Versions/A/Resources/libTIFF.dylib
0x000000019f122000 	/System/Library/Frameworks/ImageIO.framework/Versions/A/Resources/libGIF.dylib
0x000000019ea1e000 	/System/Library/Frameworks/ImageIO.framework/Versions/A/Resources/libJP2.dylib
0x000000019f0c8000 	/System/Library/Frameworks/ImageIO.framework/Versions/A/Resources/libJPEG.dylib
0x000000019f0bf000 	/System/Library/Frameworks/ImageIO.framework/Versions/A/Resources/libRadiance.dylib
0x0000000243576000 	/System/Library/PrivateFrameworks/GPUCompiler.framework/Versions/32023/Libraries/libllvm-flatbuffers.dylib
0x000000023e874000 	/System/Library/PrivateFrameworks/FramePacing.framework/Versions/A/FramePacing
0x00000001ebe5f000 	/System/Library/Frameworks/OpenGL.framework/Versions/A/Libraries/libCoreFSCache.dylib
0x000000023f41f000 	/System/Library/PrivateFrameworks/GPUCompiler.framework/Versions/32023/Libraries/libGPUCompilerUtils.dylib
0x000000023e7af000 	/System/Library/PrivateFrameworks/FontServices.framework/libXTFontStaticRegistryData.dylib
0x00000001a9a0a000 	/System/Library/PrivateFrameworks/ASEProcessing.framework/Versions/A/ASEProcessing
0x00000001d539d000 	/System/Library/PrivateFrameworks/Symbolication.framework/Versions/A/Symbolication
0x0000000253971000 	/System/Library/PrivateFrameworks/PhotosensitivityProcessing.framework/Versions/A/PhotosensitivityProcessing
0x000000019e63e000 	/System/Library/PrivateFrameworks/GraphVisualizer.framework/Versions/A/GraphVisualizer
0x00000001ebebf000 	/System/Library/Frameworks/OpenGL.framework/Versions/A/Libraries/libGLU.dylib
0x00000001ebe81000 	/System/Library/Frameworks/OpenGL.framework/Versions/A/Libraries/libGFXShared.dylib
0x00000001ec052000 	/System/Library/Frameworks/OpenGL.framework/Versions/A/Libraries/libGL.dylib
0x00000001ebe8a000 	/System/Library/Frameworks/OpenGL.framework/Versions/A/Libraries/libGLImage.dylib
0x00000001ebe7e000 	/System/Library/Frameworks/OpenGL.framework/Versions/A/Libraries/libCVMSPluginSupport.dylib
0x000000026ece0000 	/usr/lib/libRosetta.dylib
0x00000001ebe67000 	/System/Library/Frameworks/OpenGL.framework/Versions/A/Libraries/libCoreVMClient.dylib
0x000000019af79000 	/System/Library/Frameworks/MetalPerformanceShaders.framework/Versions/A/Frameworks/MPSCore.framework/Versions/A/MPSCore
0x000000019c5ab000 	/System/Library/Frameworks/MetalPerformanceShaders.framework/Versions/A/Frameworks/MPSImage.framework/Versions/A/MPSImage
0x000000019bffa000 	/System/Library/Frameworks/MetalPerformanceShaders.framework/Versions/A/Frameworks/MPSNeuralNetwork.framework/Versions/A/MPSNeuralNetwork
0x000000019c430000 	/System/Library/Frameworks/MetalPerformanceShaders.framework/Versions/A/Frameworks/MPSMatrix.framework/Versions/A/MPSMatrix
0x000000019c248000 	/System/Library/Frameworks/MetalPerformanceShaders.framework/Versions/A/Frameworks/MPSRayIntersector.framework/Versions/A/MPSRayIntersector
0x000000019c462000 	/System/Library/Frameworks/MetalPerformanceShaders.framework/Versions/A/Frameworks/MPSNDArray.framework/Versions/A/MPSNDArray
0x00000001efc37000 	/System/Library/Frameworks/MetalPerformanceShaders.framework/Versions/A/Frameworks/MPSFunctions.framework/Versions/A/MPSFunctions
0x00000001efc1b000 	/System/Library/Frameworks/MetalPerformanceShaders.framework/Versions/A/Frameworks/MPSBenchmarkLoop.framework/Versions/A/MPSBenchmarkLoop
0x000000018f7d8000 	/System/Library/PrivateFrameworks/MetalTools.framework/Versions/A/MetalTools
0x00000001bbbbe000 	/System/Library/PrivateFrameworks/IOAccelMemoryInfo.framework/Versions/A/IOAccelMemoryInfo
0x00000001c8630000 	/System/Library/PrivateFrameworks/kperf.framework/Versions/A/kperf
0x00000001b7055000 	/System/Library/PrivateFrameworks/GPURawCounter.framework/Versions/A/GPURawCounter
0x00000001a6498000 	/System/Library/PrivateFrameworks/CoreSymbolication.framework/Versions/A/CoreSymbolication
0x00000001b6fef000 	/System/Library/PrivateFrameworks/MallocStackLogging.framework/Versions/A/MallocStackLogging
0x000000019e1fd000 	/System/Library/PrivateFrameworks/CrashReporterSupport.framework/Versions/A/CrashReporterSupport
0x00000001a6452000 	/System/Library/PrivateFrameworks/DebugSymbols.framework/Versions/A/DebugSymbols
0x00000001c78c8000 	/System/Library/PrivateFrameworks/OSAnalytics.framework/Versions/A/OSAnalytics
0x000000019f0f3000 	/System/Library/Frameworks/ApplicationServices.framework/Versions/A/Frameworks/ATSUI.framework/Versions/A/ATSUI
0x00000001a098e000 	/usr/lib/libcups.2.dylib
0x00000001a0a2a000 	/System/Library/Frameworks/Kerberos.framework/Versions/A/Kerberos
0x00000001a0697000 	/usr/lib/libresolv.9.dylib
0x000000019cbad000 	/usr/lib/libiconv.2.dylib
0x000000019e6a7000 	/System/Library/PrivateFrameworks/Heimdal.framework/Versions/A/Heimdal
0x00000001a8828000 	/System/Library/Frameworks/Kerberos.framework/Versions/A/Libraries/libHeimdalProxy.dylib
0x000000019e47a000 	/usr/lib/libheimdal-asn1.dylib
0x0000000198254000 	/System/Library/Frameworks/OpenDirectory.framework/Versions/A/OpenDirectory
0x00000001a0a97000 	/System/Library/PrivateFrameworks/CommonAuth.framework/Versions/A/CommonAuth
0x0000000198262000 	/System/Library/Frameworks/OpenDirectory.framework/Versions/A/Frameworks/CFOpenDirectory.framework/Versions/A/CFOpenDirectory
0x000000019cb02000 	/usr/lib/libcharset.1.dylib
0x00000001ec3f2000 	/System/Library/Frameworks/AVFAudio.framework/Versions/A/AVFAudio
0x00000001b11ab000 	/System/Library/PrivateFrameworks/AXCoreUtilities.framework/Versions/A/AXCoreUtilities
0x0000000249f70000 	/System/Library/PrivateFrameworks/IsolatedCoreAudioClient.framework/Versions/A/IsolatedCoreAudioClient
0x00000001a05d1000 	/usr/lib/libAudioStatistics.dylib
0x000000019a0ba000 	/System/Library/PrivateFrameworks/caulk.framework/Versions/A/caulk
0x0000000191318000 	/System/Library/PrivateFrameworks/AudioToolboxCore.framework/Versions/A/AudioToolboxCore
0x00000001aaab4000 	/System/Library/Frameworks/CoreMIDI.framework/Versions/A/CoreMIDI
0x00000001a0574000 	/System/Library/PrivateFrameworks/AudioSession.framework/Versions/A/AudioSession
0x00000001a1e9d000 	/System/Library/Frameworks/IOBluetooth.framework/Versions/A/IOBluetooth
0x000000019e564000 	/System/Library/PrivateFrameworks/MediaExperience.framework/Versions/A/MediaExperience
0x00000002617bc000 	/System/Library/PrivateFrameworks/Tightbeam.framework/Versions/A/Tightbeam
0x00000001cce36000 	/System/Library/PrivateFrameworks/AFKUser.framework/Versions/A/AFKUser
0x000000019e68a000 	/System/Library/PrivateFrameworks/AppServerSupport.framework/Versions/A/AppServerSupport
0x00000001a0a0e000 	/System/Library/PrivateFrameworks/perfdata.framework/Versions/A/perfdata
0x00000001b6257000 	/System/Library/PrivateFrameworks/SystemPolicy.framework/Versions/A/SystemPolicy
0x00000001a08ad000 	/usr/lib/libSMC.dylib
0x000000019efd6000 	/usr/lib/libAudioToolboxUtility.dylib
0x00000001a0a1c000 	/usr/lib/libperfcheck.dylib
0x0000000234a7d000 	/System/Library/PrivateFrameworks/AudioAnalytics.framework/Versions/A/AudioAnalytics
0x00000001e03c2000 	/System/Library/PrivateFrameworks/FeatureFlags.framework/Versions/A/FeatureFlags
0x00000001d905c000 	/System/Library/Frameworks/OSLog.framework/Versions/A/OSLog
0x000000019c64b000 	/usr/lib/libbz2.1.0.dylib
0x00000001b7021000 	/usr/lib/libmis.dylib
0x00000001a0387000 	/System/Library/PrivateFrameworks/AudioSession.framework/libSessionUtility.dylib
0x000000019f128000 	/System/Library/PrivateFrameworks/CMCaptureCore.framework/Versions/A/CMCaptureCore
0x00000001edac2000 	/System/Library/Frameworks/ExtensionFoundation.framework/Versions/A/ExtensionFoundation
0x00000001a65ac000 	/System/Library/PrivateFrameworks/CoreTime.framework/Versions/A/CoreTime
0x000000019e35c000 	/System/Library/PrivateFrameworks/PlugInKit.framework/Versions/A/PlugInKit
0x00000001a51e1000 	/System/Library/PrivateFrameworks/PowerLog.framework/Versions/A/PowerLog
0x00000001a50f0000 	/System/Library/Frameworks/CoreBluetooth.framework/Versions/A/CoreBluetooth
0x00000001a8829000 	/System/Library/Frameworks/AudioUnit.framework/Versions/A/AudioUnit
0x000000019bce3000 	/System/Library/PrivateFrameworks/CoreUtils.framework/Versions/A/CoreUtils
0x000000023b676000 	/System/Library/PrivateFrameworks/CoreUtilsExtras.framework/Versions/A/CoreUtilsExtras
0x00000001a4525000 	/System/Library/Frameworks/MediaAccessibility.framework/Versions/A/MediaAccessibility
0x00000001bf475000 	/System/Library/PrivateFrameworks/AttributeGraph.framework/Versions/A/AttributeGraph
0x000000026e980000 	/usr/lib/libAXSafeCategoryBundle.dylib
0x00000001b1268000 	/usr/lib/libAccessibility.dylib
0x000000019bb2d000 	/System/Library/Frameworks/Accelerate.framework/Versions/A/Frameworks/vecLib.framework/Versions/A/libvDSP.dylib
0x000000019cdf8000 	/System/Library/Frameworks/Accelerate.framework/Versions/A/Frameworks/vecLib.framework/Versions/A/libLAPACK.dylib
0x000000019bfe5000 	/System/Library/Frameworks/Accelerate.framework/Versions/A/Frameworks/vecLib.framework/Versions/A/libLinearAlgebra.dylib
0x000000019cd07000 	/System/Library/Frameworks/Accelerate.framework/Versions/A/Frameworks/vecLib.framework/Versions/A/libSparseBLAS.dylib
0x000000019cdf3000 	/System/Library/Frameworks/Accelerate.framework/Versions/A/Frameworks/vecLib.framework/Versions/A/libQuadrature.dylib
0x000000019b167000 	/System/Library/Frameworks/Accelerate.framework/Versions/A/Frameworks/vecLib.framework/Versions/A/libBNNS.dylib
0x000000018fde6000 	/System/Library/Frameworks/Accelerate.framework/Versions/A/Frameworks/vecLib.framework/Versions/A/libSparse.dylib
0x000000024b4d3000 	/System/Library/PrivateFrameworks/MIL.framework/Versions/A/MIL
0x000000019f0ba000 	/System/Library/PrivateFrameworks/GPUWrangler.framework/Versions/A/GPUWrangler
0x000000019f09a000 	/System/Library/PrivateFrameworks/IOPresentment.framework/Versions/A/IOPresentment
0x000000019f0c2000 	/System/Library/PrivateFrameworks/DSExternalDisplay.framework/Versions/A/DSExternalDisplay
0x00000001d9469000 	/System/Library/PrivateFrameworks/HIDDisplay.framework/Versions/A/HIDDisplay
0x00000001aff7c000 	/System/Library/PrivateFrameworks/HID.framework/Versions/A/HID
0x0000000264fde000 	/System/Library/PrivateFrameworks/VideoToolboxParavirtualizationSupport.framework/Versions/A/VideoToolboxParavirtualizationSupport
0x000000019e415000 	/System/Library/PrivateFrameworks/AppleVA.framework/Versions/A/AppleVA
0x00000001a60fb000 	/System/Library/PrivateFrameworks/GraphicsServices.framework/Versions/A/GraphicsServices
0x00000001a0c04000 	/System/Library/PrivateFrameworks/CorePhoneNumbers.framework/Versions/A/CorePhoneNumbers
0x00000001a52d1000 	/System/Library/PrivateFrameworks/MediaKit.framework/Versions/A/MediaKit
0x00000001a521c000 	/System/Library/Frameworks/DiscRecording.framework/Versions/A/DiscRecording
0x00000001a09ee000 	/System/Library/PrivateFrameworks/NetAuth.framework/Versions/A/NetAuth
0x0000000198452000 	/System/Library/PrivateFrameworks/login.framework/Versions/A/Frameworks/loginsupport.framework/Versions/A/loginsupport
0x000000019e485000 	/System/Library/PrivateFrameworks/IconFoundation.framework/Versions/A/IconFoundation
0x000000019e1f4000 	/usr/lib/libIOReport.dylib
0x0000000234698000 	/System/Library/PrivateFrameworks/AppleMobileFileIntegrity.framework/Versions/A/AppleMobileFileIntegrity
0x000000026ed26000 	/usr/lib/libTLE.dylib
0x00000001e8dcd000 	/System/Library/PrivateFrameworks/ConfigProfileHelper.framework/Versions/A/ConfigProfileHelper
0x000000019bf81000 	/usr/lib/libmecab.dylib
0x000000018fedb000 	/usr/lib/libCRFSuite.dylib
0x000000019b040000 	/System/Library/PrivateFrameworks/CoreNLP.framework/Versions/A/CoreNLP
0x000000019bfe2000 	/usr/lib/libgermantok.dylib
0x000000019ccbd000 	/usr/lib/libThaiTokenizer.dylib
0x000000019bf4b000 	/usr/lib/libCheckFix.dylib
0x00000001976e9000 	/System/Library/PrivateFrameworks/MetadataUtilities.framework/Versions/A/MetadataUtilities
0x000000024739a000 	/System/Library/PrivateFrameworks/InstalledContentLibrary.framework/Versions/A/InstalledContentLibrary
0x0000000192a22000 	/System/Library/PrivateFrameworks/CoreServicesStore.framework/Versions/A/CoreServicesStore
0x00000001c873c000 	/System/Library/PrivateFrameworks/MobileSystemServices.framework/Versions/A/MobileSystemServices
0x000000019e0b2000 	/usr/lib/libxslt.1.dylib
0x000000019bf0d000 	/System/Library/PrivateFrameworks/BackgroundTaskManagement.framework/Versions/A/BackgroundTaskManagement
0x00000001a7fd5000 	/usr/lib/libcurl.4.dylib
0x000000026ef5f000 	/usr/lib/libcrypto.46.dylib
0x000000026f4ac000 	/usr/lib/libssl.48.dylib
0x00000001a7ca9000 	/System/Library/Frameworks/LDAP.framework/Versions/A/LDAP
0x00000001a7ce5000 	/System/Library/PrivateFrameworks/TrustEvaluationAgent.framework/Versions/A/TrustEvaluationAgent
0x00000001a06b0000 	/usr/lib/libsasl2.2.dylib
0x00000001b4829000 	/usr/lib/swift/libswiftCoreGraphics.dylib
0x00000001a4b5f000 	/usr/lib/swift/libswiftFoundation.dylib
0x00000001e8884000 	/usr/lib/swift/libswiftSwiftOnoneSupport.dylib
0x00000001d5b32000 	/System/Library/PrivateFrameworks/CoreMaterial.framework/Versions/A/CoreMaterial
0x0000000255fbe000 	/System/Library/PrivateFrameworks/SFSymbols.framework/Versions/A/SFSymbols
0x00000001a3e25000 	/System/Library/PrivateFrameworks/SpeechRecognitionCore.framework/Versions/A/SpeechRecognitionCore
0x0000000105318000 	/opt/homebrew/Cellar/openjdk@11/11.0.25/libexec/openjdk.jdk/Contents/Home/lib/server/libjvm.dylib
0x0000000104288000 	/opt/homebrew/Cellar/openjdk@11/11.0.25/libexec/openjdk.jdk/Contents/Home/lib/libverify.dylib
0x00000001042d8000 	/opt/homebrew/Cellar/openjdk@11/11.0.25/libexec/openjdk.jdk/Contents/Home/lib/libjava.dylib
0x00000001042a0000 	/opt/homebrew/Cellar/openjdk@11/11.0.25/libexec/openjdk.jdk/Contents/Home/lib/libjimage.dylib
0x0000000104310000 	/opt/homebrew/Cellar/openjdk@11/11.0.25/libexec/openjdk.jdk/Contents/Home/lib/libinstrument.dylib
0x0000000104384000 	/opt/homebrew/Cellar/openjdk@11/11.0.25/libexec/openjdk.jdk/Contents/Home/lib/libzip.dylib
0x00000001276c0000 	/opt/homebrew/Cellar/openjdk@11/11.0.25/libexec/openjdk.jdk/Contents/Home/lib/libnio.dylib
0x0000000127a24000 	/opt/homebrew/Cellar/openjdk@11/11.0.25/libexec/openjdk.jdk/Contents/Home/lib/libnet.dylib
0x00000001046a0000 	/opt/homebrew/Cellar/openjdk@11/11.0.25/libexec/openjdk.jdk/Contents/Home/lib/libextnet.dylib
0x00000001276a0000 	/opt/homebrew/Cellar/openjdk@11/11.0.25/libexec/openjdk.jdk/Contents/Home/lib/libmanagement.dylib
0x00000001276e0000 	/opt/homebrew/Cellar/openjdk@11/11.0.25/libexec/openjdk.jdk/Contents/Home/lib/libmanagement_ext.dylib
0x0000000127c48000 	/private/var/folders/3k/c0jh496n44v4f8t5jhnw4c900000gn/T/libnetty_resolver_dns_native_macos_aarch_64774748817122708690.dylib
0x0000000127c5c000 	/private/var/folders/3k/c0jh496n44v4f8t5jhnw4c900000gn/T/libnetty_transport_native_kqueue_aarch_6417865857454080988661.dylib
0x0000000127ca4000 	/opt/homebrew/Cellar/openjdk@11/11.0.25/libexec/openjdk.jdk/Contents/Home/lib/libsunec.dylib


VM Arguments:
jvm_args: -XX:TieredStopAtLevel=1 -Xverify:none -Dspring.output.ansi.enabled=always -Dcom.sun.management.jmxremote -Dspring.jmx.enabled=true -Dspring.liveBeansView.mbeanDomain -Dspring.application.admin.enabled=true -Dmanagement.endpoints.jmx.exposure.include=* -javaagent:/Applications/IntelliJ IDEA.app/Contents/lib/idea_rt.jar=58884:/Applications/IntelliJ IDEA.app/Contents/bin -Dfile.encoding=UTF-8 
java_command: com.anynote.ai.nio.AnyNoteAINioApplication
java_class_path (initial): /Users/zch/code/anynote/Anynote-Cloud/anynote-modules/anynote-modules-ai-nio/target/classes:/Users/zch/.m2/repository/com/openai/openai-java/0.31.0/openai-java-0.31.0.jar:/Users/zch/.m2/repository/com/openai/openai-java-client-okhttp/0.31.0/openai-java-client-okhttp-0.31.0.jar:/Users/zch/.m2/repository/com/openai/openai-java-core/0.31.0/openai-java-core-0.31.0.jar:/Users/zch/.m2/repository/com/google/errorprone/error_prone_annotations/2.33.0/error_prone_annotations-2.33.0.jar:/Users/zch/.m2/repository/com/fasterxml/jackson/module/jackson-module-kotlin/2.13.4/jackson-module-kotlin-2.13.4.jar:/Users/zch/.m2/repository/org/jetbrains/kotlin/kotlin-reflect/1.6.21/kotlin-reflect-1.6.21.jar:/Users/zch/.m2/repository/org/apache/httpcomponents/core5/httpcore5/5.1.5/httpcore5-5.1.5.jar:/Users/zch/.m2/repository/org/apache/httpcomponents/client5/httpclient5/5.1.4/httpclient5-5.1.4.jar:/Users/zch/.m2/repository/org/apache/httpcomponents/core5/httpcore5-h2/5.1.5/httpcore5-h2-5.1.5.jar:/Users/zch/.m2/repository/com/squareup/okhttp3/okhttp/4.9.3/okhttp-4.9.3.jar:/Users/zch/.m2/repository/com/squareup/okio/okio/2.8.0/okio-2.8.0.jar:/Users/zch/.m2/repository/com/squareup/okhttp3/logging-interceptor/4.9.3/logging-interceptor-4.9.3.jar:/Users/zch/.m2/repository/org/jetbrains/kotlin/kotlin-stdlib/1.6.21/kotlin-stdlib-1.6.21.jar:/Users/zch/.m2/repository/org/jetbrains/kotlin/kotlin-stdlib-common/1.6.21/kotlin-stdlib-common-1.6.21.jar:/Users/zch/.m2/repository/org/jetbrains/annotations/13.0/annotations-13.0.jar:/Users/zch/.m2/repository/com/alibaba/cloud/spring-cloud-starter-alibaba-nacos-discovery/2021.0.4.0/spring-cloud-starter-alibaba-nacos-discovery-2021.0.4.0.jar:/Users/zch/.m2/repository/com/alibaba/cloud/spring-cloud-alibaba-commons/2021.0.4.0/spring-cloud-alibaba-commons-2021.0.4.0.jar:/Users/zch/.m2/repository/com/alibaba/nacos/nacos-client/2.0.4/nacos-client-2.0.4.jar:/Users/zch/.m2/repository/commons-codec/commons-codec/1.15/commons-codec-1.15.jar:
Launcher Type: SUN_STANDARD

[Global flags]
     bool BytecodeVerificationLocal                = false                                     {product} {command line}
     bool BytecodeVerificationRemote               = false                                     {product} {command line}
     intx CICompilerCount                          = 4                                         {product} {ergonomic}
     uint ConcGCThreads                            = 2                                         {product} {ergonomic}
     uint G1ConcRefinementThreads                  = 8                                         {product} {ergonomic}
   size_t G1HeapRegionSize                         = 1048576                                   {product} {ergonomic}
    uintx GCDrainStackTargetSize                   = 64                                        {product} {ergonomic}
   size_t InitialHeapSize                          = 402653184                                 {product} {ergonomic}
     bool ManagementServer                         = true                                      {product} {command line}
   size_t MarkStackSize                            = 4194304                                   {product} {ergonomic}
   size_t MaxHeapSize                              = 6442450944                                {product} {ergonomic}
   size_t MaxNewSize                               = 3865051136                                {product} {ergonomic}
   size_t MinHeapDeltaBytes                        = 1048576                                   {product} {ergonomic}
    uintx NonNMethodCodeHeapSize                   = 7549744                                {pd product} {ergonomic}
    uintx NonProfiledCodeHeapSize                  = 244108496                              {pd product} {ergonomic}
    uintx ProfiledCodeHeapSize                     = 0                                      {pd product} {ergonomic}
    uintx ReservedCodeCacheSize                    = 251658240                              {pd product} {ergonomic}
     bool SegmentedCodeCache                       = true                                      {product} {ergonomic}
     intx TieredStopAtLevel                        = 1                                         {product} {command line}
     bool UseCompressedClassPointers               = true                                 {lp64_product} {ergonomic}
     bool UseCompressedOops                        = true                                 {lp64_product} {ergonomic}
     bool UseG1GC                                  = true                                      {product} {ergonomic}

Logging:
Log output configuration:
 #0: stdout all=warning uptime,level,tags
 #1: stderr all=off uptime,level,tags

Environment Variables:
PATH=/Users/zch/.nvm/versions/node/v18.20.4/bin:/Users/zch/miniconda3/bin:/Users/zch/miniconda3/condabin:/Users/zch/software/apache-maven-3.9.9/bin:/opt/homebrew/bin:/opt/homebrew/sbin:/usr/local/bin:/System/Cryptexes/App/usr/bin:/usr/bin:/bin:/usr/sbin:/sbin:/var/run/com.apple.security.cryptexd/codex.system/bootstrap/usr/local/bin:/var/run/com.apple.security.cryptexd/codex.system/bootstrap/usr/bin:/var/run/com.apple.security.cryptexd/codex.system/bootstrap/usr/appleinternal/bin:/Library/Apple/usr/bin:/Users/zch/.cargo/bin:/Users/zch/.lmstudio/bin
SHELL=/bin/zsh
LC_CTYPE=zh_CN.UTF-8
TMPDIR=/var/folders/3k/c0jh496n44v4f8t5jhnw4c900000gn/T/

Signal Handlers:
SIGSEGV: [libjvm.dylib+0x701dd0], sa_mask[0]=11111111011111110111111111111111, sa_flags=SA_ONSTACK|SA_RESTART|SA_SIGINFO
SIGBUS: [libjvm.dylib+0x701dd0], sa_mask[0]=11111111011111110111111111111111, sa_flags=SA_RESTART|SA_SIGINFO
SIGFPE: [libjvm.dylib+0x701dd0], sa_mask[0]=11111111011111110111111111111111, sa_flags=SA_RESTART|SA_SIGINFO
SIGPIPE: [libjvm.dylib+0x56a09c], sa_mask[0]=11111111011111110111111111111111, sa_flags=SA_RESTART|SA_SIGINFO
SIGXFSZ: [libjvm.dylib+0x56a09c], sa_mask[0]=11111111011111110111111111111111, sa_flags=SA_RESTART|SA_SIGINFO
SIGILL: [libjvm.dylib+0x701dd0], sa_mask[0]=11111111011111110111111111111111, sa_flags=SA_RESTART|SA_SIGINFO
SIGUSR2: [libjvm.dylib+0x56a698], sa_mask[0]=00000000000000000000000000000000, sa_flags=SA_RESTART|SA_SIGINFO
SIGHUP: [libjvm.dylib+0x568e30], sa_mask[0]=11111111011111110111111111111111, sa_flags=SA_RESTART|SA_SIGINFO
SIGINT: [libjvm.dylib+0x568e30], sa_mask[0]=11111111011111110111111111111111, sa_flags=SA_RESTART|SA_SIGINFO
SIGTERM: [libjvm.dylib+0x568e30], sa_mask[0]=11111111011111110111111111111111, sa_flags=SA_RESTART|SA_SIGINFO
SIGQUIT: [libjvm.dylib+0x568e30], sa_mask[0]=11111111011111110111111111111111, sa_flags=SA_RESTART|SA_SIGINFO


---------------  S Y S T E M  ---------------

OS:uname:Darwin 24.3.0 Darwin Kernel Version 24.3.0: Thu Jan  2 20:24:23 PST 2025; root:xnu-11215.81.4~3/RELEASE_ARM64_T8122 arm64
OS uptime: 5 days 0:04 hours
rlimit (soft/hard): STACK 8176k/65520k , CORE 0k/infinity , NPROC 4000/6000 , NOFILE 10240/infinity , AS infinity/infinity , CPU infinity/infinity , DATA infinity/infinity , FSIZE infinity/infinity , MEMLOCK infinity/infinity , RSS infinity/infinity
load average:9.69 8.44 9.12

CPU:total 8 (initial active 8) 0x61:0x0:0xfa33415e:0, simd, crc, lse

Memory: 16k page, physical 25165824k(235584k free), swap 22020096k(1496768k free)

vm_info: OpenJDK 64-Bit Server VM (11.0.25+0) for bsd-aarch64 JRE (11.0.25+0), built on Oct 15 2024 22:10:31 by "brew" with clang Homebrew Clang 19.1.1

END.
