#
# A fatal error has been detected by the Java Runtime Environment:
#
#  SIGSEGV (0xb) at pc=0x000000010607d11c, pid=64382, tid=77059
#
# JRE version: OpenJDK Runtime Environment Homebrew (11.0.25) (build 11.0.25+0)
# Java VM: OpenJDK 64-Bit Server VM Homebrew (11.0.25+0, mixed mode, tiered, compressed oops, g1 gc, bsd-aarch64)
# Problematic frame:
# V  [libjvm.dylib+0x69511c]  ObjectSynchronizer::inflate(Thread*, oopDesc*, ObjectSynchronizer::InflateCause)+0x18c
#
# No core dump will be written. Core dumps have been disabled. To enable core dumping, try "ulimit -c unlimited" before starting Java again
#
# If you would like to submit a bug report, please visit:
#   https://github.com/Homebrew/homebrew-core/issues
#

---------------  S U M M A R Y ------------

Command Line: -javaagent:/Users/zch/software/skywalking-agent/skywalking-agent.jar -Dskywalking.agent.service_name=anynote-admin -Dskywalking.collector.backend_service=127.0.0.1:11800 -XX:TieredStopAtLevel=1 -Xverify:none -Dspring.output.ansi.enabled=always -Dcom.sun.management.jmxremote -Dspring.jmx.enabled=true -Dspring.liveBeansView.mbeanDomain -Dspring.application.admin.enabled=true -Dmanagement.endpoints.jmx.exposure.include=* -javaagent:/Applications/IntelliJ IDEA.app/Contents/lib/idea_rt.jar=58205:/Applications/IntelliJ IDEA.app/Contents/bin -Dfile.encoding=UTF-8 com.anynote.admin.AnyNoteAdminApplication

Host: Mac15,12 arm64 1 MHz, 8 cores, 24G, Darwin 24.3.0
Time: Sun Mar 30 17:57:38 2025 CST elapsed time: 829.686521 seconds (0d 0h 13m 49s)

---------------  T H R E A D  ---------------

Current thread (0x0000000145ff9000):  JavaThread "http-nio-8079-exec-1" daemon [_thread_in_Java, id=77059, stack(0x00000001777d0000,0x00000001779d3000)]

Stack: [0x00000001777d0000,0x00000001779d3000],  sp=0x00000001779ccf50,  free space=2035k
Native frames: (J=compiled Java code, A=aot compiled Java code, j=interpreted, Vv=VM code, C=native code)
V  [libjvm.dylib+0x69511c]  ObjectSynchronizer::inflate(Thread*, oopDesc*, ObjectSynchronizer::InflateCause)+0x18c
V  [libjvm.dylib+0x694f70]  ObjectSynchronizer::fast_exit(oopDesc*, BasicLock*, Thread*)+0x54
V  [libjvm.dylib+0x5e9130]  SharedRuntime::monitor_exit_helper(oopDesc*, BasicLock*, JavaThread*, bool)+0x44
V  [libjvm.dylib+0x12aa9c]  Runtime1::monitorexit(JavaThread*, BasicObjectLock*)+0x58
v  ~RuntimeStub::monitorexit_nofpu Runtime1 stub
J 1341 c1 jdk.internal.loader.URLClassPath.getResource(Ljava/lang/String;Z)Ljdk/internal/loader/Resource; java.base@11.0.25 (74 bytes) @ 0x000000013097e044 [0x000000013097dfc0+0x0000000000000084]
J 1411 c1 jdk.internal.loader.BuiltinClassLoader.findClassOnClassPathOrNull(Ljava/lang/String;)Ljava/lang/Class; java.base@11.0.25 (64 bytes) @ 0x00000001309a2018 [0x00000001309a1f40+0x00000000000000d8]
J 7434 c1 jdk.internal.loader.BuiltinClassLoader.loadClassOrNull(Ljava/lang/String;Z)Ljava/lang/Class; java.base@11.0.25 (143 bytes) @ 0x000000013135b710 [0x000000013135b2c0+0x0000000000000450]
J 1377 c1 jdk.internal.loader.ClassLoaders$AppClassLoader.loadClass(Ljava/lang/String;Z)Ljava/lang/Class; java.base@11.0.25 (40 bytes) @ 0x0000000130992270 [0x0000000130992140+0x0000000000000130]
J 1374 c1 java.lang.ClassLoader.loadClass(Ljava/lang/String;)Ljava/lang/Class; java.base@11.0.25 (7 bytes) @ 0x0000000130991328 [0x00000001309912c0+0x0000000000000068]
v  ~StubRoutines::call_stub
V  [libjvm.dylib+0x32be34]  JavaCalls::call_helper(JavaValue*, methodHandle const&, JavaCallArguments*, Thread*)+0x2d8
V  [libjvm.dylib+0x32b1a4]  JavaCalls::call_virtual(JavaValue*, Klass*, Symbol*, Symbol*, JavaCallArguments*, Thread*)+0xec
V  [libjvm.dylib+0x32b2fc]  JavaCalls::call_virtual(JavaValue*, Handle, Klass*, Symbol*, Symbol*, Handle, Thread*)+0x68
V  [libjvm.dylib+0x699128]  SystemDictionary::load_instance_class(Symbol*, Handle, Thread*)+0xf0
V  [libjvm.dylib+0x698474]  SystemDictionary::resolve_instance_class_or_null(Symbol*, Handle, Handle, Thread*)+0x424
V  [libjvm.dylib+0x697c3c]  SystemDictionary::resolve_or_fail(Symbol*, Handle, Handle, bool, Thread*)+0x24
V  [libjvm.dylib+0x3b02d0]  find_class_from_class_loader(JNIEnv_*, Symbol*, unsigned char, Handle, Handle, unsigned char, Thread*)+0x3c
V  [libjvm.dylib+0x3b01c8]  JVM_FindClassFromCaller+0x1d0
C  [libjava.dylib+0x5d8c]  Java_java_lang_Class_forName0+0x130
J 1507  java.lang.Class.forName0(Ljava/lang/String;ZLjava/lang/ClassLoader;Ljava/lang/Class;)Ljava/lang/Class; java.base@11.0.25 (0 bytes) @ 0x00000001309d07f4 [0x00000001309d0740+0x00000000000000b4]
C  0x0000000640aada58

Java frames: (J=compiled Java code, j=interpreted, Vv=VM code)
v  ~RuntimeStub::monitorexit_nofpu Runtime1 stub
J 362 c1 java.util.zip.ZipFile.getEntry(Ljava/lang/String;Ljava/util/function/Function;)Ljava/util/zip/ZipEntry; java.base@11.0.25 (73 bytes) @ 0x00000001307b0964 [0x00000001307b0700+0x0000000000000264]
J 708 c1 java.util.jar.JarFile.getEntry(Ljava/lang/String;)Ljava/util/zip/ZipEntry; java.base@11.0.25 (22 bytes) @ 0x0000000130840ad4 [0x0000000130840a00+0x00000000000000d4]
J 741 c1 jdk.internal.loader.URLClassPath$JarLoader.getResource(Ljava/lang/String;Z)Ljdk/internal/loader/Resource; java.base@11.0.25 (65 bytes) @ 0x00000001308511d4 [0x0000000130851140+0x0000000000000094]
J 1341 c1 jdk.internal.loader.URLClassPath.getResource(Ljava/lang/String;Z)Ljdk/internal/loader/Resource; java.base@11.0.25 (74 bytes) @ 0x000000013097e044 [0x000000013097dfc0+0x0000000000000084]
J 1411 c1 jdk.internal.loader.BuiltinClassLoader.findClassOnClassPathOrNull(Ljava/lang/String;)Ljava/lang/Class; java.base@11.0.25 (64 bytes) @ 0x00000001309a2018 [0x00000001309a1f40+0x00000000000000d8]
J 7434 c1 jdk.internal.loader.BuiltinClassLoader.loadClassOrNull(Ljava/lang/String;Z)Ljava/lang/Class; java.base@11.0.25 (143 bytes) @ 0x000000013135b710 [0x000000013135b2c0+0x0000000000000450]
J 1377 c1 jdk.internal.loader.ClassLoaders$AppClassLoader.loadClass(Ljava/lang/String;Z)Ljava/lang/Class; java.base@11.0.25 (40 bytes) @ 0x0000000130992270 [0x0000000130992140+0x0000000000000130]
J 1374 c1 java.lang.ClassLoader.loadClass(Ljava/lang/String;)Ljava/lang/Class; java.base@11.0.25 (7 bytes) @ 0x0000000130991328 [0x00000001309912c0+0x0000000000000068]
v  ~StubRoutines::call_stub
J 1507  java.lang.Class.forName0(Ljava/lang/String;ZLjava/lang/ClassLoader;Ljava/lang/Class;)Ljava/lang/Class; java.base@11.0.25 (0 bytes) @ 0x00000001309d07f8 [0x00000001309d0740+0x00000000000000b8]
J 1490 c1 java.lang.Class.forName(Ljava/lang/String;ZLjava/lang/ClassLoader;)Ljava/lang/Class; java.base@11.0.25 (47 bytes) @ 0x00000001309cbbe8 [0x00000001309cbb00+0x00000000000000e8]
J 4739 c1 org.springframework.util.ClassUtils.forName(Ljava/lang/String;Ljava/lang/ClassLoader;)Ljava/lang/Class; (247 bytes) @ 0x0000000130eda840 [0x0000000130eda3c0+0x0000000000000480]
J 12612 c1 org.springframework.util.ClassUtils.isPresent(Ljava/lang/String;Ljava/lang/ClassLoader;)Z (52 bytes) @ 0x0000000131b11aa4 [0x0000000131b11a80+0x0000000000000024]
J 14150 c1 org.springframework.http.converter.json.Jackson2ObjectMapperBuilder.registerWellKnownModulesIfAvailable(Lorg/springframework/util/MultiValueMap;)V (151 bytes) @ 0x0000000131dd0154 [0x0000000131dcffc0+0x0000000000000194]
J 14149 c1 org.springframework.http.converter.json.Jackson2ObjectMapperBuilder.configure(Lcom/fasterxml/jackson/databind/ObjectMapper;)V (496 bytes) @ 0x0000000131dc7910 [0x0000000131dc7780+0x0000000000000190]
J 14148 c1 org.springframework.http.converter.json.Jackson2ObjectMapperBuilder.build()Lcom/fasterxml/jackson/databind/ObjectMapper; (94 bytes) @ 0x0000000131dd0dc0 [0x0000000131dd0bc0+0x0000000000000200]
J 8880 c1 org.springframework.http.codec.support.BaseDefaultCodecs.getBaseObjectWriters()Ljava/util/List; (144 bytes) @ 0x0000000131539a44 [0x0000000131539880+0x00000000000001c4]
J 11405 c1 org.springframework.http.codec.support.BaseDefaultCodecs.initObjectWriters()V (40 bytes) @ 0x00000001318f8630 [0x00000001318f8580+0x00000000000000b0]
J 16968 c1 org.springframework.http.codec.support.BaseDefaultCodecs.<init>()V (62 bytes) @ 0x00000001322fcde0 [0x00000001322fcb40+0x00000000000002a0]
J 15080 c1 jdk.internal.reflect.GeneratedConstructorAccessor65.newInstance([Ljava/lang/Object;)Ljava/lang/Object; (49 bytes) @ 0x0000000131f87c88 [0x0000000131f87b80+0x0000000000000108]
J 1349 c1 jdk.internal.reflect.DelegatingConstructorAccessorImpl.newInstance([Ljava/lang/Object;)Ljava/lang/Object; java.base@11.0.25 (9 bytes) @ 0x0000000130987d2c [0x0000000130987cc0+0x000000000000006c]
J 5375 c1 org.springframework.beans.BeanUtils.instantiateClass(Ljava/lang/reflect/Constructor;[Ljava/lang/Object;)Ljava/lang/Object; (187 bytes) @ 0x0000000130feee24 [0x0000000130feea40+0x00000000000003e4]
J 5488 c1 org.springframework.beans.BeanUtils.instantiateClass(Ljava/lang/Class;)Ljava/lang/Object; (84 bytes) @ 0x0000000131035be4 [0x0000000131035880+0x0000000000000364]
J 14872 c1 org.springframework.http.codec.CodecConfigurerFactory.create(Ljava/lang/Class;)Lorg/springframework/http/codec/CodecConfigurer; (52 bytes) @ 0x0000000131f20238 [0x0000000131f20080+0x00000000000001b8]
J 16069 c1 org.springframework.web.reactive.function.client.DefaultWebClientBuilder.initExchangeStrategies()Lorg/springframework/web/reactive/function/client/ExchangeStrategies; (73 bytes) @ 0x0000000132139a40 [0x0000000132139900+0x0000000000000140]
J 16068 c1 org.springframework.web.reactive.function.client.DefaultWebClientBuilder.build()Lorg/springframework/web/reactive/function/client/WebClient; (130 bytes) @ 0x0000000132138360 [0x00000001321382c0+0x00000000000000a0]
J 17447 c1 de.codecentric.boot.admin.server.web.InstanceWebProxy.forward(Lde/codecentric/boot/admin/server/domain/entities/Instance;Lde/codecentric/boot/admin/server/web/InstanceWebProxy$ForwardRequest;Ljava/util/function/Function;)Lreactor/core/publisher/Mono; (126 bytes) @ 0x00000001324275e4 [0x0000000132427200+0x00000000000003e4]
J 17768 c1 de.codecentric.boot.admin.server.web.InstanceWebProxy$$Lambda$1701.apply(Ljava/lang/Object;)Ljava/lang/Object; (20 bytes) @ 0x000000013250f900 [0x000000013250f740+0x00000000000001c0]
J 9867 c1 reactor.core.publisher.MonoFlatMap$FlatMapMain.onNext(Ljava/lang/Object;)V (192 bytes) @ 0x00000001316a6250 [0x00000001316a61c0+0x0000000000000090]
J 14955 c1 reactor.core.publisher.FluxDefaultIfEmpty$DefaultIfEmptySubscriber.onNext(Ljava/lang/Object;)V (23 bytes) @ 0x0000000131f48f40 [0x0000000131f48ec0+0x0000000000000080]
J 11835 c1 reactor.core.publisher.Operators$ScalarSubscription.request(J)V (49 bytes) @ 0x00000001319a4f90 [0x00000001319a4d00+0x0000000000000290]
J 14954 c1 reactor.core.publisher.FluxDefaultIfEmpty$DefaultIfEmptySubscriber.request(J)V (16 bytes) @ 0x0000000131f48acc [0x0000000131f48a40+0x000000000000008c]
J 9765 c1 reactor.core.publisher.MonoFlatMap$FlatMapMain.onSubscribe(Lorg/reactivestreams/Subscription;)V (21 bytes) @ 0x000000013167df58 [0x000000013167dec0+0x0000000000000098]
J 16017 c1 reactor.core.publisher.FluxDefaultIfEmpty$DefaultIfEmptySubscriber.onSubscribe(Lorg/reactivestreams/Subscription;)V (27 bytes) @ 0x0000000132121a68 [0x0000000132121980+0x00000000000000e8]
J 13161 c1 reactor.core.publisher.MonoJust.subscribe(Lreactor/core/CoreSubscriber;)V (15 bytes) @ 0x0000000131c0d788 [0x0000000131c0d6c0+0x00000000000000c8]
J 9870 c1 reactor.core.publisher.MonoDefer.subscribe(Lreactor/core/CoreSubscriber;)V (43 bytes) @ 0x00000001316a90fc [0x00000001316a9040+0x00000000000000bc]
J 9446 c1 reactor.core.publisher.Mono.subscribe(Lorg/reactivestreams/Subscriber;)V (124 bytes) @ 0x0000000131606f5c [0x0000000131606b00+0x000000000000045c]
J 17317 c1 reactor.core.publisher.Mono.block()Ljava/lang/Object; (18 bytes) @ 0x00000001323cf92c [0x00000001323cf880+0x00000000000000ac]
J 17626 c1 de.codecentric.boot.admin.server.web.servlet.InstancesProxyController.instanceProxy(Ljava/lang/String;Ljavax/servlet/http/HttpServletRequest;)V (142 bytes) @ 0x00000001324bed8c [0x00000001324be600+0x000000000000078c]
J 17652 c1 jdk.internal.reflect.GeneratedMethodAccessor179.invoke(Ljava/lang/Object;[Ljava/lang/Object;)Ljava/lang/Object; (74 bytes) @ 0x00000001324d1a74 [0x00000001324d1940+0x0000000000000134]
J 1750 c1 jdk.internal.reflect.DelegatingMethodAccessorImpl.invoke(Ljava/lang/Object;[Ljava/lang/Object;)Ljava/lang/Object; java.base@11.0.25 (10 bytes) @ 0x0000000130a2f3ac [0x0000000130a2f340+0x000000000000006c]
J 16755 c1 org.springframework.web.method.support.InvocableHandlerMethod.doInvoke([Ljava/lang/Object;)Ljava/lang/Object; (143 bytes) @ 0x0000000132292710 [0x0000000132292480+0x0000000000000290]
J 16753 c1 org.springframework.web.method.support.InvocableHandlerMethod.invokeForRequest(Lorg/springframework/web/context/request/NativeWebRequest;Lorg/springframework/web/method/support/ModelAndViewContainer;[Ljava/lang/Object;)Ljava/lang/Object; (58 bytes) @ 0x0000000132294014 [0x0000000132293e00+0x0000000000000214]
J 17634 c1 org.springframework.web.servlet.mvc.method.annotation.ServletInvocableHandlerMethod.invokeAndHandle(Lorg/springframework/web/context/request/ServletWebRequest;Lorg/springframework/web/method/support/ModelAndViewContainer;[Ljava/lang/Object;)V (143 bytes) @ 0x00000001324c2678 [0x00000001324c2600+0x0000000000000078]
J 17589 c1 org.springframework.web.servlet.mvc.method.annotation.RequestMappingHandlerAdapter.invokeHandlerMethod(Ljavax/servlet/http/HttpServletRequest;Ljavax/servlet/http/HttpServletResponse;Lorg/springframework/web/method/HandlerMethod;)Lorg/springframework/web/servlet/ModelAndView; (296 bytes) @ 0x00000001324a1e64 [0x00000001324a1500+0x0000000000000964]
J 17644 c1 org.springframework.web.servlet.mvc.method.annotation.RequestMappingHandlerAdapter.handleInternal(Ljavax/servlet/http/HttpServletRequest;Ljavax/servlet/http/HttpServletResponse;Lorg/springframework/web/method/HandlerMethod;)Lorg/springframework/web/servlet/ModelAndView; (128 bytes) @ 0x00000001324c9118 [0x00000001324c8ec0+0x0000000000000258]
J 17571 c1 org.springframework.web.servlet.mvc.method.AbstractHandlerMethodAdapter.handle(Ljavax/servlet/http/HttpServletRequest;Ljavax/servlet/http/HttpServletResponse;Ljava/lang/Object;)Lorg/springframework/web/servlet/ModelAndView; (11 bytes) @ 0x000000013249474c [0x00000001324946c0+0x000000000000008c]
J 17777 c1 org.springframework.web.servlet.DispatcherServlet.doDispatch(Ljavax/servlet/http/HttpServletRequest;Ljavax/servlet/http/HttpServletResponse;)V (543 bytes) @ 0x0000000132513940 [0x0000000132513400+0x0000000000000540]
J 17508 c1 org.springframework.web.servlet.DispatcherServlet.doService(Ljavax/servlet/http/HttpServletRequest;Ljavax/servlet/http/HttpServletResponse;)V (319 bytes) @ 0x000000013244bcf0 [0x000000013244b540+0x00000000000007b0]
J 17466 c1 org.springframework.web.servlet.FrameworkServlet.processRequest(Ljavax/servlet/http/HttpServletRequest;Ljavax/servlet/http/HttpServletResponse;)V (186 bytes) @ 0x000000013242cdc8 [0x000000013242c980+0x0000000000000448]
J 17491 c1 org.springframework.web.servlet.FrameworkServlet.doGet(Ljavax/servlet/http/HttpServletRequest;Ljavax/servlet/http/HttpServletResponse;)V (7 bytes) @ 0x000000013244d718 [0x000000013244d6c0+0x0000000000000058]
J 17445 c1 javax.servlet.http.HttpServlet.service(Ljavax/servlet/http/HttpServletRequest;Ljavax/servlet/http/HttpServletResponse;)V (269 bytes) @ 0x000000013242b168 [0x000000013242ac40+0x0000000000000528]
J 17465 c1 org.springframework.web.servlet.FrameworkServlet.service(Ljavax/servlet/http/HttpServletRequest;Ljavax/servlet/http/HttpServletResponse;)V (37 bytes) @ 0x0000000132440b60 [0x0000000132440a00+0x0000000000000160]
J 17506 c1 javax.servlet.http.HttpServlet.service(Ljavax/servlet/ServletRequest;Ljavax/servlet/ServletResponse;)V (40 bytes) @ 0x0000000132452774 [0x0000000132452680+0x00000000000000f4]
J 11536 c1 org.apache.catalina.core.ApplicationFilterChain.internalDoFilter(Ljavax/servlet/ServletRequest;Ljavax/servlet/ServletResponse;)V (388 bytes) @ 0x00000001319360b0 [0x0000000131935e80+0x0000000000000230]
J 11535 c1 org.apache.catalina.core.ApplicationFilterChain.doFilter(Ljavax/servlet/ServletRequest;Ljavax/servlet/ServletResponse;)V (103 bytes) @ 0x0000000131935918 [0x00000001319358c0+0x0000000000000058]
J 17562 c1 org.apache.tomcat.websocket.server.WsFilter.doFilter(Ljavax/servlet/ServletRequest;Ljavax/servlet/ServletResponse;Ljavax/servlet/FilterChain;)V (139 bytes) @ 0x000000013247d904 [0x000000013247d600+0x0000000000000304]
J 11536 c1 org.apache.catalina.core.ApplicationFilterChain.internalDoFilter(Ljavax/servlet/ServletRequest;Ljavax/servlet/ServletResponse;)V (388 bytes) @ 0x000000013193628c [0x0000000131935e80+0x000000000000040c]
J 11535 c1 org.apache.catalina.core.ApplicationFilterChain.doFilter(Ljavax/servlet/ServletRequest;Ljavax/servlet/ServletResponse;)V (103 bytes) @ 0x0000000131935918 [0x00000001319358c0+0x0000000000000058]
J 17645 c1 de.codecentric.boot.admin.server.ui.web.servlet.HomepageForwardingFilter.doFilter(Ljavax/servlet/ServletRequest;Ljavax/servlet/ServletResponse;Ljavax/servlet/FilterChain;)V (69 bytes) @ 0x00000001324cbe68 [0x00000001324cbd00+0x0000000000000168]
J 11536 c1 org.apache.catalina.core.ApplicationFilterChain.internalDoFilter(Ljavax/servlet/ServletRequest;Ljavax/servlet/ServletResponse;)V (388 bytes) @ 0x000000013193628c [0x0000000131935e80+0x000000000000040c]
J 11535 c1 org.apache.catalina.core.ApplicationFilterChain.doFilter(Ljavax/servlet/ServletRequest;Ljavax/servlet/ServletResponse;)V (103 bytes) @ 0x0000000131935918 [0x00000001319358c0+0x0000000000000058]
J 17116 c1 org.springframework.web.filter.RequestContextFilter.doFilterInternal(Ljavax/servlet/http/HttpServletRequest;Ljavax/servlet/http/HttpServletResponse;Ljavax/servlet/FilterChain;)V (133 bytes) @ 0x000000013235563c [0x00000001323553c0+0x000000000000027c]
J 13224 c1 org.springframework.web.filter.OncePerRequestFilter.doFilter(Ljavax/servlet/ServletRequest;Ljavax/servlet/ServletResponse;Ljavax/servlet/FilterChain;)V (175 bytes) @ 0x0000000131c2c0e4 [0x0000000131c2bdc0+0x0000000000000324]
J 11536 c1 org.apache.catalina.core.ApplicationFilterChain.internalDoFilter(Ljavax/servlet/ServletRequest;Ljavax/servlet/ServletResponse;)V (388 bytes) @ 0x000000013193628c [0x0000000131935e80+0x000000000000040c]
J 11535 c1 org.apache.catalina.core.ApplicationFilterChain.doFilter(Ljavax/servlet/ServletRequest;Ljavax/servlet/ServletResponse;)V (103 bytes) @ 0x0000000131935918 [0x00000001319358c0+0x0000000000000058]
J 17169 c1 org.springframework.web.filter.FormContentFilter.doFilterInternal(Ljavax/servlet/http/HttpServletRequest;Ljavax/servlet/http/HttpServletResponse;Ljavax/servlet/FilterChain;)V (44 bytes) @ 0x000000013237910c [0x0000000132378f40+0x00000000000001cc]
J 13224 c1 org.springframework.web.filter.OncePerRequestFilter.doFilter(Ljavax/servlet/ServletRequest;Ljavax/servlet/ServletResponse;Ljavax/servlet/FilterChain;)V (175 bytes) @ 0x0000000131c2c0e4 [0x0000000131c2bdc0+0x0000000000000324]
J 11536 c1 org.apache.catalina.core.ApplicationFilterChain.internalDoFilter(Ljavax/servlet/ServletRequest;Ljavax/servlet/ServletResponse;)V (388 bytes) @ 0x000000013193628c [0x0000000131935e80+0x000000000000040c]
J 11535 c1 org.apache.catalina.core.ApplicationFilterChain.doFilter(Ljavax/servlet/ServletRequest;Ljavax/servlet/ServletResponse;)V (103 bytes) @ 0x0000000131935918 [0x00000001319358c0+0x0000000000000058]
J 17598 c1 org.springframework.boot.actuate.metrics.web.servlet.WebMvcMetricsFilter.doFilterInternal(Ljavax/servlet/http/HttpServletRequest;Ljavax/servlet/http/HttpServletResponse;Ljavax/servlet/FilterChain;)V (87 bytes) @ 0x00000001324ac4a4 [0x00000001324ac240+0x0000000000000264]
J 13224 c1 org.springframework.web.filter.OncePerRequestFilter.doFilter(Ljavax/servlet/ServletRequest;Ljavax/servlet/ServletResponse;Ljavax/servlet/FilterChain;)V (175 bytes) @ 0x0000000131c2c0e4 [0x0000000131c2bdc0+0x0000000000000324]
J 11536 c1 org.apache.catalina.core.ApplicationFilterChain.internalDoFilter(Ljavax/servlet/ServletRequest;Ljavax/servlet/ServletResponse;)V (388 bytes) @ 0x000000013193628c [0x0000000131935e80+0x000000000000040c]
J 11535 c1 org.apache.catalina.core.ApplicationFilterChain.doFilter(Ljavax/servlet/ServletRequest;Ljavax/servlet/ServletResponse;)V (103 bytes) @ 0x0000000131935918 [0x00000001319358c0+0x0000000000000058]
J 17639 c1 org.springframework.web.filter.CharacterEncodingFilter.doFilterInternal(Ljavax/servlet/http/HttpServletRequest;Ljavax/servlet/http/HttpServletResponse;Ljavax/servlet/FilterChain;)V (59 bytes) @ 0x00000001324cb33c [0x00000001324cb200+0x000000000000013c]
J 13224 c1 org.springframework.web.filter.OncePerRequestFilter.doFilter(Ljavax/servlet/ServletRequest;Ljavax/servlet/ServletResponse;Ljavax/servlet/FilterChain;)V (175 bytes) @ 0x0000000131c2c0e4 [0x0000000131c2bdc0+0x0000000000000324]
J 11536 c1 org.apache.catalina.core.ApplicationFilterChain.internalDoFilter(Ljavax/servlet/ServletRequest;Ljavax/servlet/ServletResponse;)V (388 bytes) @ 0x000000013193628c [0x0000000131935e80+0x000000000000040c]
J 11535 c1 org.apache.catalina.core.ApplicationFilterChain.doFilter(Ljavax/servlet/ServletRequest;Ljavax/servlet/ServletResponse;)V (103 bytes) @ 0x0000000131935918 [0x00000001319358c0+0x0000000000000058]
J 17568 c1 org.apache.catalina.core.StandardWrapperValve.invoke(Lorg/apache/catalina/connector/Request;Lorg/apache/catalina/connector/Response;)V (2395 bytes) @ 0x0000000132480f7c [0x000000013247fd40+0x000000000000123c]
J 17100 c1 org.apache.catalina.core.StandardContextValve.invoke(Lorg/apache/catalina/connector/Request;Lorg/apache/catalina/connector/Response;)V (175 bytes) @ 0x000000013234947c [0x0000000132348fc0+0x00000000000004bc]
J 17115 c1 org.apache.catalina.authenticator.AuthenticatorBase.invoke(Lorg/apache/catalina/connector/Request;Lorg/apache/catalina/connector/Response;)V (810 bytes) @ 0x00000001323515e4 [0x00000001323502c0+0x0000000000001324]
J 17441 c1 org.apache.catalina.core.StandardHostValve.$sw$original$invoke$6qrnli3(Lorg/apache/catalina/connector/Request;Lorg/apache/catalina/connector/Response;)V (396 bytes) @ 0x000000013241f150 [0x000000013241ee00+0x0000000000000350]
J 17464 c1 org.apache.catalina.core.StandardHostValve$$sw$auxiliary$mev0vl3.call()Ljava/lang/Object; (17 bytes) @ 0x000000013242c338 [0x000000013242c2c0+0x0000000000000078]
J 9754 c1 org.apache.skywalking.apm.agent.core.plugin.interceptor.enhance.InstMethodsInter.intercept(Ljava/lang/Object;[Ljava/lang/Object;Ljava/util/concurrent/Callable;Ljava/lang/reflect/Method;)Ljava/lang/Object; (292 bytes) @ 0x000000013167826c [0x0000000131677e40+0x000000000000042c]
J 17524 c1 org.apache.catalina.core.StandardHostValve.invoke(Lorg/apache/catalina/connector/Request;Lorg/apache/catalina/connector/Response;)V (34 bytes) @ 0x000000013245e370 [0x000000013245e080+0x00000000000002f0]
J 17523 c1 org.apache.catalina.valves.ErrorReportValve.invoke(Lorg/apache/catalina/connector/Request;Lorg/apache/catalina/connector/Response;)V (153 bytes) @ 0x0000000132459588 [0x0000000132459500+0x0000000000000088]
J 17504 c1 org.apache.catalina.core.StandardEngineValve.invoke(Lorg/apache/catalina/connector/Request;Lorg/apache/catalina/connector/Response;)V (65 bytes) @ 0x0000000132451ab8 [0x0000000132451880+0x0000000000000238]
J 17155 c1 org.apache.catalina.connector.CoyoteAdapter.service(Lorg/apache/coyote/Request;Lorg/apache/coyote/Response;)V (908 bytes) @ 0x000000013236b000 [0x000000013236a880+0x0000000000000780]
J 16694 c1 org.apache.coyote.http11.Http11Processor.service(Lorg/apache/tomcat/util/net/SocketWrapperBase;)Lorg/apache/tomcat/util/net/AbstractEndpoint$Handler$SocketState; (1248 bytes) @ 0x000000013227722c [0x0000000132276580+0x0000000000000cac]
J 16832 c1 org.apache.coyote.AbstractProcessorLight.process(Lorg/apache/tomcat/util/net/SocketWrapperBase;Lorg/apache/tomcat/util/net/SocketEvent;)Lorg/apache/tomcat/util/net/AbstractEndpoint$Handler$SocketState; (367 bytes) @ 0x00000001322b6b74 [0x00000001322b6640+0x0000000000000534]
J 17303 c1 org.apache.coyote.AbstractProtocol$ConnectionHandler.process(Lorg/apache/tomcat/util/net/SocketWrapperBase;Lorg/apache/tomcat/util/net/SocketEvent;)Lorg/apache/tomcat/util/net/AbstractEndpoint$Handler$SocketState; (1272 bytes) @ 0x00000001323bd1e0 [0x00000001323bbf00+0x00000000000012e0]
J 17302 c1 org.apache.tomcat.util.net.NioEndpoint$SocketProcessor.doRun()V (620 bytes) @ 0x00000001323b8814 [0x00000001323b8240+0x00000000000005d4]
J 17300 c1 org.apache.tomcat.util.net.SocketProcessorBase.run()V (35 bytes) @ 0x00000001323b7624 [0x00000001323b7440+0x00000000000001e4]
j  org.apache.tomcat.util.threads.ThreadPoolExecutor.runWorker(Lorg/apache/tomcat/util/threads/ThreadPoolExecutor$Worker;)V+92
j  org.apache.tomcat.util.threads.ThreadPoolExecutor$Worker.run()V+5
j  org.apache.tomcat.util.threads.TaskThread$WrappingRunnable.run()V+4
j  java.lang.Thread.run()V+11 java.base@11.0.25
v  ~StubRoutines::call_stub

siginfo: si_signo: 11 (SIGSEGV), si_code: 2 (SEGV_ACCERR), si_addr: 0x0000000000000000

Register to memory mapping:

 x0=0x0 is NULL
 x1=0x00000006408ddfe8 is an oop: java.util.jar.JarFile 
{0x00000006408ddfe8} - klass: 'java/util/jar/JarFile'
 - ---- fields (total size 8 words):
 - private 'lastEntryPos' 'I' @12  1115 (45b)
 - private volatile 'closeRequested' 'Z' @16  false
 - private final 'name' 'Ljava/lang/String;' @20  "/Users/zch/.m2/repository/org/springframework/security/spring-security-rsa/1.0.11.RELEASE/spring-security-rsa-1.0.11.RELEASE.jar"{0x0000000640f3a168} (c81e742d)
 - private final synchronized 'zc' 'Ljava/util/zip/ZipCoder;' @24  a 'java/util/zip/ZipCoder$UTF8'{0x0000000640f37d50} (c81e6faa)
 - private final synchronized 'res' 'Ljava/util/zip/ZipFile$CleanableResource;' @28  a 'java/util/zip/ZipFile$CleanableResource'{0x00000006410df278} (c821be4f)
 - private 'lastEntryName' 'Ljava/lang/String;' @32  "org/springframework/security/rsa/crypto/RsaKeyHolder.class"{0x0000000640e08960} (c81c112c)
 - private final 'versionFeature' 'I' @36  11 (b)
 - private 'jvInitialized' 'Z' @40  false
 - private 'verify' 'Z' @41  false
 - private 'isMultiRelease' 'Z' @42  false
 - private 'hasClassPathAttribute' 'Z' @43  false
 - private volatile 'hasCheckedSpecialAttributes' 'Z' @44  true
 - private strict 'manRef' 'Ljava/lang/ref/SoftReference;' @48  a 'java/lang/ref/SoftReference'{0x0000000640e08680} (c81c10d0)
 - private 'manEntry' 'Ljava/util/jar/JarEntry;' @52  a 'java/util/jar/JarFile$JarFileEntry'{0x00000006408de028} (c811bc05)
 - private 'jv' 'Ljava/util/jar/JarVerifier;' @56  
[error occurred during error reporting (printing register info), id 0xb, SIGSEGV (0xb) at pc=0x0000000105f41918]

Registers:
 x0=0x0000000000000000  x1=0x00000006408ddfe8  x2=0x0000000000000000  x3=0x0000000000000001
 x4=0x00000000c6a10f58  x5=0x00000006410df3d8  x6=0x000000066936e2f0  x7=0x000000000000001d
 x8=0x0000000000000000  x9=0x0000000000001889 x10=0x0000000000000000 x11=0x000000000000001d
x12=0x000000010558c378 x13=0x00000000000007fd x14=0x00000000f0a25892 x15=0x00000000f0825025
x16=0x0000000000000020 x17=0x0000600000a59020 x18=0x0000000000000000 x19=0x0000000000000000
x20=0x00000006408ddfe8 x21=0x0000000160859f80 x22=0x0000000145ff9000 x23=0x0000000000000000
x24=0x0000000106273a84 x25=0x0000000000000000 x26=0x0000600003be85c0 x27=0x0000000000000000
x28=0x0000000145ff9000  fp=0x00000001779cd000  lr=0x000000010607d118  sp=0x00000001779ccf50
pc=0x000000010607d11c cpsr=0x0000000060001000
Top of Stack: (sp=0x00000001779ccf50)
0x00000001779ccf50:   0000000145ff9000 0000000145ff9000
0x00000001779ccf60:   0000000145ff9000 0000000000000001
0x00000001779ccf70:   00000001779cd238 0000000145ff9000
0x00000001779ccf80:   0000000130035680 0000000000000000
0x00000001779ccf90:   0000000000000000 0000000000000000
0x00000001779ccfa0:   00000001256d1600 434f4e45256d1628
0x00000001779ccfb0:   0000600003be85c0 000000000000000c
0x00000001779ccfc0:   0000600003be85c0 000000000000000c
0x00000001779ccfd0:   0000000130035680 0000000000000000
0x00000001779ccfe0:   0000000145ff9000 0000000000000001
0x00000001779ccff0:   00000006408ddfe8 0000000145ff9000
0x00000001779cd000:   00000001779cd020 000000010607cf70
0x00000001779cd010:   00000006408ddfe8 00000001779cd318
0x00000001779cd020:   00000001779cd060 0000000105fd1130
0x00000001779cd030:   0000000145ff9000 0000000145ff9000
0x00000001779cd040:   0000000145ff9000 0000000000000001
0x00000001779cd050:   00000001779cd318 0000000145ff9000
0x00000001779cd060:   00000001779cd090 0000000105b12a9c
0x00000001779cd070:   00000001779cda08 00000001779cd928
0x00000001779cd080:   00000001779cd750 000000066936e360
0x00000001779cd090:   00000001779cd290 00000001300eacf8
0x00000001779cd0a0:   0000600003be8500 000000000000000c
0x00000001779cd0b0:   0000000130035680 0000000160861002
0x00000001779cd0c0:   0000600003be85c0 0000000160861058
0x00000001779cd0d0:   0000000145ff9000 0000000000000000
0x00000001779cd0e0:   0000600003be85c0 000000000000000c
0x00000001779cd0f0:   0000000130035680 0000000000000000
0x00000001779cd100:   0000000145ff9000 0000000000000001
0x00000001779cd110:   00000006407df960 00000001779cd450
0x00000001779cd120:   00000001779cd160 0000000105fd1140
0x00000001779cd130:   0000000145ff9000 0000000145ff9000
0x00000001779cd140:   0000000145ff9000 0000000000000001 

Instructions: (pc=0x000000010607d11c)
0x000000010607d01c:   1f 30 00 f9 1f 44 00 f9 1f 28 00 f9 79 03 00 b4
0x000000010607d02c:   b7 02 00 f9 bf 22 00 f9 bf 2a 00 f9 b4 06 00 f9
0x000000010607d03c:   bf 2a 00 f9 bf 3a 00 f9 08 03 40 b9 a8 7e 00 b9
0x000000010607d04c:   a9 02 7f b2 bf 3b 03 d5 e8 03 17 aa 89 7e a8 c8
0x000000010607d05c:   bf 3b 03 d5 1f 01 17 eb 60 08 00 54 ff 02 08 eb
0x000000010607d06c:   20 08 00 54 bf 06 00 f9 bf 22 00 f9 bf 2a 00 f9
0x000000010607d07c:   bf 36 00 f9 bf 2e 00 f9 bf 32 00 f9 bf 46 00 f9
0x000000010607d08c:   bf 2a 00 f9 0d 00 00 14 bf 3a 00 f9 bf 2a 00 f9
0x000000010607d09c:   08 03 40 b9 a8 7e 00 b9 bf 3b 03 d5 e8 03 17 aa
0x000000010607d0ac:   9f 7e a8 c8 bf 3b 03 d5 1f 01 17 eb c0 02 00 54
0x000000010607d0bc:   ff 02 08 eb 80 02 00 54 e0 03 16 aa e1 03 15 aa
0x000000010607d0cc:   22 00 80 52 9c 05 00 94 97 02 40 f9 e0 03 17 aa
0x000000010607d0dc:   81 b9 ed 97 e0 f8 0f 36 e0 03 17 aa 7e b9 ed 97
0x000000010607d0ec:   15 00 7f d2 e0 03 15 aa fd 7b 4b a9 f4 4f 4a a9
0x000000010607d0fc:   f6 57 49 a9 f8 5f 48 a9 fa 67 47 a9 ff 03 03 91
0x000000010607d10c:   c0 03 5f d6 e0 03 17 aa 73 b9 ed 97 08 f8 7e 92
0x000000010607d11c:   08 01 40 f9 a8 02 00 f9 e0 03 17 aa 6e b9 ed 97
0x000000010607d12c:   a0 22 00 f9 bf 2a 00 f9 b4 06 00 f9 88 02 40 f9
0x000000010607d13c:   48 01 00 b4 e0 07 00 90 00 7c 3c 91 e2 07 00 b0
0x000000010607d14c:   42 10 02 91 03 05 00 90 63 e0 08 91 01 bd 80 52
0x000000010607d15c:   ce 9d ed 97 28 49 fb 97 a8 02 7f b2 bf 3b 03 d5
0x000000010607d16c:   88 02 00 f9 08 11 00 d0 08 41 0b 91 08 01 40 f9
0x000000010607d17c:   48 01 00 b4 09 11 00 d0 29 e1 2b 91 29 01 40 39
0x000000010607d18c:   3f 05 00 71 a1 00 00 54 08 15 40 f9 09 01 40 f9
0x000000010607d19c:   29 05 00 91 09 01 00 f9 c8 0f 00 f0 08 e5 43 f9
0x000000010607d1ac:   28 06 00 b4 c8 10 00 d0 08 e5 37 91 08 01 40 39
0x000000010607d1bc:   1f 05 00 71 21 01 00 54 89 0a 40 b9 ca 0f 00 f0
0x000000010607d1cc:   4a 61 2b 91 4b 09 40 b9 4a 01 40 f9 2b 21 cb 9a
0x000000010607d1dc:   6a 01 0a 8b 03 00 00 14 8a 06 40 f9 e9 03 0a aa
0x000000010607d1ec:   4a 09 40 b9 5f 05 00 71 eb 03 00 54 80 10 00 d0
0x000000010607d1fc:   00 80 27 91 0a 00 40 f9 40 01 3f d6 0a 00 40 f9
0x000000010607d20c:   4a 3d 41 f9 ea 0f 00 f9 40 05 c0 3d e0 03 82 3c 


Stack slot to memory mapping:
stack at sp + 0 slots: 0x0000000145ff9000 is a thread
stack at sp + 1 slots: 0x0000000145ff9000 is a thread
stack at sp + 2 slots: 0x0000000145ff9000 is a thread
stack at sp + 3 slots: 0x0000000000000001 is an unknown value
stack at sp + 4 slots: 0x00000001779cd238 is pointing into the stack for thread: 0x0000000145ff9000
stack at sp + 5 slots: 0x0000000145ff9000 is a thread
stack at sp + 6 slots: 0x0000000130035680 is at code_begin+0 in an AdapterHandler
Adapter for signature: 0x0000000130035680 is at code_begin+0 in 
[CodeBlob (0x0000000130035610)]
Framesize: 0
BufferBlob (0x0000000130035610) used for I2C/C2I adapters
stack at sp + 7 slots: 0x0 is NULL


---------------  P R O C E S S  ---------------

Threads class SMR info:
_java_thread_list=0x0000600000398f60, length=123, elements={
0x000000011781f000, 0x0000000117822000, 0x000000012581a000, 0x000000012581d800,
0x000000012581e800, 0x000000012581f800, 0x00000001260aa000, 0x00000001274c5800,
0x0000000126424800, 0x0000000126427800, 0x0000000126428000, 0x0000000126429000,
0x000000012642a000, 0x000000012642d000, 0x000000012642e000, 0x00000001459b4000,
0x00000001459b5000, 0x000000012642f000, 0x0000000126430000, 0x000000012642b800,
0x00000001459d6000, 0x000000012644e000, 0x00000001459cb800, 0x00000001459ce800,
0x0000000126453000, 0x0000000126453800, 0x0000000126459000, 0x00000001459f4800,
0x0000000125db9000, 0x0000000145ec9000, 0x0000000126677800, 0x00000001264f3800,
0x0000000125dcd800, 0x00000001276fa000, 0x00000001266a2000, 0x00000001277ec000,
0x00000001277fd000, 0x0000000125df9800, 0x0000000145f3f800, 0x0000000145a41800,
0x0000000145f2b000, 0x0000000145951800, 0x0000000145a6b800, 0x00000001266eb800,
0x0000000125d08800, 0x0000000145a30800, 0x0000000125e59800, 0x00000001459dd800,
0x00000001266a5000, 0x0000000145f82000, 0x00000001277bb800, 0x00000001277d7800,
0x0000000127752800, 0x0000000125e66800, 0x0000000125e51800, 0x00000001266fa800,
0x00000001266fb800, 0x00000001266bb000, 0x0000000125e7e000, 0x00000001266f9000,
0x0000000125ce0800, 0x0000000125e94800, 0x0000000125ea7000, 0x0000000126774000,
0x0000000126794800, 0x0000000145ff9000, 0x0000000145ffa000, 0x0000000125eaa000,
0x0000000163808800, 0x0000000126789000, 0x000000012678a000, 0x000000012678b000,
0x0000000125eab000, 0x000000012678b800, 0x0000000125eac000, 0x0000000125eae800,
0x0000000125eaf800, 0x000000012678f800, 0x0000000160831800, 0x0000000125eb6000,
0x0000000127793800, 0x0000000145fee800, 0x000000012679d800, 0x0000000145ff2800,
0x0000000145ff1800, 0x0000000125ecd000, 0x0000000125ebf800, 0x000000012673b800,
0x0000000145fe3000, 0x0000000122908800, 0x0000000122155800, 0x00000001278ef000,
0x0000000127875000, 0x000000012290a000, 0x0000000126700000, 0x000000012792d000,
0x000000012785c800, 0x0000000145111800, 0x00000001221b6000, 0x0000000127838800,
0x0000000125c36800, 0x0000000145112800, 0x0000000145103800, 0x0000000145104800,
0x0000000122907000, 0x0000000122824000, 0x000000016084a800, 0x0000000145105800,
0x000000012785c000, 0x0000000122170800, 0x0000000127860800, 0x0000000122159000,
0x0000000122175000, 0x0000000122176000, 0x000000012786c000, 0x0000000122174000,
0x000000012700c000, 0x0000000122825000, 0x00000001267ae800, 0x00000001221d4800,
0x0000000122813800, 0x000000012733f800, 0x000000014510e800
}

Java Threads: ( => current thread )
  0x000000011781f000 JavaThread "Reference Handler" daemon [_thread_blocked, id=21251, stack(0x000000016c08c000,0x000000016c28f000)]
  0x0000000117822000 JavaThread "Finalizer" daemon [_thread_blocked, id=20739, stack(0x000000016c298000,0x000000016c49b000)]
  0x000000012581a000 JavaThread "Signal Dispatcher" daemon [_thread_blocked, id=21763, stack(0x000000016c5bc000,0x000000016c7bf000)]
  0x000000012581d800 JavaThread "Service Thread" daemon [_thread_blocked, id=22531, stack(0x000000016c7c8000,0x000000016c9cb000)]
  0x000000012581e800 JavaThread "C1 CompilerThread0" daemon [_thread_blocked, id=23043, stack(0x000000016c9d4000,0x000000016cbd7000)]
  0x000000012581f800 JavaThread "Sweeper thread" daemon [_thread_blocked, id=31747, stack(0x000000016cbe0000,0x000000016cde3000)]
  0x00000001260aa000 JavaThread "Common-Cleaner" daemon [_thread_blocked, id=31235, stack(0x000000016cdec000,0x000000016cfef000)]
  0x00000001274c5800 JavaThread "SkywalkingAgent-LogFileWriter" daemon [_thread_blocked, id=25859, stack(0x000000016e058000,0x000000016e25b000)]
  0x0000000126424800 JavaThread "DataCarrier.DEFAULT.Consumer.0.Thread" daemon [_thread_blocked, id=27907, stack(0x000000016e470000,0x000000016e673000)]
  0x0000000126427800 JavaThread "SkywalkingAgent-5-JVMService-produce-0" daemon [_thread_blocked, id=27395, stack(0x000000016e67c000,0x000000016e87f000)]
  0x0000000126428000 JavaThread "SkywalkingAgent-6-JVMService-consume-0" daemon [_thread_blocked, id=26883, stack(0x000000016e888000,0x000000016ea8b000)]
  0x0000000126429000 JavaThread "SkywalkingAgent-7-ServiceManagementClient-0" daemon [_thread_blocked, id=43267, stack(0x000000016ea94000,0x000000016ec97000)]
  0x000000012642a000 JavaThread "SkywalkingAgent-1-CommandService-0" daemon [_thread_blocked, id=33539, stack(0x000000016eca0000,0x000000016eea3000)]
  0x000000012642d000 JavaThread "SkywalkingAgent-8-ProfileGetTaskService-0" daemon [_thread_blocked, id=34051, stack(0x000000016eeac000,0x000000016f0af000)]
  0x000000012642e000 JavaThread "SkywalkingAgent-9-ProfileSendSnapshotService-0" daemon [_thread_blocked, id=42499, stack(0x000000016f0b8000,0x000000016f2bb000)]
  0x00000001459b4000 JavaThread "SkywalkingAgent-10-MeterReportService-0" daemon [_thread_blocked, id=41987, stack(0x000000016f2c4000,0x000000016f4c7000)]
  0x00000001459b5000 JavaThread "DataCarrier.gRPC-log.Consumer.0.Thread" daemon [_thread_blocked, id=35331, stack(0x000000016f4d0000,0x000000016f6d3000)]
  0x000000012642f000 JavaThread "SkywalkingAgent-11-ConfigurationDiscoveryService-0" daemon [_thread_blocked, id=40963, stack(0x000000016f6dc000,0x000000016f8df000)]
  0x0000000126430000 JavaThread "SkywalkingAgent-12-GRPCChannelManager-0" daemon [_thread_blocked, id=35843, stack(0x000000016f8e8000,0x000000016faeb000)]
  0x000000012642b800 JavaThread "Monitor Ctrl-Break" daemon [_thread_in_native, id=39939, stack(0x000000016faf4000,0x000000016fcf7000)]
  0x00000001459d6000 JavaThread "RMI TCP Accept-0" daemon [_thread_in_native, id=39427, stack(0x000000016fd00000,0x000000016ff03000)]
  0x000000012644e000 JavaThread "grpc-nio-worker-ELG-1-1" daemon [_thread_in_native, id=38915, stack(0x000000016ff0c000,0x000000017010f000)]
  0x00000001459cb800 JavaThread "grpc-nio-worker-ELG-1-2" daemon [_thread_in_native, id=38147, stack(0x0000000170324000,0x0000000170527000)]
  0x00000001459ce800 JavaThread "grpc-nio-worker-ELG-1-3" daemon [_thread_in_native, id=44035, stack(0x0000000170948000,0x0000000170b4b000)]
  0x0000000126453000 JavaThread "Attach Listener" daemon [_thread_blocked, id=44803, stack(0x0000000170d60000,0x0000000170f63000)]
  0x0000000126453800 JavaThread "grpc-nio-worker-ELG-1-4" daemon [_thread_in_native, id=45315, stack(0x0000000170f6c000,0x000000017116f000)]
  0x0000000126459000 JavaThread "RMI Scheduler(0)" daemon [_thread_blocked, id=45571, stack(0x0000000171384000,0x0000000171587000)]
  0x00000001459f4800 JavaThread "logback-1" daemon [_thread_blocked, id=46339, stack(0x000000017179c000,0x000000017199f000)]
  0x0000000125db9000 JavaThread "logback-2" daemon [_thread_blocked, id=61971, stack(0x0000000171590000,0x0000000171793000)]
  0x0000000145ec9000 JavaThread "grpc-nio-worker-ELG-1-5" daemon [_thread_in_native, id=46607, stack(0x00000001719a8000,0x0000000171bab000)]
  0x0000000126677800 JavaThread "Catalina-utility-1" [_thread_blocked, id=47367, stack(0x0000000171bb4000,0x0000000171db7000)]
  0x00000001264f3800 JavaThread "Catalina-utility-2" [_thread_blocked, id=60931, stack(0x0000000171dc0000,0x0000000171fc3000)]
  0x0000000125dcd800 JavaThread "container-0" [_thread_blocked, id=60419, stack(0x0000000171fcc000,0x00000001721cf000)]
  0x00000001276fa000 JavaThread "spring.cloud.inetutils" daemon [_thread_blocked, id=59907, stack(0x00000001721d8000,0x00000001723db000)]
  0x00000001266a2000 JavaThread "CookieStoreCleanupTrigger-1" [_thread_blocked, id=48391, stack(0x00000001723e4000,0x00000001725e7000)]
  0x00000001277ec000 JavaThread "reactor-http-nio-1" daemon [_thread_in_native, id=48643, stack(0x00000001725f0000,0x00000001727f3000)]
  0x00000001277fd000 JavaThread "reactor-http-nio-2" daemon [_thread_in_native, id=58371, stack(0x00000001727fc000,0x00000001729ff000)]
  0x0000000125df9800 JavaThread "reactor-http-nio-3" daemon [_thread_in_native, id=49155, stack(0x0000000172a08000,0x0000000172c0b000)]
  0x0000000145f3f800 JavaThread "reactor-http-nio-4" daemon [_thread_in_native, id=57603, stack(0x0000000172c14000,0x0000000172e17000)]
  0x0000000145a41800 JavaThread "reactor-http-nio-5" daemon [_thread_in_native, id=57091, stack(0x0000000172e20000,0x0000000173023000)]
  0x0000000145f2b000 JavaThread "reactor-http-nio-6" daemon [_thread_in_native, id=50435, stack(0x000000017302c000,0x000000017322f000)]
  0x0000000145951800 JavaThread "reactor-http-nio-7" daemon [_thread_in_native, id=56323, stack(0x0000000173238000,0x000000017343b000)]
  0x0000000145a6b800 JavaThread "reactor-http-nio-8" daemon [_thread_in_native, id=55555, stack(0x0000000173444000,0x0000000173647000)]
  0x00000001266eb800 JavaThread "StatusUpdateTrigger-2" [_thread_blocked, id=50947, stack(0x0000000173650000,0x0000000173853000)]
  0x0000000125d08800 JavaThread "status-check-3" [_thread_blocked, id=51715, stack(0x000000017385c000,0x0000000173a5f000)]
  0x0000000145a30800 JavaThread "parallel-1" daemon [_thread_blocked, id=54787, stack(0x0000000173a68000,0x0000000173c6b000)]
  0x0000000125e59800 JavaThread "EndpointDetectionTrigger-4" [_thread_blocked, id=52995, stack(0x0000000173c74000,0x0000000173e77000)]
  0x00000001459dd800 JavaThread "InfoUpdateTrigger-5" [_thread_blocked, id=54019, stack(0x0000000173e80000,0x0000000174083000)]
  0x00000001266a5000 JavaThread "info-check-6" [_thread_blocked, id=53507, stack(0x000000017408c000,0x000000017428f000)]
  0x0000000145f82000 JavaThread "parallel-2" daemon [_thread_blocked, id=65795, stack(0x0000000174298000,0x000000017449b000)]
  0x00000001277bb800 JavaThread "grpc-nio-worker-ELG-1-6" daemon [_thread_in_native, id=86787, stack(0x00000001744a4000,0x00000001746a7000)]
  0x00000001277d7800 JavaThread "logback-3" daemon [_thread_blocked, id=66563, stack(0x00000001746b0000,0x00000001748b3000)]
  0x0000000127752800 JavaThread "nacos.publisher-com.alibaba.nacos.common.notify.SlowEvent" daemon [_thread_blocked, id=67075, stack(0x00000001748bc000,0x0000000174abf000)]
  0x0000000125e66800 JavaThread "nacos.publisher-com.alibaba.nacos.client.naming.event.InstancesChangeEvent" daemon [_thread_blocked, id=67331, stack(0x0000000174ac8000,0x0000000174ccb000)]
  0x0000000125e51800 JavaThread "com.alibaba.nacos.naming.failover" daemon [_thread_blocked, id=67843, stack(0x0000000174cd4000,0x0000000174ed7000)]
  0x00000001266fa800 JavaThread "com.alibaba.nacos.client.naming.security" daemon [_thread_blocked, id=68355, stack(0x0000000174ee0000,0x00000001750e3000)]
  0x00000001266fb800 JavaThread "com.alibaba.nacos.naming.push.receiver" daemon [_thread_in_native, id=69123, stack(0x00000001750ec000,0x00000001752ef000)]
  0x00000001266bb000 JavaThread "com.alibaba.nacos.client.naming.grpc.redo.0" daemon [_thread_blocked, id=84227, stack(0x00000001752f8000,0x00000001754fb000)]
  0x0000000125e7e000 JavaThread "com.alibaba.nacos.client.remote.worker" daemon [_thread_blocked, id=83459, stack(0x0000000175504000,0x0000000175707000)]
  0x00000001266f9000 JavaThread "com.alibaba.nacos.client.remote.worker" daemon [_thread_blocked, id=82947, stack(0x0000000175710000,0x0000000175913000)]
  0x0000000125ce0800 JavaThread "grpc-nio-worker-ELG-1-1" daemon [_thread_in_native, id=70151, stack(0x000000017591c000,0x0000000175b1f000)]
  0x0000000125e94800 JavaThread "grpc-nio-worker-ELG-1-2" daemon [_thread_in_native, id=70915, stack(0x0000000175d34000,0x0000000175f37000)]
  0x0000000125ea7000 JavaThread "com.alibaba.nacos.client.naming.updater.0" daemon [_thread_blocked, id=79111, stack(0x0000000176d94000,0x0000000176f97000)]
  0x0000000126774000 JavaThread "com.alibaba.nacos.client.identify.watcher.0" daemon [_thread_blocked, id=74755, stack(0x0000000176fa0000,0x00000001771a3000)]
  0x0000000126794800 JavaThread "Nacos-Watch-Task-Scheduler-1" [_thread_blocked, id=75523, stack(0x00000001775c4000,0x00000001777c7000)]
=>0x0000000145ff9000 JavaThread "http-nio-8079-exec-1" daemon [_thread_in_Java, id=77059, stack(0x00000001777d0000,0x00000001779d3000)]
  0x0000000145ffa000 JavaThread "http-nio-8079-exec-2" daemon [_thread_blocked, id=76035, stack(0x00000001779dc000,0x0000000177bdf000)]
  0x0000000125eaa000 JavaThread "http-nio-8079-exec-3" daemon [_thread_blocked, id=87555, stack(0x0000000177be8000,0x0000000177deb000)]
  0x0000000163808800 JavaThread "http-nio-8079-exec-4" daemon [_thread_blocked, id=88067, stack(0x0000000177df4000,0x0000000177ff7000)]
  0x0000000126789000 JavaThread "http-nio-8079-exec-5" daemon [_thread_blocked, id=88835, stack(0x0000000178000000,0x0000000178203000)]
  0x000000012678a000 JavaThread "http-nio-8079-exec-6" daemon [_thread_blocked, id=130307, stack(0x000000017820c000,0x000000017840f000)]
  0x000000012678b000 JavaThread "http-nio-8079-exec-7" daemon [_thread_blocked, id=129539, stack(0x0000000178418000,0x000000017861b000)]
  0x0000000125eab000 JavaThread "http-nio-8079-exec-8" daemon [_thread_blocked, id=89603, stack(0x0000000178624000,0x0000000178827000)]
  0x000000012678b800 JavaThread "http-nio-8079-exec-9" daemon [_thread_blocked, id=128771, stack(0x0000000178830000,0x0000000178a33000)]
  0x0000000125eac000 JavaThread "http-nio-8079-exec-10" daemon [_thread_blocked, id=128259, stack(0x0000000178a3c000,0x0000000178c3f000)]
  0x0000000125eae800 JavaThread "http-nio-8079-Poller" daemon [_thread_in_native, id=126723, stack(0x0000000179060000,0x0000000179263000)]
  0x0000000125eaf800 JavaThread "http-nio-8079-Acceptor" daemon [_thread_in_native, id=125955, stack(0x000000017926c000,0x000000017946f000)]
  0x000000012678f800 JavaThread "com.alibaba.nacos.client.naming.updater.1" daemon [_thread_blocked, id=125443, stack(0x0000000179478000,0x000000017967b000)]
  0x0000000160831800 JavaThread "com.alibaba.nacos.client.naming.updater.2" daemon [_thread_blocked, id=121347, stack(0x000000017a6e4000,0x000000017a8e7000)]
  0x0000000125eb6000 JavaThread "parallel-3" daemon [_thread_blocked, id=95491, stack(0x000000017af14000,0x000000017b117000)]
  0x0000000127793800 JavaThread "grpc-nio-worker-ELG-1-7" daemon [_thread_in_native, id=96259, stack(0x000000017b120000,0x000000017b323000)]
  0x0000000145fee800 JavaThread "parallel-4" daemon [_thread_blocked, id=119043, stack(0x000000017b32c000,0x000000017b52f000)]
  0x000000012679d800 JavaThread "com.alibaba.nacos.client.naming.updater.3" daemon [_thread_blocked, id=118275, stack(0x000000017b538000,0x000000017b73b000)]
  0x0000000145ff2800 JavaThread "parallel-5" daemon [_thread_blocked, id=96771, stack(0x000000017b744000,0x000000017b947000)]
  0x0000000145ff1800 JavaThread "parallel-6" daemon [_thread_blocked, id=97027, stack(0x000000017b950000,0x000000017bb53000)]
  0x0000000125ecd000 JavaThread "parallel-7" daemon [_thread_blocked, id=98819, stack(0x000000017c598000,0x000000017c79b000)]
  0x0000000125ebf800 JavaThread "parallel-8" daemon [_thread_blocked, id=113923, stack(0x000000017c7a4000,0x000000017c9a7000)]
  0x000000012673b800 JavaThread "DestroyJavaVM" [_thread_blocked, id=6659, stack(0x000000016b238000,0x000000016b43b000)]
  0x0000000145fe3000 JavaThread "grpc-nio-worker-ELG-1-8" daemon [_thread_in_native, id=172035, stack(0x000000017fcdc000,0x000000017fedf000)]
  0x0000000122908800 JavaThread "logback-4" daemon [_thread_blocked, id=116999, stack(0x0000000176564000,0x0000000176767000)]
  0x0000000122155800 JavaThread "logback-5" daemon [_thread_blocked, id=116487, stack(0x0000000176770000,0x0000000176973000)]
  0x00000001278ef000 JavaThread "logback-6" daemon [_thread_blocked, id=121099, stack(0x0000000176358000,0x000000017655b000)]
  0x0000000127875000 JavaThread "logback-7" daemon [_thread_blocked, id=64519, stack(0x0000000170b54000,0x0000000170d57000)]
  0x000000012290a000 JavaThread "logback-8" daemon [_thread_blocked, id=94739, stack(0x00000001771ac000,0x00000001773af000)]
  0x0000000126700000 JavaThread "logback-9" daemon [_thread_blocked, id=124423, stack(0x0000000178e54000,0x0000000179057000)]
  0x000000012792d000 JavaThread "logback-10" daemon [_thread_blocked, id=132871, stack(0x0000000171178000,0x000000017137b000)]
  0x000000012785c800 JavaThread "logback-11" daemon [_thread_blocked, id=62983, stack(0x0000000179684000,0x0000000179887000)]
  0x0000000145111800 JavaThread "logback-12" daemon [_thread_blocked, id=137231, stack(0x0000000178c48000,0x0000000178e4b000)]
  0x00000001221b6000 JavaThread "logback-13" daemon [_thread_blocked, id=80143, stack(0x000000017a0c0000,0x000000017a2c3000)]
  0x0000000127838800 JavaThread "logback-14" daemon [_thread_blocked, id=127243, stack(0x000000017a8f0000,0x000000017aaf3000)]
  0x0000000125c36800 JavaThread "logback-15" daemon [_thread_blocked, id=91403, stack(0x000000017ad08000,0x000000017af0b000)]
  0x0000000145112800 JavaThread "logback-16" daemon [_thread_blocked, id=127507, stack(0x0000000179ca8000,0x0000000179eab000)]
  0x0000000145103800 JavaThread "logback-17" daemon [_thread_blocked, id=132107, stack(0x0000000179eb4000,0x000000017a0b7000)]
  0x0000000145104800 JavaThread "logback-18" daemon [_thread_blocked, id=173839, stack(0x000000017aafc000,0x000000017acff000)]
  0x0000000122907000 JavaThread "logback-19" daemon [_thread_blocked, id=169235, stack(0x0000000176b88000,0x0000000176d8b000)]
  0x0000000122824000 JavaThread "logback-20" daemon [_thread_blocked, id=170259, stack(0x000000017bb5c000,0x000000017bd5f000)]
  0x000000016084a800 JavaThread "logback-21" daemon [_thread_blocked, id=122135, stack(0x000000017bd68000,0x000000017bf6b000)]
  0x0000000145105800 JavaThread "logback-22" daemon [_thread_blocked, id=123167, stack(0x000000017697c000,0x0000000176b7f000)]
  0x000000012785c000 JavaThread "logback-23" daemon [_thread_blocked, id=72735, stack(0x0000000179890000,0x0000000179a93000)]
  0x0000000122170800 JavaThread "logback-24" daemon [_thread_blocked, id=95015, stack(0x000000017bf74000,0x000000017c177000)]
  0x0000000127860800 JavaThread "task-16" [_thread_blocked, id=38447, stack(0x000000017c38c000,0x000000017c58f000)]
  0x0000000122159000 JavaThread "task-17" [_thread_blocked, id=43531, stack(0x0000000175b28000,0x0000000175d2b000)]
  0x0000000122175000 JavaThread "task-18" [_thread_blocked, id=122955, stack(0x000000017a2cc000,0x000000017a4cf000)]
  0x0000000122176000 JavaThread "task-19" [_thread_blocked, id=104499, stack(0x000000017f094000,0x000000017f297000)]
  0x000000012786c000 JavaThread "task-20" [_thread_blocked, id=91963, stack(0x000000017073c000,0x000000017093f000)]
  0x0000000122174000 JavaThread "grpc-default-executor-6" daemon [_thread_blocked, id=167215, stack(0x0000000179a9c000,0x0000000179c9f000)]
  0x000000012700c000 JavaThread "task-21" [_thread_blocked, id=93991, stack(0x0000000175f40000,0x0000000176143000)]
  0x0000000122825000 JavaThread "task-22" [_thread_blocked, id=79651, stack(0x00000001773b8000,0x00000001775bb000)]
  0x00000001267ae800 JavaThread "task-23" [_thread_blocked, id=172591, stack(0x000000017cbbc000,0x000000017cdbf000)]
  0x00000001221d4800 JavaThread "grpc-default-executor-7" daemon [_thread_blocked, id=70727, stack(0x000000017614c000,0x000000017634f000)]
  0x0000000122813800 JavaThread "nacos-grpc-client-executor-586" daemon [_thread_blocked, id=107315, stack(0x0000000170118000,0x000000017031b000)]
  0x000000012733f800 JavaThread "nacos-grpc-client-executor-587" daemon [_thread_blocked, id=110143, stack(0x000000017a4d8000,0x000000017a6db000)]
  0x000000014510e800 JavaThread "nacos-grpc-client-executor-588" daemon [_thread_blocked, id=111943, stack(0x000000017c180000,0x000000017c383000)]

Other Threads:
  0x0000000117817800 VMThread "VM Thread" [stack: 0x000000016be80000,0x000000016c083000] [id=16643]
  0x00000001274f1800 WatcherThread [stack: 0x0000000170530000,0x0000000170733000] [id=37635]
  0x000000012700d000 GCTaskThread "GC Thread#0" [stack: 0x000000016b444000,0x000000016b647000] [id=11779]
  0x0000000127842000 GCTaskThread "GC Thread#1" [stack: 0x000000016cff8000,0x000000016d1fb000] [id=23555]
  0x0000000145010800 GCTaskThread "GC Thread#2" [stack: 0x000000016d204000,0x000000016d407000] [id=24067]
  0x000000014501a800 GCTaskThread "GC Thread#3" [stack: 0x000000016d410000,0x000000016d613000] [id=24579]
  0x0000000127843000 GCTaskThread "GC Thread#4" [stack: 0x000000016d61c000,0x000000016d81f000] [id=30467]
  0x0000000127843800 GCTaskThread "GC Thread#5" [stack: 0x000000016d828000,0x000000016da2b000] [id=30211]
  0x000000012284d800 GCTaskThread "GC Thread#6" [stack: 0x000000016da34000,0x000000016dc37000] [id=29699]
  0x000000014501b800 GCTaskThread "GC Thread#7" [stack: 0x000000016dc40000,0x000000016de43000] [id=29443]
  0x000000012703a000 ConcurrentGCThread "G1 Main Marker" [stack: 0x000000016b650000,0x000000016b853000] [id=15107]
  0x000000012703b000 ConcurrentGCThread "G1 Conc#0" [stack: 0x000000016b85c000,0x000000016ba5f000] [id=12035]
  0x00000001263e1000 ConcurrentGCThread "G1 Conc#1" [stack: 0x000000016e264000,0x000000016e467000] [id=28675]
  0x000000012711b800 ConcurrentGCThread "G1 Refine#0" [stack: 0x000000016ba68000,0x000000016bc6b000] [id=12547]
  0x0000000122808800 ConcurrentGCThread "G1 Refine#1" [stack: 0x000000016de4c000,0x000000016e04f000] [id=25347]
  0x000000012711c800 ConcurrentGCThread "G1 Young RemSet Sampling" [stack: 0x000000016bc74000,0x000000016be77000] [id=14083]

Threads with active compile tasks:

VM state:not at safepoint (normal execution)

VM Mutex/Monitor currently owned by a thread: None

Heap address: 0x0000000640000000, size: 6144 MB, Compressed Oops mode: Zero based, Oop shift amount: 3
Narrow klass base: 0x0000000800000000, Narrow klass shift: 0
Compressed class space size: 1073741824 Address: 0x0000000800000000

Heap:
 garbage-first heap   total 766976K, used 162697K [0x0000000640000000, 0x00000007c0000000)
  region size 1024K, 122 young (124928K), 27 survivors (27648K)
 Metaspace       used 87142K, capacity 90142K, committed 90448K, reserved 1126400K
  class space    used 11775K, capacity 12973K, committed 13056K, reserved 1048576K
Heap Regions: E=young(eden), S=young(survivor), O=old, HS=humongous(starts), HC=humongous(continues), CS=collection set, F=free, A=archive, TAMS=top-at-mark-start (previous, next)
|   0|0x0000000640000000, 0x0000000640100000, 0x0000000640100000|100%|HS|  |TAMS 0x0000000640100000, 0x0000000640000000| Complete 
|   1|0x0000000640100000, 0x0000000640200000, 0x0000000640200000|100%| O|  |TAMS 0x0000000640200000, 0x0000000640100000| Untracked 
|   2|0x0000000640200000, 0x0000000640300000, 0x0000000640300000|100%|HS|  |TAMS 0x0000000640300000, 0x0000000640200000| Complete 
|   3|0x0000000640300000, 0x0000000640400000, 0x0000000640400000|100%|HC|  |TAMS 0x0000000640400000, 0x0000000640300000| Complete 
|   4|0x0000000640400000, 0x0000000640500000, 0x0000000640500000|100%| O|  |TAMS 0x0000000640500000, 0x0000000640400000| Untracked 
|   5|0x0000000640500000, 0x0000000640600000, 0x0000000640600000|100%| O|  |TAMS 0x0000000640500000, 0x0000000640500000| Untracked 
|   6|0x0000000640600000, 0x0000000640700000, 0x0000000640700000|100%| O|  |TAMS 0x0000000640700000, 0x0000000640600000| Untracked 
|   7|0x0000000640700000, 0x0000000640800000, 0x0000000640800000|100%| O|  |TAMS 0x0000000640800000, 0x0000000640700000| Untracked 
|   8|0x0000000640800000, 0x0000000640900000, 0x0000000640900000|100%| O|  |TAMS 0x0000000640900000, 0x0000000640800000| Untracked 
|   9|0x0000000640900000, 0x0000000640a00000, 0x0000000640a00000|100%| O|  |TAMS 0x0000000640a00000, 0x0000000640900000| Untracked 
|  10|0x0000000640a00000, 0x0000000640b00000, 0x0000000640b00000|100%| O|  |TAMS 0x0000000640b00000, 0x0000000640a00000| Untracked 
|  11|0x0000000640b00000, 0x0000000640c00000, 0x0000000640c00000|100%| O|  |TAMS 0x0000000640b00000, 0x0000000640b00000| Untracked 
|  12|0x0000000640c00000, 0x0000000640d00000, 0x0000000640d00000|100%| O|  |TAMS 0x0000000640c00000, 0x0000000640c00000| Untracked 
|  13|0x0000000640d00000, 0x0000000640e00000, 0x0000000640e00000|100%| O|  |TAMS 0x0000000640d00000, 0x0000000640d00000| Untracked 
|  14|0x0000000640e00000, 0x0000000640f00000, 0x0000000640f00000|100%| O|  |TAMS 0x0000000640e00000, 0x0000000640e00000| Untracked 
|  15|0x0000000640f00000, 0x0000000641000000, 0x0000000641000000|100%| O|  |TAMS 0x0000000641000000, 0x0000000640f00000| Untracked 
|  16|0x0000000641000000, 0x0000000641100000, 0x0000000641100000|100%| O|  |TAMS 0x0000000641100000, 0x0000000641000000| Untracked 
|  17|0x0000000641100000, 0x0000000641200000, 0x0000000641200000|100%| O|  |TAMS 0x0000000641200000, 0x0000000641100000| Untracked 
|  18|0x0000000641200000, 0x0000000641300000, 0x0000000641300000|100%| O|  |TAMS 0x0000000641300000, 0x0000000641200000| Untracked 
|  19|0x0000000641300000, 0x0000000641400000, 0x0000000641400000|100%| O|  |TAMS 0x0000000641400000, 0x0000000641300000| Untracked 
|  20|0x0000000641400000, 0x0000000641500000, 0x0000000641500000|100%| O|  |TAMS 0x0000000641500000, 0x0000000641400000| Untracked 
|  21|0x0000000641500000, 0x0000000641600000, 0x0000000641600000|100%| O|  |TAMS 0x0000000641600000, 0x0000000641500000| Untracked 
|  22|0x0000000641600000, 0x0000000641700000, 0x0000000641700000|100%| O|  |TAMS 0x0000000641700000, 0x0000000641600000| Untracked 
|  23|0x0000000641700000, 0x0000000641800000, 0x0000000641800000|100%| O|  |TAMS 0x0000000641800000, 0x0000000641700000| Untracked 
|  24|0x0000000641800000, 0x0000000641900000, 0x0000000641900000|100%| O|  |TAMS 0x0000000641900000, 0x0000000641800000| Untracked 
|  25|0x0000000641900000, 0x0000000641a00000, 0x0000000641a00000|100%| O|  |TAMS 0x0000000641a00000, 0x0000000641900000| Untracked 
|  26|0x0000000641a00000, 0x0000000641b00000, 0x0000000641b00000|100%| O|  |TAMS 0x0000000641a5b400, 0x0000000641a00000| Untracked 
|  27|0x0000000641b00000, 0x0000000641c00000, 0x0000000641c00000|100%| O|  |TAMS 0x0000000641b00000, 0x0000000641b00000| Untracked 
|  28|0x0000000641c00000, 0x0000000641d00000, 0x0000000641d00000|100%| O|  |TAMS 0x0000000641c00000, 0x0000000641c00000| Untracked 
|  29|0x0000000641d00000, 0x0000000641e00000, 0x0000000641e00000|100%| O|  |TAMS 0x0000000641d00000, 0x0000000641d00000| Untracked 
|  30|0x0000000641e00000, 0x0000000641f00000, 0x0000000641f00000|100%| O|  |TAMS 0x0000000641e00000, 0x0000000641e00000| Untracked 
|  31|0x0000000641f00000, 0x0000000642000000, 0x0000000642000000|100%| O|  |TAMS 0x0000000641f00000, 0x0000000641f00000| Untracked 
|  32|0x0000000642000000, 0x0000000642100000, 0x0000000642100000|100%| O|  |TAMS 0x0000000642000000, 0x0000000642000000| Untracked 
|  33|0x0000000642100000, 0x0000000642200000, 0x0000000642200000|100%| O|  |TAMS 0x0000000642100000, 0x0000000642100000| Untracked 
|  34|0x0000000642200000, 0x0000000642300000, 0x0000000642300000|100%| O|  |TAMS 0x0000000642200000, 0x0000000642200000| Untracked 
|  35|0x0000000642300000, 0x0000000642400000, 0x0000000642400000|100%| O|  |TAMS 0x0000000642300000, 0x0000000642300000| Untracked 
|  36|0x0000000642400000, 0x0000000642500000, 0x0000000642500000|100%| O|  |TAMS 0x0000000642400000, 0x0000000642400000| Untracked 
|  37|0x0000000642500000, 0x0000000642600000, 0x0000000642600000|100%| O|  |TAMS 0x0000000642500000, 0x0000000642500000| Untracked 
|  38|0x0000000642600000, 0x00000006426e2400, 0x0000000642700000| 88%| O|  |TAMS 0x0000000642600000, 0x0000000642600000| Untracked 
|  39|0x0000000642700000, 0x0000000642700000, 0x0000000642800000|  0%| F|  |TAMS 0x0000000642700000, 0x0000000642700000| Untracked 
|  40|0x0000000642800000, 0x0000000642800000, 0x0000000642900000|  0%| F|  |TAMS 0x0000000642800000, 0x0000000642800000| Untracked 
|  41|0x0000000642900000, 0x0000000642900000, 0x0000000642a00000|  0%| F|  |TAMS 0x0000000642900000, 0x0000000642900000| Untracked 
|  42|0x0000000642a00000, 0x0000000642a00000, 0x0000000642b00000|  0%| F|  |TAMS 0x0000000642a00000, 0x0000000642a00000| Untracked 
|  43|0x0000000642b00000, 0x0000000642b00000, 0x0000000642c00000|  0%| F|  |TAMS 0x0000000642b00000, 0x0000000642b00000| Untracked 
|  44|0x0000000642c00000, 0x0000000642c00000, 0x0000000642d00000|  0%| F|  |TAMS 0x0000000642c00000, 0x0000000642c00000| Untracked 
|  45|0x0000000642d00000, 0x0000000642d00000, 0x0000000642e00000|  0%| F|  |TAMS 0x0000000642d00000, 0x0000000642d00000| Untracked 
|  46|0x0000000642e00000, 0x0000000642e00000, 0x0000000642f00000|  0%| F|  |TAMS 0x0000000642e00000, 0x0000000642e00000| Untracked 
|  47|0x0000000642f00000, 0x0000000642f00000, 0x0000000643000000|  0%| F|  |TAMS 0x0000000642f00000, 0x0000000642f00000| Untracked 
|  48|0x0000000643000000, 0x0000000643000000, 0x0000000643100000|  0%| F|  |TAMS 0x0000000643000000, 0x0000000643000000| Untracked 
|  49|0x0000000643100000, 0x0000000643100000, 0x0000000643200000|  0%| F|  |TAMS 0x0000000643100000, 0x0000000643100000| Untracked 
|  50|0x0000000643200000, 0x0000000643200000, 0x0000000643300000|  0%| F|  |TAMS 0x0000000643200000, 0x0000000643200000| Untracked 
|  51|0x0000000643300000, 0x0000000643300000, 0x0000000643400000|  0%| F|  |TAMS 0x0000000643300000, 0x0000000643300000| Untracked 
|  52|0x0000000643400000, 0x0000000643400000, 0x0000000643500000|  0%| F|  |TAMS 0x0000000643400000, 0x0000000643400000| Untracked 
|  53|0x0000000643500000, 0x0000000643500000, 0x0000000643600000|  0%| F|  |TAMS 0x0000000643500000, 0x0000000643500000| Untracked 
|  54|0x0000000643600000, 0x0000000643600000, 0x0000000643700000|  0%| F|  |TAMS 0x0000000643600000, 0x0000000643600000| Untracked 
|  55|0x0000000643700000, 0x0000000643700000, 0x0000000643800000|  0%| F|  |TAMS 0x0000000643700000, 0x0000000643700000| Untracked 
|  56|0x0000000643800000, 0x0000000643800000, 0x0000000643900000|  0%| F|  |TAMS 0x0000000643800000, 0x0000000643800000| Untracked 
|  57|0x0000000643900000, 0x0000000643900000, 0x0000000643a00000|  0%| F|  |TAMS 0x0000000643900000, 0x0000000643900000| Untracked 
|  58|0x0000000643a00000, 0x0000000643a00000, 0x0000000643b00000|  0%| F|  |TAMS 0x0000000643a00000, 0x0000000643a00000| Untracked 
|  59|0x0000000643b00000, 0x0000000643b00000, 0x0000000643c00000|  0%| F|  |TAMS 0x0000000643b00000, 0x0000000643b00000| Untracked 
|  60|0x0000000643c00000, 0x0000000643c00000, 0x0000000643d00000|  0%| F|  |TAMS 0x0000000643c00000, 0x0000000643c00000| Untracked 
|  61|0x0000000643d00000, 0x0000000643d00000, 0x0000000643e00000|  0%| F|  |TAMS 0x0000000643d00000, 0x0000000643d00000| Untracked 
|  62|0x0000000643e00000, 0x0000000643e00000, 0x0000000643f00000|  0%| F|  |TAMS 0x0000000643e00000, 0x0000000643e00000| Untracked 
|  63|0x0000000643f00000, 0x0000000643f00000, 0x0000000644000000|  0%| F|  |TAMS 0x0000000643f00000, 0x0000000643f00000| Untracked 
|  64|0x0000000644000000, 0x0000000644000000, 0x0000000644100000|  0%| F|  |TAMS 0x0000000644000000, 0x0000000644000000| Untracked 
|  65|0x0000000644100000, 0x0000000644100000, 0x0000000644200000|  0%| F|  |TAMS 0x0000000644100000, 0x0000000644100000| Untracked 
|  66|0x0000000644200000, 0x0000000644200000, 0x0000000644300000|  0%| F|  |TAMS 0x0000000644200000, 0x0000000644200000| Untracked 
|  67|0x0000000644300000, 0x0000000644300000, 0x0000000644400000|  0%| F|  |TAMS 0x0000000644300000, 0x0000000644300000| Untracked 
|  68|0x0000000644400000, 0x0000000644400000, 0x0000000644500000|  0%| F|  |TAMS 0x0000000644400000, 0x0000000644400000| Untracked 
|  69|0x0000000644500000, 0x0000000644500000, 0x0000000644600000|  0%| F|  |TAMS 0x0000000644500000, 0x0000000644500000| Untracked 
|  70|0x0000000644600000, 0x0000000644600000, 0x0000000644700000|  0%| F|  |TAMS 0x0000000644600000, 0x0000000644600000| Untracked 
|  71|0x0000000644700000, 0x0000000644700000, 0x0000000644800000|  0%| F|  |TAMS 0x0000000644700000, 0x0000000644700000| Untracked 
|  72|0x0000000644800000, 0x0000000644800000, 0x0000000644900000|  0%| F|  |TAMS 0x0000000644800000, 0x0000000644800000| Untracked 
|  73|0x0000000644900000, 0x0000000644900000, 0x0000000644a00000|  0%| F|  |TAMS 0x0000000644900000, 0x0000000644900000| Untracked 
|  74|0x0000000644a00000, 0x0000000644a00000, 0x0000000644b00000|  0%| F|  |TAMS 0x0000000644a00000, 0x0000000644a00000| Untracked 
|  75|0x0000000644b00000, 0x0000000644b00000, 0x0000000644c00000|  0%| F|  |TAMS 0x0000000644b00000, 0x0000000644b00000| Untracked 
|  76|0x0000000644c00000, 0x0000000644c00000, 0x0000000644d00000|  0%| F|  |TAMS 0x0000000644c00000, 0x0000000644c00000| Untracked 
|  77|0x0000000644d00000, 0x0000000644d00000, 0x0000000644e00000|  0%| F|  |TAMS 0x0000000644d00000, 0x0000000644d00000| Untracked 
|  78|0x0000000644e00000, 0x0000000644e00000, 0x0000000644f00000|  0%| F|  |TAMS 0x0000000644e00000, 0x0000000644e00000| Untracked 
|  79|0x0000000644f00000, 0x0000000644f00000, 0x0000000645000000|  0%| F|  |TAMS 0x0000000644f00000, 0x0000000644f00000| Untracked 
|  80|0x0000000645000000, 0x0000000645000000, 0x0000000645100000|  0%| F|  |TAMS 0x0000000645000000, 0x0000000645000000| Untracked 
|  81|0x0000000645100000, 0x0000000645100000, 0x0000000645200000|  0%| F|  |TAMS 0x0000000645100000, 0x0000000645100000| Untracked 
|  82|0x0000000645200000, 0x0000000645200000, 0x0000000645300000|  0%| F|  |TAMS 0x0000000645200000, 0x0000000645200000| Untracked 
|  83|0x0000000645300000, 0x0000000645300000, 0x0000000645400000|  0%| F|  |TAMS 0x0000000645300000, 0x0000000645300000| Untracked 
|  84|0x0000000645400000, 0x0000000645400000, 0x0000000645500000|  0%| F|  |TAMS 0x0000000645400000, 0x0000000645400000| Untracked 
|  85|0x0000000645500000, 0x0000000645500000, 0x0000000645600000|  0%| F|  |TAMS 0x0000000645500000, 0x0000000645500000| Untracked 
|  86|0x0000000645600000, 0x0000000645600000, 0x0000000645700000|  0%| F|  |TAMS 0x0000000645600000, 0x0000000645600000| Untracked 
|  87|0x0000000645700000, 0x0000000645700000, 0x0000000645800000|  0%| F|  |TAMS 0x0000000645700000, 0x0000000645700000| Untracked 
|  88|0x0000000645800000, 0x0000000645800000, 0x0000000645900000|  0%| F|  |TAMS 0x0000000645800000, 0x0000000645800000| Untracked 
|  89|0x0000000645900000, 0x0000000645900000, 0x0000000645a00000|  0%| F|  |TAMS 0x0000000645900000, 0x0000000645900000| Untracked 
|  90|0x0000000645a00000, 0x0000000645a00000, 0x0000000645b00000|  0%| F|  |TAMS 0x0000000645a00000, 0x0000000645a00000| Untracked 
|  91|0x0000000645b00000, 0x0000000645b00000, 0x0000000645c00000|  0%| F|  |TAMS 0x0000000645b00000, 0x0000000645b00000| Untracked 
|  92|0x0000000645c00000, 0x0000000645c00000, 0x0000000645d00000|  0%| F|  |TAMS 0x0000000645c00000, 0x0000000645c00000| Untracked 
|  93|0x0000000645d00000, 0x0000000645d00000, 0x0000000645e00000|  0%| F|  |TAMS 0x0000000645d00000, 0x0000000645d00000| Untracked 
|  94|0x0000000645e00000, 0x0000000645e00000, 0x0000000645f00000|  0%| F|  |TAMS 0x0000000645e00000, 0x0000000645e00000| Untracked 
|  95|0x0000000645f00000, 0x0000000645f00000, 0x0000000646000000|  0%| F|  |TAMS 0x0000000645f00000, 0x0000000645f00000| Untracked 
|  96|0x0000000646000000, 0x0000000646000000, 0x0000000646100000|  0%| F|  |TAMS 0x0000000646000000, 0x0000000646000000| Untracked 
|  97|0x0000000646100000, 0x0000000646100000, 0x0000000646200000|  0%| F|  |TAMS 0x0000000646100000, 0x0000000646100000| Untracked 
|  98|0x0000000646200000, 0x0000000646200000, 0x0000000646300000|  0%| F|  |TAMS 0x0000000646200000, 0x0000000646200000| Untracked 
|  99|0x0000000646300000, 0x0000000646300000, 0x0000000646400000|  0%| F|  |TAMS 0x0000000646300000, 0x0000000646300000| Untracked 
| 100|0x0000000646400000, 0x0000000646400000, 0x0000000646500000|  0%| F|  |TAMS 0x0000000646400000, 0x0000000646400000| Untracked 
| 101|0x0000000646500000, 0x0000000646500000, 0x0000000646600000|  0%| F|  |TAMS 0x0000000646500000, 0x0000000646500000| Untracked 
| 102|0x0000000646600000, 0x0000000646600000, 0x0000000646700000|  0%| F|  |TAMS 0x0000000646600000, 0x0000000646600000| Untracked 
| 103|0x0000000646700000, 0x0000000646700000, 0x0000000646800000|  0%| F|  |TAMS 0x0000000646700000, 0x0000000646700000| Untracked 
| 104|0x0000000646800000, 0x0000000646800000, 0x0000000646900000|  0%| F|  |TAMS 0x0000000646800000, 0x0000000646800000| Untracked 
| 105|0x0000000646900000, 0x0000000646900000, 0x0000000646a00000|  0%| F|  |TAMS 0x0000000646900000, 0x0000000646900000| Untracked 
| 106|0x0000000646a00000, 0x0000000646a00000, 0x0000000646b00000|  0%| F|  |TAMS 0x0000000646a00000, 0x0000000646a00000| Untracked 
| 107|0x0000000646b00000, 0x0000000646b00000, 0x0000000646c00000|  0%| F|  |TAMS 0x0000000646b00000, 0x0000000646b00000| Untracked 
| 108|0x0000000646c00000, 0x0000000646c00000, 0x0000000646d00000|  0%| F|  |TAMS 0x0000000646c00000, 0x0000000646c00000| Untracked 
| 109|0x0000000646d00000, 0x0000000646d00000, 0x0000000646e00000|  0%| F|  |TAMS 0x0000000646d00000, 0x0000000646d00000| Untracked 
| 110|0x0000000646e00000, 0x0000000646e00000, 0x0000000646f00000|  0%| F|  |TAMS 0x0000000646e00000, 0x0000000646e00000| Untracked 
| 111|0x0000000646f00000, 0x0000000646f00000, 0x0000000647000000|  0%| F|  |TAMS 0x0000000646f00000, 0x0000000646f00000| Untracked 
| 112|0x0000000647000000, 0x0000000647000000, 0x0000000647100000|  0%| F|  |TAMS 0x0000000647000000, 0x0000000647000000| Untracked 
| 113|0x0000000647100000, 0x0000000647100000, 0x0000000647200000|  0%| F|  |TAMS 0x0000000647100000, 0x0000000647100000| Untracked 
| 114|0x0000000647200000, 0x0000000647200000, 0x0000000647300000|  0%| F|  |TAMS 0x0000000647200000, 0x0000000647200000| Untracked 
| 115|0x0000000647300000, 0x0000000647300000, 0x0000000647400000|  0%| F|  |TAMS 0x0000000647300000, 0x0000000647300000| Untracked 
| 116|0x0000000647400000, 0x0000000647400000, 0x0000000647500000|  0%| F|  |TAMS 0x0000000647400000, 0x0000000647400000| Untracked 
| 117|0x0000000647500000, 0x0000000647500000, 0x0000000647600000|  0%| F|  |TAMS 0x0000000647500000, 0x0000000647500000| Untracked 
| 118|0x0000000647600000, 0x0000000647600000, 0x0000000647700000|  0%| F|  |TAMS 0x0000000647600000, 0x0000000647600000| Untracked 
| 119|0x0000000647700000, 0x0000000647700000, 0x0000000647800000|  0%| F|  |TAMS 0x0000000647700000, 0x0000000647700000| Untracked 
| 120|0x0000000647800000, 0x0000000647800000, 0x0000000647900000|  0%| F|  |TAMS 0x0000000647800000, 0x0000000647800000| Untracked 
| 121|0x0000000647900000, 0x0000000647900000, 0x0000000647a00000|  0%| F|  |TAMS 0x0000000647900000, 0x0000000647900000| Untracked 
| 122|0x0000000647a00000, 0x0000000647a00000, 0x0000000647b00000|  0%| F|  |TAMS 0x0000000647a00000, 0x0000000647a00000| Untracked 
| 123|0x0000000647b00000, 0x0000000647b00000, 0x0000000647c00000|  0%| F|  |TAMS 0x0000000647b00000, 0x0000000647b00000| Untracked 
| 124|0x0000000647c00000, 0x0000000647c00000, 0x0000000647d00000|  0%| F|  |TAMS 0x0000000647c00000, 0x0000000647c00000| Untracked 
| 125|0x0000000647d00000, 0x0000000647d00000, 0x0000000647e00000|  0%| F|  |TAMS 0x0000000647d00000, 0x0000000647d00000| Untracked 
| 126|0x0000000647e00000, 0x0000000647e00000, 0x0000000647f00000|  0%| F|  |TAMS 0x0000000647e00000, 0x0000000647e00000| Untracked 
| 127|0x0000000647f00000, 0x0000000647f00000, 0x0000000648000000|  0%| F|  |TAMS 0x0000000647f00000, 0x0000000647f00000| Untracked 
| 128|0x0000000648000000, 0x0000000648000000, 0x0000000648100000|  0%| F|  |TAMS 0x0000000648000000, 0x0000000648000000| Untracked 
| 129|0x0000000648100000, 0x0000000648100000, 0x0000000648200000|  0%| F|  |TAMS 0x0000000648100000, 0x0000000648100000| Untracked 
| 130|0x0000000648200000, 0x0000000648200000, 0x0000000648300000|  0%| F|  |TAMS 0x0000000648200000, 0x0000000648200000| Untracked 
| 131|0x0000000648300000, 0x0000000648300000, 0x0000000648400000|  0%| F|  |TAMS 0x0000000648300000, 0x0000000648300000| Untracked 
| 132|0x0000000648400000, 0x0000000648400000, 0x0000000648500000|  0%| F|  |TAMS 0x0000000648400000, 0x0000000648400000| Untracked 
| 133|0x0000000648500000, 0x0000000648500000, 0x0000000648600000|  0%| F|  |TAMS 0x0000000648500000, 0x0000000648500000| Untracked 
| 134|0x0000000648600000, 0x0000000648600000, 0x0000000648700000|  0%| F|  |TAMS 0x0000000648600000, 0x0000000648600000| Untracked 
| 135|0x0000000648700000, 0x0000000648700000, 0x0000000648800000|  0%| F|  |TAMS 0x0000000648700000, 0x0000000648700000| Untracked 
| 136|0x0000000648800000, 0x0000000648800000, 0x0000000648900000|  0%| F|  |TAMS 0x0000000648800000, 0x0000000648800000| Untracked 
| 137|0x0000000648900000, 0x0000000648900000, 0x0000000648a00000|  0%| F|  |TAMS 0x0000000648900000, 0x0000000648900000| Untracked 
| 138|0x0000000648a00000, 0x0000000648a00000, 0x0000000648b00000|  0%| F|  |TAMS 0x0000000648a00000, 0x0000000648a00000| Untracked 
| 139|0x0000000648b00000, 0x0000000648b00000, 0x0000000648c00000|  0%| F|  |TAMS 0x0000000648b00000, 0x0000000648b00000| Untracked 
| 140|0x0000000648c00000, 0x0000000648c00000, 0x0000000648d00000|  0%| F|  |TAMS 0x0000000648c00000, 0x0000000648c00000| Untracked 
| 141|0x0000000648d00000, 0x0000000648d00000, 0x0000000648e00000|  0%| F|  |TAMS 0x0000000648d00000, 0x0000000648d00000| Untracked 
| 142|0x0000000648e00000, 0x0000000648e00000, 0x0000000648f00000|  0%| F|  |TAMS 0x0000000648e00000, 0x0000000648e00000| Untracked 
| 143|0x0000000648f00000, 0x0000000648f00000, 0x0000000649000000|  0%| F|  |TAMS 0x0000000648f00000, 0x0000000648f00000| Untracked 
| 144|0x0000000649000000, 0x0000000649000000, 0x0000000649100000|  0%| F|  |TAMS 0x0000000649000000, 0x0000000649000000| Untracked 
| 145|0x0000000649100000, 0x0000000649100000, 0x0000000649200000|  0%| F|  |TAMS 0x0000000649100000, 0x0000000649100000| Untracked 
| 146|0x0000000649200000, 0x0000000649200000, 0x0000000649300000|  0%| F|  |TAMS 0x0000000649200000, 0x0000000649200000| Untracked 
| 147|0x0000000649300000, 0x0000000649300000, 0x0000000649400000|  0%| F|  |TAMS 0x0000000649300000, 0x0000000649300000| Untracked 
| 148|0x0000000649400000, 0x0000000649400000, 0x0000000649500000|  0%| F|  |TAMS 0x0000000649400000, 0x0000000649400000| Untracked 
| 149|0x0000000649500000, 0x0000000649500000, 0x0000000649600000|  0%| F|  |TAMS 0x0000000649500000, 0x0000000649500000| Untracked 
| 150|0x0000000649600000, 0x0000000649600000, 0x0000000649700000|  0%| F|  |TAMS 0x0000000649600000, 0x0000000649600000| Untracked 
| 151|0x0000000649700000, 0x0000000649700000, 0x0000000649800000|  0%| F|  |TAMS 0x0000000649700000, 0x0000000649700000| Untracked 
| 152|0x0000000649800000, 0x0000000649800000, 0x0000000649900000|  0%| F|  |TAMS 0x0000000649800000, 0x0000000649800000| Untracked 
| 153|0x0000000649900000, 0x0000000649900000, 0x0000000649a00000|  0%| F|  |TAMS 0x0000000649900000, 0x0000000649900000| Untracked 
| 154|0x0000000649a00000, 0x0000000649a00000, 0x0000000649b00000|  0%| F|  |TAMS 0x0000000649a00000, 0x0000000649a00000| Untracked 
| 155|0x0000000649b00000, 0x0000000649b00000, 0x0000000649c00000|  0%| F|  |TAMS 0x0000000649b00000, 0x0000000649b00000| Untracked 
| 156|0x0000000649c00000, 0x0000000649c00000, 0x0000000649d00000|  0%| F|  |TAMS 0x0000000649c00000, 0x0000000649c00000| Untracked 
| 157|0x0000000649d00000, 0x0000000649d00000, 0x0000000649e00000|  0%| F|  |TAMS 0x0000000649d00000, 0x0000000649d00000| Untracked 
| 158|0x0000000649e00000, 0x0000000649e00000, 0x0000000649f00000|  0%| F|  |TAMS 0x0000000649e00000, 0x0000000649e00000| Untracked 
| 159|0x0000000649f00000, 0x0000000649f00000, 0x000000064a000000|  0%| F|  |TAMS 0x0000000649f00000, 0x0000000649f00000| Untracked 
| 160|0x000000064a000000, 0x000000064a000000, 0x000000064a100000|  0%| F|  |TAMS 0x000000064a000000, 0x000000064a000000| Untracked 
| 161|0x000000064a100000, 0x000000064a100000, 0x000000064a200000|  0%| F|  |TAMS 0x000000064a100000, 0x000000064a100000| Untracked 
| 162|0x000000064a200000, 0x000000064a200000, 0x000000064a300000|  0%| F|  |TAMS 0x000000064a200000, 0x000000064a200000| Untracked 
| 163|0x000000064a300000, 0x000000064a300000, 0x000000064a400000|  0%| F|  |TAMS 0x000000064a300000, 0x000000064a300000| Untracked 
| 164|0x000000064a400000, 0x000000064a400000, 0x000000064a500000|  0%| F|  |TAMS 0x000000064a400000, 0x000000064a400000| Untracked 
| 165|0x000000064a500000, 0x000000064a500000, 0x000000064a600000|  0%| F|  |TAMS 0x000000064a500000, 0x000000064a500000| Untracked 
| 166|0x000000064a600000, 0x000000064a600000, 0x000000064a700000|  0%| F|  |TAMS 0x000000064a600000, 0x000000064a600000| Untracked 
| 167|0x000000064a700000, 0x000000064a700000, 0x000000064a800000|  0%| F|  |TAMS 0x000000064a700000, 0x000000064a700000| Untracked 
| 168|0x000000064a800000, 0x000000064a800000, 0x000000064a900000|  0%| F|  |TAMS 0x000000064a800000, 0x000000064a800000| Untracked 
| 169|0x000000064a900000, 0x000000064a900000, 0x000000064aa00000|  0%| F|  |TAMS 0x000000064a900000, 0x000000064a900000| Untracked 
| 170|0x000000064aa00000, 0x000000064aa00000, 0x000000064ab00000|  0%| F|  |TAMS 0x000000064aa00000, 0x000000064aa00000| Untracked 
| 171|0x000000064ab00000, 0x000000064ab00000, 0x000000064ac00000|  0%| F|  |TAMS 0x000000064ab00000, 0x000000064ab00000| Untracked 
| 172|0x000000064ac00000, 0x000000064ac00000, 0x000000064ad00000|  0%| F|  |TAMS 0x000000064ac00000, 0x000000064ac00000| Untracked 
| 173|0x000000064ad00000, 0x000000064ad00000, 0x000000064ae00000|  0%| F|  |TAMS 0x000000064ad00000, 0x000000064ad00000| Untracked 
| 174|0x000000064ae00000, 0x000000064ae00000, 0x000000064af00000|  0%| F|  |TAMS 0x000000064ae00000, 0x000000064ae00000| Untracked 
| 175|0x000000064af00000, 0x000000064af00000, 0x000000064b000000|  0%| F|  |TAMS 0x000000064af00000, 0x000000064af00000| Untracked 
| 176|0x000000064b000000, 0x000000064b000000, 0x000000064b100000|  0%| F|  |TAMS 0x000000064b000000, 0x000000064b000000| Untracked 
| 177|0x000000064b100000, 0x000000064b100000, 0x000000064b200000|  0%| F|  |TAMS 0x000000064b100000, 0x000000064b100000| Untracked 
| 178|0x000000064b200000, 0x000000064b200000, 0x000000064b300000|  0%| F|  |TAMS 0x000000064b200000, 0x000000064b200000| Untracked 
| 179|0x000000064b300000, 0x000000064b300000, 0x000000064b400000|  0%| F|  |TAMS 0x000000064b300000, 0x000000064b300000| Untracked 
| 180|0x000000064b400000, 0x000000064b400000, 0x000000064b500000|  0%| F|  |TAMS 0x000000064b400000, 0x000000064b400000| Untracked 
| 181|0x000000064b500000, 0x000000064b500000, 0x000000064b600000|  0%| F|  |TAMS 0x000000064b500000, 0x000000064b500000| Untracked 
| 182|0x000000064b600000, 0x000000064b600000, 0x000000064b700000|  0%| F|  |TAMS 0x000000064b600000, 0x000000064b600000| Untracked 
| 183|0x000000064b700000, 0x000000064b700000, 0x000000064b800000|  0%| F|  |TAMS 0x000000064b700000, 0x000000064b700000| Untracked 
| 184|0x000000064b800000, 0x000000064b800000, 0x000000064b900000|  0%| F|  |TAMS 0x000000064b800000, 0x000000064b800000| Untracked 
| 185|0x000000064b900000, 0x000000064b900000, 0x000000064ba00000|  0%| F|  |TAMS 0x000000064b900000, 0x000000064b900000| Untracked 
| 186|0x000000064ba00000, 0x000000064ba00000, 0x000000064bb00000|  0%| F|  |TAMS 0x000000064ba00000, 0x000000064ba00000| Untracked 
| 187|0x000000064bb00000, 0x000000064bb00000, 0x000000064bc00000|  0%| F|  |TAMS 0x000000064bb00000, 0x000000064bb00000| Untracked 
| 188|0x000000064bc00000, 0x000000064bc00000, 0x000000064bd00000|  0%| F|  |TAMS 0x000000064bc00000, 0x000000064bc00000| Untracked 
| 189|0x000000064bd00000, 0x000000064bd00000, 0x000000064be00000|  0%| F|  |TAMS 0x000000064bd00000, 0x000000064bd00000| Untracked 
| 190|0x000000064be00000, 0x000000064be00000, 0x000000064bf00000|  0%| F|  |TAMS 0x000000064be00000, 0x000000064be00000| Untracked 
| 191|0x000000064bf00000, 0x000000064bf00000, 0x000000064c000000|  0%| F|  |TAMS 0x000000064bf00000, 0x000000064bf00000| Untracked 
| 192|0x000000064c000000, 0x000000064c000000, 0x000000064c100000|  0%| F|  |TAMS 0x000000064c000000, 0x000000064c000000| Untracked 
| 193|0x000000064c100000, 0x000000064c100000, 0x000000064c200000|  0%| F|  |TAMS 0x000000064c100000, 0x000000064c100000| Untracked 
| 194|0x000000064c200000, 0x000000064c200000, 0x000000064c300000|  0%| F|  |TAMS 0x000000064c200000, 0x000000064c200000| Untracked 
| 195|0x000000064c300000, 0x000000064c300000, 0x000000064c400000|  0%| F|  |TAMS 0x000000064c300000, 0x000000064c300000| Untracked 
| 196|0x000000064c400000, 0x000000064c400000, 0x000000064c500000|  0%| F|  |TAMS 0x000000064c400000, 0x000000064c400000| Untracked 
| 197|0x000000064c500000, 0x000000064c500000, 0x000000064c600000|  0%| F|  |TAMS 0x000000064c500000, 0x000000064c500000| Untracked 
| 198|0x000000064c600000, 0x000000064c600000, 0x000000064c700000|  0%| F|  |TAMS 0x000000064c600000, 0x000000064c600000| Untracked 
| 199|0x000000064c700000, 0x000000064c700000, 0x000000064c800000|  0%| F|  |TAMS 0x000000064c700000, 0x000000064c700000| Untracked 
| 200|0x000000064c800000, 0x000000064c800000, 0x000000064c900000|  0%| F|  |TAMS 0x000000064c800000, 0x000000064c800000| Untracked 
| 201|0x000000064c900000, 0x000000064c900000, 0x000000064ca00000|  0%| F|  |TAMS 0x000000064c900000, 0x000000064c900000| Untracked 
| 202|0x000000064ca00000, 0x000000064ca00000, 0x000000064cb00000|  0%| F|  |TAMS 0x000000064ca00000, 0x000000064ca00000| Untracked 
| 203|0x000000064cb00000, 0x000000064cb00000, 0x000000064cc00000|  0%| F|  |TAMS 0x000000064cb00000, 0x000000064cb00000| Untracked 
| 204|0x000000064cc00000, 0x000000064cc00000, 0x000000064cd00000|  0%| F|  |TAMS 0x000000064cc00000, 0x000000064cc00000| Untracked 
| 205|0x000000064cd00000, 0x000000064cd00000, 0x000000064ce00000|  0%| F|  |TAMS 0x000000064cd00000, 0x000000064cd00000| Untracked 
| 206|0x000000064ce00000, 0x000000064ce00000, 0x000000064cf00000|  0%| F|  |TAMS 0x000000064ce00000, 0x000000064ce00000| Untracked 
| 207|0x000000064cf00000, 0x000000064cf00000, 0x000000064d000000|  0%| F|  |TAMS 0x000000064cf00000, 0x000000064cf00000| Untracked 
| 208|0x000000064d000000, 0x000000064d000000, 0x000000064d100000|  0%| F|  |TAMS 0x000000064d000000, 0x000000064d000000| Untracked 
| 209|0x000000064d100000, 0x000000064d100000, 0x000000064d200000|  0%| F|  |TAMS 0x000000064d100000, 0x000000064d100000| Untracked 
| 210|0x000000064d200000, 0x000000064d200000, 0x000000064d300000|  0%| F|  |TAMS 0x000000064d200000, 0x000000064d200000| Untracked 
| 211|0x000000064d300000, 0x000000064d300000, 0x000000064d400000|  0%| F|  |TAMS 0x000000064d300000, 0x000000064d300000| Untracked 
| 212|0x000000064d400000, 0x000000064d400000, 0x000000064d500000|  0%| F|  |TAMS 0x000000064d400000, 0x000000064d400000| Untracked 
| 213|0x000000064d500000, 0x000000064d500000, 0x000000064d600000|  0%| F|  |TAMS 0x000000064d500000, 0x000000064d500000| Untracked 
| 214|0x000000064d600000, 0x000000064d600000, 0x000000064d700000|  0%| F|  |TAMS 0x000000064d600000, 0x000000064d600000| Untracked 
| 215|0x000000064d700000, 0x000000064d700000, 0x000000064d800000|  0%| F|  |TAMS 0x000000064d700000, 0x000000064d700000| Untracked 
| 216|0x000000064d800000, 0x000000064d800000, 0x000000064d900000|  0%| F|  |TAMS 0x000000064d800000, 0x000000064d800000| Untracked 
| 217|0x000000064d900000, 0x000000064d900000, 0x000000064da00000|  0%| F|  |TAMS 0x000000064d900000, 0x000000064d900000| Untracked 
| 218|0x000000064da00000, 0x000000064da00000, 0x000000064db00000|  0%| F|  |TAMS 0x000000064da00000, 0x000000064da00000| Untracked 
| 219|0x000000064db00000, 0x000000064db00000, 0x000000064dc00000|  0%| F|  |TAMS 0x000000064db00000, 0x000000064db00000| Untracked 
| 220|0x000000064dc00000, 0x000000064dc00000, 0x000000064dd00000|  0%| F|  |TAMS 0x000000064dc00000, 0x000000064dc00000| Untracked 
| 221|0x000000064dd00000, 0x000000064dd00000, 0x000000064de00000|  0%| F|  |TAMS 0x000000064dd00000, 0x000000064dd00000| Untracked 
| 222|0x000000064de00000, 0x000000064de00000, 0x000000064df00000|  0%| F|  |TAMS 0x000000064de00000, 0x000000064de00000| Untracked 
| 223|0x000000064df00000, 0x000000064df00000, 0x000000064e000000|  0%| F|  |TAMS 0x000000064df00000, 0x000000064df00000| Untracked 
| 224|0x000000064e000000, 0x000000064e000000, 0x000000064e100000|  0%| F|  |TAMS 0x000000064e000000, 0x000000064e000000| Untracked 
| 225|0x000000064e100000, 0x000000064e100000, 0x000000064e200000|  0%| F|  |TAMS 0x000000064e100000, 0x000000064e100000| Untracked 
| 226|0x000000064e200000, 0x000000064e200000, 0x000000064e300000|  0%| F|  |TAMS 0x000000064e200000, 0x000000064e200000| Untracked 
| 227|0x000000064e300000, 0x000000064e300000, 0x000000064e400000|  0%| F|  |TAMS 0x000000064e300000, 0x000000064e300000| Untracked 
| 228|0x000000064e400000, 0x000000064e400000, 0x000000064e500000|  0%| F|  |TAMS 0x000000064e400000, 0x000000064e400000| Untracked 
| 229|0x000000064e500000, 0x000000064e500000, 0x000000064e600000|  0%| F|  |TAMS 0x000000064e500000, 0x000000064e500000| Untracked 
| 230|0x000000064e600000, 0x000000064e600000, 0x000000064e700000|  0%| F|  |TAMS 0x000000064e600000, 0x000000064e600000| Untracked 
| 231|0x000000064e700000, 0x000000064e700000, 0x000000064e800000|  0%| F|  |TAMS 0x000000064e700000, 0x000000064e700000| Untracked 
| 232|0x000000064e800000, 0x000000064e800000, 0x000000064e900000|  0%| F|  |TAMS 0x000000064e800000, 0x000000064e800000| Untracked 
| 233|0x000000064e900000, 0x000000064e900000, 0x000000064ea00000|  0%| F|  |TAMS 0x000000064e900000, 0x000000064e900000| Untracked 
| 234|0x000000064ea00000, 0x000000064ea00000, 0x000000064eb00000|  0%| F|  |TAMS 0x000000064ea00000, 0x000000064ea00000| Untracked 
| 235|0x000000064eb00000, 0x000000064eb00000, 0x000000064ec00000|  0%| F|  |TAMS 0x000000064eb00000, 0x000000064eb00000| Untracked 
| 236|0x000000064ec00000, 0x000000064ec00000, 0x000000064ed00000|  0%| F|  |TAMS 0x000000064ec00000, 0x000000064ec00000| Untracked 
| 237|0x000000064ed00000, 0x000000064ed00000, 0x000000064ee00000|  0%| F|  |TAMS 0x000000064ed00000, 0x000000064ed00000| Untracked 
| 238|0x000000064ee00000, 0x000000064ee00000, 0x000000064ef00000|  0%| F|  |TAMS 0x000000064ee00000, 0x000000064ee00000| Untracked 
| 239|0x000000064ef00000, 0x000000064ef00000, 0x000000064f000000|  0%| F|  |TAMS 0x000000064ef00000, 0x000000064ef00000| Untracked 
| 240|0x000000064f000000, 0x000000064f000000, 0x000000064f100000|  0%| F|  |TAMS 0x000000064f000000, 0x000000064f000000| Untracked 
| 241|0x000000064f100000, 0x000000064f100000, 0x000000064f200000|  0%| F|  |TAMS 0x000000064f100000, 0x000000064f100000| Untracked 
| 242|0x000000064f200000, 0x000000064f200000, 0x000000064f300000|  0%| F|  |TAMS 0x000000064f200000, 0x000000064f200000| Untracked 
| 243|0x000000064f300000, 0x000000064f300000, 0x000000064f400000|  0%| F|  |TAMS 0x000000064f300000, 0x000000064f300000| Untracked 
| 244|0x000000064f400000, 0x000000064f400000, 0x000000064f500000|  0%| F|  |TAMS 0x000000064f400000, 0x000000064f400000| Untracked 
| 245|0x000000064f500000, 0x000000064f500000, 0x000000064f600000|  0%| F|  |TAMS 0x000000064f500000, 0x000000064f500000| Untracked 
| 246|0x000000064f600000, 0x000000064f600000, 0x000000064f700000|  0%| F|  |TAMS 0x000000064f600000, 0x000000064f600000| Untracked 
| 247|0x000000064f700000, 0x000000064f700000, 0x000000064f800000|  0%| F|  |TAMS 0x000000064f700000, 0x000000064f700000| Untracked 
| 248|0x000000064f800000, 0x000000064f800000, 0x000000064f900000|  0%| F|  |TAMS 0x000000064f800000, 0x000000064f800000| Untracked 
| 249|0x000000064f900000, 0x000000064f900000, 0x000000064fa00000|  0%| F|  |TAMS 0x000000064f900000, 0x000000064f900000| Untracked 
| 250|0x000000064fa00000, 0x000000064fa00000, 0x000000064fb00000|  0%| F|  |TAMS 0x000000064fa00000, 0x000000064fa00000| Untracked 
| 251|0x000000064fb00000, 0x000000064fb00000, 0x000000064fc00000|  0%| F|  |TAMS 0x000000064fb00000, 0x000000064fb00000| Untracked 
| 252|0x000000064fc00000, 0x000000064fc00000, 0x000000064fd00000|  0%| F|  |TAMS 0x000000064fc00000, 0x000000064fc00000| Untracked 
| 253|0x000000064fd00000, 0x000000064fd00000, 0x000000064fe00000|  0%| F|  |TAMS 0x000000064fd00000, 0x000000064fd00000| Untracked 
| 254|0x000000064fe00000, 0x000000064fe00000, 0x000000064ff00000|  0%| F|  |TAMS 0x000000064fe00000, 0x000000064fe00000| Untracked 
| 255|0x000000064ff00000, 0x000000064ff00000, 0x0000000650000000|  0%| F|  |TAMS 0x000000064ff00000, 0x000000064ff00000| Untracked 
| 256|0x0000000650000000, 0x0000000650000000, 0x0000000650100000|  0%| F|  |TAMS 0x0000000650000000, 0x0000000650000000| Untracked 
| 257|0x0000000650100000, 0x0000000650100000, 0x0000000650200000|  0%| F|  |TAMS 0x0000000650100000, 0x0000000650100000| Untracked 
| 258|0x0000000650200000, 0x0000000650200000, 0x0000000650300000|  0%| F|  |TAMS 0x0000000650200000, 0x0000000650200000| Untracked 
| 259|0x0000000650300000, 0x0000000650300000, 0x0000000650400000|  0%| F|  |TAMS 0x0000000650300000, 0x0000000650300000| Untracked 
| 260|0x0000000650400000, 0x0000000650400000, 0x0000000650500000|  0%| F|  |TAMS 0x0000000650400000, 0x0000000650400000| Untracked 
| 261|0x0000000650500000, 0x0000000650500000, 0x0000000650600000|  0%| F|  |TAMS 0x0000000650500000, 0x0000000650500000| Untracked 
| 262|0x0000000650600000, 0x0000000650600000, 0x0000000650700000|  0%| F|  |TAMS 0x0000000650600000, 0x0000000650600000| Untracked 
| 263|0x0000000650700000, 0x0000000650700000, 0x0000000650800000|  0%| F|  |TAMS 0x0000000650700000, 0x0000000650700000| Untracked 
| 264|0x0000000650800000, 0x0000000650800000, 0x0000000650900000|  0%| F|  |TAMS 0x0000000650800000, 0x0000000650800000| Untracked 
| 265|0x0000000650900000, 0x0000000650900000, 0x0000000650a00000|  0%| F|  |TAMS 0x0000000650900000, 0x0000000650900000| Untracked 
| 266|0x0000000650a00000, 0x0000000650a00000, 0x0000000650b00000|  0%| F|  |TAMS 0x0000000650a00000, 0x0000000650a00000| Untracked 
| 267|0x0000000650b00000, 0x0000000650b00000, 0x0000000650c00000|  0%| F|  |TAMS 0x0000000650b00000, 0x0000000650b00000| Untracked 
| 268|0x0000000650c00000, 0x0000000650c00000, 0x0000000650d00000|  0%| F|  |TAMS 0x0000000650c00000, 0x0000000650c00000| Untracked 
| 269|0x0000000650d00000, 0x0000000650d00000, 0x0000000650e00000|  0%| F|  |TAMS 0x0000000650d00000, 0x0000000650d00000| Untracked 
| 270|0x0000000650e00000, 0x0000000650e00000, 0x0000000650f00000|  0%| F|  |TAMS 0x0000000650e00000, 0x0000000650e00000| Untracked 
| 271|0x0000000650f00000, 0x0000000650f00000, 0x0000000651000000|  0%| F|  |TAMS 0x0000000650f00000, 0x0000000650f00000| Untracked 
| 272|0x0000000651000000, 0x0000000651000000, 0x0000000651100000|  0%| F|  |TAMS 0x0000000651000000, 0x0000000651000000| Untracked 
| 273|0x0000000651100000, 0x0000000651100000, 0x0000000651200000|  0%| F|  |TAMS 0x0000000651100000, 0x0000000651100000| Untracked 
| 274|0x0000000651200000, 0x0000000651200000, 0x0000000651300000|  0%| F|  |TAMS 0x0000000651200000, 0x0000000651200000| Untracked 
| 275|0x0000000651300000, 0x0000000651300000, 0x0000000651400000|  0%| F|  |TAMS 0x0000000651300000, 0x0000000651300000| Untracked 
| 276|0x0000000651400000, 0x0000000651400000, 0x0000000651500000|  0%| F|  |TAMS 0x0000000651400000, 0x0000000651400000| Untracked 
| 277|0x0000000651500000, 0x0000000651500000, 0x0000000651600000|  0%| F|  |TAMS 0x0000000651500000, 0x0000000651500000| Untracked 
| 278|0x0000000651600000, 0x0000000651600000, 0x0000000651700000|  0%| F|  |TAMS 0x0000000651600000, 0x0000000651600000| Untracked 
| 279|0x0000000651700000, 0x0000000651700000, 0x0000000651800000|  0%| F|  |TAMS 0x0000000651700000, 0x0000000651700000| Untracked 
| 280|0x0000000651800000, 0x0000000651800000, 0x0000000651900000|  0%| F|  |TAMS 0x0000000651800000, 0x0000000651800000| Untracked 
| 281|0x0000000651900000, 0x0000000651900000, 0x0000000651a00000|  0%| F|  |TAMS 0x0000000651900000, 0x0000000651900000| Untracked 
| 282|0x0000000651a00000, 0x0000000651a00000, 0x0000000651b00000|  0%| F|  |TAMS 0x0000000651a00000, 0x0000000651a00000| Untracked 
| 283|0x0000000651b00000, 0x0000000651b00000, 0x0000000651c00000|  0%| F|  |TAMS 0x0000000651b00000, 0x0000000651b00000| Untracked 
| 284|0x0000000651c00000, 0x0000000651c00000, 0x0000000651d00000|  0%| F|  |TAMS 0x0000000651c00000, 0x0000000651c00000| Untracked 
| 285|0x0000000651d00000, 0x0000000651d00000, 0x0000000651e00000|  0%| F|  |TAMS 0x0000000651d00000, 0x0000000651d00000| Untracked 
| 286|0x0000000651e00000, 0x0000000651e00000, 0x0000000651f00000|  0%| F|  |TAMS 0x0000000651e00000, 0x0000000651e00000| Untracked 
| 287|0x0000000651f00000, 0x0000000651f00000, 0x0000000652000000|  0%| F|  |TAMS 0x0000000651f00000, 0x0000000651f00000| Untracked 
| 288|0x0000000652000000, 0x0000000652000000, 0x0000000652100000|  0%| F|  |TAMS 0x0000000652000000, 0x0000000652000000| Untracked 
| 289|0x0000000652100000, 0x0000000652100000, 0x0000000652200000|  0%| F|  |TAMS 0x0000000652100000, 0x0000000652100000| Untracked 
| 290|0x0000000652200000, 0x0000000652200000, 0x0000000652300000|  0%| F|  |TAMS 0x0000000652200000, 0x0000000652200000| Untracked 
| 291|0x0000000652300000, 0x0000000652300000, 0x0000000652400000|  0%| F|  |TAMS 0x0000000652300000, 0x0000000652300000| Untracked 
| 292|0x0000000652400000, 0x0000000652400000, 0x0000000652500000|  0%| F|  |TAMS 0x0000000652400000, 0x0000000652400000| Untracked 
| 293|0x0000000652500000, 0x0000000652500000, 0x0000000652600000|  0%| F|  |TAMS 0x0000000652500000, 0x0000000652500000| Untracked 
| 294|0x0000000652600000, 0x0000000652600000, 0x0000000652700000|  0%| F|  |TAMS 0x0000000652600000, 0x0000000652600000| Untracked 
| 295|0x0000000652700000, 0x0000000652700000, 0x0000000652800000|  0%| F|  |TAMS 0x0000000652700000, 0x0000000652700000| Untracked 
| 296|0x0000000652800000, 0x0000000652800000, 0x0000000652900000|  0%| F|  |TAMS 0x0000000652800000, 0x0000000652800000| Untracked 
| 297|0x0000000652900000, 0x0000000652900000, 0x0000000652a00000|  0%| F|  |TAMS 0x0000000652900000, 0x0000000652900000| Untracked 
| 298|0x0000000652a00000, 0x0000000652a00000, 0x0000000652b00000|  0%| F|  |TAMS 0x0000000652a00000, 0x0000000652a00000| Untracked 
| 299|0x0000000652b00000, 0x0000000652b00000, 0x0000000652c00000|  0%| F|  |TAMS 0x0000000652b00000, 0x0000000652b00000| Untracked 
| 300|0x0000000652c00000, 0x0000000652c00000, 0x0000000652d00000|  0%| F|  |TAMS 0x0000000652c00000, 0x0000000652c00000| Untracked 
| 301|0x0000000652d00000, 0x0000000652d00000, 0x0000000652e00000|  0%| F|  |TAMS 0x0000000652d00000, 0x0000000652d00000| Untracked 
| 302|0x0000000652e00000, 0x0000000652e00000, 0x0000000652f00000|  0%| F|  |TAMS 0x0000000652e00000, 0x0000000652e00000| Untracked 
| 303|0x0000000652f00000, 0x0000000652f00000, 0x0000000653000000|  0%| F|  |TAMS 0x0000000652f00000, 0x0000000652f00000| Untracked 
| 304|0x0000000653000000, 0x0000000653000000, 0x0000000653100000|  0%| F|  |TAMS 0x0000000653000000, 0x0000000653000000| Untracked 
| 305|0x0000000653100000, 0x0000000653100000, 0x0000000653200000|  0%| F|  |TAMS 0x0000000653100000, 0x0000000653100000| Untracked 
| 306|0x0000000653200000, 0x0000000653200000, 0x0000000653300000|  0%| F|  |TAMS 0x0000000653200000, 0x0000000653200000| Untracked 
| 307|0x0000000653300000, 0x0000000653300000, 0x0000000653400000|  0%| F|  |TAMS 0x0000000653300000, 0x0000000653300000| Untracked 
| 308|0x0000000653400000, 0x0000000653400000, 0x0000000653500000|  0%| F|  |TAMS 0x0000000653400000, 0x0000000653400000| Untracked 
| 309|0x0000000653500000, 0x0000000653600000, 0x0000000653600000|100%| S|CS|TAMS 0x0000000653500000, 0x0000000653500000| Complete 
| 310|0x0000000653600000, 0x0000000653700000, 0x0000000653700000|100%| S|CS|TAMS 0x0000000653600000, 0x0000000653600000| Complete 
| 311|0x0000000653700000, 0x0000000653800000, 0x0000000653800000|100%| S|CS|TAMS 0x0000000653700000, 0x0000000653700000| Complete 
| 312|0x0000000653800000, 0x0000000653900000, 0x0000000653900000|100%| S|CS|TAMS 0x0000000653800000, 0x0000000653800000| Complete 
| 313|0x0000000653900000, 0x0000000653a00000, 0x0000000653a00000|100%| S|CS|TAMS 0x0000000653900000, 0x0000000653900000| Complete 
| 314|0x0000000653a00000, 0x0000000653b00000, 0x0000000653b00000|100%| S|CS|TAMS 0x0000000653a00000, 0x0000000653a00000| Complete 
| 315|0x0000000653b00000, 0x0000000653c00000, 0x0000000653c00000|100%| S|CS|TAMS 0x0000000653b00000, 0x0000000653b00000| Complete 
| 316|0x0000000653c00000, 0x0000000653d00000, 0x0000000653d00000|100%| S|CS|TAMS 0x0000000653c00000, 0x0000000653c00000| Complete 
| 317|0x0000000653d00000, 0x0000000653e00000, 0x0000000653e00000|100%| S|CS|TAMS 0x0000000653d00000, 0x0000000653d00000| Complete 
| 318|0x0000000653e00000, 0x0000000653f00000, 0x0000000653f00000|100%| S|CS|TAMS 0x0000000653e00000, 0x0000000653e00000| Complete 
| 319|0x0000000653f00000, 0x0000000654000000, 0x0000000654000000|100%| S|CS|TAMS 0x0000000653f00000, 0x0000000653f00000| Complete 
| 320|0x0000000654000000, 0x0000000654100000, 0x0000000654100000|100%| S|CS|TAMS 0x0000000654000000, 0x0000000654000000| Complete 
| 321|0x0000000654100000, 0x0000000654200000, 0x0000000654200000|100%| S|CS|TAMS 0x0000000654100000, 0x0000000654100000| Complete 
| 322|0x0000000654200000, 0x0000000654300000, 0x0000000654300000|100%| S|CS|TAMS 0x0000000654200000, 0x0000000654200000| Complete 
| 323|0x0000000654300000, 0x0000000654400000, 0x0000000654400000|100%| S|CS|TAMS 0x0000000654300000, 0x0000000654300000| Complete 
| 324|0x0000000654400000, 0x0000000654500000, 0x0000000654500000|100%| S|CS|TAMS 0x0000000654400000, 0x0000000654400000| Complete 
| 325|0x0000000654500000, 0x0000000654500000, 0x0000000654600000|  0%| F|  |TAMS 0x0000000654500000, 0x0000000654500000| Untracked 
| 326|0x0000000654600000, 0x0000000654600000, 0x0000000654700000|  0%| F|  |TAMS 0x0000000654600000, 0x0000000654600000| Untracked 
| 327|0x0000000654700000, 0x0000000654700000, 0x0000000654800000|  0%| F|  |TAMS 0x0000000654700000, 0x0000000654700000| Untracked 
| 328|0x0000000654800000, 0x0000000654800000, 0x0000000654900000|  0%| F|  |TAMS 0x0000000654800000, 0x0000000654800000| Untracked 
| 329|0x0000000654900000, 0x0000000654a00000, 0x0000000654a00000|100%| S|CS|TAMS 0x0000000654900000, 0x0000000654900000| Complete 
| 330|0x0000000654a00000, 0x0000000654b00000, 0x0000000654b00000|100%| S|CS|TAMS 0x0000000654a00000, 0x0000000654a00000| Complete 
| 331|0x0000000654b00000, 0x0000000654c00000, 0x0000000654c00000|100%| S|CS|TAMS 0x0000000654b00000, 0x0000000654b00000| Complete 
| 332|0x0000000654c00000, 0x0000000654d00000, 0x0000000654d00000|100%| S|CS|TAMS 0x0000000654c00000, 0x0000000654c00000| Complete 
| 333|0x0000000654d00000, 0x0000000654e00000, 0x0000000654e00000|100%| S|CS|TAMS 0x0000000654d00000, 0x0000000654d00000| Complete 
| 334|0x0000000654e00000, 0x0000000654f00000, 0x0000000654f00000|100%| S|CS|TAMS 0x0000000654e00000, 0x0000000654e00000| Complete 
| 335|0x0000000654f00000, 0x0000000655000000, 0x0000000655000000|100%| S|CS|TAMS 0x0000000654f00000, 0x0000000654f00000| Complete 
| 336|0x0000000655000000, 0x0000000655100000, 0x0000000655100000|100%| S|CS|TAMS 0x0000000655000000, 0x0000000655000000| Complete 
| 337|0x0000000655100000, 0x0000000655200000, 0x0000000655200000|100%| S|CS|TAMS 0x0000000655100000, 0x0000000655100000| Complete 
| 338|0x0000000655200000, 0x0000000655300000, 0x0000000655300000|100%| S|CS|TAMS 0x0000000655200000, 0x0000000655200000| Complete 
| 339|0x0000000655300000, 0x0000000655400000, 0x0000000655400000|100%| S|CS|TAMS 0x0000000655300000, 0x0000000655300000| Complete 
| 340|0x0000000655400000, 0x0000000655400000, 0x0000000655500000|  0%| F|  |TAMS 0x0000000655400000, 0x0000000655400000| Untracked 
| 341|0x0000000655500000, 0x0000000655500000, 0x0000000655600000|  0%| F|  |TAMS 0x0000000655500000, 0x0000000655500000| Untracked 
| 342|0x0000000655600000, 0x0000000655600000, 0x0000000655700000|  0%| F|  |TAMS 0x0000000655600000, 0x0000000655600000| Untracked 
| 343|0x0000000655700000, 0x0000000655700000, 0x0000000655800000|  0%| F|  |TAMS 0x0000000655700000, 0x0000000655700000| Untracked 
| 344|0x0000000655800000, 0x0000000655800000, 0x0000000655900000|  0%| F|  |TAMS 0x0000000655800000, 0x0000000655800000| Untracked 
| 345|0x0000000655900000, 0x0000000655900000, 0x0000000655a00000|  0%| F|  |TAMS 0x0000000655900000, 0x0000000655900000| Untracked 
| 346|0x0000000655a00000, 0x0000000655a00000, 0x0000000655b00000|  0%| F|  |TAMS 0x0000000655a00000, 0x0000000655a00000| Untracked 
| 347|0x0000000655b00000, 0x0000000655b00000, 0x0000000655c00000|  0%| F|  |TAMS 0x0000000655b00000, 0x0000000655b00000| Untracked 
| 348|0x0000000655c00000, 0x0000000655c00000, 0x0000000655d00000|  0%| F|  |TAMS 0x0000000655c00000, 0x0000000655c00000| Untracked 
| 349|0x0000000655d00000, 0x0000000655d00000, 0x0000000655e00000|  0%| F|  |TAMS 0x0000000655d00000, 0x0000000655d00000| Untracked 
| 350|0x0000000655e00000, 0x0000000655e00000, 0x0000000655f00000|  0%| F|  |TAMS 0x0000000655e00000, 0x0000000655e00000| Untracked 
| 351|0x0000000655f00000, 0x0000000655f00000, 0x0000000656000000|  0%| F|  |TAMS 0x0000000655f00000, 0x0000000655f00000| Untracked 
| 352|0x0000000656000000, 0x0000000656000000, 0x0000000656100000|  0%| F|  |TAMS 0x0000000656000000, 0x0000000656000000| Untracked 
| 353|0x0000000656100000, 0x0000000656100000, 0x0000000656200000|  0%| F|  |TAMS 0x0000000656100000, 0x0000000656100000| Untracked 
| 354|0x0000000656200000, 0x0000000656200000, 0x0000000656300000|  0%| F|  |TAMS 0x0000000656200000, 0x0000000656200000| Untracked 
| 355|0x0000000656300000, 0x0000000656300000, 0x0000000656400000|  0%| F|  |TAMS 0x0000000656300000, 0x0000000656300000| Untracked 
| 356|0x0000000656400000, 0x0000000656400000, 0x0000000656500000|  0%| F|  |TAMS 0x0000000656400000, 0x0000000656400000| Untracked 
| 357|0x0000000656500000, 0x0000000656500000, 0x0000000656600000|  0%| F|  |TAMS 0x0000000656500000, 0x0000000656500000| Untracked 
| 358|0x0000000656600000, 0x0000000656600000, 0x0000000656700000|  0%| F|  |TAMS 0x0000000656600000, 0x0000000656600000| Untracked 
| 359|0x0000000656700000, 0x0000000656700000, 0x0000000656800000|  0%| F|  |TAMS 0x0000000656700000, 0x0000000656700000| Untracked 
| 360|0x0000000656800000, 0x0000000656800000, 0x0000000656900000|  0%| F|  |TAMS 0x0000000656800000, 0x0000000656800000| Untracked 
| 361|0x0000000656900000, 0x0000000656900000, 0x0000000656a00000|  0%| F|  |TAMS 0x0000000656900000, 0x0000000656900000| Untracked 
| 362|0x0000000656a00000, 0x0000000656a00000, 0x0000000656b00000|  0%| F|  |TAMS 0x0000000656a00000, 0x0000000656a00000| Untracked 
| 363|0x0000000656b00000, 0x0000000656b00000, 0x0000000656c00000|  0%| F|  |TAMS 0x0000000656b00000, 0x0000000656b00000| Untracked 
| 364|0x0000000656c00000, 0x0000000656c00000, 0x0000000656d00000|  0%| F|  |TAMS 0x0000000656c00000, 0x0000000656c00000| Untracked 
| 365|0x0000000656d00000, 0x0000000656d00000, 0x0000000656e00000|  0%| F|  |TAMS 0x0000000656d00000, 0x0000000656d00000| Untracked 
| 366|0x0000000656e00000, 0x0000000656e00000, 0x0000000656f00000|  0%| F|  |TAMS 0x0000000656e00000, 0x0000000656e00000| Untracked 
| 367|0x0000000656f00000, 0x0000000656f00000, 0x0000000657000000|  0%| F|  |TAMS 0x0000000656f00000, 0x0000000656f00000| Untracked 
| 368|0x0000000657000000, 0x0000000657000000, 0x0000000657100000|  0%| F|  |TAMS 0x0000000657000000, 0x0000000657000000| Untracked 
| 369|0x0000000657100000, 0x0000000657100000, 0x0000000657200000|  0%| F|  |TAMS 0x0000000657100000, 0x0000000657100000| Untracked 
| 370|0x0000000657200000, 0x0000000657200000, 0x0000000657300000|  0%| F|  |TAMS 0x0000000657200000, 0x0000000657200000| Untracked 
| 371|0x0000000657300000, 0x0000000657300000, 0x0000000657400000|  0%| F|  |TAMS 0x0000000657300000, 0x0000000657300000| Untracked 
| 372|0x0000000657400000, 0x0000000657400000, 0x0000000657500000|  0%| F|  |TAMS 0x0000000657400000, 0x0000000657400000| Untracked 
| 373|0x0000000657500000, 0x0000000657500000, 0x0000000657600000|  0%| F|  |TAMS 0x0000000657500000, 0x0000000657500000| Untracked 
| 374|0x0000000657600000, 0x0000000657600000, 0x0000000657700000|  0%| F|  |TAMS 0x0000000657600000, 0x0000000657600000| Untracked 
| 375|0x0000000657700000, 0x0000000657700000, 0x0000000657800000|  0%| F|  |TAMS 0x0000000657700000, 0x0000000657700000| Untracked 
| 376|0x0000000657800000, 0x0000000657800000, 0x0000000657900000|  0%| F|  |TAMS 0x0000000657800000, 0x0000000657800000| Untracked 
| 377|0x0000000657900000, 0x0000000657900000, 0x0000000657a00000|  0%| F|  |TAMS 0x0000000657900000, 0x0000000657900000| Untracked 
| 378|0x0000000657a00000, 0x0000000657a00000, 0x0000000657b00000|  0%| F|  |TAMS 0x0000000657a00000, 0x0000000657a00000| Untracked 
| 379|0x0000000657b00000, 0x0000000657b00000, 0x0000000657c00000|  0%| F|  |TAMS 0x0000000657b00000, 0x0000000657b00000| Untracked 
| 380|0x0000000657c00000, 0x0000000657c00000, 0x0000000657d00000|  0%| F|  |TAMS 0x0000000657c00000, 0x0000000657c00000| Untracked 
| 381|0x0000000657d00000, 0x0000000657d00000, 0x0000000657e00000|  0%| F|  |TAMS 0x0000000657d00000, 0x0000000657d00000| Untracked 
| 382|0x0000000657e00000, 0x0000000657e00000, 0x0000000657f00000|  0%| F|  |TAMS 0x0000000657e00000, 0x0000000657e00000| Untracked 
| 383|0x0000000657f00000, 0x0000000657f00000, 0x0000000658000000|  0%| F|  |TAMS 0x0000000657f00000, 0x0000000657f00000| Untracked 
| 384|0x0000000658000000, 0x0000000658000000, 0x0000000658100000|  0%| F|  |TAMS 0x0000000658000000, 0x0000000658000000| Untracked 
| 385|0x0000000658100000, 0x0000000658100000, 0x0000000658200000|  0%| F|  |TAMS 0x0000000658100000, 0x0000000658100000| Untracked 
| 386|0x0000000658200000, 0x0000000658200000, 0x0000000658300000|  0%| F|  |TAMS 0x0000000658200000, 0x0000000658200000| Untracked 
| 387|0x0000000658300000, 0x0000000658300000, 0x0000000658400000|  0%| F|  |TAMS 0x0000000658300000, 0x0000000658300000| Untracked 
| 388|0x0000000658400000, 0x0000000658400000, 0x0000000658500000|  0%| F|  |TAMS 0x0000000658400000, 0x0000000658400000| Untracked 
| 389|0x0000000658500000, 0x0000000658500000, 0x0000000658600000|  0%| F|  |TAMS 0x0000000658500000, 0x0000000658500000| Untracked 
| 390|0x0000000658600000, 0x0000000658600000, 0x0000000658700000|  0%| F|  |TAMS 0x0000000658600000, 0x0000000658600000| Untracked 
| 391|0x0000000658700000, 0x0000000658700000, 0x0000000658800000|  0%| F|  |TAMS 0x0000000658700000, 0x0000000658700000| Untracked 
| 392|0x0000000658800000, 0x0000000658800000, 0x0000000658900000|  0%| F|  |TAMS 0x0000000658800000, 0x0000000658800000| Untracked 
| 393|0x0000000658900000, 0x0000000658900000, 0x0000000658a00000|  0%| F|  |TAMS 0x0000000658900000, 0x0000000658900000| Untracked 
| 394|0x0000000658a00000, 0x0000000658a00000, 0x0000000658b00000|  0%| F|  |TAMS 0x0000000658a00000, 0x0000000658a00000| Untracked 
| 395|0x0000000658b00000, 0x0000000658b00000, 0x0000000658c00000|  0%| F|  |TAMS 0x0000000658b00000, 0x0000000658b00000| Untracked 
| 396|0x0000000658c00000, 0x0000000658c00000, 0x0000000658d00000|  0%| F|  |TAMS 0x0000000658c00000, 0x0000000658c00000| Untracked 
| 397|0x0000000658d00000, 0x0000000658d00000, 0x0000000658e00000|  0%| F|  |TAMS 0x0000000658d00000, 0x0000000658d00000| Untracked 
| 398|0x0000000658e00000, 0x0000000658e00000, 0x0000000658f00000|  0%| F|  |TAMS 0x0000000658e00000, 0x0000000658e00000| Untracked 
| 399|0x0000000658f00000, 0x0000000658f00000, 0x0000000659000000|  0%| F|  |TAMS 0x0000000658f00000, 0x0000000658f00000| Untracked 
| 400|0x0000000659000000, 0x0000000659000000, 0x0000000659100000|  0%| F|  |TAMS 0x0000000659000000, 0x0000000659000000| Untracked 
| 401|0x0000000659100000, 0x0000000659100000, 0x0000000659200000|  0%| F|  |TAMS 0x0000000659100000, 0x0000000659100000| Untracked 
| 402|0x0000000659200000, 0x0000000659200000, 0x0000000659300000|  0%| F|  |TAMS 0x0000000659200000, 0x0000000659200000| Untracked 
| 403|0x0000000659300000, 0x0000000659300000, 0x0000000659400000|  0%| F|  |TAMS 0x0000000659300000, 0x0000000659300000| Untracked 
| 404|0x0000000659400000, 0x0000000659400000, 0x0000000659500000|  0%| F|  |TAMS 0x0000000659400000, 0x0000000659400000| Untracked 
| 405|0x0000000659500000, 0x0000000659500000, 0x0000000659600000|  0%| F|  |TAMS 0x0000000659500000, 0x0000000659500000| Untracked 
| 406|0x0000000659600000, 0x0000000659600000, 0x0000000659700000|  0%| F|  |TAMS 0x0000000659600000, 0x0000000659600000| Untracked 
| 407|0x0000000659700000, 0x0000000659700000, 0x0000000659800000|  0%| F|  |TAMS 0x0000000659700000, 0x0000000659700000| Untracked 
| 408|0x0000000659800000, 0x0000000659800000, 0x0000000659900000|  0%| F|  |TAMS 0x0000000659800000, 0x0000000659800000| Untracked 
| 409|0x0000000659900000, 0x0000000659900000, 0x0000000659a00000|  0%| F|  |TAMS 0x0000000659900000, 0x0000000659900000| Untracked 
| 410|0x0000000659a00000, 0x0000000659a00000, 0x0000000659b00000|  0%| F|  |TAMS 0x0000000659a00000, 0x0000000659a00000| Untracked 
| 411|0x0000000659b00000, 0x0000000659b00000, 0x0000000659c00000|  0%| F|  |TAMS 0x0000000659b00000, 0x0000000659b00000| Untracked 
| 412|0x0000000659c00000, 0x0000000659c00000, 0x0000000659d00000|  0%| F|  |TAMS 0x0000000659c00000, 0x0000000659c00000| Untracked 
| 413|0x0000000659d00000, 0x0000000659d00000, 0x0000000659e00000|  0%| F|  |TAMS 0x0000000659d00000, 0x0000000659d00000| Untracked 
| 414|0x0000000659e00000, 0x0000000659e00000, 0x0000000659f00000|  0%| F|  |TAMS 0x0000000659e00000, 0x0000000659e00000| Untracked 
| 415|0x0000000659f00000, 0x0000000659f00000, 0x000000065a000000|  0%| F|  |TAMS 0x0000000659f00000, 0x0000000659f00000| Untracked 
| 416|0x000000065a000000, 0x000000065a000000, 0x000000065a100000|  0%| F|  |TAMS 0x000000065a000000, 0x000000065a000000| Untracked 
| 417|0x000000065a100000, 0x000000065a100000, 0x000000065a200000|  0%| F|  |TAMS 0x000000065a100000, 0x000000065a100000| Untracked 
| 418|0x000000065a200000, 0x000000065a200000, 0x000000065a300000|  0%| F|  |TAMS 0x000000065a200000, 0x000000065a200000| Untracked 
| 419|0x000000065a300000, 0x000000065a300000, 0x000000065a400000|  0%| F|  |TAMS 0x000000065a300000, 0x000000065a300000| Untracked 
| 420|0x000000065a400000, 0x000000065a400000, 0x000000065a500000|  0%| F|  |TAMS 0x000000065a400000, 0x000000065a400000| Untracked 
| 421|0x000000065a500000, 0x000000065a500000, 0x000000065a600000|  0%| F|  |TAMS 0x000000065a500000, 0x000000065a500000| Untracked 
| 422|0x000000065a600000, 0x000000065a600000, 0x000000065a700000|  0%| F|  |TAMS 0x000000065a600000, 0x000000065a600000| Untracked 
| 423|0x000000065a700000, 0x000000065a700000, 0x000000065a800000|  0%| F|  |TAMS 0x000000065a700000, 0x000000065a700000| Untracked 
| 424|0x000000065a800000, 0x000000065a800000, 0x000000065a900000|  0%| F|  |TAMS 0x000000065a800000, 0x000000065a800000| Untracked 
| 425|0x000000065a900000, 0x000000065a900000, 0x000000065aa00000|  0%| F|  |TAMS 0x000000065a900000, 0x000000065a900000| Untracked 
| 426|0x000000065aa00000, 0x000000065aa00000, 0x000000065ab00000|  0%| F|  |TAMS 0x000000065aa00000, 0x000000065aa00000| Untracked 
| 427|0x000000065ab00000, 0x000000065ab00000, 0x000000065ac00000|  0%| F|  |TAMS 0x000000065ab00000, 0x000000065ab00000| Untracked 
| 428|0x000000065ac00000, 0x000000065ac00000, 0x000000065ad00000|  0%| F|  |TAMS 0x000000065ac00000, 0x000000065ac00000| Untracked 
| 429|0x000000065ad00000, 0x000000065ad00000, 0x000000065ae00000|  0%| F|  |TAMS 0x000000065ad00000, 0x000000065ad00000| Untracked 
| 430|0x000000065ae00000, 0x000000065ae00000, 0x000000065af00000|  0%| F|  |TAMS 0x000000065ae00000, 0x000000065ae00000| Untracked 
| 431|0x000000065af00000, 0x000000065af00000, 0x000000065b000000|  0%| F|  |TAMS 0x000000065af00000, 0x000000065af00000| Untracked 
| 432|0x000000065b000000, 0x000000065b000000, 0x000000065b100000|  0%| F|  |TAMS 0x000000065b000000, 0x000000065b000000| Untracked 
| 433|0x000000065b100000, 0x000000065b100000, 0x000000065b200000|  0%| F|  |TAMS 0x000000065b100000, 0x000000065b100000| Untracked 
| 434|0x000000065b200000, 0x000000065b200000, 0x000000065b300000|  0%| F|  |TAMS 0x000000065b200000, 0x000000065b200000| Untracked 
| 435|0x000000065b300000, 0x000000065b300000, 0x000000065b400000|  0%| F|  |TAMS 0x000000065b300000, 0x000000065b300000| Untracked 
| 436|0x000000065b400000, 0x000000065b400000, 0x000000065b500000|  0%| F|  |TAMS 0x000000065b400000, 0x000000065b400000| Untracked 
| 437|0x000000065b500000, 0x000000065b500000, 0x000000065b600000|  0%| F|  |TAMS 0x000000065b500000, 0x000000065b500000| Untracked 
| 438|0x000000065b600000, 0x000000065b600000, 0x000000065b700000|  0%| F|  |TAMS 0x000000065b600000, 0x000000065b600000| Untracked 
| 439|0x000000065b700000, 0x000000065b700000, 0x000000065b800000|  0%| F|  |TAMS 0x000000065b700000, 0x000000065b700000| Untracked 
| 440|0x000000065b800000, 0x000000065b800000, 0x000000065b900000|  0%| F|  |TAMS 0x000000065b800000, 0x000000065b800000| Untracked 
| 441|0x000000065b900000, 0x000000065b900000, 0x000000065ba00000|  0%| F|  |TAMS 0x000000065b900000, 0x000000065b900000| Untracked 
| 442|0x000000065ba00000, 0x000000065ba00000, 0x000000065bb00000|  0%| F|  |TAMS 0x000000065ba00000, 0x000000065ba00000| Untracked 
| 443|0x000000065bb00000, 0x000000065bb00000, 0x000000065bc00000|  0%| F|  |TAMS 0x000000065bb00000, 0x000000065bb00000| Untracked 
| 444|0x000000065bc00000, 0x000000065bc00000, 0x000000065bd00000|  0%| F|  |TAMS 0x000000065bc00000, 0x000000065bc00000| Untracked 
| 445|0x000000065bd00000, 0x000000065bd00000, 0x000000065be00000|  0%| F|  |TAMS 0x000000065bd00000, 0x000000065bd00000| Untracked 
| 446|0x000000065be00000, 0x000000065be00000, 0x000000065bf00000|  0%| F|  |TAMS 0x000000065be00000, 0x000000065be00000| Untracked 
| 447|0x000000065bf00000, 0x000000065bf00000, 0x000000065c000000|  0%| F|  |TAMS 0x000000065bf00000, 0x000000065bf00000| Untracked 
| 448|0x000000065c000000, 0x000000065c000000, 0x000000065c100000|  0%| F|  |TAMS 0x000000065c000000, 0x000000065c000000| Untracked 
| 449|0x000000065c100000, 0x000000065c100000, 0x000000065c200000|  0%| F|  |TAMS 0x000000065c100000, 0x000000065c100000| Untracked 
| 450|0x000000065c200000, 0x000000065c200000, 0x000000065c300000|  0%| F|  |TAMS 0x000000065c200000, 0x000000065c200000| Untracked 
| 451|0x000000065c300000, 0x000000065c300000, 0x000000065c400000|  0%| F|  |TAMS 0x000000065c300000, 0x000000065c300000| Untracked 
| 452|0x000000065c400000, 0x000000065c400000, 0x000000065c500000|  0%| F|  |TAMS 0x000000065c400000, 0x000000065c400000| Untracked 
| 453|0x000000065c500000, 0x000000065c500000, 0x000000065c600000|  0%| F|  |TAMS 0x000000065c500000, 0x000000065c500000| Untracked 
| 454|0x000000065c600000, 0x000000065c600000, 0x000000065c700000|  0%| F|  |TAMS 0x000000065c600000, 0x000000065c600000| Untracked 
| 455|0x000000065c700000, 0x000000065c700000, 0x000000065c800000|  0%| F|  |TAMS 0x000000065c700000, 0x000000065c700000| Untracked 
| 456|0x000000065c800000, 0x000000065c800000, 0x000000065c900000|  0%| F|  |TAMS 0x000000065c800000, 0x000000065c800000| Untracked 
| 457|0x000000065c900000, 0x000000065c900000, 0x000000065ca00000|  0%| F|  |TAMS 0x000000065c900000, 0x000000065c900000| Untracked 
| 458|0x000000065ca00000, 0x000000065ca00000, 0x000000065cb00000|  0%| F|  |TAMS 0x000000065ca00000, 0x000000065ca00000| Untracked 
| 459|0x000000065cb00000, 0x000000065cb00000, 0x000000065cc00000|  0%| F|  |TAMS 0x000000065cb00000, 0x000000065cb00000| Untracked 
| 460|0x000000065cc00000, 0x000000065cc00000, 0x000000065cd00000|  0%| F|  |TAMS 0x000000065cc00000, 0x000000065cc00000| Untracked 
| 461|0x000000065cd00000, 0x000000065cd00000, 0x000000065ce00000|  0%| F|  |TAMS 0x000000065cd00000, 0x000000065cd00000| Untracked 
| 462|0x000000065ce00000, 0x000000065ce00000, 0x000000065cf00000|  0%| F|  |TAMS 0x000000065ce00000, 0x000000065ce00000| Untracked 
| 463|0x000000065cf00000, 0x000000065cf00000, 0x000000065d000000|  0%| F|  |TAMS 0x000000065cf00000, 0x000000065cf00000| Untracked 
| 464|0x000000065d000000, 0x000000065d000000, 0x000000065d100000|  0%| F|  |TAMS 0x000000065d000000, 0x000000065d000000| Untracked 
| 465|0x000000065d100000, 0x000000065d100000, 0x000000065d200000|  0%| F|  |TAMS 0x000000065d100000, 0x000000065d100000| Untracked 
| 466|0x000000065d200000, 0x000000065d200000, 0x000000065d300000|  0%| F|  |TAMS 0x000000065d200000, 0x000000065d200000| Untracked 
| 467|0x000000065d300000, 0x000000065d300000, 0x000000065d400000|  0%| F|  |TAMS 0x000000065d300000, 0x000000065d300000| Untracked 
| 468|0x000000065d400000, 0x000000065d400000, 0x000000065d500000|  0%| F|  |TAMS 0x000000065d400000, 0x000000065d400000| Untracked 
| 469|0x000000065d500000, 0x000000065d500000, 0x000000065d600000|  0%| F|  |TAMS 0x000000065d500000, 0x000000065d500000| Untracked 
| 470|0x000000065d600000, 0x000000065d600000, 0x000000065d700000|  0%| F|  |TAMS 0x000000065d600000, 0x000000065d600000| Untracked 
| 471|0x000000065d700000, 0x000000065d700000, 0x000000065d800000|  0%| F|  |TAMS 0x000000065d700000, 0x000000065d700000| Untracked 
| 472|0x000000065d800000, 0x000000065d800000, 0x000000065d900000|  0%| F|  |TAMS 0x000000065d800000, 0x000000065d800000| Untracked 
| 473|0x000000065d900000, 0x000000065d900000, 0x000000065da00000|  0%| F|  |TAMS 0x000000065d900000, 0x000000065d900000| Untracked 
| 474|0x000000065da00000, 0x000000065da00000, 0x000000065db00000|  0%| F|  |TAMS 0x000000065da00000, 0x000000065da00000| Untracked 
| 475|0x000000065db00000, 0x000000065db00000, 0x000000065dc00000|  0%| F|  |TAMS 0x000000065db00000, 0x000000065db00000| Untracked 
| 476|0x000000065dc00000, 0x000000065dc00000, 0x000000065dd00000|  0%| F|  |TAMS 0x000000065dc00000, 0x000000065dc00000| Untracked 
| 477|0x000000065dd00000, 0x000000065dd00000, 0x000000065de00000|  0%| F|  |TAMS 0x000000065dd00000, 0x000000065dd00000| Untracked 
| 478|0x000000065de00000, 0x000000065de00000, 0x000000065df00000|  0%| F|  |TAMS 0x000000065de00000, 0x000000065de00000| Untracked 
| 479|0x000000065df00000, 0x000000065df00000, 0x000000065e000000|  0%| F|  |TAMS 0x000000065df00000, 0x000000065df00000| Untracked 
| 480|0x000000065e000000, 0x000000065e000000, 0x000000065e100000|  0%| F|  |TAMS 0x000000065e000000, 0x000000065e000000| Untracked 
| 481|0x000000065e100000, 0x000000065e100000, 0x000000065e200000|  0%| F|  |TAMS 0x000000065e100000, 0x000000065e100000| Untracked 
| 482|0x000000065e200000, 0x000000065e200000, 0x000000065e300000|  0%| F|  |TAMS 0x000000065e200000, 0x000000065e200000| Untracked 
| 483|0x000000065e300000, 0x000000065e300000, 0x000000065e400000|  0%| F|  |TAMS 0x000000065e300000, 0x000000065e300000| Untracked 
| 484|0x000000065e400000, 0x000000065e400000, 0x000000065e500000|  0%| F|  |TAMS 0x000000065e400000, 0x000000065e400000| Untracked 
| 485|0x000000065e500000, 0x000000065e500000, 0x000000065e600000|  0%| F|  |TAMS 0x000000065e500000, 0x000000065e500000| Untracked 
| 486|0x000000065e600000, 0x000000065e600000, 0x000000065e700000|  0%| F|  |TAMS 0x000000065e600000, 0x000000065e600000| Untracked 
| 487|0x000000065e700000, 0x000000065e700000, 0x000000065e800000|  0%| F|  |TAMS 0x000000065e700000, 0x000000065e700000| Untracked 
| 488|0x000000065e800000, 0x000000065e800000, 0x000000065e900000|  0%| F|  |TAMS 0x000000065e800000, 0x000000065e800000| Untracked 
| 489|0x000000065e900000, 0x000000065e900000, 0x000000065ea00000|  0%| F|  |TAMS 0x000000065e900000, 0x000000065e900000| Untracked 
| 490|0x000000065ea00000, 0x000000065ea00000, 0x000000065eb00000|  0%| F|  |TAMS 0x000000065ea00000, 0x000000065ea00000| Untracked 
| 491|0x000000065eb00000, 0x000000065eb00000, 0x000000065ec00000|  0%| F|  |TAMS 0x000000065eb00000, 0x000000065eb00000| Untracked 
| 492|0x000000065ec00000, 0x000000065ec00000, 0x000000065ed00000|  0%| F|  |TAMS 0x000000065ec00000, 0x000000065ec00000| Untracked 
| 493|0x000000065ed00000, 0x000000065ed00000, 0x000000065ee00000|  0%| F|  |TAMS 0x000000065ed00000, 0x000000065ed00000| Untracked 
| 494|0x000000065ee00000, 0x000000065ee00000, 0x000000065ef00000|  0%| F|  |TAMS 0x000000065ee00000, 0x000000065ee00000| Untracked 
| 495|0x000000065ef00000, 0x000000065ef00000, 0x000000065f000000|  0%| F|  |TAMS 0x000000065ef00000, 0x000000065ef00000| Untracked 
| 496|0x000000065f000000, 0x000000065f000000, 0x000000065f100000|  0%| F|  |TAMS 0x000000065f000000, 0x000000065f000000| Untracked 
| 497|0x000000065f100000, 0x000000065f100000, 0x000000065f200000|  0%| F|  |TAMS 0x000000065f100000, 0x000000065f100000| Untracked 
| 498|0x000000065f200000, 0x000000065f200000, 0x000000065f300000|  0%| F|  |TAMS 0x000000065f200000, 0x000000065f200000| Untracked 
| 499|0x000000065f300000, 0x000000065f300000, 0x000000065f400000|  0%| F|  |TAMS 0x000000065f300000, 0x000000065f300000| Untracked 
| 500|0x000000065f400000, 0x000000065f400000, 0x000000065f500000|  0%| F|  |TAMS 0x000000065f400000, 0x000000065f400000| Untracked 
| 501|0x000000065f500000, 0x000000065f500000, 0x000000065f600000|  0%| F|  |TAMS 0x000000065f500000, 0x000000065f500000| Untracked 
| 502|0x000000065f600000, 0x000000065f600000, 0x000000065f700000|  0%| F|  |TAMS 0x000000065f600000, 0x000000065f600000| Untracked 
| 503|0x000000065f700000, 0x000000065f700000, 0x000000065f800000|  0%| F|  |TAMS 0x000000065f700000, 0x000000065f700000| Untracked 
| 504|0x000000065f800000, 0x000000065f800000, 0x000000065f900000|  0%| F|  |TAMS 0x000000065f800000, 0x000000065f800000| Untracked 
| 505|0x000000065f900000, 0x000000065f900000, 0x000000065fa00000|  0%| F|  |TAMS 0x000000065f900000, 0x000000065f900000| Untracked 
| 506|0x000000065fa00000, 0x000000065fa00000, 0x000000065fb00000|  0%| F|  |TAMS 0x000000065fa00000, 0x000000065fa00000| Untracked 
| 507|0x000000065fb00000, 0x000000065fb00000, 0x000000065fc00000|  0%| F|  |TAMS 0x000000065fb00000, 0x000000065fb00000| Untracked 
| 508|0x000000065fc00000, 0x000000065fc00000, 0x000000065fd00000|  0%| F|  |TAMS 0x000000065fc00000, 0x000000065fc00000| Untracked 
| 509|0x000000065fd00000, 0x000000065fd00000, 0x000000065fe00000|  0%| F|  |TAMS 0x000000065fd00000, 0x000000065fd00000| Untracked 
| 510|0x000000065fe00000, 0x000000065fe00000, 0x000000065ff00000|  0%| F|  |TAMS 0x000000065fe00000, 0x000000065fe00000| Untracked 
| 511|0x000000065ff00000, 0x000000065ff00000, 0x0000000660000000|  0%| F|  |TAMS 0x000000065ff00000, 0x000000065ff00000| Untracked 
| 512|0x0000000660000000, 0x0000000660000000, 0x0000000660100000|  0%| F|  |TAMS 0x0000000660000000, 0x0000000660000000| Untracked 
| 513|0x0000000660100000, 0x0000000660100000, 0x0000000660200000|  0%| F|  |TAMS 0x0000000660100000, 0x0000000660100000| Untracked 
| 514|0x0000000660200000, 0x0000000660200000, 0x0000000660300000|  0%| F|  |TAMS 0x0000000660200000, 0x0000000660200000| Untracked 
| 515|0x0000000660300000, 0x0000000660300000, 0x0000000660400000|  0%| F|  |TAMS 0x0000000660300000, 0x0000000660300000| Untracked 
| 516|0x0000000660400000, 0x0000000660400000, 0x0000000660500000|  0%| F|  |TAMS 0x0000000660400000, 0x0000000660400000| Untracked 
| 517|0x0000000660500000, 0x0000000660500000, 0x0000000660600000|  0%| F|  |TAMS 0x0000000660500000, 0x0000000660500000| Untracked 
| 518|0x0000000660600000, 0x0000000660600000, 0x0000000660700000|  0%| F|  |TAMS 0x0000000660600000, 0x0000000660600000| Untracked 
| 519|0x0000000660700000, 0x0000000660700000, 0x0000000660800000|  0%| F|  |TAMS 0x0000000660700000, 0x0000000660700000| Untracked 
| 520|0x0000000660800000, 0x0000000660800000, 0x0000000660900000|  0%| F|  |TAMS 0x0000000660800000, 0x0000000660800000| Untracked 
| 521|0x0000000660900000, 0x0000000660900000, 0x0000000660a00000|  0%| F|  |TAMS 0x0000000660900000, 0x0000000660900000| Untracked 
| 522|0x0000000660a00000, 0x0000000660a00000, 0x0000000660b00000|  0%| F|  |TAMS 0x0000000660a00000, 0x0000000660a00000| Untracked 
| 523|0x0000000660b00000, 0x0000000660b00000, 0x0000000660c00000|  0%| F|  |TAMS 0x0000000660b00000, 0x0000000660b00000| Untracked 
| 524|0x0000000660c00000, 0x0000000660c00000, 0x0000000660d00000|  0%| F|  |TAMS 0x0000000660c00000, 0x0000000660c00000| Untracked 
| 525|0x0000000660d00000, 0x0000000660d00000, 0x0000000660e00000|  0%| F|  |TAMS 0x0000000660d00000, 0x0000000660d00000| Untracked 
| 526|0x0000000660e00000, 0x0000000660e00000, 0x0000000660f00000|  0%| F|  |TAMS 0x0000000660e00000, 0x0000000660e00000| Untracked 
| 527|0x0000000660f00000, 0x0000000660f00000, 0x0000000661000000|  0%| F|  |TAMS 0x0000000660f00000, 0x0000000660f00000| Untracked 
| 528|0x0000000661000000, 0x0000000661000000, 0x0000000661100000|  0%| F|  |TAMS 0x0000000661000000, 0x0000000661000000| Untracked 
| 529|0x0000000661100000, 0x0000000661100000, 0x0000000661200000|  0%| F|  |TAMS 0x0000000661100000, 0x0000000661100000| Untracked 
| 530|0x0000000661200000, 0x0000000661200000, 0x0000000661300000|  0%| F|  |TAMS 0x0000000661200000, 0x0000000661200000| Untracked 
| 531|0x0000000661300000, 0x0000000661300000, 0x0000000661400000|  0%| F|  |TAMS 0x0000000661300000, 0x0000000661300000| Untracked 
| 532|0x0000000661400000, 0x0000000661400000, 0x0000000661500000|  0%| F|  |TAMS 0x0000000661400000, 0x0000000661400000| Untracked 
| 533|0x0000000661500000, 0x0000000661500000, 0x0000000661600000|  0%| F|  |TAMS 0x0000000661500000, 0x0000000661500000| Untracked 
| 534|0x0000000661600000, 0x0000000661600000, 0x0000000661700000|  0%| F|  |TAMS 0x0000000661600000, 0x0000000661600000| Untracked 
| 535|0x0000000661700000, 0x0000000661700000, 0x0000000661800000|  0%| F|  |TAMS 0x0000000661700000, 0x0000000661700000| Untracked 
| 536|0x0000000661800000, 0x0000000661800000, 0x0000000661900000|  0%| F|  |TAMS 0x0000000661800000, 0x0000000661800000| Untracked 
| 537|0x0000000661900000, 0x0000000661900000, 0x0000000661a00000|  0%| F|  |TAMS 0x0000000661900000, 0x0000000661900000| Untracked 
| 538|0x0000000661a00000, 0x0000000661a00000, 0x0000000661b00000|  0%| F|  |TAMS 0x0000000661a00000, 0x0000000661a00000| Untracked 
| 539|0x0000000661b00000, 0x0000000661b00000, 0x0000000661c00000|  0%| F|  |TAMS 0x0000000661b00000, 0x0000000661b00000| Untracked 
| 540|0x0000000661c00000, 0x0000000661c00000, 0x0000000661d00000|  0%| F|  |TAMS 0x0000000661c00000, 0x0000000661c00000| Untracked 
| 541|0x0000000661d00000, 0x0000000661d00000, 0x0000000661e00000|  0%| F|  |TAMS 0x0000000661d00000, 0x0000000661d00000| Untracked 
| 542|0x0000000661e00000, 0x0000000661e00000, 0x0000000661f00000|  0%| F|  |TAMS 0x0000000661e00000, 0x0000000661e00000| Untracked 
| 543|0x0000000661f00000, 0x0000000661f00000, 0x0000000662000000|  0%| F|  |TAMS 0x0000000661f00000, 0x0000000661f00000| Untracked 
| 544|0x0000000662000000, 0x0000000662000000, 0x0000000662100000|  0%| F|  |TAMS 0x0000000662000000, 0x0000000662000000| Untracked 
| 545|0x0000000662100000, 0x0000000662100000, 0x0000000662200000|  0%| F|  |TAMS 0x0000000662100000, 0x0000000662100000| Untracked 
| 546|0x0000000662200000, 0x0000000662200000, 0x0000000662300000|  0%| F|  |TAMS 0x0000000662200000, 0x0000000662200000| Untracked 
| 547|0x0000000662300000, 0x0000000662300000, 0x0000000662400000|  0%| F|  |TAMS 0x0000000662300000, 0x0000000662300000| Untracked 
| 548|0x0000000662400000, 0x0000000662400000, 0x0000000662500000|  0%| F|  |TAMS 0x0000000662400000, 0x0000000662400000| Untracked 
| 549|0x0000000662500000, 0x0000000662500000, 0x0000000662600000|  0%| F|  |TAMS 0x0000000662500000, 0x0000000662500000| Untracked 
| 550|0x0000000662600000, 0x0000000662600000, 0x0000000662700000|  0%| F|  |TAMS 0x0000000662600000, 0x0000000662600000| Untracked 
| 551|0x0000000662700000, 0x0000000662700000, 0x0000000662800000|  0%| F|  |TAMS 0x0000000662700000, 0x0000000662700000| Untracked 
| 552|0x0000000662800000, 0x0000000662800000, 0x0000000662900000|  0%| F|  |TAMS 0x0000000662800000, 0x0000000662800000| Untracked 
| 553|0x0000000662900000, 0x0000000662900000, 0x0000000662a00000|  0%| F|  |TAMS 0x0000000662900000, 0x0000000662900000| Untracked 
| 554|0x0000000662a00000, 0x0000000662a00000, 0x0000000662b00000|  0%| F|  |TAMS 0x0000000662a00000, 0x0000000662a00000| Untracked 
| 555|0x0000000662b00000, 0x0000000662b00000, 0x0000000662c00000|  0%| F|  |TAMS 0x0000000662b00000, 0x0000000662b00000| Untracked 
| 556|0x0000000662c00000, 0x0000000662c00000, 0x0000000662d00000|  0%| F|  |TAMS 0x0000000662c00000, 0x0000000662c00000| Untracked 
| 557|0x0000000662d00000, 0x0000000662d00000, 0x0000000662e00000|  0%| F|  |TAMS 0x0000000662d00000, 0x0000000662d00000| Untracked 
| 558|0x0000000662e00000, 0x0000000662e00000, 0x0000000662f00000|  0%| F|  |TAMS 0x0000000662e00000, 0x0000000662e00000| Untracked 
| 559|0x0000000662f00000, 0x0000000662f00000, 0x0000000663000000|  0%| F|  |TAMS 0x0000000662f00000, 0x0000000662f00000| Untracked 
| 560|0x0000000663000000, 0x0000000663000000, 0x0000000663100000|  0%| F|  |TAMS 0x0000000663000000, 0x0000000663000000| Untracked 
| 561|0x0000000663100000, 0x0000000663100000, 0x0000000663200000|  0%| F|  |TAMS 0x0000000663100000, 0x0000000663100000| Untracked 
| 562|0x0000000663200000, 0x0000000663200000, 0x0000000663300000|  0%| F|  |TAMS 0x0000000663200000, 0x0000000663200000| Untracked 
| 563|0x0000000663300000, 0x0000000663300000, 0x0000000663400000|  0%| F|  |TAMS 0x0000000663300000, 0x0000000663300000| Untracked 
| 564|0x0000000663400000, 0x0000000663400000, 0x0000000663500000|  0%| F|  |TAMS 0x0000000663400000, 0x0000000663400000| Untracked 
| 565|0x0000000663500000, 0x0000000663500000, 0x0000000663600000|  0%| F|  |TAMS 0x0000000663500000, 0x0000000663500000| Untracked 
| 566|0x0000000663600000, 0x0000000663600000, 0x0000000663700000|  0%| F|  |TAMS 0x0000000663600000, 0x0000000663600000| Untracked 
| 567|0x0000000663700000, 0x0000000663700000, 0x0000000663800000|  0%| F|  |TAMS 0x0000000663700000, 0x0000000663700000| Untracked 
| 568|0x0000000663800000, 0x0000000663800000, 0x0000000663900000|  0%| F|  |TAMS 0x0000000663800000, 0x0000000663800000| Untracked 
| 569|0x0000000663900000, 0x0000000663900000, 0x0000000663a00000|  0%| F|  |TAMS 0x0000000663900000, 0x0000000663900000| Untracked 
| 570|0x0000000663a00000, 0x0000000663a00000, 0x0000000663b00000|  0%| F|  |TAMS 0x0000000663a00000, 0x0000000663a00000| Untracked 
| 571|0x0000000663b00000, 0x0000000663b00000, 0x0000000663c00000|  0%| F|  |TAMS 0x0000000663b00000, 0x0000000663b00000| Untracked 
| 572|0x0000000663c00000, 0x0000000663c00000, 0x0000000663d00000|  0%| F|  |TAMS 0x0000000663c00000, 0x0000000663c00000| Untracked 
| 573|0x0000000663d00000, 0x0000000663d00000, 0x0000000663e00000|  0%| F|  |TAMS 0x0000000663d00000, 0x0000000663d00000| Untracked 
| 574|0x0000000663e00000, 0x0000000663e00000, 0x0000000663f00000|  0%| F|  |TAMS 0x0000000663e00000, 0x0000000663e00000| Untracked 
| 575|0x0000000663f00000, 0x0000000663f00000, 0x0000000664000000|  0%| F|  |TAMS 0x0000000663f00000, 0x0000000663f00000| Untracked 
| 576|0x0000000664000000, 0x0000000664000000, 0x0000000664100000|  0%| F|  |TAMS 0x0000000664000000, 0x0000000664000000| Untracked 
| 577|0x0000000664100000, 0x0000000664100000, 0x0000000664200000|  0%| F|  |TAMS 0x0000000664100000, 0x0000000664100000| Untracked 
| 578|0x0000000664200000, 0x0000000664200000, 0x0000000664300000|  0%| F|  |TAMS 0x0000000664200000, 0x0000000664200000| Untracked 
| 579|0x0000000664300000, 0x0000000664300000, 0x0000000664400000|  0%| F|  |TAMS 0x0000000664300000, 0x0000000664300000| Untracked 
| 580|0x0000000664400000, 0x0000000664400000, 0x0000000664500000|  0%| F|  |TAMS 0x0000000664400000, 0x0000000664400000| Untracked 
| 581|0x0000000664500000, 0x0000000664500000, 0x0000000664600000|  0%| F|  |TAMS 0x0000000664500000, 0x0000000664500000| Untracked 
| 582|0x0000000664600000, 0x0000000664600000, 0x0000000664700000|  0%| F|  |TAMS 0x0000000664600000, 0x0000000664600000| Untracked 
| 583|0x0000000664700000, 0x0000000664700000, 0x0000000664800000|  0%| F|  |TAMS 0x0000000664700000, 0x0000000664700000| Untracked 
| 584|0x0000000664800000, 0x0000000664800000, 0x0000000664900000|  0%| F|  |TAMS 0x0000000664800000, 0x0000000664800000| Untracked 
| 585|0x0000000664900000, 0x0000000664900000, 0x0000000664a00000|  0%| F|  |TAMS 0x0000000664900000, 0x0000000664900000| Untracked 
| 586|0x0000000664a00000, 0x0000000664a00000, 0x0000000664b00000|  0%| F|  |TAMS 0x0000000664a00000, 0x0000000664a00000| Untracked 
| 587|0x0000000664b00000, 0x0000000664b00000, 0x0000000664c00000|  0%| F|  |TAMS 0x0000000664b00000, 0x0000000664b00000| Untracked 
| 588|0x0000000664c00000, 0x0000000664c00000, 0x0000000664d00000|  0%| F|  |TAMS 0x0000000664c00000, 0x0000000664c00000| Untracked 
| 589|0x0000000664d00000, 0x0000000664d00000, 0x0000000664e00000|  0%| F|  |TAMS 0x0000000664d00000, 0x0000000664d00000| Untracked 
| 590|0x0000000664e00000, 0x0000000664e00000, 0x0000000664f00000|  0%| F|  |TAMS 0x0000000664e00000, 0x0000000664e00000| Untracked 
| 591|0x0000000664f00000, 0x0000000664f00000, 0x0000000665000000|  0%| F|  |TAMS 0x0000000664f00000, 0x0000000664f00000| Untracked 
| 592|0x0000000665000000, 0x0000000665000000, 0x0000000665100000|  0%| F|  |TAMS 0x0000000665000000, 0x0000000665000000| Untracked 
| 593|0x0000000665100000, 0x0000000665100000, 0x0000000665200000|  0%| F|  |TAMS 0x0000000665100000, 0x0000000665100000| Untracked 
| 594|0x0000000665200000, 0x0000000665200000, 0x0000000665300000|  0%| F|  |TAMS 0x0000000665200000, 0x0000000665200000| Untracked 
| 595|0x0000000665300000, 0x0000000665300000, 0x0000000665400000|  0%| F|  |TAMS 0x0000000665300000, 0x0000000665300000| Untracked 
| 596|0x0000000665400000, 0x0000000665400000, 0x0000000665500000|  0%| F|  |TAMS 0x0000000665400000, 0x0000000665400000| Untracked 
| 597|0x0000000665500000, 0x0000000665500000, 0x0000000665600000|  0%| F|  |TAMS 0x0000000665500000, 0x0000000665500000| Untracked 
| 598|0x0000000665600000, 0x0000000665600000, 0x0000000665700000|  0%| F|  |TAMS 0x0000000665600000, 0x0000000665600000| Untracked 
| 599|0x0000000665700000, 0x0000000665700000, 0x0000000665800000|  0%| F|  |TAMS 0x0000000665700000, 0x0000000665700000| Untracked 
| 600|0x0000000665800000, 0x0000000665800000, 0x0000000665900000|  0%| F|  |TAMS 0x0000000665800000, 0x0000000665800000| Untracked 
| 601|0x0000000665900000, 0x0000000665900000, 0x0000000665a00000|  0%| F|  |TAMS 0x0000000665900000, 0x0000000665900000| Untracked 
| 602|0x0000000665a00000, 0x0000000665a00000, 0x0000000665b00000|  0%| F|  |TAMS 0x0000000665a00000, 0x0000000665a00000| Untracked 
| 603|0x0000000665b00000, 0x0000000665b00000, 0x0000000665c00000|  0%| F|  |TAMS 0x0000000665b00000, 0x0000000665b00000| Untracked 
| 604|0x0000000665c00000, 0x0000000665c00000, 0x0000000665d00000|  0%| F|  |TAMS 0x0000000665c00000, 0x0000000665c00000| Untracked 
| 605|0x0000000665d00000, 0x0000000665d00000, 0x0000000665e00000|  0%| F|  |TAMS 0x0000000665d00000, 0x0000000665d00000| Untracked 
| 606|0x0000000665e00000, 0x0000000665e00000, 0x0000000665f00000|  0%| F|  |TAMS 0x0000000665e00000, 0x0000000665e00000| Untracked 
| 607|0x0000000665f00000, 0x0000000665f00000, 0x0000000666000000|  0%| F|  |TAMS 0x0000000665f00000, 0x0000000665f00000| Untracked 
| 608|0x0000000666000000, 0x0000000666000000, 0x0000000666100000|  0%| F|  |TAMS 0x0000000666000000, 0x0000000666000000| Untracked 
| 609|0x0000000666100000, 0x0000000666100000, 0x0000000666200000|  0%| F|  |TAMS 0x0000000666100000, 0x0000000666100000| Untracked 
| 610|0x0000000666200000, 0x0000000666200000, 0x0000000666300000|  0%| F|  |TAMS 0x0000000666200000, 0x0000000666200000| Untracked 
| 611|0x0000000666300000, 0x0000000666300000, 0x0000000666400000|  0%| F|  |TAMS 0x0000000666300000, 0x0000000666300000| Untracked 
| 612|0x0000000666400000, 0x0000000666400000, 0x0000000666500000|  0%| F|  |TAMS 0x0000000666400000, 0x0000000666400000| Untracked 
| 613|0x0000000666500000, 0x0000000666500000, 0x0000000666600000|  0%| F|  |TAMS 0x0000000666500000, 0x0000000666500000| Untracked 
| 614|0x0000000666600000, 0x0000000666600000, 0x0000000666700000|  0%| F|  |TAMS 0x0000000666600000, 0x0000000666600000| Untracked 
| 615|0x0000000666700000, 0x0000000666700000, 0x0000000666800000|  0%| F|  |TAMS 0x0000000666700000, 0x0000000666700000| Untracked 
| 616|0x0000000666800000, 0x0000000666800000, 0x0000000666900000|  0%| F|  |TAMS 0x0000000666800000, 0x0000000666800000| Untracked 
| 617|0x0000000666900000, 0x0000000666900000, 0x0000000666a00000|  0%| F|  |TAMS 0x0000000666900000, 0x0000000666900000| Untracked 
| 618|0x0000000666a00000, 0x0000000666a00000, 0x0000000666b00000|  0%| F|  |TAMS 0x0000000666a00000, 0x0000000666a00000| Untracked 
| 619|0x0000000666b00000, 0x0000000666b00000, 0x0000000666c00000|  0%| F|  |TAMS 0x0000000666b00000, 0x0000000666b00000| Untracked 
| 620|0x0000000666c00000, 0x0000000666c00000, 0x0000000666d00000|  0%| F|  |TAMS 0x0000000666c00000, 0x0000000666c00000| Untracked 
| 621|0x0000000666d00000, 0x0000000666d00000, 0x0000000666e00000|  0%| F|  |TAMS 0x0000000666d00000, 0x0000000666d00000| Untracked 
| 622|0x0000000666e00000, 0x0000000666e00000, 0x0000000666f00000|  0%| F|  |TAMS 0x0000000666e00000, 0x0000000666e00000| Untracked 
| 623|0x0000000666f00000, 0x0000000666f00000, 0x0000000667000000|  0%| F|  |TAMS 0x0000000666f00000, 0x0000000666f00000| Untracked 
| 624|0x0000000667000000, 0x0000000667000000, 0x0000000667100000|  0%| F|  |TAMS 0x0000000667000000, 0x0000000667000000| Untracked 
| 625|0x0000000667100000, 0x0000000667100000, 0x0000000667200000|  0%| F|  |TAMS 0x0000000667100000, 0x0000000667100000| Untracked 
| 626|0x0000000667200000, 0x0000000667200000, 0x0000000667300000|  0%| F|  |TAMS 0x0000000667200000, 0x0000000667200000| Untracked 
| 627|0x0000000667300000, 0x0000000667300000, 0x0000000667400000|  0%| F|  |TAMS 0x0000000667300000, 0x0000000667300000| Untracked 
| 628|0x0000000667400000, 0x0000000667400000, 0x0000000667500000|  0%| F|  |TAMS 0x0000000667400000, 0x0000000667400000| Untracked 
| 629|0x0000000667500000, 0x0000000667500000, 0x0000000667600000|  0%| F|  |TAMS 0x0000000667500000, 0x0000000667500000| Untracked 
| 630|0x0000000667600000, 0x0000000667600000, 0x0000000667700000|  0%| F|  |TAMS 0x0000000667600000, 0x0000000667600000| Untracked 
| 631|0x0000000667700000, 0x0000000667700000, 0x0000000667800000|  0%| F|  |TAMS 0x0000000667700000, 0x0000000667700000| Untracked 
| 632|0x0000000667800000, 0x0000000667800000, 0x0000000667900000|  0%| F|  |TAMS 0x0000000667800000, 0x0000000667800000| Untracked 
| 633|0x0000000667900000, 0x0000000667900000, 0x0000000667a00000|  0%| F|  |TAMS 0x0000000667900000, 0x0000000667900000| Untracked 
| 634|0x0000000667a00000, 0x0000000667a00000, 0x0000000667b00000|  0%| F|  |TAMS 0x0000000667a00000, 0x0000000667a00000| Untracked 
| 635|0x0000000667b00000, 0x0000000667b00000, 0x0000000667c00000|  0%| F|  |TAMS 0x0000000667b00000, 0x0000000667b00000| Untracked 
| 636|0x0000000667c00000, 0x0000000667c00000, 0x0000000667d00000|  0%| F|  |TAMS 0x0000000667c00000, 0x0000000667c00000| Untracked 
| 637|0x0000000667d00000, 0x0000000667d00000, 0x0000000667e00000|  0%| F|  |TAMS 0x0000000667d00000, 0x0000000667d00000| Untracked 
| 638|0x0000000667e00000, 0x0000000667e00000, 0x0000000667f00000|  0%| F|  |TAMS 0x0000000667e00000, 0x0000000667e00000| Untracked 
| 639|0x0000000667f00000, 0x0000000667f00000, 0x0000000668000000|  0%| F|  |TAMS 0x0000000667f00000, 0x0000000667f00000| Untracked 
| 640|0x0000000668000000, 0x0000000668000000, 0x0000000668100000|  0%| F|  |TAMS 0x0000000668000000, 0x0000000668000000| Untracked 
| 641|0x0000000668100000, 0x0000000668100000, 0x0000000668200000|  0%| F|  |TAMS 0x0000000668100000, 0x0000000668100000| Untracked 
| 642|0x0000000668200000, 0x0000000668200000, 0x0000000668300000|  0%| F|  |TAMS 0x0000000668200000, 0x0000000668200000| Untracked 
| 643|0x0000000668300000, 0x0000000668300000, 0x0000000668400000|  0%| F|  |TAMS 0x0000000668300000, 0x0000000668300000| Untracked 
| 644|0x0000000668400000, 0x0000000668400000, 0x0000000668500000|  0%| F|  |TAMS 0x0000000668400000, 0x0000000668400000| Untracked 
| 645|0x0000000668500000, 0x0000000668500000, 0x0000000668600000|  0%| F|  |TAMS 0x0000000668500000, 0x0000000668500000| Untracked 
| 646|0x0000000668600000, 0x0000000668600000, 0x0000000668700000|  0%| F|  |TAMS 0x0000000668600000, 0x0000000668600000| Untracked 
| 647|0x0000000668700000, 0x0000000668700000, 0x0000000668800000|  0%| F|  |TAMS 0x0000000668700000, 0x0000000668700000| Untracked 
| 648|0x0000000668800000, 0x0000000668800000, 0x0000000668900000|  0%| F|  |TAMS 0x0000000668800000, 0x0000000668800000| Untracked 
| 649|0x0000000668900000, 0x0000000668900000, 0x0000000668a00000|  0%| F|  |TAMS 0x0000000668900000, 0x0000000668900000| Untracked 
| 650|0x0000000668a00000, 0x0000000668a00000, 0x0000000668b00000|  0%| F|  |TAMS 0x0000000668a00000, 0x0000000668a00000| Untracked 
| 651|0x0000000668b00000, 0x0000000668b00000, 0x0000000668c00000|  0%| F|  |TAMS 0x0000000668b00000, 0x0000000668b00000| Untracked 
| 652|0x0000000668c00000, 0x0000000668c00000, 0x0000000668d00000|  0%| F|  |TAMS 0x0000000668c00000, 0x0000000668c00000| Untracked 
| 653|0x0000000668d00000, 0x0000000668d00000, 0x0000000668e00000|  0%| F|  |TAMS 0x0000000668d00000, 0x0000000668d00000| Untracked 
| 654|0x0000000668e00000, 0x0000000668e6eeb8, 0x0000000668f00000| 43%| E|  |TAMS 0x0000000668e00000, 0x0000000668e00000| Complete 
| 655|0x0000000668f00000, 0x0000000669000000, 0x0000000669000000|100%| E|CS|TAMS 0x0000000668f00000, 0x0000000668f00000| Complete 
| 656|0x0000000669000000, 0x0000000669100000, 0x0000000669100000|100%| E|CS|TAMS 0x0000000669000000, 0x0000000669000000| Complete 
| 657|0x0000000669100000, 0x0000000669200000, 0x0000000669200000|100%| E|CS|TAMS 0x0000000669100000, 0x0000000669100000| Complete 
| 658|0x0000000669200000, 0x0000000669300000, 0x0000000669300000|100%| E|CS|TAMS 0x0000000669200000, 0x0000000669200000| Complete 
| 659|0x0000000669300000, 0x0000000669400000, 0x0000000669400000|100%| E|CS|TAMS 0x0000000669300000, 0x0000000669300000| Complete 
| 660|0x0000000669400000, 0x0000000669500000, 0x0000000669500000|100%| E|CS|TAMS 0x0000000669400000, 0x0000000669400000| Complete 
| 661|0x0000000669500000, 0x0000000669600000, 0x0000000669600000|100%| E|CS|TAMS 0x0000000669500000, 0x0000000669500000| Complete 
| 662|0x0000000669600000, 0x0000000669700000, 0x0000000669700000|100%| E|CS|TAMS 0x0000000669600000, 0x0000000669600000| Complete 
| 663|0x0000000669700000, 0x0000000669800000, 0x0000000669800000|100%| E|CS|TAMS 0x0000000669700000, 0x0000000669700000| Complete 
| 664|0x0000000669800000, 0x0000000669900000, 0x0000000669900000|100%| E|CS|TAMS 0x0000000669800000, 0x0000000669800000| Complete 
| 665|0x0000000669900000, 0x0000000669a00000, 0x0000000669a00000|100%| E|CS|TAMS 0x0000000669900000, 0x0000000669900000| Complete 
| 666|0x0000000669a00000, 0x0000000669b00000, 0x0000000669b00000|100%| E|CS|TAMS 0x0000000669a00000, 0x0000000669a00000| Complete 
| 667|0x0000000669b00000, 0x0000000669c00000, 0x0000000669c00000|100%| E|CS|TAMS 0x0000000669b00000, 0x0000000669b00000| Complete 
| 668|0x0000000669c00000, 0x0000000669d00000, 0x0000000669d00000|100%| E|CS|TAMS 0x0000000669c00000, 0x0000000669c00000| Complete 
| 669|0x0000000669d00000, 0x0000000669e00000, 0x0000000669e00000|100%| E|CS|TAMS 0x0000000669d00000, 0x0000000669d00000| Complete 
| 670|0x0000000669e00000, 0x0000000669f00000, 0x0000000669f00000|100%| E|CS|TAMS 0x0000000669e00000, 0x0000000669e00000| Complete 
| 671|0x0000000669f00000, 0x000000066a000000, 0x000000066a000000|100%| E|CS|TAMS 0x0000000669f00000, 0x0000000669f00000| Complete 
| 672|0x000000066a000000, 0x000000066a100000, 0x000000066a100000|100%| E|CS|TAMS 0x000000066a000000, 0x000000066a000000| Complete 
| 673|0x000000066a100000, 0x000000066a200000, 0x000000066a200000|100%| E|CS|TAMS 0x000000066a100000, 0x000000066a100000| Complete 
| 674|0x000000066a200000, 0x000000066a300000, 0x000000066a300000|100%| E|CS|TAMS 0x000000066a200000, 0x000000066a200000| Complete 
| 675|0x000000066a300000, 0x000000066a400000, 0x000000066a400000|100%| E|CS|TAMS 0x000000066a300000, 0x000000066a300000| Complete 
| 676|0x000000066a400000, 0x000000066a500000, 0x000000066a500000|100%| E|CS|TAMS 0x000000066a400000, 0x000000066a400000| Complete 
| 677|0x000000066a500000, 0x000000066a600000, 0x000000066a600000|100%| E|CS|TAMS 0x000000066a500000, 0x000000066a500000| Complete 
| 678|0x000000066a600000, 0x000000066a700000, 0x000000066a700000|100%| E|CS|TAMS 0x000000066a600000, 0x000000066a600000| Complete 
| 679|0x000000066a700000, 0x000000066a800000, 0x000000066a800000|100%| E|CS|TAMS 0x000000066a700000, 0x000000066a700000| Complete 
| 680|0x000000066a800000, 0x000000066a900000, 0x000000066a900000|100%| E|CS|TAMS 0x000000066a800000, 0x000000066a800000| Complete 
| 681|0x000000066a900000, 0x000000066aa00000, 0x000000066aa00000|100%| E|CS|TAMS 0x000000066a900000, 0x000000066a900000| Complete 
| 682|0x000000066aa00000, 0x000000066ab00000, 0x000000066ab00000|100%| E|CS|TAMS 0x000000066aa00000, 0x000000066aa00000| Complete 
| 683|0x000000066ab00000, 0x000000066ac00000, 0x000000066ac00000|100%| E|CS|TAMS 0x000000066ab00000, 0x000000066ab00000| Complete 
| 684|0x000000066ac00000, 0x000000066ad00000, 0x000000066ad00000|100%| E|CS|TAMS 0x000000066ac00000, 0x000000066ac00000| Complete 
| 685|0x000000066ad00000, 0x000000066ae00000, 0x000000066ae00000|100%| E|CS|TAMS 0x000000066ad00000, 0x000000066ad00000| Complete 
| 686|0x000000066ae00000, 0x000000066af00000, 0x000000066af00000|100%| E|CS|TAMS 0x000000066ae00000, 0x000000066ae00000| Complete 
| 687|0x000000066af00000, 0x000000066b000000, 0x000000066b000000|100%| E|CS|TAMS 0x000000066af00000, 0x000000066af00000| Complete 
| 688|0x000000066b000000, 0x000000066b100000, 0x000000066b100000|100%| E|CS|TAMS 0x000000066b000000, 0x000000066b000000| Complete 
| 689|0x000000066b100000, 0x000000066b200000, 0x000000066b200000|100%| E|CS|TAMS 0x000000066b100000, 0x000000066b100000| Complete 
| 690|0x000000066b200000, 0x000000066b300000, 0x000000066b300000|100%| E|CS|TAMS 0x000000066b200000, 0x000000066b200000| Complete 
| 691|0x000000066b300000, 0x000000066b400000, 0x000000066b400000|100%| E|CS|TAMS 0x000000066b300000, 0x000000066b300000| Complete 
| 692|0x000000066b400000, 0x000000066b500000, 0x000000066b500000|100%| E|CS|TAMS 0x000000066b400000, 0x000000066b400000| Complete 
| 693|0x000000066b500000, 0x000000066b600000, 0x000000066b600000|100%| E|CS|TAMS 0x000000066b500000, 0x000000066b500000| Complete 
| 694|0x000000066b600000, 0x000000066b700000, 0x000000066b700000|100%| E|CS|TAMS 0x000000066b600000, 0x000000066b600000| Complete 
| 695|0x000000066b700000, 0x000000066b800000, 0x000000066b800000|100%| E|CS|TAMS 0x000000066b700000, 0x000000066b700000| Complete 
| 696|0x000000066b800000, 0x000000066b900000, 0x000000066b900000|100%| E|CS|TAMS 0x000000066b800000, 0x000000066b800000| Complete 
| 697|0x000000066b900000, 0x000000066ba00000, 0x000000066ba00000|100%| E|CS|TAMS 0x000000066b900000, 0x000000066b900000| Complete 
| 698|0x000000066ba00000, 0x000000066bb00000, 0x000000066bb00000|100%| E|CS|TAMS 0x000000066ba00000, 0x000000066ba00000| Complete 
| 699|0x000000066bb00000, 0x000000066bc00000, 0x000000066bc00000|100%| E|  |TAMS 0x000000066bb00000, 0x000000066bb00000| Complete 
| 700|0x000000066bc00000, 0x000000066bd00000, 0x000000066bd00000|100%| E|CS|TAMS 0x000000066bc00000, 0x000000066bc00000| Complete 
| 701|0x000000066bd00000, 0x000000066be00000, 0x000000066be00000|100%| E|CS|TAMS 0x000000066bd00000, 0x000000066bd00000| Complete 
| 702|0x000000066be00000, 0x000000066bf00000, 0x000000066bf00000|100%| E|CS|TAMS 0x000000066be00000, 0x000000066be00000| Complete 
| 703|0x000000066bf00000, 0x000000066c000000, 0x000000066c000000|100%| E|CS|TAMS 0x000000066bf00000, 0x000000066bf00000| Complete 
| 704|0x000000066c000000, 0x000000066c100000, 0x000000066c100000|100%| E|CS|TAMS 0x000000066c000000, 0x000000066c000000| Complete 
| 705|0x000000066c100000, 0x000000066c200000, 0x000000066c200000|100%| E|CS|TAMS 0x000000066c100000, 0x000000066c100000| Complete 
| 706|0x000000066c200000, 0x000000066c300000, 0x000000066c300000|100%| E|CS|TAMS 0x000000066c200000, 0x000000066c200000| Complete 
| 707|0x000000066c300000, 0x000000066c400000, 0x000000066c400000|100%| E|CS|TAMS 0x000000066c300000, 0x000000066c300000| Complete 
| 708|0x000000066c400000, 0x000000066c500000, 0x000000066c500000|100%| E|CS|TAMS 0x000000066c400000, 0x000000066c400000| Complete 
| 709|0x000000066c500000, 0x000000066c600000, 0x000000066c600000|100%| E|CS|TAMS 0x000000066c500000, 0x000000066c500000| Complete 
| 710|0x000000066c600000, 0x000000066c700000, 0x000000066c700000|100%| E|CS|TAMS 0x000000066c600000, 0x000000066c600000| Complete 
| 711|0x000000066c700000, 0x000000066c800000, 0x000000066c800000|100%| E|CS|TAMS 0x000000066c700000, 0x000000066c700000| Complete 
| 712|0x000000066c800000, 0x000000066c900000, 0x000000066c900000|100%| E|CS|TAMS 0x000000066c800000, 0x000000066c800000| Complete 
| 713|0x000000066c900000, 0x000000066ca00000, 0x000000066ca00000|100%| E|CS|TAMS 0x000000066c900000, 0x000000066c900000| Complete 
| 714|0x000000066ca00000, 0x000000066cb00000, 0x000000066cb00000|100%| E|CS|TAMS 0x000000066ca00000, 0x000000066ca00000| Complete 
| 715|0x000000066cb00000, 0x000000066cc00000, 0x000000066cc00000|100%| E|CS|TAMS 0x000000066cb00000, 0x000000066cb00000| Complete 
| 716|0x000000066cc00000, 0x000000066cd00000, 0x000000066cd00000|100%| E|CS|TAMS 0x000000066cc00000, 0x000000066cc00000| Complete 
| 717|0x000000066cd00000, 0x000000066ce00000, 0x000000066ce00000|100%| E|CS|TAMS 0x000000066cd00000, 0x000000066cd00000| Complete 
| 718|0x000000066ce00000, 0x000000066cf00000, 0x000000066cf00000|100%| E|CS|TAMS 0x000000066ce00000, 0x000000066ce00000| Complete 
| 719|0x000000066cf00000, 0x000000066d000000, 0x000000066d000000|100%| E|CS|TAMS 0x000000066cf00000, 0x000000066cf00000| Complete 
| 720|0x000000066d000000, 0x000000066d100000, 0x000000066d100000|100%| E|CS|TAMS 0x000000066d000000, 0x000000066d000000| Complete 
| 721|0x000000066d100000, 0x000000066d200000, 0x000000066d200000|100%| E|CS|TAMS 0x000000066d100000, 0x000000066d100000| Complete 
| 722|0x000000066d200000, 0x000000066d300000, 0x000000066d300000|100%| E|CS|TAMS 0x000000066d200000, 0x000000066d200000| Complete 
| 723|0x000000066d300000, 0x000000066d400000, 0x000000066d400000|100%| E|CS|TAMS 0x000000066d300000, 0x000000066d300000| Complete 
| 724|0x000000066d400000, 0x000000066d500000, 0x000000066d500000|100%| E|CS|TAMS 0x000000066d400000, 0x000000066d400000| Complete 
| 725|0x000000066d500000, 0x000000066d600000, 0x000000066d600000|100%| E|CS|TAMS 0x000000066d500000, 0x000000066d500000| Complete 
| 726|0x000000066d600000, 0x000000066d700000, 0x000000066d700000|100%| E|CS|TAMS 0x000000066d600000, 0x000000066d600000| Complete 
| 727|0x000000066d700000, 0x000000066d800000, 0x000000066d800000|100%| E|CS|TAMS 0x000000066d700000, 0x000000066d700000| Complete 
| 728|0x000000066d800000, 0x000000066d900000, 0x000000066d900000|100%| E|CS|TAMS 0x000000066d800000, 0x000000066d800000| Complete 
| 729|0x000000066d900000, 0x000000066da00000, 0x000000066da00000|100%| E|CS|TAMS 0x000000066d900000, 0x000000066d900000| Complete 
| 730|0x000000066da00000, 0x000000066db00000, 0x000000066db00000|100%| E|CS|TAMS 0x000000066da00000, 0x000000066da00000| Complete 
| 731|0x000000066db00000, 0x000000066dc00000, 0x000000066dc00000|100%| E|CS|TAMS 0x000000066db00000, 0x000000066db00000| Complete 
| 732|0x000000066dc00000, 0x000000066dd00000, 0x000000066dd00000|100%| E|CS|TAMS 0x000000066dc00000, 0x000000066dc00000| Complete 
| 733|0x000000066dd00000, 0x000000066de00000, 0x000000066de00000|100%| E|CS|TAMS 0x000000066dd00000, 0x000000066dd00000| Complete 
| 734|0x000000066de00000, 0x000000066df00000, 0x000000066df00000|100%| E|CS|TAMS 0x000000066de00000, 0x000000066de00000| Complete 
| 735|0x000000066df00000, 0x000000066e000000, 0x000000066e000000|100%| E|CS|TAMS 0x000000066df00000, 0x000000066df00000| Complete 
| 736|0x000000066e000000, 0x000000066e100000, 0x000000066e100000|100%| E|CS|TAMS 0x000000066e000000, 0x000000066e000000| Complete 
| 737|0x000000066e100000, 0x000000066e200000, 0x000000066e200000|100%| E|CS|TAMS 0x000000066e100000, 0x000000066e100000| Complete 
| 738|0x000000066e200000, 0x000000066e300000, 0x000000066e300000|100%| E|CS|TAMS 0x000000066e200000, 0x000000066e200000| Complete 
| 739|0x000000066e300000, 0x000000066e400000, 0x000000066e400000|100%| E|CS|TAMS 0x000000066e300000, 0x000000066e300000| Complete 
| 740|0x000000066e400000, 0x000000066e500000, 0x000000066e500000|100%| E|CS|TAMS 0x000000066e400000, 0x000000066e400000| Complete 
| 741|0x000000066e500000, 0x000000066e600000, 0x000000066e600000|100%| E|CS|TAMS 0x000000066e500000, 0x000000066e500000| Complete 
| 742|0x000000066e600000, 0x000000066e700000, 0x000000066e700000|100%| E|CS|TAMS 0x000000066e600000, 0x000000066e600000| Complete 
| 743|0x000000066e700000, 0x000000066e800000, 0x000000066e800000|100%| E|CS|TAMS 0x000000066e700000, 0x000000066e700000| Complete 
| 744|0x000000066e800000, 0x000000066e900000, 0x000000066e900000|100%| E|CS|TAMS 0x000000066e800000, 0x000000066e800000| Complete 
| 745|0x000000066e900000, 0x000000066ea00000, 0x000000066ea00000|100%| E|CS|TAMS 0x000000066e900000, 0x000000066e900000| Complete 
| 746|0x000000066ea00000, 0x000000066eb00000, 0x000000066eb00000|100%| E|CS|TAMS 0x000000066ea00000, 0x000000066ea00000| Complete 
| 747|0x000000066eb00000, 0x000000066ec00000, 0x000000066ec00000|100%| E|CS|TAMS 0x000000066eb00000, 0x000000066eb00000| Complete 
| 748|0x000000066ec00000, 0x000000066ed00000, 0x000000066ed00000|100%| E|CS|TAMS 0x000000066ec00000, 0x000000066ec00000| Complete 

Card table byte_map: [0x000000010f970000,0x0000000110570000] _byte_map_base: 0x000000010c770000

Marking Bits (Prev, Next): (CMBitMap*) 0x0000000127039a50, (CMBitMap*) 0x0000000127039a18
 Prev Bits: [0x000000013f000000, 0x0000000145000000)
 Next Bits: [0x0000000111170000, 0x0000000117170000)

Polling page: 0x0000000104ce4000

Metaspace:

Usage:
  Non-class:     75.36 MB capacity,    73.60 MB ( 98%) used,     1.43 MB (  2%) free+waste,   337.31 KB ( <1%) overhead. 
      Class:     12.67 MB capacity,    11.50 MB ( 91%) used,     1.00 MB (  8%) free+waste,   173.19 KB (  1%) overhead. 
       Both:     88.03 MB capacity,    85.10 MB ( 97%) used,     2.43 MB (  3%) free+waste,   510.50 KB ( <1%) overhead. 

Virtual space:
  Non-class space:       76.00 MB reserved,      75.58 MB (>99%) committed 
      Class space:        1.00 GB reserved,      12.75 MB (  1%) committed 
             Both:        1.07 GB reserved,      88.33 MB (  8%) committed 

Chunk freelists:
   Non-Class:  31.00 KB
       Class:  0 bytes
        Both:  31.00 KB

MaxMetaspaceSize: unlimited
CompressedClassSpaceSize: 1.00 GB
Initial GC threshold: 20.80 MB
Current GC threshold: 98.47 MB
CDS: off

CodeHeap 'non-profiled nmethods': size=238384Kb used=30799Kb max_used=30799Kb free=207585Kb
 bounds [0x0000000130734000, 0x0000000132554000, 0x000000013f000000]
CodeHeap 'non-nmethods': size=7376Kb used=1329Kb max_used=1329Kb free=6046Kb
 bounds [0x0000000130000000, 0x0000000130270000, 0x0000000130734000]
 total_blobs=17552 nmethods=16871 adapters=611
 compilation: enabled
              stopped_count=0, restarted_count=0
 full_count=0

Compilation events (20 events):
Event: 829.649 Thread 0x000000012581e800 17870       1       java.util.concurrent.Semaphore$NonfairSync::<init> (6 bytes)
Event: 829.649 Thread 0x000000012581e800 nmethod 17870 0x0000000132545810 code [0x00000001325459c0, 0x0000000132545b10]
Event: 829.649 Thread 0x000000012581e800 17871       1       java.util.concurrent.Semaphore$Sync::<init> (10 bytes)
Event: 829.649 Thread 0x000000012581e800 nmethod 17871 0x0000000132545b90 code [0x0000000132545d40, 0x0000000132545e90]
Event: 829.649 Thread 0x000000012581e800 17866       1       org.apache.tomcat.util.threads.LimitLatch::access$200 (5 bytes)
Event: 829.649 Thread 0x000000012581e800 nmethod 17866 0x0000000132545f10 code [0x00000001325460c0, 0x00000001325461d0]
Event: 829.649 Thread 0x000000012581e800 17867       1       java.nio.channels.spi.AbstractSelectableChannel::provider (5 bytes)
Event: 829.649 Thread 0x000000012581e800 nmethod 17867 0x0000000132546290 code [0x0000000132546440, 0x0000000132546590]
Event: 829.649 Thread 0x000000012581e800 17868       1       org.apache.tomcat.util.net.AbstractEndpoint::getUseAsyncIO (5 bytes)
Event: 829.649 Thread 0x000000012581e800 nmethod 17868 0x0000000132546610 code [0x00000001325467c0, 0x0000000132546910]
Event: 829.649 Thread 0x000000012581e800 17872       1       org.apache.tomcat.util.net.NioEndpoint::getNioChannels (5 bytes)
Event: 829.649 Thread 0x000000012581e800 nmethod 17872 0x0000000132546990 code [0x0000000132546b40, 0x0000000132546c90]
Event: 829.649 Thread 0x000000012581e800 17873       1       org.apache.tomcat.util.net.NioEndpoint::getPoller (5 bytes)
Event: 829.649 Thread 0x000000012581e800 nmethod 17873 0x0000000132546d10 code [0x0000000132546ec0, 0x0000000132547010]
Event: 829.649 Thread 0x000000012581e800 17874       1       org.apache.tomcat.util.net.NioChannel::getBufHandler (5 bytes)
Event: 829.649 Thread 0x000000012581e800 nmethod 17874 0x0000000132547090 code [0x0000000132547240, 0x0000000132547390]
Event: 829.649 Thread 0x000000012581e800 17875       1       org.apache.tomcat.util.net.SocketWrapperBase::setKeepAliveLeft (6 bytes)
Event: 829.650 Thread 0x000000012581e800 nmethod 17875 0x0000000132547410 code [0x00000001325475c0, 0x0000000132547710]
Event: 829.658 Thread 0x000000012581e800 17876       1       org.apache.tomcat.util.http.Parameters$$Lambda$1725/0x0000000800ca9840::apply (8 bytes)
Event: 829.658 Thread 0x000000012581e800 nmethod 17876 0x0000000132547790 code [0x0000000132547940, 0x0000000132547b40]

GC Heap History (20 events):
Event: 1.303 GC heap before
{Heap before GC invocations=7 (full 0):
 garbage-first heap   total 509952K, used 150379K [0x0000000640000000, 0x00000007c0000000)
  region size 1024K, 138 young (141312K), 13 survivors (13312K)
 Metaspace       used 35094K, capacity 35820K, committed 36144K, reserved 1081344K
  class space    used 4636K, capacity 4899K, committed 4992K, reserved 1048576K
}
Event: 1.307 GC heap after
{Heap after GC invocations=8 (full 0):
 garbage-first heap   total 509952K, used 28472K [0x0000000640000000, 0x00000007c0000000)
  region size 1024K, 17 young (17408K), 17 survivors (17408K)
 Metaspace       used 35094K, capacity 35820K, committed 36144K, reserved 1081344K
  class space    used 4636K, capacity 4899K, committed 4992K, reserved 1048576K
}
Event: 1.556 GC heap before
{Heap before GC invocations=9 (full 0):
 garbage-first heap   total 509952K, used 259896K [0x0000000640000000, 0x00000007c0000000)
  region size 1024K, 244 young (249856K), 17 survivors (17408K)
 Metaspace       used 41381K, capacity 42425K, committed 42544K, reserved 1085440K
  class space    used 5573K, capacity 5966K, committed 6016K, reserved 1048576K
}
Event: 1.562 GC heap after
{Heap after GC invocations=10 (full 0):
 garbage-first heap   total 509952K, used 31593K [0x0000000640000000, 0x00000007c0000000)
  region size 1024K, 18 young (18432K), 18 survivors (18432K)
 Metaspace       used 41381K, capacity 42425K, committed 42544K, reserved 1085440K
  class space    used 5573K, capacity 5966K, committed 6016K, reserved 1048576K
}
Event: 1.853 GC heap before
{Heap before GC invocations=10 (full 0):
 garbage-first heap   total 509952K, used 318313K [0x0000000640000000, 0x00000007c0000000)
  region size 1024K, 298 young (305152K), 18 survivors (18432K)
 Metaspace       used 47473K, capacity 48620K, committed 48816K, reserved 1091584K
  class space    used 6387K, capacity 6870K, committed 6912K, reserved 1048576K
}
Event: 1.860 GC heap after
{Heap after GC invocations=11 (full 0):
 garbage-first heap   total 612352K, used 36106K [0x0000000640000000, 0x00000007c0000000)
  region size 1024K, 23 young (23552K), 23 survivors (23552K)
 Metaspace       used 47473K, capacity 48620K, committed 48816K, reserved 1091584K
  class space    used 6387K, capacity 6870K, committed 6912K, reserved 1048576K
}
Event: 2.411 GC heap before
{Heap before GC invocations=11 (full 0):
 garbage-first heap   total 612352K, used 379146K [0x0000000640000000, 0x00000007c0000000)
  region size 1024K, 358 young (366592K), 23 survivors (23552K)
 Metaspace       used 53727K, capacity 55068K, committed 55216K, reserved 1097728K
  class space    used 7282K, capacity 7880K, committed 7936K, reserved 1048576K
}
Event: 2.419 GC heap after
{Heap after GC invocations=12 (full 0):
 garbage-first heap   total 612352K, used 42836K [0x0000000640000000, 0x00000007c0000000)
  region size 1024K, 29 young (29696K), 29 survivors (29696K)
 Metaspace       used 53727K, capacity 55068K, committed 55216K, reserved 1097728K
  class space    used 7282K, capacity 7880K, committed 7936K, reserved 1048576K
}
Event: 2.736 GC heap before
{Heap before GC invocations=12 (full 0):
 garbage-first heap   total 612352K, used 264020K [0x0000000640000000, 0x00000007c0000000)
  region size 1024K, 241 young (246784K), 29 survivors (29696K)
 Metaspace       used 58426K, capacity 60094K, committed 60240K, reserved 1101824K
  class space    used 7933K, capacity 8651K, committed 8704K, reserved 1048576K
}
Event: 2.745 GC heap after
{Heap after GC invocations=13 (full 0):
 garbage-first heap   total 612352K, used 46445K [0x0000000640000000, 0x00000007c0000000)
  region size 1024K, 24 young (24576K), 24 survivors (24576K)
 Metaspace       used 58426K, capacity 60094K, committed 60240K, reserved 1101824K
  class space    used 7933K, capacity 8651K, committed 8704K, reserved 1048576K
}
Event: 3.187 GC heap before
{Heap before GC invocations=14 (full 0):
 garbage-first heap   total 612352K, used 388461K [0x0000000640000000, 0x00000007c0000000)
  region size 1024K, 358 young (366592K), 24 survivors (24576K)
 Metaspace       used 64565K, capacity 66573K, committed 66896K, reserved 1105920K
  class space    used 8802K, capacity 9617K, committed 9728K, reserved 1048576K
}
Event: 3.195 GC heap after
{Heap after GC invocations=15 (full 0):
 garbage-first heap   total 612352K, used 50029K [0x0000000640000000, 0x00000007c0000000)
  region size 1024K, 28 young (28672K), 28 survivors (28672K)
 Metaspace       used 64565K, capacity 66573K, committed 66896K, reserved 1105920K
  class space    used 8802K, capacity 9617K, committed 9728K, reserved 1048576K
}
Event: 3.570 GC heap before
{Heap before GC invocations=15 (full 0):
 garbage-first heap   total 612352K, used 387949K [0x0000000640000000, 0x00000007c0000000)
  region size 1024K, 358 young (366592K), 28 survivors (28672K)
 Metaspace       used 70561K, capacity 72654K, committed 72784K, reserved 1112064K
  class space    used 9552K, capacity 10407K, committed 10496K, reserved 1048576K
}
Event: 3.579 GC heap after
{Heap after GC invocations=16 (full 0):
 garbage-first heap   total 766976K, used 52566K [0x0000000640000000, 0x00000007c0000000)
  region size 1024K, 25 young (25600K), 25 survivors (25600K)
 Metaspace       used 70561K, capacity 72654K, committed 72784K, reserved 1112064K
  class space    used 9552K, capacity 10407K, committed 10496K, reserved 1048576K
}
Event: 4.183 GC heap before
{Heap before GC invocations=16 (full 0):
 garbage-first heap   total 766976K, used 486742K [0x0000000640000000, 0x00000007c0000000)
  region size 1024K, 449 young (459776K), 25 survivors (25600K)
 Metaspace       used 77707K, capacity 80050K, committed 80208K, reserved 1118208K
  class space    used 10512K, capacity 11466K, committed 11520K, reserved 1048576K
}
Event: 4.192 GC heap after
{Heap after GC invocations=17 (full 0):
 garbage-first heap   total 766976K, used 56662K [0x0000000640000000, 0x00000007c0000000)
  region size 1024K, 29 young (29696K), 29 survivors (29696K)
 Metaspace       used 77707K, capacity 80050K, committed 80208K, reserved 1118208K
  class space    used 10512K, capacity 11466K, committed 11520K, reserved 1048576K
}
Event: 75.830 GC heap before
{Heap before GC invocations=17 (full 0):
 garbage-first heap   total 766976K, used 485718K [0x0000000640000000, 0x00000007c0000000)
  region size 1024K, 449 young (459776K), 29 survivors (29696K)
 Metaspace       used 85882K, capacity 88769K, committed 88912K, reserved 1126400K
  class space    used 11649K, capacity 12800K, committed 12800K, reserved 1048576K
}
Event: 75.857 GC heap after
{Heap after GC invocations=18 (full 0):
 garbage-first heap   total 766976K, used 68438K [0x0000000640000000, 0x00000007c0000000)
  region size 1024K, 40 young (40960K), 40 survivors (40960K)
 Metaspace       used 85882K, capacity 88769K, committed 88912K, reserved 1126400K
  class space    used 11649K, capacity 12800K, committed 12800K, reserved 1048576K
}
Event: 787.153 GC heap before
{Heap before GC invocations=18 (full 0):
 garbage-first heap   total 766976K, used 486230K [0x0000000640000000, 0x00000007c0000000)
  region size 1024K, 449 young (459776K), 40 survivors (40960K)
 Metaspace       used 87127K, capacity 90130K, committed 90448K, reserved 1126400K
  class space    used 11773K, capacity 12969K, committed 13056K, reserved 1048576K
}
Event: 787.210 GC heap after
{Heap after GC invocations=19 (full 0):
 garbage-first heap   total 766976K, used 67465K [0x0000000640000000, 0x00000007c0000000)
  region size 1024K, 27 young (27648K), 27 survivors (27648K)
 Metaspace       used 87127K, capacity 90130K, committed 90448K, reserved 1126400K
  class space    used 11773K, capacity 12969K, committed 13056K, reserved 1048576K
}

Deoptimization events (20 events):
Event: 75.866 Thread 0x000000012678b800 DEOPT PACKING pc=0x0000000131518158 sp=0x0000000178a30240
Event: 75.866 Thread 0x000000012678b800 DEOPT UNPACKING pc=0x000000013003527c sp=0x0000000178a30020 mode 3
Event: 92.617 Thread 0x000000012678a000 DEOPT PACKING pc=0x0000000131526974 sp=0x000000017840b420
Event: 92.617 Thread 0x000000012678a000 DEOPT UNPACKING pc=0x000000013003527c sp=0x000000017840b190 mode 3
Event: 105.872 Thread 0x0000000125e93800 DEOPT PACKING pc=0x000000013188058c sp=0x0000000175d29e40
Event: 105.872 Thread 0x0000000125e93800 DEOPT UNPACKING pc=0x000000013003527c sp=0x0000000175d29ca0 mode 3
Event: 192.424 Thread 0x0000000163808800 DEOPT PACKING pc=0x00000001314de030 sp=0x0000000177ff3cb0
Event: 192.424 Thread 0x0000000163808800 DEOPT UNPACKING pc=0x000000013003527c sp=0x0000000177ff3a90 mode 3
Event: 255.398 Thread 0x0000000145ff9000 DEOPT PACKING pc=0x0000000131c278a8 sp=0x00000001779d0790
Event: 255.398 Thread 0x0000000145ff9000 DEOPT UNPACKING pc=0x000000013003527c sp=0x00000001779d05f0 mode 3
Event: 689.805 Thread 0x0000000163808800 DEOPT PACKING pc=0x00000001317b23c4 sp=0x0000000177ff2630
Event: 689.805 Thread 0x000000012678b000 DEOPT PACKING pc=0x00000001317b23c4 sp=0x0000000178616630
Event: 689.805 Thread 0x0000000125eab000 DEOPT PACKING pc=0x00000001317b23c4 sp=0x0000000178822630
Event: 689.805 Thread 0x0000000163808800 DEOPT UNPACKING pc=0x000000013003527c sp=0x0000000177ff24a0 mode 3
Event: 689.805 Thread 0x000000012678b000 DEOPT UNPACKING pc=0x000000013003527c sp=0x00000001786164a0 mode 3
Event: 689.805 Thread 0x0000000125eab000 DEOPT UNPACKING pc=0x000000013003527c sp=0x00000001788224a0 mode 3
Event: 689.805 Thread 0x000000012678a000 DEOPT PACKING pc=0x00000001317b23c4 sp=0x000000017840a630
Event: 689.805 Thread 0x000000012678a000 DEOPT UNPACKING pc=0x000000013003527c sp=0x000000017840a4a0 mode 3
Event: 689.843 Thread 0x0000000126789000 DEOPT PACKING pc=0x00000001319fa3a0 sp=0x00000001781fff70
Event: 689.843 Thread 0x0000000126789000 DEOPT UNPACKING pc=0x000000013003527c sp=0x00000001781ffdb0 mode 3

Classes redefined (0 events):
No events

Internal exceptions (20 events):
Event: 736.140 Thread 0x0000000126774000 Exception <a 'java/io/FileNotFoundException'{0x000000065f838d30}> (0x000000065f838d30) thrown at [src/hotspot/share/prims/jni.cpp, line 617]
Event: 736.140 Thread 0x0000000126774000 Exception <a 'java/io/FileNotFoundException'{0x000000065f8392b0}> (0x000000065f8392b0) thrown at [src/hotspot/share/prims/jni.cpp, line 617]
Event: 746.162 Thread 0x0000000126774000 Exception <a 'java/io/FileNotFoundException'{0x000000065a7d73d8}> (0x000000065a7d73d8) thrown at [src/hotspot/share/prims/jni.cpp, line 617]
Event: 746.162 Thread 0x0000000126774000 Exception <a 'java/io/FileNotFoundException'{0x000000065a7d7958}> (0x000000065a7d7958) thrown at [src/hotspot/share/prims/jni.cpp, line 617]
Event: 756.186 Thread 0x0000000126774000 Exception <a 'java/io/FileNotFoundException'{0x000000065a7dd488}> (0x000000065a7dd488) thrown at [src/hotspot/share/prims/jni.cpp, line 617]
Event: 756.186 Thread 0x0000000126774000 Exception <a 'java/io/FileNotFoundException'{0x000000065a7dda08}> (0x000000065a7dda08) thrown at [src/hotspot/share/prims/jni.cpp, line 617]
Event: 766.218 Thread 0x0000000126774000 Exception <a 'java/io/FileNotFoundException'{0x000000065a7e3538}> (0x000000065a7e3538) thrown at [src/hotspot/share/prims/jni.cpp, line 617]
Event: 766.218 Thread 0x0000000126774000 Exception <a 'java/io/FileNotFoundException'{0x000000065a7e3ab8}> (0x000000065a7e3ab8) thrown at [src/hotspot/share/prims/jni.cpp, line 617]
Event: 776.249 Thread 0x0000000126774000 Exception <a 'java/io/FileNotFoundException'{0x000000065a7e95e8}> (0x000000065a7e95e8) thrown at [src/hotspot/share/prims/jni.cpp, line 617]
Event: 776.249 Thread 0x0000000126774000 Exception <a 'java/io/FileNotFoundException'{0x000000065a7e9b68}> (0x000000065a7e9b68) thrown at [src/hotspot/share/prims/jni.cpp, line 617]
Event: 786.276 Thread 0x0000000126774000 Exception <a 'java/io/FileNotFoundException'{0x000000065a7ef698}> (0x000000065a7ef698) thrown at [src/hotspot/share/prims/jni.cpp, line 617]
Event: 786.276 Thread 0x0000000126774000 Exception <a 'java/io/FileNotFoundException'{0x000000065a7efc18}> (0x000000065a7efc18) thrown at [src/hotspot/share/prims/jni.cpp, line 617]
Event: 796.341 Thread 0x0000000126774000 Exception <a 'java/io/FileNotFoundException'{0x000000066d526838}> (0x000000066d526838) thrown at [src/hotspot/share/prims/jni.cpp, line 617]
Event: 796.341 Thread 0x0000000126774000 Exception <a 'java/io/FileNotFoundException'{0x000000066d526db8}> (0x000000066d526db8) thrown at [src/hotspot/share/prims/jni.cpp, line 617]
Event: 806.369 Thread 0x0000000126774000 Exception <a 'java/io/FileNotFoundException'{0x000000066d52c8e8}> (0x000000066d52c8e8) thrown at [src/hotspot/share/prims/jni.cpp, line 617]
Event: 806.369 Thread 0x0000000126774000 Exception <a 'java/io/FileNotFoundException'{0x000000066d52ce68}> (0x000000066d52ce68) thrown at [src/hotspot/share/prims/jni.cpp, line 617]
Event: 816.398 Thread 0x0000000126774000 Exception <a 'java/io/FileNotFoundException'{0x000000066d532998}> (0x000000066d532998) thrown at [src/hotspot/share/prims/jni.cpp, line 617]
Event: 816.398 Thread 0x0000000126774000 Exception <a 'java/io/FileNotFoundException'{0x000000066d532f18}> (0x000000066d532f18) thrown at [src/hotspot/share/prims/jni.cpp, line 617]
Event: 826.423 Thread 0x0000000126774000 Exception <a 'java/io/FileNotFoundException'{0x000000066d538a48}> (0x000000066d538a48) thrown at [src/hotspot/share/prims/jni.cpp, line 617]
Event: 826.423 Thread 0x0000000126774000 Exception <a 'java/io/FileNotFoundException'{0x000000066d538fc8}> (0x000000066d538fc8) thrown at [src/hotspot/share/prims/jni.cpp, line 617]

Events (20 events):
Event: 829.660 loading class org/joda/time$YearMonth
Event: 829.660 loading class org/joda/time$YearMonth done
Event: 829.671 loading class org/joda/time/YearMonth
Event: 829.671 loading class org/joda/time/YearMonth done
Event: 829.672 loading class org/joda/time/YearMonth
Event: 829.672 loading class org/joda/time/YearMonth done
Event: 829.673 loading class org/joda/time$YearMonth
Event: 829.673 loading class org/joda/time$YearMonth done
Event: 829.673 loading class org/joda/time/YearMonth
Event: 829.673 loading class org/joda/time/YearMonth done
Event: 829.673 loading class org/joda/time$YearMonth
Event: 829.673 loading class org/joda/time$YearMonth done
Event: 829.674 loading class org/joda/time$YearMonth
Event: 829.674 loading class org/joda/time$YearMonth done
Event: 829.674 loading class org/joda/time/YearMonth
Event: 829.674 loading class org/joda/time/YearMonth done
Event: 829.674 loading class org/joda/time/YearMonth
Event: 829.674 loading class org/joda/time/YearMonth done
Event: 829.674 loading class org/joda/time$YearMonth
Event: 829.674 loading class org/joda/time$YearMonth done


Dynamic libraries:
0x0000000104c90000 	/opt/homebrew/Cellar/openjdk@11/11.0.25/libexec/openjdk.jdk/Contents/Home/lib/jli/libjli.dylib
0x000000019f699000 	/System/Library/Frameworks/Cocoa.framework/Versions/A/Cocoa
0x00000001875cf000 	/System/Library/Frameworks/AppKit.framework/Versions/C/AppKit
0x000000018a887000 	/System/Library/Frameworks/CoreData.framework/Versions/A/CoreData
0x0000000184c09000 	/System/Library/Frameworks/Foundation.framework/Versions/C/Foundation
0x000000019158d000 	/usr/lib/libSystem.B.dylib
0x0000000188a0c000 	/System/Library/PrivateFrameworks/UIFoundation.framework/Versions/A/UIFoundation
0x000000022c707000 	/System/Library/PrivateFrameworks/CollectionViewCore.framework/Versions/A/CollectionViewCore
0x0000000198819000 	/System/Library/PrivateFrameworks/RemoteViewServices.framework/Versions/A/RemoteViewServices
0x000000018f213000 	/System/Library/PrivateFrameworks/XCTTargetBootstrap.framework/Versions/A/XCTTargetBootstrap
0x0000000193c73000 	/System/Library/PrivateFrameworks/InternationalSupport.framework/Versions/A/InternationalSupport
0x0000000193cd2000 	/System/Library/PrivateFrameworks/UserActivity.framework/Versions/A/UserActivity
0x0000000257f8b000 	/System/Library/PrivateFrameworks/UIIntelligenceSupport.framework/Versions/A/UIIntelligenceSupport
0x0000000222ad0000 	/System/Library/Frameworks/SwiftUICore.framework/Versions/A/SwiftUICore
0x000000025cf3c000 	/System/Library/PrivateFrameworks/WritingTools.framework/Versions/A/WritingTools
0x000000025bf8f000 	/System/Library/PrivateFrameworks/WindowManagement.framework/Versions/A/WindowManagement
0x0000000184863000 	/System/Library/Frameworks/SystemConfiguration.framework/Versions/A/SystemConfiguration
0x00000001930bc000 	/usr/lib/libspindump.dylib
0x0000000188bbe000 	/System/Library/Frameworks/UniformTypeIdentifiers.framework/Versions/A/UniformTypeIdentifiers
0x000000019098b000 	/usr/lib/libbsm.0.dylib
0x000000018ccd5000 	/usr/lib/libapp_launch_measurement.dylib
0x000000018c0d1000 	/System/Library/PrivateFrameworks/CoreAnalytics.framework/Versions/A/CoreAnalytics
0x000000018ccd9000 	/System/Library/PrivateFrameworks/CoreAutoLayout.framework/Versions/A/CoreAutoLayout
0x000000018e85c000 	/System/Library/Frameworks/Metal.framework/Versions/A/Metal
0x000000018fa5a000 	/usr/lib/liblangid.dylib
0x000000018f219000 	/System/Library/PrivateFrameworks/CoreSVG.framework/Versions/A/CoreSVG
0x00000001895df000 	/System/Library/PrivateFrameworks/SkyLight.framework/Versions/A/SkyLight
0x0000000189b0c000 	/System/Library/Frameworks/CoreGraphics.framework/Versions/A/CoreGraphics
0x0000000198ef2000 	/System/Library/Frameworks/Accelerate.framework/Versions/A/Accelerate
0x0000000192eee000 	/System/Library/PrivateFrameworks/IconServices.framework/Versions/A/IconServices
0x000000018e839000 	/System/Library/Frameworks/IOSurface.framework/Versions/A/IOSurface
0x000000018c103000 	/usr/lib/libDiagnosticMessagesClient.dylib
0x00000001914d1000 	/usr/lib/libz.1.dylib
0x000000019cd7e000 	/System/Library/Frameworks/ApplicationServices.framework/Versions/A/ApplicationServices
0x000000018f1fe000 	/System/Library/PrivateFrameworks/DFRFoundation.framework/Versions/A/DFRFoundation
0x0000000186e39000 	/usr/lib/libicucore.A.dylib
0x0000000194dec000 	/System/Library/Frameworks/AudioToolbox.framework/Versions/A/AudioToolbox
0x0000000193c83000 	/System/Library/PrivateFrameworks/DataDetectorsCore.framework/Versions/A/DataDetectorsCore
0x00000001af319000 	/System/Library/PrivateFrameworks/TextInput.framework/Versions/A/TextInput
0x000000018952b000 	/usr/lib/libMobileGestalt.dylib
0x000000018eef6000 	/System/Library/Frameworks/Carbon.framework/Versions/A/Frameworks/HIToolbox.framework/Versions/A/HIToolbox
0x000000018c5d4000 	/System/Library/Frameworks/QuartzCore.framework/Versions/A/QuartzCore
0x0000000186a42000 	/System/Library/Frameworks/Security.framework/Versions/A/Security
0x0000000198854000 	/System/Library/Frameworks/Carbon.framework/Versions/A/Frameworks/SpeechRecognition.framework/Versions/A/SpeechRecognition
0x000000018c9ee000 	/System/Library/PrivateFrameworks/CoreUI.framework/Versions/A/CoreUI
0x00000001862f6000 	/System/Library/Frameworks/CoreAudio.framework/Versions/A/CoreAudio
0x000000018c1ef000 	/System/Library/Frameworks/DiskArbitration.framework/Versions/A/DiskArbitration
0x000000019352f000 	/System/Library/PrivateFrameworks/MultitouchSupport.framework/Versions/A/MultitouchSupport
0x0000000189529000 	/usr/lib/libenergytrace.dylib
0x00000001a3d01000 	/System/Library/PrivateFrameworks/RenderBox.framework/Versions/A/RenderBox
0x000000018747f000 	/System/Library/Frameworks/IOKit.framework/Versions/A/IOKit
0x0000000198c48000 	/System/Library/Frameworks/CoreServices.framework/Versions/A/CoreServices
0x000000018cc66000 	/System/Library/PrivateFrameworks/PerformanceAnalysis.framework/Versions/A/PerformanceAnalysis
0x00000001e0889000 	/System/Library/Frameworks/OpenGL.framework/Versions/A/OpenGL
0x000000018cd23000 	/usr/lib/libxml2.2.dylib
0x0000000190870000 	/System/Library/PrivateFrameworks/MobileKeyBag.framework/Versions/A/MobileKeyBag
0x00000001835d4000 	/usr/lib/libobjc.A.dylib
0x00000001838c1000 	/usr/lib/libc++.1.dylib
0x0000000198bc8000 	/System/Library/Frameworks/Accessibility.framework/Versions/A/Accessibility
0x000000018a22b000 	/System/Library/Frameworks/ColorSync.framework/Versions/A/ColorSync
0x0000000183a17000 	/System/Library/Frameworks/CoreFoundation.framework/Versions/A/CoreFoundation
0x000000018f5d7000 	/System/Library/Frameworks/CoreImage.framework/Versions/A/CoreImage
0x00000001860e6000 	/System/Library/Frameworks/CoreText.framework/Versions/A/CoreText
0x00000001e1df0000 	/System/Library/Frameworks/CoreTransferable.framework/Versions/A/CoreTransferable
0x00000001e238f000 	/System/Library/Frameworks/DeveloperToolsSupport.framework/Versions/A/DeveloperToolsSupport
0x000000018f255000 	/System/Library/Frameworks/ImageIO.framework/Versions/A/ImageIO
0x00000002236ea000 	/System/Library/Frameworks/Symbols.framework/Versions/A/Symbols
0x0000000191592000 	/System/Library/PrivateFrameworks/SoftLinking.framework/Versions/A/SoftLinking
0x00000001c118e000 	/usr/lib/swift/libswiftAccelerate.dylib
0x000000019474d000 	/usr/lib/swift/libswiftCore.dylib
0x00000001aba9a000 	/usr/lib/swift/libswiftCoreFoundation.dylib
0x00000001abaf7000 	/usr/lib/swift/libswiftCoreImage.dylib
0x00000001a9246000 	/usr/lib/swift/libswiftDarwin.dylib
0x000000019a702000 	/usr/lib/swift/libswiftDispatch.dylib
0x00000001abaf8000 	/usr/lib/swift/libswiftIOKit.dylib
0x00000001b8325000 	/usr/lib/swift/libswiftMetal.dylib
0x00000001c6623000 	/usr/lib/swift/libswiftOSLog.dylib
0x000000019d2e9000 	/usr/lib/swift/libswiftObjectiveC.dylib
0x0000000264124000 	/usr/lib/swift/libswiftObservation.dylib
0x00000001bcc50000 	/usr/lib/swift/libswiftQuartzCore.dylib
0x00000001c117f000 	/usr/lib/swift/libswiftUniformTypeIdentifiers.dylib
0x00000001abaac000 	/usr/lib/swift/libswiftXPC.dylib
0x000000026421a000 	/usr/lib/swift/libswift_Builtin_float.dylib
0x000000026421f000 	/usr/lib/swift/libswift_Concurrency.dylib
0x0000000264387000 	/usr/lib/swift/libswift_StringProcessing.dylib
0x000000026443a000 	/usr/lib/swift/libswift_errno.dylib
0x000000026443c000 	/usr/lib/swift/libswift_math.dylib
0x000000026443f000 	/usr/lib/swift/libswift_signal.dylib
0x0000000264440000 	/usr/lib/swift/libswift_stdio.dylib
0x0000000264441000 	/usr/lib/swift/libswift_time.dylib
0x000000019d2ed000 	/usr/lib/swift/libswiftos.dylib
0x00000001af270000 	/usr/lib/swift/libswiftsimd.dylib
0x0000000264442000 	/usr/lib/swift/libswiftsys_time.dylib
0x0000000264443000 	/usr/lib/swift/libswiftunistd.dylib
0x000000019173e000 	/usr/lib/libcompression.dylib
0x0000000193bcb000 	/System/Library/PrivateFrameworks/TextureIO.framework/Versions/A/TextureIO
0x0000000192b7f000 	/usr/lib/libate.dylib
0x0000000191587000 	/usr/lib/system/libcache.dylib
0x0000000191540000 	/usr/lib/system/libcommonCrypto.dylib
0x000000019156d000 	/usr/lib/system/libcompiler_rt.dylib
0x0000000191562000 	/usr/lib/system/libcopyfile.dylib
0x0000000183713000 	/usr/lib/system/libcorecrypto.dylib
0x00000001837f5000 	/usr/lib/system/libdispatch.dylib
0x00000001839b2000 	/usr/lib/system/libdyld.dylib
0x000000019157d000 	/usr/lib/system/libkeymgr.dylib
0x000000019151f000 	/usr/lib/system/libmacho.dylib
0x0000000190964000 	/usr/lib/system/libquarantine.dylib
0x000000019157a000 	/usr/lib/system/libremovefile.dylib
0x00000001895a4000 	/usr/lib/system/libsystem_asl.dylib
0x00000001836a8000 	/usr/lib/system/libsystem_blocks.dylib
0x000000018383f000 	/usr/lib/system/libsystem_c.dylib
0x0000000191571000 	/usr/lib/system/libsystem_collections.dylib
0x000000018fa47000 	/usr/lib/system/libsystem_configuration.dylib
0x000000018e80a000 	/usr/lib/system/libsystem_containermanager.dylib
0x0000000191073000 	/usr/lib/system/libsystem_coreservices.dylib
0x00000001870fd000 	/usr/lib/system/libsystem_darwin.dylib
0x0000000264586000 	/usr/lib/system/libsystem_darwindirectory.dylib
0x000000019157e000 	/usr/lib/system/libsystem_dnssd.dylib
0x000000026458a000 	/usr/lib/system/libsystem_eligibility.dylib
0x000000018383c000 	/usr/lib/system/libsystem_featureflags.dylib
0x00000001839e7000 	/usr/lib/system/libsystem_info.dylib
0x00000001914e0000 	/usr/lib/system/libsystem_m.dylib
0x00000001837b3000 	/usr/lib/system/libsystem_malloc.dylib
0x000000018950e000 	/usr/lib/system/libsystem_networkextension.dylib
0x0000000187560000 	/usr/lib/system/libsystem_notify.dylib
0x000000018fa4c000 	/usr/lib/system/libsystem_sandbox.dylib
0x0000000264591000 	/usr/lib/system/libsystem_sanitizers.dylib
0x0000000191576000 	/usr/lib/system/libsystem_secinit.dylib
0x000000018396a000 	/usr/lib/system/libsystem_kernel.dylib
0x00000001839df000 	/usr/lib/system/libsystem_platform.dylib
0x00000001839a5000 	/usr/lib/system/libsystem_pthread.dylib
0x000000018b0ad000 	/usr/lib/system/libsystem_symptoms.dylib
0x00000001836f7000 	/usr/lib/system/libsystem_trace.dylib
0x000000019154e000 	/usr/lib/system/libunwind.dylib
0x00000001836ac000 	/usr/lib/system/libxpc.dylib
0x000000018394f000 	/usr/lib/libc++abi.dylib
0x000000019155a000 	/usr/lib/liboah.dylib
0x00000001873fe000 	/System/Library/PrivateFrameworks/CoreServicesInternal.framework/Versions/A/CoreServicesInternal
0x000000019158f000 	/usr/lib/libfakelink.dylib
0x000000019c82f000 	/System/Library/PrivateFrameworks/DiskImages.framework/Versions/A/DiskImages
0x00000001a8d73000 	/System/Library/Frameworks/NetFS.framework/Versions/A/NetFS
0x0000000189145000 	/System/Library/Frameworks/CFNetwork.framework/Versions/A/CFNetwork
0x000000018cc9d000 	/System/Library/Frameworks/CoreServices.framework/Versions/A/Frameworks/FSEvents.framework/Versions/A/FSEvents
0x0000000187108000 	/System/Library/Frameworks/CoreServices.framework/Versions/A/Frameworks/CarbonCore.framework/Versions/A/CarbonCore
0x000000018c165000 	/System/Library/Frameworks/CoreServices.framework/Versions/A/Frameworks/Metadata.framework/Versions/A/Metadata
0x000000019107a000 	/System/Library/Frameworks/CoreServices.framework/Versions/A/Frameworks/OSServices.framework/Versions/A/OSServices
0x000000019166d000 	/System/Library/Frameworks/CoreServices.framework/Versions/A/Frameworks/SearchKit.framework/Versions/A/SearchKit
0x000000018b027000 	/System/Library/Frameworks/CoreServices.framework/Versions/A/Frameworks/AE.framework/Versions/A/AE
0x0000000183f0c000 	/System/Library/Frameworks/CoreServices.framework/Versions/A/Frameworks/LaunchServices.framework/Versions/A/LaunchServices
0x00000001929d1000 	/System/Library/Frameworks/CoreServices.framework/Versions/A/Frameworks/DictionaryServices.framework/Versions/A/DictionaryServices
0x000000018ccab000 	/System/Library/Frameworks/CoreServices.framework/Versions/A/Frameworks/SharedFileList.framework/Versions/A/SharedFileList
0x0000000191708000 	/usr/lib/libapple_nghttp2.dylib
0x000000018ac8f000 	/usr/lib/libsqlite3.dylib
0x0000000195458000 	/System/Library/Frameworks/GSS.framework/Versions/A/GSS
0x000000018afc0000 	/System/Library/PrivateFrameworks/RunningBoardServices.framework/Versions/A/RunningBoardServices
0x000000018b0b6000 	/System/Library/Frameworks/Network.framework/Versions/A/Network
0x0000000191523000 	/usr/lib/system/libkxld.dylib
0x0000000263558000 	/usr/lib/libCoreEntitlements.dylib
0x0000000241d4c000 	/System/Library/PrivateFrameworks/MessageSecurity.framework/Versions/A/MessageSecurity
0x000000018ac75000 	/System/Library/PrivateFrameworks/ProtocolBuffer.framework/Versions/A/ProtocolBuffer
0x000000019105b000 	/System/Library/PrivateFrameworks/AppleFSCompression.framework/Versions/A/AppleFSCompression
0x0000000190973000 	/usr/lib/libcoretls.dylib
0x0000000192a48000 	/usr/lib/libcoretls_cfhelpers.dylib
0x0000000191738000 	/usr/lib/libpam.2.dylib
0x0000000192abb000 	/usr/lib/libxar.1.dylib
0x00000001915e4000 	/usr/lib/libarchive.2.dylib
0x0000000196b49000 	/System/Library/Frameworks/Combine.framework/Versions/A/Combine
0x000000022c72b000 	/System/Library/PrivateFrameworks/CollectionsInternal.framework/Versions/A/CollectionsInternal
0x0000000249c4f000 	/System/Library/PrivateFrameworks/ReflectionInternal.framework/Versions/A/ReflectionInternal
0x000000024a8e7000 	/System/Library/PrivateFrameworks/RuntimeInternal.framework/Versions/A/RuntimeInternal
0x00000002641a1000 	/usr/lib/swift/libswiftSystem.dylib
0x000000018fa55000 	/System/Library/PrivateFrameworks/AppleSystemInfo.framework/Versions/A/AppleSystemInfo
0x00000001ab98d000 	/System/Library/PrivateFrameworks/LoggingSupport.framework/Versions/A/LoggingSupport
0x000000018cead000 	/System/Library/PrivateFrameworks/UserManagement.framework/Versions/A/UserManagement
0x000000018907a000 	/usr/lib/libboringssl.dylib
0x000000018b09c000 	/usr/lib/libdns_services.dylib
0x00000001aab7c000 	/usr/lib/libquic.dylib
0x00000001946dd000 	/usr/lib/libusrtcp.dylib
0x00000001cdcac000 	/System/Library/PrivateFrameworks/InternalSwiftProtobuf.framework/Versions/A/InternalSwiftProtobuf
0x00000002640ec000 	/usr/lib/swift/libswiftDistributed.dylib
0x0000000189144000 	/usr/lib/libnetwork.dylib
0x00000001916e2000 	/System/Library/PrivateFrameworks/AppleSauce.framework/Versions/A/AppleSauce
0x0000000184700000 	/System/Library/PrivateFrameworks/Lexicon.framework/Versions/A/Lexicon
0x000000023bb6d000 	/System/Library/PrivateFrameworks/IO80211.framework/Versions/A/IO80211
0x000000019a9a1000 	/System/Library/PrivateFrameworks/FrontBoardServices.framework/Versions/A/FrontBoardServices
0x000000019089b000 	/System/Library/Frameworks/SecurityFoundation.framework/Versions/A/SecurityFoundation
0x000000018fb7c000 	/System/Library/PrivateFrameworks/LinguisticData.framework/Versions/A/LinguisticData
0x000000019066f000 	/System/Library/PrivateFrameworks/IOMobileFramebuffer.framework/Versions/A/IOMobileFramebuffer
0x000000018aedb000 	/System/Library/PrivateFrameworks/BaseBoard.framework/Versions/A/BaseBoard
0x000000019aa6d000 	/System/Library/PrivateFrameworks/BoardServices.framework/Versions/A/BoardServices
0x000000019088d000 	/System/Library/PrivateFrameworks/AssertionServices.framework/Versions/A/AssertionServices
0x000000019c66b000 	/System/Library/PrivateFrameworks/BackBoardServices.framework/Versions/A/BackBoardServices
0x000000018ec69000 	/System/Library/PrivateFrameworks/FontServices.framework/libFontParser.dylib
0x00000001895bd000 	/System/Library/PrivateFrameworks/TCC.framework/Versions/A/TCC
0x00000001a0110000 	/System/Library/PrivateFrameworks/IOSurfaceAccelerator.framework/Versions/A/IOSurfaceAccelerator
0x000000019352d000 	/System/Library/PrivateFrameworks/WatchdogClient.framework/Versions/A/WatchdogClient
0x0000000185c13000 	/System/Library/Frameworks/CoreDisplay.framework/Versions/A/CoreDisplay
0x000000018eafe000 	/System/Library/Frameworks/CoreMedia.framework/Versions/A/CoreMedia
0x000000018e852000 	/System/Library/PrivateFrameworks/IOAccelerator.framework/Versions/A/IOAccelerator
0x000000018ce0d000 	/System/Library/Frameworks/CoreVideo.framework/Versions/A/CoreVideo
0x0000000191736000 	/System/Library/Frameworks/MetalPerformanceShaders.framework/Versions/A/MetalPerformanceShaders
0x0000000249177000 	/System/Library/PrivateFrameworks/ProDisplayLibrary.framework/Versions/A/ProDisplayLibrary
0x0000000193574000 	/System/Library/Frameworks/VideoToolbox.framework/Versions/A/VideoToolbox
0x000000018fa53000 	/System/Library/PrivateFrameworks/AggregateDictionary.framework/Versions/A/AggregateDictionary
0x0000000192a4a000 	/System/Library/PrivateFrameworks/APFS.framework/Versions/A/APFS
0x0000000228eb4000 	/System/Library/PrivateFrameworks/AppleKeyStore.framework/Versions/A/AppleKeyStore
0x0000000192aca000 	/usr/lib/libutil.dylib
0x0000000192a29000 	/usr/lib/liblzma.5.dylib
0x000000018c1f8000 	/System/Library/Frameworks/Accelerate.framework/Versions/A/Frameworks/vImage.framework/Versions/A/vImage
0x0000000198c23000 	/System/Library/Frameworks/Accelerate.framework/Versions/A/Frameworks/vecLib.framework/Versions/A/vecLib
0x0000000192b02000 	/System/Library/Frameworks/Accelerate.framework/Versions/A/Frameworks/vecLib.framework/Versions/A/libvMisc.dylib
0x0000000184370000 	/System/Library/Frameworks/Accelerate.framework/Versions/A/Frameworks/vecLib.framework/Versions/A/libBLAS.dylib
0x0000000195034000 	/System/Library/Frameworks/ApplicationServices.framework/Versions/A/Frameworks/ATS.framework/Versions/A/ATS
0x000000018a3e3000 	/System/Library/Frameworks/ApplicationServices.framework/Versions/A/Frameworks/HIServices.framework/Versions/A/HIServices
0x0000000193b53000 	/System/Library/Frameworks/ApplicationServices.framework/Versions/A/Frameworks/PrintCore.framework/Versions/A/PrintCore
0x0000000195420000 	/System/Library/Frameworks/ApplicationServices.framework/Versions/A/Frameworks/QD.framework/Versions/A/QD
0x0000000195417000 	/System/Library/Frameworks/ApplicationServices.framework/Versions/A/Frameworks/ColorSyncLegacy.framework/Versions/A/ColorSyncLegacy
0x0000000195006000 	/System/Library/Frameworks/ApplicationServices.framework/Versions/A/Frameworks/SpeechSynthesis.framework/Versions/A/SpeechSynthesis
0x000000019063c000 	/System/Library/PrivateFrameworks/CoreEmoji.framework/Versions/A/CoreEmoji
0x00000002331ca000 	/System/Library/PrivateFrameworks/FontServices.framework/Versions/A/FontServices
0x0000000193066000 	/System/Library/PrivateFrameworks/OTSVG.framework/Versions/A/OTSVG
0x000000018c99c000 	/System/Library/Frameworks/ApplicationServices.framework/Versions/A/Frameworks/ATS.framework/Versions/A/Resources/libFontRegistry.dylib
0x00000001930b0000 	/System/Library/PrivateFrameworks/FontServices.framework/libhvf.dylib
0x00000002451da000 	/System/Library/PrivateFrameworks/ParsingInternal.framework/Versions/A/ParsingInternal
0x0000000264143000 	/usr/lib/swift/libswiftRegexBuilder.dylib
0x00000002642e0000 	/usr/lib/swift/libswift_RegexParser.dylib
0x00000001933f4000 	/System/Library/PrivateFrameworks/AppleJPEG.framework/Versions/A/AppleJPEG
0x0000000192e7b000 	/usr/lib/libexpat.1.dylib
0x0000000193a28000 	/System/Library/Frameworks/ImageIO.framework/Versions/A/Resources/libPng.dylib
0x0000000193a53000 	/System/Library/Frameworks/ImageIO.framework/Versions/A/Resources/libTIFF.dylib
0x0000000193b3e000 	/System/Library/Frameworks/ImageIO.framework/Versions/A/Resources/libGIF.dylib
0x000000019343a000 	/System/Library/Frameworks/ImageIO.framework/Versions/A/Resources/libJP2.dylib
0x0000000193ae4000 	/System/Library/Frameworks/ImageIO.framework/Versions/A/Resources/libJPEG.dylib
0x0000000193adb000 	/System/Library/Frameworks/ImageIO.framework/Versions/A/Resources/libRadiance.dylib
0x0000000237f92000 	/System/Library/PrivateFrameworks/GPUCompiler.framework/Versions/32023/Libraries/libllvm-flatbuffers.dylib
0x0000000233290000 	/System/Library/PrivateFrameworks/FramePacing.framework/Versions/A/FramePacing
0x00000001e087b000 	/System/Library/Frameworks/OpenGL.framework/Versions/A/Libraries/libCoreFSCache.dylib
0x0000000233e3b000 	/System/Library/PrivateFrameworks/GPUCompiler.framework/Versions/32023/Libraries/libGPUCompilerUtils.dylib
0x00000002331cb000 	/System/Library/PrivateFrameworks/FontServices.framework/libXTFontStaticRegistryData.dylib
0x000000019e426000 	/System/Library/PrivateFrameworks/ASEProcessing.framework/Versions/A/ASEProcessing
0x00000001c9db9000 	/System/Library/PrivateFrameworks/Symbolication.framework/Versions/A/Symbolication
0x000000024838d000 	/System/Library/PrivateFrameworks/PhotosensitivityProcessing.framework/Versions/A/PhotosensitivityProcessing
0x000000019305a000 	/System/Library/PrivateFrameworks/GraphVisualizer.framework/Versions/A/GraphVisualizer
0x00000001e08db000 	/System/Library/Frameworks/OpenGL.framework/Versions/A/Libraries/libGLU.dylib
0x00000001e089d000 	/System/Library/Frameworks/OpenGL.framework/Versions/A/Libraries/libGFXShared.dylib
0x00000001e0a6e000 	/System/Library/Frameworks/OpenGL.framework/Versions/A/Libraries/libGL.dylib
0x00000001e08a6000 	/System/Library/Frameworks/OpenGL.framework/Versions/A/Libraries/libGLImage.dylib
0x00000001e089a000 	/System/Library/Frameworks/OpenGL.framework/Versions/A/Libraries/libCVMSPluginSupport.dylib
0x00000002636fc000 	/usr/lib/libRosetta.dylib
0x00000001e0883000 	/System/Library/Frameworks/OpenGL.framework/Versions/A/Libraries/libCoreVMClient.dylib
0x000000018f995000 	/System/Library/Frameworks/MetalPerformanceShaders.framework/Versions/A/Frameworks/MPSCore.framework/Versions/A/MPSCore
0x0000000190fc7000 	/System/Library/Frameworks/MetalPerformanceShaders.framework/Versions/A/Frameworks/MPSImage.framework/Versions/A/MPSImage
0x0000000190a16000 	/System/Library/Frameworks/MetalPerformanceShaders.framework/Versions/A/Frameworks/MPSNeuralNetwork.framework/Versions/A/MPSNeuralNetwork
0x0000000190e4c000 	/System/Library/Frameworks/MetalPerformanceShaders.framework/Versions/A/Frameworks/MPSMatrix.framework/Versions/A/MPSMatrix
0x0000000190c64000 	/System/Library/Frameworks/MetalPerformanceShaders.framework/Versions/A/Frameworks/MPSRayIntersector.framework/Versions/A/MPSRayIntersector
0x0000000190e7e000 	/System/Library/Frameworks/MetalPerformanceShaders.framework/Versions/A/Frameworks/MPSNDArray.framework/Versions/A/MPSNDArray
0x00000001e4653000 	/System/Library/Frameworks/MetalPerformanceShaders.framework/Versions/A/Frameworks/MPSFunctions.framework/Versions/A/MPSFunctions
0x00000001e4637000 	/System/Library/Frameworks/MetalPerformanceShaders.framework/Versions/A/Frameworks/MPSBenchmarkLoop.framework/Versions/A/MPSBenchmarkLoop
0x00000001841f4000 	/System/Library/PrivateFrameworks/MetalTools.framework/Versions/A/MetalTools
0x00000001b05da000 	/System/Library/PrivateFrameworks/IOAccelMemoryInfo.framework/Versions/A/IOAccelMemoryInfo
0x00000001bd04c000 	/System/Library/PrivateFrameworks/kperf.framework/Versions/A/kperf
0x00000001aba71000 	/System/Library/PrivateFrameworks/GPURawCounter.framework/Versions/A/GPURawCounter
0x000000019aeb4000 	/System/Library/PrivateFrameworks/CoreSymbolication.framework/Versions/A/CoreSymbolication
0x00000001aba0b000 	/System/Library/PrivateFrameworks/MallocStackLogging.framework/Versions/A/MallocStackLogging
0x0000000192c19000 	/System/Library/PrivateFrameworks/CrashReporterSupport.framework/Versions/A/CrashReporterSupport
0x000000019ae6e000 	/System/Library/PrivateFrameworks/DebugSymbols.framework/Versions/A/DebugSymbols
0x00000001bc2e4000 	/System/Library/PrivateFrameworks/OSAnalytics.framework/Versions/A/OSAnalytics
0x0000000193b0f000 	/System/Library/Frameworks/ApplicationServices.framework/Versions/A/Frameworks/ATSUI.framework/Versions/A/ATSUI
0x00000001953aa000 	/usr/lib/libcups.2.dylib
0x0000000195446000 	/System/Library/Frameworks/Kerberos.framework/Versions/A/Kerberos
0x00000001950b3000 	/usr/lib/libresolv.9.dylib
0x00000001915c9000 	/usr/lib/libiconv.2.dylib
0x00000001930c3000 	/System/Library/PrivateFrameworks/Heimdal.framework/Versions/A/Heimdal
0x000000019d244000 	/System/Library/Frameworks/Kerberos.framework/Versions/A/Libraries/libHeimdalProxy.dylib
0x0000000192e96000 	/usr/lib/libheimdal-asn1.dylib
0x000000018cc70000 	/System/Library/Frameworks/OpenDirectory.framework/Versions/A/OpenDirectory
0x00000001954b3000 	/System/Library/PrivateFrameworks/CommonAuth.framework/Versions/A/CommonAuth
0x000000018cc7e000 	/System/Library/Frameworks/OpenDirectory.framework/Versions/A/Frameworks/CFOpenDirectory.framework/Versions/A/CFOpenDirectory
0x000000019151e000 	/usr/lib/libcharset.1.dylib
0x00000001e0e0e000 	/System/Library/Frameworks/AVFAudio.framework/Versions/A/AVFAudio
0x00000001a5bc7000 	/System/Library/PrivateFrameworks/AXCoreUtilities.framework/Versions/A/AXCoreUtilities
0x000000023e98c000 	/System/Library/PrivateFrameworks/IsolatedCoreAudioClient.framework/Versions/A/IsolatedCoreAudioClient
0x0000000194fed000 	/usr/lib/libAudioStatistics.dylib
0x000000018ead6000 	/System/Library/PrivateFrameworks/caulk.framework/Versions/A/caulk
0x0000000185d34000 	/System/Library/PrivateFrameworks/AudioToolboxCore.framework/Versions/A/AudioToolboxCore
0x000000019f4d0000 	/System/Library/Frameworks/CoreMIDI.framework/Versions/A/CoreMIDI
0x0000000194f90000 	/System/Library/PrivateFrameworks/AudioSession.framework/Versions/A/AudioSession
0x00000001968b9000 	/System/Library/Frameworks/IOBluetooth.framework/Versions/A/IOBluetooth
0x0000000192f80000 	/System/Library/PrivateFrameworks/MediaExperience.framework/Versions/A/MediaExperience
0x00000002561d8000 	/System/Library/PrivateFrameworks/Tightbeam.framework/Versions/A/Tightbeam
0x00000001c1852000 	/System/Library/PrivateFrameworks/AFKUser.framework/Versions/A/AFKUser
0x00000001930a6000 	/System/Library/PrivateFrameworks/AppServerSupport.framework/Versions/A/AppServerSupport
0x000000019542a000 	/System/Library/PrivateFrameworks/perfdata.framework/Versions/A/perfdata
0x00000001aac73000 	/System/Library/PrivateFrameworks/SystemPolicy.framework/Versions/A/SystemPolicy
0x00000001952c9000 	/usr/lib/libSMC.dylib
0x00000001939f2000 	/usr/lib/libAudioToolboxUtility.dylib
0x0000000195438000 	/usr/lib/libperfcheck.dylib
0x0000000229499000 	/System/Library/PrivateFrameworks/AudioAnalytics.framework/Versions/A/AudioAnalytics
0x00000001d4dde000 	/System/Library/PrivateFrameworks/FeatureFlags.framework/Versions/A/FeatureFlags
0x00000001cda78000 	/System/Library/Frameworks/OSLog.framework/Versions/A/OSLog
0x0000000191067000 	/usr/lib/libbz2.1.0.dylib
0x00000001aba3d000 	/usr/lib/libmis.dylib
0x0000000194da3000 	/System/Library/PrivateFrameworks/AudioSession.framework/libSessionUtility.dylib
0x0000000193b44000 	/System/Library/PrivateFrameworks/CMCaptureCore.framework/Versions/A/CMCaptureCore
0x00000001e24de000 	/System/Library/Frameworks/ExtensionFoundation.framework/Versions/A/ExtensionFoundation
0x000000019afc8000 	/System/Library/PrivateFrameworks/CoreTime.framework/Versions/A/CoreTime
0x0000000192d78000 	/System/Library/PrivateFrameworks/PlugInKit.framework/Versions/A/PlugInKit
0x0000000199bfd000 	/System/Library/PrivateFrameworks/PowerLog.framework/Versions/A/PowerLog
0x0000000199b0c000 	/System/Library/Frameworks/CoreBluetooth.framework/Versions/A/CoreBluetooth
0x000000019d245000 	/System/Library/Frameworks/AudioUnit.framework/Versions/A/AudioUnit
0x00000001906ff000 	/System/Library/PrivateFrameworks/CoreUtils.framework/Versions/A/CoreUtils
0x0000000230092000 	/System/Library/PrivateFrameworks/CoreUtilsExtras.framework/Versions/A/CoreUtilsExtras
0x0000000198f41000 	/System/Library/Frameworks/MediaAccessibility.framework/Versions/A/MediaAccessibility
0x00000001b3e91000 	/System/Library/PrivateFrameworks/AttributeGraph.framework/Versions/A/AttributeGraph
0x000000026339c000 	/usr/lib/libAXSafeCategoryBundle.dylib
0x00000001a5c84000 	/usr/lib/libAccessibility.dylib
0x0000000190549000 	/System/Library/Frameworks/Accelerate.framework/Versions/A/Frameworks/vecLib.framework/Versions/A/libvDSP.dylib
0x0000000191814000 	/System/Library/Frameworks/Accelerate.framework/Versions/A/Frameworks/vecLib.framework/Versions/A/libLAPACK.dylib
0x0000000190a01000 	/System/Library/Frameworks/Accelerate.framework/Versions/A/Frameworks/vecLib.framework/Versions/A/libLinearAlgebra.dylib
0x0000000191723000 	/System/Library/Frameworks/Accelerate.framework/Versions/A/Frameworks/vecLib.framework/Versions/A/libSparseBLAS.dylib
0x000000019180f000 	/System/Library/Frameworks/Accelerate.framework/Versions/A/Frameworks/vecLib.framework/Versions/A/libQuadrature.dylib
0x000000018fb83000 	/System/Library/Frameworks/Accelerate.framework/Versions/A/Frameworks/vecLib.framework/Versions/A/libBNNS.dylib
0x0000000184802000 	/System/Library/Frameworks/Accelerate.framework/Versions/A/Frameworks/vecLib.framework/Versions/A/libSparse.dylib
0x000000023feef000 	/System/Library/PrivateFrameworks/MIL.framework/Versions/A/MIL
0x0000000193ad6000 	/System/Library/PrivateFrameworks/GPUWrangler.framework/Versions/A/GPUWrangler
0x0000000193ab6000 	/System/Library/PrivateFrameworks/IOPresentment.framework/Versions/A/IOPresentment
0x0000000193ade000 	/System/Library/PrivateFrameworks/DSExternalDisplay.framework/Versions/A/DSExternalDisplay
0x00000001cde85000 	/System/Library/PrivateFrameworks/HIDDisplay.framework/Versions/A/HIDDisplay
0x00000001a4998000 	/System/Library/PrivateFrameworks/HID.framework/Versions/A/HID
0x00000002599fa000 	/System/Library/PrivateFrameworks/VideoToolboxParavirtualizationSupport.framework/Versions/A/VideoToolboxParavirtualizationSupport
0x0000000192e31000 	/System/Library/PrivateFrameworks/AppleVA.framework/Versions/A/AppleVA
0x000000019ab17000 	/System/Library/PrivateFrameworks/GraphicsServices.framework/Versions/A/GraphicsServices
0x0000000195620000 	/System/Library/PrivateFrameworks/CorePhoneNumbers.framework/Versions/A/CorePhoneNumbers
0x0000000199ced000 	/System/Library/PrivateFrameworks/MediaKit.framework/Versions/A/MediaKit
0x0000000199c38000 	/System/Library/Frameworks/DiscRecording.framework/Versions/A/DiscRecording
0x000000019540a000 	/System/Library/PrivateFrameworks/NetAuth.framework/Versions/A/NetAuth
0x000000018ce6e000 	/System/Library/PrivateFrameworks/login.framework/Versions/A/Frameworks/loginsupport.framework/Versions/A/loginsupport
0x0000000192ea1000 	/System/Library/PrivateFrameworks/IconFoundation.framework/Versions/A/IconFoundation
0x0000000192c10000 	/usr/lib/libIOReport.dylib
0x00000002290b4000 	/System/Library/PrivateFrameworks/AppleMobileFileIntegrity.framework/Versions/A/AppleMobileFileIntegrity
0x0000000263742000 	/usr/lib/libTLE.dylib
0x00000001dd7e9000 	/System/Library/PrivateFrameworks/ConfigProfileHelper.framework/Versions/A/ConfigProfileHelper
0x000000019099d000 	/usr/lib/libmecab.dylib
0x00000001848f7000 	/usr/lib/libCRFSuite.dylib
0x000000018fa5c000 	/System/Library/PrivateFrameworks/CoreNLP.framework/Versions/A/CoreNLP
0x00000001909fe000 	/usr/lib/libgermantok.dylib
0x00000001916d9000 	/usr/lib/libThaiTokenizer.dylib
0x0000000190967000 	/usr/lib/libCheckFix.dylib
0x000000018c105000 	/System/Library/PrivateFrameworks/MetadataUtilities.framework/Versions/A/MetadataUtilities
0x000000023bdb6000 	/System/Library/PrivateFrameworks/InstalledContentLibrary.framework/Versions/A/InstalledContentLibrary
0x000000018743e000 	/System/Library/PrivateFrameworks/CoreServicesStore.framework/Versions/A/CoreServicesStore
0x00000001bd158000 	/System/Library/PrivateFrameworks/MobileSystemServices.framework/Versions/A/MobileSystemServices
0x0000000192ace000 	/usr/lib/libxslt.1.dylib
0x0000000190929000 	/System/Library/PrivateFrameworks/BackgroundTaskManagement.framework/Versions/A/BackgroundTaskManagement
0x000000019c9f1000 	/usr/lib/libcurl.4.dylib
0x000000026397b000 	/usr/lib/libcrypto.46.dylib
0x0000000263ec8000 	/usr/lib/libssl.48.dylib
0x000000019c6c5000 	/System/Library/Frameworks/LDAP.framework/Versions/A/LDAP
0x000000019c701000 	/System/Library/PrivateFrameworks/TrustEvaluationAgent.framework/Versions/A/TrustEvaluationAgent
0x00000001950cc000 	/usr/lib/libsasl2.2.dylib
0x00000001a9245000 	/usr/lib/swift/libswiftCoreGraphics.dylib
0x000000019957b000 	/usr/lib/swift/libswiftFoundation.dylib
0x00000001dd2a0000 	/usr/lib/swift/libswiftSwiftOnoneSupport.dylib
0x00000001ca54e000 	/System/Library/PrivateFrameworks/CoreMaterial.framework/Versions/A/CoreMaterial
0x000000024a9da000 	/System/Library/PrivateFrameworks/SFSymbols.framework/Versions/A/SFSymbols
0x0000000198841000 	/System/Library/PrivateFrameworks/SpeechRecognitionCore.framework/Versions/A/SpeechRecognitionCore
0x00000001059e8000 	/opt/homebrew/Cellar/openjdk@11/11.0.25/libexec/openjdk.jdk/Contents/Home/lib/server/libjvm.dylib
0x0000000104cf8000 	/opt/homebrew/Cellar/openjdk@11/11.0.25/libexec/openjdk.jdk/Contents/Home/lib/libverify.dylib
0x0000000104d48000 	/opt/homebrew/Cellar/openjdk@11/11.0.25/libexec/openjdk.jdk/Contents/Home/lib/libjava.dylib
0x0000000104d10000 	/opt/homebrew/Cellar/openjdk@11/11.0.25/libexec/openjdk.jdk/Contents/Home/lib/libjimage.dylib
0x0000000104dd8000 	/opt/homebrew/Cellar/openjdk@11/11.0.25/libexec/openjdk.jdk/Contents/Home/lib/libinstrument.dylib
0x0000000104e4c000 	/opt/homebrew/Cellar/openjdk@11/11.0.25/libexec/openjdk.jdk/Contents/Home/lib/libzip.dylib
0x0000000105988000 	/opt/homebrew/Cellar/openjdk@11/11.0.25/libexec/openjdk.jdk/Contents/Home/lib/libnio.dylib
0x0000000117170000 	/opt/homebrew/Cellar/openjdk@11/11.0.25/libexec/openjdk.jdk/Contents/Home/lib/libnet.dylib
0x0000000105968000 	/opt/homebrew/Cellar/openjdk@11/11.0.25/libexec/openjdk.jdk/Contents/Home/lib/libmanagement.dylib
0x00000001059a8000 	/opt/homebrew/Cellar/openjdk@11/11.0.25/libexec/openjdk.jdk/Contents/Home/lib/libmanagement_ext.dylib
0x00000001059bc000 	/opt/homebrew/Cellar/openjdk@11/11.0.25/libexec/openjdk.jdk/Contents/Home/lib/libextnet.dylib
0x00000001171c4000 	/opt/homebrew/Cellar/openjdk@11/11.0.25/libexec/openjdk.jdk/Contents/Home/lib/libsunec.dylib


VM Arguments:
jvm_args: -javaagent:/Users/zch/software/skywalking-agent/skywalking-agent.jar -Dskywalking.agent.service_name=anynote-admin -Dskywalking.collector.backend_service=127.0.0.1:11800 -XX:TieredStopAtLevel=1 -Xverify:none -Dspring.output.ansi.enabled=always -Dcom.sun.management.jmxremote -Dspring.jmx.enabled=true -Dspring.liveBeansView.mbeanDomain -Dspring.application.admin.enabled=true -Dmanagement.endpoints.jmx.exposure.include=* -javaagent:/Applications/IntelliJ IDEA.app/Contents/lib/idea_rt.jar=58205:/Applications/IntelliJ IDEA.app/Contents/bin -Dfile.encoding=UTF-8 
java_command: com.anynote.admin.AnyNoteAdminApplication
java_class_path (initial): /Users/zch/code/anynote/Anynote-Cloud/anynote-admin/target/classes:/Users/zch/.m2/repository/org/springframework/boot/spring-boot-starter-web/2.7.7/spring-boot-starter-web-2.7.7.jar:/Users/zch/.m2/repository/org/springframework/boot/spring-boot-starter/2.7.7/spring-boot-starter-2.7.7.jar:/Users/zch/.m2/repository/org/springframework/boot/spring-boot/2.7.7/spring-boot-2.7.7.jar:/Users/zch/.m2/repository/org/springframework/boot/spring-boot-autoconfigure/2.7.7/spring-boot-autoconfigure-2.7.7.jar:/Users/zch/.m2/repository/org/springframework/boot/spring-boot-starter-logging/2.7.7/spring-boot-starter-logging-2.7.7.jar:/Users/zch/.m2/repository/ch/qos/logback/logback-classic/1.2.11/logback-classic-1.2.11.jar:/Users/zch/.m2/repository/ch/qos/logback/logback-core/1.2.11/logback-core-1.2.11.jar:/Users/zch/.m2/repository/org/slf4j/slf4j-api/1.7.36/slf4j-api-1.7.36.jar:/Users/zch/.m2/repository/org/apache/logging/log4j/log4j-to-slf4j/2.17.2/log4j-to-slf4j-2.17.2.jar:/Users/zch/.m2/repository/org/apache/logging/log4j/log4j-api/2.17.2/log4j-api-2.17.2.jar:/Users/zch/.m2/repository/org/slf4j/jul-to-slf4j/1.7.36/jul-to-slf4j-1.7.36.jar:/Users/zch/.m2/repository/jakarta/annotation/jakarta.annotation-api/1.3.5/jakarta.annotation-api-1.3.5.jar:/Users/zch/.m2/repository/org/springframework/spring-core/5.3.24/spring-core-5.3.24.jar:/Users/zch/.m2/repository/org/springframework/spring-jcl/5.3.24/spring-jcl-5.3.24.jar:/Users/zch/.m2/repository/org/yaml/snakeyaml/1.30/snakeyaml-1.30.jar:/Users/zch/.m2/repository/org/springframework/boot/spring-boot-starter-json/2.7.7/spring-boot-starter-json-2.7.7.jar:/Users/zch/.m2/repository/com/fasterxml/jackson/core/jackson-databind/2.13.4.2/jackson-databind-2.13.4.2.jar:/Users/zch/.m2/repository/com/fasterxml/jackson/core/jackson-annotations/2.13.4/jackson-annotations-2.13.4.jar:/Users/zch/.m2/repository/com/fasterxml/jackson/datatype/jackson-datatype-jdk8/2.13.4/jackson-datatype-jdk8-2.13.4.jar:/Users/zch/.m2/repository
Launcher Type: SUN_STANDARD

[Global flags]
     bool BytecodeVerificationLocal                = false                                     {product} {command line}
     bool BytecodeVerificationRemote               = false                                     {product} {command line}
     intx CICompilerCount                          = 4                                         {product} {ergonomic}
     uint ConcGCThreads                            = 2                                         {product} {ergonomic}
     uint G1ConcRefinementThreads                  = 8                                         {product} {ergonomic}
   size_t G1HeapRegionSize                         = 1048576                                   {product} {ergonomic}
    uintx GCDrainStackTargetSize                   = 64                                        {product} {ergonomic}
   size_t InitialHeapSize                          = 402653184                                 {product} {ergonomic}
     bool ManagementServer                         = true                                      {product} {command line}
   size_t MarkStackSize                            = 4194304                                   {product} {ergonomic}
   size_t MaxHeapSize                              = 6442450944                                {product} {ergonomic}
   size_t MaxNewSize                               = 3865051136                                {product} {ergonomic}
   size_t MinHeapDeltaBytes                        = 1048576                                   {product} {ergonomic}
    uintx NonNMethodCodeHeapSize                   = 7549744                                {pd product} {ergonomic}
    uintx NonProfiledCodeHeapSize                  = 244108496                              {pd product} {ergonomic}
    uintx ProfiledCodeHeapSize                     = 0                                      {pd product} {ergonomic}
    uintx ReservedCodeCacheSize                    = 251658240                              {pd product} {ergonomic}
     bool SegmentedCodeCache                       = true                                      {product} {ergonomic}
     intx TieredStopAtLevel                        = 1                                         {product} {command line}
     bool UseCompressedClassPointers               = true                                 {lp64_product} {ergonomic}
     bool UseCompressedOops                        = true                                 {lp64_product} {ergonomic}
     bool UseG1GC                                  = true                                      {product} {ergonomic}

Logging:
Log output configuration:
 #0: stdout all=warning uptime,level,tags
 #1: stderr all=off uptime,level,tags

Environment Variables:
PATH=/Users/zch/.nvm/versions/node/v18.20.4/bin:/Users/zch/miniconda3/bin:/Users/zch/miniconda3/condabin:/Users/zch/software/apache-maven-3.9.9/bin:/opt/homebrew/bin:/opt/homebrew/sbin:/usr/local/bin:/System/Cryptexes/App/usr/bin:/usr/bin:/bin:/usr/sbin:/sbin:/var/run/com.apple.security.cryptexd/codex.system/bootstrap/usr/local/bin:/var/run/com.apple.security.cryptexd/codex.system/bootstrap/usr/bin:/var/run/com.apple.security.cryptexd/codex.system/bootstrap/usr/appleinternal/bin:/Library/Apple/usr/bin:/Users/zch/.cargo/bin:/Users/zch/.lmstudio/bin
SHELL=/bin/zsh
LC_CTYPE=zh_CN.UTF-8
TMPDIR=/var/folders/3k/c0jh496n44v4f8t5jhnw4c900000gn/T/

Signal Handlers:
SIGSEGV: [libjvm.dylib+0x701dd0], sa_mask[0]=11111111011111110111111111111111, sa_flags=SA_ONSTACK|SA_RESTART|SA_SIGINFO
SIGBUS: [libjvm.dylib+0x701dd0], sa_mask[0]=11111111011111110111111111111111, sa_flags=SA_RESTART|SA_SIGINFO
SIGFPE: [libjvm.dylib+0x701dd0], sa_mask[0]=11111111011111110111111111111111, sa_flags=SA_RESTART|SA_SIGINFO
SIGPIPE: [libjvm.dylib+0x56a09c], sa_mask[0]=11111111011111110111111111111111, sa_flags=SA_RESTART|SA_SIGINFO
SIGXFSZ: [libjvm.dylib+0x56a09c], sa_mask[0]=11111111011111110111111111111111, sa_flags=SA_RESTART|SA_SIGINFO
SIGILL: [libjvm.dylib+0x701dd0], sa_mask[0]=11111111011111110111111111111111, sa_flags=SA_RESTART|SA_SIGINFO
SIGUSR2: [libjvm.dylib+0x56a698], sa_mask[0]=00000000000000000000000000000000, sa_flags=SA_RESTART|SA_SIGINFO
SIGHUP: [libjvm.dylib+0x568e30], sa_mask[0]=11111111011111110111111111111111, sa_flags=SA_RESTART|SA_SIGINFO
SIGINT: [libjvm.dylib+0x568e30], sa_mask[0]=11111111011111110111111111111111, sa_flags=SA_RESTART|SA_SIGINFO
SIGTERM: [libjvm.dylib+0x568e30], sa_mask[0]=11111111011111110111111111111111, sa_flags=SA_RESTART|SA_SIGINFO
SIGQUIT: [libjvm.dylib+0x568e30], sa_mask[0]=11111111011111110111111111111111, sa_flags=SA_RESTART|SA_SIGINFO


---------------  S Y S T E M  ---------------

OS:uname:Darwin 24.3.0 Darwin Kernel Version 24.3.0: Thu Jan  2 20:24:23 PST 2025; root:xnu-11215.81.4~3/RELEASE_ARM64_T8122 arm64
OS uptime: 1 days 3:16 hours
rlimit (soft/hard): STACK 8176k/65520k , CORE 0k/infinity , NPROC 4000/6000 , NOFILE 10240/infinity , AS infinity/infinity , CPU infinity/infinity , DATA infinity/infinity , FSIZE infinity/infinity , MEMLOCK infinity/infinity , RSS infinity/infinity
load average:13.14 9.34 6.77

CPU:total 8 (initial active 8) 0x61:0x0:0xfa33415e:0, simd, crc, lse

Memory: 16k page, physical 25165824k(110080k free), swap 27262976k(891712k free)

vm_info: OpenJDK 64-Bit Server VM (11.0.25+0) for bsd-aarch64 JRE (11.0.25+0), built on Oct 15 2024 22:10:31 by "brew" with clang Homebrew Clang 19.1.1

END.
