#
# A fatal error has been detected by the Java Runtime Environment:
#
#  SIGSEGV (0xb) at pc=0x00000001019fd11c, pid=33597, tid=52995
#
# JRE version: OpenJDK Runtime Environment Homebrew (11.0.25) (build 11.0.25+0)
# Java VM: OpenJDK 64-Bit Server VM Homebrew (11.0.25+0, mixed mode, tiered, compressed oops, g1 gc, bsd-aarch64)
# Problematic frame:
# V  [libjvm.dylib+0x69511c]  ObjectSynchronizer::inflate(Thread*, oopDesc*, ObjectSynchronizer::InflateCause)+0x18c
#
# No core dump will be written. Core dumps have been disabled. To enable core dumping, try "ulimit -c unlimited" before starting Java again
#
# If you would like to submit a bug report, please visit:
#   https://github.com/Homebrew/homebrew-core/issues
#

---------------  S U M M A R Y ------------

Command Line: -javaagent:/Users/zch/software/skywalking-agent/skywalking-agent.jar -Dskywalking.agent.service_name=anynote-system -Dskywalking.collector.backend_service=127.0.0.1:11800 -XX:TieredStopAtLevel=1 -Xverify:none -Dspring.output.ansi.enabled=always -Dcom.sun.management.jmxremote -Dspring.jmx.enabled=true -Dspring.liveBeansView.mbeanDomain -Dspring.application.admin.enabled=true -Dmanagement.endpoints.jmx.exposure.include=* -javaagent:/Applications/IntelliJ IDEA.app/Contents/lib/idea_rt.jar=57829:/Applications/IntelliJ IDEA.app/Contents/bin -Dfile.encoding=UTF-8 com.anynote.system.AnyNoteSystemApplication

Host: Mac15,12 arm64 1 MHz, 8 cores, 24G, Darwin 24.3.0
Time: Thu Apr 10 16:51:05 2025 CST elapsed time: 21.430303 seconds (0d 0h 0m 21s)

---------------  T H R E A D  ---------------

Current thread (0x000000011f1b3000):  JavaThread "grpc-default-executor-0" daemon [_thread_in_Java, id=52995, stack(0x0000000308210000,0x0000000308413000)]

Stack: [0x0000000308210000,0x0000000308413000],  sp=0x000000030840c580,  free space=2033k
Native frames: (J=compiled Java code, A=aot compiled Java code, j=interpreted, Vv=VM code, C=native code)
V  [libjvm.dylib+0x69511c]  ObjectSynchronizer::inflate(Thread*, oopDesc*, ObjectSynchronizer::InflateCause)+0x18c
V  [libjvm.dylib+0x694f70]  ObjectSynchronizer::fast_exit(oopDesc*, BasicLock*, Thread*)+0x54
V  [libjvm.dylib+0x5e9130]  SharedRuntime::monitor_exit_helper(oopDesc*, BasicLock*, JavaThread*, bool)+0x44
V  [libjvm.dylib+0x12aa9c]  Runtime1::monitorexit(JavaThread*, BasicObjectLock*)+0x58
v  ~RuntimeStub::monitorexit_nofpu Runtime1 stub
C  0x0000000640af7900

Java frames: (J=compiled Java code, j=interpreted, Vv=VM code)
v  ~RuntimeStub::monitorexit_nofpu Runtime1 stub
J 1585 c1 jdk.internal.jimage.BasicImageReader.findLocation(Ljava/lang/String;Ljava/lang/String;)Ljdk/internal/jimage/ImageLocation; java.base@11.0.25 (115 bytes) @ 0x000000010b0d9090 [0x000000010b0d8c80+0x0000000000000410]
J 1583 c1 jdk.internal.module.SystemModuleFinders$SystemModuleReader.findImageLocation(Ljava/lang/String;)Ljdk/internal/jimage/ImageLocation; java.base@11.0.25 (42 bytes) @ 0x000000010b0d7f48 [0x000000010b0d7e80+0x00000000000000c8]
J 2540 c1 jdk.internal.module.SystemModuleFinders$SystemModuleReader.find(Ljava/lang/String;)Ljava/util/Optional; java.base@11.0.25 (54 bytes) @ 0x000000010b250d2c [0x000000010b250cc0+0x000000000000006c]
J 3375 c1 jdk.internal.loader.BuiltinClassLoader$2.run()Ljava/util/List; java.base@11.0.25 (114 bytes) @ 0x000000010b3c9bb0 [0x000000010b3c9a80+0x0000000000000130]
J 3493 c1 jdk.internal.loader.BuiltinClassLoader$2.run()Ljava/lang/Object; java.base@11.0.25 (5 bytes) @ 0x000000010b3ee418 [0x000000010b3ee3c0+0x0000000000000058]
v  ~StubRoutines::call_stub
J 3406  java.security.AccessController.doPrivileged(Ljava/security/PrivilegedExceptionAction;)Ljava/lang/Object; java.base@11.0.25 (0 bytes) @ 0x000000010b3d0a54 [0x000000010b3d09c0+0x0000000000000094]
J 3386 c1 jdk.internal.loader.BuiltinClassLoader.findMiscResource(Ljava/lang/String;)Ljava/util/List; java.base@11.0.25 (118 bytes) @ 0x000000010b3cc330 [0x000000010b3cc000+0x0000000000000330]
J 3029 c1 jdk.internal.loader.BuiltinClassLoader.findResource(Ljava/lang/String;)Ljava/net/URL; java.base@11.0.25 (154 bytes) @ 0x000000010b330414 [0x000000010b330240+0x00000000000001d4]
J 3024 c1 java.lang.ClassLoader.getResource(Ljava/lang/String;)Ljava/net/URL; java.base@11.0.25 (41 bytes) @ 0x000000010b32e94c [0x000000010b32e880+0x00000000000000cc]
J 3475 c1 java.lang.ClassLoader.getResourceAsStream(Ljava/lang/String;)Ljava/io/InputStream; java.base@11.0.25 (27 bytes) @ 0x000000010b3e9f70 [0x000000010b3e9f00+0x0000000000000070]
J 4672 c1 org.apache.skywalking.apm.dependencies.net.bytebuddy.dynamic.ClassFileLocator$ForClassLoader.locate(Ljava/lang/ClassLoader;Ljava/lang/String;)Lorg/apache/skywalking/apm/dependencies/net/bytebuddy/dynamic/ClassFileLocator$Resolution; (80 bytes) @ 0x000000010b5ab9fc [0x000000010b5ab880+0x000000000000017c]
J 2962 c1 org.apache.skywalking.apm.dependencies.net.bytebuddy.dynamic.ClassFileLocator$ForClassLoader.locate(Ljava/lang/String;)Lorg/apache/skywalking/apm/dependencies/net/bytebuddy/dynamic/ClassFileLocator$Resolution; (9 bytes) @ 0x000000010b316b20 [0x000000010b316ac0+0x0000000000000060]
J 4662 c1 org.apache.skywalking.apm.dependencies.net.bytebuddy.dynamic.ClassFileLocator$Compound.locate(Ljava/lang/String;)Lorg/apache/skywalking/apm/dependencies/net/bytebuddy/dynamic/ClassFileLocator$Resolution; (63 bytes) @ 0x000000010b5a902c [0x000000010b5a8f40+0x00000000000000ec]
J 4661 c1 org.apache.skywalking.apm.dependencies.net.bytebuddy.pool.TypePool$Default.doDescribe(Ljava/lang/String;)Lorg/apache/skywalking/apm/dependencies/net/bytebuddy/pool/TypePool$Resolution; (61 bytes) @ 0x000000010b5a8280 [0x000000010b5a8200+0x0000000000000080]
J 2612 c1 org.apache.skywalking.apm.dependencies.net.bytebuddy.pool.TypePool$Default$WithLazyResolution$LazyTypeDescription.delegate()Lorg/apache/skywalking/apm/dependencies/net/bytebuddy/description/type/TypeDescription; (66 bytes) @ 0x000000010b273058 [0x000000010b272f80+0x00000000000000d8]
J 2659 c1 org.apache.skywalking.apm.dependencies.net.bytebuddy.description.type.TypeDescription$AbstractBase$OfSimpleType$WithDelegation.getSuperClass()Lorg/apache/skywalking/apm/dependencies/net/bytebuddy/description/type/TypeDescription$Generic; (10 bytes) @ 0x000000010b287124 [0x000000010b2870c0+0x0000000000000064]
J 2668 c1 org.apache.skywalking.apm.dependencies.net.bytebuddy.description.type.TypeDescription$Generic$OfNonGenericType.getSuperClass()Lorg/apache/skywalking/apm/dependencies/net/bytebuddy/description/type/TypeDescription$Generic; (50 bytes) @ 0x000000010b28abfc [0x000000010b28ab80+0x000000000000007c]
J 2043 c1 org.apache.skywalking.apm.dependencies.net.bytebuddy.description.type.TypeDefinition$SuperClassIterator.next()Lorg/apache/skywalking/apm/dependencies/net/bytebuddy/description/type/TypeDefinition; (49 bytes) @ 0x000000010b18b790 [0x000000010b18b700+0x0000000000000090]
J 2042 c1 org.apache.skywalking.apm.dependencies.net.bytebuddy.description.type.TypeDefinition$SuperClassIterator.next()Ljava/lang/Object; (5 bytes) @ 0x000000010b18b318 [0x000000010b18b2c0+0x0000000000000058]
J 2067 c1 org.apache.skywalking.apm.dependencies.net.bytebuddy.matcher.HasSuperTypeMatcher.doMatch(Lorg/apache/skywalking/apm/dependencies/net/bytebuddy/description/type/TypeDescription;)Z (168 bytes) @ 0x000000010b193bd4 [0x000000010b193a80+0x0000000000000154]
J 2085 c1 org.apache.skywalking.apm.dependencies.net.bytebuddy.matcher.HasSuperTypeMatcher.doMatch(Ljava/lang/Object;)Z (9 bytes) @ 0x000000010b19a3e0 [0x000000010b19a340+0x00000000000000a0]
J 1836 c1 org.apache.skywalking.apm.dependencies.net.bytebuddy.matcher.ElementMatcher$Junction$ForNonNullValues.matches(Ljava/lang/Object;)Z (18 bytes) @ 0x000000010b13e6b0 [0x000000010b13e640+0x0000000000000070]
J 1994 c1 org.apache.skywalking.apm.dependencies.net.bytebuddy.matcher.ElementMatcher$Junction$Conjunction.matches(Ljava/lang/Object;)Z (46 bytes) @ 0x000000010b1790ec [0x000000010b179000+0x00000000000000ec]
J 2101 c1 org.apache.skywalking.apm.dependencies.net.bytebuddy.matcher.ElementMatcher$Junction$Disjunction.matches(Ljava/lang/Object;)Z (46 bytes) @ 0x000000010b19f0ec [0x000000010b19f000+0x00000000000000ec]
J 1994 c1 org.apache.skywalking.apm.dependencies.net.bytebuddy.matcher.ElementMatcher$Junction$Conjunction.matches(Ljava/lang/Object;)Z (46 bytes) @ 0x000000010b1790ec [0x000000010b179000+0x00000000000000ec]
J 2864 c1 org.apache.skywalking.apm.agent.core.plugin.match.ProtectiveShieldMatcher.matches(Ljava/lang/Object;)Z (40 bytes) @ 0x000000010b2dbb2c [0x000000010b2dbac0+0x000000000000006c]
J 2156 c1 org.apache.skywalking.apm.dependencies.net.bytebuddy.agent.builder.AgentBuilder$RawMatcher$ForElementMatchers.matches(Lorg/apache/skywalking/apm/dependencies/net/bytebuddy/description/type/TypeDescription;Ljava/lang/ClassLoader;Lorg/apache/skywalking/apm/dependencies/net/bytebuddy/utility/JavaModule;Ljava/lang/Class;Ljava/security/ProtectionDomain;)Z (45 bytes) @ 0x000000010b1b4ed8 [0x000000010b1b4e00+0x00000000000000d8]
J 4276 c1 org.apache.skywalking.apm.dependencies.net.bytebuddy.agent.builder.AgentBuilder$Default$ExecutingTransformer.doTransform(Lorg/apache/skywalking/apm/dependencies/net/bytebuddy/utility/JavaModule;Ljava/lang/ClassLoader;Ljava/lang/String;Ljava/lang/Class;ZLjava/security/ProtectionDomain;Lorg/apache/skywalking/apm/dependencies/net/bytebuddy/pool/TypePool;Lorg/apache/skywalking/apm/dependencies/net/bytebuddy/dynamic/ClassFileLocator;)[B (317 bytes) @ 0x000000010b52b3f8 [0x000000010b52b200+0x00000000000001f8]
J 2856 c1 org.apache.skywalking.apm.dependencies.net.bytebuddy.agent.builder.AgentBuilder$Default$ExecutingTransformer.transform(Lorg/apache/skywalking/apm/dependencies/net/bytebuddy/utility/JavaModule;Ljava/lang/ClassLoader;Ljava/lang/String;Ljava/lang/Class;Ljava/security/ProtectionDomain;[B)[B (442 bytes) @ 0x000000010b2de468 [0x000000010b2ddf80+0x00000000000004e8]
J 2783 c1 org.apache.skywalking.apm.dependencies.net.bytebuddy.agent.builder.AgentBuilder$Default$ExecutingTransformer$Java9CapableVmDispatcher.run()Ljava/lang/Object; (5 bytes) @ 0x000000010b2bfff0 [0x000000010b2bff40+0x00000000000000b0]
v  ~StubRoutines::call_stub
J 2781  java.security.AccessController.doPrivileged(Ljava/security/PrivilegedAction;Ljava/security/AccessControlContext;)Ljava/lang/Object; java.base@11.0.25 (0 bytes) @ 0x000000010b2bf564 [0x000000010b2bf4c0+0x00000000000000a4]
J 2744 c1 org.apache.skywalking.apm.dependencies.net.bytebuddy.agent.builder.AgentBuilder$Default$ExecutingTransformer.transform(Ljava/lang/Object;Ljava/lang/ClassLoader;Ljava/lang/String;Ljava/lang/Class;Ljava/security/ProtectionDomain;[B)[B (72 bytes) @ 0x000000010b2ad754 [0x000000010b2ad5c0+0x0000000000000194]
J 2396 c1 org.apache.skywalking.apm.dependencies.net.bytebuddy.agent.builder.AgentBuilder$Default$ExecutingTransformer$ByteBuddy$ModuleSupport.transform(Ljava/lang/Module;Ljava/lang/ClassLoader;Ljava/lang/String;Ljava/lang/Class;Ljava/security/ProtectionDomain;[B)[B (14 bytes) @ 0x000000010b218a18 [0x000000010b2189c0+0x0000000000000058]
J 2395 c1 sun.instrument.TransformerManager.transform(Ljava/lang/Module;Ljava/lang/ClassLoader;Ljava/lang/String;Ljava/lang/Class;Ljava/security/ProtectionDomain;[B)[B java.instrument@11.0.25 (100 bytes) @ 0x000000010b217fa8 [0x000000010b217ec0+0x00000000000000e8]
J 2394 c1 sun.instrument.InstrumentationImpl.transform(Ljava/lang/Module;Ljava/lang/ClassLoader;Ljava/lang/String;Ljava/lang/Class;Ljava/security/ProtectionDomain;[BZ)[B java.instrument@11.0.25 (73 bytes) @ 0x000000010b2185a8 [0x000000010b2184c0+0x00000000000000e8]
v  ~StubRoutines::call_stub
J 1510  java.lang.ClassLoader.defineClass1(Ljava/lang/ClassLoader;Ljava/lang/String;[BIILjava/security/ProtectionDomain;Ljava/lang/String;)Ljava/lang/Class; java.base@11.0.25 (0 bytes) @ 0x000000010b0b69a0 [0x000000010b0b68c0+0x00000000000000e0]
J 1509 c1 java.lang.ClassLoader.defineClass(Ljava/lang/String;[BIILjava/security/ProtectionDomain;)Ljava/lang/Class; java.base@11.0.25 (43 bytes) @ 0x000000010b0b6e6c [0x000000010b0b6d80+0x00000000000000ec]
J 1665 c1 jdk.internal.loader.BuiltinClassLoader.defineClass(Ljava/lang/String;Ljdk/internal/loader/Resource;)Ljava/lang/Class; java.base@11.0.25 (121 bytes) @ 0x000000010b0f98bc [0x000000010b0f9400+0x00000000000004bc]
J 1508 c1 jdk.internal.loader.BuiltinClassLoader.findClassOnClassPathOrNull(Ljava/lang/String;)Ljava/lang/Class; java.base@11.0.25 (64 bytes) @ 0x000000010b0b6234 [0x000000010b0b6140+0x00000000000000f4]
J 5464 c1 jdk.internal.loader.BuiltinClassLoader.loadClassOrNull(Ljava/lang/String;Z)Ljava/lang/Class; java.base@11.0.25 (143 bytes) @ 0x000000010b6d9910 [0x000000010b6d94c0+0x0000000000000450]
J 1479 c1 jdk.internal.loader.ClassLoaders$AppClassLoader.loadClass(Ljava/lang/String;Z)Ljava/lang/Class; java.base@11.0.25 (40 bytes) @ 0x000000010b0aa0f0 [0x000000010b0a9fc0+0x0000000000000130]
J 1477 c1 java.lang.ClassLoader.loadClass(Ljava/lang/String;)Ljava/lang/Class; java.base@11.0.25 (7 bytes) @ 0x000000010b0a96a8 [0x000000010b0a9640+0x0000000000000068]
v  ~StubRoutines::call_stub
j  com.alibaba.nacos.shaded.io.grpc.netty.shaded.io.netty.buffer.Unpooled.<clinit>()V+16
v  ~StubRoutines::call_stub
j  com.alibaba.nacos.shaded.io.grpc.netty.shaded.io.netty.handler.codec.http2.Http2ConnectionHandler.<clinit>()V+65
v  ~StubRoutines::call_stub
j  com.alibaba.nacos.shaded.io.grpc.netty.shaded.io.grpc.netty.NettyClientTransport.start(Lcom/alibaba/nacos/shaded/io/grpc/internal/ManagedClientTransport$Listener;)Ljava/lang/Runnable;+110
j  com.alibaba.nacos.shaded.io.grpc.internal.ForwardingConnectionClientTransport.start(Lcom/alibaba/nacos/shaded/io/grpc/internal/ManagedClientTransport$Listener;)Ljava/lang/Runnable;+5
j  com.alibaba.nacos.shaded.io.grpc.internal.ForwardingConnectionClientTransport.start(Lcom/alibaba/nacos/shaded/io/grpc/internal/ManagedClientTransport$Listener;)Ljava/lang/Runnable;+5
j  com.alibaba.nacos.shaded.io.grpc.internal.InternalSubchannel.startNewTransport()V+206
j  com.alibaba.nacos.shaded.io.grpc.internal.InternalSubchannel.access$400(Lcom/alibaba/nacos/shaded/io/grpc/internal/InternalSubchannel;)V+1
j  com.alibaba.nacos.shaded.io.grpc.internal.InternalSubchannel$2.run()V+45
j  com.alibaba.nacos.shaded.io.grpc.SynchronizationContext.drain()V+33
j  com.alibaba.nacos.shaded.io.grpc.SynchronizationContext.execute(Ljava/lang/Runnable;)V+6
j  com.alibaba.nacos.shaded.io.grpc.internal.ManagedChannelImpl$NameResolverListener.onResult(Lcom/alibaba/nacos/shaded/io/grpc/NameResolver$ResolutionResult;)V+16
j  com.alibaba.nacos.shaded.io.grpc.internal.DnsNameResolver$Resolve.resolveInternal()V+619
j  com.alibaba.nacos.shaded.io.grpc.internal.DnsNameResolver$Resolve.run()V+44
j  java.util.concurrent.ThreadPoolExecutor.runWorker(Ljava/util/concurrent/ThreadPoolExecutor$Worker;)V+92 java.base@11.0.25
j  java.util.concurrent.ThreadPoolExecutor$Worker.run()V+5 java.base@11.0.25
j  java.lang.Thread.run()V+11 java.base@11.0.25
v  ~StubRoutines::call_stub

siginfo: si_signo: 11 (SIGSEGV), si_code: 2 (SEGV_ACCERR), si_addr: 0x0000000000000000

Register to memory mapping:

 x0=0x0 is NULL
 x1=0x0000000640a95a60 is an oop: jdk.internal.jimage.ImageReader$SharedImageReader 
{0x0000000640a95a60} - klass: 'jdk/internal/jimage/ImageReader$SharedImageReader'
 - ---- fields (total size 12 words):
 - private final 'imagePath' 'Ljava/nio/file/Path;' @12  a 'sun/nio/fs/UnixPath'{0x0000000640a95ac0} (c8152b58)
 - private final 'indexSize' 'J' @16  1755440 (1ac930 0)
 - private final 'byteOrder' 'Ljava/nio/ByteOrder;' @24  a 'java/nio/ByteOrder'{0x0000000640a95bc8} (c8152b79)
 - private final 'name' 'Ljava/lang/String;' @28  "/opt/homebrew/Cellar/openjdk@11/11.0.25/libexec/openjdk.jdk/Contents/Home/lib/modules"{0x0000000640a95b48} (c8152b69)
 - private final 'memoryMap' 'Ljava/nio/ByteBuffer;' @32  a 'java/nio/DirectByteBufferR'{0x0000000640a95bd8} (c8152b7b)
 - private final 'channel' 'Ljava/nio/channels/FileChannel;' @36  
[error occurred during error reporting (printing register info), id 0xb, SIGSEGV (0xb) at pc=0x00000001018c1918]

Registers:
 x0=0x0000000000000000  x1=0x0000000640a95a60  x2=0x0000000000000000  x3=0x0000000000000001
 x4=0x0000000000000000  x5=0x0000000000000015  x6=0x000000000000006e  x7=0x0000000000000024
 x8=0x0000000000000000  x9=0x0000000000001889 x10=0x0000000000000000 x11=0x0000000000000480
x12=0x0000000100f52200 x13=0x000000030840cc50 x14=0x0000000000014000 x15=0x0000000800078248
x16=0x0000000000000020 x17=0x0000600002f7f6c0 x18=0x0000000000000000 x19=0x0000000000000000
x20=0x0000000640a95a60 x21=0x000000011fa2e280 x22=0x000000011f1b3000 x23=0x0000000000000000
x24=0x0000000101bf3a84 x25=0x0000000000000000 x26=0x00000001402a9018 x27=0x0000000000000000
x28=0x000000011f1b3000  fp=0x000000030840c630  lr=0x00000001019fd118  sp=0x000000030840c580
pc=0x00000001019fd11c cpsr=0x0000000060001000
Top of Stack: (sp=0x000000030840c580)
0x000000030840c580:   000000010a725b00 0000000000000000
0x000000030840c590:   000000030840cdd0 000000010b0d6ba4
0x000000030840c5a0:   ffffffff00000000 0000000657afec30
0x000000030840c5b0:   0000000657affa70 0000000000000000
0x000000030840c5c0:   0000000000000000 0000000000000000
0x000000030840c5d0:   000000030840cd00 000000010af9f2c8
0x000000030840c5e0:   0000000657affa70 0000000657af78a0
0x000000030840c5f0:   00000001402a9018 000000000000000c
0x000000030840c600:   000000010a725b00 0000000000000000
0x000000030840c610:   000000011f1b3000 0000000000000001
0x000000030840c620:   0000000640a95a60 000000011f1b3000
0x000000030840c630:   000000030840c650 00000001019fcf70
0x000000030840c640:   0000000640a95a60 000000030840c9a0
0x000000030840c650:   000000030840c690 0000000101951130
0x000000030840c660:   000000011f1b3000 000000011f1b3000
0x000000030840c670:   000000011f1b3000 0000000000000001
0x000000030840c680:   000000030840c9a0 000000011f1b3000
0x000000030840c690:   000000030840c6c0 0000000101492a9c
0x000000030840c6a0:   000000030840d578 000000030840ce50
0x000000030840c6b0:   000000030840cc58 0000000657affb70
0x000000030840c6c0:   000000030840c8c0 000000010a7da9f8
0x000000030840c6d0:   0000000657afed00 000000010b02b650
0x000000030840c6e0:   0000000657affa70 0000000100000015
0x000000030840c6f0:   0000000657affab0 0000000640a97600
0x000000030840c700:   000000060003c31c 0000000657a4e958
0x000000030840c710:   000000030840ccc0 000000010b029590
0x000000030840c720:   000000030840cd30 0000000000000015
0x000000030840c730:   0000000657affb08 0000000657affaf0
0x000000030840c740:   0000000657affab0 000000010b029590
0x000000030840c750:   000000030840cd30 000000010b232cb8
0x000000030840c760:   0000000657aff9e0 0000000640a97600
0x000000030840c770:   0000000300050c39 000000010ae267c4 

Instructions: (pc=0x00000001019fd11c)
0x00000001019fd01c:   1f 30 00 f9 1f 44 00 f9 1f 28 00 f9 79 03 00 b4
0x00000001019fd02c:   b7 02 00 f9 bf 22 00 f9 bf 2a 00 f9 b4 06 00 f9
0x00000001019fd03c:   bf 2a 00 f9 bf 3a 00 f9 08 03 40 b9 a8 7e 00 b9
0x00000001019fd04c:   a9 02 7f b2 bf 3b 03 d5 e8 03 17 aa 89 7e a8 c8
0x00000001019fd05c:   bf 3b 03 d5 1f 01 17 eb 60 08 00 54 ff 02 08 eb
0x00000001019fd06c:   20 08 00 54 bf 06 00 f9 bf 22 00 f9 bf 2a 00 f9
0x00000001019fd07c:   bf 36 00 f9 bf 2e 00 f9 bf 32 00 f9 bf 46 00 f9
0x00000001019fd08c:   bf 2a 00 f9 0d 00 00 14 bf 3a 00 f9 bf 2a 00 f9
0x00000001019fd09c:   08 03 40 b9 a8 7e 00 b9 bf 3b 03 d5 e8 03 17 aa
0x00000001019fd0ac:   9f 7e a8 c8 bf 3b 03 d5 1f 01 17 eb c0 02 00 54
0x00000001019fd0bc:   ff 02 08 eb 80 02 00 54 e0 03 16 aa e1 03 15 aa
0x00000001019fd0cc:   22 00 80 52 9c 05 00 94 97 02 40 f9 e0 03 17 aa
0x00000001019fd0dc:   81 b9 ed 97 e0 f8 0f 36 e0 03 17 aa 7e b9 ed 97
0x00000001019fd0ec:   15 00 7f d2 e0 03 15 aa fd 7b 4b a9 f4 4f 4a a9
0x00000001019fd0fc:   f6 57 49 a9 f8 5f 48 a9 fa 67 47 a9 ff 03 03 91
0x00000001019fd10c:   c0 03 5f d6 e0 03 17 aa 73 b9 ed 97 08 f8 7e 92
0x00000001019fd11c:   08 01 40 f9 a8 02 00 f9 e0 03 17 aa 6e b9 ed 97
0x00000001019fd12c:   a0 22 00 f9 bf 2a 00 f9 b4 06 00 f9 88 02 40 f9
0x00000001019fd13c:   48 01 00 b4 e0 07 00 90 00 7c 3c 91 e2 07 00 b0
0x00000001019fd14c:   42 10 02 91 03 05 00 90 63 e0 08 91 01 bd 80 52
0x00000001019fd15c:   ce 9d ed 97 28 49 fb 97 a8 02 7f b2 bf 3b 03 d5
0x00000001019fd16c:   88 02 00 f9 08 11 00 d0 08 41 0b 91 08 01 40 f9
0x00000001019fd17c:   48 01 00 b4 09 11 00 d0 29 e1 2b 91 29 01 40 39
0x00000001019fd18c:   3f 05 00 71 a1 00 00 54 08 15 40 f9 09 01 40 f9
0x00000001019fd19c:   29 05 00 91 09 01 00 f9 c8 0f 00 f0 08 e5 43 f9
0x00000001019fd1ac:   28 06 00 b4 c8 10 00 d0 08 e5 37 91 08 01 40 39
0x00000001019fd1bc:   1f 05 00 71 21 01 00 54 89 0a 40 b9 ca 0f 00 f0
0x00000001019fd1cc:   4a 61 2b 91 4b 09 40 b9 4a 01 40 f9 2b 21 cb 9a
0x00000001019fd1dc:   6a 01 0a 8b 03 00 00 14 8a 06 40 f9 e9 03 0a aa
0x00000001019fd1ec:   4a 09 40 b9 5f 05 00 71 eb 03 00 54 80 10 00 d0
0x00000001019fd1fc:   00 80 27 91 0a 00 40 f9 40 01 3f d6 0a 00 40 f9
0x00000001019fd20c:   4a 3d 41 f9 ea 0f 00 f9 40 05 c0 3d e0 03 82 3c 


Stack slot to memory mapping:
stack at sp + 0 slots: 0x000000010a725b00 is at code_begin+0 in an AdapterHandler
Adapter for signature: 0x000000010a725b00 is at code_begin+0 in 
[CodeBlob (0x000000010a725a90)]
Framesize: 0
BufferBlob (0x000000010a725a90) used for I2C/C2I adapters
stack at sp + 1 slots: 0x0 is NULL
stack at sp + 2 slots: 0x000000030840cdd0 is pointing into the stack for thread: 0x000000011f1b3000
stack at sp + 3 slots: 0x000000010b0d6ba4 is at entry_point+100 in (nmethod*)0x000000010b0d6990
stack at sp + 4 slots: 0xffffffff00000000 is an unknown value
stack at sp + 5 slots: 0x0000000657afec30 is an oop: java.nio.DirectByteBufferR 
{0x0000000657afec30} - klass: 'java/nio/DirectByteBufferR'
 - ---- fields (total size 8 words):
 - private 'mark' 'I' @12  -1 (ffffffff)
 - 'address' 'J' @16  4328925656 (20629d8 1)
 - private 'position' 'I' @24  21 (15)
 - private 'limit' 'I' @28  460557 (7070d)
 - private 'capacity' 'I' @32  460557 (7070d)
 - final 'offset' 'I' @36  0
 - 'isReadOnly' 'Z' @40  true
 - 'bigEndian' 'Z' @41  true
 - 'nativeByteOrder' 'Z' @42  false
 - final 'hb' '[B' @44  
[error occurred during error reporting (inspecting top of stack), id 0xb, SIGSEGV (0xb) at pc=0x00000001018c1918]


---------------  P R O C E S S  ---------------

Threads class SMR info:
_java_thread_list=0x00006000020519e0, length=52, elements={
0x0000000141813000, 0x000000014209b800, 0x00000001420a0800, 0x000000011f00a800,
0x0000000140028000, 0x000000013f00b000, 0x0000000140029000, 0x0000000141071800,
0x0000000140bca000, 0x000000014143d000, 0x000000014144f800, 0x0000000141453000,
0x0000000142325800, 0x000000011e2b9800, 0x000000011e2ba800, 0x000000011e2bd800,
0x000000014145f800, 0x0000000140bd0000, 0x000000011f9bd000, 0x000000011f97e800,
0x0000000142345800, 0x000000014233d800, 0x0000000140263000, 0x000000011e2c0800,
0x000000011f5a7800, 0x000000011f5bb000, 0x000000014234b000, 0x0000000141472000,
0x0000000142352800, 0x000000013f323000, 0x000000011f601000, 0x000000011f59e000,
0x000000014028a000, 0x000000011f9d3000, 0x000000012f87a000, 0x000000011f655800,
0x000000012f892800, 0x000000011f5f9800, 0x000000011f646000, 0x0000000140292000,
0x000000011f635800, 0x000000011f647000, 0x000000011f9ad800, 0x000000011f5e8800,
0x000000011f642800, 0x000000011f5ce800, 0x000000011fa13000, 0x000000011f9c2000,
0x0000000140bd8800, 0x000000011f252000, 0x000000011f1b3000, 0x000000014238f800
}

Java Threads: ( => current thread )
  0x0000000141813000 JavaThread "main" [_thread_blocked, id=5635, stack(0x000000016f918000,0x000000016fb1b000)]
  0x000000014209b800 JavaThread "Reference Handler" daemon [_thread_blocked, id=20739, stack(0x000000017076c000,0x000000017096f000)]
  0x00000001420a0800 JavaThread "Finalizer" daemon [_thread_blocked, id=19971, stack(0x0000000170978000,0x0000000170b7b000)]
  0x000000011f00a800 JavaThread "Signal Dispatcher" daemon [_thread_blocked, id=21763, stack(0x0000000170c9c000,0x0000000170e9f000)]
  0x0000000140028000 JavaThread "Service Thread" daemon [_thread_blocked, id=32003, stack(0x0000000170ea8000,0x00000001710ab000)]
  0x000000013f00b000 JavaThread "C1 CompilerThread0" daemon [_thread_blocked, id=22019, stack(0x00000001710b4000,0x00000001712b7000)]
  0x0000000140029000 JavaThread "Sweeper thread" daemon [_thread_blocked, id=22787, stack(0x00000001712c0000,0x00000001714c3000)]
  0x0000000141071800 JavaThread "Common-Cleaner" daemon [_thread_blocked, id=30979, stack(0x00000001714cc000,0x00000001716cf000)]
  0x0000000140bca000 JavaThread "SkywalkingAgent-LogFileWriter" daemon [_thread_blocked, id=27651, stack(0x0000000172738000,0x000000017293b000)]
  0x000000014143d000 JavaThread "DataCarrier.DEFAULT.Consumer.0.Thread" daemon [_thread_blocked, id=26883, stack(0x0000000172b50000,0x0000000172d53000)]
  0x000000014144f800 JavaThread "SkywalkingAgent-5-JVMService-produce-0" daemon [_thread_blocked, id=26371, stack(0x0000000172d5c000,0x0000000172f5f000)]
  0x0000000141453000 JavaThread "SkywalkingAgent-6-JVMService-consume-0" daemon [_thread_blocked, id=26115, stack(0x0000000172f68000,0x000000017316b000)]
  0x0000000142325800 JavaThread "SkywalkingAgent-7-ServiceManagementClient-0" daemon [_thread_blocked, id=43267, stack(0x0000000173174000,0x0000000173377000)]
  0x000000011e2b9800 JavaThread "SkywalkingAgent-1-CommandService-0" daemon [_thread_blocked, id=33283, stack(0x0000000173380000,0x0000000173583000)]
  0x000000011e2ba800 JavaThread "SkywalkingAgent-8-ProfileGetTaskService-0" daemon [_thread_blocked, id=33795, stack(0x000000017358c000,0x000000017378f000)]
  0x000000011e2bd800 JavaThread "SkywalkingAgent-9-ProfileSendSnapshotService-0" daemon [_thread_blocked, id=42243, stack(0x0000000173798000,0x000000017399b000)]
  0x000000014145f800 JavaThread "SkywalkingAgent-10-MeterReportService-0" daemon [_thread_blocked, id=41987, stack(0x00000001739a4000,0x0000000173ba7000)]
  0x0000000140bd0000 JavaThread "DataCarrier.gRPC-log.Consumer.0.Thread" daemon [_thread_blocked, id=35331, stack(0x0000000173bb0000,0x0000000173db3000)]
  0x000000011f9bd000 JavaThread "SkywalkingAgent-11-ConfigurationDiscoveryService-0" daemon [_thread_blocked, id=41475, stack(0x0000000173dbc000,0x0000000173fbf000)]
  0x000000011f97e800 JavaThread "SkywalkingAgent-12-GRPCChannelManager-0" daemon [_thread_blocked, id=36099, stack(0x0000000173fc8000,0x00000001741cb000)]
  0x0000000142345800 JavaThread "Monitor Ctrl-Break" daemon [_thread_in_native, id=36355, stack(0x00000001741d4000,0x00000001743d7000)]
  0x000000014233d800 JavaThread "RMI TCP Accept-0" daemon [_thread_in_native, id=37123, stack(0x00000001743e0000,0x00000001745e3000)]
  0x0000000140263000 JavaThread "grpc-nio-worker-ELG-1-1" daemon [_thread_in_native, id=39939, stack(0x00000001747f8000,0x00000001749fb000)]
  0x000000011e2c0800 JavaThread "grpc-default-executor-0" daemon [_thread_blocked, id=39171, stack(0x0000000174a04000,0x0000000174c07000)]
  0x000000011f5a7800 JavaThread "grpc-nio-worker-ELG-1-2" daemon [_thread_in_native, id=38659, stack(0x0000000174c10000,0x0000000174e13000)]
  0x000000011f5bb000 JavaThread "grpc-default-executor-1" daemon [_thread_blocked, id=43523, stack(0x0000000174e1c000,0x000000017501f000)]
  0x000000014234b000 JavaThread "grpc-nio-worker-ELG-1-3" daemon [_thread_in_native, id=44035, stack(0x0000000175028000,0x000000017522b000)]
  0x0000000141472000 JavaThread "grpc-default-executor-2" daemon [_thread_blocked, id=44547, stack(0x0000000175234000,0x0000000175437000)]
  0x0000000142352800 JavaThread "grpc-nio-worker-ELG-1-4" daemon [_thread_in_native, id=64515, stack(0x0000000175440000,0x0000000175643000)]
  0x000000013f323000 JavaThread "grpc-nio-worker-ELG-1-5" daemon [_thread_in_native, id=64003, stack(0x000000017564c000,0x000000017584f000)]
  0x000000011f601000 JavaThread "spring.cloud.inetutils" daemon [_thread_in_native, id=45571, stack(0x0000000175858000,0x0000000175a5b000)]
  0x000000011f59e000 JavaThread "grpc-nio-worker-ELG-1-6" daemon [_thread_in_native, id=46083, stack(0x0000000175a64000,0x0000000175c67000)]
  0x000000014028a000 JavaThread "logback-2" daemon [_thread_blocked, id=62211, stack(0x0000000176294000,0x0000000176497000)]
  0x000000011f9d3000 JavaThread "logback-3" daemon [_thread_blocked, id=61955, stack(0x00000001764a0000,0x00000001766a3000)]
  0x000000012f87a000 JavaThread "grpc-nio-worker-ELG-1-7" daemon [_thread_in_native, id=60931, stack(0x00000001768b8000,0x0000000176abb000)]
  0x000000011f655800 JavaThread "logback-4" daemon [_thread_blocked, id=60675, stack(0x0000000176ac4000,0x0000000176cc7000)]
  0x000000012f892800 JavaThread "com.alibaba.nacos.client.identify.watcher.0" daemon [_thread_blocked, id=61447, stack(0x00000001766ac000,0x00000001768af000)]
  0x000000011f5f9800 JavaThread "com.alibaba.nacos.client.Worker" daemon [_thread_blocked, id=49923, stack(0x0000000176cd0000,0x0000000176ed3000)]
  0x000000011f646000 JavaThread "spring.cloud.inetutils" daemon [_thread_in_native, id=60163, stack(0x0000000176edc000,0x00000001770df000)]
  0x0000000140292000 JavaThread "grpc-nio-worker-ELG-1-8" daemon [_thread_in_native, id=59651, stack(0x00000001770e8000,0x00000001772eb000)]
  0x000000011f635800 JavaThread "logback-5" daemon [_thread_blocked, id=46599, stack(0x0000000175c70000,0x0000000175e73000)]
  0x000000011f647000 JavaThread "logback-appender-Logstash-localhost:5046-2" daemon [_thread_blocked, id=47623, stack(0x0000000175e7c000,0x000000017607f000)]
  0x000000011f9ad800 JavaThread "logback-appender-Logstash-localhost:5046-4" daemon [_thread_in_native, id=47367, stack(0x0000000176088000,0x000000017628b000)]
  0x000000011f5e8800 JavaThread "logback-6" daemon [_thread_blocked, id=51203, stack(0x00000001772f4000,0x00000001774f7000)]
  0x000000011f642800 JavaThread "logback-7" daemon [_thread_blocked, id=51459, stack(0x0000000177500000,0x0000000177703000)]
  0x000000011f5ce800 JavaThread "nacos.publisher-com.alibaba.nacos.common.notify.SlowEvent" daemon [_thread_blocked, id=58371, stack(0x000000017770c000,0x000000017790f000)]
  0x000000011fa13000 JavaThread "com.alibaba.nacos.client.remote.worker" daemon [_thread_blocked, id=57603, stack(0x0000000177918000,0x0000000177b1b000)]
  0x000000011f9c2000 JavaThread "com.alibaba.nacos.client.remote.worker" daemon [_thread_blocked, id=51971, stack(0x0000000177b24000,0x0000000177d27000)]
  0x0000000140bd8800 JavaThread "Attach Listener" daemon [_thread_blocked, id=52739, stack(0x0000000177d30000,0x0000000177f33000)]
  0x000000011f252000 JavaThread "grpc-nio-worker-ELG-1-1" daemon [_thread_in_native, id=56323, stack(0x0000000308004000,0x0000000308207000)]
=>0x000000011f1b3000 JavaThread "grpc-default-executor-0" daemon [_thread_in_Java, id=52995, stack(0x0000000308210000,0x0000000308413000)]
  0x000000014238f800 JavaThread "RMI TCP Connection(1)-127.0.0.1" daemon [_thread_blocked, id=55043, stack(0x000000030841c000,0x000000030861f000)]

Other Threads:
  0x0000000141879800 VMThread "VM Thread" [stack: 0x0000000170560000,0x0000000170763000] [id=21507]
  0x000000011e2c5800 WatcherThread [stack: 0x00000001745ec000,0x00000001747ef000] [id=37635]
  0x000000014182b800 GCTaskThread "GC Thread#0" [stack: 0x000000016fb24000,0x000000016fd27000] [id=15875]
  0x000000014209d000 GCTaskThread "GC Thread#1" [stack: 0x00000001716d8000,0x00000001718db000] [id=23299]
  0x000000014181c000 GCTaskThread "GC Thread#2" [stack: 0x00000001718e4000,0x0000000171ae7000] [id=23555]
  0x0000000141878800 GCTaskThread "GC Thread#3" [stack: 0x0000000171af0000,0x0000000171cf3000] [id=23811]
  0x0000000142287800 GCTaskThread "GC Thread#4" [stack: 0x0000000171cfc000,0x0000000171eff000] [id=29699]
  0x0000000142288800 GCTaskThread "GC Thread#5" [stack: 0x0000000171f08000,0x000000017210b000] [id=29443]
  0x0000000142289000 GCTaskThread "GC Thread#6" [stack: 0x0000000172114000,0x0000000172317000] [id=28931]
  0x000000014228a000 GCTaskThread "GC Thread#7" [stack: 0x0000000172320000,0x0000000172523000] [id=28675]
  0x0000000140834800 ConcurrentGCThread "G1 Main Marker" [stack: 0x000000016fd30000,0x000000016ff33000] [id=12291]
  0x0000000140835800 ConcurrentGCThread "G1 Conc#0" [stack: 0x000000016ff3c000,0x000000017013f000] [id=14851]
  0x000000014233c000 ConcurrentGCThread "G1 Conc#1" [stack: 0x0000000172944000,0x0000000172b47000] [id=24835]
  0x0000000141024800 ConcurrentGCThread "G1 Refine#0" [stack: 0x0000000170148000,0x000000017034b000] [id=12803]
  0x000000011e12a800 ConcurrentGCThread "G1 Refine#1" [stack: 0x000000017252c000,0x000000017272f000] [id=28163]
  0x0000000142093000 ConcurrentGCThread "G1 Young RemSet Sampling" [stack: 0x0000000170354000,0x0000000170557000] [id=14083]

Threads with active compile tasks:

VM state:not at safepoint (normal execution)

VM Mutex/Monitor currently owned by a thread: None

Heap address: 0x0000000640000000, size: 6144 MB, Compressed Oops mode: Zero based, Oop shift amount: 3
Narrow klass base: 0x0000000800000000, Narrow klass shift: 0
Compressed class space size: 1073741824 Address: 0x0000000800000000

Heap:
 garbage-first heap   total 393216K, used 47366K [0x0000000640000000, 0x00000007c0000000)
  region size 1024K, 22 young (22528K), 15 survivors (15360K)
 Metaspace       used 56380K, capacity 57497K, committed 57648K, reserved 1099776K
  class space    used 7573K, capacity 8026K, committed 8064K, reserved 1048576K
Heap Regions: E=young(eden), S=young(survivor), O=old, HS=humongous(starts), HC=humongous(continues), CS=collection set, F=free, A=archive, TAMS=top-at-mark-start (previous, next)
|   0|0x0000000640000000, 0x0000000640100000, 0x0000000640100000|100%|HS|  |TAMS 0x0000000640100000, 0x0000000640000000| Complete 
|   1|0x0000000640100000, 0x0000000640200000, 0x0000000640200000|100%| O|  |TAMS 0x0000000640200000, 0x0000000640100000| Untracked 
|   2|0x0000000640200000, 0x0000000640300000, 0x0000000640300000|100%|HS|  |TAMS 0x0000000640300000, 0x0000000640200000| Complete 
|   3|0x0000000640300000, 0x0000000640400000, 0x0000000640400000|100%|HC|  |TAMS 0x0000000640400000, 0x0000000640300000| Complete 
|   4|0x0000000640400000, 0x0000000640500000, 0x0000000640500000|100%| O|  |TAMS 0x0000000640500000, 0x0000000640400000| Untracked 
|   5|0x0000000640500000, 0x0000000640600000, 0x0000000640600000|100%| O|  |TAMS 0x0000000640600000, 0x0000000640500000| Untracked 
|   6|0x0000000640600000, 0x0000000640700000, 0x0000000640700000|100%| O|  |TAMS 0x0000000640700000, 0x0000000640600000| Untracked 
|   7|0x0000000640700000, 0x0000000640800000, 0x0000000640800000|100%| O|  |TAMS 0x0000000640800000, 0x0000000640700000| Untracked 
|   8|0x0000000640800000, 0x0000000640900000, 0x0000000640900000|100%| O|  |TAMS 0x0000000640900000, 0x0000000640800000| Untracked 
|   9|0x0000000640900000, 0x0000000640a00000, 0x0000000640a00000|100%| O|  |TAMS 0x0000000640a00000, 0x0000000640900000| Untracked 
|  10|0x0000000640a00000, 0x0000000640b00000, 0x0000000640b00000|100%| O|  |TAMS 0x0000000640b00000, 0x0000000640a00000| Untracked 
|  11|0x0000000640b00000, 0x0000000640c00000, 0x0000000640c00000|100%| O|  |TAMS 0x0000000640b00000, 0x0000000640b00000| Untracked 
|  12|0x0000000640c00000, 0x0000000640d00000, 0x0000000640d00000|100%| O|  |TAMS 0x0000000640cdb600, 0x0000000640c00000| Untracked 
|  13|0x0000000640d00000, 0x0000000640e00000, 0x0000000640e00000|100%| O|  |TAMS 0x0000000640d00000, 0x0000000640d00000| Untracked 
|  14|0x0000000640e00000, 0x0000000640f00000, 0x0000000640f00000|100%| O|  |TAMS 0x0000000640e00000, 0x0000000640e00000| Untracked 
|  15|0x0000000640f00000, 0x0000000641000000, 0x0000000641000000|100%| O|  |TAMS 0x0000000640f00000, 0x0000000640f00000| Untracked 
|  16|0x0000000641000000, 0x0000000641100000, 0x0000000641100000|100%| O|  |TAMS 0x0000000641000000, 0x0000000641000000| Untracked 
|  17|0x0000000641100000, 0x0000000641200000, 0x0000000641200000|100%| O|  |TAMS 0x0000000641100000, 0x0000000641100000| Untracked 
|  18|0x0000000641200000, 0x0000000641300000, 0x0000000641300000|100%| O|  |TAMS 0x0000000641300000, 0x0000000641200000| Untracked 
|  19|0x0000000641300000, 0x0000000641400000, 0x0000000641400000|100%| O|  |TAMS 0x0000000641400000, 0x0000000641300000| Untracked 
|  20|0x0000000641400000, 0x0000000641500000, 0x0000000641500000|100%| O|  |TAMS 0x0000000641500000, 0x0000000641400000| Untracked 
|  21|0x0000000641500000, 0x0000000641600000, 0x0000000641600000|100%| O|  |TAMS 0x0000000641600000, 0x0000000641500000| Untracked 
|  22|0x0000000641600000, 0x0000000641700000, 0x0000000641700000|100%| O|  |TAMS 0x0000000641600000, 0x0000000641600000| Untracked 
|  23|0x0000000641700000, 0x0000000641800000, 0x0000000641800000|100%| O|  |TAMS 0x0000000641700000, 0x0000000641700000| Untracked 
|  24|0x0000000641800000, 0x0000000641900000, 0x0000000641900000|100%| O|  |TAMS 0x0000000641800000, 0x0000000641800000| Untracked 
|  25|0x0000000641900000, 0x000000064194c400, 0x0000000641a00000| 29%| O|  |TAMS 0x0000000641900000, 0x0000000641900000| Untracked 
|  26|0x0000000641a00000, 0x0000000641a00000, 0x0000000641b00000|  0%| F|  |TAMS 0x0000000641a00000, 0x0000000641a00000| Untracked 
|  27|0x0000000641b00000, 0x0000000641b00000, 0x0000000641c00000|  0%| F|  |TAMS 0x0000000641b00000, 0x0000000641b00000| Untracked 
|  28|0x0000000641c00000, 0x0000000641c00000, 0x0000000641d00000|  0%| F|  |TAMS 0x0000000641c00000, 0x0000000641c00000| Untracked 
|  29|0x0000000641d00000, 0x0000000641d00000, 0x0000000641e00000|  0%| F|  |TAMS 0x0000000641d00000, 0x0000000641d00000| Untracked 
|  30|0x0000000641e00000, 0x0000000641e00000, 0x0000000641f00000|  0%| F|  |TAMS 0x0000000641e00000, 0x0000000641e00000| Untracked 
|  31|0x0000000641f00000, 0x0000000641f00000, 0x0000000642000000|  0%| F|  |TAMS 0x0000000641f00000, 0x0000000641f00000| Untracked 
|  32|0x0000000642000000, 0x0000000642000000, 0x0000000642100000|  0%| F|  |TAMS 0x0000000642000000, 0x0000000642000000| Untracked 
|  33|0x0000000642100000, 0x0000000642100000, 0x0000000642200000|  0%| F|  |TAMS 0x0000000642100000, 0x0000000642100000| Untracked 
|  34|0x0000000642200000, 0x0000000642200000, 0x0000000642300000|  0%| F|  |TAMS 0x0000000642200000, 0x0000000642200000| Untracked 
|  35|0x0000000642300000, 0x0000000642300000, 0x0000000642400000|  0%| F|  |TAMS 0x0000000642300000, 0x0000000642300000| Untracked 
|  36|0x0000000642400000, 0x0000000642400000, 0x0000000642500000|  0%| F|  |TAMS 0x0000000642400000, 0x0000000642400000| Untracked 
|  37|0x0000000642500000, 0x0000000642500000, 0x0000000642600000|  0%| F|  |TAMS 0x0000000642500000, 0x0000000642500000| Untracked 
|  38|0x0000000642600000, 0x0000000642600000, 0x0000000642700000|  0%| F|  |TAMS 0x0000000642600000, 0x0000000642600000| Untracked 
|  39|0x0000000642700000, 0x0000000642700000, 0x0000000642800000|  0%| F|  |TAMS 0x0000000642700000, 0x0000000642700000| Untracked 
|  40|0x0000000642800000, 0x0000000642800000, 0x0000000642900000|  0%| F|  |TAMS 0x0000000642800000, 0x0000000642800000| Untracked 
|  41|0x0000000642900000, 0x0000000642900000, 0x0000000642a00000|  0%| F|  |TAMS 0x0000000642900000, 0x0000000642900000| Untracked 
|  42|0x0000000642a00000, 0x0000000642a00000, 0x0000000642b00000|  0%| F|  |TAMS 0x0000000642a00000, 0x0000000642a00000| Untracked 
|  43|0x0000000642b00000, 0x0000000642b00000, 0x0000000642c00000|  0%| F|  |TAMS 0x0000000642b00000, 0x0000000642b00000| Untracked 
|  44|0x0000000642c00000, 0x0000000642c00000, 0x0000000642d00000|  0%| F|  |TAMS 0x0000000642c00000, 0x0000000642c00000| Untracked 
|  45|0x0000000642d00000, 0x0000000642d00000, 0x0000000642e00000|  0%| F|  |TAMS 0x0000000642d00000, 0x0000000642d00000| Untracked 
|  46|0x0000000642e00000, 0x0000000642e00000, 0x0000000642f00000|  0%| F|  |TAMS 0x0000000642e00000, 0x0000000642e00000| Untracked 
|  47|0x0000000642f00000, 0x0000000642f00000, 0x0000000643000000|  0%| F|  |TAMS 0x0000000642f00000, 0x0000000642f00000| Untracked 
|  48|0x0000000643000000, 0x0000000643000000, 0x0000000643100000|  0%| F|  |TAMS 0x0000000643000000, 0x0000000643000000| Untracked 
|  49|0x0000000643100000, 0x0000000643100000, 0x0000000643200000|  0%| F|  |TAMS 0x0000000643100000, 0x0000000643100000| Untracked 
|  50|0x0000000643200000, 0x0000000643200000, 0x0000000643300000|  0%| F|  |TAMS 0x0000000643200000, 0x0000000643200000| Untracked 
|  51|0x0000000643300000, 0x0000000643300000, 0x0000000643400000|  0%| F|  |TAMS 0x0000000643300000, 0x0000000643300000| Untracked 
|  52|0x0000000643400000, 0x0000000643400000, 0x0000000643500000|  0%| F|  |TAMS 0x0000000643400000, 0x0000000643400000| Untracked 
|  53|0x0000000643500000, 0x0000000643500000, 0x0000000643600000|  0%| F|  |TAMS 0x0000000643500000, 0x0000000643500000| Untracked 
|  54|0x0000000643600000, 0x0000000643600000, 0x0000000643700000|  0%| F|  |TAMS 0x0000000643600000, 0x0000000643600000| Untracked 
|  55|0x0000000643700000, 0x0000000643700000, 0x0000000643800000|  0%| F|  |TAMS 0x0000000643700000, 0x0000000643700000| Untracked 
|  56|0x0000000643800000, 0x0000000643800000, 0x0000000643900000|  0%| F|  |TAMS 0x0000000643800000, 0x0000000643800000| Untracked 
|  57|0x0000000643900000, 0x0000000643900000, 0x0000000643a00000|  0%| F|  |TAMS 0x0000000643900000, 0x0000000643900000| Untracked 
|  58|0x0000000643a00000, 0x0000000643a00000, 0x0000000643b00000|  0%| F|  |TAMS 0x0000000643a00000, 0x0000000643a00000| Untracked 
|  59|0x0000000643b00000, 0x0000000643b00000, 0x0000000643c00000|  0%| F|  |TAMS 0x0000000643b00000, 0x0000000643b00000| Untracked 
|  60|0x0000000643c00000, 0x0000000643c00000, 0x0000000643d00000|  0%| F|  |TAMS 0x0000000643c00000, 0x0000000643c00000| Untracked 
|  61|0x0000000643d00000, 0x0000000643d00000, 0x0000000643e00000|  0%| F|  |TAMS 0x0000000643d00000, 0x0000000643d00000| Untracked 
|  62|0x0000000643e00000, 0x0000000643e00000, 0x0000000643f00000|  0%| F|  |TAMS 0x0000000643e00000, 0x0000000643e00000| Untracked 
|  63|0x0000000643f00000, 0x0000000643f00000, 0x0000000644000000|  0%| F|  |TAMS 0x0000000643f00000, 0x0000000643f00000| Untracked 
|  64|0x0000000644000000, 0x0000000644000000, 0x0000000644100000|  0%| F|  |TAMS 0x0000000644000000, 0x0000000644000000| Untracked 
|  65|0x0000000644100000, 0x0000000644100000, 0x0000000644200000|  0%| F|  |TAMS 0x0000000644100000, 0x0000000644100000| Untracked 
|  66|0x0000000644200000, 0x0000000644200000, 0x0000000644300000|  0%| F|  |TAMS 0x0000000644200000, 0x0000000644200000| Untracked 
|  67|0x0000000644300000, 0x0000000644300000, 0x0000000644400000|  0%| F|  |TAMS 0x0000000644300000, 0x0000000644300000| Untracked 
|  68|0x0000000644400000, 0x0000000644400000, 0x0000000644500000|  0%| F|  |TAMS 0x0000000644400000, 0x0000000644400000| Untracked 
|  69|0x0000000644500000, 0x0000000644500000, 0x0000000644600000|  0%| F|  |TAMS 0x0000000644500000, 0x0000000644500000| Untracked 
|  70|0x0000000644600000, 0x0000000644600000, 0x0000000644700000|  0%| F|  |TAMS 0x0000000644600000, 0x0000000644600000| Untracked 
|  71|0x0000000644700000, 0x0000000644700000, 0x0000000644800000|  0%| F|  |TAMS 0x0000000644700000, 0x0000000644700000| Untracked 
|  72|0x0000000644800000, 0x0000000644800000, 0x0000000644900000|  0%| F|  |TAMS 0x0000000644800000, 0x0000000644800000| Untracked 
|  73|0x0000000644900000, 0x0000000644900000, 0x0000000644a00000|  0%| F|  |TAMS 0x0000000644900000, 0x0000000644900000| Untracked 
|  74|0x0000000644a00000, 0x0000000644a00000, 0x0000000644b00000|  0%| F|  |TAMS 0x0000000644a00000, 0x0000000644a00000| Untracked 
|  75|0x0000000644b00000, 0x0000000644b00000, 0x0000000644c00000|  0%| F|  |TAMS 0x0000000644b00000, 0x0000000644b00000| Untracked 
|  76|0x0000000644c00000, 0x0000000644c00000, 0x0000000644d00000|  0%| F|  |TAMS 0x0000000644c00000, 0x0000000644c00000| Untracked 
|  77|0x0000000644d00000, 0x0000000644d00000, 0x0000000644e00000|  0%| F|  |TAMS 0x0000000644d00000, 0x0000000644d00000| Untracked 
|  78|0x0000000644e00000, 0x0000000644e00000, 0x0000000644f00000|  0%| F|  |TAMS 0x0000000644e00000, 0x0000000644e00000| Untracked 
|  79|0x0000000644f00000, 0x0000000644f00000, 0x0000000645000000|  0%| F|  |TAMS 0x0000000644f00000, 0x0000000644f00000| Untracked 
|  80|0x0000000645000000, 0x0000000645000000, 0x0000000645100000|  0%| F|  |TAMS 0x0000000645000000, 0x0000000645000000| Untracked 
|  81|0x0000000645100000, 0x0000000645100000, 0x0000000645200000|  0%| F|  |TAMS 0x0000000645100000, 0x0000000645100000| Untracked 
|  82|0x0000000645200000, 0x0000000645200000, 0x0000000645300000|  0%| F|  |TAMS 0x0000000645200000, 0x0000000645200000| Untracked 
|  83|0x0000000645300000, 0x0000000645300000, 0x0000000645400000|  0%| F|  |TAMS 0x0000000645300000, 0x0000000645300000| Untracked 
|  84|0x0000000645400000, 0x0000000645400000, 0x0000000645500000|  0%| F|  |TAMS 0x0000000645400000, 0x0000000645400000| Untracked 
|  85|0x0000000645500000, 0x0000000645500000, 0x0000000645600000|  0%| F|  |TAMS 0x0000000645500000, 0x0000000645500000| Untracked 
|  86|0x0000000645600000, 0x0000000645600000, 0x0000000645700000|  0%| F|  |TAMS 0x0000000645600000, 0x0000000645600000| Untracked 
|  87|0x0000000645700000, 0x0000000645700000, 0x0000000645800000|  0%| F|  |TAMS 0x0000000645700000, 0x0000000645700000| Untracked 
|  88|0x0000000645800000, 0x0000000645800000, 0x0000000645900000|  0%| F|  |TAMS 0x0000000645800000, 0x0000000645800000| Untracked 
|  89|0x0000000645900000, 0x0000000645900000, 0x0000000645a00000|  0%| F|  |TAMS 0x0000000645900000, 0x0000000645900000| Untracked 
|  90|0x0000000645a00000, 0x0000000645a00000, 0x0000000645b00000|  0%| F|  |TAMS 0x0000000645a00000, 0x0000000645a00000| Untracked 
|  91|0x0000000645b00000, 0x0000000645b00000, 0x0000000645c00000|  0%| F|  |TAMS 0x0000000645b00000, 0x0000000645b00000| Untracked 
|  92|0x0000000645c00000, 0x0000000645c00000, 0x0000000645d00000|  0%| F|  |TAMS 0x0000000645c00000, 0x0000000645c00000| Untracked 
|  93|0x0000000645d00000, 0x0000000645d00000, 0x0000000645e00000|  0%| F|  |TAMS 0x0000000645d00000, 0x0000000645d00000| Untracked 
|  94|0x0000000645e00000, 0x0000000645e00000, 0x0000000645f00000|  0%| F|  |TAMS 0x0000000645e00000, 0x0000000645e00000| Untracked 
|  95|0x0000000645f00000, 0x0000000645f00000, 0x0000000646000000|  0%| F|  |TAMS 0x0000000645f00000, 0x0000000645f00000| Untracked 
|  96|0x0000000646000000, 0x0000000646000000, 0x0000000646100000|  0%| F|  |TAMS 0x0000000646000000, 0x0000000646000000| Untracked 
|  97|0x0000000646100000, 0x0000000646100000, 0x0000000646200000|  0%| F|  |TAMS 0x0000000646100000, 0x0000000646100000| Untracked 
|  98|0x0000000646200000, 0x0000000646200000, 0x0000000646300000|  0%| F|  |TAMS 0x0000000646200000, 0x0000000646200000| Untracked 
|  99|0x0000000646300000, 0x0000000646300000, 0x0000000646400000|  0%| F|  |TAMS 0x0000000646300000, 0x0000000646300000| Untracked 
| 100|0x0000000646400000, 0x0000000646400000, 0x0000000646500000|  0%| F|  |TAMS 0x0000000646400000, 0x0000000646400000| Untracked 
| 101|0x0000000646500000, 0x0000000646500000, 0x0000000646600000|  0%| F|  |TAMS 0x0000000646500000, 0x0000000646500000| Untracked 
| 102|0x0000000646600000, 0x0000000646600000, 0x0000000646700000|  0%| F|  |TAMS 0x0000000646600000, 0x0000000646600000| Untracked 
| 103|0x0000000646700000, 0x0000000646700000, 0x0000000646800000|  0%| F|  |TAMS 0x0000000646700000, 0x0000000646700000| Untracked 
| 104|0x0000000646800000, 0x0000000646800000, 0x0000000646900000|  0%| F|  |TAMS 0x0000000646800000, 0x0000000646800000| Untracked 
| 105|0x0000000646900000, 0x0000000646900000, 0x0000000646a00000|  0%| F|  |TAMS 0x0000000646900000, 0x0000000646900000| Untracked 
| 106|0x0000000646a00000, 0x0000000646a00000, 0x0000000646b00000|  0%| F|  |TAMS 0x0000000646a00000, 0x0000000646a00000| Untracked 
| 107|0x0000000646b00000, 0x0000000646b00000, 0x0000000646c00000|  0%| F|  |TAMS 0x0000000646b00000, 0x0000000646b00000| Untracked 
| 108|0x0000000646c00000, 0x0000000646c00000, 0x0000000646d00000|  0%| F|  |TAMS 0x0000000646c00000, 0x0000000646c00000| Untracked 
| 109|0x0000000646d00000, 0x0000000646d00000, 0x0000000646e00000|  0%| F|  |TAMS 0x0000000646d00000, 0x0000000646d00000| Untracked 
| 110|0x0000000646e00000, 0x0000000646e00000, 0x0000000646f00000|  0%| F|  |TAMS 0x0000000646e00000, 0x0000000646e00000| Untracked 
| 111|0x0000000646f00000, 0x0000000646f00000, 0x0000000647000000|  0%| F|  |TAMS 0x0000000646f00000, 0x0000000646f00000| Untracked 
| 112|0x0000000647000000, 0x0000000647000000, 0x0000000647100000|  0%| F|  |TAMS 0x0000000647000000, 0x0000000647000000| Untracked 
| 113|0x0000000647100000, 0x0000000647100000, 0x0000000647200000|  0%| F|  |TAMS 0x0000000647100000, 0x0000000647100000| Untracked 
| 114|0x0000000647200000, 0x0000000647200000, 0x0000000647300000|  0%| F|  |TAMS 0x0000000647200000, 0x0000000647200000| Untracked 
| 115|0x0000000647300000, 0x0000000647300000, 0x0000000647400000|  0%| F|  |TAMS 0x0000000647300000, 0x0000000647300000| Untracked 
| 116|0x0000000647400000, 0x0000000647400000, 0x0000000647500000|  0%| F|  |TAMS 0x0000000647400000, 0x0000000647400000| Untracked 
| 117|0x0000000647500000, 0x0000000647500000, 0x0000000647600000|  0%| F|  |TAMS 0x0000000647500000, 0x0000000647500000| Untracked 
| 118|0x0000000647600000, 0x0000000647600000, 0x0000000647700000|  0%| F|  |TAMS 0x0000000647600000, 0x0000000647600000| Untracked 
| 119|0x0000000647700000, 0x0000000647700000, 0x0000000647800000|  0%| F|  |TAMS 0x0000000647700000, 0x0000000647700000| Untracked 
| 120|0x0000000647800000, 0x0000000647800000, 0x0000000647900000|  0%| F|  |TAMS 0x0000000647800000, 0x0000000647800000| Untracked 
| 121|0x0000000647900000, 0x0000000647900000, 0x0000000647a00000|  0%| F|  |TAMS 0x0000000647900000, 0x0000000647900000| Untracked 
| 122|0x0000000647a00000, 0x0000000647a00000, 0x0000000647b00000|  0%| F|  |TAMS 0x0000000647a00000, 0x0000000647a00000| Untracked 
| 123|0x0000000647b00000, 0x0000000647b00000, 0x0000000647c00000|  0%| F|  |TAMS 0x0000000647b00000, 0x0000000647b00000| Untracked 
| 124|0x0000000647c00000, 0x0000000647c00000, 0x0000000647d00000|  0%| F|  |TAMS 0x0000000647c00000, 0x0000000647c00000| Untracked 
| 125|0x0000000647d00000, 0x0000000647d00000, 0x0000000647e00000|  0%| F|  |TAMS 0x0000000647d00000, 0x0000000647d00000| Untracked 
| 126|0x0000000647e00000, 0x0000000647e00000, 0x0000000647f00000|  0%| F|  |TAMS 0x0000000647e00000, 0x0000000647e00000| Untracked 
| 127|0x0000000647f00000, 0x0000000647f00000, 0x0000000648000000|  0%| F|  |TAMS 0x0000000647f00000, 0x0000000647f00000| Untracked 
| 128|0x0000000648000000, 0x0000000648000000, 0x0000000648100000|  0%| F|  |TAMS 0x0000000648000000, 0x0000000648000000| Untracked 
| 129|0x0000000648100000, 0x0000000648100000, 0x0000000648200000|  0%| F|  |TAMS 0x0000000648100000, 0x0000000648100000| Untracked 
| 130|0x0000000648200000, 0x0000000648200000, 0x0000000648300000|  0%| F|  |TAMS 0x0000000648200000, 0x0000000648200000| Untracked 
| 131|0x0000000648300000, 0x0000000648300000, 0x0000000648400000|  0%| F|  |TAMS 0x0000000648300000, 0x0000000648300000| Untracked 
| 132|0x0000000648400000, 0x0000000648400000, 0x0000000648500000|  0%| F|  |TAMS 0x0000000648400000, 0x0000000648400000| Untracked 
| 133|0x0000000648500000, 0x0000000648500000, 0x0000000648600000|  0%| F|  |TAMS 0x0000000648500000, 0x0000000648500000| Untracked 
| 134|0x0000000648600000, 0x0000000648600000, 0x0000000648700000|  0%| F|  |TAMS 0x0000000648600000, 0x0000000648600000| Untracked 
| 135|0x0000000648700000, 0x0000000648700000, 0x0000000648800000|  0%| F|  |TAMS 0x0000000648700000, 0x0000000648700000| Untracked 
| 136|0x0000000648800000, 0x0000000648800000, 0x0000000648900000|  0%| F|  |TAMS 0x0000000648800000, 0x0000000648800000| Untracked 
| 137|0x0000000648900000, 0x0000000648900000, 0x0000000648a00000|  0%| F|  |TAMS 0x0000000648900000, 0x0000000648900000| Untracked 
| 138|0x0000000648a00000, 0x0000000648a00000, 0x0000000648b00000|  0%| F|  |TAMS 0x0000000648a00000, 0x0000000648a00000| Untracked 
| 139|0x0000000648b00000, 0x0000000648bf5580, 0x0000000648c00000| 95%| S|CS|TAMS 0x0000000648b00000, 0x0000000648b00000| Complete 
| 140|0x0000000648c00000, 0x0000000648d00000, 0x0000000648d00000|100%| S|CS|TAMS 0x0000000648c00000, 0x0000000648c00000| Complete 
| 141|0x0000000648d00000, 0x0000000648e00000, 0x0000000648e00000|100%| S|CS|TAMS 0x0000000648d00000, 0x0000000648d00000| Complete 
| 142|0x0000000648e00000, 0x0000000648f00000, 0x0000000648f00000|100%| S|CS|TAMS 0x0000000648e00000, 0x0000000648e00000| Complete 
| 143|0x0000000648f00000, 0x0000000649000000, 0x0000000649000000|100%| S|CS|TAMS 0x0000000648f00000, 0x0000000648f00000| Complete 
| 144|0x0000000649000000, 0x0000000649100000, 0x0000000649100000|100%| S|CS|TAMS 0x0000000649000000, 0x0000000649000000| Complete 
| 145|0x0000000649100000, 0x0000000649200000, 0x0000000649200000|100%| S|CS|TAMS 0x0000000649100000, 0x0000000649100000| Complete 
| 146|0x0000000649200000, 0x0000000649300000, 0x0000000649300000|100%| S|CS|TAMS 0x0000000649200000, 0x0000000649200000| Complete 
| 147|0x0000000649300000, 0x0000000649400000, 0x0000000649400000|100%| S|CS|TAMS 0x0000000649300000, 0x0000000649300000| Complete 
| 148|0x0000000649400000, 0x0000000649500000, 0x0000000649500000|100%| S|CS|TAMS 0x0000000649400000, 0x0000000649400000| Complete 
| 149|0x0000000649500000, 0x0000000649600000, 0x0000000649600000|100%| S|CS|TAMS 0x0000000649500000, 0x0000000649500000| Complete 
| 150|0x0000000649600000, 0x0000000649700000, 0x0000000649700000|100%| S|CS|TAMS 0x0000000649600000, 0x0000000649600000| Complete 
| 151|0x0000000649700000, 0x0000000649800000, 0x0000000649800000|100%| S|CS|TAMS 0x0000000649700000, 0x0000000649700000| Complete 
| 152|0x0000000649800000, 0x0000000649900000, 0x0000000649900000|100%| S|CS|TAMS 0x0000000649800000, 0x0000000649800000| Complete 
| 153|0x0000000649900000, 0x0000000649a00000, 0x0000000649a00000|100%| S|CS|TAMS 0x0000000649900000, 0x0000000649900000| Complete 
| 154|0x0000000649a00000, 0x0000000649a00000, 0x0000000649b00000|  0%| F|  |TAMS 0x0000000649a00000, 0x0000000649a00000| Untracked 
| 155|0x0000000649b00000, 0x0000000649b00000, 0x0000000649c00000|  0%| F|  |TAMS 0x0000000649b00000, 0x0000000649b00000| Untracked 
| 156|0x0000000649c00000, 0x0000000649c00000, 0x0000000649d00000|  0%| F|  |TAMS 0x0000000649c00000, 0x0000000649c00000| Untracked 
| 157|0x0000000649d00000, 0x0000000649d00000, 0x0000000649e00000|  0%| F|  |TAMS 0x0000000649d00000, 0x0000000649d00000| Untracked 
| 158|0x0000000649e00000, 0x0000000649e00000, 0x0000000649f00000|  0%| F|  |TAMS 0x0000000649e00000, 0x0000000649e00000| Untracked 
| 159|0x0000000649f00000, 0x0000000649f00000, 0x000000064a000000|  0%| F|  |TAMS 0x0000000649f00000, 0x0000000649f00000| Untracked 
| 160|0x000000064a000000, 0x000000064a000000, 0x000000064a100000|  0%| F|  |TAMS 0x000000064a000000, 0x000000064a000000| Untracked 
| 161|0x000000064a100000, 0x000000064a100000, 0x000000064a200000|  0%| F|  |TAMS 0x000000064a100000, 0x000000064a100000| Untracked 
| 162|0x000000064a200000, 0x000000064a200000, 0x000000064a300000|  0%| F|  |TAMS 0x000000064a200000, 0x000000064a200000| Untracked 
| 163|0x000000064a300000, 0x000000064a300000, 0x000000064a400000|  0%| F|  |TAMS 0x000000064a300000, 0x000000064a300000| Untracked 
| 164|0x000000064a400000, 0x000000064a400000, 0x000000064a500000|  0%| F|  |TAMS 0x000000064a400000, 0x000000064a400000| Untracked 
| 165|0x000000064a500000, 0x000000064a500000, 0x000000064a600000|  0%| F|  |TAMS 0x000000064a500000, 0x000000064a500000| Untracked 
| 166|0x000000064a600000, 0x000000064a600000, 0x000000064a700000|  0%| F|  |TAMS 0x000000064a600000, 0x000000064a600000| Untracked 
| 167|0x000000064a700000, 0x000000064a700000, 0x000000064a800000|  0%| F|  |TAMS 0x000000064a700000, 0x000000064a700000| Untracked 
| 168|0x000000064a800000, 0x000000064a800000, 0x000000064a900000|  0%| F|  |TAMS 0x000000064a800000, 0x000000064a800000| Untracked 
| 169|0x000000064a900000, 0x000000064a900000, 0x000000064aa00000|  0%| F|  |TAMS 0x000000064a900000, 0x000000064a900000| Untracked 
| 170|0x000000064aa00000, 0x000000064aa00000, 0x000000064ab00000|  0%| F|  |TAMS 0x000000064aa00000, 0x000000064aa00000| Untracked 
| 171|0x000000064ab00000, 0x000000064ab00000, 0x000000064ac00000|  0%| F|  |TAMS 0x000000064ab00000, 0x000000064ab00000| Untracked 
| 172|0x000000064ac00000, 0x000000064ac00000, 0x000000064ad00000|  0%| F|  |TAMS 0x000000064ac00000, 0x000000064ac00000| Untracked 
| 173|0x000000064ad00000, 0x000000064ad00000, 0x000000064ae00000|  0%| F|  |TAMS 0x000000064ad00000, 0x000000064ad00000| Untracked 
| 174|0x000000064ae00000, 0x000000064ae00000, 0x000000064af00000|  0%| F|  |TAMS 0x000000064ae00000, 0x000000064ae00000| Untracked 
| 175|0x000000064af00000, 0x000000064af00000, 0x000000064b000000|  0%| F|  |TAMS 0x000000064af00000, 0x000000064af00000| Untracked 
| 176|0x000000064b000000, 0x000000064b000000, 0x000000064b100000|  0%| F|  |TAMS 0x000000064b000000, 0x000000064b000000| Untracked 
| 177|0x000000064b100000, 0x000000064b100000, 0x000000064b200000|  0%| F|  |TAMS 0x000000064b100000, 0x000000064b100000| Untracked 
| 178|0x000000064b200000, 0x000000064b200000, 0x000000064b300000|  0%| F|  |TAMS 0x000000064b200000, 0x000000064b200000| Untracked 
| 179|0x000000064b300000, 0x000000064b300000, 0x000000064b400000|  0%| F|  |TAMS 0x000000064b300000, 0x000000064b300000| Untracked 
| 180|0x000000064b400000, 0x000000064b400000, 0x000000064b500000|  0%| F|  |TAMS 0x000000064b400000, 0x000000064b400000| Untracked 
| 181|0x000000064b500000, 0x000000064b500000, 0x000000064b600000|  0%| F|  |TAMS 0x000000064b500000, 0x000000064b500000| Untracked 
| 182|0x000000064b600000, 0x000000064b600000, 0x000000064b700000|  0%| F|  |TAMS 0x000000064b600000, 0x000000064b600000| Untracked 
| 183|0x000000064b700000, 0x000000064b700000, 0x000000064b800000|  0%| F|  |TAMS 0x000000064b700000, 0x000000064b700000| Untracked 
| 184|0x000000064b800000, 0x000000064b800000, 0x000000064b900000|  0%| F|  |TAMS 0x000000064b800000, 0x000000064b800000| Untracked 
| 185|0x000000064b900000, 0x000000064b900000, 0x000000064ba00000|  0%| F|  |TAMS 0x000000064b900000, 0x000000064b900000| Untracked 
| 186|0x000000064ba00000, 0x000000064ba00000, 0x000000064bb00000|  0%| F|  |TAMS 0x000000064ba00000, 0x000000064ba00000| Untracked 
| 187|0x000000064bb00000, 0x000000064bb00000, 0x000000064bc00000|  0%| F|  |TAMS 0x000000064bb00000, 0x000000064bb00000| Untracked 
| 188|0x000000064bc00000, 0x000000064bc00000, 0x000000064bd00000|  0%| F|  |TAMS 0x000000064bc00000, 0x000000064bc00000| Untracked 
| 189|0x000000064bd00000, 0x000000064bd00000, 0x000000064be00000|  0%| F|  |TAMS 0x000000064bd00000, 0x000000064bd00000| Untracked 
| 190|0x000000064be00000, 0x000000064be00000, 0x000000064bf00000|  0%| F|  |TAMS 0x000000064be00000, 0x000000064be00000| Untracked 
| 191|0x000000064bf00000, 0x000000064bf00000, 0x000000064c000000|  0%| F|  |TAMS 0x000000064bf00000, 0x000000064bf00000| Untracked 
| 192|0x000000064c000000, 0x000000064c000000, 0x000000064c100000|  0%| F|  |TAMS 0x000000064c000000, 0x000000064c000000| Untracked 
| 193|0x000000064c100000, 0x000000064c100000, 0x000000064c200000|  0%| F|  |TAMS 0x000000064c100000, 0x000000064c100000| Untracked 
| 194|0x000000064c200000, 0x000000064c200000, 0x000000064c300000|  0%| F|  |TAMS 0x000000064c200000, 0x000000064c200000| Untracked 
| 195|0x000000064c300000, 0x000000064c300000, 0x000000064c400000|  0%| F|  |TAMS 0x000000064c300000, 0x000000064c300000| Untracked 
| 196|0x000000064c400000, 0x000000064c400000, 0x000000064c500000|  0%| F|  |TAMS 0x000000064c400000, 0x000000064c400000| Untracked 
| 197|0x000000064c500000, 0x000000064c500000, 0x000000064c600000|  0%| F|  |TAMS 0x000000064c500000, 0x000000064c500000| Untracked 
| 198|0x000000064c600000, 0x000000064c600000, 0x000000064c700000|  0%| F|  |TAMS 0x000000064c600000, 0x000000064c600000| Untracked 
| 199|0x000000064c700000, 0x000000064c700000, 0x000000064c800000|  0%| F|  |TAMS 0x000000064c700000, 0x000000064c700000| Untracked 
| 200|0x000000064c800000, 0x000000064c800000, 0x000000064c900000|  0%| F|  |TAMS 0x000000064c800000, 0x000000064c800000| Untracked 
| 201|0x000000064c900000, 0x000000064c900000, 0x000000064ca00000|  0%| F|  |TAMS 0x000000064c900000, 0x000000064c900000| Untracked 
| 202|0x000000064ca00000, 0x000000064ca00000, 0x000000064cb00000|  0%| F|  |TAMS 0x000000064ca00000, 0x000000064ca00000| Untracked 
| 203|0x000000064cb00000, 0x000000064cb00000, 0x000000064cc00000|  0%| F|  |TAMS 0x000000064cb00000, 0x000000064cb00000| Untracked 
| 204|0x000000064cc00000, 0x000000064cc00000, 0x000000064cd00000|  0%| F|  |TAMS 0x000000064cc00000, 0x000000064cc00000| Untracked 
| 205|0x000000064cd00000, 0x000000064cd00000, 0x000000064ce00000|  0%| F|  |TAMS 0x000000064cd00000, 0x000000064cd00000| Untracked 
| 206|0x000000064ce00000, 0x000000064ce00000, 0x000000064cf00000|  0%| F|  |TAMS 0x000000064ce00000, 0x000000064ce00000| Untracked 
| 207|0x000000064cf00000, 0x000000064cf00000, 0x000000064d000000|  0%| F|  |TAMS 0x000000064cf00000, 0x000000064cf00000| Untracked 
| 208|0x000000064d000000, 0x000000064d000000, 0x000000064d100000|  0%| F|  |TAMS 0x000000064d000000, 0x000000064d000000| Untracked 
| 209|0x000000064d100000, 0x000000064d100000, 0x000000064d200000|  0%| F|  |TAMS 0x000000064d100000, 0x000000064d100000| Untracked 
| 210|0x000000064d200000, 0x000000064d200000, 0x000000064d300000|  0%| F|  |TAMS 0x000000064d200000, 0x000000064d200000| Untracked 
| 211|0x000000064d300000, 0x000000064d300000, 0x000000064d400000|  0%| F|  |TAMS 0x000000064d300000, 0x000000064d300000| Untracked 
| 212|0x000000064d400000, 0x000000064d400000, 0x000000064d500000|  0%| F|  |TAMS 0x000000064d400000, 0x000000064d400000| Untracked 
| 213|0x000000064d500000, 0x000000064d500000, 0x000000064d600000|  0%| F|  |TAMS 0x000000064d500000, 0x000000064d500000| Untracked 
| 214|0x000000064d600000, 0x000000064d600000, 0x000000064d700000|  0%| F|  |TAMS 0x000000064d600000, 0x000000064d600000| Untracked 
| 215|0x000000064d700000, 0x000000064d700000, 0x000000064d800000|  0%| F|  |TAMS 0x000000064d700000, 0x000000064d700000| Untracked 
| 216|0x000000064d800000, 0x000000064d800000, 0x000000064d900000|  0%| F|  |TAMS 0x000000064d800000, 0x000000064d800000| Untracked 
| 217|0x000000064d900000, 0x000000064d900000, 0x000000064da00000|  0%| F|  |TAMS 0x000000064d900000, 0x000000064d900000| Untracked 
| 218|0x000000064da00000, 0x000000064da00000, 0x000000064db00000|  0%| F|  |TAMS 0x000000064da00000, 0x000000064da00000| Untracked 
| 219|0x000000064db00000, 0x000000064db00000, 0x000000064dc00000|  0%| F|  |TAMS 0x000000064db00000, 0x000000064db00000| Untracked 
| 220|0x000000064dc00000, 0x000000064dc00000, 0x000000064dd00000|  0%| F|  |TAMS 0x000000064dc00000, 0x000000064dc00000| Untracked 
| 221|0x000000064dd00000, 0x000000064dd00000, 0x000000064de00000|  0%| F|  |TAMS 0x000000064dd00000, 0x000000064dd00000| Untracked 
| 222|0x000000064de00000, 0x000000064de00000, 0x000000064df00000|  0%| F|  |TAMS 0x000000064de00000, 0x000000064de00000| Untracked 
| 223|0x000000064df00000, 0x000000064df00000, 0x000000064e000000|  0%| F|  |TAMS 0x000000064df00000, 0x000000064df00000| Untracked 
| 224|0x000000064e000000, 0x000000064e000000, 0x000000064e100000|  0%| F|  |TAMS 0x000000064e000000, 0x000000064e000000| Untracked 
| 225|0x000000064e100000, 0x000000064e100000, 0x000000064e200000|  0%| F|  |TAMS 0x000000064e100000, 0x000000064e100000| Untracked 
| 226|0x000000064e200000, 0x000000064e200000, 0x000000064e300000|  0%| F|  |TAMS 0x000000064e200000, 0x000000064e200000| Untracked 
| 227|0x000000064e300000, 0x000000064e300000, 0x000000064e400000|  0%| F|  |TAMS 0x000000064e300000, 0x000000064e300000| Untracked 
| 228|0x000000064e400000, 0x000000064e400000, 0x000000064e500000|  0%| F|  |TAMS 0x000000064e400000, 0x000000064e400000| Untracked 
| 229|0x000000064e500000, 0x000000064e500000, 0x000000064e600000|  0%| F|  |TAMS 0x000000064e500000, 0x000000064e500000| Untracked 
| 230|0x000000064e600000, 0x000000064e600000, 0x000000064e700000|  0%| F|  |TAMS 0x000000064e600000, 0x000000064e600000| Untracked 
| 231|0x000000064e700000, 0x000000064e700000, 0x000000064e800000|  0%| F|  |TAMS 0x000000064e700000, 0x000000064e700000| Untracked 
| 232|0x000000064e800000, 0x000000064e800000, 0x000000064e900000|  0%| F|  |TAMS 0x000000064e800000, 0x000000064e800000| Untracked 
| 233|0x000000064e900000, 0x000000064e900000, 0x000000064ea00000|  0%| F|  |TAMS 0x000000064e900000, 0x000000064e900000| Untracked 
| 234|0x000000064ea00000, 0x000000064ea00000, 0x000000064eb00000|  0%| F|  |TAMS 0x000000064ea00000, 0x000000064ea00000| Untracked 
| 235|0x000000064eb00000, 0x000000064eb00000, 0x000000064ec00000|  0%| F|  |TAMS 0x000000064eb00000, 0x000000064eb00000| Untracked 
| 236|0x000000064ec00000, 0x000000064ec00000, 0x000000064ed00000|  0%| F|  |TAMS 0x000000064ec00000, 0x000000064ec00000| Untracked 
| 237|0x000000064ed00000, 0x000000064ed00000, 0x000000064ee00000|  0%| F|  |TAMS 0x000000064ed00000, 0x000000064ed00000| Untracked 
| 238|0x000000064ee00000, 0x000000064ee00000, 0x000000064ef00000|  0%| F|  |TAMS 0x000000064ee00000, 0x000000064ee00000| Untracked 
| 239|0x000000064ef00000, 0x000000064ef00000, 0x000000064f000000|  0%| F|  |TAMS 0x000000064ef00000, 0x000000064ef00000| Untracked 
| 240|0x000000064f000000, 0x000000064f000000, 0x000000064f100000|  0%| F|  |TAMS 0x000000064f000000, 0x000000064f000000| Untracked 
| 241|0x000000064f100000, 0x000000064f100000, 0x000000064f200000|  0%| F|  |TAMS 0x000000064f100000, 0x000000064f100000| Untracked 
| 242|0x000000064f200000, 0x000000064f200000, 0x000000064f300000|  0%| F|  |TAMS 0x000000064f200000, 0x000000064f200000| Untracked 
| 243|0x000000064f300000, 0x000000064f300000, 0x000000064f400000|  0%| F|  |TAMS 0x000000064f300000, 0x000000064f300000| Untracked 
| 244|0x000000064f400000, 0x000000064f400000, 0x000000064f500000|  0%| F|  |TAMS 0x000000064f400000, 0x000000064f400000| Untracked 
| 245|0x000000064f500000, 0x000000064f500000, 0x000000064f600000|  0%| F|  |TAMS 0x000000064f500000, 0x000000064f500000| Untracked 
| 246|0x000000064f600000, 0x000000064f600000, 0x000000064f700000|  0%| F|  |TAMS 0x000000064f600000, 0x000000064f600000| Untracked 
| 247|0x000000064f700000, 0x000000064f700000, 0x000000064f800000|  0%| F|  |TAMS 0x000000064f700000, 0x000000064f700000| Untracked 
| 248|0x000000064f800000, 0x000000064f800000, 0x000000064f900000|  0%| F|  |TAMS 0x000000064f800000, 0x000000064f800000| Untracked 
| 249|0x000000064f900000, 0x000000064f900000, 0x000000064fa00000|  0%| F|  |TAMS 0x000000064f900000, 0x000000064f900000| Untracked 
| 250|0x000000064fa00000, 0x000000064fa00000, 0x000000064fb00000|  0%| F|  |TAMS 0x000000064fa00000, 0x000000064fa00000| Untracked 
| 251|0x000000064fb00000, 0x000000064fb00000, 0x000000064fc00000|  0%| F|  |TAMS 0x000000064fb00000, 0x000000064fb00000| Untracked 
| 252|0x000000064fc00000, 0x000000064fc00000, 0x000000064fd00000|  0%| F|  |TAMS 0x000000064fc00000, 0x000000064fc00000| Untracked 
| 253|0x000000064fd00000, 0x000000064fd00000, 0x000000064fe00000|  0%| F|  |TAMS 0x000000064fd00000, 0x000000064fd00000| Untracked 
| 254|0x000000064fe00000, 0x000000064fe00000, 0x000000064ff00000|  0%| F|  |TAMS 0x000000064fe00000, 0x000000064fe00000| Untracked 
| 255|0x000000064ff00000, 0x000000064ff00000, 0x0000000650000000|  0%| F|  |TAMS 0x000000064ff00000, 0x000000064ff00000| Untracked 
| 256|0x0000000650000000, 0x0000000650000000, 0x0000000650100000|  0%| F|  |TAMS 0x0000000650000000, 0x0000000650000000| Untracked 
| 257|0x0000000650100000, 0x0000000650100000, 0x0000000650200000|  0%| F|  |TAMS 0x0000000650100000, 0x0000000650100000| Untracked 
| 258|0x0000000650200000, 0x0000000650200000, 0x0000000650300000|  0%| F|  |TAMS 0x0000000650200000, 0x0000000650200000| Untracked 
| 259|0x0000000650300000, 0x0000000650300000, 0x0000000650400000|  0%| F|  |TAMS 0x0000000650300000, 0x0000000650300000| Untracked 
| 260|0x0000000650400000, 0x0000000650400000, 0x0000000650500000|  0%| F|  |TAMS 0x0000000650400000, 0x0000000650400000| Untracked 
| 261|0x0000000650500000, 0x0000000650500000, 0x0000000650600000|  0%| F|  |TAMS 0x0000000650500000, 0x0000000650500000| Untracked 
| 262|0x0000000650600000, 0x0000000650600000, 0x0000000650700000|  0%| F|  |TAMS 0x0000000650600000, 0x0000000650600000| Untracked 
| 263|0x0000000650700000, 0x0000000650700000, 0x0000000650800000|  0%| F|  |TAMS 0x0000000650700000, 0x0000000650700000| Untracked 
| 264|0x0000000650800000, 0x0000000650800000, 0x0000000650900000|  0%| F|  |TAMS 0x0000000650800000, 0x0000000650800000| Untracked 
| 265|0x0000000650900000, 0x0000000650900000, 0x0000000650a00000|  0%| F|  |TAMS 0x0000000650900000, 0x0000000650900000| Untracked 
| 266|0x0000000650a00000, 0x0000000650a00000, 0x0000000650b00000|  0%| F|  |TAMS 0x0000000650a00000, 0x0000000650a00000| Untracked 
| 267|0x0000000650b00000, 0x0000000650b00000, 0x0000000650c00000|  0%| F|  |TAMS 0x0000000650b00000, 0x0000000650b00000| Untracked 
| 268|0x0000000650c00000, 0x0000000650c00000, 0x0000000650d00000|  0%| F|  |TAMS 0x0000000650c00000, 0x0000000650c00000| Untracked 
| 269|0x0000000650d00000, 0x0000000650d00000, 0x0000000650e00000|  0%| F|  |TAMS 0x0000000650d00000, 0x0000000650d00000| Untracked 
| 270|0x0000000650e00000, 0x0000000650e00000, 0x0000000650f00000|  0%| F|  |TAMS 0x0000000650e00000, 0x0000000650e00000| Untracked 
| 271|0x0000000650f00000, 0x0000000650f00000, 0x0000000651000000|  0%| F|  |TAMS 0x0000000650f00000, 0x0000000650f00000| Untracked 
| 272|0x0000000651000000, 0x0000000651000000, 0x0000000651100000|  0%| F|  |TAMS 0x0000000651000000, 0x0000000651000000| Untracked 
| 273|0x0000000651100000, 0x0000000651100000, 0x0000000651200000|  0%| F|  |TAMS 0x0000000651100000, 0x0000000651100000| Untracked 
| 274|0x0000000651200000, 0x0000000651200000, 0x0000000651300000|  0%| F|  |TAMS 0x0000000651200000, 0x0000000651200000| Untracked 
| 275|0x0000000651300000, 0x0000000651300000, 0x0000000651400000|  0%| F|  |TAMS 0x0000000651300000, 0x0000000651300000| Untracked 
| 276|0x0000000651400000, 0x0000000651400000, 0x0000000651500000|  0%| F|  |TAMS 0x0000000651400000, 0x0000000651400000| Untracked 
| 277|0x0000000651500000, 0x0000000651500000, 0x0000000651600000|  0%| F|  |TAMS 0x0000000651500000, 0x0000000651500000| Untracked 
| 278|0x0000000651600000, 0x0000000651600000, 0x0000000651700000|  0%| F|  |TAMS 0x0000000651600000, 0x0000000651600000| Untracked 
| 279|0x0000000651700000, 0x0000000651700000, 0x0000000651800000|  0%| F|  |TAMS 0x0000000651700000, 0x0000000651700000| Untracked 
| 280|0x0000000651800000, 0x0000000651800000, 0x0000000651900000|  0%| F|  |TAMS 0x0000000651800000, 0x0000000651800000| Untracked 
| 281|0x0000000651900000, 0x0000000651900000, 0x0000000651a00000|  0%| F|  |TAMS 0x0000000651900000, 0x0000000651900000| Untracked 
| 282|0x0000000651a00000, 0x0000000651a00000, 0x0000000651b00000|  0%| F|  |TAMS 0x0000000651a00000, 0x0000000651a00000| Untracked 
| 283|0x0000000651b00000, 0x0000000651b00000, 0x0000000651c00000|  0%| F|  |TAMS 0x0000000651b00000, 0x0000000651b00000| Untracked 
| 284|0x0000000651c00000, 0x0000000651c00000, 0x0000000651d00000|  0%| F|  |TAMS 0x0000000651c00000, 0x0000000651c00000| Untracked 
| 285|0x0000000651d00000, 0x0000000651d00000, 0x0000000651e00000|  0%| F|  |TAMS 0x0000000651d00000, 0x0000000651d00000| Untracked 
| 286|0x0000000651e00000, 0x0000000651e00000, 0x0000000651f00000|  0%| F|  |TAMS 0x0000000651e00000, 0x0000000651e00000| Untracked 
| 287|0x0000000651f00000, 0x0000000651f00000, 0x0000000652000000|  0%| F|  |TAMS 0x0000000651f00000, 0x0000000651f00000| Untracked 
| 288|0x0000000652000000, 0x0000000652000000, 0x0000000652100000|  0%| F|  |TAMS 0x0000000652000000, 0x0000000652000000| Untracked 
| 289|0x0000000652100000, 0x0000000652100000, 0x0000000652200000|  0%| F|  |TAMS 0x0000000652100000, 0x0000000652100000| Untracked 
| 290|0x0000000652200000, 0x0000000652200000, 0x0000000652300000|  0%| F|  |TAMS 0x0000000652200000, 0x0000000652200000| Untracked 
| 291|0x0000000652300000, 0x0000000652300000, 0x0000000652400000|  0%| F|  |TAMS 0x0000000652300000, 0x0000000652300000| Untracked 
| 292|0x0000000652400000, 0x0000000652400000, 0x0000000652500000|  0%| F|  |TAMS 0x0000000652400000, 0x0000000652400000| Untracked 
| 293|0x0000000652500000, 0x0000000652500000, 0x0000000652600000|  0%| F|  |TAMS 0x0000000652500000, 0x0000000652500000| Untracked 
| 294|0x0000000652600000, 0x0000000652600000, 0x0000000652700000|  0%| F|  |TAMS 0x0000000652600000, 0x0000000652600000| Untracked 
| 295|0x0000000652700000, 0x0000000652700000, 0x0000000652800000|  0%| F|  |TAMS 0x0000000652700000, 0x0000000652700000| Untracked 
| 296|0x0000000652800000, 0x0000000652800000, 0x0000000652900000|  0%| F|  |TAMS 0x0000000652800000, 0x0000000652800000| Untracked 
| 297|0x0000000652900000, 0x0000000652900000, 0x0000000652a00000|  0%| F|  |TAMS 0x0000000652900000, 0x0000000652900000| Untracked 
| 298|0x0000000652a00000, 0x0000000652a00000, 0x0000000652b00000|  0%| F|  |TAMS 0x0000000652a00000, 0x0000000652a00000| Untracked 
| 299|0x0000000652b00000, 0x0000000652b00000, 0x0000000652c00000|  0%| F|  |TAMS 0x0000000652b00000, 0x0000000652b00000| Untracked 
| 300|0x0000000652c00000, 0x0000000652c00000, 0x0000000652d00000|  0%| F|  |TAMS 0x0000000652c00000, 0x0000000652c00000| Untracked 
| 301|0x0000000652d00000, 0x0000000652d00000, 0x0000000652e00000|  0%| F|  |TAMS 0x0000000652d00000, 0x0000000652d00000| Untracked 
| 302|0x0000000652e00000, 0x0000000652e00000, 0x0000000652f00000|  0%| F|  |TAMS 0x0000000652e00000, 0x0000000652e00000| Untracked 
| 303|0x0000000652f00000, 0x0000000652f00000, 0x0000000653000000|  0%| F|  |TAMS 0x0000000652f00000, 0x0000000652f00000| Untracked 
| 304|0x0000000653000000, 0x0000000653000000, 0x0000000653100000|  0%| F|  |TAMS 0x0000000653000000, 0x0000000653000000| Untracked 
| 305|0x0000000653100000, 0x0000000653100000, 0x0000000653200000|  0%| F|  |TAMS 0x0000000653100000, 0x0000000653100000| Untracked 
| 306|0x0000000653200000, 0x0000000653200000, 0x0000000653300000|  0%| F|  |TAMS 0x0000000653200000, 0x0000000653200000| Untracked 
| 307|0x0000000653300000, 0x0000000653300000, 0x0000000653400000|  0%| F|  |TAMS 0x0000000653300000, 0x0000000653300000| Untracked 
| 308|0x0000000653400000, 0x0000000653400000, 0x0000000653500000|  0%| F|  |TAMS 0x0000000653400000, 0x0000000653400000| Untracked 
| 309|0x0000000653500000, 0x0000000653500000, 0x0000000653600000|  0%| F|  |TAMS 0x0000000653500000, 0x0000000653500000| Untracked 
| 310|0x0000000653600000, 0x0000000653600000, 0x0000000653700000|  0%| F|  |TAMS 0x0000000653600000, 0x0000000653600000| Untracked 
| 311|0x0000000653700000, 0x0000000653700000, 0x0000000653800000|  0%| F|  |TAMS 0x0000000653700000, 0x0000000653700000| Untracked 
| 312|0x0000000653800000, 0x0000000653800000, 0x0000000653900000|  0%| F|  |TAMS 0x0000000653800000, 0x0000000653800000| Untracked 
| 313|0x0000000653900000, 0x0000000653900000, 0x0000000653a00000|  0%| F|  |TAMS 0x0000000653900000, 0x0000000653900000| Untracked 
| 314|0x0000000653a00000, 0x0000000653a00000, 0x0000000653b00000|  0%| F|  |TAMS 0x0000000653a00000, 0x0000000653a00000| Untracked 
| 315|0x0000000653b00000, 0x0000000653b00000, 0x0000000653c00000|  0%| F|  |TAMS 0x0000000653b00000, 0x0000000653b00000| Untracked 
| 316|0x0000000653c00000, 0x0000000653c00000, 0x0000000653d00000|  0%| F|  |TAMS 0x0000000653c00000, 0x0000000653c00000| Untracked 
| 317|0x0000000653d00000, 0x0000000653d00000, 0x0000000653e00000|  0%| F|  |TAMS 0x0000000653d00000, 0x0000000653d00000| Untracked 
| 318|0x0000000653e00000, 0x0000000653e00000, 0x0000000653f00000|  0%| F|  |TAMS 0x0000000653e00000, 0x0000000653e00000| Untracked 
| 319|0x0000000653f00000, 0x0000000653f00000, 0x0000000654000000|  0%| F|  |TAMS 0x0000000653f00000, 0x0000000653f00000| Untracked 
| 320|0x0000000654000000, 0x0000000654000000, 0x0000000654100000|  0%| F|  |TAMS 0x0000000654000000, 0x0000000654000000| Untracked 
| 321|0x0000000654100000, 0x0000000654100000, 0x0000000654200000|  0%| F|  |TAMS 0x0000000654100000, 0x0000000654100000| Untracked 
| 322|0x0000000654200000, 0x0000000654200000, 0x0000000654300000|  0%| F|  |TAMS 0x0000000654200000, 0x0000000654200000| Untracked 
| 323|0x0000000654300000, 0x0000000654300000, 0x0000000654400000|  0%| F|  |TAMS 0x0000000654300000, 0x0000000654300000| Untracked 
| 324|0x0000000654400000, 0x0000000654400000, 0x0000000654500000|  0%| F|  |TAMS 0x0000000654400000, 0x0000000654400000| Untracked 
| 325|0x0000000654500000, 0x0000000654500000, 0x0000000654600000|  0%| F|  |TAMS 0x0000000654500000, 0x0000000654500000| Untracked 
| 326|0x0000000654600000, 0x0000000654600000, 0x0000000654700000|  0%| F|  |TAMS 0x0000000654600000, 0x0000000654600000| Untracked 
| 327|0x0000000654700000, 0x0000000654700000, 0x0000000654800000|  0%| F|  |TAMS 0x0000000654700000, 0x0000000654700000| Untracked 
| 328|0x0000000654800000, 0x0000000654800000, 0x0000000654900000|  0%| F|  |TAMS 0x0000000654800000, 0x0000000654800000| Untracked 
| 329|0x0000000654900000, 0x0000000654900000, 0x0000000654a00000|  0%| F|  |TAMS 0x0000000654900000, 0x0000000654900000| Untracked 
| 330|0x0000000654a00000, 0x0000000654a00000, 0x0000000654b00000|  0%| F|  |TAMS 0x0000000654a00000, 0x0000000654a00000| Untracked 
| 331|0x0000000654b00000, 0x0000000654b00000, 0x0000000654c00000|  0%| F|  |TAMS 0x0000000654b00000, 0x0000000654b00000| Untracked 
| 332|0x0000000654c00000, 0x0000000654c00000, 0x0000000654d00000|  0%| F|  |TAMS 0x0000000654c00000, 0x0000000654c00000| Untracked 
| 333|0x0000000654d00000, 0x0000000654d00000, 0x0000000654e00000|  0%| F|  |TAMS 0x0000000654d00000, 0x0000000654d00000| Untracked 
| 334|0x0000000654e00000, 0x0000000654e00000, 0x0000000654f00000|  0%| F|  |TAMS 0x0000000654e00000, 0x0000000654e00000| Untracked 
| 335|0x0000000654f00000, 0x0000000654f00000, 0x0000000655000000|  0%| F|  |TAMS 0x0000000654f00000, 0x0000000654f00000| Untracked 
| 336|0x0000000655000000, 0x0000000655000000, 0x0000000655100000|  0%| F|  |TAMS 0x0000000655000000, 0x0000000655000000| Untracked 
| 337|0x0000000655100000, 0x0000000655100000, 0x0000000655200000|  0%| F|  |TAMS 0x0000000655100000, 0x0000000655100000| Untracked 
| 338|0x0000000655200000, 0x0000000655200000, 0x0000000655300000|  0%| F|  |TAMS 0x0000000655200000, 0x0000000655200000| Untracked 
| 339|0x0000000655300000, 0x0000000655300000, 0x0000000655400000|  0%| F|  |TAMS 0x0000000655300000, 0x0000000655300000| Untracked 
| 340|0x0000000655400000, 0x0000000655400000, 0x0000000655500000|  0%| F|  |TAMS 0x0000000655400000, 0x0000000655400000| Untracked 
| 341|0x0000000655500000, 0x0000000655500000, 0x0000000655600000|  0%| F|  |TAMS 0x0000000655500000, 0x0000000655500000| Untracked 
| 342|0x0000000655600000, 0x0000000655600000, 0x0000000655700000|  0%| F|  |TAMS 0x0000000655600000, 0x0000000655600000| Untracked 
| 343|0x0000000655700000, 0x0000000655700000, 0x0000000655800000|  0%| F|  |TAMS 0x0000000655700000, 0x0000000655700000| Untracked 
| 344|0x0000000655800000, 0x0000000655800000, 0x0000000655900000|  0%| F|  |TAMS 0x0000000655800000, 0x0000000655800000| Untracked 
| 345|0x0000000655900000, 0x0000000655900000, 0x0000000655a00000|  0%| F|  |TAMS 0x0000000655900000, 0x0000000655900000| Untracked 
| 346|0x0000000655a00000, 0x0000000655a00000, 0x0000000655b00000|  0%| F|  |TAMS 0x0000000655a00000, 0x0000000655a00000| Untracked 
| 347|0x0000000655b00000, 0x0000000655b00000, 0x0000000655c00000|  0%| F|  |TAMS 0x0000000655b00000, 0x0000000655b00000| Untracked 
| 348|0x0000000655c00000, 0x0000000655c00000, 0x0000000655d00000|  0%| F|  |TAMS 0x0000000655c00000, 0x0000000655c00000| Untracked 
| 349|0x0000000655d00000, 0x0000000655d00000, 0x0000000655e00000|  0%| F|  |TAMS 0x0000000655d00000, 0x0000000655d00000| Untracked 
| 350|0x0000000655e00000, 0x0000000655e00000, 0x0000000655f00000|  0%| F|  |TAMS 0x0000000655e00000, 0x0000000655e00000| Untracked 
| 351|0x0000000655f00000, 0x0000000655f00000, 0x0000000656000000|  0%| F|  |TAMS 0x0000000655f00000, 0x0000000655f00000| Untracked 
| 352|0x0000000656000000, 0x0000000656000000, 0x0000000656100000|  0%| F|  |TAMS 0x0000000656000000, 0x0000000656000000| Untracked 
| 353|0x0000000656100000, 0x0000000656100000, 0x0000000656200000|  0%| F|  |TAMS 0x0000000656100000, 0x0000000656100000| Untracked 
| 354|0x0000000656200000, 0x0000000656200000, 0x0000000656300000|  0%| F|  |TAMS 0x0000000656200000, 0x0000000656200000| Untracked 
| 355|0x0000000656300000, 0x0000000656300000, 0x0000000656400000|  0%| F|  |TAMS 0x0000000656300000, 0x0000000656300000| Untracked 
| 356|0x0000000656400000, 0x0000000656400000, 0x0000000656500000|  0%| F|  |TAMS 0x0000000656400000, 0x0000000656400000| Untracked 
| 357|0x0000000656500000, 0x0000000656500000, 0x0000000656600000|  0%| F|  |TAMS 0x0000000656500000, 0x0000000656500000| Untracked 
| 358|0x0000000656600000, 0x0000000656600000, 0x0000000656700000|  0%| F|  |TAMS 0x0000000656600000, 0x0000000656600000| Untracked 
| 359|0x0000000656700000, 0x0000000656700000, 0x0000000656800000|  0%| F|  |TAMS 0x0000000656700000, 0x0000000656700000| Untracked 
| 360|0x0000000656800000, 0x0000000656800000, 0x0000000656900000|  0%| F|  |TAMS 0x0000000656800000, 0x0000000656800000| Untracked 
| 361|0x0000000656900000, 0x0000000656900000, 0x0000000656a00000|  0%| F|  |TAMS 0x0000000656900000, 0x0000000656900000| Untracked 
| 362|0x0000000656a00000, 0x0000000656a00000, 0x0000000656b00000|  0%| F|  |TAMS 0x0000000656a00000, 0x0000000656a00000| Untracked 
| 363|0x0000000656b00000, 0x0000000656b00000, 0x0000000656c00000|  0%| F|  |TAMS 0x0000000656b00000, 0x0000000656b00000| Untracked 
| 364|0x0000000656c00000, 0x0000000656c00000, 0x0000000656d00000|  0%| F|  |TAMS 0x0000000656c00000, 0x0000000656c00000| Untracked 
| 365|0x0000000656d00000, 0x0000000656d00000, 0x0000000656e00000|  0%| F|  |TAMS 0x0000000656d00000, 0x0000000656d00000| Untracked 
| 366|0x0000000656e00000, 0x0000000656e00000, 0x0000000656f00000|  0%| F|  |TAMS 0x0000000656e00000, 0x0000000656e00000| Untracked 
| 367|0x0000000656f00000, 0x0000000656f00000, 0x0000000657000000|  0%| F|  |TAMS 0x0000000656f00000, 0x0000000656f00000| Untracked 
| 368|0x0000000657000000, 0x0000000657000000, 0x0000000657100000|  0%| F|  |TAMS 0x0000000657000000, 0x0000000657000000| Untracked 
| 369|0x0000000657100000, 0x0000000657100000, 0x0000000657200000|  0%| F|  |TAMS 0x0000000657100000, 0x0000000657100000| Untracked 
| 370|0x0000000657200000, 0x0000000657200000, 0x0000000657300000|  0%| F|  |TAMS 0x0000000657200000, 0x0000000657200000| Untracked 
| 371|0x0000000657300000, 0x0000000657300000, 0x0000000657400000|  0%| F|  |TAMS 0x0000000657300000, 0x0000000657300000| Untracked 
| 372|0x0000000657400000, 0x0000000657400000, 0x0000000657500000|  0%| F|  |TAMS 0x0000000657400000, 0x0000000657400000| Untracked 
| 373|0x0000000657500000, 0x0000000657500000, 0x0000000657600000|  0%| F|  |TAMS 0x0000000657500000, 0x0000000657500000| Untracked 
| 374|0x0000000657600000, 0x0000000657600000, 0x0000000657700000|  0%| F|  |TAMS 0x0000000657600000, 0x0000000657600000| Untracked 
| 375|0x0000000657700000, 0x0000000657700000, 0x0000000657800000|  0%| F|  |TAMS 0x0000000657700000, 0x0000000657700000| Untracked 
| 376|0x0000000657800000, 0x0000000657800000, 0x0000000657900000|  0%| F|  |TAMS 0x0000000657800000, 0x0000000657800000| Untracked 
| 377|0x0000000657900000, 0x0000000657949e40, 0x0000000657a00000| 28%| E|  |TAMS 0x0000000657900000, 0x0000000657900000| Complete 
| 378|0x0000000657a00000, 0x0000000657b00000, 0x0000000657b00000|100%| E|CS|TAMS 0x0000000657a00000, 0x0000000657a00000| Complete 
| 379|0x0000000657b00000, 0x0000000657c00000, 0x0000000657c00000|100%| E|CS|TAMS 0x0000000657b00000, 0x0000000657b00000| Complete 
| 380|0x0000000657c00000, 0x0000000657d00000, 0x0000000657d00000|100%| E|CS|TAMS 0x0000000657c00000, 0x0000000657c00000| Complete 
| 381|0x0000000657d00000, 0x0000000657e00000, 0x0000000657e00000|100%| E|CS|TAMS 0x0000000657d00000, 0x0000000657d00000| Complete 
| 382|0x0000000657e00000, 0x0000000657f00000, 0x0000000657f00000|100%| E|CS|TAMS 0x0000000657e00000, 0x0000000657e00000| Complete 
| 383|0x0000000657f00000, 0x0000000658000000, 0x0000000658000000|100%| E|CS|TAMS 0x0000000657f00000, 0x0000000657f00000| Complete 

Card table byte_map: [0x000000011a2f0000,0x000000011aef0000] _byte_map_base: 0x00000001170f0000

Marking Bits (Prev, Next): (CMBitMap*) 0x0000000140834018, (CMBitMap*) 0x0000000140834050
 Prev Bits: [0x0000000128000000, 0x000000012e000000)
 Next Bits: [0x0000000138000000, 0x000000013e000000)

Polling page: 0x0000000100604000

Metaspace:

Usage:
  Non-class:     48.31 MB capacity,    47.66 MB ( 99%) used,   529.70 KB (  1%) free+waste,   133.75 KB ( <1%) overhead. 
      Class:      7.84 MB capacity,     7.40 MB ( 94%) used,   384.98 KB (  5%) free+waste,    67.69 KB ( <1%) overhead. 
       Both:     56.15 MB capacity,    55.06 MB ( 98%) used,   914.68 KB (  2%) free+waste,   201.44 KB ( <1%) overhead. 

Virtual space:
  Non-class space:       50.00 MB reserved,      48.42 MB ( 97%) committed 
      Class space:        1.00 GB reserved,       7.88 MB ( <1%) committed 
             Both:        1.05 GB reserved,      56.30 MB (  5%) committed 

Chunk freelists:
   Non-Class:  49.00 KB
       Class:  6.00 KB
        Both:  55.00 KB

MaxMetaspaceSize: unlimited
CompressedClassSpaceSize: 1.00 GB
Initial GC threshold: 20.80 MB
Current GC threshold: 58.83 MB
CDS: off

CodeHeap 'non-profiled nmethods': size=238384Kb used=8978Kb max_used=8978Kb free=229405Kb
 bounds [0x000000010ae24000, 0x000000010b6f4000, 0x00000001196f0000]
CodeHeap 'non-nmethods': size=7376Kb used=1264Kb max_used=1264Kb free=6111Kb
 bounds [0x000000010a6f0000, 0x000000010a960000, 0x000000010ae24000]
 total_blobs=5666 nmethods=5072 adapters=524
 compilation: enabled
              stopped_count=0, restarted_count=0
 full_count=0

Compilation events (20 events):
Event: 21.292 Thread 0x000000013f00b000 5486       1       org.apache.skywalking.apm.dependencies.net.bytebuddy.pool.TypePool$Default$AnnotationRegistrant$AbstractBase$ForTypeVariable::getTokens (45 bytes)
Event: 21.292 Thread 0x000000013f00b000 nmethod 5486 0x000000010b6e3010 code [0x000000010b6e3200, 0x000000010b6e3560]
Event: 21.295 Thread 0x000000013f00b000 5489       1       java.util.Properties::getProperty (50 bytes)
Event: 21.296 Thread 0x000000013f00b000 nmethod 5489 0x000000010b6e3710 code [0x000000010b6e38c0, 0x000000010b6e3b70]
Event: 21.296 Thread 0x000000013f00b000 5488       1       java.lang.Module::getClassLoader (20 bytes)
Event: 21.296 Thread 0x000000013f00b000 nmethod 5488 0x000000010b6e3c90 code [0x000000010b6e3e40, 0x000000010b6e4000]
Event: 21.397 Thread 0x000000013f00b000 5500       1       java.lang.StringCoding::encodeASCII (158 bytes)
Event: 21.397 Thread 0x000000013f00b000 nmethod 5500 0x000000010b6e4110 code [0x000000010b6e4300, 0x000000010b6e4940]
Event: 21.397 Thread 0x000000013f00b000 5501       1       com.alibaba.nacos.shaded.io.grpc.netty.shaded.io.netty.util.AsciiString::c2b (15 bytes)
Event: 21.397 Thread 0x000000013f00b000 nmethod 5501 0x000000010b6e4b90 code [0x000000010b6e4d40, 0x000000010b6e4e50]
Event: 21.416 Thread 0x000000013f00b000 5502       1       java.lang.invoke.LambdaFormBuffer::insertName (106 bytes)
Event: 21.416 Thread 0x000000013f00b000 nmethod 5502 0x000000010b6e4f10 code [0x000000010b6e50c0, 0x000000010b6e52b0]
Event: 21.417 Thread 0x000000013f00b000 5503       1       java.lang.invoke.LambdaFormBuffer::growNames (281 bytes)
Event: 21.417 Thread 0x000000013f00b000 nmethod 5503 0x000000010b6e5390 code [0x000000010b6e55c0, 0x000000010b6e5db0]
Event: 21.417 Thread 0x000000013f00b000 5504       1       java.lang.invoke.MethodType::insertParameterTypes (10 bytes)
Event: 21.417 Thread 0x000000013f00b000 nmethod 5504 0x000000010b6e6190 code [0x000000010b6e6380, 0x000000010b6e6610]
Event: 21.421 Thread 0x000000013f00b000 5508       1       java.lang.invoke.InvokerBytecodeGenerator::emitReturnInsn (126 bytes)
Event: 21.422 Thread 0x000000013f00b000 nmethod 5508 0x000000010b6e7390 code [0x000000010b6e75c0, 0x000000010b6e7b20]
Event: 21.422 Thread 0x000000013f00b000 5509       1       sun.invoke.util.VerifyType::isNullReferenceConversion (45 bytes)
Event: 21.422 Thread 0x000000013f00b000 nmethod 5509 0x000000010b6e7e10 code [0x000000010b6e7fc0, 0x000000010b6e81f0]

GC Heap History (20 events):
Event: 12.605 GC heap before
{Heap before GC invocations=3 (full 0):
 garbage-first heap   total 393216K, used 80138K [0x0000000640000000, 0x00000007c0000000)
  region size 1024K, 64 young (65536K), 5 survivors (5120K)
 Metaspace       used 12172K, capacity 12349K, committed 12544K, reserved 1060864K
  class space    used 1380K, capacity 1457K, committed 1536K, reserved 1048576K
}
Event: 12.615 GC heap after
{Heap after GC invocations=4 (full 0):
 garbage-first heap   total 393216K, used 20518K [0x0000000640000000, 0x00000007c0000000)
  region size 1024K, 4 young (4096K), 4 survivors (4096K)
 Metaspace       used 12172K, capacity 12349K, committed 12544K, reserved 1060864K
  class space    used 1380K, capacity 1457K, committed 1536K, reserved 1048576K
}
Event: 13.268 GC heap before
{Heap before GC invocations=4 (full 0):
 garbage-first heap   total 393216K, used 114726K [0x0000000640000000, 0x00000007c0000000)
  region size 1024K, 96 young (98304K), 4 survivors (4096K)
 Metaspace       used 15597K, capacity 15918K, committed 16256K, reserved 1062912K
  class space    used 2000K, capacity 2091K, committed 2176K, reserved 1048576K
}
Event: 13.272 GC heap after
{Heap after GC invocations=5 (full 0):
 garbage-first heap   total 393216K, used 21078K [0x0000000640000000, 0x00000007c0000000)
  region size 1024K, 4 young (4096K), 4 survivors (4096K)
 Metaspace       used 15597K, capacity 15918K, committed 16256K, reserved 1062912K
  class space    used 2000K, capacity 2091K, committed 2176K, reserved 1048576K
}
Event: 15.497 GC heap before
{Heap before GC invocations=5 (full 0):
 garbage-first heap   total 393216K, used 240214K [0x0000000640000000, 0x00000007c0000000)
  region size 1024K, 219 young (224256K), 4 survivors (4096K)
 Metaspace       used 20771K, capacity 21190K, committed 21296K, reserved 1067008K
  class space    used 2757K, capacity 2898K, committed 2944K, reserved 1048576K
}
Event: 15.507 GC heap after
{Heap after GC invocations=6 (full 0):
 garbage-first heap   total 393216K, used 27152K [0x0000000640000000, 0x00000007c0000000)
  region size 1024K, 10 young (10240K), 10 survivors (10240K)
 Metaspace       used 20771K, capacity 21190K, committed 21296K, reserved 1067008K
  class space    used 2757K, capacity 2898K, committed 2944K, reserved 1048576K
}
Event: 16.147 GC heap before
{Heap before GC invocations=7 (full 0):
 garbage-first heap   total 393216K, used 251408K [0x0000000640000000, 0x00000007c0000000)
  region size 1024K, 230 young (235520K), 10 survivors (10240K)
 Metaspace       used 29306K, capacity 29894K, committed 30128K, reserved 1075200K
  class space    used 3820K, capacity 4048K, committed 4096K, reserved 1048576K
}
Event: 16.155 GC heap after
{Heap after GC invocations=8 (full 0):
 garbage-first heap   total 393216K, used 28499K [0x0000000640000000, 0x00000007c0000000)
  region size 1024K, 12 young (12288K), 12 survivors (12288K)
 Metaspace       used 29306K, capacity 29894K, committed 30128K, reserved 1075200K
  class space    used 3820K, capacity 4048K, committed 4096K, reserved 1048576K
}
Event: 16.751 GC heap before
{Heap before GC invocations=8 (full 0):
 garbage-first heap   total 393216K, used 238419K [0x0000000640000000, 0x00000007c0000000)
  region size 1024K, 219 young (224256K), 12 survivors (12288K)
 Metaspace       used 35094K, capacity 35764K, committed 35888K, reserved 1081344K
  class space    used 4626K, capacity 4910K, committed 4992K, reserved 1048576K
}
Event: 16.766 GC heap after
{Heap after GC invocations=9 (full 0):
 garbage-first heap   total 393216K, used 31380K [0x0000000640000000, 0x00000007c0000000)
  region size 1024K, 15 young (15360K), 15 survivors (15360K)
 Metaspace       used 35094K, capacity 35764K, committed 35888K, reserved 1081344K
  class space    used 4626K, capacity 4910K, committed 4992K, reserved 1048576K
}
Event: 18.138 GC heap before
{Heap before GC invocations=10 (full 0):
 garbage-first heap   total 393216K, used 251540K [0x0000000640000000, 0x00000007c0000000)
  region size 1024K, 230 young (235520K), 15 survivors (15360K)
 Metaspace       used 39640K, capacity 40534K, committed 40752K, reserved 1085440K
  class space    used 5351K, capacity 5705K, committed 5760K, reserved 1048576K
}
Event: 18.150 GC heap after
{Heap after GC invocations=11 (full 0):
 garbage-first heap   total 393216K, used 34645K [0x0000000640000000, 0x00000007c0000000)
  region size 1024K, 18 young (18432K), 18 survivors (18432K)
 Metaspace       used 39640K, capacity 40534K, committed 40752K, reserved 1085440K
  class space    used 5351K, capacity 5705K, committed 5760K, reserved 1048576K
}
Event: 18.557 GC heap before
{Heap before GC invocations=11 (full 0):
 garbage-first heap   total 393216K, used 250709K [0x0000000640000000, 0x00000007c0000000)
  region size 1024K, 230 young (235520K), 18 survivors (18432K)
 Metaspace       used 44166K, capacity 45065K, committed 45232K, reserved 1087488K
  class space    used 5887K, capacity 6285K, committed 6400K, reserved 1048576K
}
Event: 18.568 GC heap after
{Heap after GC invocations=12 (full 0):
 garbage-first heap   total 393216K, used 35911K [0x0000000640000000, 0x00000007c0000000)
  region size 1024K, 17 young (17408K), 17 survivors (17408K)
 Metaspace       used 44166K, capacity 45065K, committed 45232K, reserved 1087488K
  class space    used 5887K, capacity 6285K, committed 6400K, reserved 1048576K
}
Event: 19.136 GC heap before
{Heap before GC invocations=12 (full 0):
 garbage-first heap   total 393216K, used 252999K [0x0000000640000000, 0x00000007c0000000)
  region size 1024K, 230 young (235520K), 17 survivors (17408K)
 Metaspace       used 47649K, capacity 48684K, committed 48816K, reserved 1091584K
  class space    used 6441K, capacity 6844K, committed 6912K, reserved 1048576K
}
Event: 19.156 GC heap after
{Heap after GC invocations=13 (full 0):
 garbage-first heap   total 393216K, used 37684K [0x0000000640000000, 0x00000007c0000000)
  region size 1024K, 18 young (18432K), 18 survivors (18432K)
 Metaspace       used 47649K, capacity 48684K, committed 48816K, reserved 1091584K
  class space    used 6441K, capacity 6844K, committed 6912K, reserved 1048576K
}
Event: 20.686 GC heap before
{Heap before GC invocations=13 (full 0):
 garbage-first heap   total 393216K, used 254772K [0x0000000640000000, 0x00000007c0000000)
  region size 1024K, 230 young (235520K), 18 survivors (18432K)
 Metaspace       used 51289K, capacity 52378K, committed 52656K, reserved 1095680K
  class space    used 6942K, capacity 7383K, committed 7424K, reserved 1048576K
}
Event: 20.695 GC heap after
{Heap after GC invocations=14 (full 0):
 garbage-first heap   total 393216K, used 39633K [0x0000000640000000, 0x00000007c0000000)
  region size 1024K, 14 young (14336K), 14 survivors (14336K)
 Metaspace       used 51289K, capacity 52378K, committed 52656K, reserved 1095680K
  class space    used 6942K, capacity 7383K, committed 7424K, reserved 1048576K
}
Event: 21.400 GC heap before
{Heap before GC invocations=14 (full 0):
 garbage-first heap   total 393216K, used 259793K [0x0000000640000000, 0x00000007c0000000)
  region size 1024K, 230 young (235520K), 14 survivors (14336K)
 Metaspace       used 56101K, capacity 57171K, committed 57392K, reserved 1099776K
  class space    used 7542K, capacity 8001K, committed 8064K, reserved 1048576K
}
Event: 21.414 GC heap after
{Heap after GC invocations=15 (full 0):
 garbage-first heap   total 393216K, used 41222K [0x0000000640000000, 0x00000007c0000000)
  region size 1024K, 15 young (15360K), 15 survivors (15360K)
 Metaspace       used 56101K, capacity 57171K, committed 57392K, reserved 1099776K
  class space    used 7542K, capacity 8001K, committed 8064K, reserved 1048576K
}

Deoptimization events (20 events):
Event: 18.707 Thread 0x000000011f5f9800 DEOPT PACKING pc=0x000000010b271d3c sp=0x00000001768aab90
Event: 18.707 Thread 0x000000011f5f9800 DEOPT UNPACKING pc=0x000000010a72527c sp=0x00000001768aa9b0 mode 0
Event: 19.343 Thread 0x000000011f5f9800 DEOPT PACKING pc=0x000000010b025e24 sp=0x00000001768ad4c0
Event: 19.343 Thread 0x000000011f5f9800 DEOPT UNPACKING pc=0x000000010a72527c sp=0x00000001768ad2e0 mode 3
Event: 19.346 Thread 0x0000000141813000 DEOPT PACKING pc=0x000000010b4868ec sp=0x000000016fb16280
Event: 19.346 Thread 0x0000000141813000 DEOPT UNPACKING pc=0x000000010a72527c sp=0x000000016fb160b0 mode 3
Event: 19.430 Thread 0x0000000141813000 DEOPT PACKING pc=0x000000010b602cd4 sp=0x000000016fb192e0
Event: 19.430 Thread 0x0000000141813000 DEOPT UNPACKING pc=0x000000010a72527c sp=0x000000016fb19100 mode 3
Event: 20.537 Thread 0x0000000141813000 DEOPT PACKING pc=0x000000010b22b3b0 sp=0x000000016fb1a410
Event: 20.537 Thread 0x0000000141813000 DEOPT UNPACKING pc=0x000000010a72527c sp=0x000000016fb1a2b0 mode 3
Event: 20.537 Thread 0x0000000141813000 DEOPT PACKING pc=0x000000010b66bf58 sp=0x000000016fb1a5c0
Event: 20.537 Thread 0x0000000141813000 DEOPT UNPACKING pc=0x000000010a72527c sp=0x000000016fb1a380 mode 3
Event: 20.656 Thread 0x0000000141813000 DEOPT PACKING pc=0x000000010b6b1cd0 sp=0x000000016fb18a40
Event: 20.656 Thread 0x0000000141813000 DEOPT UNPACKING pc=0x000000010a72527c sp=0x000000016fb18900 mode 3
Event: 20.684 Thread 0x0000000141813000 DEOPT PACKING pc=0x000000010b6bb544 sp=0x000000016fb18a40
Event: 20.684 Thread 0x0000000141813000 DEOPT UNPACKING pc=0x000000010a72527c sp=0x000000016fb18900 mode 3
Event: 20.684 Thread 0x0000000141813000 DEOPT PACKING pc=0x000000010b6b917c sp=0x000000016fb18a10
Event: 20.684 Thread 0x0000000141813000 DEOPT UNPACKING pc=0x000000010a72527c sp=0x000000016fb188e0 mode 3
Event: 21.130 Thread 0x0000000141813000 DEOPT PACKING pc=0x000000010b08e210 sp=0x000000016fb187f0
Event: 21.130 Thread 0x0000000141813000 DEOPT UNPACKING pc=0x000000010a72527c sp=0x000000016fb18620 mode 0

Classes redefined (0 events):
No events

Internal exceptions (20 events):
Event: 18.944 Thread 0x0000000141813000 Exception <a 'java/lang/ClassNotFoundException'{0x000000064edf7498}: org/springframework/beans/factory/BeanClassLoaderAwareCustomizer> (0x000000064edf7498) thrown at [src/hotspot/share/classfile/systemDictionary.cpp, line 230]
Event: 18.945 Thread 0x0000000141813000 Exception <a 'java/lang/ClassNotFoundException'{0x000000064eb1e900}: org/springframework/beans/factory/AwareCustomizer> (0x000000064eb1e900) thrown at [src/hotspot/share/classfile/systemDictionary.cpp, line 230]
Event: 18.946 Thread 0x0000000141813000 Exception <a 'java/lang/ClassNotFoundException'{0x000000064eb4d188}: org/springframework/context/EnvironmentAwareCustomizer> (0x000000064eb4d188) thrown at [src/hotspot/share/classfile/systemDictionary.cpp, line 230]
Event: 18.947 Thread 0x0000000141813000 Exception <a 'java/lang/ClassNotFoundException'{0x000000064eb7a970}: org/springframework/beans/factory/AwareCustomizer> (0x000000064eb7a970) thrown at [src/hotspot/share/classfile/systemDictionary.cpp, line 230]
Event: 19.343 Thread 0x000000011f5f9800 Exception <a 'java/lang/NoSuchMethodError'{0x000000065275a878}: 'java.lang.Object java.lang.invoke.DirectMethodHandle$Holder.invokeStaticInit(java.lang.Object, java.lang.Object, java.lang.Object, java.lang.Object, java.lang.Object)'> (0x000000065275a878) thrown at [src/hotspot/share/interpreter/linkResolver.cpp, line 773]
Event: 19.367 Thread 0x000000011f5f9800 Exception <a 'java/lang/NoSuchMethodError'{0x0000000651c7c508}: 'java.lang.Object java.lang.invoke.DirectMethodHandle$Holder.invokeVirtual(java.lang.Object, java.lang.Object, java.lang.Object, java.lang.Object)'> (0x0000000651c7c508) thrown at [src/hotspot/share/interpreter/linkResolver.cpp, line 773]
Event: 19.384 Thread 0x0000000141813000 Exception <a 'java/io/FileNotFoundException'{0x00000006521a7640}> (0x00000006521a7640) thrown at [src/hotspot/share/prims/jni.cpp, line 617]
Event: 19.385 Thread 0x0000000141813000 Exception <a 'java/io/FileNotFoundException'{0x00000006521a8288}> (0x00000006521a8288) thrown at [src/hotspot/share/prims/jni.cpp, line 617]
Event: 19.466 Thread 0x0000000141813000 Exception <a 'java/lang/NoSuchMethodError'{0x000000065147f4d0}: 'java.lang.Object java.lang.invoke.DirectMethodHandle$Holder.invokeSpecial(java.lang.Object, java.lang.Object, int, java.lang.Object, int, java.lang.Object)'> (0x000000065147f4d0) thrown at [src/hotspot/share/interpreter/linkResolver.cpp, line 773]
Event: 19.466 Thread 0x0000000141813000 Exception <a 'java/lang/NoSuchMethodError'{0x00000006514870d8}: 'java.lang.Object java.lang.invoke.DirectMethodHandle$Holder.invokeStatic(java.lang.Object, java.lang.Object, int, java.lang.Object, int)'> (0x00000006514870d8) thrown at [src/hotspot/share/interpreter/linkResolver.cpp, line 773]
Event: 19.467 Thread 0x0000000141813000 Exception <a 'java/lang/NoSuchMethodError'{0x000000065148a8b8}: 'java.lang.Object java.lang.invoke.DirectMethodHandle$Holder.invokeSpecial(java.lang.Object, java.lang.Object, java.lang.Object, int, java.lang.Object, int)'> (0x000000065148a8b8) thrown at [src/hotspot/share/interpreter/linkResolver.cpp, line 773]
Event: 19.469 Thread 0x0000000141813000 Exception <a 'java/lang/NoSuchMethodError'{0x00000006514b3d78}: 'void java.lang.invoke.DirectMethodHandle$Holder.invokeVirtual(java.lang.Object, java.lang.Object)'> (0x00000006514b3d78) thrown at [src/hotspot/share/interpreter/linkResolver.cpp, line 773]
Event: 20.512 Thread 0x000000011f5e8800 Exception <a 'java/net/SocketException'{0x0000000650600038}: Socket closed> (0x0000000650600038) thrown at [src/hotspot/share/prims/jni.cpp, line 638]
Event: 20.535 Thread 0x0000000141813000 Exception <a 'java/lang/IncompatibleClassChangeError'{0x0000000650155be0}: Found class java.lang.Object, but interface was expected> (0x0000000650155be0) thrown at [src/hotspot/share/interpreter/linkResolver.cpp, line 839]
Event: 20.724 Thread 0x0000000141813000 Exception <a 'java/lang/NoSuchMethodError'{0x0000000656f2ffd0}: 'void java.lang.invoke.DirectMethodHandle$Holder.invokeStaticInit(java.lang.Object)'> (0x0000000656f2ffd0) thrown at [src/hotspot/share/interpreter/linkResolver.cpp, line 773]
Event: 20.797 Thread 0x0000000141813000 Exception <a 'java/lang/UnsatisfiedLinkError'{0x00000006559c3c00}: 'int com.alibaba.nacos.shaded.io.grpc.netty.shaded.io.netty.channel.epoll.Native.offsetofEpollData()'> (0x00000006559c3c00) thrown at [src/hotspot/share/prims/nativeLookup.cpp, line 528]
Event: 20.798 Thread 0x0000000141813000 Exception <a 'java/lang/ExceptionInInitializerError'{0x00000006559f9680}> (0x00000006559f9680) thrown at [src/hotspot/share/oops/instanceKlass.cpp, line 1034]
Event: 21.420 Thread 0x000000014238f800 Exception <a 'java/lang/NoSuchMethodError'{0x0000000657e4e320}: 'java.lang.Object java.lang.invoke.DirectMethodHandle$Holder.invokeStatic(java.lang.Object, java.lang.Object, java.lang.Object, java.lang.Object, java.lang.Object, java.lang.Object, java.lang.Object, java.lang.Object, java.lang.Object, java.lang.Object, java.lang.Object, java.lang.Object, java.lang.Object, int)'> (0x0000000657e4e320) thrown at [src/hotspot/share/interpreter/linkResolver.cpp, line 773]
Event: 21.421 Thread 0x000000014238f800 Exception <a 'java/lang/NoSuchMethodError'{0x0000000657d67638}: 'java.lang.Object java.lang.invoke.DirectMethodHandle$Holder.invokeStatic(java.lang.Object, java.lang.Object, java.lang.Object, java.lang.Object, java.lang.Object, java.lang.Object, java.lang.Object, java.lang.Object, java.lang.Object, java.lang.Object, java.lang.Object, java.lang.Object, java.lang.Object, int, int)'> (0x0000000657d67638) thrown at [src/hotspot/share/interpreter/linkResolver.cpp, line 773]
Event: 21.423 Thread 0x000000014238f800 Exception <a 'java/lang/NoSuchMethodError'{0x0000000657c3cb58}: 'java.lang.Object java.lang.invoke.DelegatingMethodHandle$Holder.reinvoke_L(java.lang.Object, int, java.lang.Object)'> (0x0000000657c3cb58) thrown at [src/hotspot/share/interpreter/linkResolver.cpp, line 773]

Events (20 events):
Event: 21.425 loading class sun/rmi/transport/Channel
Event: 21.425 loading class sun/rmi/transport/Channel done
Event: 21.425 loading class sun/rmi/transport/tcp/TCPChannel done
Event: 21.425 loading class com/alibaba/nacos/shaded/io/grpc/netty/shaded/io/netty/handler/codec/ValueConverter
Event: 21.425 loading class com/alibaba/nacos/shaded/io/grpc/netty/shaded/io/netty/handler/codec/ValueConverter done
Event: 21.425 loading class com/alibaba/nacos/shaded/io/grpc/netty/shaded/io/netty/handler/codec/DefaultHeaders$NameValidator
Event: 21.425 loading class com/alibaba/nacos/shaded/io/grpc/netty/shaded/io/netty/handler/codec/DefaultHeaders$NameValidator done
Event: 21.426 loading class com/alibaba/nacos/shaded/io/grpc/netty/shaded/io/netty/handler/codec/DefaultHeaders$NameValidator$1
Event: 21.426 loading class com/alibaba/nacos/shaded/io/grpc/netty/shaded/io/netty/handler/codec/DefaultHeaders$NameValidator$1 done
Event: 21.426 loading class sun/rmi/transport/tcp/TCPConnection
Event: 21.426 loading class com/alibaba/nacos/shaded/io/grpc/netty/shaded/io/netty/handler/codec/DefaultHeaders$HeaderEntry
Event: 21.426 loading class com/alibaba/nacos/shaded/io/grpc/netty/shaded/io/netty/handler/codec/DefaultHeaders$HeaderEntry done
Event: 21.427 loading class com/alibaba/nacos/shaded/io/grpc/netty/shaded/io/netty/buffer/Unpooled
Event: 21.427 loading class com/alibaba/nacos/shaded/io/grpc/netty/shaded/io/netty/buffer/Unpooled done
Event: 21.428 loading class com/alibaba/nacos/shaded/io/grpc/netty/shaded/io/netty/buffer/UnpooledByteBufAllocator
Event: 21.428 loading class com/alibaba/nacos/shaded/io/grpc/netty/shaded/io/netty/buffer/UnpooledByteBufAllocator done
Event: 21.428 loading class sun/rmi/transport/Connection
Event: 21.428 loading class sun/rmi/transport/Connection done
Event: 21.428 loading class sun/rmi/transport/tcp/TCPConnection done
Event: 21.428 loading class sun/rmi/transport/StreamRemoteCall


Dynamic libraries:
0x00000001005b0000 	/opt/homebrew/Cellar/openjdk@11/11.0.25/libexec/openjdk.jdk/Contents/Home/lib/jli/libjli.dylib
0x00000001ad551000 	/System/Library/Frameworks/Cocoa.framework/Versions/A/Cocoa
0x0000000195487000 	/System/Library/Frameworks/AppKit.framework/Versions/C/AppKit
0x000000019873f000 	/System/Library/Frameworks/CoreData.framework/Versions/A/CoreData
0x0000000192ac1000 	/System/Library/Frameworks/Foundation.framework/Versions/C/Foundation
0x000000019f445000 	/usr/lib/libSystem.B.dylib
0x00000001968c4000 	/System/Library/PrivateFrameworks/UIFoundation.framework/Versions/A/UIFoundation
0x000000023a5bf000 	/System/Library/PrivateFrameworks/CollectionViewCore.framework/Versions/A/CollectionViewCore
0x00000001a66d1000 	/System/Library/PrivateFrameworks/RemoteViewServices.framework/Versions/A/RemoteViewServices
0x000000019d0cb000 	/System/Library/PrivateFrameworks/XCTTargetBootstrap.framework/Versions/A/XCTTargetBootstrap
0x00000001a1b2b000 	/System/Library/PrivateFrameworks/InternationalSupport.framework/Versions/A/InternationalSupport
0x00000001a1b8a000 	/System/Library/PrivateFrameworks/UserActivity.framework/Versions/A/UserActivity
0x0000000265e43000 	/System/Library/PrivateFrameworks/UIIntelligenceSupport.framework/Versions/A/UIIntelligenceSupport
0x0000000230988000 	/System/Library/Frameworks/SwiftUICore.framework/Versions/A/SwiftUICore
0x000000026adf4000 	/System/Library/PrivateFrameworks/WritingTools.framework/Versions/A/WritingTools
0x0000000269e47000 	/System/Library/PrivateFrameworks/WindowManagement.framework/Versions/A/WindowManagement
0x000000019271b000 	/System/Library/Frameworks/SystemConfiguration.framework/Versions/A/SystemConfiguration
0x00000001a0f74000 	/usr/lib/libspindump.dylib
0x0000000196a76000 	/System/Library/Frameworks/UniformTypeIdentifiers.framework/Versions/A/UniformTypeIdentifiers
0x000000019e843000 	/usr/lib/libbsm.0.dylib
0x000000019ab8d000 	/usr/lib/libapp_launch_measurement.dylib
0x0000000199f89000 	/System/Library/PrivateFrameworks/CoreAnalytics.framework/Versions/A/CoreAnalytics
0x000000019ab91000 	/System/Library/PrivateFrameworks/CoreAutoLayout.framework/Versions/A/CoreAutoLayout
0x000000019c714000 	/System/Library/Frameworks/Metal.framework/Versions/A/Metal
0x000000019d912000 	/usr/lib/liblangid.dylib
0x000000019d0d1000 	/System/Library/PrivateFrameworks/CoreSVG.framework/Versions/A/CoreSVG
0x0000000197497000 	/System/Library/PrivateFrameworks/SkyLight.framework/Versions/A/SkyLight
0x00000001979c4000 	/System/Library/Frameworks/CoreGraphics.framework/Versions/A/CoreGraphics
0x00000001a6daa000 	/System/Library/Frameworks/Accelerate.framework/Versions/A/Accelerate
0x00000001a0da6000 	/System/Library/PrivateFrameworks/IconServices.framework/Versions/A/IconServices
0x000000019c6f1000 	/System/Library/Frameworks/IOSurface.framework/Versions/A/IOSurface
0x0000000199fbb000 	/usr/lib/libDiagnosticMessagesClient.dylib
0x000000019f389000 	/usr/lib/libz.1.dylib
0x00000001aac36000 	/System/Library/Frameworks/ApplicationServices.framework/Versions/A/ApplicationServices
0x000000019d0b6000 	/System/Library/PrivateFrameworks/DFRFoundation.framework/Versions/A/DFRFoundation
0x0000000194cf1000 	/usr/lib/libicucore.A.dylib
0x00000001a2ca4000 	/System/Library/Frameworks/AudioToolbox.framework/Versions/A/AudioToolbox
0x00000001a1b3b000 	/System/Library/PrivateFrameworks/DataDetectorsCore.framework/Versions/A/DataDetectorsCore
0x00000001bd1d1000 	/System/Library/PrivateFrameworks/TextInput.framework/Versions/A/TextInput
0x00000001973e3000 	/usr/lib/libMobileGestalt.dylib
0x000000019cdae000 	/System/Library/Frameworks/Carbon.framework/Versions/A/Frameworks/HIToolbox.framework/Versions/A/HIToolbox
0x000000019a48c000 	/System/Library/Frameworks/QuartzCore.framework/Versions/A/QuartzCore
0x00000001948fa000 	/System/Library/Frameworks/Security.framework/Versions/A/Security
0x00000001a670c000 	/System/Library/Frameworks/Carbon.framework/Versions/A/Frameworks/SpeechRecognition.framework/Versions/A/SpeechRecognition
0x000000019a8a6000 	/System/Library/PrivateFrameworks/CoreUI.framework/Versions/A/CoreUI
0x00000001941ae000 	/System/Library/Frameworks/CoreAudio.framework/Versions/A/CoreAudio
0x000000019a0a7000 	/System/Library/Frameworks/DiskArbitration.framework/Versions/A/DiskArbitration
0x00000001a13e7000 	/System/Library/PrivateFrameworks/MultitouchSupport.framework/Versions/A/MultitouchSupport
0x00000001973e1000 	/usr/lib/libenergytrace.dylib
0x00000001b1bb9000 	/System/Library/PrivateFrameworks/RenderBox.framework/Versions/A/RenderBox
0x0000000195337000 	/System/Library/Frameworks/IOKit.framework/Versions/A/IOKit
0x00000001a6b00000 	/System/Library/Frameworks/CoreServices.framework/Versions/A/CoreServices
0x000000019ab1e000 	/System/Library/PrivateFrameworks/PerformanceAnalysis.framework/Versions/A/PerformanceAnalysis
0x00000001ee741000 	/System/Library/Frameworks/OpenGL.framework/Versions/A/OpenGL
0x000000019abdb000 	/usr/lib/libxml2.2.dylib
0x000000019e728000 	/System/Library/PrivateFrameworks/MobileKeyBag.framework/Versions/A/MobileKeyBag
0x000000019148c000 	/usr/lib/libobjc.A.dylib
0x0000000191779000 	/usr/lib/libc++.1.dylib
0x00000001a6a80000 	/System/Library/Frameworks/Accessibility.framework/Versions/A/Accessibility
0x00000001980e3000 	/System/Library/Frameworks/ColorSync.framework/Versions/A/ColorSync
0x00000001918cf000 	/System/Library/Frameworks/CoreFoundation.framework/Versions/A/CoreFoundation
0x000000019d48f000 	/System/Library/Frameworks/CoreImage.framework/Versions/A/CoreImage
0x0000000193f9e000 	/System/Library/Frameworks/CoreText.framework/Versions/A/CoreText
0x00000001efca8000 	/System/Library/Frameworks/CoreTransferable.framework/Versions/A/CoreTransferable
0x00000001f0247000 	/System/Library/Frameworks/DeveloperToolsSupport.framework/Versions/A/DeveloperToolsSupport
0x000000019d10d000 	/System/Library/Frameworks/ImageIO.framework/Versions/A/ImageIO
0x00000002315a2000 	/System/Library/Frameworks/Symbols.framework/Versions/A/Symbols
0x000000019f44a000 	/System/Library/PrivateFrameworks/SoftLinking.framework/Versions/A/SoftLinking
0x00000001cf046000 	/usr/lib/swift/libswiftAccelerate.dylib
0x00000001a2605000 	/usr/lib/swift/libswiftCore.dylib
0x00000001b9952000 	/usr/lib/swift/libswiftCoreFoundation.dylib
0x00000001b99af000 	/usr/lib/swift/libswiftCoreImage.dylib
0x00000001b70fe000 	/usr/lib/swift/libswiftDarwin.dylib
0x00000001a85ba000 	/usr/lib/swift/libswiftDispatch.dylib
0x00000001b99b0000 	/usr/lib/swift/libswiftIOKit.dylib
0x00000001c61dd000 	/usr/lib/swift/libswiftMetal.dylib
0x00000001d44db000 	/usr/lib/swift/libswiftOSLog.dylib
0x00000001ab1a1000 	/usr/lib/swift/libswiftObjectiveC.dylib
0x0000000271fdc000 	/usr/lib/swift/libswiftObservation.dylib
0x00000001cab08000 	/usr/lib/swift/libswiftQuartzCore.dylib
0x00000001cf037000 	/usr/lib/swift/libswiftUniformTypeIdentifiers.dylib
0x00000001b9964000 	/usr/lib/swift/libswiftXPC.dylib
0x00000002720d2000 	/usr/lib/swift/libswift_Builtin_float.dylib
0x00000002720d7000 	/usr/lib/swift/libswift_Concurrency.dylib
0x000000027223f000 	/usr/lib/swift/libswift_StringProcessing.dylib
0x00000002722f2000 	/usr/lib/swift/libswift_errno.dylib
0x00000002722f4000 	/usr/lib/swift/libswift_math.dylib
0x00000002722f7000 	/usr/lib/swift/libswift_signal.dylib
0x00000002722f8000 	/usr/lib/swift/libswift_stdio.dylib
0x00000002722f9000 	/usr/lib/swift/libswift_time.dylib
0x00000001ab1a5000 	/usr/lib/swift/libswiftos.dylib
0x00000001bd128000 	/usr/lib/swift/libswiftsimd.dylib
0x00000002722fa000 	/usr/lib/swift/libswiftsys_time.dylib
0x00000002722fb000 	/usr/lib/swift/libswiftunistd.dylib
0x000000019f5f6000 	/usr/lib/libcompression.dylib
0x00000001a1a83000 	/System/Library/PrivateFrameworks/TextureIO.framework/Versions/A/TextureIO
0x00000001a0a37000 	/usr/lib/libate.dylib
0x000000019f43f000 	/usr/lib/system/libcache.dylib
0x000000019f3f8000 	/usr/lib/system/libcommonCrypto.dylib
0x000000019f425000 	/usr/lib/system/libcompiler_rt.dylib
0x000000019f41a000 	/usr/lib/system/libcopyfile.dylib
0x00000001915cb000 	/usr/lib/system/libcorecrypto.dylib
0x00000001916ad000 	/usr/lib/system/libdispatch.dylib
0x000000019186a000 	/usr/lib/system/libdyld.dylib
0x000000019f435000 	/usr/lib/system/libkeymgr.dylib
0x000000019f3d7000 	/usr/lib/system/libmacho.dylib
0x000000019e81c000 	/usr/lib/system/libquarantine.dylib
0x000000019f432000 	/usr/lib/system/libremovefile.dylib
0x000000019745c000 	/usr/lib/system/libsystem_asl.dylib
0x0000000191560000 	/usr/lib/system/libsystem_blocks.dylib
0x00000001916f7000 	/usr/lib/system/libsystem_c.dylib
0x000000019f429000 	/usr/lib/system/libsystem_collections.dylib
0x000000019d8ff000 	/usr/lib/system/libsystem_configuration.dylib
0x000000019c6c2000 	/usr/lib/system/libsystem_containermanager.dylib
0x000000019ef2b000 	/usr/lib/system/libsystem_coreservices.dylib
0x0000000194fb5000 	/usr/lib/system/libsystem_darwin.dylib
0x000000027243e000 	/usr/lib/system/libsystem_darwindirectory.dylib
0x000000019f436000 	/usr/lib/system/libsystem_dnssd.dylib
0x0000000272442000 	/usr/lib/system/libsystem_eligibility.dylib
0x00000001916f4000 	/usr/lib/system/libsystem_featureflags.dylib
0x000000019189f000 	/usr/lib/system/libsystem_info.dylib
0x000000019f398000 	/usr/lib/system/libsystem_m.dylib
0x000000019166b000 	/usr/lib/system/libsystem_malloc.dylib
0x00000001973c6000 	/usr/lib/system/libsystem_networkextension.dylib
0x0000000195418000 	/usr/lib/system/libsystem_notify.dylib
0x000000019d904000 	/usr/lib/system/libsystem_sandbox.dylib
0x0000000272449000 	/usr/lib/system/libsystem_sanitizers.dylib
0x000000019f42e000 	/usr/lib/system/libsystem_secinit.dylib
0x0000000191822000 	/usr/lib/system/libsystem_kernel.dylib
0x0000000191897000 	/usr/lib/system/libsystem_platform.dylib
0x000000019185d000 	/usr/lib/system/libsystem_pthread.dylib
0x0000000198f65000 	/usr/lib/system/libsystem_symptoms.dylib
0x00000001915af000 	/usr/lib/system/libsystem_trace.dylib
0x000000019f406000 	/usr/lib/system/libunwind.dylib
0x0000000191564000 	/usr/lib/system/libxpc.dylib
0x0000000191807000 	/usr/lib/libc++abi.dylib
0x000000019f412000 	/usr/lib/liboah.dylib
0x00000001952b6000 	/System/Library/PrivateFrameworks/CoreServicesInternal.framework/Versions/A/CoreServicesInternal
0x000000019f447000 	/usr/lib/libfakelink.dylib
0x00000001aa6e7000 	/System/Library/PrivateFrameworks/DiskImages.framework/Versions/A/DiskImages
0x00000001b6c2b000 	/System/Library/Frameworks/NetFS.framework/Versions/A/NetFS
0x0000000196ffd000 	/System/Library/Frameworks/CFNetwork.framework/Versions/A/CFNetwork
0x000000019ab55000 	/System/Library/Frameworks/CoreServices.framework/Versions/A/Frameworks/FSEvents.framework/Versions/A/FSEvents
0x0000000194fc0000 	/System/Library/Frameworks/CoreServices.framework/Versions/A/Frameworks/CarbonCore.framework/Versions/A/CarbonCore
0x000000019a01d000 	/System/Library/Frameworks/CoreServices.framework/Versions/A/Frameworks/Metadata.framework/Versions/A/Metadata
0x000000019ef32000 	/System/Library/Frameworks/CoreServices.framework/Versions/A/Frameworks/OSServices.framework/Versions/A/OSServices
0x000000019f525000 	/System/Library/Frameworks/CoreServices.framework/Versions/A/Frameworks/SearchKit.framework/Versions/A/SearchKit
0x0000000198edf000 	/System/Library/Frameworks/CoreServices.framework/Versions/A/Frameworks/AE.framework/Versions/A/AE
0x0000000191dc4000 	/System/Library/Frameworks/CoreServices.framework/Versions/A/Frameworks/LaunchServices.framework/Versions/A/LaunchServices
0x00000001a0889000 	/System/Library/Frameworks/CoreServices.framework/Versions/A/Frameworks/DictionaryServices.framework/Versions/A/DictionaryServices
0x000000019ab63000 	/System/Library/Frameworks/CoreServices.framework/Versions/A/Frameworks/SharedFileList.framework/Versions/A/SharedFileList
0x000000019f5c0000 	/usr/lib/libapple_nghttp2.dylib
0x0000000198b47000 	/usr/lib/libsqlite3.dylib
0x00000001a3310000 	/System/Library/Frameworks/GSS.framework/Versions/A/GSS
0x0000000198e78000 	/System/Library/PrivateFrameworks/RunningBoardServices.framework/Versions/A/RunningBoardServices
0x0000000198f6e000 	/System/Library/Frameworks/Network.framework/Versions/A/Network
0x000000019f3db000 	/usr/lib/system/libkxld.dylib
0x0000000271410000 	/usr/lib/libCoreEntitlements.dylib
0x000000024fc04000 	/System/Library/PrivateFrameworks/MessageSecurity.framework/Versions/A/MessageSecurity
0x0000000198b2d000 	/System/Library/PrivateFrameworks/ProtocolBuffer.framework/Versions/A/ProtocolBuffer
0x000000019ef13000 	/System/Library/PrivateFrameworks/AppleFSCompression.framework/Versions/A/AppleFSCompression
0x000000019e82b000 	/usr/lib/libcoretls.dylib
0x00000001a0900000 	/usr/lib/libcoretls_cfhelpers.dylib
0x000000019f5f0000 	/usr/lib/libpam.2.dylib
0x00000001a0973000 	/usr/lib/libxar.1.dylib
0x000000019f49c000 	/usr/lib/libarchive.2.dylib
0x00000001a4a01000 	/System/Library/Frameworks/Combine.framework/Versions/A/Combine
0x000000023a5e3000 	/System/Library/PrivateFrameworks/CollectionsInternal.framework/Versions/A/CollectionsInternal
0x0000000257b07000 	/System/Library/PrivateFrameworks/ReflectionInternal.framework/Versions/A/ReflectionInternal
0x000000025879f000 	/System/Library/PrivateFrameworks/RuntimeInternal.framework/Versions/A/RuntimeInternal
0x0000000272059000 	/usr/lib/swift/libswiftSystem.dylib
0x000000019d90d000 	/System/Library/PrivateFrameworks/AppleSystemInfo.framework/Versions/A/AppleSystemInfo
0x00000001b9845000 	/System/Library/PrivateFrameworks/LoggingSupport.framework/Versions/A/LoggingSupport
0x000000019ad65000 	/System/Library/PrivateFrameworks/UserManagement.framework/Versions/A/UserManagement
0x0000000196f32000 	/usr/lib/libboringssl.dylib
0x0000000198f54000 	/usr/lib/libdns_services.dylib
0x00000001b8a34000 	/usr/lib/libquic.dylib
0x00000001a2595000 	/usr/lib/libusrtcp.dylib
0x00000001dbb64000 	/System/Library/PrivateFrameworks/InternalSwiftProtobuf.framework/Versions/A/InternalSwiftProtobuf
0x0000000271fa4000 	/usr/lib/swift/libswiftDistributed.dylib
0x0000000196ffc000 	/usr/lib/libnetwork.dylib
0x000000019f59a000 	/System/Library/PrivateFrameworks/AppleSauce.framework/Versions/A/AppleSauce
0x00000001925b8000 	/System/Library/PrivateFrameworks/Lexicon.framework/Versions/A/Lexicon
0x0000000249a25000 	/System/Library/PrivateFrameworks/IO80211.framework/Versions/A/IO80211
0x00000001a8859000 	/System/Library/PrivateFrameworks/FrontBoardServices.framework/Versions/A/FrontBoardServices
0x000000019e753000 	/System/Library/Frameworks/SecurityFoundation.framework/Versions/A/SecurityFoundation
0x000000019da34000 	/System/Library/PrivateFrameworks/LinguisticData.framework/Versions/A/LinguisticData
0x000000019e527000 	/System/Library/PrivateFrameworks/IOMobileFramebuffer.framework/Versions/A/IOMobileFramebuffer
0x0000000198d93000 	/System/Library/PrivateFrameworks/BaseBoard.framework/Versions/A/BaseBoard
0x00000001a8925000 	/System/Library/PrivateFrameworks/BoardServices.framework/Versions/A/BoardServices
0x000000019e745000 	/System/Library/PrivateFrameworks/AssertionServices.framework/Versions/A/AssertionServices
0x00000001aa523000 	/System/Library/PrivateFrameworks/BackBoardServices.framework/Versions/A/BackBoardServices
0x000000019cb21000 	/System/Library/PrivateFrameworks/FontServices.framework/libFontParser.dylib
0x0000000197475000 	/System/Library/PrivateFrameworks/TCC.framework/Versions/A/TCC
0x00000001adfc8000 	/System/Library/PrivateFrameworks/IOSurfaceAccelerator.framework/Versions/A/IOSurfaceAccelerator
0x00000001a13e5000 	/System/Library/PrivateFrameworks/WatchdogClient.framework/Versions/A/WatchdogClient
0x0000000193acb000 	/System/Library/Frameworks/CoreDisplay.framework/Versions/A/CoreDisplay
0x000000019c9b6000 	/System/Library/Frameworks/CoreMedia.framework/Versions/A/CoreMedia
0x000000019c70a000 	/System/Library/PrivateFrameworks/IOAccelerator.framework/Versions/A/IOAccelerator
0x000000019acc5000 	/System/Library/Frameworks/CoreVideo.framework/Versions/A/CoreVideo
0x000000019f5ee000 	/System/Library/Frameworks/MetalPerformanceShaders.framework/Versions/A/MetalPerformanceShaders
0x000000025702f000 	/System/Library/PrivateFrameworks/ProDisplayLibrary.framework/Versions/A/ProDisplayLibrary
0x00000001a142c000 	/System/Library/Frameworks/VideoToolbox.framework/Versions/A/VideoToolbox
0x000000019d90b000 	/System/Library/PrivateFrameworks/AggregateDictionary.framework/Versions/A/AggregateDictionary
0x00000001a0902000 	/System/Library/PrivateFrameworks/APFS.framework/Versions/A/APFS
0x0000000236d6c000 	/System/Library/PrivateFrameworks/AppleKeyStore.framework/Versions/A/AppleKeyStore
0x00000001a0982000 	/usr/lib/libutil.dylib
0x00000001a08e1000 	/usr/lib/liblzma.5.dylib
0x000000019a0b0000 	/System/Library/Frameworks/Accelerate.framework/Versions/A/Frameworks/vImage.framework/Versions/A/vImage
0x00000001a6adb000 	/System/Library/Frameworks/Accelerate.framework/Versions/A/Frameworks/vecLib.framework/Versions/A/vecLib
0x00000001a09ba000 	/System/Library/Frameworks/Accelerate.framework/Versions/A/Frameworks/vecLib.framework/Versions/A/libvMisc.dylib
0x0000000192228000 	/System/Library/Frameworks/Accelerate.framework/Versions/A/Frameworks/vecLib.framework/Versions/A/libBLAS.dylib
0x00000001a2eec000 	/System/Library/Frameworks/ApplicationServices.framework/Versions/A/Frameworks/ATS.framework/Versions/A/ATS
0x000000019829b000 	/System/Library/Frameworks/ApplicationServices.framework/Versions/A/Frameworks/HIServices.framework/Versions/A/HIServices
0x00000001a1a0b000 	/System/Library/Frameworks/ApplicationServices.framework/Versions/A/Frameworks/PrintCore.framework/Versions/A/PrintCore
0x00000001a32d8000 	/System/Library/Frameworks/ApplicationServices.framework/Versions/A/Frameworks/QD.framework/Versions/A/QD
0x00000001a32cf000 	/System/Library/Frameworks/ApplicationServices.framework/Versions/A/Frameworks/ColorSyncLegacy.framework/Versions/A/ColorSyncLegacy
0x00000001a2ebe000 	/System/Library/Frameworks/ApplicationServices.framework/Versions/A/Frameworks/SpeechSynthesis.framework/Versions/A/SpeechSynthesis
0x000000019e4f4000 	/System/Library/PrivateFrameworks/CoreEmoji.framework/Versions/A/CoreEmoji
0x0000000241082000 	/System/Library/PrivateFrameworks/FontServices.framework/Versions/A/FontServices
0x00000001a0f1e000 	/System/Library/PrivateFrameworks/OTSVG.framework/Versions/A/OTSVG
0x000000019a854000 	/System/Library/Frameworks/ApplicationServices.framework/Versions/A/Frameworks/ATS.framework/Versions/A/Resources/libFontRegistry.dylib
0x00000001a0f68000 	/System/Library/PrivateFrameworks/FontServices.framework/libhvf.dylib
0x0000000253092000 	/System/Library/PrivateFrameworks/ParsingInternal.framework/Versions/A/ParsingInternal
0x0000000271ffb000 	/usr/lib/swift/libswiftRegexBuilder.dylib
0x0000000272198000 	/usr/lib/swift/libswift_RegexParser.dylib
0x00000001a12ac000 	/System/Library/PrivateFrameworks/AppleJPEG.framework/Versions/A/AppleJPEG
0x00000001a0d33000 	/usr/lib/libexpat.1.dylib
0x00000001a18e0000 	/System/Library/Frameworks/ImageIO.framework/Versions/A/Resources/libPng.dylib
0x00000001a190b000 	/System/Library/Frameworks/ImageIO.framework/Versions/A/Resources/libTIFF.dylib
0x00000001a19f6000 	/System/Library/Frameworks/ImageIO.framework/Versions/A/Resources/libGIF.dylib
0x00000001a12f2000 	/System/Library/Frameworks/ImageIO.framework/Versions/A/Resources/libJP2.dylib
0x00000001a199c000 	/System/Library/Frameworks/ImageIO.framework/Versions/A/Resources/libJPEG.dylib
0x00000001a1993000 	/System/Library/Frameworks/ImageIO.framework/Versions/A/Resources/libRadiance.dylib
0x0000000245e4a000 	/System/Library/PrivateFrameworks/GPUCompiler.framework/Versions/32023/Libraries/libllvm-flatbuffers.dylib
0x0000000241148000 	/System/Library/PrivateFrameworks/FramePacing.framework/Versions/A/FramePacing
0x00000001ee733000 	/System/Library/Frameworks/OpenGL.framework/Versions/A/Libraries/libCoreFSCache.dylib
0x0000000241cf3000 	/System/Library/PrivateFrameworks/GPUCompiler.framework/Versions/32023/Libraries/libGPUCompilerUtils.dylib
0x0000000241083000 	/System/Library/PrivateFrameworks/FontServices.framework/libXTFontStaticRegistryData.dylib
0x00000001ac2de000 	/System/Library/PrivateFrameworks/ASEProcessing.framework/Versions/A/ASEProcessing
0x00000001d7c71000 	/System/Library/PrivateFrameworks/Symbolication.framework/Versions/A/Symbolication
0x0000000256245000 	/System/Library/PrivateFrameworks/PhotosensitivityProcessing.framework/Versions/A/PhotosensitivityProcessing
0x00000001a0f12000 	/System/Library/PrivateFrameworks/GraphVisualizer.framework/Versions/A/GraphVisualizer
0x00000001ee793000 	/System/Library/Frameworks/OpenGL.framework/Versions/A/Libraries/libGLU.dylib
0x00000001ee755000 	/System/Library/Frameworks/OpenGL.framework/Versions/A/Libraries/libGFXShared.dylib
0x00000001ee926000 	/System/Library/Frameworks/OpenGL.framework/Versions/A/Libraries/libGL.dylib
0x00000001ee75e000 	/System/Library/Frameworks/OpenGL.framework/Versions/A/Libraries/libGLImage.dylib
0x00000001ee752000 	/System/Library/Frameworks/OpenGL.framework/Versions/A/Libraries/libCVMSPluginSupport.dylib
0x00000002715b4000 	/usr/lib/libRosetta.dylib
0x00000001ee73b000 	/System/Library/Frameworks/OpenGL.framework/Versions/A/Libraries/libCoreVMClient.dylib
0x000000019d84d000 	/System/Library/Frameworks/MetalPerformanceShaders.framework/Versions/A/Frameworks/MPSCore.framework/Versions/A/MPSCore
0x000000019ee7f000 	/System/Library/Frameworks/MetalPerformanceShaders.framework/Versions/A/Frameworks/MPSImage.framework/Versions/A/MPSImage
0x000000019e8ce000 	/System/Library/Frameworks/MetalPerformanceShaders.framework/Versions/A/Frameworks/MPSNeuralNetwork.framework/Versions/A/MPSNeuralNetwork
0x000000019ed04000 	/System/Library/Frameworks/MetalPerformanceShaders.framework/Versions/A/Frameworks/MPSMatrix.framework/Versions/A/MPSMatrix
0x000000019eb1c000 	/System/Library/Frameworks/MetalPerformanceShaders.framework/Versions/A/Frameworks/MPSRayIntersector.framework/Versions/A/MPSRayIntersector
0x000000019ed36000 	/System/Library/Frameworks/MetalPerformanceShaders.framework/Versions/A/Frameworks/MPSNDArray.framework/Versions/A/MPSNDArray
0x00000001f250b000 	/System/Library/Frameworks/MetalPerformanceShaders.framework/Versions/A/Frameworks/MPSFunctions.framework/Versions/A/MPSFunctions
0x00000001f24ef000 	/System/Library/Frameworks/MetalPerformanceShaders.framework/Versions/A/Frameworks/MPSBenchmarkLoop.framework/Versions/A/MPSBenchmarkLoop
0x00000001920ac000 	/System/Library/PrivateFrameworks/MetalTools.framework/Versions/A/MetalTools
0x00000001be492000 	/System/Library/PrivateFrameworks/IOAccelMemoryInfo.framework/Versions/A/IOAccelMemoryInfo
0x00000001caf04000 	/System/Library/PrivateFrameworks/kperf.framework/Versions/A/kperf
0x00000001b9929000 	/System/Library/PrivateFrameworks/GPURawCounter.framework/Versions/A/GPURawCounter
0x00000001a8d6c000 	/System/Library/PrivateFrameworks/CoreSymbolication.framework/Versions/A/CoreSymbolication
0x00000001b98c3000 	/System/Library/PrivateFrameworks/MallocStackLogging.framework/Versions/A/MallocStackLogging
0x00000001a0ad1000 	/System/Library/PrivateFrameworks/CrashReporterSupport.framework/Versions/A/CrashReporterSupport
0x00000001a8d26000 	/System/Library/PrivateFrameworks/DebugSymbols.framework/Versions/A/DebugSymbols
0x00000001ca19c000 	/System/Library/PrivateFrameworks/OSAnalytics.framework/Versions/A/OSAnalytics
0x00000001a19c7000 	/System/Library/Frameworks/ApplicationServices.framework/Versions/A/Frameworks/ATSUI.framework/Versions/A/ATSUI
0x00000001a3262000 	/usr/lib/libcups.2.dylib
0x00000001a32fe000 	/System/Library/Frameworks/Kerberos.framework/Versions/A/Kerberos
0x00000001a2f6b000 	/usr/lib/libresolv.9.dylib
0x000000019f481000 	/usr/lib/libiconv.2.dylib
0x00000001a0f7b000 	/System/Library/PrivateFrameworks/Heimdal.framework/Versions/A/Heimdal
0x00000001ab0fc000 	/System/Library/Frameworks/Kerberos.framework/Versions/A/Libraries/libHeimdalProxy.dylib
0x00000001a0d4e000 	/usr/lib/libheimdal-asn1.dylib
0x000000019ab28000 	/System/Library/Frameworks/OpenDirectory.framework/Versions/A/OpenDirectory
0x00000001a336b000 	/System/Library/PrivateFrameworks/CommonAuth.framework/Versions/A/CommonAuth
0x000000019ab36000 	/System/Library/Frameworks/OpenDirectory.framework/Versions/A/Frameworks/CFOpenDirectory.framework/Versions/A/CFOpenDirectory
0x000000019f3d6000 	/usr/lib/libcharset.1.dylib
0x00000001eecc6000 	/System/Library/Frameworks/AVFAudio.framework/Versions/A/AVFAudio
0x00000001b3a7f000 	/System/Library/PrivateFrameworks/AXCoreUtilities.framework/Versions/A/AXCoreUtilities
0x000000024c844000 	/System/Library/PrivateFrameworks/IsolatedCoreAudioClient.framework/Versions/A/IsolatedCoreAudioClient
0x00000001a2ea5000 	/usr/lib/libAudioStatistics.dylib
0x000000019c98e000 	/System/Library/PrivateFrameworks/caulk.framework/Versions/A/caulk
0x0000000193bec000 	/System/Library/PrivateFrameworks/AudioToolboxCore.framework/Versions/A/AudioToolboxCore
0x00000001ad388000 	/System/Library/Frameworks/CoreMIDI.framework/Versions/A/CoreMIDI
0x00000001a2e48000 	/System/Library/PrivateFrameworks/AudioSession.framework/Versions/A/AudioSession
0x00000001a4771000 	/System/Library/Frameworks/IOBluetooth.framework/Versions/A/IOBluetooth
0x00000001a0e38000 	/System/Library/PrivateFrameworks/MediaExperience.framework/Versions/A/MediaExperience
0x0000000264090000 	/System/Library/PrivateFrameworks/Tightbeam.framework/Versions/A/Tightbeam
0x00000001cf70a000 	/System/Library/PrivateFrameworks/AFKUser.framework/Versions/A/AFKUser
0x00000001a0f5e000 	/System/Library/PrivateFrameworks/AppServerSupport.framework/Versions/A/AppServerSupport
0x00000001a32e2000 	/System/Library/PrivateFrameworks/perfdata.framework/Versions/A/perfdata
0x00000001b8b2b000 	/System/Library/PrivateFrameworks/SystemPolicy.framework/Versions/A/SystemPolicy
0x00000001a3181000 	/usr/lib/libSMC.dylib
0x00000001a18aa000 	/usr/lib/libAudioToolboxUtility.dylib
0x00000001a32f0000 	/usr/lib/libperfcheck.dylib
0x0000000237351000 	/System/Library/PrivateFrameworks/AudioAnalytics.framework/Versions/A/AudioAnalytics
0x00000001e2c96000 	/System/Library/PrivateFrameworks/FeatureFlags.framework/Versions/A/FeatureFlags
0x00000001db930000 	/System/Library/Frameworks/OSLog.framework/Versions/A/OSLog
0x000000019ef1f000 	/usr/lib/libbz2.1.0.dylib
0x00000001b98f5000 	/usr/lib/libmis.dylib
0x00000001a2c5b000 	/System/Library/PrivateFrameworks/AudioSession.framework/libSessionUtility.dylib
0x00000001a19fc000 	/System/Library/PrivateFrameworks/CMCaptureCore.framework/Versions/A/CMCaptureCore
0x00000001f0396000 	/System/Library/Frameworks/ExtensionFoundation.framework/Versions/A/ExtensionFoundation
0x00000001a8e80000 	/System/Library/PrivateFrameworks/CoreTime.framework/Versions/A/CoreTime
0x00000001a0c30000 	/System/Library/PrivateFrameworks/PlugInKit.framework/Versions/A/PlugInKit
0x00000001a7ab5000 	/System/Library/PrivateFrameworks/PowerLog.framework/Versions/A/PowerLog
0x00000001a79c4000 	/System/Library/Frameworks/CoreBluetooth.framework/Versions/A/CoreBluetooth
0x00000001ab0fd000 	/System/Library/Frameworks/AudioUnit.framework/Versions/A/AudioUnit
0x000000019e5b7000 	/System/Library/PrivateFrameworks/CoreUtils.framework/Versions/A/CoreUtils
0x000000023df4a000 	/System/Library/PrivateFrameworks/CoreUtilsExtras.framework/Versions/A/CoreUtilsExtras
0x00000001a6df9000 	/System/Library/Frameworks/MediaAccessibility.framework/Versions/A/MediaAccessibility
0x00000001c1d49000 	/System/Library/PrivateFrameworks/AttributeGraph.framework/Versions/A/AttributeGraph
0x0000000271254000 	/usr/lib/libAXSafeCategoryBundle.dylib
0x00000001b3b3c000 	/usr/lib/libAccessibility.dylib
0x000000019e401000 	/System/Library/Frameworks/Accelerate.framework/Versions/A/Frameworks/vecLib.framework/Versions/A/libvDSP.dylib
0x000000019f6cc000 	/System/Library/Frameworks/Accelerate.framework/Versions/A/Frameworks/vecLib.framework/Versions/A/libLAPACK.dylib
0x000000019e8b9000 	/System/Library/Frameworks/Accelerate.framework/Versions/A/Frameworks/vecLib.framework/Versions/A/libLinearAlgebra.dylib
0x000000019f5db000 	/System/Library/Frameworks/Accelerate.framework/Versions/A/Frameworks/vecLib.framework/Versions/A/libSparseBLAS.dylib
0x000000019f6c7000 	/System/Library/Frameworks/Accelerate.framework/Versions/A/Frameworks/vecLib.framework/Versions/A/libQuadrature.dylib
0x000000019da3b000 	/System/Library/Frameworks/Accelerate.framework/Versions/A/Frameworks/vecLib.framework/Versions/A/libBNNS.dylib
0x00000001926ba000 	/System/Library/Frameworks/Accelerate.framework/Versions/A/Frameworks/vecLib.framework/Versions/A/libSparse.dylib
0x000000024dda7000 	/System/Library/PrivateFrameworks/MIL.framework/Versions/A/MIL
0x00000001a198e000 	/System/Library/PrivateFrameworks/GPUWrangler.framework/Versions/A/GPUWrangler
0x00000001a196e000 	/System/Library/PrivateFrameworks/IOPresentment.framework/Versions/A/IOPresentment
0x00000001a1996000 	/System/Library/PrivateFrameworks/DSExternalDisplay.framework/Versions/A/DSExternalDisplay
0x00000001dbd3d000 	/System/Library/PrivateFrameworks/HIDDisplay.framework/Versions/A/HIDDisplay
0x00000001b2850000 	/System/Library/PrivateFrameworks/HID.framework/Versions/A/HID
0x00000002678b2000 	/System/Library/PrivateFrameworks/VideoToolboxParavirtualizationSupport.framework/Versions/A/VideoToolboxParavirtualizationSupport
0x00000001a0ce9000 	/System/Library/PrivateFrameworks/AppleVA.framework/Versions/A/AppleVA
0x00000001a89cf000 	/System/Library/PrivateFrameworks/GraphicsServices.framework/Versions/A/GraphicsServices
0x00000001a34d8000 	/System/Library/PrivateFrameworks/CorePhoneNumbers.framework/Versions/A/CorePhoneNumbers
0x00000001a7ba5000 	/System/Library/PrivateFrameworks/MediaKit.framework/Versions/A/MediaKit
0x00000001a7af0000 	/System/Library/Frameworks/DiscRecording.framework/Versions/A/DiscRecording
0x00000001a32c2000 	/System/Library/PrivateFrameworks/NetAuth.framework/Versions/A/NetAuth
0x000000019ad26000 	/System/Library/PrivateFrameworks/login.framework/Versions/A/Frameworks/loginsupport.framework/Versions/A/loginsupport
0x00000001a0d59000 	/System/Library/PrivateFrameworks/IconFoundation.framework/Versions/A/IconFoundation
0x00000001a0ac8000 	/usr/lib/libIOReport.dylib
0x0000000236f6c000 	/System/Library/PrivateFrameworks/AppleMobileFileIntegrity.framework/Versions/A/AppleMobileFileIntegrity
0x00000002715fa000 	/usr/lib/libTLE.dylib
0x00000001eb6a1000 	/System/Library/PrivateFrameworks/ConfigProfileHelper.framework/Versions/A/ConfigProfileHelper
0x000000019e855000 	/usr/lib/libmecab.dylib
0x00000001927af000 	/usr/lib/libCRFSuite.dylib
0x000000019d914000 	/System/Library/PrivateFrameworks/CoreNLP.framework/Versions/A/CoreNLP
0x000000019e8b6000 	/usr/lib/libgermantok.dylib
0x000000019f591000 	/usr/lib/libThaiTokenizer.dylib
0x000000019e81f000 	/usr/lib/libCheckFix.dylib
0x0000000199fbd000 	/System/Library/PrivateFrameworks/MetadataUtilities.framework/Versions/A/MetadataUtilities
0x0000000249c6e000 	/System/Library/PrivateFrameworks/InstalledContentLibrary.framework/Versions/A/InstalledContentLibrary
0x00000001952f6000 	/System/Library/PrivateFrameworks/CoreServicesStore.framework/Versions/A/CoreServicesStore
0x00000001cb010000 	/System/Library/PrivateFrameworks/MobileSystemServices.framework/Versions/A/MobileSystemServices
0x00000001a0986000 	/usr/lib/libxslt.1.dylib
0x000000019e7e1000 	/System/Library/PrivateFrameworks/BackgroundTaskManagement.framework/Versions/A/BackgroundTaskManagement
0x00000001aa8a9000 	/usr/lib/libcurl.4.dylib
0x0000000271833000 	/usr/lib/libcrypto.46.dylib
0x0000000271d80000 	/usr/lib/libssl.48.dylib
0x00000001aa57d000 	/System/Library/Frameworks/LDAP.framework/Versions/A/LDAP
0x00000001aa5b9000 	/System/Library/PrivateFrameworks/TrustEvaluationAgent.framework/Versions/A/TrustEvaluationAgent
0x00000001a2f84000 	/usr/lib/libsasl2.2.dylib
0x00000001b70fd000 	/usr/lib/swift/libswiftCoreGraphics.dylib
0x00000001a7433000 	/usr/lib/swift/libswiftFoundation.dylib
0x00000001eb158000 	/usr/lib/swift/libswiftSwiftOnoneSupport.dylib
0x00000001d8406000 	/System/Library/PrivateFrameworks/CoreMaterial.framework/Versions/A/CoreMaterial
0x0000000258892000 	/System/Library/PrivateFrameworks/SFSymbols.framework/Versions/A/SFSymbols
0x00000001a66f9000 	/System/Library/PrivateFrameworks/SpeechRecognitionCore.framework/Versions/A/SpeechRecognitionCore
0x0000000101368000 	/opt/homebrew/Cellar/openjdk@11/11.0.25/libexec/openjdk.jdk/Contents/Home/lib/server/libjvm.dylib
0x0000000100618000 	/opt/homebrew/Cellar/openjdk@11/11.0.25/libexec/openjdk.jdk/Contents/Home/lib/libverify.dylib
0x0000000100668000 	/opt/homebrew/Cellar/openjdk@11/11.0.25/libexec/openjdk.jdk/Contents/Home/lib/libjava.dylib
0x0000000100630000 	/opt/homebrew/Cellar/openjdk@11/11.0.25/libexec/openjdk.jdk/Contents/Home/lib/libjimage.dylib
0x00000001006a0000 	/opt/homebrew/Cellar/openjdk@11/11.0.25/libexec/openjdk.jdk/Contents/Home/lib/libinstrument.dylib
0x0000000100770000 	/opt/homebrew/Cellar/openjdk@11/11.0.25/libexec/openjdk.jdk/Contents/Home/lib/libzip.dylib
0x00000001012ac000 	/opt/homebrew/Cellar/openjdk@11/11.0.25/libexec/openjdk.jdk/Contents/Home/lib/libnio.dylib
0x00000001012f0000 	/opt/homebrew/Cellar/openjdk@11/11.0.25/libexec/openjdk.jdk/Contents/Home/lib/libnet.dylib
0x000000010128c000 	/opt/homebrew/Cellar/openjdk@11/11.0.25/libexec/openjdk.jdk/Contents/Home/lib/libmanagement.dylib
0x00000001012cc000 	/opt/homebrew/Cellar/openjdk@11/11.0.25/libexec/openjdk.jdk/Contents/Home/lib/libmanagement_ext.dylib
0x0000000101314000 	/opt/homebrew/Cellar/openjdk@11/11.0.25/libexec/openjdk.jdk/Contents/Home/lib/libextnet.dylib


VM Arguments:
jvm_args: -javaagent:/Users/zch/software/skywalking-agent/skywalking-agent.jar -Dskywalking.agent.service_name=anynote-system -Dskywalking.collector.backend_service=127.0.0.1:11800 -XX:TieredStopAtLevel=1 -Xverify:none -Dspring.output.ansi.enabled=always -Dcom.sun.management.jmxremote -Dspring.jmx.enabled=true -Dspring.liveBeansView.mbeanDomain -Dspring.application.admin.enabled=true -Dmanagement.endpoints.jmx.exposure.include=* -javaagent:/Applications/IntelliJ IDEA.app/Contents/lib/idea_rt.jar=57829:/Applications/IntelliJ IDEA.app/Contents/bin -Dfile.encoding=UTF-8 
java_command: com.anynote.system.AnyNoteSystemApplication
java_class_path (initial): /Users/zch/code/anynote/Anynote-Cloud/anynote-modules/anynote-modules-system/target/classes:/Users/zch/.m2/repository/net/logstash/logback/logstash-logback-encoder/6.6/logstash-logback-encoder-6.6.jar:/Users/zch/.m2/repository/com/fasterxml/jackson/core/jackson-databind/2.13.4.2/jackson-databind-2.13.4.2.jar:/Users/zch/.m2/repository/com/fasterxml/jackson/core/jackson-annotations/2.13.4/jackson-annotations-2.13.4.jar:/Users/zch/.m2/repository/com/fasterxml/jackson/core/jackson-core/2.13.4/jackson-core-2.13.4.jar:/Users/zch/.m2/repository/com/alibaba/cloud/spring-cloud-starter-alibaba-nacos-discovery/2021.0.4.0/spring-cloud-starter-alibaba-nacos-discovery-2021.0.4.0.jar:/Users/zch/.m2/repository/com/alibaba/cloud/spring-cloud-alibaba-commons/2021.0.4.0/spring-cloud-alibaba-commons-2021.0.4.0.jar:/Users/zch/.m2/repository/com/alibaba/nacos/nacos-client/2.0.4/nacos-client-2.0.4.jar:/Users/zch/.m2/repository/org/apache/httpcomponents/httpasyncclient/4.1.5/httpasyncclient-4.1.5.jar:/Users/zch/.m2/repository/org/apache/httpcomponents/httpcore/4.4.16/httpcore-4.4.16.jar:/Users/zch/.m2/repository/org/apache/httpcomponents/httpcore-nio/4.4.16/httpcore-nio-4.4.16.jar:/Users/zch/.m2/repository/org/apache/httpcomponents/httpclient/4.5.14/httpclient-4.5.14.jar:/Users/zch/.m2/repository/org/reflections/reflections/0.9.11/reflections-0.9.11.jar:/Users/zch/.m2/repository/com/google/guava/guava/20.0/guava-20.0.jar:/Users/zch/.m2/repository/org/javassist/javassist/3.21.0-GA/javassist-3.21.0-GA.jar:/Users/zch/.m2/repository/io/prometheus/simpleclient/0.15.0/simpleclient-0.15.0.jar:/Users/zch/.m2/repository/io/prometheus/simpleclient_tracer_otel/0.15.0/simpleclient_tracer_otel-0.15.0.jar:/Users/zch/.m2/repository/io/prometheus/simpleclient_tracer_common/0.15.0/simpleclient_tracer_common-0.15.0.jar:/Users/zch/.m2/repository/io/prometheus/simpleclient_tracer_otel_agent/0.15.0/simpleclient_tracer_otel_agent-0.15.0.jar:/Users/zch/.m2/repository/org/yaml/snakeya
Launcher Type: SUN_STANDARD

[Global flags]
     bool BytecodeVerificationLocal                = false                                     {product} {command line}
     bool BytecodeVerificationRemote               = false                                     {product} {command line}
     intx CICompilerCount                          = 4                                         {product} {ergonomic}
     uint ConcGCThreads                            = 2                                         {product} {ergonomic}
     uint G1ConcRefinementThreads                  = 8                                         {product} {ergonomic}
   size_t G1HeapRegionSize                         = 1048576                                   {product} {ergonomic}
    uintx GCDrainStackTargetSize                   = 64                                        {product} {ergonomic}
   size_t InitialHeapSize                          = 402653184                                 {product} {ergonomic}
     bool ManagementServer                         = true                                      {product} {command line}
   size_t MarkStackSize                            = 4194304                                   {product} {ergonomic}
   size_t MaxHeapSize                              = 6442450944                                {product} {ergonomic}
   size_t MaxNewSize                               = 3865051136                                {product} {ergonomic}
   size_t MinHeapDeltaBytes                        = 1048576                                   {product} {ergonomic}
    uintx NonNMethodCodeHeapSize                   = 7549744                                {pd product} {ergonomic}
    uintx NonProfiledCodeHeapSize                  = 244108496                              {pd product} {ergonomic}
    uintx ProfiledCodeHeapSize                     = 0                                      {pd product} {ergonomic}
    uintx ReservedCodeCacheSize                    = 251658240                              {pd product} {ergonomic}
     bool SegmentedCodeCache                       = true                                      {product} {ergonomic}
     intx TieredStopAtLevel                        = 1                                         {product} {command line}
     bool UseCompressedClassPointers               = true                                 {lp64_product} {ergonomic}
     bool UseCompressedOops                        = true                                 {lp64_product} {ergonomic}
     bool UseG1GC                                  = true                                      {product} {ergonomic}

Logging:
Log output configuration:
 #0: stdout all=warning uptime,level,tags
 #1: stderr all=off uptime,level,tags

Environment Variables:
PATH=/Users/zch/.nvm/versions/node/v18.20.4/bin:/Users/zch/miniconda3/bin:/Users/zch/miniconda3/condabin:/Users/zch/software/apache-maven-3.9.9/bin:/opt/homebrew/bin:/opt/homebrew/sbin:/usr/local/bin:/System/Cryptexes/App/usr/bin:/usr/bin:/bin:/usr/sbin:/sbin:/var/run/com.apple.security.cryptexd/codex.system/bootstrap/usr/local/bin:/var/run/com.apple.security.cryptexd/codex.system/bootstrap/usr/bin:/var/run/com.apple.security.cryptexd/codex.system/bootstrap/usr/appleinternal/bin:/Library/Apple/usr/bin:/Users/zch/.cargo/bin:/Users/zch/.lmstudio/bin
SHELL=/bin/zsh
LC_CTYPE=zh_CN.UTF-8
TMPDIR=/var/folders/3k/c0jh496n44v4f8t5jhnw4c900000gn/T/

Signal Handlers:
SIGSEGV: [libjvm.dylib+0x701dd0], sa_mask[0]=11111111011111110111111111111111, sa_flags=SA_ONSTACK|SA_RESTART|SA_SIGINFO
SIGBUS: [libjvm.dylib+0x701dd0], sa_mask[0]=11111111011111110111111111111111, sa_flags=SA_RESTART|SA_SIGINFO
SIGFPE: [libjvm.dylib+0x701dd0], sa_mask[0]=11111111011111110111111111111111, sa_flags=SA_RESTART|SA_SIGINFO
SIGPIPE: [libjvm.dylib+0x56a09c], sa_mask[0]=11111111011111110111111111111111, sa_flags=SA_RESTART|SA_SIGINFO
SIGXFSZ: [libjvm.dylib+0x56a09c], sa_mask[0]=11111111011111110111111111111111, sa_flags=SA_RESTART|SA_SIGINFO
SIGILL: [libjvm.dylib+0x701dd0], sa_mask[0]=11111111011111110111111111111111, sa_flags=SA_RESTART|SA_SIGINFO
SIGUSR2: [libjvm.dylib+0x56a698], sa_mask[0]=00000000000000000000000000000000, sa_flags=SA_RESTART|SA_SIGINFO
SIGHUP: [libjvm.dylib+0x568e30], sa_mask[0]=11111111011111110111111111111111, sa_flags=SA_RESTART|SA_SIGINFO
SIGINT: [libjvm.dylib+0x568e30], sa_mask[0]=11111111011111110111111111111111, sa_flags=SA_RESTART|SA_SIGINFO
SIGTERM: [libjvm.dylib+0x568e30], sa_mask[0]=11111111011111110111111111111111, sa_flags=SA_RESTART|SA_SIGINFO
SIGQUIT: [libjvm.dylib+0x568e30], sa_mask[0]=11111111011111110111111111111111, sa_flags=SA_RESTART|SA_SIGINFO


---------------  S Y S T E M  ---------------

OS:uname:Darwin 24.3.0 Darwin Kernel Version 24.3.0: Thu Jan  2 20:24:23 PST 2025; root:xnu-11215.81.4~3/RELEASE_ARM64_T8122 arm64
OS uptime: 3 days 20:23 hours
rlimit (soft/hard): STACK 8176k/65520k , CORE 0k/infinity , NPROC 4000/6000 , NOFILE 10240/infinity , AS infinity/infinity , CPU infinity/infinity , DATA infinity/infinity , FSIZE infinity/infinity , MEMLOCK infinity/infinity , RSS infinity/infinity
load average:23.30 15.56 10.23

CPU:total 8 (initial active 8) 0x61:0x0:0xfa33415e:0, simd, crc, lse

Memory: 16k page, physical 25165824k(85936k free), swap 12582912k(1631488k free)

vm_info: OpenJDK 64-Bit Server VM (11.0.25+0) for bsd-aarch64 JRE (11.0.25+0), built on Oct 15 2024 22:10:31 by "brew" with clang Homebrew Clang 19.1.1

END.
