#
# A fatal error has been detected by the Java Runtime Environment:
#
#  SIGSEGV (0xb) at pc=0x000000010430111c, pid=44590, tid=115715
#
# JRE version: OpenJDK Runtime Environment Homebrew (11.0.25) (build 11.0.25+0)
# Java VM: OpenJDK 64-Bit Server VM Homebrew (11.0.25+0, mixed mode, tiered, compressed oops, g1 gc, bsd-aarch64)
# Problematic frame:
# V  [libjvm.dylib+0x69511c]  ObjectSynchronizer::inflate(Thread*, oopDesc*, ObjectSynchronizer::InflateCause)+0x18c
#
# No core dump will be written. Core dumps have been disabled. To enable core dumping, try "ulimit -c unlimited" before starting Java again
#
# If you would like to submit a bug report, please visit:
#   https://github.com/Homebrew/homebrew-core/issues
#

---------------  S U M M A R Y ------------

Command Line: -javaagent:/Users/zch/software/skywalking-agent/skywalking-agent.jar -Dskywalking.agent.service_name=anynote-note -Dskywalking.collector.backend_service=127.0.0.1:11800 -XX:TieredStopAtLevel=1 -Xverify:none -Dspring.output.ansi.enabled=always -Dcom.sun.management.jmxremote -Dspring.jmx.enabled=true -Dspring.liveBeansView.mbeanDomain -Dspring.application.admin.enabled=true -Dmanagement.endpoints.jmx.exposure.include=* -javaagent:/Applications/IntelliJ IDEA.app/Contents/lib/idea_rt.jar=53273:/Applications/IntelliJ IDEA.app/Contents/bin -Dfile.encoding=UTF-8 com.anynote.note.AnyNoteNoteApplication

Host: Mac15,12 arm64 1 MHz, 8 cores, 24G, Darwin 24.3.0
Time: Thu Apr  3 14:50:33 2025 CST elapsed time: 62615.108319 seconds (0d 17h 23m 35s)

---------------  T H R E A D  ---------------

Current thread (0x0000000126a1f800):  JavaThread "PullMessageService" [_thread_in_Java, id=115715, stack(0x0000000316c80000,0x0000000316e83000)]

Stack: [0x0000000316c80000,0x0000000316e83000],  sp=0x0000000316e81c80,  free space=2055k
Native frames: (J=compiled Java code, A=aot compiled Java code, j=interpreted, Vv=VM code, C=native code)
V  [libjvm.dylib+0x69511c]  ObjectSynchronizer::inflate(Thread*, oopDesc*, ObjectSynchronizer::InflateCause)+0x18c
V  [libjvm.dylib+0x694f70]  ObjectSynchronizer::fast_exit(oopDesc*, BasicLock*, Thread*)+0x54
V  [libjvm.dylib+0x5e9130]  SharedRuntime::monitor_exit_helper(oopDesc*, BasicLock*, JavaThread*, bool)+0x44
V  [libjvm.dylib+0x12aa9c]  Runtime1::monitorexit(JavaThread*, BasicObjectLock*)+0x58
v  ~RuntimeStub::monitorexit_nofpu Runtime1 stub
C  0x0000000000000000

Java frames: (J=compiled Java code, j=interpreted, Vv=VM code)
v  ~RuntimeStub::monitorexit_nofpu Runtime1 stub
J 12284 c1 org.apache.rocketmq.logging.inner.Logger.callAppenders(Lorg/apache/rocketmq/logging/inner/LoggingEvent;)V (80 bytes) @ 0x000000010ec44840 [0x000000010ec44600+0x0000000000000240]
J 19020 c1 org.apache.rocketmq.logging.inner.Logger.warn(Ljava/lang/Object;Ljava/lang/Throwable;)V (41 bytes) @ 0x000000010f83080c [0x000000010f830680+0x000000000000018c]
J 22957 c1 org.apache.rocketmq.remoting.netty.NettyRemotingClient.createChannel(Ljava/lang/String;)Lio/netty/channel/Channel; (386 bytes) @ 0x000000010ff47b48 [0x000000010ff46d80+0x0000000000000dc8]
J 15381 c1 org.apache.rocketmq.remoting.netty.NettyRemotingClient.getAndCreateChannel(Ljava/lang/String;)Lio/netty/channel/Channel; (46 bytes) @ 0x000000010f17a478 [0x000000010f17a340+0x0000000000000138]
J 22993 c1 org.apache.rocketmq.remoting.netty.NettyRemotingClient.invokeAsync(Ljava/lang/String;Lorg/apache/rocketmq/remoting/protocol/RemotingCommand;JLorg/apache/rocketmq/remoting/InvokeCallback;)V (136 bytes) @ 0x000000010ff5f280 [0x000000010ff5f200+0x0000000000000080]
J 17720 c1 org.apache.rocketmq.client.impl.MQClientAPIImpl.pullMessage(Ljava/lang/String;Lorg/apache/rocketmq/common/protocol/header/PullMessageRequestHeader;JLorg/apache/rocketmq/client/impl/CommunicationMode;Lorg/apache/rocketmq/client/consumer/PullCallback;)Lorg/apache/rocketmq/client/consumer/PullResult; (97 bytes) @ 0x000000010f577804 [0x000000010f5775c0+0x0000000000000244]
J 17177 c1 org.apache.rocketmq.client.impl.consumer.PullAPIWrapper.pullKernelImpl(Lorg/apache/rocketmq/common/message/MessageQueue;Ljava/lang/String;Ljava/lang/String;JJIIJJJLorg/apache/rocketmq/client/impl/CommunicationMode;Lorg/apache/rocketmq/client/consumer/PullCallback;)Lorg/apache/rocketmq/client/consumer/PullResult; (353 bytes) @ 0x000000010f47ca40 [0x000000010f47c200+0x0000000000000840]
J 17050 c1 org.apache.rocketmq.client.impl.consumer.DefaultMQPushConsumerImpl.pullMessage(Lorg/apache/rocketmq/client/impl/consumer/PullRequest;)V (940 bytes) @ 0x000000010f445578 [0x000000010f444440+0x0000000000001138]
J 17046 c1 org.apache.rocketmq.client.impl.consumer.PullMessageService.pullMessage(Lorg/apache/rocketmq/client/impl/consumer/PullRequest;)V (42 bytes) @ 0x000000010f43fe18 [0x000000010f43fd00+0x0000000000000118]
J 21224% c1 org.apache.rocketmq.client.impl.consumer.PullMessageService.run()V (109 bytes) @ 0x000000010fc29bec [0x000000010fc29980+0x000000000000026c]
j  java.lang.Thread.run()V+11 java.base@11.0.25
v  ~StubRoutines::call_stub

siginfo: si_signo: 11 (SIGSEGV), si_code: 2 (SEGV_ACCERR), si_addr: 0x0000000000000000

Register to memory mapping:

 x0=0x0 is NULL
 x1=0x00000006433c7d68 is an oop: org.apache.rocketmq.logging.inner.Logger 
{0x00000006433c7d68} - klass: 'org/apache/rocketmq/logging/inner/Logger'
 - ---- fields (total size 4 words):
 - private 'additive' 'Z' @12  false
 - private 'name' 'Ljava/lang/String;' @16  "RocketmqRemoting"{0x00000006433c7d88} (c8678fb1)
 - private volatile 'level' 'Lorg/apache/rocketmq/logging/inner/Level;' @20  a 'org/apache/rocketmq/logging/inner/Level'{0x00000006446f7918} (c88def23)
 - private volatile 'parent' 'Lorg/apache/rocketmq/logging/inner/Logger;' @24  a 'org/apache/rocketmq/logging/inner/Logger$RootLogger'{0x00000006446f7930} (c88def26)
 - 'appenderPipeline' 'Lorg/apache/rocketmq/logging/inner/Appender$AppenderPipelineImpl;' @28  a 'org/apache/rocketmq/logging/inner/Appender$AppenderPipelineImpl'{0x00000006433c7dc0} (c8678fb8)
 x2=0x0 is NULL
 x3=0x0000000000000001 is an unknown value
 x4=0x0000000000000001 is an unknown value
 x5=0x0000000800bf7ca0 is a pointer to class: 
org.apache.rocketmq.logging.inner.LoggingEvent {0x0000000800bf7ca0}
 - instance size:     6
 - klass size:        73
 - access:            public synchronized 
 - state:             fully_initialized
 - name:              'org/apache/rocketmq/logging/inner/LoggingEvent'
 - super:             'java/lang/Object'
 - sub:               
 - arrays:            'org/apache/rocketmq/logging/inner/LoggingEvent'[]
 - methods:           Array<T>(0x000000015d24c1a8)
 - method ordering:   Array<T>(0x00000001203f4058)
 - default_methods:   Array<T>(0x0000000000000000)
 - local interfaces:  Array<T>(0x000000015d24c128)
 - trans. interfaces: Array<T>(0x000000015d24c128)
 - constants:         constant pool [177] {0x000000015d24ba90} for 'org/apache/rocketmq/logging/inner/LoggingEvent' cache=0x000000015d24c860
 - class loader data:  loader data: 0x0000600000b8c1e0 for instance a 'jdk/internal/loader/ClassLoaders$AppClassLoader'{0x0000000640d6ebc8}
 - host class:        
[error occurred during error reporting (printing register info), id 0xb, SIGSEGV (0xb) at pc=0x0000000103f82688]

Registers:
 x0=0x0000000000000000  x1=0x00000006433c7d68  x2=0x0000000000000000  x3=0x0000000000000001
 x4=0x0000000000000001  x5=0x0000000800bf7ca0  x6=0x0000000000000030  x7=0x00000000000000e6
 x8=0x0000000000000000  x9=0x0000000000001889 x10=0x0000000000000000 x11=0x00030fa26f27c974
x12=0x000000015d29d958 x13=0x0000000000000461 x14=0x0000000000000000 x15=0x0000000800c11520
x16=0x0000000000000020 x17=0x00006000035ee070 x18=0x0000000000000000 x19=0x0000000000000000
x20=0x00000006433c7d68 x21=0x00000001232b4d40 x22=0x0000000126a1f800 x23=0x0000000000000000
x24=0x00000001044f7a84 x25=0x0000000000000000 x26=0x000000015d2c9328 x27=0x0000000000000000
x28=0x0000000126a1f800  fp=0x0000000316e81d30  lr=0x0000000104301118  sp=0x0000000316e81c80
pc=0x000000010430111c cpsr=0x0000000060001000
Top of Stack: (sp=0x0000000316e81c80)
0x0000000316e81c80:   000000015d2c54af 000000064473cba0
0x0000000316e81c90:   000000064571e418 000000066a7ad820
0x0000000316e81ca0:   0000000316e81d00 000000066a7adae8
0x0000000316e81cb0:   00000006433c7e28 000000066a7ae630
0x0000000316e81cc0:   0000000000000000 0000000000000000
0x0000000316e81cd0:   434f4e4500000000 0000000000000000
0x0000000316e81ce0:   0000000316e81d20 0000000000000003
0x0000000316e81cf0:   000000015d2c9328 000000000000000a
0x0000000316e81d00:   0000000316e81fe0 0000000000000000
0x0000000316e81d10:   0000000126a1f800 0000000000000001
0x0000000316e81d20:   00000006433c7d68 0000000126a1f800
0x0000000316e81d30:   0000000316e81d50 0000000104300f70
0x0000000316e81d40:   00000006433c7d68 0000000316e82020
0x0000000316e81d50:   0000000316e81d90 0000000104255130
0x0000000316e81d60:   0000000126a1f800 0000000126a1f800
0x0000000316e81d70:   0000000126a1f800 0000000000000001
0x0000000316e81d80:   0000000316e82020 0000000126a1f800
0x0000000316e81d90:   0000000316e81dc0 0000000103d96a9c
0x0000000316e81da0:   000000015d2c54af 000000010452a6f0
0x0000000316e81db0:   0000000316e81ff0 000000066a7ae670
0x0000000316e81dc0:   0000000316e81fc0 000000010d0de9f8
0x0000000316e81dd0:   0000000000000021 00000006433c7e28
0x0000000316e81de0:   0000000000000000 0000000000000000
0x0000000316e81df0:   0000000316e82a60 000000010d7338e0
0x0000000316e81e00:   0000000316e82a60 000000010ec8186c
0x0000000316e81e10:   0000000645272b00 000000066a7adb20
0x0000000316e81e20:   0000000126a1f800 000000066a7adfa0
0x0000000316e81e30:   000000010000003a 000000066a7adfd8
0x0000000316e81e40:   000000066a7ae028 000000066a7adf30
0x0000000316e81e50:   0000000316e82a60 000000010ebdc3c8
0x0000000316e81e60:   0000000316e82a00 000000010d779778
0x0000000316e81e70:   0000000316e82a60 000000010d745bf4 

Instructions: (pc=0x000000010430111c)
0x000000010430101c:   1f 30 00 f9 1f 44 00 f9 1f 28 00 f9 79 03 00 b4
0x000000010430102c:   b7 02 00 f9 bf 22 00 f9 bf 2a 00 f9 b4 06 00 f9
0x000000010430103c:   bf 2a 00 f9 bf 3a 00 f9 08 03 40 b9 a8 7e 00 b9
0x000000010430104c:   a9 02 7f b2 bf 3b 03 d5 e8 03 17 aa 89 7e a8 c8
0x000000010430105c:   bf 3b 03 d5 1f 01 17 eb 60 08 00 54 ff 02 08 eb
0x000000010430106c:   20 08 00 54 bf 06 00 f9 bf 22 00 f9 bf 2a 00 f9
0x000000010430107c:   bf 36 00 f9 bf 2e 00 f9 bf 32 00 f9 bf 46 00 f9
0x000000010430108c:   bf 2a 00 f9 0d 00 00 14 bf 3a 00 f9 bf 2a 00 f9
0x000000010430109c:   08 03 40 b9 a8 7e 00 b9 bf 3b 03 d5 e8 03 17 aa
0x00000001043010ac:   9f 7e a8 c8 bf 3b 03 d5 1f 01 17 eb c0 02 00 54
0x00000001043010bc:   ff 02 08 eb 80 02 00 54 e0 03 16 aa e1 03 15 aa
0x00000001043010cc:   22 00 80 52 9c 05 00 94 97 02 40 f9 e0 03 17 aa
0x00000001043010dc:   81 b9 ed 97 e0 f8 0f 36 e0 03 17 aa 7e b9 ed 97
0x00000001043010ec:   15 00 7f d2 e0 03 15 aa fd 7b 4b a9 f4 4f 4a a9
0x00000001043010fc:   f6 57 49 a9 f8 5f 48 a9 fa 67 47 a9 ff 03 03 91
0x000000010430110c:   c0 03 5f d6 e0 03 17 aa 73 b9 ed 97 08 f8 7e 92
0x000000010430111c:   08 01 40 f9 a8 02 00 f9 e0 03 17 aa 6e b9 ed 97
0x000000010430112c:   a0 22 00 f9 bf 2a 00 f9 b4 06 00 f9 88 02 40 f9
0x000000010430113c:   48 01 00 b4 e0 07 00 90 00 7c 3c 91 e2 07 00 b0
0x000000010430114c:   42 10 02 91 03 05 00 90 63 e0 08 91 01 bd 80 52
0x000000010430115c:   ce 9d ed 97 28 49 fb 97 a8 02 7f b2 bf 3b 03 d5
0x000000010430116c:   88 02 00 f9 08 11 00 d0 08 41 0b 91 08 01 40 f9
0x000000010430117c:   48 01 00 b4 09 11 00 d0 29 e1 2b 91 29 01 40 39
0x000000010430118c:   3f 05 00 71 a1 00 00 54 08 15 40 f9 09 01 40 f9
0x000000010430119c:   29 05 00 91 09 01 00 f9 c8 0f 00 f0 08 e5 43 f9
0x00000001043011ac:   28 06 00 b4 c8 10 00 d0 08 e5 37 91 08 01 40 39
0x00000001043011bc:   1f 05 00 71 21 01 00 54 89 0a 40 b9 ca 0f 00 f0
0x00000001043011cc:   4a 61 2b 91 4b 09 40 b9 4a 01 40 f9 2b 21 cb 9a
0x00000001043011dc:   6a 01 0a 8b 03 00 00 14 8a 06 40 f9 e9 03 0a aa
0x00000001043011ec:   4a 09 40 b9 5f 05 00 71 eb 03 00 54 80 10 00 d0
0x00000001043011fc:   00 80 27 91 0a 00 40 f9 40 01 3f d6 0a 00 40 f9
0x000000010430120c:   4a 3d 41 f9 ea 0f 00 f9 40 05 c0 3d e0 03 82 3c 


Stack slot to memory mapping:
stack at sp + 0 slots: 0x000000015d2c54af is pointing into metadata
stack at sp + 1 slots: 0x000000064473cba0 is an oop: io.netty.channel.ChannelOption 
{0x000000064473cba0} - klass: 'io/netty/channel/ChannelOption'
 - ---- fields (total size 4 words):
 - private final 'id' 'I' @12  4
 - private final 'uniquifier' 'J' @16  3 (3 0)
 - private final 'name' 'Ljava/lang/String;' @24  "CONNECT_TIMEOUT_MILLIS"{0x0000000642062f80} (c840c5f0)
stack at sp + 2 slots: 0x000000064571e418 is an oop: java.lang.Integer 
{0x000000064571e418} - klass: 'java/lang/Integer'
 - ---- fields (total size 2 words):
 - private final 'value' 'I' @12  3000 (bb8)
stack at sp + 3 slots: 0x000000066a7ad820 is an oop: io.netty.channel.socket.nio.NioSocketChannel$NioSocketChannelConfig 
{0x000000066a7ad820} - klass: 'io/netty/channel/socket/nio/NioSocketChannel$NioSocketChannelConfig'
 - ---- fields (total size 9 words):
 - private volatile 'connectTimeoutMillis' 'I' @12  3000 (bb8)
 - private volatile 'writeSpinCount' 'I' @16  16 (10)
 - private volatile 'maxMessagesPerWrite' 'I' @20  2147483647 (7fffffff)
 - private volatile 'autoRead' 'I' @24  1
 - private volatile 'autoClose' 'Z' @28  true
 - private volatile 'pinEventExecutor' 'Z' @29  true
 - protected final 'channel' 'Lio/netty/channel/Channel;' @32  a 'io/netty/channel/socket/nio/NioSocketChannel'{0x000000066a7ad470} (cd4f5a8e)
 - private volatile 'allocator' 'Lio/netty/buffer/ByteBufAllocator;' @36  a 'io/netty/buffer/PooledByteBufAllocator'{0x0000000644700290} (c88e0052)
 - private volatile 'rcvBufAllocator' 'Lio/netty/channel/RecvByteBufAllocator;' @40  a 'io/netty/channel/AdaptiveRecvByteBufAllocator'{0x000000066a7ad8a0} (cd4f5b14)
 - private volatile 'msgSizeEstimator' 'Lio/netty/channel/MessageSizeEstimator;' @44  a 'io/netty/channel/DefaultMessageSizeEstimator'{0x00000006433cdcc8} (c8679b99)
 - private volatile 'writeBufferWaterMark' 'Lio/netty/channel/WriteBufferWaterMark;' @48  a 'io/netty/channel/WriteBufferWaterMark'{0x00000006433cdce8} (c8679b9d)
 - private volatile 'allowHalfClosure' 'Z' @52  false
 - protected final 'javaSocket' 'Ljava/net/Socket;' @56  a 'sun/nio/ch/SocketAdaptor'{0x000000066a7ad868} (cd4f5b0d)
 - private volatile 'maxBytesPerGatheringWrite' 'I' @60  262144 (40000)
 - final synthetic 'this$0' 'Lio/netty/channel/socket/nio/NioSocketChannel;' @64  a 'io/netty/channel/socket/nio/NioSocketChannel'{0x000000066a7ad470} (cd4f5a8e)
stack at sp + 4 slots: 0x0000000316e81d00 is pointing into the stack for thread: 0x0000000126a1f800
stack at sp + 5 slots: 0x000000066a7adae8 is an oop: java.util.concurrent.ConcurrentHashMap$EntryIterator 
{0x000000066a7adae8} - klass: 'java/util/concurrent/ConcurrentHashMap$EntryIterator'
 - ---- fields (total size 7 words):
 - 'index' 'I' @12  0
 - 'baseIndex' 'I' @16  0
 - 'baseLimit' 'I' @20  0
 - final 'baseSize' 'I' @24  0
 - strict 'tab' '[Ljava/util/concurrent/ConcurrentHashMap$Node;' @28  
[error occurred during error reporting (inspecting top of stack), id 0xb, SIGSEGV (0xb) at pc=0x00000001041c5918]


---------------  P R O C E S S  ---------------

Threads class SMR info:
_java_thread_list=0x0000600003e04fe0, length=282, elements={
0x000000012180a800, 0x00000001228c9000, 0x000000013283b000, 0x000000013283e000,
0x00000001228cb000, 0x00000001338b0000, 0x000000012291a000, 0x0000000134781800,
0x0000000132fae800, 0x0000000132fbe000, 0x0000000132fbf000, 0x0000000134799000,
0x000000013479a000, 0x00000001347af000, 0x0000000122405800, 0x000000012240b000,
0x000000012240c000, 0x0000000122406000, 0x00000001347b0000, 0x0000000122407800,
0x0000000133f15000, 0x00000001223d3800, 0x0000000132fc1800, 0x0000000132fff800,
0x0000000132f7a000, 0x000000012601d000, 0x0000000122413800, 0x00000001224dd000,
0x0000000126028800, 0x00000001348af800, 0x00000001224d1800, 0x00000001269de000,
0x00000001269e3000, 0x00000001348b0800, 0x00000001230c8000, 0x00000001210bb000,
0x0000000126036000, 0x0000000126a14800, 0x0000000122526000, 0x0000000130024000,
0x0000000130041800, 0x000000012250b000, 0x0000000133f52000, 0x0000000126831000,
0x0000000130088800, 0x0000000130131800, 0x0000000122694800, 0x00000001226e7800,
0x0000000122753000, 0x000000012628d800, 0x000000012277b800, 0x0000000130108800,
0x000000013404e800, 0x0000000122547800, 0x00000001300fb800, 0x00000001300a4800,
0x0000000126fe8000, 0x00000001338d7800, 0x00000001300da800, 0x0000000123105000,
0x0000000130116000, 0x000000015c03c800, 0x0000000130160800, 0x0000000130201000,
0x0000000133f0d000, 0x00000001301ed800, 0x0000000133f95800, 0x000000013014b000,
0x000000013015c800, 0x000000013015d800, 0x000000015c07e800, 0x0000000126f58000,
0x000000015c0d3800, 0x000000015c0d6800, 0x000000013014a000, 0x000000013025b000,
0x000000013024f800, 0x000000015c0e9800, 0x00000001347f8800, 0x0000000126f21800,
0x00000001263a6000, 0x0000000133b31000, 0x0000000122780000, 0x0000000126412000,
0x0000000123106000, 0x0000000137825000, 0x0000000123010800, 0x00000001210d4000,
0x0000000126463000, 0x0000000126f06800, 0x0000000126464000, 0x00000001269e7800,
0x000000013790d000, 0x00000001348e7000, 0x000000015c0fb000, 0x000000013024b800,
0x0000000126461000, 0x0000000133b2d800, 0x00000001263a7000, 0x000000012186d800,
0x00000001210cf800, 0x0000000126a1f800, 0x00000001348aa000, 0x000000013788e000,
0x0000000123011800, 0x00000001338ff800, 0x000000012106e000, 0x0000000133900000,
0x00000001348aa800, 0x000000013026a000, 0x0000000126462000, 0x0000000121878800,
0x00000001348fd000, 0x00000001230a4800, 0x0000000123015000, 0x0000000126fc9800,
0x0000000126f70000, 0x0000000121879800, 0x000000015c0c3800, 0x00000001348fb000,
0x000000015c0c4000, 0x00000001348a4000, 0x00000001348a4800, 0x00000001348a5800,
0x00000001348a6800, 0x0000000130379800, 0x00000001348a7800, 0x000000012187a800,
0x0000000134824800, 0x000000012187b000, 0x000000012187c000, 0x0000000121071000,
0x000000015c12e000, 0x0000000134825800, 0x0000000126465000, 0x000000013026b000,
0x000000012645c800, 0x00000001338c1000, 0x000000013037a800, 0x0000000130384800,
0x00000001338c2000, 0x000000012645a800, 0x000000013794e800, 0x00000001228f5800,
0x00000001228f6800, 0x00000001378f5800, 0x00000001260e5800, 0x00000001378fe800,
0x000000012645d000, 0x000000012645e000, 0x000000015c14e000, 0x000000015c15c800,
0x000000015c15d000, 0x000000012645b000, 0x000000015c15e000, 0x0000000122556000,
0x00000001227c3800, 0x000000015c15f000, 0x00000001227c4000, 0x0000000126466800,
0x000000015c15a000, 0x000000013039d800, 0x00000001338c3800, 0x000000013039a000,
0x00000001303a3800, 0x0000000132b79000, 0x000000015c16f800, 0x00000001303cc800,
0x0000000134829000, 0x0000000121075000, 0x0000000121072800, 0x0000000121876800,
0x0000000121094000, 0x0000000121095000, 0x0000000134905000, 0x0000000134906000,
0x0000000134908000, 0x0000000121195800, 0x0000000134909000, 0x0000000134915800,
0x000000012188d000, 0x0000000121880800, 0x0000000121881800, 0x0000000121198800,
0x0000000121199800, 0x00000001230a8800, 0x0000000121196800, 0x000000012187d000,
0x0000000123044800, 0x000000013491e000, 0x000000013483c800, 0x0000000121197000,
0x0000000134828800, 0x00000001230ed800, 0x0000000134916800, 0x0000000121889800,
0x00000001230a5800, 0x000000012188a800, 0x0000000134966000, 0x000000012190d800,
0x0000000134967800, 0x000000012190e000, 0x000000012119a800, 0x000000012190f000,
0x00000001347a3000, 0x0000000123048800, 0x0000000134847800, 0x00000001230b0800,
0x000000015c160000, 0x0000000134845800, 0x0000000121885000, 0x0000000134964000,
0x00000001230b2000, 0x0000000121914800, 0x000000012119d800, 0x00000001230af000,
0x000000012119e000, 0x0000000134962000, 0x0000000123109800, 0x0000000123108800,
0x00000001218a5800, 0x000000013491f000, 0x0000000134965000, 0x0000000121888800,
0x000000012310b800, 0x0000000123107800, 0x00000001227d7800, 0x0000000134848800,
0x000000015c14b800, 0x0000000133f0c800, 0x000000015c14c800, 0x0000000122573800,
0x00000001263d0000, 0x00000001263d0800, 0x00000001378a3800, 0x000000015c14d000,
0x0000000121910800, 0x000000013484b800, 0x000000012646e800, 0x0000000126494000,
0x00000001218a7000, 0x0000000122644800, 0x0000000134846800, 0x0000000134849800,
0x000000012108f800, 0x00000001218a9800, 0x000000012108d000, 0x00000001218a8000,
0x0000000123207000, 0x0000000122b2f800, 0x0000000122b30800, 0x0000000123203000,
0x00000001263ea800, 0x0000000123208000, 0x00000001263eb000, 0x0000000122b31800,
0x00000001263ec000, 0x000000013490f800, 0x0000000121202000, 0x0000000134d20000,
0x0000000132afc000, 0x0000000122583800, 0x0000000122580800, 0x0000000121918800,
0x0000000132b05000, 0x000000015c195800, 0x0000000122b2e000, 0x0000000122584800,
0x0000000132b06800, 0x000000015c087800, 0x0000000134f40000, 0x000000012120c000,
0x00000001379a3000, 0x00000001211de000, 0x000000012125d000, 0x000000012192a800,
0x000000012192c000, 0x0000000123202800, 0x000000012322c000, 0x0000000134d30000,
0x00000001211dc800, 0x0000000134d31000
}

Java Threads: ( => current thread )
  0x000000012180a800 JavaThread "Reference Handler" daemon [_thread_blocked, id=20995, stack(0x000000016de1c000,0x000000016e01f000)]
  0x00000001228c9000 JavaThread "Finalizer" daemon [_thread_blocked, id=20483, stack(0x000000016e028000,0x000000016e22b000)]
  0x000000013283b000 JavaThread "Signal Dispatcher" daemon [_thread_blocked, id=21763, stack(0x000000016e34c000,0x000000016e54f000)]
  0x000000013283e000 JavaThread "Service Thread" daemon [_thread_blocked, id=22531, stack(0x000000016e558000,0x000000016e75b000)]
  0x00000001228cb000 JavaThread "C1 CompilerThread0" daemon [_thread_blocked, id=32003, stack(0x000000016e764000,0x000000016e967000)]
  0x00000001338b0000 JavaThread "Sweeper thread" daemon [_thread_blocked, id=31491, stack(0x000000016e970000,0x000000016eb73000)]
  0x000000012291a000 JavaThread "Common-Cleaner" daemon [_thread_blocked, id=30979, stack(0x000000016eb7c000,0x000000016ed7f000)]
  0x0000000134781800 JavaThread "SkywalkingAgent-LogFileWriter" daemon [_thread_blocked, id=29187, stack(0x0000000300004000,0x0000000300207000)]
  0x0000000132fae800 JavaThread "DataCarrier.DEFAULT.Consumer.0.Thread" daemon [_thread_blocked, id=28419, stack(0x000000030041c000,0x000000030061f000)]
  0x0000000132fbe000 JavaThread "SkywalkingAgent-5-JVMService-produce-0" daemon [_thread_blocked, id=27651, stack(0x0000000300628000,0x000000030082b000)]
  0x0000000132fbf000 JavaThread "SkywalkingAgent-6-JVMService-consume-0" daemon [_thread_blocked, id=43267, stack(0x0000000300834000,0x0000000300a37000)]
  0x0000000134799000 JavaThread "SkywalkingAgent-7-ServiceManagementClient-0" daemon [_thread_blocked, id=33283, stack(0x0000000300a40000,0x0000000300c43000)]
  0x000000013479a000 JavaThread "SkywalkingAgent-1-CommandService-0" daemon [_thread_blocked, id=33795, stack(0x0000000300c4c000,0x0000000300e4f000)]
  0x00000001347af000 JavaThread "SkywalkingAgent-8-ProfileGetTaskService-0" daemon [_thread_blocked, id=34051, stack(0x0000000300e58000,0x000000030105b000)]
  0x0000000122405800 JavaThread "SkywalkingAgent-9-ProfileSendSnapshotService-0" daemon [_thread_blocked, id=41987, stack(0x0000000301064000,0x0000000301267000)]
  0x000000012240b000 JavaThread "SkywalkingAgent-10-MeterReportService-0" daemon [_thread_blocked, id=41731, stack(0x0000000301270000,0x0000000301473000)]
  0x000000012240c000 JavaThread "DataCarrier.gRPC-log.Consumer.0.Thread" daemon [_thread_blocked, id=35331, stack(0x000000030147c000,0x000000030167f000)]
  0x0000000122406000 JavaThread "SkywalkingAgent-11-ConfigurationDiscoveryService-0" daemon [_thread_blocked, id=36099, stack(0x0000000301688000,0x000000030188b000)]
  0x00000001347b0000 JavaThread "SkywalkingAgent-12-GRPCChannelManager-0" daemon [_thread_blocked, id=40707, stack(0x0000000301894000,0x0000000301a97000)]
  0x0000000122407800 JavaThread "Monitor Ctrl-Break" daemon [_thread_in_native, id=36867, stack(0x0000000301aa0000,0x0000000301ca3000)]
  0x0000000133f15000 JavaThread "RMI TCP Accept-0" daemon [_thread_in_native, id=37123, stack(0x0000000301cac000,0x0000000301eaf000)]
  0x00000001223d3800 JavaThread "Attach Listener" daemon [_thread_blocked, id=39171, stack(0x00000003020c4000,0x00000003022c7000)]
  0x0000000132fc1800 JavaThread "grpc-nio-worker-ELG-1-1" daemon [_thread_in_native, id=38147, stack(0x00000003022d0000,0x00000003024d3000)]
  0x0000000132fff800 JavaThread "grpc-nio-worker-ELG-1-2" daemon [_thread_in_native, id=44035, stack(0x00000003026e8000,0x00000003028eb000)]
  0x0000000132f7a000 JavaThread "grpc-nio-worker-ELG-1-3" daemon [_thread_in_native, id=45571, stack(0x0000000302b00000,0x0000000302d03000)]
  0x000000012601d000 JavaThread "grpc-nio-worker-ELG-1-4" daemon [_thread_in_native, id=46083, stack(0x0000000302f18000,0x000000030311b000)]
  0x0000000122413800 JavaThread "RMI Scheduler(0)" daemon [_thread_blocked, id=46595, stack(0x0000000303330000,0x0000000303533000)]
  0x00000001224dd000 JavaThread "logback-2" daemon [_thread_blocked, id=61955, stack(0x0000000303b60000,0x0000000303d63000)]
  0x0000000126028800 JavaThread "logback-3" daemon [_thread_blocked, id=61699, stack(0x0000000303d6c000,0x0000000303f6f000)]
  0x00000001348af800 JavaThread "grpc-nio-worker-ELG-1-5" daemon [_thread_in_native, id=49155, stack(0x0000000304184000,0x0000000304387000)]
  0x00000001224d1800 JavaThread "logback-4" daemon [_thread_blocked, id=60679, stack(0x0000000303f78000,0x000000030417b000)]
  0x00000001269de000 JavaThread "com.alibaba.nacos.client.identify.watcher.0" daemon [_thread_blocked, id=59655, stack(0x0000000304390000,0x0000000304593000)]
  0x00000001269e3000 JavaThread "com.alibaba.nacos.client.Worker" daemon [_thread_blocked, id=59395, stack(0x000000030459c000,0x000000030479f000)]
  0x00000001348b0800 JavaThread "logback-5" daemon [_thread_blocked, id=62475, stack(0x000000030353c000,0x000000030373f000)]
  0x00000001230c8000 JavaThread "logback-appender-Logstash-localhost:5044-2" daemon [_thread_blocked, id=48135, stack(0x0000000303748000,0x000000030394b000)]
  0x00000001210bb000 JavaThread "logback-appender-Logstash-localhost:5044-4" daemon [_thread_in_native, id=62739, stack(0x0000000303954000,0x0000000303b57000)]
  0x0000000126036000 JavaThread "logback-6" daemon [_thread_blocked, id=50439, stack(0x00000003047a8000,0x00000003049ab000)]
  0x0000000126a14800 JavaThread "logback-7" daemon [_thread_blocked, id=58883, stack(0x00000003049b4000,0x0000000304bb7000)]
  0x0000000122526000 JavaThread "nacos.publisher-com.alibaba.nacos.common.notify.SlowEvent" daemon [_thread_blocked, id=51463, stack(0x0000000304bc0000,0x0000000304dc3000)]
  0x0000000130024000 JavaThread "com.alibaba.nacos.client.remote.worker" daemon [_thread_blocked, id=51971, stack(0x0000000304dcc000,0x0000000304fcf000)]
  0x0000000130041800 JavaThread "com.alibaba.nacos.client.remote.worker" daemon [_thread_blocked, id=57859, stack(0x0000000304fd8000,0x00000003051db000)]
  0x000000012250b000 JavaThread "grpc-nio-worker-ELG-1-1" daemon [_thread_in_native, id=57091, stack(0x00000003051e4000,0x00000003053e7000)]
  0x0000000133f52000 JavaThread "grpc-nio-worker-ELG-1-2" daemon [_thread_in_native, id=55815, stack(0x00000003055fc000,0x00000003057ff000)]
  0x0000000126831000 JavaThread "grpc-nio-worker-ELG-1-6" daemon [_thread_in_native, id=68879, stack(0x00000003074b0000,0x00000003076b3000)]
  0x0000000130088800 JavaThread "grpc-nio-worker-ELG-1-7" daemon [_thread_in_native, id=81931, stack(0x00000003076bc000,0x00000003078bf000)]
  0x0000000130131800 JavaThread "grpc-nio-worker-ELG-1-8" daemon [_thread_in_native, id=82191, stack(0x00000003078c8000,0x0000000307acb000)]
  0x0000000122694800 JavaThread "Catalina-utility-1" [_thread_blocked, id=69643, stack(0x0000000307ad4000,0x0000000307cd7000)]
  0x00000001226e7800 JavaThread "Catalina-utility-2" [_thread_blocked, id=80899, stack(0x0000000307ce0000,0x0000000307ee3000)]
  0x0000000122753000 JavaThread "container-0" [_thread_blocked, id=70659, stack(0x0000000310004000,0x0000000310207000)]
  0x000000012628d800 JavaThread "ClientHouseKeepingService" daemon [_thread_blocked, id=71179, stack(0x0000000310210000,0x0000000310413000)]
  0x000000012277b800 JavaThread "AsyncAppender-Dispatcher-Thread-15" daemon [_thread_blocked, id=80131, stack(0x000000031041c000,0x000000031061f000)]
  0x0000000130108800 JavaThread "AsyncAppender-Dispatcher-Thread-16" daemon [_thread_blocked, id=71939, stack(0x0000000310628000,0x000000031082b000)]
  0x000000013404e800 JavaThread "MQClientFactoryScheduledThread" [_thread_blocked, id=72451, stack(0x0000000310834000,0x0000000310a37000)]
  0x0000000122547800 JavaThread "AsyncAppender-Dispatcher-Thread-17" daemon [_thread_blocked, id=78851, stack(0x0000000310a40000,0x0000000310c43000)]
  0x00000001300fb800 JavaThread "PullMessageService" [_thread_blocked, id=78083, stack(0x0000000310c4c000,0x0000000310e4f000)]
  0x00000001300a4800 JavaThread "RebalanceService" [_thread_blocked, id=77827, stack(0x0000000310e58000,0x000000031105b000)]
  0x0000000126fe8000 JavaThread "RequestHouseKeepingService1" [_thread_blocked, id=73219, stack(0x0000000311064000,0x0000000311267000)]
  0x00000001338d7800 JavaThread "NettyClientSelector_1" [_thread_in_native, id=76547, stack(0x0000000311270000,0x0000000311473000)]
  0x00000001300da800 JavaThread "NettyClientWorkerThread_1" [_thread_blocked, id=76291, stack(0x000000031147c000,0x000000031167f000)]
  0x0000000123105000 JavaThread "NettyClientWorkerThread_2" [_thread_blocked, id=76051, stack(0x0000000311688000,0x000000031188b000)]
  0x0000000130116000 JavaThread "lettuce-timer-3-1" daemon [_thread_blocked, id=74759, stack(0x0000000311894000,0x0000000311a97000)]
  0x000000015c03c800 JavaThread "pool-7-thread-1" [_thread_in_native, id=75531, stack(0x0000000311aa0000,0x0000000311ca3000)]
  0x0000000130160800 JavaThread "I/O dispatcher 1" [_thread_in_native, id=130819, stack(0x0000000311cac000,0x0000000311eaf000)]
  0x0000000130201000 JavaThread "I/O dispatcher 2" [_thread_in_native, id=130307, stack(0x0000000311eb8000,0x00000003120bb000)]
  0x0000000133f0d000 JavaThread "I/O dispatcher 3" [_thread_in_native, id=88579, stack(0x00000003120c4000,0x00000003122c7000)]
  0x00000001301ed800 JavaThread "I/O dispatcher 4" [_thread_in_native, id=129795, stack(0x00000003122d0000,0x00000003124d3000)]
  0x0000000133f95800 JavaThread "I/O dispatcher 5" [_thread_in_native, id=129027, stack(0x00000003124dc000,0x00000003126df000)]
  0x000000013014b000 JavaThread "I/O dispatcher 6" [_thread_in_native, id=89347, stack(0x00000003126e8000,0x00000003128eb000)]
  0x000000013015c800 JavaThread "I/O dispatcher 7" [_thread_in_native, id=89603, stack(0x00000003128f4000,0x0000000312af7000)]
  0x000000013015d800 JavaThread "I/O dispatcher 8" [_thread_in_native, id=128003, stack(0x0000000312b00000,0x0000000312d03000)]
  0x000000015c07e800 JavaThread "pool-8-thread-1" [_thread_in_native, id=90639, stack(0x0000000312d0c000,0x0000000312f0f000)]
  0x0000000126f58000 JavaThread "I/O dispatcher 9" [_thread_in_native, id=127235, stack(0x0000000312f18000,0x000000031311b000)]
  0x000000015c0d3800 JavaThread "I/O dispatcher 10" [_thread_in_native, id=126467, stack(0x0000000313124000,0x0000000313327000)]
  0x000000015c0d6800 JavaThread "I/O dispatcher 11" [_thread_in_native, id=125699, stack(0x0000000313330000,0x0000000313533000)]
  0x000000013014a000 JavaThread "I/O dispatcher 12" [_thread_in_native, id=91651, stack(0x000000031353c000,0x000000031373f000)]
  0x000000013025b000 JavaThread "I/O dispatcher 13" [_thread_in_native, id=125443, stack(0x0000000313748000,0x000000031394b000)]
  0x000000013024f800 JavaThread "I/O dispatcher 14" [_thread_in_native, id=124931, stack(0x0000000313954000,0x0000000313b57000)]
  0x000000015c0e9800 JavaThread "I/O dispatcher 15" [_thread_in_native, id=124163, stack(0x0000000313b60000,0x0000000313d63000)]
  0x00000001347f8800 JavaThread "I/O dispatcher 16" [_thread_in_native, id=123651, stack(0x0000000313d6c000,0x0000000313f6f000)]
  0x0000000126f21800 JavaThread "spring.cloud.inetutils" daemon [_thread_blocked, id=123395, stack(0x0000000313f78000,0x000000031417b000)]
  0x00000001263a6000 JavaThread "ClientHouseKeepingService" daemon [_thread_blocked, id=122891, stack(0x0000000314184000,0x0000000314387000)]
  0x0000000133b31000 JavaThread "MQClientFactoryScheduledThread" [_thread_blocked, id=94211, stack(0x0000000314390000,0x0000000314593000)]
  0x0000000122780000 JavaThread "CleanExpireMsgScheduledThread_1" [_thread_blocked, id=94979, stack(0x000000031459c000,0x000000031479f000)]
  0x0000000126412000 JavaThread "PullMessageService" [_thread_blocked, id=122371, stack(0x00000003147a8000,0x00000003149ab000)]
  0x0000000123106000 JavaThread "RebalanceService" [_thread_blocked, id=95747, stack(0x00000003149b4000,0x0000000314bb7000)]
  0x0000000137825000 JavaThread "NettyClientSelector_1" [_thread_in_native, id=121603, stack(0x0000000314bc0000,0x0000000314dc3000)]
  0x0000000123010800 JavaThread "NettyClientWorkerThread_1" [_thread_blocked, id=121091, stack(0x0000000314dcc000,0x0000000314fcf000)]
  0x00000001210d4000 JavaThread "NettyClientWorkerThread_2" [_thread_blocked, id=97027, stack(0x0000000314fd8000,0x00000003151db000)]
  0x0000000126463000 JavaThread "NettyClientPublicExecutor_1" [_thread_blocked, id=120835, stack(0x00000003151e4000,0x00000003153e7000)]
  0x0000000126f06800 JavaThread "ClientHouseKeepingService" daemon [_thread_blocked, id=120323, stack(0x00000003153f0000,0x00000003155f3000)]
  0x0000000126464000 JavaThread "MQClientFactoryScheduledThread" [_thread_blocked, id=98307, stack(0x00000003155fc000,0x00000003157ff000)]
  0x00000001269e7800 JavaThread "CleanExpireMsgScheduledThread_1" [_thread_blocked, id=99075, stack(0x0000000315808000,0x0000000315a0b000)]
  0x000000013790d000 JavaThread "PullMessageService" [_thread_blocked, id=119555, stack(0x0000000315a14000,0x0000000315c17000)]
  0x00000001348e7000 JavaThread "RebalanceService" [_thread_blocked, id=99843, stack(0x0000000315c20000,0x0000000315e23000)]
  0x000000015c0fb000 JavaThread "NettyClientSelector_1" [_thread_in_native, id=100099, stack(0x0000000315e2c000,0x000000031602f000)]
  0x000000013024b800 JavaThread "NettyClientWorkerThread_1" [_thread_blocked, id=100611, stack(0x0000000316038000,0x000000031623b000)]
  0x0000000126461000 JavaThread "NettyClientWorkerThread_2" [_thread_blocked, id=118019, stack(0x0000000316244000,0x0000000316447000)]
  0x0000000133b2d800 JavaThread "NettyClientPublicExecutor_1" [_thread_blocked, id=101379, stack(0x0000000316450000,0x0000000316653000)]
  0x00000001263a7000 JavaThread "ClientHouseKeepingService" daemon [_thread_blocked, id=101635, stack(0x000000031665c000,0x000000031685f000)]
  0x000000012186d800 JavaThread "MQClientFactoryScheduledThread" [_thread_blocked, id=116483, stack(0x0000000316868000,0x0000000316a6b000)]
  0x00000001210cf800 JavaThread "CleanExpireMsgScheduledThread_1" [_thread_blocked, id=115971, stack(0x0000000316a74000,0x0000000316c77000)]
=>0x0000000126a1f800 JavaThread "PullMessageService" [_thread_in_Java, id=115715, stack(0x0000000316c80000,0x0000000316e83000)]
  0x00000001348aa000 JavaThread "RebalanceService" [_thread_blocked, id=102659, stack(0x0000000316e8c000,0x000000031708f000)]
  0x000000013788e000 JavaThread "NettyClientSelector_1" [_thread_in_native, id=103427, stack(0x0000000317098000,0x000000031729b000)]
  0x0000000123011800 JavaThread "NettyClientWorkerThread_1" [_thread_blocked, id=103939, stack(0x00000003172a4000,0x00000003174a7000)]
  0x00000001338ff800 JavaThread "NettyClientPublicExecutor_2" [_thread_blocked, id=113667, stack(0x00000003176bc000,0x00000003178bf000)]
  0x000000012106e000 JavaThread "PullMessageServiceScheduledThread" [_thread_blocked, id=104707, stack(0x00000003178c8000,0x0000000317acb000)]
  0x0000000133900000 JavaThread "NettyClientPublicExecutor_2" [_thread_blocked, id=105475, stack(0x0000000317ad4000,0x0000000317cd7000)]
  0x00000001348aa800 JavaThread "PullMessageServiceScheduledThread" [_thread_blocked, id=105987, stack(0x0000000317ce0000,0x0000000317ee3000)]
  0x000000013026a000 JavaThread "NettyClientWorkerThread_2" [_thread_blocked, id=112643, stack(0x0000000317eec000,0x00000003180ef000)]
  0x0000000126462000 JavaThread "NettyClientPublicExecutor_1" [_thread_blocked, id=112387, stack(0x00000003180f8000,0x00000003182fb000)]
  0x0000000121878800 JavaThread "ClientHouseKeepingService" daemon [_thread_blocked, id=107267, stack(0x0000000318304000,0x0000000318507000)]
  0x00000001348fd000 JavaThread "MQClientFactoryScheduledThread" [_thread_blocked, id=111619, stack(0x0000000318510000,0x0000000318713000)]
  0x00000001230a4800 JavaThread "CleanExpireMsgScheduledThread_1" [_thread_blocked, id=111107, stack(0x000000031871c000,0x000000031891f000)]
  0x0000000123015000 JavaThread "PullMessageService" [_thread_blocked, id=110595, stack(0x0000000318928000,0x0000000318b2b000)]
  0x0000000126fc9800 JavaThread "RebalanceService" [_thread_blocked, id=110339, stack(0x0000000318b34000,0x0000000318d37000)]
  0x0000000126f70000 JavaThread "NettyClientSelector_1" [_thread_in_native, id=108803, stack(0x0000000318d40000,0x0000000318f43000)]
  0x0000000121879800 JavaThread "NettyClientWorkerThread_1" [_thread_blocked, id=109315, stack(0x0000000318f4c000,0x000000031914f000)]
  0x000000015c0c3800 JavaThread "NettyClientPublicExecutor_2" [_thread_blocked, id=131331, stack(0x0000000319158000,0x000000031935b000)]
  0x00000001348fb000 JavaThread "NettyClientPublicExecutor_3" [_thread_blocked, id=131843, stack(0x0000000319364000,0x0000000319567000)]
  0x000000015c0c4000 JavaThread "PullMessageServiceScheduledThread" [_thread_blocked, id=173315, stack(0x0000000319570000,0x0000000319773000)]
  0x00000001348a4000 JavaThread "NettyClientPublicExecutor_4" [_thread_blocked, id=132355, stack(0x000000031977c000,0x000000031997f000)]
  0x00000001348a4800 JavaThread "NettyClientWorkerThread_2" [_thread_blocked, id=172547, stack(0x0000000319988000,0x0000000319b8b000)]
  0x00000001348a5800 JavaThread "NettyClientPublicExecutor_5" [_thread_blocked, id=133123, stack(0x0000000319b94000,0x0000000319d97000)]
  0x00000001348a6800 JavaThread "NettyClientPublicExecutor_1" [_thread_blocked, id=171779, stack(0x0000000319da0000,0x0000000319fa3000)]
  0x0000000130379800 JavaThread "NettyClientPublicExecutor_2" [_thread_blocked, id=133891, stack(0x0000000319fac000,0x000000031a1af000)]
  0x00000001348a7800 JavaThread "PullMessageServiceScheduledThread" [_thread_blocked, id=134403, stack(0x000000031a1b8000,0x000000031a3bb000)]
  0x000000012187a800 JavaThread "ClientHouseKeepingService" daemon [_thread_blocked, id=134659, stack(0x000000031a3c4000,0x000000031a5c7000)]
  0x0000000134824800 JavaThread "MQClientFactoryScheduledThread" [_thread_blocked, id=170499, stack(0x000000031a5d0000,0x000000031a7d3000)]
  0x000000012187b000 JavaThread "ConsumeMessageScheduledThread_1" [_thread_blocked, id=169479, stack(0x000000031a7dc000,0x000000031a9df000)]
  0x000000012187c000 JavaThread "PullMessageService" [_thread_blocked, id=135427, stack(0x000000031a9e8000,0x000000031abeb000)]
  0x0000000121071000 JavaThread "RebalanceService" [_thread_blocked, id=168963, stack(0x000000031abf4000,0x000000031adf7000)]
  0x000000015c12e000 JavaThread "NettyClientSelector_1" [_thread_in_native, id=136451, stack(0x000000031ae00000,0x000000031b003000)]
  0x0000000134825800 JavaThread "NettyClientWorkerThread_1" [_thread_blocked, id=168195, stack(0x000000031b00c000,0x000000031b20f000)]
  0x0000000126465000 JavaThread "NettyClientWorkerThread_2" [_thread_blocked, id=136963, stack(0x000000031b218000,0x000000031b41b000)]
  0x000000013026b000 JavaThread "NettyClientPublicExecutor_1" [_thread_blocked, id=137475, stack(0x000000031b424000,0x000000031b627000)]
  0x000000012645c800 JavaThread "PullMessageServiceScheduledThread" [_thread_blocked, id=167171, stack(0x000000031b630000,0x000000031b833000)]
  0x00000001338c1000 JavaThread "nacos.publisher-com.alibaba.nacos.client.naming.event.InstancesChangeEvent" daemon [_thread_blocked, id=138499, stack(0x000000031b83c000,0x000000031ba3f000)]
  0x000000013037a800 JavaThread "com.alibaba.nacos.naming.failover" daemon [_thread_blocked, id=139011, stack(0x000000031ba48000,0x000000031bc4b000)]
  0x0000000130384800 JavaThread "com.alibaba.nacos.client.naming.security" daemon [_thread_blocked, id=166147, stack(0x000000031bc54000,0x000000031be57000)]
  0x00000001338c2000 JavaThread "com.alibaba.nacos.naming.push.receiver" daemon [_thread_in_native, id=139779, stack(0x000000031be60000,0x000000031c063000)]
  0x000000012645a800 JavaThread "com.alibaba.nacos.client.naming.grpc.redo.0" daemon [_thread_blocked, id=140291, stack(0x000000031c06c000,0x000000031c26f000)]
  0x000000013794e800 JavaThread "com.alibaba.nacos.client.remote.worker" daemon [_thread_blocked, id=165123, stack(0x000000031c278000,0x000000031c47b000)]
  0x00000001228f5800 JavaThread "com.alibaba.nacos.client.remote.worker" daemon [_thread_blocked, id=140803, stack(0x000000031c484000,0x000000031c687000)]
  0x00000001228f6800 JavaThread "grpc-nio-worker-ELG-1-3" daemon [_thread_in_native, id=141315, stack(0x000000031c690000,0x000000031c893000)]
  0x00000001378f5800 JavaThread "grpc-nio-worker-ELG-1-4" daemon [_thread_in_native, id=141571, stack(0x000000031c89c000,0x000000031ca9f000)]
  0x00000001260e5800 JavaThread "com.alibaba.nacos.client.naming.updater.0" daemon [_thread_blocked, id=86279, stack(0x0000000305808000,0x0000000305a0b000)]
  0x00000001378fe800 JavaThread "Nacos-Watch-Task-Scheduler-1" [_thread_blocked, id=54279, stack(0x0000000305e2c000,0x000000030602f000)]
  0x000000012645d000 JavaThread "http-nio-18091-exec-1" daemon [_thread_blocked, id=53515, stack(0x0000000306038000,0x000000030623b000)]
  0x000000012645e000 JavaThread "http-nio-18091-exec-2" daemon [_thread_blocked, id=55047, stack(0x0000000306244000,0x0000000306447000)]
  0x000000015c14e000 JavaThread "http-nio-18091-exec-3" daemon [_thread_blocked, id=52999, stack(0x0000000306450000,0x0000000306653000)]
  0x000000015c15c800 JavaThread "http-nio-18091-exec-4" daemon [_thread_blocked, id=143875, stack(0x000000031f6f0000,0x000000031f8f3000)]
  0x000000015c15d000 JavaThread "http-nio-18091-exec-5" daemon [_thread_blocked, id=160259, stack(0x000000031f8fc000,0x000000031faff000)]
  0x000000012645b000 JavaThread "http-nio-18091-exec-6" daemon [_thread_blocked, id=159747, stack(0x000000031fb08000,0x000000031fd0b000)]
  0x000000015c15e000 JavaThread "http-nio-18091-exec-7" daemon [_thread_blocked, id=158979, stack(0x000000031fd14000,0x000000031ff17000)]
  0x0000000122556000 JavaThread "http-nio-18091-exec-8" daemon [_thread_blocked, id=158467, stack(0x000000031ff20000,0x0000000320123000)]
  0x00000001227c3800 JavaThread "http-nio-18091-exec-9" daemon [_thread_blocked, id=157699, stack(0x000000032012c000,0x000000032032f000)]
  0x000000015c15f000 JavaThread "http-nio-18091-exec-10" daemon [_thread_blocked, id=145155, stack(0x0000000320338000,0x000000032053b000)]
  0x00000001227c4000 JavaThread "http-nio-18091-Poller" daemon [_thread_in_native, id=145667, stack(0x0000000320544000,0x0000000320747000)]
  0x0000000126466800 JavaThread "http-nio-18091-Acceptor" daemon [_thread_in_native, id=145923, stack(0x0000000320750000,0x0000000320953000)]
  0x000000015c15a000 JavaThread "DestroyJavaVM" [_thread_blocked, id=4355, stack(0x000000016cfc8000,0x000000016d1cb000)]
  0x000000013039d800 JavaThread "com.alibaba.nacos.client.naming.updater.1" daemon [_thread_blocked, id=154883, stack(0x0000000323d74000,0x0000000323f77000)]
  0x00000001338c3800 JavaThread "mysql-cj-abandoned-connection-cleanup" daemon [_thread_blocked, id=147715, stack(0x00000003247b0000,0x00000003249b3000)]
  0x000000013039a000 JavaThread "Druid-ConnectionPool-Create-489446773" daemon [_thread_blocked, id=148227, stack(0x00000003249bc000,0x0000000324bbf000)]
  0x00000001303a3800 JavaThread "Druid-ConnectionPool-Destroy-489446773" daemon [_thread_blocked, id=148995, stack(0x0000000324bc8000,0x0000000324dcb000)]
  0x0000000132b79000 JavaThread "boundedElastic-evictor-1" daemon [_thread_blocked, id=151555, stack(0x00000003261ec000,0x00000003263ef000)]
  0x000000015c16f800 JavaThread "lettuce-kqueueEventLoop-4-1" daemon [_thread_in_native, id=261891, stack(0x0000000326604000,0x0000000326807000)]
  0x00000001303cc800 JavaThread "lettuce-eventExecutorLoop-2-1" daemon [_thread_blocked, id=261383, stack(0x0000000326810000,0x0000000326a13000)]
  0x0000000134829000 JavaThread "NettyClientPublicExecutor_6" [_thread_blocked, id=84235, stack(0x0000000306a74000,0x0000000306c77000)]
  0x0000000121075000 JavaThread "NettyClientPublicExecutor_7" [_thread_blocked, id=85003, stack(0x0000000306c80000,0x0000000306e83000)]
  0x0000000121072800 JavaThread "NettyClientPublicExecutor_8" [_thread_blocked, id=68107, stack(0x0000000306e8c000,0x000000030708f000)]
  0x0000000121876800 JavaThread "NettyClientPublicExecutor_3" [_thread_blocked, id=83723, stack(0x0000000307098000,0x000000030729b000)]
  0x0000000121094000 JavaThread "NettyClientPublicExecutor_2" [_thread_blocked, id=83215, stack(0x00000003072a4000,0x00000003074a7000)]
  0x0000000121095000 JavaThread "NettyClientPublicExecutor_3" [_thread_blocked, id=146183, stack(0x000000031f0cc000,0x000000031f2cf000)]
  0x0000000134905000 JavaThread "NettyClientPublicExecutor_3" [_thread_blocked, id=146439, stack(0x000000031f2d8000,0x000000031f4db000)]
  0x0000000134906000 JavaThread "NettyClientPublicExecutor_3" [_thread_blocked, id=65803, stack(0x000000031f4e4000,0x000000031f6e7000)]
  0x0000000134908000 JavaThread "NettyClientPublicExecutor_4" [_thread_blocked, id=66059, stack(0x000000032095c000,0x0000000320b5f000)]
  0x0000000121195800 JavaThread "NettyClientPublicExecutor_4" [_thread_blocked, id=161799, stack(0x0000000320b68000,0x0000000320d6b000)]
  0x0000000134909000 JavaThread "NettyClientPublicExecutor_4" [_thread_blocked, id=161287, stack(0x0000000325dd4000,0x0000000325fd7000)]
  0x0000000134915800 JavaThread "NettyClientPublicExecutor_5" [_thread_blocked, id=163079, stack(0x0000000325fe0000,0x00000003261e3000)]
  0x000000012188d000 JavaThread "NettyClientPublicExecutor_5" [_thread_blocked, id=260611, stack(0x0000000327a1c000,0x0000000327c1f000)]
  0x0000000121880800 JavaThread "NettyClientPublicExecutor_5" [_thread_blocked, id=175619, stack(0x0000000327c28000,0x0000000327e2b000)]
  0x0000000121881800 JavaThread "NettyClientPublicExecutor_6" [_thread_blocked, id=259843, stack(0x0000000327e34000,0x0000000328037000)]
  0x0000000121198800 JavaThread "NettyClientPublicExecutor_6" [_thread_blocked, id=259587, stack(0x0000000328040000,0x0000000328243000)]
  0x0000000121199800 JavaThread "NettyClientPublicExecutor_7" [_thread_blocked, id=176899, stack(0x000000032824c000,0x000000032844f000)]
  0x00000001230a8800 JavaThread "NettyClientPublicExecutor_7" [_thread_blocked, id=259075, stack(0x0000000328458000,0x000000032865b000)]
  0x0000000121196800 JavaThread "NettyClientPublicExecutor_6" [_thread_blocked, id=177923, stack(0x0000000328664000,0x0000000328867000)]
  0x000000012187d000 JavaThread "logback-8" daemon [_thread_blocked, id=178691, stack(0x0000000328870000,0x0000000328a73000)]
  0x0000000123044800 JavaThread "logback-9" daemon [_thread_blocked, id=178947, stack(0x0000000328a7c000,0x0000000328c7f000)]
  0x000000013491e000 JavaThread "logback-10" daemon [_thread_blocked, id=257795, stack(0x0000000328c88000,0x0000000328e8b000)]
  0x000000013483c800 JavaThread "logback-11" daemon [_thread_blocked, id=257283, stack(0x0000000328e94000,0x0000000329097000)]
  0x0000000121197000 JavaThread "logback-12" daemon [_thread_blocked, id=256771, stack(0x00000003290a0000,0x00000003292a3000)]
  0x0000000134828800 JavaThread "NettyClientPublicExecutor_7" [_thread_blocked, id=85779, stack(0x0000000306868000,0x0000000306a6b000)]
  0x00000001230ed800 JavaThread "NettyClientPublicExecutor_8" [_thread_blocked, id=162575, stack(0x000000031ecb4000,0x000000031eeb7000)]
  0x0000000134916800 JavaThread "NettyClientPublicExecutor_4" [_thread_blocked, id=142859, stack(0x0000000323f80000,0x0000000324183000)]
  0x0000000121889800 JavaThread "NettyClientPublicExecutor_8" [_thread_blocked, id=180483, stack(0x00000003292ac000,0x00000003294af000)]
  0x00000001230a5800 JavaThread "NettyClientPublicExecutor_8" [_thread_blocked, id=256259, stack(0x00000003294b8000,0x00000003296bb000)]
  0x000000012188a800 JavaThread "logback-13" daemon [_thread_blocked, id=45831, stack(0x00000003028f4000,0x0000000302af7000)]
  0x0000000134966000 JavaThread "logback-14" daemon [_thread_blocked, id=45063, stack(0x0000000302d0c000,0x0000000302f0f000)]
  0x000000012190d800 JavaThread "logback-15" daemon [_thread_blocked, id=255235, stack(0x0000000329ce8000,0x0000000329eeb000)]
  0x0000000134967800 JavaThread "logback-16" daemon [_thread_blocked, id=254723, stack(0x0000000329ef4000,0x000000032a0f7000)]
  0x000000012190e000 JavaThread "logback-17" daemon [_thread_blocked, id=183811, stack(0x000000032a100000,0x000000032a303000)]
  0x000000012119a800 JavaThread "logback-18" daemon [_thread_blocked, id=184579, stack(0x000000032a30c000,0x000000032a50f000)]
  0x000000012190f000 JavaThread "NettyClientPublicExecutor_5" [_thread_blocked, id=253955, stack(0x000000032a518000,0x000000032a71b000)]
  0x00000001347a3000 JavaThread "com.alibaba.nacos.client.naming.updater.2" daemon [_thread_blocked, id=185091, stack(0x000000032a930000,0x000000032ab33000)]
  0x0000000123048800 JavaThread "NettyClientPublicExecutor_6" [_thread_blocked, id=67103, stack(0x000000030665c000,0x000000030685f000)]
  0x0000000134847800 JavaThread "logback-19" daemon [_thread_blocked, id=63239, stack(0x0000000303124000,0x0000000303327000)]
  0x00000001230b0800 JavaThread "logback-20" daemon [_thread_blocked, id=146951, stack(0x000000032418c000,0x000000032438f000)]
  0x000000015c160000 JavaThread "logback-21" daemon [_thread_blocked, id=147239, stack(0x00000003298d0000,0x0000000329ad3000)]
  0x0000000134845800 JavaThread "logback-22" daemon [_thread_blocked, id=182283, stack(0x0000000329adc000,0x0000000329cdf000)]
  0x0000000121885000 JavaThread "logback-23" daemon [_thread_blocked, id=151047, stack(0x000000032a724000,0x000000032a927000)]
  0x0000000134964000 JavaThread "NettyClientPublicExecutor_7" [_thread_blocked, id=252419, stack(0x000000032ab3c000,0x000000032ad3f000)]
  0x00000001230b2000 JavaThread "NettyClientPublicExecutor_8" [_thread_blocked, id=181275, stack(0x000000032ad48000,0x000000032af4b000)]
  0x0000000121914800 JavaThread "logback-24" daemon [_thread_blocked, id=251651, stack(0x000000032af54000,0x000000032b157000)]
  0x000000012119d800 JavaThread "logback-25" daemon [_thread_blocked, id=251139, stack(0x000000032b160000,0x000000032b363000)]
  0x00000001230af000 JavaThread "logback-26" daemon [_thread_blocked, id=250627, stack(0x000000032b36c000,0x000000032b56f000)]
  0x000000012119e000 JavaThread "logback-27" daemon [_thread_blocked, id=187139, stack(0x000000032b578000,0x000000032b77b000)]
  0x0000000134962000 JavaThread "logback-28" daemon [_thread_blocked, id=250115, stack(0x000000032b784000,0x000000032b987000)]
  0x0000000123109800 JavaThread "logback-29" daemon [_thread_blocked, id=249347, stack(0x000000032b990000,0x000000032bb93000)]
  0x0000000123108800 JavaThread "com.alibaba.nacos.client.naming.updater.3" daemon [_thread_blocked, id=188675, stack(0x000000032cda8000,0x000000032cfab000)]
  0x00000001218a5800 JavaThread "logback-30" daemon [_thread_blocked, id=253467, stack(0x000000032cb9c000,0x000000032cd9f000)]
  0x000000013491f000 JavaThread "logback-31" daemon [_thread_blocked, id=189187, stack(0x000000032cfb4000,0x000000032d1b7000)]
  0x0000000134965000 JavaThread "logback-32" daemon [_thread_blocked, id=248067, stack(0x000000032d1c0000,0x000000032d3c3000)]
  0x0000000121888800 JavaThread "logback-33" daemon [_thread_blocked, id=247555, stack(0x000000032d3cc000,0x000000032d5cf000)]
  0x000000012310b800 JavaThread "logback-34" daemon [_thread_blocked, id=189955, stack(0x000000032d5d8000,0x000000032d7db000)]
  0x0000000123107800 JavaThread "ConsumeMessageThread_canal_mooc_group_1" [_thread_blocked, id=185883, stack(0x000000031eec0000,0x000000031f0c3000)]
  0x00000001227d7800 JavaThread "logback-35" daemon [_thread_blocked, id=56363, stack(0x00000003296c4000,0x00000003298c7000)]
  0x0000000134848800 JavaThread "logback-36" daemon [_thread_blocked, id=246019, stack(0x000000032dbfc000,0x000000032ddff000)]
  0x000000015c14b800 JavaThread "logback-37" daemon [_thread_blocked, id=245507, stack(0x000000032de08000,0x000000032e00b000)]
  0x0000000133f0c800 JavaThread "logback-38" daemon [_thread_blocked, id=244739, stack(0x000000032e014000,0x000000032e217000)]
  0x000000015c14c800 JavaThread "logback-39" daemon [_thread_blocked, id=244483, stack(0x000000032e220000,0x000000032e423000)]
  0x0000000122573800 JavaThread "logback-40" daemon [_thread_blocked, id=243715, stack(0x000000032e42c000,0x000000032e62f000)]
  0x00000001263d0000 JavaThread "logback-41" daemon [_thread_blocked, id=246803, stack(0x000000032e638000,0x000000032e83b000)]
  0x00000001263d0800 JavaThread "logback-42" daemon [_thread_blocked, id=242947, stack(0x000000032e844000,0x000000032ea47000)]
  0x00000001378a3800 JavaThread "logback-43" daemon [_thread_blocked, id=193539, stack(0x000000032ea50000,0x000000032ec53000)]
  0x000000015c14d000 JavaThread "logback-44" daemon [_thread_blocked, id=193795, stack(0x000000032ec5c000,0x000000032ee5f000)]
  0x0000000121910800 JavaThread "logback-45" daemon [_thread_blocked, id=194051, stack(0x000000032ee68000,0x000000032f06b000)]
  0x000000013484b800 JavaThread "ConsumeMessageThread_canal_mooc_group_2" [_thread_blocked, id=255811, stack(0x000000032d9f0000,0x000000032dbf3000)]
  0x000000012646e800 JavaThread "logback-46" daemon [_thread_blocked, id=240899, stack(0x000000032f48c000,0x000000032f68f000)]
  0x0000000126494000 JavaThread "logback-47" daemon [_thread_blocked, id=194835, stack(0x000000032f280000,0x000000032f483000)]
  0x00000001218a7000 JavaThread "logback-48" daemon [_thread_blocked, id=196631, stack(0x000000032d7e4000,0x000000032d9e7000)]
  0x0000000122644800 JavaThread "logback-49" daemon [_thread_blocked, id=196383, stack(0x000000032fcbc000,0x000000032febf000)]
  0x0000000134846800 JavaThread "ConsumeMessageThread_canal_mooc_group_3" [_thread_blocked, id=238619, stack(0x000000032f8a4000,0x000000032faa7000)]
  0x0000000134849800 JavaThread "ConsumeMessageThread_canal_mooc_group_4" [_thread_blocked, id=150143, stack(0x00000003302e0000,0x00000003304e3000)]
  0x000000012108f800 JavaThread "ConsumeMessageThread_canal_mooc_group_5" [_thread_blocked, id=195243, stack(0x00000003300d4000,0x00000003302d7000)]
  0x00000001218a9800 JavaThread "ConsumeMessageThread_canal_mooc_group_6" [_thread_blocked, id=104215, stack(0x000000032f698000,0x000000032f89b000)]
  0x000000012108d000 JavaThread "ConsumeMessageThread_canal_mooc_group_7" [_thread_blocked, id=239955, stack(0x00000003174b0000,0x00000003176b3000)]
  0x00000001218a8000 JavaThread "ConsumeMessageThread_canal_mooc_group_8" [_thread_blocked, id=237355, stack(0x00000003306f8000,0x00000003308fb000)]
  0x0000000123207000 JavaThread "grpc-nio-worker-ELG-1-6" daemon [_thread_in_native, id=197943, stack(0x0000000330d1c000,0x0000000330f1f000)]
  0x0000000122b2f800 JavaThread "grpc-nio-worker-ELG-1-5" daemon [_thread_in_native, id=198719, stack(0x0000000330f28000,0x000000033112b000)]
  0x0000000122b30800 JavaThread "grpc-nio-worker-ELG-1-7" daemon [_thread_in_native, id=199683, stack(0x0000000331134000,0x0000000331337000)]
  0x0000000123203000 JavaThread "grpc-nio-worker-ELG-1-8" daemon [_thread_in_native, id=235011, stack(0x0000000331340000,0x0000000331543000)]
  0x00000001263ea800 JavaThread "grpc-nio-worker-ELG-1-9" daemon [_thread_in_native, id=234243, stack(0x000000033154c000,0x000000033174f000)]
  0x0000000123208000 JavaThread "grpc-nio-worker-ELG-1-10" daemon [_thread_in_native, id=233475, stack(0x0000000331758000,0x000000033195b000)]
  0x00000001263eb000 JavaThread "grpc-nio-worker-ELG-1-11" daemon [_thread_in_native, id=232963, stack(0x0000000331964000,0x0000000331b67000)]
  0x0000000122b31800 JavaThread "grpc-nio-worker-ELG-1-12" daemon [_thread_in_native, id=200963, stack(0x0000000331b70000,0x0000000331d73000)]
  0x00000001263ec000 JavaThread "grpc-nio-worker-ELG-1-14" daemon [_thread_in_native, id=201219, stack(0x0000000331d7c000,0x0000000331f7f000)]
  0x000000013490f800 JavaThread "grpc-nio-worker-ELG-1-13" daemon [_thread_in_native, id=201731, stack(0x0000000331f88000,0x000000033218b000)]
  0x0000000121202000 JavaThread "grpc-nio-worker-ELG-1-15" daemon [_thread_in_native, id=230147, stack(0x00000003329c4000,0x0000000332bc7000)]
  0x0000000134d20000 JavaThread "grpc-nio-worker-ELG-1-16" daemon [_thread_in_native, id=204291, stack(0x0000000332bd0000,0x0000000332dd3000)]
  0x0000000132afc000 JavaThread "grpc-shared-destroyer-0" daemon [_thread_blocked, id=208431, stack(0x00000003323a0000,0x00000003325a3000)]
  0x0000000122583800 JavaThread "NettyClientWorkerThread_3" [_thread_blocked, id=17819, stack(0x00000003053f0000,0x00000003055f3000)]
  0x0000000122580800 JavaThread "NettyClientWorkerThread_4" [_thread_blocked, id=238551, stack(0x0000000305a14000,0x0000000305c17000)]
  0x0000000121918800 JavaThread "NettyClientWorkerThread_3" [_thread_blocked, id=198991, stack(0x00000003325ac000,0x00000003327af000)]
  0x0000000132b05000 JavaThread "NettyClientWorkerThread_4" [_thread_blocked, id=208687, stack(0x00000003327b8000,0x00000003329bb000)]
  0x000000015c195800 JavaThread "NettyClientWorkerThread_3" [_thread_blocked, id=207919, stack(0x0000000332ddc000,0x0000000332fdf000)]
  0x0000000122b2e000 JavaThread "NettyClientWorkerThread_4" [_thread_blocked, id=264983, stack(0x0000000332fe8000,0x00000003331eb000)]
  0x0000000122584800 JavaThread "NettyClientWorkerThread_3" [_thread_blocked, id=264727, stack(0x00000003331f4000,0x00000003333f7000)]
  0x0000000132b06800 JavaThread "NettyClientWorkerThread_3" [_thread_blocked, id=265239, stack(0x0000000333400000,0x0000000333603000)]
  0x000000015c087800 JavaThread "NettyClientWorkerThread_4" [_thread_blocked, id=265495, stack(0x000000033360c000,0x000000033380f000)]
  0x0000000134f40000 JavaThread "NettyClientWorkerThread_4" [_thread_blocked, id=149851, stack(0x00000003304ec000,0x00000003306ef000)]
  0x000000012120c000 JavaThread "NettyClientWorkerThread_3" [_thread_blocked, id=216079, stack(0x0000000333e3c000,0x000000033403f000)]
  0x00000001379a3000 JavaThread "NettyClientWorkerThread_4" [_thread_blocked, id=213771, stack(0x0000000334048000,0x000000033424b000)]
  0x00000001211de000 JavaThread "grpc-default-executor-48" daemon [_thread_blocked, id=225071, stack(0x0000000334254000,0x0000000334457000)]
  0x000000012125d000 JavaThread "nacos-grpc-client-executor-16389" daemon [_thread_blocked, id=246571, stack(0x0000000305c20000,0x0000000305e23000)]
  0x000000012192a800 JavaThread "nacos-grpc-client-executor-17106" daemon [_thread_blocked, id=262715, stack(0x000000032fab0000,0x000000032fcb3000)]
  0x000000012192c000 JavaThread "nacos-grpc-client-executor-16390" daemon [_thread_blocked, id=262355, stack(0x000000032fec8000,0x00000003300cb000)]
  0x0000000123202800 JavaThread "nacos-grpc-client-executor-17107" daemon [_thread_blocked, id=215527, stack(0x0000000330904000,0x0000000330b07000)]
  0x000000012322c000 JavaThread "nacos-grpc-client-executor-17108" daemon [_thread_blocked, id=235951, stack(0x0000000330b10000,0x0000000330d13000)]
  0x0000000134d30000 JavaThread "nacos-grpc-client-executor-16391" daemon [_thread_blocked, id=211759, stack(0x0000000332194000,0x0000000332397000)]
  0x00000001211dc800 JavaThread "nacos-grpc-client-executor-17109" daemon [_thread_blocked, id=217119, stack(0x0000000333818000,0x0000000333a1b000)]
  0x0000000134d31000 JavaThread "nacos-grpc-client-executor-16392" daemon [_thread_blocked, id=214363, stack(0x0000000333a24000,0x0000000333c27000)]

Other Threads:
  0x000000013401a000 VMThread "VM Thread" [stack: 0x000000016dc10000,0x000000016de13000] [id=21507]
  0x00000001347c5800 WatcherThread [stack: 0x0000000301eb8000,0x00000003020bb000] [id=37379]
  0x0000000134019000 GCTaskThread "GC Thread#0" [stack: 0x000000016d1d4000,0x000000016d3d7000] [id=11779]
  0x00000001343f2000 GCTaskThread "GC Thread#1" [stack: 0x000000016ed88000,0x000000016ef8b000] [id=23299]
  0x00000001230be800 GCTaskThread "GC Thread#2" [stack: 0x000000016ef94000,0x000000016f197000] [id=23555]
  0x00000001230bf000 GCTaskThread "GC Thread#3" [stack: 0x000000016f1a0000,0x000000016f3a3000] [id=24067]
  0x00000001230c0000 GCTaskThread "GC Thread#4" [stack: 0x000000016f3ac000,0x000000016f5af000] [id=24579]
  0x00000001230c0800 GCTaskThread "GC Thread#5" [stack: 0x000000016f5b8000,0x000000016f7bb000] [id=30211]
  0x00000001230c1800 GCTaskThread "GC Thread#6" [stack: 0x000000016f7c4000,0x000000016f9c7000] [id=29699]
  0x00000001230c2000 GCTaskThread "GC Thread#7" [stack: 0x000000016f9d0000,0x000000016fbd3000] [id=25347]
  0x000000013383e000 ConcurrentGCThread "G1 Main Marker" [stack: 0x000000016d3e0000,0x000000016d5e3000] [id=15107]
  0x000000013383e800 ConcurrentGCThread "G1 Conc#0" [stack: 0x000000016d5ec000,0x000000016d7ef000] [id=12291]
  0x0000000133ee9000 ConcurrentGCThread "G1 Conc#1" [stack: 0x0000000300210000,0x0000000300413000] [id=28675]
  0x00000001228c0000 ConcurrentGCThread "G1 Refine#0" [stack: 0x000000016d7f8000,0x000000016d9fb000] [id=14339]
  0x0000000133bea800 ConcurrentGCThread "G1 Refine#1" [stack: 0x000000016fbdc000,0x000000016fddf000] [id=25603]
  0x00000001230c7800 ConcurrentGCThread "G1 Refine#2" [stack: 0x000000016fde8000,0x000000016ffeb000] [id=26115]
  0x0000000121074000 ConcurrentGCThread "G1 Refine#3" [stack: 0x0000000324398000,0x000000032459b000] [id=146711]
  0x000000012301e000 ConcurrentGCThread "G1 Refine#4" [stack: 0x00000003245a4000,0x00000003247a7000] [id=154135]
  0x000000012108c000 ConcurrentGCThread "G1 Refine#5" [stack: 0x000000032f074000,0x000000032f277000] [id=149379]
  0x0000000123045800 ConcurrentGCThread "G1 Refine#6" [stack: 0x00000003263f8000,0x00000003265fb000] [id=197135]
  0x000000013280e800 ConcurrentGCThread "G1 Young RemSet Sampling" [stack: 0x000000016da04000,0x000000016dc07000] [id=14083]

Threads with active compile tasks:

VM state:not at safepoint (normal execution)

VM Mutex/Monitor currently owned by a thread: None

Heap address: 0x0000000640000000, size: 6144 MB, Compressed Oops mode: Zero based, Oop shift amount: 3
Narrow klass base: 0x0000000800000000, Narrow klass shift: 0
Compressed class space size: 1073741824 Address: 0x0000000800000000

Heap:
 garbage-first heap   total 1423360K, used 876553K [0x0000000640000000, 0x00000007c0000000)
  region size 1024K, 727 young (744448K), 1 survivors (1024K)
 Metaspace       used 122280K, capacity 126058K, committed 126368K, reserved 1159168K
  class space    used 16060K, capacity 17507K, committed 17600K, reserved 1048576K
Heap Regions: E=young(eden), S=young(survivor), O=old, HS=humongous(starts), HC=humongous(continues), CS=collection set, F=free, A=archive, TAMS=top-at-mark-start (previous, next)
|   0|0x0000000640000000, 0x0000000640100000, 0x0000000640100000|100%|HS|  |TAMS 0x0000000640100000, 0x0000000640000000| Complete 
|   1|0x0000000640100000, 0x0000000640200000, 0x0000000640200000|100%|HS|  |TAMS 0x0000000640200000, 0x0000000640100000| Complete 
|   2|0x0000000640200000, 0x0000000640300000, 0x0000000640300000|100%| O|  |TAMS 0x0000000640300000, 0x0000000640200000| Untracked 
|   3|0x0000000640300000, 0x0000000640400000, 0x0000000640400000|100%|HS|  |TAMS 0x0000000640400000, 0x0000000640300000| Complete 
|   4|0x0000000640400000, 0x0000000640500000, 0x0000000640500000|100%|HS|  |TAMS 0x0000000640500000, 0x0000000640400000| Complete 
|   5|0x0000000640500000, 0x0000000640600000, 0x0000000640600000|100%|HC|  |TAMS 0x0000000640600000, 0x0000000640500000| Complete 
|   6|0x0000000640600000, 0x0000000640700000, 0x0000000640700000|100%| O|  |TAMS 0x0000000640700000, 0x0000000640600000| Untracked 
|   7|0x0000000640700000, 0x0000000640800000, 0x0000000640800000|100%| O|  |TAMS 0x0000000640800000, 0x0000000640700000| Untracked 
|   8|0x0000000640800000, 0x0000000640900000, 0x0000000640900000|100%| O|  |TAMS 0x0000000640900000, 0x0000000640800000| Untracked 
|   9|0x0000000640900000, 0x0000000640a00000, 0x0000000640a00000|100%| O|  |TAMS 0x0000000640a00000, 0x0000000640900000| Untracked 
|  10|0x0000000640a00000, 0x0000000640b00000, 0x0000000640b00000|100%| O|  |TAMS 0x0000000640b00000, 0x0000000640a00000| Untracked 
|  11|0x0000000640b00000, 0x0000000640c00000, 0x0000000640c00000|100%| O|  |TAMS 0x0000000640c00000, 0x0000000640b00000| Untracked 
|  12|0x0000000640c00000, 0x0000000640d00000, 0x0000000640d00000|100%| O|  |TAMS 0x0000000640d00000, 0x0000000640c00000| Untracked 
|  13|0x0000000640d00000, 0x0000000640e00000, 0x0000000640e00000|100%| O|  |TAMS 0x0000000640e00000, 0x0000000640d00000| Untracked 
|  14|0x0000000640e00000, 0x0000000640f00000, 0x0000000640f00000|100%| O|  |TAMS 0x0000000640f00000, 0x0000000640e00000| Untracked 
|  15|0x0000000640f00000, 0x0000000641000000, 0x0000000641000000|100%| O|  |TAMS 0x0000000641000000, 0x0000000640f00000| Untracked 
|  16|0x0000000641000000, 0x0000000641100000, 0x0000000641100000|100%| O|  |TAMS 0x0000000641100000, 0x0000000641000000| Untracked 
|  17|0x0000000641100000, 0x0000000641200000, 0x0000000641200000|100%| O|  |TAMS 0x0000000641200000, 0x0000000641100000| Untracked 
|  18|0x0000000641200000, 0x0000000641300000, 0x0000000641300000|100%| O|  |TAMS 0x0000000641300000, 0x0000000641200000| Untracked 
|  19|0x0000000641300000, 0x0000000641400000, 0x0000000641400000|100%| O|  |TAMS 0x0000000641400000, 0x0000000641300000| Untracked 
|  20|0x0000000641400000, 0x0000000641500000, 0x0000000641500000|100%| O|  |TAMS 0x0000000641500000, 0x0000000641400000| Untracked 
|  21|0x0000000641500000, 0x0000000641600000, 0x0000000641600000|100%| O|  |TAMS 0x0000000641600000, 0x0000000641500000| Untracked 
|  22|0x0000000641600000, 0x0000000641700000, 0x0000000641700000|100%| O|  |TAMS 0x0000000641700000, 0x0000000641600000| Untracked 
|  23|0x0000000641700000, 0x0000000641800000, 0x0000000641800000|100%| O|  |TAMS 0x0000000641800000, 0x0000000641700000| Untracked 
|  24|0x0000000641800000, 0x0000000641900000, 0x0000000641900000|100%| O|  |TAMS 0x0000000641900000, 0x0000000641800000| Untracked 
|  25|0x0000000641900000, 0x0000000641a00000, 0x0000000641a00000|100%| O|  |TAMS 0x0000000641a00000, 0x0000000641900000| Untracked 
|  26|0x0000000641a00000, 0x0000000641b00000, 0x0000000641b00000|100%| O|  |TAMS 0x0000000641b00000, 0x0000000641a00000| Untracked 
|  27|0x0000000641b00000, 0x0000000641c00000, 0x0000000641c00000|100%| O|  |TAMS 0x0000000641c00000, 0x0000000641b00000| Untracked 
|  28|0x0000000641c00000, 0x0000000641d00000, 0x0000000641d00000|100%| O|  |TAMS 0x0000000641d00000, 0x0000000641c00000| Untracked 
|  29|0x0000000641d00000, 0x0000000641e00000, 0x0000000641e00000|100%| O|  |TAMS 0x0000000641e00000, 0x0000000641d00000| Untracked 
|  30|0x0000000641e00000, 0x0000000641f00000, 0x0000000641f00000|100%| O|  |TAMS 0x0000000641f00000, 0x0000000641e00000| Untracked 
|  31|0x0000000641f00000, 0x0000000642000000, 0x0000000642000000|100%| O|  |TAMS 0x0000000642000000, 0x0000000641f00000| Untracked 
|  32|0x0000000642000000, 0x0000000642100000, 0x0000000642100000|100%| O|  |TAMS 0x0000000642100000, 0x0000000642000000| Untracked 
|  33|0x0000000642100000, 0x0000000642200000, 0x0000000642200000|100%| O|  |TAMS 0x0000000642200000, 0x0000000642100000| Untracked 
|  34|0x0000000642200000, 0x0000000642300000, 0x0000000642300000|100%| O|  |TAMS 0x0000000642300000, 0x0000000642200000| Untracked 
|  35|0x0000000642300000, 0x0000000642400000, 0x0000000642400000|100%| O|  |TAMS 0x0000000642400000, 0x0000000642300000| Untracked 
|  36|0x0000000642400000, 0x0000000642500000, 0x0000000642500000|100%| O|  |TAMS 0x0000000642500000, 0x0000000642400000| Untracked 
|  37|0x0000000642500000, 0x0000000642600000, 0x0000000642600000|100%| O|  |TAMS 0x0000000642600000, 0x0000000642500000| Untracked 
|  38|0x0000000642600000, 0x0000000642700000, 0x0000000642700000|100%| O|  |TAMS 0x0000000642700000, 0x0000000642600000| Untracked 
|  39|0x0000000642700000, 0x0000000642800000, 0x0000000642800000|100%| O|  |TAMS 0x0000000642800000, 0x0000000642700000| Untracked 
|  40|0x0000000642800000, 0x0000000642900000, 0x0000000642900000|100%| O|  |TAMS 0x0000000642900000, 0x0000000642800000| Untracked 
|  41|0x0000000642900000, 0x0000000642a00000, 0x0000000642a00000|100%| O|  |TAMS 0x0000000642a00000, 0x0000000642900000| Untracked 
|  42|0x0000000642a00000, 0x0000000642b00000, 0x0000000642b00000|100%| O|  |TAMS 0x0000000642b00000, 0x0000000642a00000| Untracked 
|  43|0x0000000642b00000, 0x0000000642c00000, 0x0000000642c00000|100%| O|  |TAMS 0x0000000642b94800, 0x0000000642b00000| Untracked 
|  44|0x0000000642c00000, 0x0000000642d00000, 0x0000000642d00000|100%| O|  |TAMS 0x0000000642c00000, 0x0000000642c00000| Untracked 
|  45|0x0000000642d00000, 0x0000000642e00000, 0x0000000642e00000|100%| O|  |TAMS 0x0000000642d00000, 0x0000000642d00000| Untracked 
|  46|0x0000000642e00000, 0x0000000642f00000, 0x0000000642f00000|100%| O|  |TAMS 0x0000000642e00000, 0x0000000642e00000| Untracked 
|  47|0x0000000642f00000, 0x0000000643000000, 0x0000000643000000|100%| O|  |TAMS 0x0000000642f00000, 0x0000000642f00000| Untracked 
|  48|0x0000000643000000, 0x0000000643100000, 0x0000000643100000|100%| O|  |TAMS 0x0000000643000000, 0x0000000643000000| Untracked 
|  49|0x0000000643100000, 0x0000000643200000, 0x0000000643200000|100%| O|  |TAMS 0x0000000643100000, 0x0000000643100000| Untracked 
|  50|0x0000000643200000, 0x0000000643300000, 0x0000000643300000|100%| O|  |TAMS 0x0000000643200000, 0x0000000643200000| Untracked 
|  51|0x0000000643300000, 0x0000000643400000, 0x0000000643400000|100%| O|  |TAMS 0x0000000643300000, 0x0000000643300000| Untracked 
|  52|0x0000000643400000, 0x0000000643500000, 0x0000000643500000|100%| O|  |TAMS 0x0000000643400000, 0x0000000643400000| Untracked 
|  53|0x0000000643500000, 0x0000000643600000, 0x0000000643600000|100%| O|  |TAMS 0x0000000643500000, 0x0000000643500000| Untracked 
|  54|0x0000000643600000, 0x0000000643700000, 0x0000000643700000|100%| O|  |TAMS 0x0000000643600000, 0x0000000643600000| Untracked 
|  55|0x0000000643700000, 0x0000000643800000, 0x0000000643800000|100%| O|  |TAMS 0x0000000643700000, 0x0000000643700000| Untracked 
|  56|0x0000000643800000, 0x0000000643900000, 0x0000000643900000|100%| O|  |TAMS 0x0000000643800000, 0x0000000643800000| Untracked 
|  57|0x0000000643900000, 0x0000000643a00000, 0x0000000643a00000|100%| O|  |TAMS 0x0000000643900000, 0x0000000643900000| Untracked 
|  58|0x0000000643a00000, 0x0000000643b00000, 0x0000000643b00000|100%| O|  |TAMS 0x0000000643a00000, 0x0000000643a00000| Untracked 
|  59|0x0000000643b00000, 0x0000000643c00000, 0x0000000643c00000|100%| O|  |TAMS 0x0000000643b00000, 0x0000000643b00000| Untracked 
|  60|0x0000000643c00000, 0x0000000643d00000, 0x0000000643d00000|100%| O|  |TAMS 0x0000000643c00000, 0x0000000643c00000| Untracked 
|  61|0x0000000643d00000, 0x0000000643e00000, 0x0000000643e00000|100%| O|  |TAMS 0x0000000643d00000, 0x0000000643d00000| Untracked 
|  62|0x0000000643e00000, 0x0000000643f00000, 0x0000000643f00000|100%| O|  |TAMS 0x0000000643e00000, 0x0000000643e00000| Untracked 
|  63|0x0000000643f00000, 0x0000000644000000, 0x0000000644000000|100%| O|  |TAMS 0x0000000643f00000, 0x0000000643f00000| Untracked 
|  64|0x0000000644000000, 0x0000000644100000, 0x0000000644100000|100%| O|  |TAMS 0x0000000644000000, 0x0000000644000000| Untracked 
|  65|0x0000000644100000, 0x0000000644200000, 0x0000000644200000|100%| O|  |TAMS 0x0000000644100000, 0x0000000644100000| Untracked 
|  66|0x0000000644200000, 0x0000000644300000, 0x0000000644300000|100%| O|  |TAMS 0x0000000644200000, 0x0000000644200000| Untracked 
|  67|0x0000000644300000, 0x0000000644400000, 0x0000000644400000|100%| O|  |TAMS 0x0000000644300000, 0x0000000644300000| Untracked 
|  68|0x0000000644400000, 0x0000000644500000, 0x0000000644500000|100%| O|  |TAMS 0x0000000644400000, 0x0000000644400000| Untracked 
|  69|0x0000000644500000, 0x0000000644600000, 0x0000000644600000|100%| O|  |TAMS 0x0000000644500000, 0x0000000644500000| Untracked 
|  70|0x0000000644600000, 0x0000000644700000, 0x0000000644700000|100%| O|  |TAMS 0x0000000644600000, 0x0000000644600000| Untracked 
|  71|0x0000000644700000, 0x0000000644800000, 0x0000000644800000|100%| O|  |TAMS 0x0000000644700000, 0x0000000644700000| Untracked 
|  72|0x0000000644800000, 0x0000000644900000, 0x0000000644900000|100%| O|  |TAMS 0x0000000644800000, 0x0000000644800000| Untracked 
|  73|0x0000000644900000, 0x0000000644a00000, 0x0000000644a00000|100%| O|  |TAMS 0x0000000644900000, 0x0000000644900000| Untracked 
|  74|0x0000000644a00000, 0x0000000644b00000, 0x0000000644b00000|100%| O|  |TAMS 0x0000000644a00000, 0x0000000644a00000| Untracked 
|  75|0x0000000644b00000, 0x0000000644c00000, 0x0000000644c00000|100%| O|  |TAMS 0x0000000644b00000, 0x0000000644b00000| Untracked 
|  76|0x0000000644c00000, 0x0000000644d00000, 0x0000000644d00000|100%| O|  |TAMS 0x0000000644c00000, 0x0000000644c00000| Untracked 
|  77|0x0000000644d00000, 0x0000000644e00000, 0x0000000644e00000|100%| O|  |TAMS 0x0000000644d00000, 0x0000000644d00000| Untracked 
|  78|0x0000000644e00000, 0x0000000644f00000, 0x0000000644f00000|100%| O|  |TAMS 0x0000000644e00000, 0x0000000644e00000| Untracked 
|  79|0x0000000644f00000, 0x0000000645000000, 0x0000000645000000|100%| O|  |TAMS 0x0000000644f00000, 0x0000000644f00000| Untracked 
|  80|0x0000000645000000, 0x0000000645100000, 0x0000000645100000|100%| O|  |TAMS 0x0000000645000000, 0x0000000645000000| Untracked 
|  81|0x0000000645100000, 0x0000000645200000, 0x0000000645200000|100%| O|  |TAMS 0x0000000645100000, 0x0000000645100000| Untracked 
|  82|0x0000000645200000, 0x0000000645300000, 0x0000000645300000|100%| O|  |TAMS 0x0000000645200000, 0x0000000645200000| Untracked 
|  83|0x0000000645300000, 0x0000000645400000, 0x0000000645400000|100%| O|  |TAMS 0x0000000645300000, 0x0000000645300000| Untracked 
|  84|0x0000000645400000, 0x0000000645500000, 0x0000000645500000|100%| O|  |TAMS 0x0000000645400000, 0x0000000645400000| Untracked 
|  85|0x0000000645500000, 0x0000000645600000, 0x0000000645600000|100%| O|  |TAMS 0x0000000645500000, 0x0000000645500000| Untracked 
|  86|0x0000000645600000, 0x0000000645700000, 0x0000000645700000|100%| O|  |TAMS 0x0000000645600000, 0x0000000645600000| Untracked 
|  87|0x0000000645700000, 0x0000000645800000, 0x0000000645800000|100%| O|  |TAMS 0x0000000645700000, 0x0000000645700000| Untracked 
|  88|0x0000000645800000, 0x0000000645900000, 0x0000000645900000|100%| O|  |TAMS 0x0000000645800000, 0x0000000645800000| Untracked 
|  89|0x0000000645900000, 0x0000000645a00000, 0x0000000645a00000|100%| O|  |TAMS 0x0000000645900000, 0x0000000645900000| Untracked 
|  90|0x0000000645a00000, 0x0000000645b00000, 0x0000000645b00000|100%| O|  |TAMS 0x0000000645a00000, 0x0000000645a00000| Untracked 
|  91|0x0000000645b00000, 0x0000000645c00000, 0x0000000645c00000|100%| O|  |TAMS 0x0000000645b00000, 0x0000000645b00000| Untracked 
|  92|0x0000000645c00000, 0x0000000645d00000, 0x0000000645d00000|100%| O|  |TAMS 0x0000000645c00000, 0x0000000645c00000| Untracked 
|  93|0x0000000645d00000, 0x0000000645e00000, 0x0000000645e00000|100%| O|  |TAMS 0x0000000645d00000, 0x0000000645d00000| Untracked 
|  94|0x0000000645e00000, 0x0000000645f00000, 0x0000000645f00000|100%| O|  |TAMS 0x0000000645e00000, 0x0000000645e00000| Untracked 
|  95|0x0000000645f00000, 0x0000000646000000, 0x0000000646000000|100%| O|  |TAMS 0x0000000645f00000, 0x0000000645f00000| Untracked 
|  96|0x0000000646000000, 0x0000000646100000, 0x0000000646100000|100%| O|  |TAMS 0x0000000646000000, 0x0000000646000000| Untracked 
|  97|0x0000000646100000, 0x0000000646200000, 0x0000000646200000|100%| O|  |TAMS 0x0000000646100000, 0x0000000646100000| Untracked 
|  98|0x0000000646200000, 0x0000000646300000, 0x0000000646300000|100%| O|  |TAMS 0x0000000646200000, 0x0000000646200000| Untracked 
|  99|0x0000000646300000, 0x0000000646400000, 0x0000000646400000|100%| O|  |TAMS 0x0000000646300000, 0x0000000646300000| Untracked 
| 100|0x0000000646400000, 0x0000000646500000, 0x0000000646500000|100%| O|  |TAMS 0x0000000646400000, 0x0000000646400000| Untracked 
| 101|0x0000000646500000, 0x0000000646600000, 0x0000000646600000|100%| O|  |TAMS 0x0000000646500000, 0x0000000646500000| Untracked 
| 102|0x0000000646600000, 0x0000000646700000, 0x0000000646700000|100%| O|  |TAMS 0x0000000646600000, 0x0000000646600000| Untracked 
| 103|0x0000000646700000, 0x0000000646800000, 0x0000000646800000|100%| O|  |TAMS 0x0000000646700000, 0x0000000646700000| Untracked 
| 104|0x0000000646800000, 0x0000000646900000, 0x0000000646900000|100%| O|  |TAMS 0x0000000646800000, 0x0000000646800000| Untracked 
| 105|0x0000000646900000, 0x0000000646a00000, 0x0000000646a00000|100%| O|  |TAMS 0x0000000646900000, 0x0000000646900000| Untracked 
| 106|0x0000000646a00000, 0x0000000646b00000, 0x0000000646b00000|100%| O|  |TAMS 0x0000000646a00000, 0x0000000646a00000| Untracked 
| 107|0x0000000646b00000, 0x0000000646c00000, 0x0000000646c00000|100%| O|  |TAMS 0x0000000646b00000, 0x0000000646b00000| Untracked 
| 108|0x0000000646c00000, 0x0000000646d00000, 0x0000000646d00000|100%| O|  |TAMS 0x0000000646c00000, 0x0000000646c00000| Untracked 
| 109|0x0000000646d00000, 0x0000000646e00000, 0x0000000646e00000|100%| O|  |TAMS 0x0000000646d00000, 0x0000000646d00000| Untracked 
| 110|0x0000000646e00000, 0x0000000646f00000, 0x0000000646f00000|100%| O|  |TAMS 0x0000000646e00000, 0x0000000646e00000| Untracked 
| 111|0x0000000646f00000, 0x0000000647000000, 0x0000000647000000|100%| O|  |TAMS 0x0000000646f00000, 0x0000000646f00000| Untracked 
| 112|0x0000000647000000, 0x0000000647100000, 0x0000000647100000|100%| O|  |TAMS 0x0000000647000000, 0x0000000647000000| Untracked 
| 113|0x0000000647100000, 0x0000000647200000, 0x0000000647200000|100%| O|  |TAMS 0x0000000647100000, 0x0000000647100000| Untracked 
| 114|0x0000000647200000, 0x0000000647300000, 0x0000000647300000|100%| O|  |TAMS 0x0000000647200000, 0x0000000647200000| Untracked 
| 115|0x0000000647300000, 0x0000000647400000, 0x0000000647400000|100%| O|  |TAMS 0x0000000647300000, 0x0000000647300000| Untracked 
| 116|0x0000000647400000, 0x0000000647500000, 0x0000000647500000|100%| O|  |TAMS 0x0000000647400000, 0x0000000647400000| Untracked 
| 117|0x0000000647500000, 0x0000000647600000, 0x0000000647600000|100%| O|  |TAMS 0x0000000647500000, 0x0000000647500000| Untracked 
| 118|0x0000000647600000, 0x0000000647700000, 0x0000000647700000|100%| O|  |TAMS 0x0000000647600000, 0x0000000647600000| Untracked 
| 119|0x0000000647700000, 0x0000000647800000, 0x0000000647800000|100%| O|  |TAMS 0x0000000647700000, 0x0000000647700000| Untracked 
| 120|0x0000000647800000, 0x0000000647900000, 0x0000000647900000|100%| O|  |TAMS 0x0000000647800000, 0x0000000647800000| Untracked 
| 121|0x0000000647900000, 0x0000000647a00000, 0x0000000647a00000|100%| O|  |TAMS 0x0000000647900000, 0x0000000647900000| Untracked 
| 122|0x0000000647a00000, 0x0000000647b00000, 0x0000000647b00000|100%| O|  |TAMS 0x0000000647a00000, 0x0000000647a00000| Untracked 
| 123|0x0000000647b00000, 0x0000000647c00000, 0x0000000647c00000|100%| O|  |TAMS 0x0000000647b00000, 0x0000000647b00000| Untracked 
| 124|0x0000000647c00000, 0x0000000647d00000, 0x0000000647d00000|100%| O|  |TAMS 0x0000000647c00000, 0x0000000647c00000| Untracked 
| 125|0x0000000647d00000, 0x0000000647e00000, 0x0000000647e00000|100%| O|  |TAMS 0x0000000647d00000, 0x0000000647d00000| Untracked 
| 126|0x0000000647e00000, 0x0000000647f00000, 0x0000000647f00000|100%| O|  |TAMS 0x0000000647e00000, 0x0000000647e00000| Untracked 
| 127|0x0000000647f00000, 0x0000000648000000, 0x0000000648000000|100%| O|  |TAMS 0x0000000647f00000, 0x0000000647f00000| Untracked 
| 128|0x0000000648000000, 0x0000000648100000, 0x0000000648100000|100%| O|  |TAMS 0x0000000648000000, 0x0000000648000000| Untracked 
| 129|0x0000000648100000, 0x0000000648200000, 0x0000000648200000|100%| O|  |TAMS 0x0000000648100000, 0x0000000648100000| Untracked 
| 130|0x0000000648200000, 0x0000000648300000, 0x0000000648300000|100%| O|  |TAMS 0x0000000648200000, 0x0000000648200000| Untracked 
| 131|0x0000000648300000, 0x0000000648382600, 0x0000000648400000| 50%| O|  |TAMS 0x0000000648300000, 0x0000000648300000| Untracked 
| 132|0x0000000648400000, 0x0000000648400000, 0x0000000648500000|  0%| F|  |TAMS 0x0000000648400000, 0x0000000648400000| Untracked 
| 133|0x0000000648500000, 0x0000000648500000, 0x0000000648600000|  0%| F|  |TAMS 0x0000000648500000, 0x0000000648500000| Untracked 
| 134|0x0000000648600000, 0x0000000648600000, 0x0000000648700000|  0%| F|  |TAMS 0x0000000648600000, 0x0000000648600000| Untracked 
| 135|0x0000000648700000, 0x0000000648700000, 0x0000000648800000|  0%| F|  |TAMS 0x0000000648700000, 0x0000000648700000| Untracked 
| 136|0x0000000648800000, 0x0000000648800000, 0x0000000648900000|  0%| F|  |TAMS 0x0000000648800000, 0x0000000648800000| Untracked 
| 137|0x0000000648900000, 0x0000000648900000, 0x0000000648a00000|  0%| F|  |TAMS 0x0000000648900000, 0x0000000648900000| Untracked 
| 138|0x0000000648a00000, 0x0000000648a00000, 0x0000000648b00000|  0%| F|  |TAMS 0x0000000648a00000, 0x0000000648a00000| Untracked 
| 139|0x0000000648b00000, 0x0000000648b00000, 0x0000000648c00000|  0%| F|  |TAMS 0x0000000648b00000, 0x0000000648b00000| Untracked 
| 140|0x0000000648c00000, 0x0000000648c00000, 0x0000000648d00000|  0%| F|  |TAMS 0x0000000648c00000, 0x0000000648c00000| Untracked 
| 141|0x0000000648d00000, 0x0000000648d00000, 0x0000000648e00000|  0%| F|  |TAMS 0x0000000648d00000, 0x0000000648d00000| Untracked 
| 142|0x0000000648e00000, 0x0000000648e00000, 0x0000000648f00000|  0%| F|  |TAMS 0x0000000648e00000, 0x0000000648e00000| Untracked 
| 143|0x0000000648f00000, 0x0000000648f00000, 0x0000000649000000|  0%| F|  |TAMS 0x0000000648f00000, 0x0000000648f00000| Untracked 
| 144|0x0000000649000000, 0x0000000649000000, 0x0000000649100000|  0%| F|  |TAMS 0x0000000649000000, 0x0000000649000000| Untracked 
| 145|0x0000000649100000, 0x0000000649100000, 0x0000000649200000|  0%| F|  |TAMS 0x0000000649100000, 0x0000000649100000| Untracked 
| 146|0x0000000649200000, 0x0000000649200000, 0x0000000649300000|  0%| F|  |TAMS 0x0000000649200000, 0x0000000649200000| Untracked 
| 147|0x0000000649300000, 0x0000000649300000, 0x0000000649400000|  0%| F|  |TAMS 0x0000000649300000, 0x0000000649300000| Untracked 
| 148|0x0000000649400000, 0x0000000649400000, 0x0000000649500000|  0%| F|  |TAMS 0x0000000649400000, 0x0000000649400000| Untracked 
| 149|0x0000000649500000, 0x0000000649500000, 0x0000000649600000|  0%| F|  |TAMS 0x0000000649500000, 0x0000000649500000| Untracked 
| 150|0x0000000649600000, 0x0000000649600000, 0x0000000649700000|  0%| F|  |TAMS 0x0000000649600000, 0x0000000649600000| Untracked 
| 151|0x0000000649700000, 0x0000000649700000, 0x0000000649800000|  0%| F|  |TAMS 0x0000000649700000, 0x0000000649700000| Untracked 
| 152|0x0000000649800000, 0x0000000649800000, 0x0000000649900000|  0%| F|  |TAMS 0x0000000649800000, 0x0000000649800000| Untracked 
| 153|0x0000000649900000, 0x0000000649900000, 0x0000000649a00000|  0%| F|  |TAMS 0x0000000649900000, 0x0000000649900000| Untracked 
| 154|0x0000000649a00000, 0x0000000649a00000, 0x0000000649b00000|  0%| F|  |TAMS 0x0000000649a00000, 0x0000000649a00000| Untracked 
| 155|0x0000000649b00000, 0x0000000649b00000, 0x0000000649c00000|  0%| F|  |TAMS 0x0000000649b00000, 0x0000000649b00000| Untracked 
| 156|0x0000000649c00000, 0x0000000649c00000, 0x0000000649d00000|  0%| F|  |TAMS 0x0000000649c00000, 0x0000000649c00000| Untracked 
| 157|0x0000000649d00000, 0x0000000649d00000, 0x0000000649e00000|  0%| F|  |TAMS 0x0000000649d00000, 0x0000000649d00000| Untracked 
| 158|0x0000000649e00000, 0x0000000649e00000, 0x0000000649f00000|  0%| F|  |TAMS 0x0000000649e00000, 0x0000000649e00000| Untracked 
| 159|0x0000000649f00000, 0x0000000649f00000, 0x000000064a000000|  0%| F|  |TAMS 0x0000000649f00000, 0x0000000649f00000| Untracked 
| 160|0x000000064a000000, 0x000000064a000000, 0x000000064a100000|  0%| F|  |TAMS 0x000000064a000000, 0x000000064a000000| Untracked 
| 161|0x000000064a100000, 0x000000064a100000, 0x000000064a200000|  0%| F|  |TAMS 0x000000064a100000, 0x000000064a100000| Untracked 
| 162|0x000000064a200000, 0x000000064a200000, 0x000000064a300000|  0%| F|  |TAMS 0x000000064a200000, 0x000000064a200000| Untracked 
| 163|0x000000064a300000, 0x000000064a300000, 0x000000064a400000|  0%| F|  |TAMS 0x000000064a300000, 0x000000064a300000| Untracked 
| 164|0x000000064a400000, 0x000000064a400000, 0x000000064a500000|  0%| F|  |TAMS 0x000000064a400000, 0x000000064a400000| Untracked 
| 165|0x000000064a500000, 0x000000064a500000, 0x000000064a600000|  0%| F|  |TAMS 0x000000064a500000, 0x000000064a500000| Untracked 
| 166|0x000000064a600000, 0x000000064a600000, 0x000000064a700000|  0%| F|  |TAMS 0x000000064a600000, 0x000000064a600000| Untracked 
| 167|0x000000064a700000, 0x000000064a700000, 0x000000064a800000|  0%| F|  |TAMS 0x000000064a700000, 0x000000064a700000| Untracked 
| 168|0x000000064a800000, 0x000000064a800000, 0x000000064a900000|  0%| F|  |TAMS 0x000000064a800000, 0x000000064a800000| Untracked 
| 169|0x000000064a900000, 0x000000064a900000, 0x000000064aa00000|  0%| F|  |TAMS 0x000000064a900000, 0x000000064a900000| Untracked 
| 170|0x000000064aa00000, 0x000000064aa00000, 0x000000064ab00000|  0%| F|  |TAMS 0x000000064aa00000, 0x000000064aa00000| Untracked 
| 171|0x000000064ab00000, 0x000000064ab00000, 0x000000064ac00000|  0%| F|  |TAMS 0x000000064ab00000, 0x000000064ab00000| Untracked 
| 172|0x000000064ac00000, 0x000000064ac00000, 0x000000064ad00000|  0%| F|  |TAMS 0x000000064ac00000, 0x000000064ac00000| Untracked 
| 173|0x000000064ad00000, 0x000000064ad00000, 0x000000064ae00000|  0%| F|  |TAMS 0x000000064ad00000, 0x000000064ad00000| Untracked 
| 174|0x000000064ae00000, 0x000000064ae00000, 0x000000064af00000|  0%| F|  |TAMS 0x000000064ae00000, 0x000000064ae00000| Untracked 
| 175|0x000000064af00000, 0x000000064af00000, 0x000000064b000000|  0%| F|  |TAMS 0x000000064af00000, 0x000000064af00000| Untracked 
| 176|0x000000064b000000, 0x000000064b000000, 0x000000064b100000|  0%| F|  |TAMS 0x000000064b000000, 0x000000064b000000| Untracked 
| 177|0x000000064b100000, 0x000000064b100000, 0x000000064b200000|  0%| F|  |TAMS 0x000000064b100000, 0x000000064b100000| Untracked 
| 178|0x000000064b200000, 0x000000064b200000, 0x000000064b300000|  0%| F|  |TAMS 0x000000064b200000, 0x000000064b200000| Untracked 
| 179|0x000000064b300000, 0x000000064b300000, 0x000000064b400000|  0%| F|  |TAMS 0x000000064b300000, 0x000000064b300000| Untracked 
| 180|0x000000064b400000, 0x000000064b400000, 0x000000064b500000|  0%| F|  |TAMS 0x000000064b400000, 0x000000064b400000| Untracked 
| 181|0x000000064b500000, 0x000000064b500000, 0x000000064b600000|  0%| F|  |TAMS 0x000000064b500000, 0x000000064b500000| Untracked 
| 182|0x000000064b600000, 0x000000064b600000, 0x000000064b700000|  0%| F|  |TAMS 0x000000064b600000, 0x000000064b600000| Untracked 
| 183|0x000000064b700000, 0x000000064b700000, 0x000000064b800000|  0%| F|  |TAMS 0x000000064b700000, 0x000000064b700000| Untracked 
| 184|0x000000064b800000, 0x000000064b800000, 0x000000064b900000|  0%| F|  |TAMS 0x000000064b800000, 0x000000064b800000| Untracked 
| 185|0x000000064b900000, 0x000000064b900000, 0x000000064ba00000|  0%| F|  |TAMS 0x000000064b900000, 0x000000064b900000| Untracked 
| 186|0x000000064ba00000, 0x000000064ba00000, 0x000000064bb00000|  0%| F|  |TAMS 0x000000064ba00000, 0x000000064ba00000| Untracked 
| 187|0x000000064bb00000, 0x000000064bb00000, 0x000000064bc00000|  0%| F|  |TAMS 0x000000064bb00000, 0x000000064bb00000| Untracked 
| 188|0x000000064bc00000, 0x000000064bc00000, 0x000000064bd00000|  0%| F|  |TAMS 0x000000064bc00000, 0x000000064bc00000| Untracked 
| 189|0x000000064bd00000, 0x000000064bd00000, 0x000000064be00000|  0%| F|  |TAMS 0x000000064bd00000, 0x000000064bd00000| Untracked 
| 190|0x000000064be00000, 0x000000064be00000, 0x000000064bf00000|  0%| F|  |TAMS 0x000000064be00000, 0x000000064be00000| Untracked 
| 191|0x000000064bf00000, 0x000000064bf00000, 0x000000064c000000|  0%| F|  |TAMS 0x000000064bf00000, 0x000000064bf00000| Untracked 
| 192|0x000000064c000000, 0x000000064c000000, 0x000000064c100000|  0%| F|  |TAMS 0x000000064c000000, 0x000000064c000000| Untracked 
| 193|0x000000064c100000, 0x000000064c100000, 0x000000064c200000|  0%| F|  |TAMS 0x000000064c100000, 0x000000064c100000| Untracked 
| 194|0x000000064c200000, 0x000000064c200000, 0x000000064c300000|  0%| F|  |TAMS 0x000000064c200000, 0x000000064c200000| Untracked 
| 195|0x000000064c300000, 0x000000064c300000, 0x000000064c400000|  0%| F|  |TAMS 0x000000064c300000, 0x000000064c300000| Untracked 
| 196|0x000000064c400000, 0x000000064c400000, 0x000000064c500000|  0%| F|  |TAMS 0x000000064c400000, 0x000000064c400000| Untracked 
| 197|0x000000064c500000, 0x000000064c500000, 0x000000064c600000|  0%| F|  |TAMS 0x000000064c500000, 0x000000064c500000| Untracked 
| 198|0x000000064c600000, 0x000000064c600000, 0x000000064c700000|  0%| F|  |TAMS 0x000000064c600000, 0x000000064c600000| Untracked 
| 199|0x000000064c700000, 0x000000064c700000, 0x000000064c800000|  0%| F|  |TAMS 0x000000064c700000, 0x000000064c700000| Untracked 
| 200|0x000000064c800000, 0x000000064c800000, 0x000000064c900000|  0%| F|  |TAMS 0x000000064c800000, 0x000000064c800000| Untracked 
| 201|0x000000064c900000, 0x000000064c900000, 0x000000064ca00000|  0%| F|  |TAMS 0x000000064c900000, 0x000000064c900000| Untracked 
| 202|0x000000064ca00000, 0x000000064ca00000, 0x000000064cb00000|  0%| F|  |TAMS 0x000000064ca00000, 0x000000064ca00000| Untracked 
| 203|0x000000064cb00000, 0x000000064cb00000, 0x000000064cc00000|  0%| F|  |TAMS 0x000000064cb00000, 0x000000064cb00000| Untracked 
| 204|0x000000064cc00000, 0x000000064cc00000, 0x000000064cd00000|  0%| F|  |TAMS 0x000000064cc00000, 0x000000064cc00000| Untracked 
| 205|0x000000064cd00000, 0x000000064cd00000, 0x000000064ce00000|  0%| F|  |TAMS 0x000000064cd00000, 0x000000064cd00000| Untracked 
| 206|0x000000064ce00000, 0x000000064ce00000, 0x000000064cf00000|  0%| F|  |TAMS 0x000000064ce00000, 0x000000064ce00000| Untracked 
| 207|0x000000064cf00000, 0x000000064cf00000, 0x000000064d000000|  0%| F|  |TAMS 0x000000064cf00000, 0x000000064cf00000| Untracked 
| 208|0x000000064d000000, 0x000000064d000000, 0x000000064d100000|  0%| F|  |TAMS 0x000000064d000000, 0x000000064d000000| Untracked 
| 209|0x000000064d100000, 0x000000064d100000, 0x000000064d200000|  0%| F|  |TAMS 0x000000064d100000, 0x000000064d100000| Untracked 
| 210|0x000000064d200000, 0x000000064d200000, 0x000000064d300000|  0%| F|  |TAMS 0x000000064d200000, 0x000000064d200000| Untracked 
| 211|0x000000064d300000, 0x000000064d300000, 0x000000064d400000|  0%| F|  |TAMS 0x000000064d300000, 0x000000064d300000| Untracked 
| 212|0x000000064d400000, 0x000000064d400000, 0x000000064d500000|  0%| F|  |TAMS 0x000000064d400000, 0x000000064d400000| Untracked 
| 213|0x000000064d500000, 0x000000064d500000, 0x000000064d600000|  0%| F|  |TAMS 0x000000064d500000, 0x000000064d500000| Untracked 
| 214|0x000000064d600000, 0x000000064d600000, 0x000000064d700000|  0%| F|  |TAMS 0x000000064d600000, 0x000000064d600000| Untracked 
| 215|0x000000064d700000, 0x000000064d700000, 0x000000064d800000|  0%| F|  |TAMS 0x000000064d700000, 0x000000064d700000| Untracked 
| 216|0x000000064d800000, 0x000000064d800000, 0x000000064d900000|  0%| F|  |TAMS 0x000000064d800000, 0x000000064d800000| Untracked 
| 217|0x000000064d900000, 0x000000064d900000, 0x000000064da00000|  0%| F|  |TAMS 0x000000064d900000, 0x000000064d900000| Untracked 
| 218|0x000000064da00000, 0x000000064da00000, 0x000000064db00000|  0%| F|  |TAMS 0x000000064da00000, 0x000000064da00000| Untracked 
| 219|0x000000064db00000, 0x000000064db00000, 0x000000064dc00000|  0%| F|  |TAMS 0x000000064db00000, 0x000000064db00000| Untracked 
| 220|0x000000064dc00000, 0x000000064dc00000, 0x000000064dd00000|  0%| F|  |TAMS 0x000000064dc00000, 0x000000064dc00000| Untracked 
| 221|0x000000064dd00000, 0x000000064dd00000, 0x000000064de00000|  0%| F|  |TAMS 0x000000064dd00000, 0x000000064dd00000| Untracked 
| 222|0x000000064de00000, 0x000000064de00000, 0x000000064df00000|  0%| F|  |TAMS 0x000000064de00000, 0x000000064de00000| Untracked 
| 223|0x000000064df00000, 0x000000064df00000, 0x000000064e000000|  0%| F|  |TAMS 0x000000064df00000, 0x000000064df00000| Untracked 
| 224|0x000000064e000000, 0x000000064e000000, 0x000000064e100000|  0%| F|  |TAMS 0x000000064e000000, 0x000000064e000000| Untracked 
| 225|0x000000064e100000, 0x000000064e100000, 0x000000064e200000|  0%| F|  |TAMS 0x000000064e100000, 0x000000064e100000| Untracked 
| 226|0x000000064e200000, 0x000000064e200000, 0x000000064e300000|  0%| F|  |TAMS 0x000000064e200000, 0x000000064e200000| Untracked 
| 227|0x000000064e300000, 0x000000064e300000, 0x000000064e400000|  0%| F|  |TAMS 0x000000064e300000, 0x000000064e300000| Untracked 
| 228|0x000000064e400000, 0x000000064e400000, 0x000000064e500000|  0%| F|  |TAMS 0x000000064e400000, 0x000000064e400000| Untracked 
| 229|0x000000064e500000, 0x000000064e500000, 0x000000064e600000|  0%| F|  |TAMS 0x000000064e500000, 0x000000064e500000| Untracked 
| 230|0x000000064e600000, 0x000000064e600000, 0x000000064e700000|  0%| F|  |TAMS 0x000000064e600000, 0x000000064e600000| Untracked 
| 231|0x000000064e700000, 0x000000064e700000, 0x000000064e800000|  0%| F|  |TAMS 0x000000064e700000, 0x000000064e700000| Untracked 
| 232|0x000000064e800000, 0x000000064e800000, 0x000000064e900000|  0%| F|  |TAMS 0x000000064e800000, 0x000000064e800000| Untracked 
| 233|0x000000064e900000, 0x000000064e900000, 0x000000064ea00000|  0%| F|  |TAMS 0x000000064e900000, 0x000000064e900000| Untracked 
| 234|0x000000064ea00000, 0x000000064ea00000, 0x000000064eb00000|  0%| F|  |TAMS 0x000000064ea00000, 0x000000064ea00000| Untracked 
| 235|0x000000064eb00000, 0x000000064eb00000, 0x000000064ec00000|  0%| F|  |TAMS 0x000000064eb00000, 0x000000064eb00000| Untracked 
| 236|0x000000064ec00000, 0x000000064ec00000, 0x000000064ed00000|  0%| F|  |TAMS 0x000000064ec00000, 0x000000064ec00000| Untracked 
| 237|0x000000064ed00000, 0x000000064ed00000, 0x000000064ee00000|  0%| F|  |TAMS 0x000000064ed00000, 0x000000064ed00000| Untracked 
| 238|0x000000064ee00000, 0x000000064ee00000, 0x000000064ef00000|  0%| F|  |TAMS 0x000000064ee00000, 0x000000064ee00000| Untracked 
| 239|0x000000064ef00000, 0x000000064ef00000, 0x000000064f000000|  0%| F|  |TAMS 0x000000064ef00000, 0x000000064ef00000| Untracked 
| 240|0x000000064f000000, 0x000000064f000000, 0x000000064f100000|  0%| F|  |TAMS 0x000000064f000000, 0x000000064f000000| Untracked 
| 241|0x000000064f100000, 0x000000064f100000, 0x000000064f200000|  0%| F|  |TAMS 0x000000064f100000, 0x000000064f100000| Untracked 
| 242|0x000000064f200000, 0x000000064f200000, 0x000000064f300000|  0%| F|  |TAMS 0x000000064f200000, 0x000000064f200000| Untracked 
| 243|0x000000064f300000, 0x000000064f300000, 0x000000064f400000|  0%| F|  |TAMS 0x000000064f300000, 0x000000064f300000| Untracked 
| 244|0x000000064f400000, 0x000000064f400000, 0x000000064f500000|  0%| F|  |TAMS 0x000000064f400000, 0x000000064f400000| Untracked 
| 245|0x000000064f500000, 0x000000064f500000, 0x000000064f600000|  0%| F|  |TAMS 0x000000064f500000, 0x000000064f500000| Untracked 
| 246|0x000000064f600000, 0x000000064f600000, 0x000000064f700000|  0%| F|  |TAMS 0x000000064f600000, 0x000000064f600000| Untracked 
| 247|0x000000064f700000, 0x000000064f700000, 0x000000064f800000|  0%| F|  |TAMS 0x000000064f700000, 0x000000064f700000| Untracked 
| 248|0x000000064f800000, 0x000000064f800000, 0x000000064f900000|  0%| F|  |TAMS 0x000000064f800000, 0x000000064f800000| Untracked 
| 249|0x000000064f900000, 0x000000064f900000, 0x000000064fa00000|  0%| F|  |TAMS 0x000000064f900000, 0x000000064f900000| Untracked 
| 250|0x000000064fa00000, 0x000000064fa00000, 0x000000064fb00000|  0%| F|  |TAMS 0x000000064fa00000, 0x000000064fa00000| Untracked 
| 251|0x000000064fb00000, 0x000000064fb00000, 0x000000064fc00000|  0%| F|  |TAMS 0x000000064fb00000, 0x000000064fb00000| Untracked 
| 252|0x000000064fc00000, 0x000000064fc00000, 0x000000064fd00000|  0%| F|  |TAMS 0x000000064fc00000, 0x000000064fc00000| Untracked 
| 253|0x000000064fd00000, 0x000000064fd00000, 0x000000064fe00000|  0%| F|  |TAMS 0x000000064fd00000, 0x000000064fd00000| Untracked 
| 254|0x000000064fe00000, 0x000000064fe00000, 0x000000064ff00000|  0%| F|  |TAMS 0x000000064fe00000, 0x000000064fe00000| Untracked 
| 255|0x000000064ff00000, 0x000000064ff00000, 0x0000000650000000|  0%| F|  |TAMS 0x000000064ff00000, 0x000000064ff00000| Untracked 
| 256|0x0000000650000000, 0x0000000650000000, 0x0000000650100000|  0%| F|  |TAMS 0x0000000650000000, 0x0000000650000000| Untracked 
| 257|0x0000000650100000, 0x0000000650100000, 0x0000000650200000|  0%| F|  |TAMS 0x0000000650100000, 0x0000000650100000| Untracked 
| 258|0x0000000650200000, 0x0000000650200000, 0x0000000650300000|  0%| F|  |TAMS 0x0000000650200000, 0x0000000650200000| Untracked 
| 259|0x0000000650300000, 0x0000000650300000, 0x0000000650400000|  0%| F|  |TAMS 0x0000000650300000, 0x0000000650300000| Untracked 
| 260|0x0000000650400000, 0x0000000650400000, 0x0000000650500000|  0%| F|  |TAMS 0x0000000650400000, 0x0000000650400000| Untracked 
| 261|0x0000000650500000, 0x0000000650500000, 0x0000000650600000|  0%| F|  |TAMS 0x0000000650500000, 0x0000000650500000| Untracked 
| 262|0x0000000650600000, 0x0000000650600000, 0x0000000650700000|  0%| F|  |TAMS 0x0000000650600000, 0x0000000650600000| Untracked 
| 263|0x0000000650700000, 0x0000000650700000, 0x0000000650800000|  0%| F|  |TAMS 0x0000000650700000, 0x0000000650700000| Untracked 
| 264|0x0000000650800000, 0x0000000650800000, 0x0000000650900000|  0%| F|  |TAMS 0x0000000650800000, 0x0000000650800000| Untracked 
| 265|0x0000000650900000, 0x0000000650900000, 0x0000000650a00000|  0%| F|  |TAMS 0x0000000650900000, 0x0000000650900000| Untracked 
| 266|0x0000000650a00000, 0x0000000650a00000, 0x0000000650b00000|  0%| F|  |TAMS 0x0000000650a00000, 0x0000000650a00000| Untracked 
| 267|0x0000000650b00000, 0x0000000650b00000, 0x0000000650c00000|  0%| F|  |TAMS 0x0000000650b00000, 0x0000000650b00000| Untracked 
| 268|0x0000000650c00000, 0x0000000650c00000, 0x0000000650d00000|  0%| F|  |TAMS 0x0000000650c00000, 0x0000000650c00000| Untracked 
| 269|0x0000000650d00000, 0x0000000650d00000, 0x0000000650e00000|  0%| F|  |TAMS 0x0000000650d00000, 0x0000000650d00000| Untracked 
| 270|0x0000000650e00000, 0x0000000650e00000, 0x0000000650f00000|  0%| F|  |TAMS 0x0000000650e00000, 0x0000000650e00000| Untracked 
| 271|0x0000000650f00000, 0x0000000650f00000, 0x0000000651000000|  0%| F|  |TAMS 0x0000000650f00000, 0x0000000650f00000| Untracked 
| 272|0x0000000651000000, 0x0000000651000000, 0x0000000651100000|  0%| F|  |TAMS 0x0000000651000000, 0x0000000651000000| Untracked 
| 273|0x0000000651100000, 0x0000000651100000, 0x0000000651200000|  0%| F|  |TAMS 0x0000000651100000, 0x0000000651100000| Untracked 
| 274|0x0000000651200000, 0x0000000651200000, 0x0000000651300000|  0%| F|  |TAMS 0x0000000651200000, 0x0000000651200000| Untracked 
| 275|0x0000000651300000, 0x0000000651300000, 0x0000000651400000|  0%| F|  |TAMS 0x0000000651300000, 0x0000000651300000| Untracked 
| 276|0x0000000651400000, 0x0000000651400000, 0x0000000651500000|  0%| F|  |TAMS 0x0000000651400000, 0x0000000651400000| Untracked 
| 277|0x0000000651500000, 0x0000000651500000, 0x0000000651600000|  0%| F|  |TAMS 0x0000000651500000, 0x0000000651500000| Untracked 
| 278|0x0000000651600000, 0x0000000651600000, 0x0000000651700000|  0%| F|  |TAMS 0x0000000651600000, 0x0000000651600000| Untracked 
| 279|0x0000000651700000, 0x0000000651700000, 0x0000000651800000|  0%| F|  |TAMS 0x0000000651700000, 0x0000000651700000| Untracked 
| 280|0x0000000651800000, 0x0000000651800000, 0x0000000651900000|  0%| F|  |TAMS 0x0000000651800000, 0x0000000651800000| Untracked 
| 281|0x0000000651900000, 0x0000000651900000, 0x0000000651a00000|  0%| F|  |TAMS 0x0000000651900000, 0x0000000651900000| Untracked 
| 282|0x0000000651a00000, 0x0000000651a00000, 0x0000000651b00000|  0%| F|  |TAMS 0x0000000651a00000, 0x0000000651a00000| Untracked 
| 283|0x0000000651b00000, 0x0000000651b00000, 0x0000000651c00000|  0%| F|  |TAMS 0x0000000651b00000, 0x0000000651b00000| Untracked 
| 284|0x0000000651c00000, 0x0000000651c00000, 0x0000000651d00000|  0%| F|  |TAMS 0x0000000651c00000, 0x0000000651c00000| Untracked 
| 285|0x0000000651d00000, 0x0000000651d00000, 0x0000000651e00000|  0%| F|  |TAMS 0x0000000651d00000, 0x0000000651d00000| Untracked 
| 286|0x0000000651e00000, 0x0000000651e00000, 0x0000000651f00000|  0%| F|  |TAMS 0x0000000651e00000, 0x0000000651e00000| Untracked 
| 287|0x0000000651f00000, 0x0000000651f00000, 0x0000000652000000|  0%| F|  |TAMS 0x0000000651f00000, 0x0000000651f00000| Untracked 
| 288|0x0000000652000000, 0x0000000652000000, 0x0000000652100000|  0%| F|  |TAMS 0x0000000652000000, 0x0000000652000000| Untracked 
| 289|0x0000000652100000, 0x0000000652100000, 0x0000000652200000|  0%| F|  |TAMS 0x0000000652100000, 0x0000000652100000| Untracked 
| 290|0x0000000652200000, 0x0000000652200000, 0x0000000652300000|  0%| F|  |TAMS 0x0000000652200000, 0x0000000652200000| Untracked 
| 291|0x0000000652300000, 0x0000000652300000, 0x0000000652400000|  0%| F|  |TAMS 0x0000000652300000, 0x0000000652300000| Untracked 
| 292|0x0000000652400000, 0x0000000652400000, 0x0000000652500000|  0%| F|  |TAMS 0x0000000652400000, 0x0000000652400000| Untracked 
| 293|0x0000000652500000, 0x0000000652500000, 0x0000000652600000|  0%| F|  |TAMS 0x0000000652500000, 0x0000000652500000| Untracked 
| 294|0x0000000652600000, 0x0000000652600000, 0x0000000652700000|  0%| F|  |TAMS 0x0000000652600000, 0x0000000652600000| Untracked 
| 295|0x0000000652700000, 0x0000000652700000, 0x0000000652800000|  0%| F|  |TAMS 0x0000000652700000, 0x0000000652700000| Untracked 
| 296|0x0000000652800000, 0x0000000652800000, 0x0000000652900000|  0%| F|  |TAMS 0x0000000652800000, 0x0000000652800000| Untracked 
| 297|0x0000000652900000, 0x0000000652900000, 0x0000000652a00000|  0%| F|  |TAMS 0x0000000652900000, 0x0000000652900000| Untracked 
| 298|0x0000000652a00000, 0x0000000652a00000, 0x0000000652b00000|  0%| F|  |TAMS 0x0000000652a00000, 0x0000000652a00000| Untracked 
| 299|0x0000000652b00000, 0x0000000652b00000, 0x0000000652c00000|  0%| F|  |TAMS 0x0000000652b00000, 0x0000000652b00000| Untracked 
| 300|0x0000000652c00000, 0x0000000652c00000, 0x0000000652d00000|  0%| F|  |TAMS 0x0000000652c00000, 0x0000000652c00000| Untracked 
| 301|0x0000000652d00000, 0x0000000652d00000, 0x0000000652e00000|  0%| F|  |TAMS 0x0000000652d00000, 0x0000000652d00000| Untracked 
| 302|0x0000000652e00000, 0x0000000652e00000, 0x0000000652f00000|  0%| F|  |TAMS 0x0000000652e00000, 0x0000000652e00000| Untracked 
| 303|0x0000000652f00000, 0x0000000652f00000, 0x0000000653000000|  0%| F|  |TAMS 0x0000000652f00000, 0x0000000652f00000| Untracked 
| 304|0x0000000653000000, 0x0000000653000000, 0x0000000653100000|  0%| F|  |TAMS 0x0000000653000000, 0x0000000653000000| Untracked 
| 305|0x0000000653100000, 0x0000000653100000, 0x0000000653200000|  0%| F|  |TAMS 0x0000000653100000, 0x0000000653100000| Untracked 
| 306|0x0000000653200000, 0x0000000653200000, 0x0000000653300000|  0%| F|  |TAMS 0x0000000653200000, 0x0000000653200000| Untracked 
| 307|0x0000000653300000, 0x0000000653300000, 0x0000000653400000|  0%| F|  |TAMS 0x0000000653300000, 0x0000000653300000| Untracked 
| 308|0x0000000653400000, 0x0000000653400000, 0x0000000653500000|  0%| F|  |TAMS 0x0000000653400000, 0x0000000653400000| Untracked 
| 309|0x0000000653500000, 0x0000000653500000, 0x0000000653600000|  0%| F|  |TAMS 0x0000000653500000, 0x0000000653500000| Untracked 
| 310|0x0000000653600000, 0x0000000653600000, 0x0000000653700000|  0%| F|  |TAMS 0x0000000653600000, 0x0000000653600000| Untracked 
| 311|0x0000000653700000, 0x0000000653700000, 0x0000000653800000|  0%| F|  |TAMS 0x0000000653700000, 0x0000000653700000| Untracked 
| 312|0x0000000653800000, 0x0000000653800000, 0x0000000653900000|  0%| F|  |TAMS 0x0000000653800000, 0x0000000653800000| Untracked 
| 313|0x0000000653900000, 0x0000000653900000, 0x0000000653a00000|  0%| F|  |TAMS 0x0000000653900000, 0x0000000653900000| Untracked 
| 314|0x0000000653a00000, 0x0000000653a00000, 0x0000000653b00000|  0%| F|  |TAMS 0x0000000653a00000, 0x0000000653a00000| Untracked 
| 315|0x0000000653b00000, 0x0000000653b00000, 0x0000000653c00000|  0%| F|  |TAMS 0x0000000653b00000, 0x0000000653b00000| Untracked 
| 316|0x0000000653c00000, 0x0000000653c00000, 0x0000000653d00000|  0%| F|  |TAMS 0x0000000653c00000, 0x0000000653c00000| Untracked 
| 317|0x0000000653d00000, 0x0000000653d00000, 0x0000000653e00000|  0%| F|  |TAMS 0x0000000653d00000, 0x0000000653d00000| Untracked 
| 318|0x0000000653e00000, 0x0000000653e00000, 0x0000000653f00000|  0%| F|  |TAMS 0x0000000653e00000, 0x0000000653e00000| Untracked 
| 319|0x0000000653f00000, 0x0000000653f00000, 0x0000000654000000|  0%| F|  |TAMS 0x0000000653f00000, 0x0000000653f00000| Untracked 
| 320|0x0000000654000000, 0x0000000654000000, 0x0000000654100000|  0%| F|  |TAMS 0x0000000654000000, 0x0000000654000000| Untracked 
| 321|0x0000000654100000, 0x0000000654100000, 0x0000000654200000|  0%| F|  |TAMS 0x0000000654100000, 0x0000000654100000| Untracked 
| 322|0x0000000654200000, 0x0000000654200000, 0x0000000654300000|  0%| F|  |TAMS 0x0000000654200000, 0x0000000654200000| Untracked 
| 323|0x0000000654300000, 0x0000000654300000, 0x0000000654400000|  0%| F|  |TAMS 0x0000000654300000, 0x0000000654300000| Untracked 
| 324|0x0000000654400000, 0x0000000654400000, 0x0000000654500000|  0%| F|  |TAMS 0x0000000654400000, 0x0000000654400000| Untracked 
| 325|0x0000000654500000, 0x0000000654500000, 0x0000000654600000|  0%| F|  |TAMS 0x0000000654500000, 0x0000000654500000| Untracked 
| 326|0x0000000654600000, 0x0000000654600000, 0x0000000654700000|  0%| F|  |TAMS 0x0000000654600000, 0x0000000654600000| Untracked 
| 327|0x0000000654700000, 0x0000000654700000, 0x0000000654800000|  0%| F|  |TAMS 0x0000000654700000, 0x0000000654700000| Untracked 
| 328|0x0000000654800000, 0x0000000654800000, 0x0000000654900000|  0%| F|  |TAMS 0x0000000654800000, 0x0000000654800000| Untracked 
| 329|0x0000000654900000, 0x0000000654900000, 0x0000000654a00000|  0%| F|  |TAMS 0x0000000654900000, 0x0000000654900000| Untracked 
| 330|0x0000000654a00000, 0x0000000654a00000, 0x0000000654b00000|  0%| F|  |TAMS 0x0000000654a00000, 0x0000000654a00000| Untracked 
| 331|0x0000000654b00000, 0x0000000654b00000, 0x0000000654c00000|  0%| F|  |TAMS 0x0000000654b00000, 0x0000000654b00000| Untracked 
| 332|0x0000000654c00000, 0x0000000654c00000, 0x0000000654d00000|  0%| F|  |TAMS 0x0000000654c00000, 0x0000000654c00000| Untracked 
| 333|0x0000000654d00000, 0x0000000654d00000, 0x0000000654e00000|  0%| F|  |TAMS 0x0000000654d00000, 0x0000000654d00000| Untracked 
| 334|0x0000000654e00000, 0x0000000654e00000, 0x0000000654f00000|  0%| F|  |TAMS 0x0000000654e00000, 0x0000000654e00000| Untracked 
| 335|0x0000000654f00000, 0x0000000654f00000, 0x0000000655000000|  0%| F|  |TAMS 0x0000000654f00000, 0x0000000654f00000| Untracked 
| 336|0x0000000655000000, 0x0000000655000000, 0x0000000655100000|  0%| F|  |TAMS 0x0000000655000000, 0x0000000655000000| Untracked 
| 337|0x0000000655100000, 0x0000000655100000, 0x0000000655200000|  0%| F|  |TAMS 0x0000000655100000, 0x0000000655100000| Untracked 
| 338|0x0000000655200000, 0x0000000655200000, 0x0000000655300000|  0%| F|  |TAMS 0x0000000655200000, 0x0000000655200000| Untracked 
| 339|0x0000000655300000, 0x0000000655300000, 0x0000000655400000|  0%| F|  |TAMS 0x0000000655300000, 0x0000000655300000| Untracked 
| 340|0x0000000655400000, 0x0000000655400000, 0x0000000655500000|  0%| F|  |TAMS 0x0000000655400000, 0x0000000655400000| Untracked 
| 341|0x0000000655500000, 0x0000000655500000, 0x0000000655600000|  0%| F|  |TAMS 0x0000000655500000, 0x0000000655500000| Untracked 
| 342|0x0000000655600000, 0x0000000655600000, 0x0000000655700000|  0%| F|  |TAMS 0x0000000655600000, 0x0000000655600000| Untracked 
| 343|0x0000000655700000, 0x0000000655700000, 0x0000000655800000|  0%| F|  |TAMS 0x0000000655700000, 0x0000000655700000| Untracked 
| 344|0x0000000655800000, 0x0000000655800000, 0x0000000655900000|  0%| F|  |TAMS 0x0000000655800000, 0x0000000655800000| Untracked 
| 345|0x0000000655900000, 0x0000000655900000, 0x0000000655a00000|  0%| F|  |TAMS 0x0000000655900000, 0x0000000655900000| Untracked 
| 346|0x0000000655a00000, 0x0000000655a00000, 0x0000000655b00000|  0%| F|  |TAMS 0x0000000655a00000, 0x0000000655a00000| Untracked 
| 347|0x0000000655b00000, 0x0000000655b00000, 0x0000000655c00000|  0%| F|  |TAMS 0x0000000655b00000, 0x0000000655b00000| Untracked 
| 348|0x0000000655c00000, 0x0000000655c00000, 0x0000000655d00000|  0%| F|  |TAMS 0x0000000655c00000, 0x0000000655c00000| Untracked 
| 349|0x0000000655d00000, 0x0000000655d00000, 0x0000000655e00000|  0%| F|  |TAMS 0x0000000655d00000, 0x0000000655d00000| Untracked 
| 350|0x0000000655e00000, 0x0000000655e00000, 0x0000000655f00000|  0%| F|  |TAMS 0x0000000655e00000, 0x0000000655e00000| Untracked 
| 351|0x0000000655f00000, 0x0000000655f00000, 0x0000000656000000|  0%| F|  |TAMS 0x0000000655f00000, 0x0000000655f00000| Untracked 
| 352|0x0000000656000000, 0x0000000656000000, 0x0000000656100000|  0%| F|  |TAMS 0x0000000656000000, 0x0000000656000000| Untracked 
| 353|0x0000000656100000, 0x0000000656100000, 0x0000000656200000|  0%| F|  |TAMS 0x0000000656100000, 0x0000000656100000| Untracked 
| 354|0x0000000656200000, 0x0000000656200000, 0x0000000656300000|  0%| F|  |TAMS 0x0000000656200000, 0x0000000656200000| Untracked 
| 355|0x0000000656300000, 0x0000000656300000, 0x0000000656400000|  0%| F|  |TAMS 0x0000000656300000, 0x0000000656300000| Untracked 
| 356|0x0000000656400000, 0x0000000656400000, 0x0000000656500000|  0%| F|  |TAMS 0x0000000656400000, 0x0000000656400000| Untracked 
| 357|0x0000000656500000, 0x0000000656500000, 0x0000000656600000|  0%| F|  |TAMS 0x0000000656500000, 0x0000000656500000| Untracked 
| 358|0x0000000656600000, 0x0000000656600000, 0x0000000656700000|  0%| F|  |TAMS 0x0000000656600000, 0x0000000656600000| Untracked 
| 359|0x0000000656700000, 0x0000000656700000, 0x0000000656800000|  0%| F|  |TAMS 0x0000000656700000, 0x0000000656700000| Untracked 
| 360|0x0000000656800000, 0x0000000656800000, 0x0000000656900000|  0%| F|  |TAMS 0x0000000656800000, 0x0000000656800000| Untracked 
| 361|0x0000000656900000, 0x0000000656900000, 0x0000000656a00000|  0%| F|  |TAMS 0x0000000656900000, 0x0000000656900000| Untracked 
| 362|0x0000000656a00000, 0x0000000656a00000, 0x0000000656b00000|  0%| F|  |TAMS 0x0000000656a00000, 0x0000000656a00000| Untracked 
| 363|0x0000000656b00000, 0x0000000656b00000, 0x0000000656c00000|  0%| F|  |TAMS 0x0000000656b00000, 0x0000000656b00000| Untracked 
| 364|0x0000000656c00000, 0x0000000656c00000, 0x0000000656d00000|  0%| F|  |TAMS 0x0000000656c00000, 0x0000000656c00000| Untracked 
| 365|0x0000000656d00000, 0x0000000656d00000, 0x0000000656e00000|  0%| F|  |TAMS 0x0000000656d00000, 0x0000000656d00000| Untracked 
| 366|0x0000000656e00000, 0x0000000656e00000, 0x0000000656f00000|  0%| F|  |TAMS 0x0000000656e00000, 0x0000000656e00000| Untracked 
| 367|0x0000000656f00000, 0x0000000656f00000, 0x0000000657000000|  0%| F|  |TAMS 0x0000000656f00000, 0x0000000656f00000| Untracked 
| 368|0x0000000657000000, 0x0000000657000000, 0x0000000657100000|  0%| F|  |TAMS 0x0000000657000000, 0x0000000657000000| Untracked 
| 369|0x0000000657100000, 0x0000000657100000, 0x0000000657200000|  0%| F|  |TAMS 0x0000000657100000, 0x0000000657100000| Untracked 
| 370|0x0000000657200000, 0x0000000657200000, 0x0000000657300000|  0%| F|  |TAMS 0x0000000657200000, 0x0000000657200000| Untracked 
| 371|0x0000000657300000, 0x0000000657300000, 0x0000000657400000|  0%| F|  |TAMS 0x0000000657300000, 0x0000000657300000| Untracked 
| 372|0x0000000657400000, 0x0000000657400000, 0x0000000657500000|  0%| F|  |TAMS 0x0000000657400000, 0x0000000657400000| Untracked 
| 373|0x0000000657500000, 0x0000000657500000, 0x0000000657600000|  0%| F|  |TAMS 0x0000000657500000, 0x0000000657500000| Untracked 
| 374|0x0000000657600000, 0x0000000657600000, 0x0000000657700000|  0%| F|  |TAMS 0x0000000657600000, 0x0000000657600000| Untracked 
| 375|0x0000000657700000, 0x0000000657700000, 0x0000000657800000|  0%| F|  |TAMS 0x0000000657700000, 0x0000000657700000| Untracked 
| 376|0x0000000657800000, 0x0000000657800000, 0x0000000657900000|  0%| F|  |TAMS 0x0000000657800000, 0x0000000657800000| Untracked 
| 377|0x0000000657900000, 0x0000000657900000, 0x0000000657a00000|  0%| F|  |TAMS 0x0000000657900000, 0x0000000657900000| Untracked 
| 378|0x0000000657a00000, 0x0000000657a00000, 0x0000000657b00000|  0%| F|  |TAMS 0x0000000657a00000, 0x0000000657a00000| Untracked 
| 379|0x0000000657b00000, 0x0000000657b00000, 0x0000000657c00000|  0%| F|  |TAMS 0x0000000657b00000, 0x0000000657b00000| Untracked 
| 380|0x0000000657c00000, 0x0000000657c00000, 0x0000000657d00000|  0%| F|  |TAMS 0x0000000657c00000, 0x0000000657c00000| Untracked 
| 381|0x0000000657d00000, 0x0000000657d00000, 0x0000000657e00000|  0%| F|  |TAMS 0x0000000657d00000, 0x0000000657d00000| Untracked 
| 382|0x0000000657e00000, 0x0000000657e00000, 0x0000000657f00000|  0%| F|  |TAMS 0x0000000657e00000, 0x0000000657e00000| Untracked 
| 383|0x0000000657f00000, 0x0000000657f00000, 0x0000000658000000|  0%| F|  |TAMS 0x0000000657f00000, 0x0000000657f00000| Untracked 
| 384|0x0000000658000000, 0x0000000658000000, 0x0000000658100000|  0%| F|  |TAMS 0x0000000658000000, 0x0000000658000000| Untracked 
| 385|0x0000000658100000, 0x0000000658100000, 0x0000000658200000|  0%| F|  |TAMS 0x0000000658100000, 0x0000000658100000| Untracked 
| 386|0x0000000658200000, 0x0000000658200000, 0x0000000658300000|  0%| F|  |TAMS 0x0000000658200000, 0x0000000658200000| Untracked 
| 387|0x0000000658300000, 0x0000000658300000, 0x0000000658400000|  0%| F|  |TAMS 0x0000000658300000, 0x0000000658300000| Untracked 
| 388|0x0000000658400000, 0x0000000658400000, 0x0000000658500000|  0%| F|  |TAMS 0x0000000658400000, 0x0000000658400000| Untracked 
| 389|0x0000000658500000, 0x0000000658500000, 0x0000000658600000|  0%| F|  |TAMS 0x0000000658500000, 0x0000000658500000| Untracked 
| 390|0x0000000658600000, 0x0000000658600000, 0x0000000658700000|  0%| F|  |TAMS 0x0000000658600000, 0x0000000658600000| Untracked 
| 391|0x0000000658700000, 0x0000000658700000, 0x0000000658800000|  0%| F|  |TAMS 0x0000000658700000, 0x0000000658700000| Untracked 
| 392|0x0000000658800000, 0x0000000658800000, 0x0000000658900000|  0%| F|  |TAMS 0x0000000658800000, 0x0000000658800000| Untracked 
| 393|0x0000000658900000, 0x0000000658900000, 0x0000000658a00000|  0%| F|  |TAMS 0x0000000658900000, 0x0000000658900000| Untracked 
| 394|0x0000000658a00000, 0x0000000658a00000, 0x0000000658b00000|  0%| F|  |TAMS 0x0000000658a00000, 0x0000000658a00000| Untracked 
| 395|0x0000000658b00000, 0x0000000658b00000, 0x0000000658c00000|  0%| F|  |TAMS 0x0000000658b00000, 0x0000000658b00000| Untracked 
| 396|0x0000000658c00000, 0x0000000658c00000, 0x0000000658d00000|  0%| F|  |TAMS 0x0000000658c00000, 0x0000000658c00000| Untracked 
| 397|0x0000000658d00000, 0x0000000658d00000, 0x0000000658e00000|  0%| F|  |TAMS 0x0000000658d00000, 0x0000000658d00000| Untracked 
| 398|0x0000000658e00000, 0x0000000658e00000, 0x0000000658f00000|  0%| F|  |TAMS 0x0000000658e00000, 0x0000000658e00000| Untracked 
| 399|0x0000000658f00000, 0x0000000658f00000, 0x0000000659000000|  0%| F|  |TAMS 0x0000000658f00000, 0x0000000658f00000| Untracked 
| 400|0x0000000659000000, 0x0000000659000000, 0x0000000659100000|  0%| F|  |TAMS 0x0000000659000000, 0x0000000659000000| Untracked 
| 401|0x0000000659100000, 0x0000000659100000, 0x0000000659200000|  0%| F|  |TAMS 0x0000000659100000, 0x0000000659100000| Untracked 
| 402|0x0000000659200000, 0x0000000659200000, 0x0000000659300000|  0%| F|  |TAMS 0x0000000659200000, 0x0000000659200000| Untracked 
| 403|0x0000000659300000, 0x0000000659300000, 0x0000000659400000|  0%| F|  |TAMS 0x0000000659300000, 0x0000000659300000| Untracked 
| 404|0x0000000659400000, 0x0000000659400000, 0x0000000659500000|  0%| F|  |TAMS 0x0000000659400000, 0x0000000659400000| Untracked 
| 405|0x0000000659500000, 0x0000000659500000, 0x0000000659600000|  0%| F|  |TAMS 0x0000000659500000, 0x0000000659500000| Untracked 
| 406|0x0000000659600000, 0x0000000659600000, 0x0000000659700000|  0%| F|  |TAMS 0x0000000659600000, 0x0000000659600000| Untracked 
| 407|0x0000000659700000, 0x0000000659700000, 0x0000000659800000|  0%| F|  |TAMS 0x0000000659700000, 0x0000000659700000| Untracked 
| 408|0x0000000659800000, 0x0000000659800000, 0x0000000659900000|  0%| F|  |TAMS 0x0000000659800000, 0x0000000659800000| Untracked 
| 409|0x0000000659900000, 0x0000000659900000, 0x0000000659a00000|  0%| F|  |TAMS 0x0000000659900000, 0x0000000659900000| Untracked 
| 410|0x0000000659a00000, 0x0000000659a00000, 0x0000000659b00000|  0%| F|  |TAMS 0x0000000659a00000, 0x0000000659a00000| Untracked 
| 411|0x0000000659b00000, 0x0000000659b00000, 0x0000000659c00000|  0%| F|  |TAMS 0x0000000659b00000, 0x0000000659b00000| Untracked 
| 412|0x0000000659c00000, 0x0000000659c00000, 0x0000000659d00000|  0%| F|  |TAMS 0x0000000659c00000, 0x0000000659c00000| Untracked 
| 413|0x0000000659d00000, 0x0000000659d00000, 0x0000000659e00000|  0%| F|  |TAMS 0x0000000659d00000, 0x0000000659d00000| Untracked 
| 414|0x0000000659e00000, 0x0000000659e00000, 0x0000000659f00000|  0%| F|  |TAMS 0x0000000659e00000, 0x0000000659e00000| Untracked 
| 415|0x0000000659f00000, 0x0000000659f00000, 0x000000065a000000|  0%| F|  |TAMS 0x0000000659f00000, 0x0000000659f00000| Untracked 
| 416|0x000000065a000000, 0x000000065a000000, 0x000000065a100000|  0%| F|  |TAMS 0x000000065a000000, 0x000000065a000000| Untracked 
| 417|0x000000065a100000, 0x000000065a100000, 0x000000065a200000|  0%| F|  |TAMS 0x000000065a100000, 0x000000065a100000| Untracked 
| 418|0x000000065a200000, 0x000000065a200000, 0x000000065a300000|  0%| F|  |TAMS 0x000000065a200000, 0x000000065a200000| Untracked 
| 419|0x000000065a300000, 0x000000065a300000, 0x000000065a400000|  0%| F|  |TAMS 0x000000065a300000, 0x000000065a300000| Untracked 
| 420|0x000000065a400000, 0x000000065a400000, 0x000000065a500000|  0%| F|  |TAMS 0x000000065a400000, 0x000000065a400000| Untracked 
| 421|0x000000065a500000, 0x000000065a500000, 0x000000065a600000|  0%| F|  |TAMS 0x000000065a500000, 0x000000065a500000| Untracked 
| 422|0x000000065a600000, 0x000000065a600000, 0x000000065a700000|  0%| F|  |TAMS 0x000000065a600000, 0x000000065a600000| Untracked 
| 423|0x000000065a700000, 0x000000065a700000, 0x000000065a800000|  0%| F|  |TAMS 0x000000065a700000, 0x000000065a700000| Untracked 
| 424|0x000000065a800000, 0x000000065a800000, 0x000000065a900000|  0%| F|  |TAMS 0x000000065a800000, 0x000000065a800000| Untracked 
| 425|0x000000065a900000, 0x000000065a900000, 0x000000065aa00000|  0%| F|  |TAMS 0x000000065a900000, 0x000000065a900000| Untracked 
| 426|0x000000065aa00000, 0x000000065aa00000, 0x000000065ab00000|  0%| F|  |TAMS 0x000000065aa00000, 0x000000065aa00000| Untracked 
| 427|0x000000065ab00000, 0x000000065ab00000, 0x000000065ac00000|  0%| F|  |TAMS 0x000000065ab00000, 0x000000065ab00000| Untracked 
| 428|0x000000065ac00000, 0x000000065ac00000, 0x000000065ad00000|  0%| F|  |TAMS 0x000000065ac00000, 0x000000065ac00000| Untracked 
| 429|0x000000065ad00000, 0x000000065ad00000, 0x000000065ae00000|  0%| F|  |TAMS 0x000000065ad00000, 0x000000065ad00000| Untracked 
| 430|0x000000065ae00000, 0x000000065ae00000, 0x000000065af00000|  0%| F|  |TAMS 0x000000065ae00000, 0x000000065ae00000| Untracked 
| 431|0x000000065af00000, 0x000000065af00000, 0x000000065b000000|  0%| F|  |TAMS 0x000000065af00000, 0x000000065af00000| Untracked 
| 432|0x000000065b000000, 0x000000065b000000, 0x000000065b100000|  0%| F|  |TAMS 0x000000065b000000, 0x000000065b000000| Untracked 
| 433|0x000000065b100000, 0x000000065b100000, 0x000000065b200000|  0%| F|  |TAMS 0x000000065b100000, 0x000000065b100000| Untracked 
| 434|0x000000065b200000, 0x000000065b200000, 0x000000065b300000|  0%| F|  |TAMS 0x000000065b200000, 0x000000065b200000| Untracked 
| 435|0x000000065b300000, 0x000000065b300000, 0x000000065b400000|  0%| F|  |TAMS 0x000000065b300000, 0x000000065b300000| Untracked 
| 436|0x000000065b400000, 0x000000065b400000, 0x000000065b500000|  0%| F|  |TAMS 0x000000065b400000, 0x000000065b400000| Untracked 
| 437|0x000000065b500000, 0x000000065b500000, 0x000000065b600000|  0%| F|  |TAMS 0x000000065b500000, 0x000000065b500000| Untracked 
| 438|0x000000065b600000, 0x000000065b600000, 0x000000065b700000|  0%| F|  |TAMS 0x000000065b600000, 0x000000065b600000| Untracked 
| 439|0x000000065b700000, 0x000000065b700000, 0x000000065b800000|  0%| F|  |TAMS 0x000000065b700000, 0x000000065b700000| Untracked 
| 440|0x000000065b800000, 0x000000065b800000, 0x000000065b900000|  0%| F|  |TAMS 0x000000065b800000, 0x000000065b800000| Untracked 
| 441|0x000000065b900000, 0x000000065b900000, 0x000000065ba00000|  0%| F|  |TAMS 0x000000065b900000, 0x000000065b900000| Untracked 
| 442|0x000000065ba00000, 0x000000065ba00000, 0x000000065bb00000|  0%| F|  |TAMS 0x000000065ba00000, 0x000000065ba00000| Untracked 
| 443|0x000000065bb00000, 0x000000065bb00000, 0x000000065bc00000|  0%| F|  |TAMS 0x000000065bb00000, 0x000000065bb00000| Untracked 
| 444|0x000000065bc00000, 0x000000065bc00000, 0x000000065bd00000|  0%| F|  |TAMS 0x000000065bc00000, 0x000000065bc00000| Untracked 
| 445|0x000000065bd00000, 0x000000065bd00000, 0x000000065be00000|  0%| F|  |TAMS 0x000000065bd00000, 0x000000065bd00000| Untracked 
| 446|0x000000065be00000, 0x000000065be00000, 0x000000065bf00000|  0%| F|  |TAMS 0x000000065be00000, 0x000000065be00000| Untracked 
| 447|0x000000065bf00000, 0x000000065bf00000, 0x000000065c000000|  0%| F|  |TAMS 0x000000065bf00000, 0x000000065bf00000| Untracked 
| 448|0x000000065c000000, 0x000000065c000000, 0x000000065c100000|  0%| F|  |TAMS 0x000000065c000000, 0x000000065c000000| Untracked 
| 449|0x000000065c100000, 0x000000065c100000, 0x000000065c200000|  0%| F|  |TAMS 0x000000065c100000, 0x000000065c100000| Untracked 
| 450|0x000000065c200000, 0x000000065c200000, 0x000000065c300000|  0%| F|  |TAMS 0x000000065c200000, 0x000000065c200000| Untracked 
| 451|0x000000065c300000, 0x000000065c300000, 0x000000065c400000|  0%| F|  |TAMS 0x000000065c300000, 0x000000065c300000| Untracked 
| 452|0x000000065c400000, 0x000000065c400000, 0x000000065c500000|  0%| F|  |TAMS 0x000000065c400000, 0x000000065c400000| Untracked 
| 453|0x000000065c500000, 0x000000065c500000, 0x000000065c600000|  0%| F|  |TAMS 0x000000065c500000, 0x000000065c500000| Untracked 
| 454|0x000000065c600000, 0x000000065c600000, 0x000000065c700000|  0%| F|  |TAMS 0x000000065c600000, 0x000000065c600000| Untracked 
| 455|0x000000065c700000, 0x000000065c700000, 0x000000065c800000|  0%| F|  |TAMS 0x000000065c700000, 0x000000065c700000| Untracked 
| 456|0x000000065c800000, 0x000000065c800000, 0x000000065c900000|  0%| F|  |TAMS 0x000000065c800000, 0x000000065c800000| Untracked 
| 457|0x000000065c900000, 0x000000065c900000, 0x000000065ca00000|  0%| F|  |TAMS 0x000000065c900000, 0x000000065c900000| Untracked 
| 458|0x000000065ca00000, 0x000000065ca00000, 0x000000065cb00000|  0%| F|  |TAMS 0x000000065ca00000, 0x000000065ca00000| Untracked 
| 459|0x000000065cb00000, 0x000000065cb00000, 0x000000065cc00000|  0%| F|  |TAMS 0x000000065cb00000, 0x000000065cb00000| Untracked 
| 460|0x000000065cc00000, 0x000000065cc00000, 0x000000065cd00000|  0%| F|  |TAMS 0x000000065cc00000, 0x000000065cc00000| Untracked 
| 461|0x000000065cd00000, 0x000000065cd00000, 0x000000065ce00000|  0%| F|  |TAMS 0x000000065cd00000, 0x000000065cd00000| Untracked 
| 462|0x000000065ce00000, 0x000000065ce00000, 0x000000065cf00000|  0%| F|  |TAMS 0x000000065ce00000, 0x000000065ce00000| Untracked 
| 463|0x000000065cf00000, 0x000000065cf00000, 0x000000065d000000|  0%| F|  |TAMS 0x000000065cf00000, 0x000000065cf00000| Untracked 
| 464|0x000000065d000000, 0x000000065d000000, 0x000000065d100000|  0%| F|  |TAMS 0x000000065d000000, 0x000000065d000000| Untracked 
| 465|0x000000065d100000, 0x000000065d100000, 0x000000065d200000|  0%| F|  |TAMS 0x000000065d100000, 0x000000065d100000| Untracked 
| 466|0x000000065d200000, 0x000000065d200000, 0x000000065d300000|  0%| F|  |TAMS 0x000000065d200000, 0x000000065d200000| Untracked 
| 467|0x000000065d300000, 0x000000065d300000, 0x000000065d400000|  0%| F|  |TAMS 0x000000065d300000, 0x000000065d300000| Untracked 
| 468|0x000000065d400000, 0x000000065d400000, 0x000000065d500000|  0%| F|  |TAMS 0x000000065d400000, 0x000000065d400000| Untracked 
| 469|0x000000065d500000, 0x000000065d500000, 0x000000065d600000|  0%| F|  |TAMS 0x000000065d500000, 0x000000065d500000| Untracked 
| 470|0x000000065d600000, 0x000000065d600000, 0x000000065d700000|  0%| F|  |TAMS 0x000000065d600000, 0x000000065d600000| Untracked 
| 471|0x000000065d700000, 0x000000065d700000, 0x000000065d800000|  0%| F|  |TAMS 0x000000065d700000, 0x000000065d700000| Untracked 
| 472|0x000000065d800000, 0x000000065d800000, 0x000000065d900000|  0%| F|  |TAMS 0x000000065d800000, 0x000000065d800000| Untracked 
| 473|0x000000065d900000, 0x000000065d900000, 0x000000065da00000|  0%| F|  |TAMS 0x000000065d900000, 0x000000065d900000| Untracked 
| 474|0x000000065da00000, 0x000000065da00000, 0x000000065db00000|  0%| F|  |TAMS 0x000000065da00000, 0x000000065da00000| Untracked 
| 475|0x000000065db00000, 0x000000065db00000, 0x000000065dc00000|  0%| F|  |TAMS 0x000000065db00000, 0x000000065db00000| Untracked 
| 476|0x000000065dc00000, 0x000000065dc00000, 0x000000065dd00000|  0%| F|  |TAMS 0x000000065dc00000, 0x000000065dc00000| Untracked 
| 477|0x000000065dd00000, 0x000000065dd00000, 0x000000065de00000|  0%| F|  |TAMS 0x000000065dd00000, 0x000000065dd00000| Untracked 
| 478|0x000000065de00000, 0x000000065de00000, 0x000000065df00000|  0%| F|  |TAMS 0x000000065de00000, 0x000000065de00000| Untracked 
| 479|0x000000065df00000, 0x000000065df00000, 0x000000065e000000|  0%| F|  |TAMS 0x000000065df00000, 0x000000065df00000| Untracked 
| 480|0x000000065e000000, 0x000000065e000000, 0x000000065e100000|  0%| F|  |TAMS 0x000000065e000000, 0x000000065e000000| Untracked 
| 481|0x000000065e100000, 0x000000065e100000, 0x000000065e200000|  0%| F|  |TAMS 0x000000065e100000, 0x000000065e100000| Untracked 
| 482|0x000000065e200000, 0x000000065e200000, 0x000000065e300000|  0%| F|  |TAMS 0x000000065e200000, 0x000000065e200000| Untracked 
| 483|0x000000065e300000, 0x000000065e300000, 0x000000065e400000|  0%| F|  |TAMS 0x000000065e300000, 0x000000065e300000| Untracked 
| 484|0x000000065e400000, 0x000000065e400000, 0x000000065e500000|  0%| F|  |TAMS 0x000000065e400000, 0x000000065e400000| Untracked 
| 485|0x000000065e500000, 0x000000065e500000, 0x000000065e600000|  0%| F|  |TAMS 0x000000065e500000, 0x000000065e500000| Untracked 
| 486|0x000000065e600000, 0x000000065e600000, 0x000000065e700000|  0%| F|  |TAMS 0x000000065e600000, 0x000000065e600000| Untracked 
| 487|0x000000065e700000, 0x000000065e700000, 0x000000065e800000|  0%| F|  |TAMS 0x000000065e700000, 0x000000065e700000| Untracked 
| 488|0x000000065e800000, 0x000000065e800000, 0x000000065e900000|  0%| F|  |TAMS 0x000000065e800000, 0x000000065e800000| Untracked 
| 489|0x000000065e900000, 0x000000065e900000, 0x000000065ea00000|  0%| F|  |TAMS 0x000000065e900000, 0x000000065e900000| Untracked 
| 490|0x000000065ea00000, 0x000000065ea00000, 0x000000065eb00000|  0%| F|  |TAMS 0x000000065ea00000, 0x000000065ea00000| Untracked 
| 491|0x000000065eb00000, 0x000000065eb00000, 0x000000065ec00000|  0%| F|  |TAMS 0x000000065eb00000, 0x000000065eb00000| Untracked 
| 492|0x000000065ec00000, 0x000000065ec00000, 0x000000065ed00000|  0%| F|  |TAMS 0x000000065ec00000, 0x000000065ec00000| Untracked 
| 493|0x000000065ed00000, 0x000000065ed00000, 0x000000065ee00000|  0%| F|  |TAMS 0x000000065ed00000, 0x000000065ed00000| Untracked 
| 494|0x000000065ee00000, 0x000000065ee00000, 0x000000065ef00000|  0%| F|  |TAMS 0x000000065ee00000, 0x000000065ee00000| Untracked 
| 495|0x000000065ef00000, 0x000000065ef00000, 0x000000065f000000|  0%| F|  |TAMS 0x000000065ef00000, 0x000000065ef00000| Untracked 
| 496|0x000000065f000000, 0x000000065f000000, 0x000000065f100000|  0%| F|  |TAMS 0x000000065f000000, 0x000000065f000000| Untracked 
| 497|0x000000065f100000, 0x000000065f100000, 0x000000065f200000|  0%| F|  |TAMS 0x000000065f100000, 0x000000065f100000| Untracked 
| 498|0x000000065f200000, 0x000000065f200000, 0x000000065f300000|  0%| F|  |TAMS 0x000000065f200000, 0x000000065f200000| Untracked 
| 499|0x000000065f300000, 0x000000065f300000, 0x000000065f400000|  0%| F|  |TAMS 0x000000065f300000, 0x000000065f300000| Untracked 
| 500|0x000000065f400000, 0x000000065f400000, 0x000000065f500000|  0%| F|  |TAMS 0x000000065f400000, 0x000000065f400000| Untracked 
| 501|0x000000065f500000, 0x000000065f500000, 0x000000065f600000|  0%| F|  |TAMS 0x000000065f500000, 0x000000065f500000| Untracked 
| 502|0x000000065f600000, 0x000000065f600000, 0x000000065f700000|  0%| F|  |TAMS 0x000000065f600000, 0x000000065f600000| Untracked 
| 503|0x000000065f700000, 0x000000065f700000, 0x000000065f800000|  0%| F|  |TAMS 0x000000065f700000, 0x000000065f700000| Untracked 
| 504|0x000000065f800000, 0x000000065f800000, 0x000000065f900000|  0%| F|  |TAMS 0x000000065f800000, 0x000000065f800000| Untracked 
| 505|0x000000065f900000, 0x000000065f900000, 0x000000065fa00000|  0%| F|  |TAMS 0x000000065f900000, 0x000000065f900000| Untracked 
| 506|0x000000065fa00000, 0x000000065fa00000, 0x000000065fb00000|  0%| F|  |TAMS 0x000000065fa00000, 0x000000065fa00000| Untracked 
| 507|0x000000065fb00000, 0x000000065fb00000, 0x000000065fc00000|  0%| F|  |TAMS 0x000000065fb00000, 0x000000065fb00000| Untracked 
| 508|0x000000065fc00000, 0x000000065fc00000, 0x000000065fd00000|  0%| F|  |TAMS 0x000000065fc00000, 0x000000065fc00000| Untracked 
| 509|0x000000065fd00000, 0x000000065fd00000, 0x000000065fe00000|  0%| F|  |TAMS 0x000000065fd00000, 0x000000065fd00000| Untracked 
| 510|0x000000065fe00000, 0x000000065fe00000, 0x000000065ff00000|  0%| F|  |TAMS 0x000000065fe00000, 0x000000065fe00000| Untracked 
| 511|0x000000065ff00000, 0x000000065ff00000, 0x0000000660000000|  0%| F|  |TAMS 0x000000065ff00000, 0x000000065ff00000| Untracked 
| 512|0x0000000660000000, 0x0000000660000000, 0x0000000660100000|  0%| F|  |TAMS 0x0000000660000000, 0x0000000660000000| Untracked 
| 513|0x0000000660100000, 0x0000000660100000, 0x0000000660200000|  0%| F|  |TAMS 0x0000000660100000, 0x0000000660100000| Untracked 
| 514|0x0000000660200000, 0x0000000660200000, 0x0000000660300000|  0%| F|  |TAMS 0x0000000660200000, 0x0000000660200000| Untracked 
| 515|0x0000000660300000, 0x0000000660300000, 0x0000000660400000|  0%| F|  |TAMS 0x0000000660300000, 0x0000000660300000| Untracked 
| 516|0x0000000660400000, 0x0000000660400000, 0x0000000660500000|  0%| F|  |TAMS 0x0000000660400000, 0x0000000660400000| Untracked 
| 517|0x0000000660500000, 0x0000000660500000, 0x0000000660600000|  0%| F|  |TAMS 0x0000000660500000, 0x0000000660500000| Untracked 
| 518|0x0000000660600000, 0x0000000660600000, 0x0000000660700000|  0%| F|  |TAMS 0x0000000660600000, 0x0000000660600000| Untracked 
| 519|0x0000000660700000, 0x0000000660700000, 0x0000000660800000|  0%| F|  |TAMS 0x0000000660700000, 0x0000000660700000| Untracked 
| 520|0x0000000660800000, 0x0000000660800000, 0x0000000660900000|  0%| F|  |TAMS 0x0000000660800000, 0x0000000660800000| Untracked 
| 521|0x0000000660900000, 0x0000000660900000, 0x0000000660a00000|  0%| F|  |TAMS 0x0000000660900000, 0x0000000660900000| Untracked 
| 522|0x0000000660a00000, 0x0000000660a00000, 0x0000000660b00000|  0%| F|  |TAMS 0x0000000660a00000, 0x0000000660a00000| Untracked 
| 523|0x0000000660b00000, 0x0000000660b00000, 0x0000000660c00000|  0%| F|  |TAMS 0x0000000660b00000, 0x0000000660b00000| Untracked 
| 524|0x0000000660c00000, 0x0000000660c00000, 0x0000000660d00000|  0%| F|  |TAMS 0x0000000660c00000, 0x0000000660c00000| Untracked 
| 525|0x0000000660d00000, 0x0000000660d00000, 0x0000000660e00000|  0%| F|  |TAMS 0x0000000660d00000, 0x0000000660d00000| Untracked 
| 526|0x0000000660e00000, 0x0000000660e00000, 0x0000000660f00000|  0%| F|  |TAMS 0x0000000660e00000, 0x0000000660e00000| Untracked 
| 527|0x0000000660f00000, 0x0000000660f00000, 0x0000000661000000|  0%| F|  |TAMS 0x0000000660f00000, 0x0000000660f00000| Untracked 
| 528|0x0000000661000000, 0x0000000661000000, 0x0000000661100000|  0%| F|  |TAMS 0x0000000661000000, 0x0000000661000000| Untracked 
| 529|0x0000000661100000, 0x0000000661100000, 0x0000000661200000|  0%| F|  |TAMS 0x0000000661100000, 0x0000000661100000| Untracked 
| 530|0x0000000661200000, 0x0000000661200000, 0x0000000661300000|  0%| F|  |TAMS 0x0000000661200000, 0x0000000661200000| Untracked 
| 531|0x0000000661300000, 0x0000000661300000, 0x0000000661400000|  0%| F|  |TAMS 0x0000000661300000, 0x0000000661300000| Untracked 
| 532|0x0000000661400000, 0x0000000661400000, 0x0000000661500000|  0%| F|  |TAMS 0x0000000661400000, 0x0000000661400000| Untracked 
| 533|0x0000000661500000, 0x0000000661500000, 0x0000000661600000|  0%| F|  |TAMS 0x0000000661500000, 0x0000000661500000| Untracked 
| 534|0x0000000661600000, 0x0000000661600000, 0x0000000661700000|  0%| F|  |TAMS 0x0000000661600000, 0x0000000661600000| Untracked 
| 535|0x0000000661700000, 0x0000000661700000, 0x0000000661800000|  0%| F|  |TAMS 0x0000000661700000, 0x0000000661700000| Untracked 
| 536|0x0000000661800000, 0x0000000661800000, 0x0000000661900000|  0%| F|  |TAMS 0x0000000661800000, 0x0000000661800000| Untracked 
| 537|0x0000000661900000, 0x0000000661900000, 0x0000000661a00000|  0%| F|  |TAMS 0x0000000661900000, 0x0000000661900000| Untracked 
| 538|0x0000000661a00000, 0x0000000661a00000, 0x0000000661b00000|  0%| F|  |TAMS 0x0000000661a00000, 0x0000000661a00000| Untracked 
| 539|0x0000000661b00000, 0x0000000661b00000, 0x0000000661c00000|  0%| F|  |TAMS 0x0000000661b00000, 0x0000000661b00000| Untracked 
| 540|0x0000000661c00000, 0x0000000661c00000, 0x0000000661d00000|  0%| F|  |TAMS 0x0000000661c00000, 0x0000000661c00000| Untracked 
| 541|0x0000000661d00000, 0x0000000661d00000, 0x0000000661e00000|  0%| F|  |TAMS 0x0000000661d00000, 0x0000000661d00000| Untracked 
| 542|0x0000000661e00000, 0x0000000661e00000, 0x0000000661f00000|  0%| F|  |TAMS 0x0000000661e00000, 0x0000000661e00000| Untracked 
| 543|0x0000000661f00000, 0x0000000661f00000, 0x0000000662000000|  0%| F|  |TAMS 0x0000000661f00000, 0x0000000661f00000| Untracked 
| 544|0x0000000662000000, 0x0000000662000000, 0x0000000662100000|  0%| F|  |TAMS 0x0000000662000000, 0x0000000662000000| Untracked 
| 545|0x0000000662100000, 0x0000000662100000, 0x0000000662200000|  0%| F|  |TAMS 0x0000000662100000, 0x0000000662100000| Untracked 
| 546|0x0000000662200000, 0x0000000662200000, 0x0000000662300000|  0%| F|  |TAMS 0x0000000662200000, 0x0000000662200000| Untracked 
| 547|0x0000000662300000, 0x0000000662300000, 0x0000000662400000|  0%| F|  |TAMS 0x0000000662300000, 0x0000000662300000| Untracked 
| 548|0x0000000662400000, 0x0000000662400000, 0x0000000662500000|  0%| F|  |TAMS 0x0000000662400000, 0x0000000662400000| Untracked 
| 549|0x0000000662500000, 0x0000000662500000, 0x0000000662600000|  0%| F|  |TAMS 0x0000000662500000, 0x0000000662500000| Untracked 
| 550|0x0000000662600000, 0x0000000662600000, 0x0000000662700000|  0%| F|  |TAMS 0x0000000662600000, 0x0000000662600000| Untracked 
| 551|0x0000000662700000, 0x0000000662700000, 0x0000000662800000|  0%| F|  |TAMS 0x0000000662700000, 0x0000000662700000| Untracked 
| 552|0x0000000662800000, 0x0000000662800000, 0x0000000662900000|  0%| F|  |TAMS 0x0000000662800000, 0x0000000662800000| Untracked 
| 553|0x0000000662900000, 0x0000000662900000, 0x0000000662a00000|  0%| F|  |TAMS 0x0000000662900000, 0x0000000662900000| Untracked 
| 554|0x0000000662a00000, 0x0000000662a00000, 0x0000000662b00000|  0%| F|  |TAMS 0x0000000662a00000, 0x0000000662a00000| Untracked 
| 555|0x0000000662b00000, 0x0000000662b00000, 0x0000000662c00000|  0%| F|  |TAMS 0x0000000662b00000, 0x0000000662b00000| Untracked 
| 556|0x0000000662c00000, 0x0000000662c7ffd0, 0x0000000662d00000| 49%| S|CS|TAMS 0x0000000662c00000, 0x0000000662c00000| Complete 
| 557|0x0000000662d00000, 0x0000000662d00000, 0x0000000662e00000|  0%| F|  |TAMS 0x0000000662d00000, 0x0000000662d00000| Untracked 
| 558|0x0000000662e00000, 0x0000000662e00000, 0x0000000662f00000|  0%| F|  |TAMS 0x0000000662e00000, 0x0000000662e00000| Untracked 
| 559|0x0000000662f00000, 0x0000000662f00000, 0x0000000663000000|  0%| F|  |TAMS 0x0000000662f00000, 0x0000000662f00000| Untracked 
| 560|0x0000000663000000, 0x0000000663000000, 0x0000000663100000|  0%| F|  |TAMS 0x0000000663000000, 0x0000000663000000| Untracked 
| 561|0x0000000663100000, 0x0000000663100000, 0x0000000663200000|  0%| F|  |TAMS 0x0000000663100000, 0x0000000663100000| Untracked 
| 562|0x0000000663200000, 0x0000000663200000, 0x0000000663300000|  0%| F|  |TAMS 0x0000000663200000, 0x0000000663200000| Untracked 
| 563|0x0000000663300000, 0x0000000663300000, 0x0000000663400000|  0%| F|  |TAMS 0x0000000663300000, 0x0000000663300000| Untracked 
| 564|0x0000000663400000, 0x0000000663400000, 0x0000000663500000|  0%| F|  |TAMS 0x0000000663400000, 0x0000000663400000| Untracked 
| 565|0x0000000663500000, 0x0000000663500000, 0x0000000663600000|  0%| F|  |TAMS 0x0000000663500000, 0x0000000663500000| Untracked 
| 566|0x0000000663600000, 0x0000000663600000, 0x0000000663700000|  0%| F|  |TAMS 0x0000000663600000, 0x0000000663600000| Untracked 
| 567|0x0000000663700000, 0x0000000663700000, 0x0000000663800000|  0%| F|  |TAMS 0x0000000663700000, 0x0000000663700000| Untracked 
| 568|0x0000000663800000, 0x0000000663800000, 0x0000000663900000|  0%| F|  |TAMS 0x0000000663800000, 0x0000000663800000| Untracked 
| 569|0x0000000663900000, 0x0000000663900000, 0x0000000663a00000|  0%| F|  |TAMS 0x0000000663900000, 0x0000000663900000| Untracked 
| 570|0x0000000663a00000, 0x0000000663a00000, 0x0000000663b00000|  0%| F|  |TAMS 0x0000000663a00000, 0x0000000663a00000| Untracked 
| 571|0x0000000663b00000, 0x0000000663b00000, 0x0000000663c00000|  0%| F|  |TAMS 0x0000000663b00000, 0x0000000663b00000| Untracked 
| 572|0x0000000663c00000, 0x0000000663c00000, 0x0000000663d00000|  0%| F|  |TAMS 0x0000000663c00000, 0x0000000663c00000| Untracked 
| 573|0x0000000663d00000, 0x0000000663d00000, 0x0000000663e00000|  0%| F|  |TAMS 0x0000000663d00000, 0x0000000663d00000| Untracked 
| 574|0x0000000663e00000, 0x0000000663e00000, 0x0000000663f00000|  0%| F|  |TAMS 0x0000000663e00000, 0x0000000663e00000| Untracked 
| 575|0x0000000663f00000, 0x0000000663f00000, 0x0000000664000000|  0%| F|  |TAMS 0x0000000663f00000, 0x0000000663f00000| Untracked 
| 576|0x0000000664000000, 0x0000000664000000, 0x0000000664100000|  0%| F|  |TAMS 0x0000000664000000, 0x0000000664000000| Untracked 
| 577|0x0000000664100000, 0x0000000664100000, 0x0000000664200000|  0%| F|  |TAMS 0x0000000664100000, 0x0000000664100000| Untracked 
| 578|0x0000000664200000, 0x0000000664200000, 0x0000000664300000|  0%| F|  |TAMS 0x0000000664200000, 0x0000000664200000| Untracked 
| 579|0x0000000664300000, 0x0000000664300000, 0x0000000664400000|  0%| F|  |TAMS 0x0000000664300000, 0x0000000664300000| Untracked 
| 580|0x0000000664400000, 0x0000000664400000, 0x0000000664500000|  0%| F|  |TAMS 0x0000000664400000, 0x0000000664400000| Untracked 
| 581|0x0000000664500000, 0x0000000664500000, 0x0000000664600000|  0%| F|  |TAMS 0x0000000664500000, 0x0000000664500000| Untracked 
| 582|0x0000000664600000, 0x0000000664600000, 0x0000000664700000|  0%| F|  |TAMS 0x0000000664600000, 0x0000000664600000| Untracked 
| 583|0x0000000664700000, 0x0000000664700000, 0x0000000664800000|  0%| F|  |TAMS 0x0000000664700000, 0x0000000664700000| Untracked 
| 584|0x0000000664800000, 0x0000000664800000, 0x0000000664900000|  0%| F|  |TAMS 0x0000000664800000, 0x0000000664800000| Untracked 
| 585|0x0000000664900000, 0x0000000664900000, 0x0000000664a00000|  0%| F|  |TAMS 0x0000000664900000, 0x0000000664900000| Untracked 
| 586|0x0000000664a00000, 0x0000000664a00000, 0x0000000664b00000|  0%| F|  |TAMS 0x0000000664a00000, 0x0000000664a00000| Untracked 
| 587|0x0000000664b00000, 0x0000000664b00000, 0x0000000664c00000|  0%| F|  |TAMS 0x0000000664b00000, 0x0000000664b00000| Untracked 
| 588|0x0000000664c00000, 0x0000000664c00000, 0x0000000664d00000|  0%| F|  |TAMS 0x0000000664c00000, 0x0000000664c00000| Untracked 
| 589|0x0000000664d00000, 0x0000000664d00000, 0x0000000664e00000|  0%| F|  |TAMS 0x0000000664d00000, 0x0000000664d00000| Untracked 
| 590|0x0000000664e00000, 0x0000000664e00000, 0x0000000664f00000|  0%| F|  |TAMS 0x0000000664e00000, 0x0000000664e00000| Untracked 
| 591|0x0000000664f00000, 0x0000000664f00000, 0x0000000665000000|  0%| F|  |TAMS 0x0000000664f00000, 0x0000000664f00000| Untracked 
| 592|0x0000000665000000, 0x0000000665000000, 0x0000000665100000|  0%| F|  |TAMS 0x0000000665000000, 0x0000000665000000| Untracked 
| 593|0x0000000665100000, 0x0000000665100000, 0x0000000665200000|  0%| F|  |TAMS 0x0000000665100000, 0x0000000665100000| Untracked 
| 594|0x0000000665200000, 0x0000000665200000, 0x0000000665300000|  0%| F|  |TAMS 0x0000000665200000, 0x0000000665200000| Untracked 
| 595|0x0000000665300000, 0x0000000665300000, 0x0000000665400000|  0%| F|  |TAMS 0x0000000665300000, 0x0000000665300000| Untracked 
| 596|0x0000000665400000, 0x0000000665400000, 0x0000000665500000|  0%| F|  |TAMS 0x0000000665400000, 0x0000000665400000| Untracked 
| 597|0x0000000665500000, 0x0000000665500000, 0x0000000665600000|  0%| F|  |TAMS 0x0000000665500000, 0x0000000665500000| Untracked 
| 598|0x0000000665600000, 0x0000000665600000, 0x0000000665700000|  0%| F|  |TAMS 0x0000000665600000, 0x0000000665600000| Untracked 
| 599|0x0000000665700000, 0x0000000665700000, 0x0000000665800000|  0%| F|  |TAMS 0x0000000665700000, 0x0000000665700000| Untracked 
| 600|0x0000000665800000, 0x0000000665800000, 0x0000000665900000|  0%| F|  |TAMS 0x0000000665800000, 0x0000000665800000| Untracked 
| 601|0x0000000665900000, 0x0000000665900000, 0x0000000665a00000|  0%| F|  |TAMS 0x0000000665900000, 0x0000000665900000| Untracked 
| 602|0x0000000665a00000, 0x0000000665a00000, 0x0000000665b00000|  0%| F|  |TAMS 0x0000000665a00000, 0x0000000665a00000| Untracked 
| 603|0x0000000665b00000, 0x0000000665b00000, 0x0000000665c00000|  0%| F|  |TAMS 0x0000000665b00000, 0x0000000665b00000| Untracked 
| 604|0x0000000665c00000, 0x0000000665c00000, 0x0000000665d00000|  0%| F|  |TAMS 0x0000000665c00000, 0x0000000665c00000| Untracked 
| 605|0x0000000665d00000, 0x0000000665d00000, 0x0000000665e00000|  0%| F|  |TAMS 0x0000000665d00000, 0x0000000665d00000| Untracked 
| 606|0x0000000665e00000, 0x0000000665e00000, 0x0000000665f00000|  0%| F|  |TAMS 0x0000000665e00000, 0x0000000665e00000| Untracked 
| 607|0x0000000665f00000, 0x0000000665f00000, 0x0000000666000000|  0%| F|  |TAMS 0x0000000665f00000, 0x0000000665f00000| Untracked 
| 608|0x0000000666000000, 0x0000000666000000, 0x0000000666100000|  0%| F|  |TAMS 0x0000000666000000, 0x0000000666000000| Untracked 
| 609|0x0000000666100000, 0x0000000666100000, 0x0000000666200000|  0%| F|  |TAMS 0x0000000666100000, 0x0000000666100000| Untracked 
| 610|0x0000000666200000, 0x0000000666200000, 0x0000000666300000|  0%| F|  |TAMS 0x0000000666200000, 0x0000000666200000| Untracked 
| 611|0x0000000666300000, 0x0000000666300000, 0x0000000666400000|  0%| F|  |TAMS 0x0000000666300000, 0x0000000666300000| Untracked 
| 612|0x0000000666400000, 0x0000000666400000, 0x0000000666500000|  0%| F|  |TAMS 0x0000000666400000, 0x0000000666400000| Untracked 
| 613|0x0000000666500000, 0x0000000666500000, 0x0000000666600000|  0%| F|  |TAMS 0x0000000666500000, 0x0000000666500000| Untracked 
| 614|0x0000000666600000, 0x0000000666600000, 0x0000000666700000|  0%| F|  |TAMS 0x0000000666600000, 0x0000000666600000| Untracked 
| 615|0x0000000666700000, 0x0000000666700000, 0x0000000666800000|  0%| F|  |TAMS 0x0000000666700000, 0x0000000666700000| Untracked 
| 616|0x0000000666800000, 0x0000000666800000, 0x0000000666900000|  0%| F|  |TAMS 0x0000000666800000, 0x0000000666800000| Untracked 
| 617|0x0000000666900000, 0x0000000666900000, 0x0000000666a00000|  0%| F|  |TAMS 0x0000000666900000, 0x0000000666900000| Untracked 
| 618|0x0000000666a00000, 0x0000000666a00000, 0x0000000666b00000|  0%| F|  |TAMS 0x0000000666a00000, 0x0000000666a00000| Untracked 
| 619|0x0000000666b00000, 0x0000000666b00000, 0x0000000666c00000|  0%| F|  |TAMS 0x0000000666b00000, 0x0000000666b00000| Untracked 
| 620|0x0000000666c00000, 0x0000000666c00000, 0x0000000666d00000|  0%| F|  |TAMS 0x0000000666c00000, 0x0000000666c00000| Untracked 
| 621|0x0000000666d00000, 0x0000000666d00000, 0x0000000666e00000|  0%| F|  |TAMS 0x0000000666d00000, 0x0000000666d00000| Untracked 
| 622|0x0000000666e00000, 0x0000000666e00000, 0x0000000666f00000|  0%| F|  |TAMS 0x0000000666e00000, 0x0000000666e00000| Untracked 
| 623|0x0000000666f00000, 0x0000000666f00000, 0x0000000667000000|  0%| F|  |TAMS 0x0000000666f00000, 0x0000000666f00000| Untracked 
| 624|0x0000000667000000, 0x0000000667000000, 0x0000000667100000|  0%| F|  |TAMS 0x0000000667000000, 0x0000000667000000| Untracked 
| 625|0x0000000667100000, 0x0000000667100000, 0x0000000667200000|  0%| F|  |TAMS 0x0000000667100000, 0x0000000667100000| Untracked 
| 626|0x0000000667200000, 0x0000000667200000, 0x0000000667300000|  0%| F|  |TAMS 0x0000000667200000, 0x0000000667200000| Untracked 
| 627|0x0000000667300000, 0x0000000667300000, 0x0000000667400000|  0%| F|  |TAMS 0x0000000667300000, 0x0000000667300000| Untracked 
| 628|0x0000000667400000, 0x0000000667400000, 0x0000000667500000|  0%| F|  |TAMS 0x0000000667400000, 0x0000000667400000| Untracked 
| 629|0x0000000667500000, 0x0000000667500000, 0x0000000667600000|  0%| F|  |TAMS 0x0000000667500000, 0x0000000667500000| Untracked 
| 630|0x0000000667600000, 0x0000000667600000, 0x0000000667700000|  0%| F|  |TAMS 0x0000000667600000, 0x0000000667600000| Untracked 
| 631|0x0000000667700000, 0x0000000667700000, 0x0000000667800000|  0%| F|  |TAMS 0x0000000667700000, 0x0000000667700000| Untracked 
| 632|0x0000000667800000, 0x0000000667800000, 0x0000000667900000|  0%| F|  |TAMS 0x0000000667800000, 0x0000000667800000| Untracked 
| 633|0x0000000667900000, 0x0000000667900000, 0x0000000667a00000|  0%| F|  |TAMS 0x0000000667900000, 0x0000000667900000| Untracked 
| 634|0x0000000667a00000, 0x0000000667a00000, 0x0000000667b00000|  0%| F|  |TAMS 0x0000000667a00000, 0x0000000667a00000| Untracked 
| 635|0x0000000667b00000, 0x0000000667b00000, 0x0000000667c00000|  0%| F|  |TAMS 0x0000000667b00000, 0x0000000667b00000| Untracked 
| 636|0x0000000667c00000, 0x0000000667c00000, 0x0000000667d00000|  0%| F|  |TAMS 0x0000000667c00000, 0x0000000667c00000| Untracked 
| 637|0x0000000667d00000, 0x0000000667d00000, 0x0000000667e00000|  0%| F|  |TAMS 0x0000000667d00000, 0x0000000667d00000| Untracked 
| 638|0x0000000667e00000, 0x0000000667e00000, 0x0000000667f00000|  0%| F|  |TAMS 0x0000000667e00000, 0x0000000667e00000| Untracked 
| 639|0x0000000667f00000, 0x0000000667f00000, 0x0000000668000000|  0%| F|  |TAMS 0x0000000667f00000, 0x0000000667f00000| Untracked 
| 640|0x0000000668000000, 0x0000000668000000, 0x0000000668100000|  0%| F|  |TAMS 0x0000000668000000, 0x0000000668000000| Untracked 
| 641|0x0000000668100000, 0x0000000668100000, 0x0000000668200000|  0%| F|  |TAMS 0x0000000668100000, 0x0000000668100000| Untracked 
| 642|0x0000000668200000, 0x0000000668200000, 0x0000000668300000|  0%| F|  |TAMS 0x0000000668200000, 0x0000000668200000| Untracked 
| 643|0x0000000668300000, 0x0000000668300000, 0x0000000668400000|  0%| F|  |TAMS 0x0000000668300000, 0x0000000668300000| Untracked 
| 644|0x0000000668400000, 0x0000000668400000, 0x0000000668500000|  0%| F|  |TAMS 0x0000000668400000, 0x0000000668400000| Untracked 
| 645|0x0000000668500000, 0x0000000668500000, 0x0000000668600000|  0%| F|  |TAMS 0x0000000668500000, 0x0000000668500000| Untracked 
| 646|0x0000000668600000, 0x0000000668600000, 0x0000000668700000|  0%| F|  |TAMS 0x0000000668600000, 0x0000000668600000| Untracked 
| 647|0x0000000668700000, 0x0000000668700000, 0x0000000668800000|  0%| F|  |TAMS 0x0000000668700000, 0x0000000668700000| Untracked 
| 648|0x0000000668800000, 0x0000000668800000, 0x0000000668900000|  0%| F|  |TAMS 0x0000000668800000, 0x0000000668800000| Untracked 
| 649|0x0000000668900000, 0x0000000668900000, 0x0000000668a00000|  0%| F|  |TAMS 0x0000000668900000, 0x0000000668900000| Untracked 
| 650|0x0000000668a00000, 0x0000000668a00000, 0x0000000668b00000|  0%| F|  |TAMS 0x0000000668a00000, 0x0000000668a00000| Untracked 
| 651|0x0000000668b00000, 0x0000000668b00000, 0x0000000668c00000|  0%| F|  |TAMS 0x0000000668b00000, 0x0000000668b00000| Untracked 
| 652|0x0000000668c00000, 0x0000000668c00000, 0x0000000668d00000|  0%| F|  |TAMS 0x0000000668c00000, 0x0000000668c00000| Untracked 
| 653|0x0000000668d00000, 0x0000000668d00000, 0x0000000668e00000|  0%| F|  |TAMS 0x0000000668d00000, 0x0000000668d00000| Untracked 
| 654|0x0000000668e00000, 0x0000000668e00000, 0x0000000668f00000|  0%| F|  |TAMS 0x0000000668e00000, 0x0000000668e00000| Untracked 
| 655|0x0000000668f00000, 0x0000000668f00000, 0x0000000669000000|  0%| F|  |TAMS 0x0000000668f00000, 0x0000000668f00000| Untracked 
| 656|0x0000000669000000, 0x0000000669000000, 0x0000000669100000|  0%| F|  |TAMS 0x0000000669000000, 0x0000000669000000| Untracked 
| 657|0x0000000669100000, 0x0000000669100000, 0x0000000669200000|  0%| F|  |TAMS 0x0000000669100000, 0x0000000669100000| Untracked 
| 658|0x0000000669200000, 0x0000000669200000, 0x0000000669300000|  0%| F|  |TAMS 0x0000000669200000, 0x0000000669200000| Untracked 
| 659|0x0000000669300000, 0x0000000669300000, 0x0000000669400000|  0%| F|  |TAMS 0x0000000669300000, 0x0000000669300000| Untracked 
| 660|0x0000000669400000, 0x0000000669400000, 0x0000000669500000|  0%| F|  |TAMS 0x0000000669400000, 0x0000000669400000| Untracked 
| 661|0x0000000669500000, 0x0000000669500000, 0x0000000669600000|  0%| F|  |TAMS 0x0000000669500000, 0x0000000669500000| Untracked 
| 662|0x0000000669600000, 0x0000000669600000, 0x0000000669700000|  0%| F|  |TAMS 0x0000000669600000, 0x0000000669600000| Untracked 
| 663|0x0000000669700000, 0x0000000669700000, 0x0000000669800000|  0%| F|  |TAMS 0x0000000669700000, 0x0000000669700000| Untracked 
| 664|0x0000000669800000, 0x00000006698c4d50, 0x0000000669900000| 76%| E|  |TAMS 0x0000000669800000, 0x0000000669800000| Complete 
| 665|0x0000000669900000, 0x0000000669a00000, 0x0000000669a00000|100%| E|CS|TAMS 0x0000000669900000, 0x0000000669900000| Complete 
| 666|0x0000000669a00000, 0x0000000669b00000, 0x0000000669b00000|100%| E|CS|TAMS 0x0000000669a00000, 0x0000000669a00000| Complete 
| 667|0x0000000669b00000, 0x0000000669c00000, 0x0000000669c00000|100%| E|CS|TAMS 0x0000000669b00000, 0x0000000669b00000| Complete 
| 668|0x0000000669c00000, 0x0000000669d00000, 0x0000000669d00000|100%| E|CS|TAMS 0x0000000669c00000, 0x0000000669c00000| Complete 
| 669|0x0000000669d00000, 0x0000000669e00000, 0x0000000669e00000|100%| E|CS|TAMS 0x0000000669d00000, 0x0000000669d00000| Complete 
| 670|0x0000000669e00000, 0x0000000669f00000, 0x0000000669f00000|100%| E|CS|TAMS 0x0000000669e00000, 0x0000000669e00000| Complete 
| 671|0x0000000669f00000, 0x000000066a000000, 0x000000066a000000|100%| E|CS|TAMS 0x0000000669f00000, 0x0000000669f00000| Complete 
| 672|0x000000066a000000, 0x000000066a100000, 0x000000066a100000|100%| E|CS|TAMS 0x000000066a000000, 0x000000066a000000| Complete 
| 673|0x000000066a100000, 0x000000066a200000, 0x000000066a200000|100%| E|CS|TAMS 0x000000066a100000, 0x000000066a100000| Complete 
| 674|0x000000066a200000, 0x000000066a300000, 0x000000066a300000|100%| E|CS|TAMS 0x000000066a200000, 0x000000066a200000| Complete 
| 675|0x000000066a300000, 0x000000066a400000, 0x000000066a400000|100%| E|CS|TAMS 0x000000066a300000, 0x000000066a300000| Complete 
| 676|0x000000066a400000, 0x000000066a500000, 0x000000066a500000|100%| E|CS|TAMS 0x000000066a400000, 0x000000066a400000| Complete 
| 677|0x000000066a500000, 0x000000066a600000, 0x000000066a600000|100%| E|CS|TAMS 0x000000066a500000, 0x000000066a500000| Complete 
| 678|0x000000066a600000, 0x000000066a700000, 0x000000066a700000|100%| E|CS|TAMS 0x000000066a600000, 0x000000066a600000| Complete 
| 679|0x000000066a700000, 0x000000066a800000, 0x000000066a800000|100%| E|CS|TAMS 0x000000066a700000, 0x000000066a700000| Complete 
| 680|0x000000066a800000, 0x000000066a900000, 0x000000066a900000|100%| E|CS|TAMS 0x000000066a800000, 0x000000066a800000| Complete 
| 681|0x000000066a900000, 0x000000066aa00000, 0x000000066aa00000|100%| E|CS|TAMS 0x000000066a900000, 0x000000066a900000| Complete 
| 682|0x000000066aa00000, 0x000000066ab00000, 0x000000066ab00000|100%| E|CS|TAMS 0x000000066aa00000, 0x000000066aa00000| Complete 
| 683|0x000000066ab00000, 0x000000066ac00000, 0x000000066ac00000|100%| E|CS|TAMS 0x000000066ab00000, 0x000000066ab00000| Complete 
| 684|0x000000066ac00000, 0x000000066ad00000, 0x000000066ad00000|100%| E|CS|TAMS 0x000000066ac00000, 0x000000066ac00000| Complete 
| 685|0x000000066ad00000, 0x000000066ae00000, 0x000000066ae00000|100%| E|CS|TAMS 0x000000066ad00000, 0x000000066ad00000| Complete 
| 686|0x000000066ae00000, 0x000000066af00000, 0x000000066af00000|100%| E|CS|TAMS 0x000000066ae00000, 0x000000066ae00000| Complete 
| 687|0x000000066af00000, 0x000000066b000000, 0x000000066b000000|100%| E|CS|TAMS 0x000000066af00000, 0x000000066af00000| Complete 
| 688|0x000000066b000000, 0x000000066b100000, 0x000000066b100000|100%| E|CS|TAMS 0x000000066b000000, 0x000000066b000000| Complete 
| 689|0x000000066b100000, 0x000000066b200000, 0x000000066b200000|100%| E|CS|TAMS 0x000000066b100000, 0x000000066b100000| Complete 
| 690|0x000000066b200000, 0x000000066b300000, 0x000000066b300000|100%| E|CS|TAMS 0x000000066b200000, 0x000000066b200000| Complete 
| 691|0x000000066b300000, 0x000000066b400000, 0x000000066b400000|100%| E|CS|TAMS 0x000000066b300000, 0x000000066b300000| Complete 
| 692|0x000000066b400000, 0x000000066b500000, 0x000000066b500000|100%| E|CS|TAMS 0x000000066b400000, 0x000000066b400000| Complete 
| 693|0x000000066b500000, 0x000000066b600000, 0x000000066b600000|100%| E|CS|TAMS 0x000000066b500000, 0x000000066b500000| Complete 
| 694|0x000000066b600000, 0x000000066b700000, 0x000000066b700000|100%| E|CS|TAMS 0x000000066b600000, 0x000000066b600000| Complete 
| 695|0x000000066b700000, 0x000000066b800000, 0x000000066b800000|100%| E|CS|TAMS 0x000000066b700000, 0x000000066b700000| Complete 
| 696|0x000000066b800000, 0x000000066b900000, 0x000000066b900000|100%| E|CS|TAMS 0x000000066b800000, 0x000000066b800000| Complete 
| 697|0x000000066b900000, 0x000000066ba00000, 0x000000066ba00000|100%| E|CS|TAMS 0x000000066b900000, 0x000000066b900000| Complete 
| 698|0x000000066ba00000, 0x000000066bb00000, 0x000000066bb00000|100%| E|CS|TAMS 0x000000066ba00000, 0x000000066ba00000| Complete 
| 699|0x000000066bb00000, 0x000000066bc00000, 0x000000066bc00000|100%| E|CS|TAMS 0x000000066bb00000, 0x000000066bb00000| Complete 
| 700|0x000000066bc00000, 0x000000066bd00000, 0x000000066bd00000|100%| E|CS|TAMS 0x000000066bc00000, 0x000000066bc00000| Complete 
| 701|0x000000066bd00000, 0x000000066be00000, 0x000000066be00000|100%| E|CS|TAMS 0x000000066bd00000, 0x000000066bd00000| Complete 
| 702|0x000000066be00000, 0x000000066bf00000, 0x000000066bf00000|100%| E|CS|TAMS 0x000000066be00000, 0x000000066be00000| Complete 
| 703|0x000000066bf00000, 0x000000066c000000, 0x000000066c000000|100%| E|CS|TAMS 0x000000066bf00000, 0x000000066bf00000| Complete 
| 704|0x000000066c000000, 0x000000066c100000, 0x000000066c100000|100%| E|CS|TAMS 0x000000066c000000, 0x000000066c000000| Complete 
| 705|0x000000066c100000, 0x000000066c200000, 0x000000066c200000|100%| E|CS|TAMS 0x000000066c100000, 0x000000066c100000| Complete 
| 706|0x000000066c200000, 0x000000066c300000, 0x000000066c300000|100%| E|CS|TAMS 0x000000066c200000, 0x000000066c200000| Complete 
| 707|0x000000066c300000, 0x000000066c400000, 0x000000066c400000|100%| E|CS|TAMS 0x000000066c300000, 0x000000066c300000| Complete 
| 708|0x000000066c400000, 0x000000066c500000, 0x000000066c500000|100%| E|CS|TAMS 0x000000066c400000, 0x000000066c400000| Complete 
| 709|0x000000066c500000, 0x000000066c600000, 0x000000066c600000|100%| E|CS|TAMS 0x000000066c500000, 0x000000066c500000| Complete 
| 710|0x000000066c600000, 0x000000066c700000, 0x000000066c700000|100%| E|CS|TAMS 0x000000066c600000, 0x000000066c600000| Complete 
| 711|0x000000066c700000, 0x000000066c800000, 0x000000066c800000|100%| E|CS|TAMS 0x000000066c700000, 0x000000066c700000| Complete 
| 712|0x000000066c800000, 0x000000066c900000, 0x000000066c900000|100%| E|CS|TAMS 0x000000066c800000, 0x000000066c800000| Complete 
| 713|0x000000066c900000, 0x000000066ca00000, 0x000000066ca00000|100%| E|CS|TAMS 0x000000066c900000, 0x000000066c900000| Complete 
| 714|0x000000066ca00000, 0x000000066cb00000, 0x000000066cb00000|100%| E|CS|TAMS 0x000000066ca00000, 0x000000066ca00000| Complete 
| 715|0x000000066cb00000, 0x000000066cc00000, 0x000000066cc00000|100%| E|CS|TAMS 0x000000066cb00000, 0x000000066cb00000| Complete 
| 716|0x000000066cc00000, 0x000000066cd00000, 0x000000066cd00000|100%| E|CS|TAMS 0x000000066cc00000, 0x000000066cc00000| Complete 
| 717|0x000000066cd00000, 0x000000066ce00000, 0x000000066ce00000|100%| E|CS|TAMS 0x000000066cd00000, 0x000000066cd00000| Complete 
| 718|0x000000066ce00000, 0x000000066cf00000, 0x000000066cf00000|100%| E|CS|TAMS 0x000000066ce00000, 0x000000066ce00000| Complete 
| 719|0x000000066cf00000, 0x000000066d000000, 0x000000066d000000|100%| E|CS|TAMS 0x000000066cf00000, 0x000000066cf00000| Complete 
| 720|0x000000066d000000, 0x000000066d100000, 0x000000066d100000|100%| E|CS|TAMS 0x000000066d000000, 0x000000066d000000| Complete 
| 721|0x000000066d100000, 0x000000066d200000, 0x000000066d200000|100%| E|CS|TAMS 0x000000066d100000, 0x000000066d100000| Complete 
| 722|0x000000066d200000, 0x000000066d300000, 0x000000066d300000|100%| E|CS|TAMS 0x000000066d200000, 0x000000066d200000| Complete 
| 723|0x000000066d300000, 0x000000066d400000, 0x000000066d400000|100%| E|CS|TAMS 0x000000066d300000, 0x000000066d300000| Complete 
| 724|0x000000066d400000, 0x000000066d500000, 0x000000066d500000|100%| E|CS|TAMS 0x000000066d400000, 0x000000066d400000| Complete 
| 725|0x000000066d500000, 0x000000066d600000, 0x000000066d600000|100%| E|CS|TAMS 0x000000066d500000, 0x000000066d500000| Complete 
| 726|0x000000066d600000, 0x000000066d700000, 0x000000066d700000|100%| E|CS|TAMS 0x000000066d600000, 0x000000066d600000| Complete 
| 727|0x000000066d700000, 0x000000066d800000, 0x000000066d800000|100%| E|CS|TAMS 0x000000066d700000, 0x000000066d700000| Complete 
| 728|0x000000066d800000, 0x000000066d900000, 0x000000066d900000|100%| E|CS|TAMS 0x000000066d800000, 0x000000066d800000| Complete 
| 729|0x000000066d900000, 0x000000066da00000, 0x000000066da00000|100%| E|CS|TAMS 0x000000066d900000, 0x000000066d900000| Complete 
| 730|0x000000066da00000, 0x000000066db00000, 0x000000066db00000|100%| E|CS|TAMS 0x000000066da00000, 0x000000066da00000| Complete 
| 731|0x000000066db00000, 0x000000066dc00000, 0x000000066dc00000|100%| E|CS|TAMS 0x000000066db00000, 0x000000066db00000| Complete 
| 732|0x000000066dc00000, 0x000000066dd00000, 0x000000066dd00000|100%| E|CS|TAMS 0x000000066dc00000, 0x000000066dc00000| Complete 
| 733|0x000000066dd00000, 0x000000066de00000, 0x000000066de00000|100%| E|CS|TAMS 0x000000066dd00000, 0x000000066dd00000| Complete 
| 734|0x000000066de00000, 0x000000066df00000, 0x000000066df00000|100%| E|CS|TAMS 0x000000066de00000, 0x000000066de00000| Complete 
| 735|0x000000066df00000, 0x000000066e000000, 0x000000066e000000|100%| E|CS|TAMS 0x000000066df00000, 0x000000066df00000| Complete 
| 736|0x000000066e000000, 0x000000066e100000, 0x000000066e100000|100%| E|CS|TAMS 0x000000066e000000, 0x000000066e000000| Complete 
| 737|0x000000066e100000, 0x000000066e200000, 0x000000066e200000|100%| E|CS|TAMS 0x000000066e100000, 0x000000066e100000| Complete 
| 738|0x000000066e200000, 0x000000066e300000, 0x000000066e300000|100%| E|CS|TAMS 0x000000066e200000, 0x000000066e200000| Complete 
| 739|0x000000066e300000, 0x000000066e400000, 0x000000066e400000|100%| E|CS|TAMS 0x000000066e300000, 0x000000066e300000| Complete 
| 740|0x000000066e400000, 0x000000066e500000, 0x000000066e500000|100%| E|CS|TAMS 0x000000066e400000, 0x000000066e400000| Complete 
| 741|0x000000066e500000, 0x000000066e600000, 0x000000066e600000|100%| E|CS|TAMS 0x000000066e500000, 0x000000066e500000| Complete 
| 742|0x000000066e600000, 0x000000066e700000, 0x000000066e700000|100%| E|CS|TAMS 0x000000066e600000, 0x000000066e600000| Complete 
| 743|0x000000066e700000, 0x000000066e800000, 0x000000066e800000|100%| E|CS|TAMS 0x000000066e700000, 0x000000066e700000| Complete 
| 744|0x000000066e800000, 0x000000066e900000, 0x000000066e900000|100%| E|CS|TAMS 0x000000066e800000, 0x000000066e800000| Complete 
| 745|0x000000066e900000, 0x000000066ea00000, 0x000000066ea00000|100%| E|CS|TAMS 0x000000066e900000, 0x000000066e900000| Complete 
| 746|0x000000066ea00000, 0x000000066eb00000, 0x000000066eb00000|100%| E|CS|TAMS 0x000000066ea00000, 0x000000066ea00000| Complete 
| 747|0x000000066eb00000, 0x000000066ec00000, 0x000000066ec00000|100%| E|CS|TAMS 0x000000066eb00000, 0x000000066eb00000| Complete 
| 748|0x000000066ec00000, 0x000000066ed00000, 0x000000066ed00000|100%| E|CS|TAMS 0x000000066ec00000, 0x000000066ec00000| Complete 
| 749|0x000000066ed00000, 0x000000066ee00000, 0x000000066ee00000|100%| E|CS|TAMS 0x000000066ed00000, 0x000000066ed00000| Complete 
| 750|0x000000066ee00000, 0x000000066ef00000, 0x000000066ef00000|100%| E|CS|TAMS 0x000000066ee00000, 0x000000066ee00000| Complete 
| 751|0x000000066ef00000, 0x000000066f000000, 0x000000066f000000|100%| E|CS|TAMS 0x000000066ef00000, 0x000000066ef00000| Complete 
| 752|0x000000066f000000, 0x000000066f100000, 0x000000066f100000|100%| E|CS|TAMS 0x000000066f000000, 0x000000066f000000| Complete 
| 753|0x000000066f100000, 0x000000066f200000, 0x000000066f200000|100%| E|CS|TAMS 0x000000066f100000, 0x000000066f100000| Complete 
| 754|0x000000066f200000, 0x000000066f300000, 0x000000066f300000|100%| E|CS|TAMS 0x000000066f200000, 0x000000066f200000| Complete 
| 755|0x000000066f300000, 0x000000066f400000, 0x000000066f400000|100%| E|CS|TAMS 0x000000066f300000, 0x000000066f300000| Complete 
| 756|0x000000066f400000, 0x000000066f500000, 0x000000066f500000|100%| E|CS|TAMS 0x000000066f400000, 0x000000066f400000| Complete 
| 757|0x000000066f500000, 0x000000066f600000, 0x000000066f600000|100%| E|CS|TAMS 0x000000066f500000, 0x000000066f500000| Complete 
| 758|0x000000066f600000, 0x000000066f700000, 0x000000066f700000|100%| E|CS|TAMS 0x000000066f600000, 0x000000066f600000| Complete 
| 759|0x000000066f700000, 0x000000066f800000, 0x000000066f800000|100%| E|CS|TAMS 0x000000066f700000, 0x000000066f700000| Complete 
| 760|0x000000066f800000, 0x000000066f900000, 0x000000066f900000|100%| E|CS|TAMS 0x000000066f800000, 0x000000066f800000| Complete 
| 761|0x000000066f900000, 0x000000066fa00000, 0x000000066fa00000|100%| E|CS|TAMS 0x000000066f900000, 0x000000066f900000| Complete 
| 762|0x000000066fa00000, 0x000000066fb00000, 0x000000066fb00000|100%| E|CS|TAMS 0x000000066fa00000, 0x000000066fa00000| Complete 
| 763|0x000000066fb00000, 0x000000066fc00000, 0x000000066fc00000|100%| E|CS|TAMS 0x000000066fb00000, 0x000000066fb00000| Complete 
| 764|0x000000066fc00000, 0x000000066fd00000, 0x000000066fd00000|100%| E|CS|TAMS 0x000000066fc00000, 0x000000066fc00000| Complete 
| 765|0x000000066fd00000, 0x000000066fe00000, 0x000000066fe00000|100%| E|CS|TAMS 0x000000066fd00000, 0x000000066fd00000| Complete 
| 766|0x000000066fe00000, 0x000000066ff00000, 0x000000066ff00000|100%| E|CS|TAMS 0x000000066fe00000, 0x000000066fe00000| Complete 
| 767|0x000000066ff00000, 0x0000000670000000, 0x0000000670000000|100%| E|CS|TAMS 0x000000066ff00000, 0x000000066ff00000| Complete 
| 768|0x0000000670000000, 0x0000000670100000, 0x0000000670100000|100%| E|CS|TAMS 0x0000000670000000, 0x0000000670000000| Complete 
| 769|0x0000000670100000, 0x0000000670200000, 0x0000000670200000|100%| E|CS|TAMS 0x0000000670100000, 0x0000000670100000| Complete 
| 770|0x0000000670200000, 0x0000000670300000, 0x0000000670300000|100%| E|CS|TAMS 0x0000000670200000, 0x0000000670200000| Complete 
| 771|0x0000000670300000, 0x0000000670400000, 0x0000000670400000|100%| E|CS|TAMS 0x0000000670300000, 0x0000000670300000| Complete 
| 772|0x0000000670400000, 0x0000000670500000, 0x0000000670500000|100%| E|CS|TAMS 0x0000000670400000, 0x0000000670400000| Complete 
| 773|0x0000000670500000, 0x0000000670600000, 0x0000000670600000|100%| E|CS|TAMS 0x0000000670500000, 0x0000000670500000| Complete 
| 774|0x0000000670600000, 0x0000000670700000, 0x0000000670700000|100%| E|CS|TAMS 0x0000000670600000, 0x0000000670600000| Complete 
| 775|0x0000000670700000, 0x0000000670800000, 0x0000000670800000|100%| E|CS|TAMS 0x0000000670700000, 0x0000000670700000| Complete 
| 776|0x0000000670800000, 0x0000000670900000, 0x0000000670900000|100%| E|CS|TAMS 0x0000000670800000, 0x0000000670800000| Complete 
| 777|0x0000000670900000, 0x0000000670a00000, 0x0000000670a00000|100%| E|CS|TAMS 0x0000000670900000, 0x0000000670900000| Complete 
| 778|0x0000000670a00000, 0x0000000670b00000, 0x0000000670b00000|100%| E|CS|TAMS 0x0000000670a00000, 0x0000000670a00000| Complete 
| 779|0x0000000670b00000, 0x0000000670c00000, 0x0000000670c00000|100%| E|CS|TAMS 0x0000000670b00000, 0x0000000670b00000| Complete 
| 780|0x0000000670c00000, 0x0000000670d00000, 0x0000000670d00000|100%| E|CS|TAMS 0x0000000670c00000, 0x0000000670c00000| Complete 
| 781|0x0000000670d00000, 0x0000000670e00000, 0x0000000670e00000|100%| E|CS|TAMS 0x0000000670d00000, 0x0000000670d00000| Complete 
| 782|0x0000000670e00000, 0x0000000670f00000, 0x0000000670f00000|100%| E|CS|TAMS 0x0000000670e00000, 0x0000000670e00000| Complete 
| 783|0x0000000670f00000, 0x0000000671000000, 0x0000000671000000|100%| E|CS|TAMS 0x0000000670f00000, 0x0000000670f00000| Complete 
| 784|0x0000000671000000, 0x0000000671100000, 0x0000000671100000|100%| E|CS|TAMS 0x0000000671000000, 0x0000000671000000| Complete 
| 785|0x0000000671100000, 0x0000000671200000, 0x0000000671200000|100%| E|CS|TAMS 0x0000000671100000, 0x0000000671100000| Complete 
| 786|0x0000000671200000, 0x0000000671300000, 0x0000000671300000|100%| E|CS|TAMS 0x0000000671200000, 0x0000000671200000| Complete 
| 787|0x0000000671300000, 0x0000000671400000, 0x0000000671400000|100%| E|CS|TAMS 0x0000000671300000, 0x0000000671300000| Complete 
| 788|0x0000000671400000, 0x0000000671500000, 0x0000000671500000|100%| E|CS|TAMS 0x0000000671400000, 0x0000000671400000| Complete 
| 789|0x0000000671500000, 0x0000000671600000, 0x0000000671600000|100%| E|CS|TAMS 0x0000000671500000, 0x0000000671500000| Complete 
| 790|0x0000000671600000, 0x0000000671700000, 0x0000000671700000|100%| E|CS|TAMS 0x0000000671600000, 0x0000000671600000| Complete 
| 791|0x0000000671700000, 0x0000000671800000, 0x0000000671800000|100%| E|CS|TAMS 0x0000000671700000, 0x0000000671700000| Complete 
| 792|0x0000000671800000, 0x0000000671900000, 0x0000000671900000|100%| E|CS|TAMS 0x0000000671800000, 0x0000000671800000| Complete 
| 793|0x0000000671900000, 0x0000000671a00000, 0x0000000671a00000|100%| E|CS|TAMS 0x0000000671900000, 0x0000000671900000| Complete 
| 794|0x0000000671a00000, 0x0000000671b00000, 0x0000000671b00000|100%| E|CS|TAMS 0x0000000671a00000, 0x0000000671a00000| Complete 
| 795|0x0000000671b00000, 0x0000000671c00000, 0x0000000671c00000|100%| E|CS|TAMS 0x0000000671b00000, 0x0000000671b00000| Complete 
| 796|0x0000000671c00000, 0x0000000671d00000, 0x0000000671d00000|100%| E|CS|TAMS 0x0000000671c00000, 0x0000000671c00000| Complete 
| 797|0x0000000671d00000, 0x0000000671e00000, 0x0000000671e00000|100%| E|CS|TAMS 0x0000000671d00000, 0x0000000671d00000| Complete 
| 798|0x0000000671e00000, 0x0000000671f00000, 0x0000000671f00000|100%| E|CS|TAMS 0x0000000671e00000, 0x0000000671e00000| Complete 
| 799|0x0000000671f00000, 0x0000000672000000, 0x0000000672000000|100%| E|CS|TAMS 0x0000000671f00000, 0x0000000671f00000| Complete 
| 800|0x0000000672000000, 0x0000000672100000, 0x0000000672100000|100%| E|CS|TAMS 0x0000000672000000, 0x0000000672000000| Complete 
| 801|0x0000000672100000, 0x0000000672200000, 0x0000000672200000|100%| E|CS|TAMS 0x0000000672100000, 0x0000000672100000| Complete 
| 802|0x0000000672200000, 0x0000000672300000, 0x0000000672300000|100%| E|CS|TAMS 0x0000000672200000, 0x0000000672200000| Complete 
| 803|0x0000000672300000, 0x0000000672400000, 0x0000000672400000|100%| E|CS|TAMS 0x0000000672300000, 0x0000000672300000| Complete 
| 804|0x0000000672400000, 0x0000000672500000, 0x0000000672500000|100%| E|CS|TAMS 0x0000000672400000, 0x0000000672400000| Complete 
| 805|0x0000000672500000, 0x0000000672600000, 0x0000000672600000|100%| E|CS|TAMS 0x0000000672500000, 0x0000000672500000| Complete 
| 806|0x0000000672600000, 0x0000000672700000, 0x0000000672700000|100%| E|CS|TAMS 0x0000000672600000, 0x0000000672600000| Complete 
| 807|0x0000000672700000, 0x0000000672800000, 0x0000000672800000|100%| E|CS|TAMS 0x0000000672700000, 0x0000000672700000| Complete 
| 808|0x0000000672800000, 0x0000000672900000, 0x0000000672900000|100%| E|CS|TAMS 0x0000000672800000, 0x0000000672800000| Complete 
| 809|0x0000000672900000, 0x0000000672a00000, 0x0000000672a00000|100%| E|CS|TAMS 0x0000000672900000, 0x0000000672900000| Complete 
| 810|0x0000000672a00000, 0x0000000672b00000, 0x0000000672b00000|100%| E|CS|TAMS 0x0000000672a00000, 0x0000000672a00000| Complete 
| 811|0x0000000672b00000, 0x0000000672c00000, 0x0000000672c00000|100%| E|CS|TAMS 0x0000000672b00000, 0x0000000672b00000| Complete 
| 812|0x0000000672c00000, 0x0000000672d00000, 0x0000000672d00000|100%| E|CS|TAMS 0x0000000672c00000, 0x0000000672c00000| Complete 
| 813|0x0000000672d00000, 0x0000000672e00000, 0x0000000672e00000|100%| E|CS|TAMS 0x0000000672d00000, 0x0000000672d00000| Complete 
| 814|0x0000000672e00000, 0x0000000672f00000, 0x0000000672f00000|100%| E|CS|TAMS 0x0000000672e00000, 0x0000000672e00000| Complete 
| 815|0x0000000672f00000, 0x0000000673000000, 0x0000000673000000|100%| E|CS|TAMS 0x0000000672f00000, 0x0000000672f00000| Complete 
| 816|0x0000000673000000, 0x0000000673100000, 0x0000000673100000|100%| E|CS|TAMS 0x0000000673000000, 0x0000000673000000| Complete 
| 817|0x0000000673100000, 0x0000000673200000, 0x0000000673200000|100%| E|CS|TAMS 0x0000000673100000, 0x0000000673100000| Complete 
| 818|0x0000000673200000, 0x0000000673300000, 0x0000000673300000|100%| E|CS|TAMS 0x0000000673200000, 0x0000000673200000| Complete 
| 819|0x0000000673300000, 0x0000000673400000, 0x0000000673400000|100%| E|CS|TAMS 0x0000000673300000, 0x0000000673300000| Complete 
| 820|0x0000000673400000, 0x0000000673500000, 0x0000000673500000|100%| E|CS|TAMS 0x0000000673400000, 0x0000000673400000| Complete 
| 821|0x0000000673500000, 0x0000000673600000, 0x0000000673600000|100%| E|CS|TAMS 0x0000000673500000, 0x0000000673500000| Complete 
| 822|0x0000000673600000, 0x0000000673700000, 0x0000000673700000|100%| E|CS|TAMS 0x0000000673600000, 0x0000000673600000| Complete 
| 823|0x0000000673700000, 0x0000000673800000, 0x0000000673800000|100%| E|CS|TAMS 0x0000000673700000, 0x0000000673700000| Complete 
| 824|0x0000000673800000, 0x0000000673900000, 0x0000000673900000|100%| E|CS|TAMS 0x0000000673800000, 0x0000000673800000| Complete 
| 825|0x0000000673900000, 0x0000000673a00000, 0x0000000673a00000|100%| E|CS|TAMS 0x0000000673900000, 0x0000000673900000| Complete 
| 826|0x0000000673a00000, 0x0000000673b00000, 0x0000000673b00000|100%| E|CS|TAMS 0x0000000673a00000, 0x0000000673a00000| Complete 
| 827|0x0000000673b00000, 0x0000000673c00000, 0x0000000673c00000|100%| E|CS|TAMS 0x0000000673b00000, 0x0000000673b00000| Complete 
| 828|0x0000000673c00000, 0x0000000673d00000, 0x0000000673d00000|100%| E|CS|TAMS 0x0000000673c00000, 0x0000000673c00000| Complete 
| 829|0x0000000673d00000, 0x0000000673e00000, 0x0000000673e00000|100%| E|CS|TAMS 0x0000000673d00000, 0x0000000673d00000| Complete 
| 830|0x0000000673e00000, 0x0000000673f00000, 0x0000000673f00000|100%| E|CS|TAMS 0x0000000673e00000, 0x0000000673e00000| Complete 
| 831|0x0000000673f00000, 0x0000000674000000, 0x0000000674000000|100%| E|CS|TAMS 0x0000000673f00000, 0x0000000673f00000| Complete 
| 832|0x0000000674000000, 0x0000000674100000, 0x0000000674100000|100%| E|CS|TAMS 0x0000000674000000, 0x0000000674000000| Complete 
| 833|0x0000000674100000, 0x0000000674200000, 0x0000000674200000|100%| E|CS|TAMS 0x0000000674100000, 0x0000000674100000| Complete 
| 834|0x0000000674200000, 0x0000000674300000, 0x0000000674300000|100%| E|  |TAMS 0x0000000674200000, 0x0000000674200000| Complete 
| 835|0x0000000674300000, 0x0000000674400000, 0x0000000674400000|100%| E|CS|TAMS 0x0000000674300000, 0x0000000674300000| Complete 
| 836|0x0000000674400000, 0x0000000674500000, 0x0000000674500000|100%| E|CS|TAMS 0x0000000674400000, 0x0000000674400000| Complete 
| 837|0x0000000674500000, 0x0000000674600000, 0x0000000674600000|100%| E|CS|TAMS 0x0000000674500000, 0x0000000674500000| Complete 
| 838|0x0000000674600000, 0x0000000674700000, 0x0000000674700000|100%| E|CS|TAMS 0x0000000674600000, 0x0000000674600000| Complete 
| 839|0x0000000674700000, 0x0000000674800000, 0x0000000674800000|100%| E|CS|TAMS 0x0000000674700000, 0x0000000674700000| Complete 
| 840|0x0000000674800000, 0x0000000674900000, 0x0000000674900000|100%| E|CS|TAMS 0x0000000674800000, 0x0000000674800000| Complete 
| 841|0x0000000674900000, 0x0000000674a00000, 0x0000000674a00000|100%| E|CS|TAMS 0x0000000674900000, 0x0000000674900000| Complete 
| 842|0x0000000674a00000, 0x0000000674b00000, 0x0000000674b00000|100%| E|CS|TAMS 0x0000000674a00000, 0x0000000674a00000| Complete 
| 843|0x0000000674b00000, 0x0000000674c00000, 0x0000000674c00000|100%| E|CS|TAMS 0x0000000674b00000, 0x0000000674b00000| Complete 
| 844|0x0000000674c00000, 0x0000000674d00000, 0x0000000674d00000|100%| E|CS|TAMS 0x0000000674c00000, 0x0000000674c00000| Complete 
| 845|0x0000000674d00000, 0x0000000674e00000, 0x0000000674e00000|100%| E|CS|TAMS 0x0000000674d00000, 0x0000000674d00000| Complete 
| 846|0x0000000674e00000, 0x0000000674f00000, 0x0000000674f00000|100%| E|CS|TAMS 0x0000000674e00000, 0x0000000674e00000| Complete 
| 847|0x0000000674f00000, 0x0000000675000000, 0x0000000675000000|100%| E|CS|TAMS 0x0000000674f00000, 0x0000000674f00000| Complete 
| 848|0x0000000675000000, 0x0000000675100000, 0x0000000675100000|100%| E|CS|TAMS 0x0000000675000000, 0x0000000675000000| Complete 
| 849|0x0000000675100000, 0x0000000675200000, 0x0000000675200000|100%| E|CS|TAMS 0x0000000675100000, 0x0000000675100000| Complete 
| 850|0x0000000675200000, 0x0000000675300000, 0x0000000675300000|100%| E|CS|TAMS 0x0000000675200000, 0x0000000675200000| Complete 
| 851|0x0000000675300000, 0x0000000675400000, 0x0000000675400000|100%| E|CS|TAMS 0x0000000675300000, 0x0000000675300000| Complete 
| 852|0x0000000675400000, 0x0000000675500000, 0x0000000675500000|100%| E|CS|TAMS 0x0000000675400000, 0x0000000675400000| Complete 
| 853|0x0000000675500000, 0x0000000675600000, 0x0000000675600000|100%| E|CS|TAMS 0x0000000675500000, 0x0000000675500000| Complete 
| 854|0x0000000675600000, 0x0000000675700000, 0x0000000675700000|100%| E|CS|TAMS 0x0000000675600000, 0x0000000675600000| Complete 
| 855|0x0000000675700000, 0x0000000675800000, 0x0000000675800000|100%| E|CS|TAMS 0x0000000675700000, 0x0000000675700000| Complete 
| 856|0x0000000675800000, 0x0000000675900000, 0x0000000675900000|100%| E|CS|TAMS 0x0000000675800000, 0x0000000675800000| Complete 
| 857|0x0000000675900000, 0x0000000675a00000, 0x0000000675a00000|100%| E|CS|TAMS 0x0000000675900000, 0x0000000675900000| Complete 
| 858|0x0000000675a00000, 0x0000000675b00000, 0x0000000675b00000|100%| E|CS|TAMS 0x0000000675a00000, 0x0000000675a00000| Complete 
| 859|0x0000000675b00000, 0x0000000675c00000, 0x0000000675c00000|100%| E|CS|TAMS 0x0000000675b00000, 0x0000000675b00000| Complete 
| 860|0x0000000675c00000, 0x0000000675d00000, 0x0000000675d00000|100%| E|CS|TAMS 0x0000000675c00000, 0x0000000675c00000| Complete 
| 861|0x0000000675d00000, 0x0000000675e00000, 0x0000000675e00000|100%| E|CS|TAMS 0x0000000675d00000, 0x0000000675d00000| Complete 
| 862|0x0000000675e00000, 0x0000000675f00000, 0x0000000675f00000|100%| E|CS|TAMS 0x0000000675e00000, 0x0000000675e00000| Complete 
| 863|0x0000000675f00000, 0x0000000676000000, 0x0000000676000000|100%| E|CS|TAMS 0x0000000675f00000, 0x0000000675f00000| Complete 
| 864|0x0000000676000000, 0x0000000676100000, 0x0000000676100000|100%| E|CS|TAMS 0x0000000676000000, 0x0000000676000000| Complete 
| 865|0x0000000676100000, 0x0000000676200000, 0x0000000676200000|100%| E|CS|TAMS 0x0000000676100000, 0x0000000676100000| Complete 
| 866|0x0000000676200000, 0x0000000676300000, 0x0000000676300000|100%| E|CS|TAMS 0x0000000676200000, 0x0000000676200000| Complete 
| 867|0x0000000676300000, 0x0000000676400000, 0x0000000676400000|100%| E|CS|TAMS 0x0000000676300000, 0x0000000676300000| Complete 
| 868|0x0000000676400000, 0x0000000676500000, 0x0000000676500000|100%| E|CS|TAMS 0x0000000676400000, 0x0000000676400000| Complete 
| 869|0x0000000676500000, 0x0000000676600000, 0x0000000676600000|100%| E|CS|TAMS 0x0000000676500000, 0x0000000676500000| Complete 
| 870|0x0000000676600000, 0x0000000676700000, 0x0000000676700000|100%| E|CS|TAMS 0x0000000676600000, 0x0000000676600000| Complete 
| 871|0x0000000676700000, 0x0000000676800000, 0x0000000676800000|100%| E|CS|TAMS 0x0000000676700000, 0x0000000676700000| Complete 
| 872|0x0000000676800000, 0x0000000676900000, 0x0000000676900000|100%| E|CS|TAMS 0x0000000676800000, 0x0000000676800000| Complete 
| 873|0x0000000676900000, 0x0000000676a00000, 0x0000000676a00000|100%| E|CS|TAMS 0x0000000676900000, 0x0000000676900000| Complete 
| 874|0x0000000676a00000, 0x0000000676b00000, 0x0000000676b00000|100%| E|CS|TAMS 0x0000000676a00000, 0x0000000676a00000| Complete 
| 875|0x0000000676b00000, 0x0000000676c00000, 0x0000000676c00000|100%| E|CS|TAMS 0x0000000676b00000, 0x0000000676b00000| Complete 
| 876|0x0000000676c00000, 0x0000000676d00000, 0x0000000676d00000|100%| E|CS|TAMS 0x0000000676c00000, 0x0000000676c00000| Complete 
| 877|0x0000000676d00000, 0x0000000676e00000, 0x0000000676e00000|100%| E|CS|TAMS 0x0000000676d00000, 0x0000000676d00000| Complete 
| 878|0x0000000676e00000, 0x0000000676f00000, 0x0000000676f00000|100%| E|CS|TAMS 0x0000000676e00000, 0x0000000676e00000| Complete 
| 879|0x0000000676f00000, 0x0000000677000000, 0x0000000677000000|100%| E|CS|TAMS 0x0000000676f00000, 0x0000000676f00000| Complete 
| 880|0x0000000677000000, 0x0000000677100000, 0x0000000677100000|100%| E|CS|TAMS 0x0000000677000000, 0x0000000677000000| Complete 
| 881|0x0000000677100000, 0x0000000677200000, 0x0000000677200000|100%| E|CS|TAMS 0x0000000677100000, 0x0000000677100000| Complete 
| 882|0x0000000677200000, 0x0000000677300000, 0x0000000677300000|100%| E|CS|TAMS 0x0000000677200000, 0x0000000677200000| Complete 
| 883|0x0000000677300000, 0x0000000677400000, 0x0000000677400000|100%| E|CS|TAMS 0x0000000677300000, 0x0000000677300000| Complete 
| 884|0x0000000677400000, 0x0000000677500000, 0x0000000677500000|100%| E|CS|TAMS 0x0000000677400000, 0x0000000677400000| Complete 
| 885|0x0000000677500000, 0x0000000677600000, 0x0000000677600000|100%| E|CS|TAMS 0x0000000677500000, 0x0000000677500000| Complete 
| 886|0x0000000677600000, 0x0000000677700000, 0x0000000677700000|100%| E|CS|TAMS 0x0000000677600000, 0x0000000677600000| Complete 
| 887|0x0000000677700000, 0x0000000677800000, 0x0000000677800000|100%| E|CS|TAMS 0x0000000677700000, 0x0000000677700000| Complete 
| 888|0x0000000677800000, 0x0000000677900000, 0x0000000677900000|100%| E|CS|TAMS 0x0000000677800000, 0x0000000677800000| Complete 
| 889|0x0000000677900000, 0x0000000677a00000, 0x0000000677a00000|100%| E|CS|TAMS 0x0000000677900000, 0x0000000677900000| Complete 
| 890|0x0000000677a00000, 0x0000000677b00000, 0x0000000677b00000|100%| E|CS|TAMS 0x0000000677a00000, 0x0000000677a00000| Complete 
| 891|0x0000000677b00000, 0x0000000677c00000, 0x0000000677c00000|100%| E|CS|TAMS 0x0000000677b00000, 0x0000000677b00000| Complete 
| 892|0x0000000677c00000, 0x0000000677d00000, 0x0000000677d00000|100%| E|CS|TAMS 0x0000000677c00000, 0x0000000677c00000| Complete 
| 893|0x0000000677d00000, 0x0000000677e00000, 0x0000000677e00000|100%| E|CS|TAMS 0x0000000677d00000, 0x0000000677d00000| Complete 
| 894|0x0000000677e00000, 0x0000000677f00000, 0x0000000677f00000|100%| E|CS|TAMS 0x0000000677e00000, 0x0000000677e00000| Complete 
| 895|0x0000000677f00000, 0x0000000678000000, 0x0000000678000000|100%| E|CS|TAMS 0x0000000677f00000, 0x0000000677f00000| Complete 
| 896|0x0000000678000000, 0x0000000678100000, 0x0000000678100000|100%| E|CS|TAMS 0x0000000678000000, 0x0000000678000000| Complete 
| 897|0x0000000678100000, 0x0000000678200000, 0x0000000678200000|100%| E|CS|TAMS 0x0000000678100000, 0x0000000678100000| Complete 
| 898|0x0000000678200000, 0x0000000678300000, 0x0000000678300000|100%| E|CS|TAMS 0x0000000678200000, 0x0000000678200000| Complete 
| 899|0x0000000678300000, 0x0000000678400000, 0x0000000678400000|100%| E|CS|TAMS 0x0000000678300000, 0x0000000678300000| Complete 
| 900|0x0000000678400000, 0x0000000678500000, 0x0000000678500000|100%| E|CS|TAMS 0x0000000678400000, 0x0000000678400000| Complete 
| 901|0x0000000678500000, 0x0000000678600000, 0x0000000678600000|100%| E|CS|TAMS 0x0000000678500000, 0x0000000678500000| Complete 
| 902|0x0000000678600000, 0x0000000678700000, 0x0000000678700000|100%| E|CS|TAMS 0x0000000678600000, 0x0000000678600000| Complete 
| 903|0x0000000678700000, 0x0000000678800000, 0x0000000678800000|100%| E|CS|TAMS 0x0000000678700000, 0x0000000678700000| Complete 
| 904|0x0000000678800000, 0x0000000678900000, 0x0000000678900000|100%| E|CS|TAMS 0x0000000678800000, 0x0000000678800000| Complete 
| 905|0x0000000678900000, 0x0000000678a00000, 0x0000000678a00000|100%| E|CS|TAMS 0x0000000678900000, 0x0000000678900000| Complete 
| 906|0x0000000678a00000, 0x0000000678b00000, 0x0000000678b00000|100%| E|CS|TAMS 0x0000000678a00000, 0x0000000678a00000| Complete 
| 907|0x0000000678b00000, 0x0000000678c00000, 0x0000000678c00000|100%| E|CS|TAMS 0x0000000678b00000, 0x0000000678b00000| Complete 
| 908|0x0000000678c00000, 0x0000000678d00000, 0x0000000678d00000|100%| E|CS|TAMS 0x0000000678c00000, 0x0000000678c00000| Complete 
| 909|0x0000000678d00000, 0x0000000678e00000, 0x0000000678e00000|100%| E|CS|TAMS 0x0000000678d00000, 0x0000000678d00000| Complete 
| 910|0x0000000678e00000, 0x0000000678f00000, 0x0000000678f00000|100%| E|CS|TAMS 0x0000000678e00000, 0x0000000678e00000| Complete 
| 911|0x0000000678f00000, 0x0000000679000000, 0x0000000679000000|100%| E|CS|TAMS 0x0000000678f00000, 0x0000000678f00000| Complete 
| 912|0x0000000679000000, 0x0000000679100000, 0x0000000679100000|100%| E|CS|TAMS 0x0000000679000000, 0x0000000679000000| Complete 
| 913|0x0000000679100000, 0x0000000679200000, 0x0000000679200000|100%| E|CS|TAMS 0x0000000679100000, 0x0000000679100000| Complete 
| 914|0x0000000679200000, 0x0000000679300000, 0x0000000679300000|100%| E|CS|TAMS 0x0000000679200000, 0x0000000679200000| Complete 
| 915|0x0000000679300000, 0x0000000679400000, 0x0000000679400000|100%| E|CS|TAMS 0x0000000679300000, 0x0000000679300000| Complete 
| 916|0x0000000679400000, 0x0000000679500000, 0x0000000679500000|100%| E|CS|TAMS 0x0000000679400000, 0x0000000679400000| Complete 
| 917|0x0000000679500000, 0x0000000679600000, 0x0000000679600000|100%| E|CS|TAMS 0x0000000679500000, 0x0000000679500000| Complete 
| 918|0x0000000679600000, 0x0000000679700000, 0x0000000679700000|100%| E|CS|TAMS 0x0000000679600000, 0x0000000679600000| Complete 
| 919|0x0000000679700000, 0x0000000679800000, 0x0000000679800000|100%| E|CS|TAMS 0x0000000679700000, 0x0000000679700000| Complete 
| 920|0x0000000679800000, 0x0000000679900000, 0x0000000679900000|100%| E|CS|TAMS 0x0000000679800000, 0x0000000679800000| Complete 
| 921|0x0000000679900000, 0x0000000679a00000, 0x0000000679a00000|100%| E|CS|TAMS 0x0000000679900000, 0x0000000679900000| Complete 
| 922|0x0000000679a00000, 0x0000000679b00000, 0x0000000679b00000|100%| E|CS|TAMS 0x0000000679a00000, 0x0000000679a00000| Complete 
| 923|0x0000000679b00000, 0x0000000679c00000, 0x0000000679c00000|100%| E|CS|TAMS 0x0000000679b00000, 0x0000000679b00000| Complete 
| 924|0x0000000679c00000, 0x0000000679d00000, 0x0000000679d00000|100%| E|CS|TAMS 0x0000000679c00000, 0x0000000679c00000| Complete 
| 925|0x0000000679d00000, 0x0000000679e00000, 0x0000000679e00000|100%| E|CS|TAMS 0x0000000679d00000, 0x0000000679d00000| Complete 
| 926|0x0000000679e00000, 0x0000000679f00000, 0x0000000679f00000|100%| E|CS|TAMS 0x0000000679e00000, 0x0000000679e00000| Complete 
| 927|0x0000000679f00000, 0x000000067a000000, 0x000000067a000000|100%| E|CS|TAMS 0x0000000679f00000, 0x0000000679f00000| Complete 
| 928|0x000000067a000000, 0x000000067a100000, 0x000000067a100000|100%| E|CS|TAMS 0x000000067a000000, 0x000000067a000000| Complete 
| 929|0x000000067a100000, 0x000000067a200000, 0x000000067a200000|100%| E|CS|TAMS 0x000000067a100000, 0x000000067a100000| Complete 
| 930|0x000000067a200000, 0x000000067a300000, 0x000000067a300000|100%| E|CS|TAMS 0x000000067a200000, 0x000000067a200000| Complete 
| 931|0x000000067a300000, 0x000000067a400000, 0x000000067a400000|100%| E|CS|TAMS 0x000000067a300000, 0x000000067a300000| Complete 
| 932|0x000000067a400000, 0x000000067a500000, 0x000000067a500000|100%| E|CS|TAMS 0x000000067a400000, 0x000000067a400000| Complete 
| 933|0x000000067a500000, 0x000000067a600000, 0x000000067a600000|100%| E|CS|TAMS 0x000000067a500000, 0x000000067a500000| Complete 
| 934|0x000000067a600000, 0x000000067a700000, 0x000000067a700000|100%| E|CS|TAMS 0x000000067a600000, 0x000000067a600000| Complete 
| 935|0x000000067a700000, 0x000000067a800000, 0x000000067a800000|100%| E|CS|TAMS 0x000000067a700000, 0x000000067a700000| Complete 
| 936|0x000000067a800000, 0x000000067a900000, 0x000000067a900000|100%| E|CS|TAMS 0x000000067a800000, 0x000000067a800000| Complete 
| 937|0x000000067a900000, 0x000000067aa00000, 0x000000067aa00000|100%| E|CS|TAMS 0x000000067a900000, 0x000000067a900000| Complete 
| 938|0x000000067aa00000, 0x000000067ab00000, 0x000000067ab00000|100%| E|CS|TAMS 0x000000067aa00000, 0x000000067aa00000| Complete 
| 939|0x000000067ab00000, 0x000000067ac00000, 0x000000067ac00000|100%| E|CS|TAMS 0x000000067ab00000, 0x000000067ab00000| Complete 
| 940|0x000000067ac00000, 0x000000067ad00000, 0x000000067ad00000|100%| E|CS|TAMS 0x000000067ac00000, 0x000000067ac00000| Complete 
| 941|0x000000067ad00000, 0x000000067ae00000, 0x000000067ae00000|100%| E|CS|TAMS 0x000000067ad00000, 0x000000067ad00000| Complete 
| 942|0x000000067ae00000, 0x000000067af00000, 0x000000067af00000|100%| E|CS|TAMS 0x000000067ae00000, 0x000000067ae00000| Complete 
| 943|0x000000067af00000, 0x000000067b000000, 0x000000067b000000|100%| E|CS|TAMS 0x000000067af00000, 0x000000067af00000| Complete 
| 944|0x000000067b000000, 0x000000067b100000, 0x000000067b100000|100%| E|CS|TAMS 0x000000067b000000, 0x000000067b000000| Complete 
| 945|0x000000067b100000, 0x000000067b200000, 0x000000067b200000|100%| E|CS|TAMS 0x000000067b100000, 0x000000067b100000| Complete 
| 946|0x000000067b200000, 0x000000067b300000, 0x000000067b300000|100%| E|CS|TAMS 0x000000067b200000, 0x000000067b200000| Complete 
| 947|0x000000067b300000, 0x000000067b400000, 0x000000067b400000|100%| E|CS|TAMS 0x000000067b300000, 0x000000067b300000| Complete 
| 948|0x000000067b400000, 0x000000067b500000, 0x000000067b500000|100%| E|CS|TAMS 0x000000067b400000, 0x000000067b400000| Complete 
| 949|0x000000067b500000, 0x000000067b600000, 0x000000067b600000|100%| E|CS|TAMS 0x000000067b500000, 0x000000067b500000| Complete 
| 950|0x000000067b600000, 0x000000067b700000, 0x000000067b700000|100%| E|CS|TAMS 0x000000067b600000, 0x000000067b600000| Complete 
| 951|0x000000067b700000, 0x000000067b800000, 0x000000067b800000|100%| E|CS|TAMS 0x000000067b700000, 0x000000067b700000| Complete 
| 952|0x000000067b800000, 0x000000067b900000, 0x000000067b900000|100%| E|CS|TAMS 0x000000067b800000, 0x000000067b800000| Complete 
| 953|0x000000067b900000, 0x000000067ba00000, 0x000000067ba00000|100%| E|CS|TAMS 0x000000067b900000, 0x000000067b900000| Complete 
| 954|0x000000067ba00000, 0x000000067bb00000, 0x000000067bb00000|100%| E|CS|TAMS 0x000000067ba00000, 0x000000067ba00000| Complete 
| 955|0x000000067bb00000, 0x000000067bc00000, 0x000000067bc00000|100%| E|CS|TAMS 0x000000067bb00000, 0x000000067bb00000| Complete 
| 956|0x000000067bc00000, 0x000000067bd00000, 0x000000067bd00000|100%| E|CS|TAMS 0x000000067bc00000, 0x000000067bc00000| Complete 
| 957|0x000000067bd00000, 0x000000067be00000, 0x000000067be00000|100%| E|CS|TAMS 0x000000067bd00000, 0x000000067bd00000| Complete 
| 958|0x000000067be00000, 0x000000067bf00000, 0x000000067bf00000|100%| E|CS|TAMS 0x000000067be00000, 0x000000067be00000| Complete 
| 959|0x000000067bf00000, 0x000000067c000000, 0x000000067c000000|100%| E|CS|TAMS 0x000000067bf00000, 0x000000067bf00000| Complete 
| 960|0x000000067c000000, 0x000000067c100000, 0x000000067c100000|100%| E|CS|TAMS 0x000000067c000000, 0x000000067c000000| Complete 
| 961|0x000000067c100000, 0x000000067c200000, 0x000000067c200000|100%| E|CS|TAMS 0x000000067c100000, 0x000000067c100000| Complete 
| 962|0x000000067c200000, 0x000000067c300000, 0x000000067c300000|100%| E|CS|TAMS 0x000000067c200000, 0x000000067c200000| Complete 
| 963|0x000000067c300000, 0x000000067c400000, 0x000000067c400000|100%| E|CS|TAMS 0x000000067c300000, 0x000000067c300000| Complete 
| 964|0x000000067c400000, 0x000000067c500000, 0x000000067c500000|100%| E|CS|TAMS 0x000000067c400000, 0x000000067c400000| Complete 
| 965|0x000000067c500000, 0x000000067c600000, 0x000000067c600000|100%| E|CS|TAMS 0x000000067c500000, 0x000000067c500000| Complete 
| 966|0x000000067c600000, 0x000000067c700000, 0x000000067c700000|100%| E|CS|TAMS 0x000000067c600000, 0x000000067c600000| Complete 
| 967|0x000000067c700000, 0x000000067c800000, 0x000000067c800000|100%| E|CS|TAMS 0x000000067c700000, 0x000000067c700000| Complete 
| 968|0x000000067c800000, 0x000000067c900000, 0x000000067c900000|100%| E|CS|TAMS 0x000000067c800000, 0x000000067c800000| Complete 
| 969|0x000000067c900000, 0x000000067ca00000, 0x000000067ca00000|100%| E|CS|TAMS 0x000000067c900000, 0x000000067c900000| Complete 
| 970|0x000000067ca00000, 0x000000067cb00000, 0x000000067cb00000|100%| E|CS|TAMS 0x000000067ca00000, 0x000000067ca00000| Complete 
| 971|0x000000067cb00000, 0x000000067cc00000, 0x000000067cc00000|100%| E|CS|TAMS 0x000000067cb00000, 0x000000067cb00000| Complete 
| 972|0x000000067cc00000, 0x000000067cd00000, 0x000000067cd00000|100%| E|CS|TAMS 0x000000067cc00000, 0x000000067cc00000| Complete 
| 973|0x000000067cd00000, 0x000000067ce00000, 0x000000067ce00000|100%| E|CS|TAMS 0x000000067cd00000, 0x000000067cd00000| Complete 
| 974|0x000000067ce00000, 0x000000067cf00000, 0x000000067cf00000|100%| E|CS|TAMS 0x000000067ce00000, 0x000000067ce00000| Complete 
| 975|0x000000067cf00000, 0x000000067d000000, 0x000000067d000000|100%| E|CS|TAMS 0x000000067cf00000, 0x000000067cf00000| Complete 
| 976|0x000000067d000000, 0x000000067d100000, 0x000000067d100000|100%| E|CS|TAMS 0x000000067d000000, 0x000000067d000000| Complete 
| 977|0x000000067d100000, 0x000000067d200000, 0x000000067d200000|100%| E|CS|TAMS 0x000000067d100000, 0x000000067d100000| Complete 
| 978|0x000000067d200000, 0x000000067d300000, 0x000000067d300000|100%| E|CS|TAMS 0x000000067d200000, 0x000000067d200000| Complete 
| 979|0x000000067d300000, 0x000000067d400000, 0x000000067d400000|100%| E|CS|TAMS 0x000000067d300000, 0x000000067d300000| Complete 
| 980|0x000000067d400000, 0x000000067d500000, 0x000000067d500000|100%| E|CS|TAMS 0x000000067d400000, 0x000000067d400000| Complete 
| 981|0x000000067d500000, 0x000000067d600000, 0x000000067d600000|100%| E|CS|TAMS 0x000000067d500000, 0x000000067d500000| Complete 
| 982|0x000000067d600000, 0x000000067d700000, 0x000000067d700000|100%| E|CS|TAMS 0x000000067d600000, 0x000000067d600000| Complete 
| 983|0x000000067d700000, 0x000000067d800000, 0x000000067d800000|100%| E|CS|TAMS 0x000000067d700000, 0x000000067d700000| Complete 
| 984|0x000000067d800000, 0x000000067d900000, 0x000000067d900000|100%| E|CS|TAMS 0x000000067d800000, 0x000000067d800000| Complete 
| 985|0x000000067d900000, 0x000000067da00000, 0x000000067da00000|100%| E|CS|TAMS 0x000000067d900000, 0x000000067d900000| Complete 
| 986|0x000000067da00000, 0x000000067db00000, 0x000000067db00000|100%| E|CS|TAMS 0x000000067da00000, 0x000000067da00000| Complete 
| 987|0x000000067db00000, 0x000000067dc00000, 0x000000067dc00000|100%| E|CS|TAMS 0x000000067db00000, 0x000000067db00000| Complete 
| 988|0x000000067dc00000, 0x000000067dd00000, 0x000000067dd00000|100%| E|CS|TAMS 0x000000067dc00000, 0x000000067dc00000| Complete 
| 989|0x000000067dd00000, 0x000000067de00000, 0x000000067de00000|100%| E|CS|TAMS 0x000000067dd00000, 0x000000067dd00000| Complete 
| 990|0x000000067de00000, 0x000000067df00000, 0x000000067df00000|100%| E|CS|TAMS 0x000000067de00000, 0x000000067de00000| Complete 
| 991|0x000000067df00000, 0x000000067e000000, 0x000000067e000000|100%| E|CS|TAMS 0x000000067df00000, 0x000000067df00000| Complete 
| 992|0x000000067e000000, 0x000000067e100000, 0x000000067e100000|100%| E|CS|TAMS 0x000000067e000000, 0x000000067e000000| Complete 
| 993|0x000000067e100000, 0x000000067e200000, 0x000000067e200000|100%| E|CS|TAMS 0x000000067e100000, 0x000000067e100000| Complete 
| 994|0x000000067e200000, 0x000000067e300000, 0x000000067e300000|100%| E|CS|TAMS 0x000000067e200000, 0x000000067e200000| Complete 
| 995|0x000000067e300000, 0x000000067e400000, 0x000000067e400000|100%| E|CS|TAMS 0x000000067e300000, 0x000000067e300000| Complete 
| 996|0x000000067e400000, 0x000000067e500000, 0x000000067e500000|100%| E|CS|TAMS 0x000000067e400000, 0x000000067e400000| Complete 
| 997|0x000000067e500000, 0x000000067e600000, 0x000000067e600000|100%| E|CS|TAMS 0x000000067e500000, 0x000000067e500000| Complete 
| 998|0x000000067e600000, 0x000000067e700000, 0x000000067e700000|100%| E|CS|TAMS 0x000000067e600000, 0x000000067e600000| Complete 
| 999|0x000000067e700000, 0x000000067e800000, 0x000000067e800000|100%| E|CS|TAMS 0x000000067e700000, 0x000000067e700000| Complete 
|1000|0x000000067e800000, 0x000000067e900000, 0x000000067e900000|100%| E|CS|TAMS 0x000000067e800000, 0x000000067e800000| Complete 
|1001|0x000000067e900000, 0x000000067ea00000, 0x000000067ea00000|100%| E|CS|TAMS 0x000000067e900000, 0x000000067e900000| Complete 
|1002|0x000000067ea00000, 0x000000067eb00000, 0x000000067eb00000|100%| E|CS|TAMS 0x000000067ea00000, 0x000000067ea00000| Complete 
|1003|0x000000067eb00000, 0x000000067ec00000, 0x000000067ec00000|100%| E|CS|TAMS 0x000000067eb00000, 0x000000067eb00000| Complete 
|1004|0x000000067ec00000, 0x000000067ed00000, 0x000000067ed00000|100%| E|CS|TAMS 0x000000067ec00000, 0x000000067ec00000| Complete 
|1005|0x000000067ed00000, 0x000000067ee00000, 0x000000067ee00000|100%| E|CS|TAMS 0x000000067ed00000, 0x000000067ed00000| Complete 
|1006|0x000000067ee00000, 0x000000067ef00000, 0x000000067ef00000|100%| E|CS|TAMS 0x000000067ee00000, 0x000000067ee00000| Complete 
|1007|0x000000067ef00000, 0x000000067f000000, 0x000000067f000000|100%| E|CS|TAMS 0x000000067ef00000, 0x000000067ef00000| Complete 
|1008|0x000000067f000000, 0x000000067f100000, 0x000000067f100000|100%| E|CS|TAMS 0x000000067f000000, 0x000000067f000000| Complete 
|1009|0x000000067f100000, 0x000000067f200000, 0x000000067f200000|100%| E|CS|TAMS 0x000000067f100000, 0x000000067f100000| Complete 
|1010|0x000000067f200000, 0x000000067f300000, 0x000000067f300000|100%| E|CS|TAMS 0x000000067f200000, 0x000000067f200000| Complete 
|1011|0x000000067f300000, 0x000000067f400000, 0x000000067f400000|100%| E|CS|TAMS 0x000000067f300000, 0x000000067f300000| Complete 
|1012|0x000000067f400000, 0x000000067f500000, 0x000000067f500000|100%| E|CS|TAMS 0x000000067f400000, 0x000000067f400000| Complete 
|1013|0x000000067f500000, 0x000000067f600000, 0x000000067f600000|100%| E|CS|TAMS 0x000000067f500000, 0x000000067f500000| Complete 
|1014|0x000000067f600000, 0x000000067f700000, 0x000000067f700000|100%| E|CS|TAMS 0x000000067f600000, 0x000000067f600000| Complete 
|1015|0x000000067f700000, 0x000000067f800000, 0x000000067f800000|100%| E|CS|TAMS 0x000000067f700000, 0x000000067f700000| Complete 
|1016|0x000000067f800000, 0x000000067f900000, 0x000000067f900000|100%| E|CS|TAMS 0x000000067f800000, 0x000000067f800000| Complete 
|1017|0x000000067f900000, 0x000000067fa00000, 0x000000067fa00000|100%| E|CS|TAMS 0x000000067f900000, 0x000000067f900000| Complete 
|1018|0x000000067fa00000, 0x000000067fb00000, 0x000000067fb00000|100%| E|CS|TAMS 0x000000067fa00000, 0x000000067fa00000| Complete 
|1019|0x000000067fb00000, 0x000000067fc00000, 0x000000067fc00000|100%| E|CS|TAMS 0x000000067fb00000, 0x000000067fb00000| Complete 
|1020|0x000000067fc00000, 0x000000067fd00000, 0x000000067fd00000|100%| E|CS|TAMS 0x000000067fc00000, 0x000000067fc00000| Complete 
|1021|0x000000067fd00000, 0x000000067fe00000, 0x000000067fe00000|100%| E|CS|TAMS 0x000000067fd00000, 0x000000067fd00000| Complete 
|1022|0x000000067fe00000, 0x000000067ff00000, 0x000000067ff00000|100%| E|CS|TAMS 0x000000067fe00000, 0x000000067fe00000| Complete 
|1023|0x000000067ff00000, 0x0000000680000000, 0x0000000680000000|100%| E|CS|TAMS 0x000000067ff00000, 0x000000067ff00000| Complete 
|1024|0x0000000680000000, 0x0000000680100000, 0x0000000680100000|100%| E|CS|TAMS 0x0000000680000000, 0x0000000680000000| Complete 
|1025|0x0000000680100000, 0x0000000680200000, 0x0000000680200000|100%| E|CS|TAMS 0x0000000680100000, 0x0000000680100000| Complete 
|1026|0x0000000680200000, 0x0000000680300000, 0x0000000680300000|100%| E|CS|TAMS 0x0000000680200000, 0x0000000680200000| Complete 
|1027|0x0000000680300000, 0x0000000680400000, 0x0000000680400000|100%| E|CS|TAMS 0x0000000680300000, 0x0000000680300000| Complete 
|1028|0x0000000680400000, 0x0000000680500000, 0x0000000680500000|100%| E|CS|TAMS 0x0000000680400000, 0x0000000680400000| Complete 
|1029|0x0000000680500000, 0x0000000680600000, 0x0000000680600000|100%| E|CS|TAMS 0x0000000680500000, 0x0000000680500000| Complete 
|1030|0x0000000680600000, 0x0000000680700000, 0x0000000680700000|100%| E|CS|TAMS 0x0000000680600000, 0x0000000680600000| Complete 
|1031|0x0000000680700000, 0x0000000680800000, 0x0000000680800000|100%| E|CS|TAMS 0x0000000680700000, 0x0000000680700000| Complete 
|1032|0x0000000680800000, 0x0000000680900000, 0x0000000680900000|100%| E|CS|TAMS 0x0000000680800000, 0x0000000680800000| Complete 
|1033|0x0000000680900000, 0x0000000680a00000, 0x0000000680a00000|100%| E|CS|TAMS 0x0000000680900000, 0x0000000680900000| Complete 
|1034|0x0000000680a00000, 0x0000000680b00000, 0x0000000680b00000|100%| E|CS|TAMS 0x0000000680a00000, 0x0000000680a00000| Complete 
|1035|0x0000000680b00000, 0x0000000680c00000, 0x0000000680c00000|100%| E|CS|TAMS 0x0000000680b00000, 0x0000000680b00000| Complete 
|1036|0x0000000680c00000, 0x0000000680d00000, 0x0000000680d00000|100%| E|CS|TAMS 0x0000000680c00000, 0x0000000680c00000| Complete 
|1037|0x0000000680d00000, 0x0000000680e00000, 0x0000000680e00000|100%| E|CS|TAMS 0x0000000680d00000, 0x0000000680d00000| Complete 
|1038|0x0000000680e00000, 0x0000000680f00000, 0x0000000680f00000|100%| E|CS|TAMS 0x0000000680e00000, 0x0000000680e00000| Complete 
|1039|0x0000000680f00000, 0x0000000681000000, 0x0000000681000000|100%| E|CS|TAMS 0x0000000680f00000, 0x0000000680f00000| Complete 
|1040|0x0000000681000000, 0x0000000681100000, 0x0000000681100000|100%| E|CS|TAMS 0x0000000681000000, 0x0000000681000000| Complete 
|1041|0x0000000681100000, 0x0000000681200000, 0x0000000681200000|100%| E|CS|TAMS 0x0000000681100000, 0x0000000681100000| Complete 
|1042|0x0000000681200000, 0x0000000681300000, 0x0000000681300000|100%| E|CS|TAMS 0x0000000681200000, 0x0000000681200000| Complete 
|1043|0x0000000681300000, 0x0000000681400000, 0x0000000681400000|100%| E|CS|TAMS 0x0000000681300000, 0x0000000681300000| Complete 
|1044|0x0000000681400000, 0x0000000681500000, 0x0000000681500000|100%| E|CS|TAMS 0x0000000681400000, 0x0000000681400000| Complete 
|1045|0x0000000681500000, 0x0000000681600000, 0x0000000681600000|100%| E|CS|TAMS 0x0000000681500000, 0x0000000681500000| Complete 
|1046|0x0000000681600000, 0x0000000681700000, 0x0000000681700000|100%| E|CS|TAMS 0x0000000681600000, 0x0000000681600000| Complete 
|1047|0x0000000681700000, 0x0000000681800000, 0x0000000681800000|100%| E|CS|TAMS 0x0000000681700000, 0x0000000681700000| Complete 
|1048|0x0000000681800000, 0x0000000681900000, 0x0000000681900000|100%| E|CS|TAMS 0x0000000681800000, 0x0000000681800000| Complete 
|1049|0x0000000681900000, 0x0000000681a00000, 0x0000000681a00000|100%| E|CS|TAMS 0x0000000681900000, 0x0000000681900000| Complete 
|1050|0x0000000681a00000, 0x0000000681b00000, 0x0000000681b00000|100%| E|CS|TAMS 0x0000000681a00000, 0x0000000681a00000| Complete 
|1051|0x0000000681b00000, 0x0000000681c00000, 0x0000000681c00000|100%| E|CS|TAMS 0x0000000681b00000, 0x0000000681b00000| Complete 
|1052|0x0000000681c00000, 0x0000000681d00000, 0x0000000681d00000|100%| E|CS|TAMS 0x0000000681c00000, 0x0000000681c00000| Complete 
|1053|0x0000000681d00000, 0x0000000681e00000, 0x0000000681e00000|100%| E|CS|TAMS 0x0000000681d00000, 0x0000000681d00000| Complete 
|1054|0x0000000681e00000, 0x0000000681f00000, 0x0000000681f00000|100%| E|CS|TAMS 0x0000000681e00000, 0x0000000681e00000| Complete 
|1055|0x0000000681f00000, 0x0000000682000000, 0x0000000682000000|100%| E|CS|TAMS 0x0000000681f00000, 0x0000000681f00000| Complete 
|1056|0x0000000682000000, 0x0000000682100000, 0x0000000682100000|100%| E|CS|TAMS 0x0000000682000000, 0x0000000682000000| Complete 
|1057|0x0000000682100000, 0x0000000682200000, 0x0000000682200000|100%| E|CS|TAMS 0x0000000682100000, 0x0000000682100000| Complete 
|1058|0x0000000682200000, 0x0000000682300000, 0x0000000682300000|100%| E|CS|TAMS 0x0000000682200000, 0x0000000682200000| Complete 
|1059|0x0000000682300000, 0x0000000682400000, 0x0000000682400000|100%| E|CS|TAMS 0x0000000682300000, 0x0000000682300000| Complete 
|1060|0x0000000682400000, 0x0000000682500000, 0x0000000682500000|100%| E|CS|TAMS 0x0000000682400000, 0x0000000682400000| Complete 
|1061|0x0000000682500000, 0x0000000682600000, 0x0000000682600000|100%| E|CS|TAMS 0x0000000682500000, 0x0000000682500000| Complete 
|1062|0x0000000682600000, 0x0000000682700000, 0x0000000682700000|100%| E|CS|TAMS 0x0000000682600000, 0x0000000682600000| Complete 
|1063|0x0000000682700000, 0x0000000682800000, 0x0000000682800000|100%| E|CS|TAMS 0x0000000682700000, 0x0000000682700000| Complete 
|1064|0x0000000682800000, 0x0000000682900000, 0x0000000682900000|100%| E|CS|TAMS 0x0000000682800000, 0x0000000682800000| Complete 
|1065|0x0000000682900000, 0x0000000682a00000, 0x0000000682a00000|100%| E|CS|TAMS 0x0000000682900000, 0x0000000682900000| Complete 
|1066|0x0000000682a00000, 0x0000000682b00000, 0x0000000682b00000|100%| E|CS|TAMS 0x0000000682a00000, 0x0000000682a00000| Complete 
|1067|0x0000000682b00000, 0x0000000682c00000, 0x0000000682c00000|100%| E|CS|TAMS 0x0000000682b00000, 0x0000000682b00000| Complete 
|1068|0x0000000682c00000, 0x0000000682d00000, 0x0000000682d00000|100%| E|CS|TAMS 0x0000000682c00000, 0x0000000682c00000| Complete 
|1069|0x0000000682d00000, 0x0000000682e00000, 0x0000000682e00000|100%| E|CS|TAMS 0x0000000682d00000, 0x0000000682d00000| Complete 
|1070|0x0000000682e00000, 0x0000000682f00000, 0x0000000682f00000|100%| E|CS|TAMS 0x0000000682e00000, 0x0000000682e00000| Complete 
|1071|0x0000000682f00000, 0x0000000683000000, 0x0000000683000000|100%| E|CS|TAMS 0x0000000682f00000, 0x0000000682f00000| Complete 
|1072|0x0000000683000000, 0x0000000683100000, 0x0000000683100000|100%| E|CS|TAMS 0x0000000683000000, 0x0000000683000000| Complete 
|1073|0x0000000683100000, 0x0000000683200000, 0x0000000683200000|100%| E|CS|TAMS 0x0000000683100000, 0x0000000683100000| Complete 
|1074|0x0000000683200000, 0x0000000683300000, 0x0000000683300000|100%| E|CS|TAMS 0x0000000683200000, 0x0000000683200000| Complete 
|1075|0x0000000683300000, 0x0000000683400000, 0x0000000683400000|100%| E|CS|TAMS 0x0000000683300000, 0x0000000683300000| Complete 
|1076|0x0000000683400000, 0x0000000683500000, 0x0000000683500000|100%| E|CS|TAMS 0x0000000683400000, 0x0000000683400000| Complete 
|1077|0x0000000683500000, 0x0000000683600000, 0x0000000683600000|100%| E|CS|TAMS 0x0000000683500000, 0x0000000683500000| Complete 
|1078|0x0000000683600000, 0x0000000683700000, 0x0000000683700000|100%| E|CS|TAMS 0x0000000683600000, 0x0000000683600000| Complete 
|1079|0x0000000683700000, 0x0000000683800000, 0x0000000683800000|100%| E|CS|TAMS 0x0000000683700000, 0x0000000683700000| Complete 
|1080|0x0000000683800000, 0x0000000683900000, 0x0000000683900000|100%| E|CS|TAMS 0x0000000683800000, 0x0000000683800000| Complete 
|1081|0x0000000683900000, 0x0000000683a00000, 0x0000000683a00000|100%| E|CS|TAMS 0x0000000683900000, 0x0000000683900000| Complete 
|1082|0x0000000683a00000, 0x0000000683b00000, 0x0000000683b00000|100%| E|CS|TAMS 0x0000000683a00000, 0x0000000683a00000| Complete 
|1083|0x0000000683b00000, 0x0000000683c00000, 0x0000000683c00000|100%| E|CS|TAMS 0x0000000683b00000, 0x0000000683b00000| Complete 
|1084|0x0000000683c00000, 0x0000000683d00000, 0x0000000683d00000|100%| E|CS|TAMS 0x0000000683c00000, 0x0000000683c00000| Complete 
|1085|0x0000000683d00000, 0x0000000683e00000, 0x0000000683e00000|100%| E|CS|TAMS 0x0000000683d00000, 0x0000000683d00000| Complete 
|1086|0x0000000683e00000, 0x0000000683f00000, 0x0000000683f00000|100%| E|CS|TAMS 0x0000000683e00000, 0x0000000683e00000| Complete 
|1087|0x0000000683f00000, 0x0000000684000000, 0x0000000684000000|100%| E|CS|TAMS 0x0000000683f00000, 0x0000000683f00000| Complete 
|1088|0x0000000684000000, 0x0000000684100000, 0x0000000684100000|100%| E|CS|TAMS 0x0000000684000000, 0x0000000684000000| Complete 
|1089|0x0000000684100000, 0x0000000684200000, 0x0000000684200000|100%| E|CS|TAMS 0x0000000684100000, 0x0000000684100000| Complete 
|1090|0x0000000684200000, 0x0000000684300000, 0x0000000684300000|100%| E|CS|TAMS 0x0000000684200000, 0x0000000684200000| Complete 
|1091|0x0000000684300000, 0x0000000684400000, 0x0000000684400000|100%| E|CS|TAMS 0x0000000684300000, 0x0000000684300000| Complete 
|1092|0x0000000684400000, 0x0000000684500000, 0x0000000684500000|100%| E|CS|TAMS 0x0000000684400000, 0x0000000684400000| Complete 
|1093|0x0000000684500000, 0x0000000684600000, 0x0000000684600000|100%| E|CS|TAMS 0x0000000684500000, 0x0000000684500000| Complete 
|1094|0x0000000684600000, 0x0000000684700000, 0x0000000684700000|100%| E|CS|TAMS 0x0000000684600000, 0x0000000684600000| Complete 
|1095|0x0000000684700000, 0x0000000684800000, 0x0000000684800000|100%| E|CS|TAMS 0x0000000684700000, 0x0000000684700000| Complete 
|1096|0x0000000684800000, 0x0000000684900000, 0x0000000684900000|100%| E|CS|TAMS 0x0000000684800000, 0x0000000684800000| Complete 
|1097|0x0000000684900000, 0x0000000684a00000, 0x0000000684a00000|100%| E|CS|TAMS 0x0000000684900000, 0x0000000684900000| Complete 
|1098|0x0000000684a00000, 0x0000000684b00000, 0x0000000684b00000|100%| E|CS|TAMS 0x0000000684a00000, 0x0000000684a00000| Complete 
|1099|0x0000000684b00000, 0x0000000684c00000, 0x0000000684c00000|100%| E|CS|TAMS 0x0000000684b00000, 0x0000000684b00000| Complete 
|1100|0x0000000684c00000, 0x0000000684d00000, 0x0000000684d00000|100%| E|CS|TAMS 0x0000000684c00000, 0x0000000684c00000| Complete 
|1101|0x0000000684d00000, 0x0000000684e00000, 0x0000000684e00000|100%| E|CS|TAMS 0x0000000684d00000, 0x0000000684d00000| Complete 
|1102|0x0000000684e00000, 0x0000000684f00000, 0x0000000684f00000|100%| E|CS|TAMS 0x0000000684e00000, 0x0000000684e00000| Complete 
|1103|0x0000000684f00000, 0x0000000685000000, 0x0000000685000000|100%| E|CS|TAMS 0x0000000684f00000, 0x0000000684f00000| Complete 
|1104|0x0000000685000000, 0x0000000685100000, 0x0000000685100000|100%| E|CS|TAMS 0x0000000685000000, 0x0000000685000000| Complete 
|1105|0x0000000685100000, 0x0000000685200000, 0x0000000685200000|100%| E|CS|TAMS 0x0000000685100000, 0x0000000685100000| Complete 
|1106|0x0000000685200000, 0x0000000685300000, 0x0000000685300000|100%| E|CS|TAMS 0x0000000685200000, 0x0000000685200000| Complete 
|1107|0x0000000685300000, 0x0000000685400000, 0x0000000685400000|100%| E|CS|TAMS 0x0000000685300000, 0x0000000685300000| Complete 
|1108|0x0000000685400000, 0x0000000685500000, 0x0000000685500000|100%| E|CS|TAMS 0x0000000685400000, 0x0000000685400000| Complete 
|1109|0x0000000685500000, 0x0000000685600000, 0x0000000685600000|100%| E|CS|TAMS 0x0000000685500000, 0x0000000685500000| Complete 
|1110|0x0000000685600000, 0x0000000685700000, 0x0000000685700000|100%| E|CS|TAMS 0x0000000685600000, 0x0000000685600000| Complete 
|1111|0x0000000685700000, 0x0000000685800000, 0x0000000685800000|100%| E|CS|TAMS 0x0000000685700000, 0x0000000685700000| Complete 
|1112|0x0000000685800000, 0x0000000685900000, 0x0000000685900000|100%| E|CS|TAMS 0x0000000685800000, 0x0000000685800000| Complete 
|1113|0x0000000685900000, 0x0000000685a00000, 0x0000000685a00000|100%| E|CS|TAMS 0x0000000685900000, 0x0000000685900000| Complete 
|1114|0x0000000685a00000, 0x0000000685b00000, 0x0000000685b00000|100%| E|CS|TAMS 0x0000000685a00000, 0x0000000685a00000| Complete 
|1115|0x0000000685b00000, 0x0000000685c00000, 0x0000000685c00000|100%| E|CS|TAMS 0x0000000685b00000, 0x0000000685b00000| Complete 
|1116|0x0000000685c00000, 0x0000000685d00000, 0x0000000685d00000|100%| E|CS|TAMS 0x0000000685c00000, 0x0000000685c00000| Complete 
|1117|0x0000000685d00000, 0x0000000685e00000, 0x0000000685e00000|100%| E|CS|TAMS 0x0000000685d00000, 0x0000000685d00000| Complete 
|1118|0x0000000685e00000, 0x0000000685f00000, 0x0000000685f00000|100%| E|CS|TAMS 0x0000000685e00000, 0x0000000685e00000| Complete 
|1119|0x0000000685f00000, 0x0000000686000000, 0x0000000686000000|100%| E|CS|TAMS 0x0000000685f00000, 0x0000000685f00000| Complete 
|1120|0x0000000686000000, 0x0000000686100000, 0x0000000686100000|100%| E|CS|TAMS 0x0000000686000000, 0x0000000686000000| Complete 
|1121|0x0000000686100000, 0x0000000686200000, 0x0000000686200000|100%| E|CS|TAMS 0x0000000686100000, 0x0000000686100000| Complete 
|1122|0x0000000686200000, 0x0000000686300000, 0x0000000686300000|100%| E|CS|TAMS 0x0000000686200000, 0x0000000686200000| Complete 
|1123|0x0000000686300000, 0x0000000686400000, 0x0000000686400000|100%| E|CS|TAMS 0x0000000686300000, 0x0000000686300000| Complete 
|1124|0x0000000686400000, 0x0000000686500000, 0x0000000686500000|100%| E|CS|TAMS 0x0000000686400000, 0x0000000686400000| Complete 
|1125|0x0000000686500000, 0x0000000686600000, 0x0000000686600000|100%| E|CS|TAMS 0x0000000686500000, 0x0000000686500000| Complete 
|1126|0x0000000686600000, 0x0000000686700000, 0x0000000686700000|100%| E|CS|TAMS 0x0000000686600000, 0x0000000686600000| Complete 
|1127|0x0000000686700000, 0x0000000686800000, 0x0000000686800000|100%| E|CS|TAMS 0x0000000686700000, 0x0000000686700000| Complete 
|1128|0x0000000686800000, 0x0000000686900000, 0x0000000686900000|100%| E|CS|TAMS 0x0000000686800000, 0x0000000686800000| Complete 
|1129|0x0000000686900000, 0x0000000686a00000, 0x0000000686a00000|100%| E|CS|TAMS 0x0000000686900000, 0x0000000686900000| Complete 
|1130|0x0000000686a00000, 0x0000000686b00000, 0x0000000686b00000|100%| E|CS|TAMS 0x0000000686a00000, 0x0000000686a00000| Complete 
|1131|0x0000000686b00000, 0x0000000686c00000, 0x0000000686c00000|100%| E|CS|TAMS 0x0000000686b00000, 0x0000000686b00000| Complete 
|1132|0x0000000686c00000, 0x0000000686d00000, 0x0000000686d00000|100%| E|CS|TAMS 0x0000000686c00000, 0x0000000686c00000| Complete 
|1133|0x0000000686d00000, 0x0000000686e00000, 0x0000000686e00000|100%| E|CS|TAMS 0x0000000686d00000, 0x0000000686d00000| Complete 
|1134|0x0000000686e00000, 0x0000000686f00000, 0x0000000686f00000|100%| E|CS|TAMS 0x0000000686e00000, 0x0000000686e00000| Complete 
|1135|0x0000000686f00000, 0x0000000687000000, 0x0000000687000000|100%| E|CS|TAMS 0x0000000686f00000, 0x0000000686f00000| Complete 
|1136|0x0000000687000000, 0x0000000687100000, 0x0000000687100000|100%| E|CS|TAMS 0x0000000687000000, 0x0000000687000000| Complete 
|1137|0x0000000687100000, 0x0000000687200000, 0x0000000687200000|100%| E|CS|TAMS 0x0000000687100000, 0x0000000687100000| Complete 
|1138|0x0000000687200000, 0x0000000687300000, 0x0000000687300000|100%| E|CS|TAMS 0x0000000687200000, 0x0000000687200000| Complete 
|1139|0x0000000687300000, 0x0000000687400000, 0x0000000687400000|100%| E|CS|TAMS 0x0000000687300000, 0x0000000687300000| Complete 
|1140|0x0000000687400000, 0x0000000687500000, 0x0000000687500000|100%| E|CS|TAMS 0x0000000687400000, 0x0000000687400000| Complete 
|1141|0x0000000687500000, 0x0000000687600000, 0x0000000687600000|100%| E|CS|TAMS 0x0000000687500000, 0x0000000687500000| Complete 
|1142|0x0000000687600000, 0x0000000687700000, 0x0000000687700000|100%| E|CS|TAMS 0x0000000687600000, 0x0000000687600000| Complete 
|1143|0x0000000687700000, 0x0000000687800000, 0x0000000687800000|100%| E|CS|TAMS 0x0000000687700000, 0x0000000687700000| Complete 
|1144|0x0000000687800000, 0x0000000687900000, 0x0000000687900000|100%| E|CS|TAMS 0x0000000687800000, 0x0000000687800000| Complete 
|1145|0x0000000687900000, 0x0000000687a00000, 0x0000000687a00000|100%| E|CS|TAMS 0x0000000687900000, 0x0000000687900000| Complete 
|1146|0x0000000687a00000, 0x0000000687b00000, 0x0000000687b00000|100%| E|CS|TAMS 0x0000000687a00000, 0x0000000687a00000| Complete 
|1147|0x0000000687b00000, 0x0000000687c00000, 0x0000000687c00000|100%| E|CS|TAMS 0x0000000687b00000, 0x0000000687b00000| Complete 
|1148|0x0000000687c00000, 0x0000000687d00000, 0x0000000687d00000|100%| E|CS|TAMS 0x0000000687c00000, 0x0000000687c00000| Complete 
|1149|0x0000000687d00000, 0x0000000687e00000, 0x0000000687e00000|100%| E|CS|TAMS 0x0000000687d00000, 0x0000000687d00000| Complete 
|1150|0x0000000687e00000, 0x0000000687f00000, 0x0000000687f00000|100%| E|CS|TAMS 0x0000000687e00000, 0x0000000687e00000| Complete 
|1151|0x0000000687f00000, 0x0000000688000000, 0x0000000688000000|100%| E|CS|TAMS 0x0000000687f00000, 0x0000000687f00000| Complete 
|1152|0x0000000688000000, 0x0000000688100000, 0x0000000688100000|100%| E|CS|TAMS 0x0000000688000000, 0x0000000688000000| Complete 
|1153|0x0000000688100000, 0x0000000688200000, 0x0000000688200000|100%| E|CS|TAMS 0x0000000688100000, 0x0000000688100000| Complete 
|1154|0x0000000688200000, 0x0000000688300000, 0x0000000688300000|100%| E|CS|TAMS 0x0000000688200000, 0x0000000688200000| Complete 
|1155|0x0000000688300000, 0x0000000688400000, 0x0000000688400000|100%| E|CS|TAMS 0x0000000688300000, 0x0000000688300000| Complete 
|1156|0x0000000688400000, 0x0000000688500000, 0x0000000688500000|100%| E|CS|TAMS 0x0000000688400000, 0x0000000688400000| Complete 
|1157|0x0000000688500000, 0x0000000688600000, 0x0000000688600000|100%| E|CS|TAMS 0x0000000688500000, 0x0000000688500000| Complete 
|1158|0x0000000688600000, 0x0000000688700000, 0x0000000688700000|100%| E|CS|TAMS 0x0000000688600000, 0x0000000688600000| Complete 
|1159|0x0000000688700000, 0x0000000688800000, 0x0000000688800000|100%| E|CS|TAMS 0x0000000688700000, 0x0000000688700000| Complete 
|1160|0x0000000688800000, 0x0000000688900000, 0x0000000688900000|100%| E|CS|TAMS 0x0000000688800000, 0x0000000688800000| Complete 
|1161|0x0000000688900000, 0x0000000688a00000, 0x0000000688a00000|100%| E|CS|TAMS 0x0000000688900000, 0x0000000688900000| Complete 
|1162|0x0000000688a00000, 0x0000000688b00000, 0x0000000688b00000|100%| E|CS|TAMS 0x0000000688a00000, 0x0000000688a00000| Complete 
|1163|0x0000000688b00000, 0x0000000688c00000, 0x0000000688c00000|100%| E|CS|TAMS 0x0000000688b00000, 0x0000000688b00000| Complete 
|1164|0x0000000688c00000, 0x0000000688d00000, 0x0000000688d00000|100%| E|CS|TAMS 0x0000000688c00000, 0x0000000688c00000| Complete 
|1165|0x0000000688d00000, 0x0000000688e00000, 0x0000000688e00000|100%| E|CS|TAMS 0x0000000688d00000, 0x0000000688d00000| Complete 
|1166|0x0000000688e00000, 0x0000000688f00000, 0x0000000688f00000|100%| E|CS|TAMS 0x0000000688e00000, 0x0000000688e00000| Complete 
|1167|0x0000000688f00000, 0x0000000689000000, 0x0000000689000000|100%| E|CS|TAMS 0x0000000688f00000, 0x0000000688f00000| Complete 
|1168|0x0000000689000000, 0x0000000689100000, 0x0000000689100000|100%| E|CS|TAMS 0x0000000689000000, 0x0000000689000000| Complete 
|1169|0x0000000689100000, 0x0000000689200000, 0x0000000689200000|100%| E|CS|TAMS 0x0000000689100000, 0x0000000689100000| Complete 
|1170|0x0000000689200000, 0x0000000689300000, 0x0000000689300000|100%| E|CS|TAMS 0x0000000689200000, 0x0000000689200000| Complete 
|1171|0x0000000689300000, 0x0000000689400000, 0x0000000689400000|100%| E|CS|TAMS 0x0000000689300000, 0x0000000689300000| Complete 
|1172|0x0000000689400000, 0x0000000689500000, 0x0000000689500000|100%| E|CS|TAMS 0x0000000689400000, 0x0000000689400000| Complete 
|1173|0x0000000689500000, 0x0000000689600000, 0x0000000689600000|100%| E|CS|TAMS 0x0000000689500000, 0x0000000689500000| Complete 
|1174|0x0000000689600000, 0x0000000689700000, 0x0000000689700000|100%| E|CS|TAMS 0x0000000689600000, 0x0000000689600000| Complete 
|1175|0x0000000689700000, 0x0000000689800000, 0x0000000689800000|100%| E|CS|TAMS 0x0000000689700000, 0x0000000689700000| Complete 
|1176|0x0000000689800000, 0x0000000689900000, 0x0000000689900000|100%| E|CS|TAMS 0x0000000689800000, 0x0000000689800000| Complete 
|1177|0x0000000689900000, 0x0000000689a00000, 0x0000000689a00000|100%| E|CS|TAMS 0x0000000689900000, 0x0000000689900000| Complete 
|1178|0x0000000689a00000, 0x0000000689b00000, 0x0000000689b00000|100%| E|CS|TAMS 0x0000000689a00000, 0x0000000689a00000| Complete 
|1179|0x0000000689b00000, 0x0000000689c00000, 0x0000000689c00000|100%| E|CS|TAMS 0x0000000689b00000, 0x0000000689b00000| Complete 
|1180|0x0000000689c00000, 0x0000000689d00000, 0x0000000689d00000|100%| E|CS|TAMS 0x0000000689c00000, 0x0000000689c00000| Complete 
|1181|0x0000000689d00000, 0x0000000689e00000, 0x0000000689e00000|100%| E|CS|TAMS 0x0000000689d00000, 0x0000000689d00000| Complete 
|1182|0x0000000689e00000, 0x0000000689f00000, 0x0000000689f00000|100%| E|CS|TAMS 0x0000000689e00000, 0x0000000689e00000| Complete 
|1183|0x0000000689f00000, 0x000000068a000000, 0x000000068a000000|100%| E|CS|TAMS 0x0000000689f00000, 0x0000000689f00000| Complete 
|1184|0x000000068a000000, 0x000000068a100000, 0x000000068a100000|100%| E|CS|TAMS 0x000000068a000000, 0x000000068a000000| Complete 
|1185|0x000000068a100000, 0x000000068a200000, 0x000000068a200000|100%| E|CS|TAMS 0x000000068a100000, 0x000000068a100000| Complete 
|1186|0x000000068a200000, 0x000000068a300000, 0x000000068a300000|100%| E|CS|TAMS 0x000000068a200000, 0x000000068a200000| Complete 
|1187|0x000000068a300000, 0x000000068a400000, 0x000000068a400000|100%| E|CS|TAMS 0x000000068a300000, 0x000000068a300000| Complete 
|1188|0x000000068a400000, 0x000000068a500000, 0x000000068a500000|100%| E|CS|TAMS 0x000000068a400000, 0x000000068a400000| Complete 
|1189|0x000000068a500000, 0x000000068a600000, 0x000000068a600000|100%| E|CS|TAMS 0x000000068a500000, 0x000000068a500000| Complete 
|1190|0x000000068a600000, 0x000000068a700000, 0x000000068a700000|100%| E|CS|TAMS 0x000000068a600000, 0x000000068a600000| Complete 
|1191|0x000000068a700000, 0x000000068a800000, 0x000000068a800000|100%| E|CS|TAMS 0x000000068a700000, 0x000000068a700000| Complete 
|1192|0x000000068a800000, 0x000000068a900000, 0x000000068a900000|100%| E|CS|TAMS 0x000000068a800000, 0x000000068a800000| Complete 
|1193|0x000000068a900000, 0x000000068aa00000, 0x000000068aa00000|100%| E|CS|TAMS 0x000000068a900000, 0x000000068a900000| Complete 
|1194|0x000000068aa00000, 0x000000068ab00000, 0x000000068ab00000|100%| E|CS|TAMS 0x000000068aa00000, 0x000000068aa00000| Complete 
|1195|0x000000068ab00000, 0x000000068ac00000, 0x000000068ac00000|100%| E|CS|TAMS 0x000000068ab00000, 0x000000068ab00000| Complete 
|1196|0x000000068ac00000, 0x000000068ad00000, 0x000000068ad00000|100%| E|CS|TAMS 0x000000068ac00000, 0x000000068ac00000| Complete 
|1197|0x000000068ad00000, 0x000000068ae00000, 0x000000068ae00000|100%| E|CS|TAMS 0x000000068ad00000, 0x000000068ad00000| Complete 
|1198|0x000000068ae00000, 0x000000068af00000, 0x000000068af00000|100%| E|CS|TAMS 0x000000068ae00000, 0x000000068ae00000| Complete 
|1199|0x000000068af00000, 0x000000068b000000, 0x000000068b000000|100%| E|CS|TAMS 0x000000068af00000, 0x000000068af00000| Complete 
|1200|0x000000068b000000, 0x000000068b100000, 0x000000068b100000|100%| E|CS|TAMS 0x000000068b000000, 0x000000068b000000| Complete 
|1201|0x000000068b100000, 0x000000068b200000, 0x000000068b200000|100%| E|CS|TAMS 0x000000068b100000, 0x000000068b100000| Complete 
|1202|0x000000068b200000, 0x000000068b300000, 0x000000068b300000|100%| E|CS|TAMS 0x000000068b200000, 0x000000068b200000| Complete 
|1203|0x000000068b300000, 0x000000068b400000, 0x000000068b400000|100%| E|CS|TAMS 0x000000068b300000, 0x000000068b300000| Complete 
|1204|0x000000068b400000, 0x000000068b500000, 0x000000068b500000|100%| E|CS|TAMS 0x000000068b400000, 0x000000068b400000| Complete 
|1205|0x000000068b500000, 0x000000068b600000, 0x000000068b600000|100%| E|CS|TAMS 0x000000068b500000, 0x000000068b500000| Complete 
|1206|0x000000068b600000, 0x000000068b700000, 0x000000068b700000|100%| E|CS|TAMS 0x000000068b600000, 0x000000068b600000| Complete 
|1207|0x000000068b700000, 0x000000068b800000, 0x000000068b800000|100%| E|CS|TAMS 0x000000068b700000, 0x000000068b700000| Complete 
|1208|0x000000068b800000, 0x000000068b900000, 0x000000068b900000|100%| E|CS|TAMS 0x000000068b800000, 0x000000068b800000| Complete 
|1209|0x000000068b900000, 0x000000068ba00000, 0x000000068ba00000|100%| E|CS|TAMS 0x000000068b900000, 0x000000068b900000| Complete 
|1210|0x000000068ba00000, 0x000000068bb00000, 0x000000068bb00000|100%| E|CS|TAMS 0x000000068ba00000, 0x000000068ba00000| Complete 
|1211|0x000000068bb00000, 0x000000068bc00000, 0x000000068bc00000|100%| E|CS|TAMS 0x000000068bb00000, 0x000000068bb00000| Complete 
|1212|0x000000068bc00000, 0x000000068bd00000, 0x000000068bd00000|100%| E|CS|TAMS 0x000000068bc00000, 0x000000068bc00000| Complete 
|1213|0x000000068bd00000, 0x000000068be00000, 0x000000068be00000|100%| E|CS|TAMS 0x000000068bd00000, 0x000000068bd00000| Complete 
|1214|0x000000068be00000, 0x000000068bf00000, 0x000000068bf00000|100%| E|CS|TAMS 0x000000068be00000, 0x000000068be00000| Complete 
|1215|0x000000068bf00000, 0x000000068c000000, 0x000000068c000000|100%| E|CS|TAMS 0x000000068bf00000, 0x000000068bf00000| Complete 
|1216|0x000000068c000000, 0x000000068c100000, 0x000000068c100000|100%| E|CS|TAMS 0x000000068c000000, 0x000000068c000000| Complete 
|1217|0x000000068c100000, 0x000000068c200000, 0x000000068c200000|100%| E|CS|TAMS 0x000000068c100000, 0x000000068c100000| Complete 
|1218|0x000000068c200000, 0x000000068c300000, 0x000000068c300000|100%| E|CS|TAMS 0x000000068c200000, 0x000000068c200000| Complete 
|1219|0x000000068c300000, 0x000000068c400000, 0x000000068c400000|100%| E|CS|TAMS 0x000000068c300000, 0x000000068c300000| Complete 
|1220|0x000000068c400000, 0x000000068c500000, 0x000000068c500000|100%| E|CS|TAMS 0x000000068c400000, 0x000000068c400000| Complete 
|1221|0x000000068c500000, 0x000000068c600000, 0x000000068c600000|100%| E|CS|TAMS 0x000000068c500000, 0x000000068c500000| Complete 
|1222|0x000000068c600000, 0x000000068c700000, 0x000000068c700000|100%| E|CS|TAMS 0x000000068c600000, 0x000000068c600000| Complete 
|1223|0x000000068c700000, 0x000000068c800000, 0x000000068c800000|100%| E|CS|TAMS 0x000000068c700000, 0x000000068c700000| Complete 
|1224|0x000000068c800000, 0x000000068c900000, 0x000000068c900000|100%| E|CS|TAMS 0x000000068c800000, 0x000000068c800000| Complete 
|1225|0x000000068c900000, 0x000000068ca00000, 0x000000068ca00000|100%| E|CS|TAMS 0x000000068c900000, 0x000000068c900000| Complete 
|1226|0x000000068ca00000, 0x000000068cb00000, 0x000000068cb00000|100%| E|CS|TAMS 0x000000068ca00000, 0x000000068ca00000| Complete 
|1227|0x000000068cb00000, 0x000000068cc00000, 0x000000068cc00000|100%| E|CS|TAMS 0x000000068cb00000, 0x000000068cb00000| Complete 
|1228|0x000000068cc00000, 0x000000068cd00000, 0x000000068cd00000|100%| E|CS|TAMS 0x000000068cc00000, 0x000000068cc00000| Complete 
|1229|0x000000068cd00000, 0x000000068ce00000, 0x000000068ce00000|100%| E|CS|TAMS 0x000000068cd00000, 0x000000068cd00000| Complete 
|1230|0x000000068ce00000, 0x000000068cf00000, 0x000000068cf00000|100%| E|CS|TAMS 0x000000068ce00000, 0x000000068ce00000| Complete 
|1231|0x000000068cf00000, 0x000000068d000000, 0x000000068d000000|100%| E|CS|TAMS 0x000000068cf00000, 0x000000068cf00000| Complete 
|1232|0x000000068d000000, 0x000000068d100000, 0x000000068d100000|100%| E|CS|TAMS 0x000000068d000000, 0x000000068d000000| Complete 
|1233|0x000000068d100000, 0x000000068d200000, 0x000000068d200000|100%| E|CS|TAMS 0x000000068d100000, 0x000000068d100000| Complete 
|1234|0x000000068d200000, 0x000000068d300000, 0x000000068d300000|100%| E|CS|TAMS 0x000000068d200000, 0x000000068d200000| Complete 
|1235|0x000000068d300000, 0x000000068d400000, 0x000000068d400000|100%| E|CS|TAMS 0x000000068d300000, 0x000000068d300000| Complete 
|1236|0x000000068d400000, 0x000000068d500000, 0x000000068d500000|100%| E|CS|TAMS 0x000000068d400000, 0x000000068d400000| Complete 
|1237|0x000000068d500000, 0x000000068d600000, 0x000000068d600000|100%| E|CS|TAMS 0x000000068d500000, 0x000000068d500000| Complete 
|1238|0x000000068d600000, 0x000000068d700000, 0x000000068d700000|100%| E|CS|TAMS 0x000000068d600000, 0x000000068d600000| Complete 
|1239|0x000000068d700000, 0x000000068d800000, 0x000000068d800000|100%| E|CS|TAMS 0x000000068d700000, 0x000000068d700000| Complete 
|1240|0x000000068d800000, 0x000000068d900000, 0x000000068d900000|100%| E|CS|TAMS 0x000000068d800000, 0x000000068d800000| Complete 
|1241|0x000000068d900000, 0x000000068da00000, 0x000000068da00000|100%| E|CS|TAMS 0x000000068d900000, 0x000000068d900000| Complete 
|1242|0x000000068da00000, 0x000000068db00000, 0x000000068db00000|100%| E|CS|TAMS 0x000000068da00000, 0x000000068da00000| Complete 
|1243|0x000000068db00000, 0x000000068dc00000, 0x000000068dc00000|100%| E|CS|TAMS 0x000000068db00000, 0x000000068db00000| Complete 
|1244|0x000000068dc00000, 0x000000068dd00000, 0x000000068dd00000|100%| E|CS|TAMS 0x000000068dc00000, 0x000000068dc00000| Complete 
|1245|0x000000068dd00000, 0x000000068de00000, 0x000000068de00000|100%| E|CS|TAMS 0x000000068dd00000, 0x000000068dd00000| Complete 
|1246|0x000000068de00000, 0x000000068df00000, 0x000000068df00000|100%| E|CS|TAMS 0x000000068de00000, 0x000000068de00000| Complete 
|1247|0x000000068df00000, 0x000000068e000000, 0x000000068e000000|100%| E|CS|TAMS 0x000000068df00000, 0x000000068df00000| Complete 
|1248|0x000000068e000000, 0x000000068e100000, 0x000000068e100000|100%| E|CS|TAMS 0x000000068e000000, 0x000000068e000000| Complete 
|1249|0x000000068e100000, 0x000000068e200000, 0x000000068e200000|100%| E|CS|TAMS 0x000000068e100000, 0x000000068e100000| Complete 
|1250|0x000000068e200000, 0x000000068e300000, 0x000000068e300000|100%| E|CS|TAMS 0x000000068e200000, 0x000000068e200000| Complete 
|1251|0x000000068e300000, 0x000000068e400000, 0x000000068e400000|100%| E|CS|TAMS 0x000000068e300000, 0x000000068e300000| Complete 
|1252|0x000000068e400000, 0x000000068e500000, 0x000000068e500000|100%| E|CS|TAMS 0x000000068e400000, 0x000000068e400000| Complete 
|1253|0x000000068e500000, 0x000000068e600000, 0x000000068e600000|100%| E|CS|TAMS 0x000000068e500000, 0x000000068e500000| Complete 
|1254|0x000000068e600000, 0x000000068e700000, 0x000000068e700000|100%| E|CS|TAMS 0x000000068e600000, 0x000000068e600000| Complete 
|1255|0x000000068e700000, 0x000000068e800000, 0x000000068e800000|100%| E|CS|TAMS 0x000000068e700000, 0x000000068e700000| Complete 
|1256|0x000000068e800000, 0x000000068e900000, 0x000000068e900000|100%| E|CS|TAMS 0x000000068e800000, 0x000000068e800000| Complete 
|1257|0x000000068e900000, 0x000000068ea00000, 0x000000068ea00000|100%| E|CS|TAMS 0x000000068e900000, 0x000000068e900000| Complete 
|1258|0x000000068ea00000, 0x000000068eb00000, 0x000000068eb00000|100%| E|CS|TAMS 0x000000068ea00000, 0x000000068ea00000| Complete 
|1259|0x000000068eb00000, 0x000000068ec00000, 0x000000068ec00000|100%| E|CS|TAMS 0x000000068eb00000, 0x000000068eb00000| Complete 
|1260|0x000000068ec00000, 0x000000068ed00000, 0x000000068ed00000|100%| E|CS|TAMS 0x000000068ec00000, 0x000000068ec00000| Complete 
|1261|0x000000068ed00000, 0x000000068ee00000, 0x000000068ee00000|100%| E|CS|TAMS 0x000000068ed00000, 0x000000068ed00000| Complete 
|1262|0x000000068ee00000, 0x000000068ef00000, 0x000000068ef00000|100%| E|CS|TAMS 0x000000068ee00000, 0x000000068ee00000| Complete 
|1263|0x000000068ef00000, 0x000000068f000000, 0x000000068f000000|100%| E|CS|TAMS 0x000000068ef00000, 0x000000068ef00000| Complete 
|1264|0x000000068f000000, 0x000000068f100000, 0x000000068f100000|100%| E|CS|TAMS 0x000000068f000000, 0x000000068f000000| Complete 
|1265|0x000000068f100000, 0x000000068f200000, 0x000000068f200000|100%| E|CS|TAMS 0x000000068f100000, 0x000000068f100000| Complete 
|1266|0x000000068f200000, 0x000000068f300000, 0x000000068f300000|100%| E|CS|TAMS 0x000000068f200000, 0x000000068f200000| Complete 
|1267|0x000000068f300000, 0x000000068f400000, 0x000000068f400000|100%| E|CS|TAMS 0x000000068f300000, 0x000000068f300000| Complete 
|1268|0x000000068f400000, 0x000000068f500000, 0x000000068f500000|100%| E|CS|TAMS 0x000000068f400000, 0x000000068f400000| Complete 
|1269|0x000000068f500000, 0x000000068f600000, 0x000000068f600000|100%| E|CS|TAMS 0x000000068f500000, 0x000000068f500000| Complete 
|1270|0x000000068f600000, 0x000000068f700000, 0x000000068f700000|100%| E|CS|TAMS 0x000000068f600000, 0x000000068f600000| Complete 
|1271|0x000000068f700000, 0x000000068f800000, 0x000000068f800000|100%| E|CS|TAMS 0x000000068f700000, 0x000000068f700000| Complete 
|1272|0x000000068f800000, 0x000000068f900000, 0x000000068f900000|100%| E|CS|TAMS 0x000000068f800000, 0x000000068f800000| Complete 
|1273|0x000000068f900000, 0x000000068fa00000, 0x000000068fa00000|100%| E|CS|TAMS 0x000000068f900000, 0x000000068f900000| Complete 
|1274|0x000000068fa00000, 0x000000068fb00000, 0x000000068fb00000|100%| E|CS|TAMS 0x000000068fa00000, 0x000000068fa00000| Complete 
|1275|0x000000068fb00000, 0x000000068fc00000, 0x000000068fc00000|100%| E|CS|TAMS 0x000000068fb00000, 0x000000068fb00000| Complete 
|1276|0x000000068fc00000, 0x000000068fd00000, 0x000000068fd00000|100%| E|CS|TAMS 0x000000068fc00000, 0x000000068fc00000| Complete 
|1277|0x000000068fd00000, 0x000000068fe00000, 0x000000068fe00000|100%| E|CS|TAMS 0x000000068fd00000, 0x000000068fd00000| Complete 
|1278|0x000000068fe00000, 0x000000068ff00000, 0x000000068ff00000|100%| E|CS|TAMS 0x000000068fe00000, 0x000000068fe00000| Complete 
|1279|0x000000068ff00000, 0x0000000690000000, 0x0000000690000000|100%| E|CS|TAMS 0x000000068ff00000, 0x000000068ff00000| Complete 
|1280|0x0000000690000000, 0x0000000690100000, 0x0000000690100000|100%| E|CS|TAMS 0x0000000690000000, 0x0000000690000000| Complete 
|1281|0x0000000690100000, 0x0000000690200000, 0x0000000690200000|100%| E|CS|TAMS 0x0000000690100000, 0x0000000690100000| Complete 
|1282|0x0000000690200000, 0x0000000690300000, 0x0000000690300000|100%| E|CS|TAMS 0x0000000690200000, 0x0000000690200000| Complete 
|1283|0x0000000690300000, 0x0000000690400000, 0x0000000690400000|100%| E|CS|TAMS 0x0000000690300000, 0x0000000690300000| Complete 
|1284|0x0000000690400000, 0x0000000690500000, 0x0000000690500000|100%| E|CS|TAMS 0x0000000690400000, 0x0000000690400000| Complete 
|1285|0x0000000690500000, 0x0000000690600000, 0x0000000690600000|100%| E|CS|TAMS 0x0000000690500000, 0x0000000690500000| Complete 
|1286|0x0000000690600000, 0x0000000690700000, 0x0000000690700000|100%| E|CS|TAMS 0x0000000690600000, 0x0000000690600000| Complete 
|1287|0x0000000690700000, 0x0000000690800000, 0x0000000690800000|100%| E|CS|TAMS 0x0000000690700000, 0x0000000690700000| Complete 
|1288|0x0000000690800000, 0x0000000690900000, 0x0000000690900000|100%| E|CS|TAMS 0x0000000690800000, 0x0000000690800000| Complete 
|1289|0x0000000690900000, 0x0000000690a00000, 0x0000000690a00000|100%| E|CS|TAMS 0x0000000690900000, 0x0000000690900000| Complete 
|1290|0x0000000690a00000, 0x0000000690b00000, 0x0000000690b00000|100%| E|CS|TAMS 0x0000000690a00000, 0x0000000690a00000| Complete 
|1291|0x0000000690b00000, 0x0000000690c00000, 0x0000000690c00000|100%| E|CS|TAMS 0x0000000690b00000, 0x0000000690b00000| Complete 
|1292|0x0000000690c00000, 0x0000000690d00000, 0x0000000690d00000|100%| E|CS|TAMS 0x0000000690c00000, 0x0000000690c00000| Complete 
|1293|0x0000000690d00000, 0x0000000690e00000, 0x0000000690e00000|100%| E|CS|TAMS 0x0000000690d00000, 0x0000000690d00000| Complete 
|1294|0x0000000690e00000, 0x0000000690f00000, 0x0000000690f00000|100%| E|CS|TAMS 0x0000000690e00000, 0x0000000690e00000| Complete 
|1295|0x0000000690f00000, 0x0000000691000000, 0x0000000691000000|100%| E|CS|TAMS 0x0000000690f00000, 0x0000000690f00000| Complete 
|1296|0x0000000691000000, 0x0000000691100000, 0x0000000691100000|100%| E|CS|TAMS 0x0000000691000000, 0x0000000691000000| Complete 
|1297|0x0000000691100000, 0x0000000691200000, 0x0000000691200000|100%| E|CS|TAMS 0x0000000691100000, 0x0000000691100000| Complete 
|1298|0x0000000691200000, 0x0000000691300000, 0x0000000691300000|100%| E|CS|TAMS 0x0000000691200000, 0x0000000691200000| Complete 
|1299|0x0000000691300000, 0x0000000691400000, 0x0000000691400000|100%| E|CS|TAMS 0x0000000691300000, 0x0000000691300000| Complete 
|1300|0x0000000691400000, 0x0000000691500000, 0x0000000691500000|100%| E|CS|TAMS 0x0000000691400000, 0x0000000691400000| Complete 
|1301|0x0000000691500000, 0x0000000691600000, 0x0000000691600000|100%| E|CS|TAMS 0x0000000691500000, 0x0000000691500000| Complete 
|1302|0x0000000691600000, 0x0000000691700000, 0x0000000691700000|100%| E|CS|TAMS 0x0000000691600000, 0x0000000691600000| Complete 
|1303|0x0000000691700000, 0x0000000691800000, 0x0000000691800000|100%| E|CS|TAMS 0x0000000691700000, 0x0000000691700000| Complete 
|1304|0x0000000691800000, 0x0000000691900000, 0x0000000691900000|100%| E|CS|TAMS 0x0000000691800000, 0x0000000691800000| Complete 
|1305|0x0000000691900000, 0x0000000691a00000, 0x0000000691a00000|100%| E|CS|TAMS 0x0000000691900000, 0x0000000691900000| Complete 
|1306|0x0000000691a00000, 0x0000000691b00000, 0x0000000691b00000|100%| E|CS|TAMS 0x0000000691a00000, 0x0000000691a00000| Complete 
|1307|0x0000000691b00000, 0x0000000691c00000, 0x0000000691c00000|100%| E|CS|TAMS 0x0000000691b00000, 0x0000000691b00000| Complete 
|1308|0x0000000691c00000, 0x0000000691d00000, 0x0000000691d00000|100%| E|CS|TAMS 0x0000000691c00000, 0x0000000691c00000| Complete 
|1309|0x0000000691d00000, 0x0000000691e00000, 0x0000000691e00000|100%| E|CS|TAMS 0x0000000691d00000, 0x0000000691d00000| Complete 
|1310|0x0000000691e00000, 0x0000000691f00000, 0x0000000691f00000|100%| E|CS|TAMS 0x0000000691e00000, 0x0000000691e00000| Complete 
|1311|0x0000000691f00000, 0x0000000692000000, 0x0000000692000000|100%| E|CS|TAMS 0x0000000691f00000, 0x0000000691f00000| Complete 
|1312|0x0000000692000000, 0x0000000692100000, 0x0000000692100000|100%| E|CS|TAMS 0x0000000692000000, 0x0000000692000000| Complete 
|1313|0x0000000692100000, 0x0000000692200000, 0x0000000692200000|100%| E|CS|TAMS 0x0000000692100000, 0x0000000692100000| Complete 
|1314|0x0000000692200000, 0x0000000692300000, 0x0000000692300000|100%| E|CS|TAMS 0x0000000692200000, 0x0000000692200000| Complete 
|1315|0x0000000692300000, 0x0000000692400000, 0x0000000692400000|100%| E|CS|TAMS 0x0000000692300000, 0x0000000692300000| Complete 
|1316|0x0000000692400000, 0x0000000692500000, 0x0000000692500000|100%| E|CS|TAMS 0x0000000692400000, 0x0000000692400000| Complete 
|1317|0x0000000692500000, 0x0000000692600000, 0x0000000692600000|100%| E|CS|TAMS 0x0000000692500000, 0x0000000692500000| Complete 
|1318|0x0000000692600000, 0x0000000692700000, 0x0000000692700000|100%| E|CS|TAMS 0x0000000692600000, 0x0000000692600000| Complete 
|1319|0x0000000692700000, 0x0000000692800000, 0x0000000692800000|100%| E|CS|TAMS 0x0000000692700000, 0x0000000692700000| Complete 
|1320|0x0000000692800000, 0x0000000692900000, 0x0000000692900000|100%| E|CS|TAMS 0x0000000692800000, 0x0000000692800000| Complete 
|1321|0x0000000692900000, 0x0000000692a00000, 0x0000000692a00000|100%| E|CS|TAMS 0x0000000692900000, 0x0000000692900000| Complete 
|1322|0x0000000692a00000, 0x0000000692b00000, 0x0000000692b00000|100%| E|CS|TAMS 0x0000000692a00000, 0x0000000692a00000| Complete 
|1323|0x0000000692b00000, 0x0000000692c00000, 0x0000000692c00000|100%| E|CS|TAMS 0x0000000692b00000, 0x0000000692b00000| Complete 
|1324|0x0000000692c00000, 0x0000000692d00000, 0x0000000692d00000|100%| E|CS|TAMS 0x0000000692c00000, 0x0000000692c00000| Complete 
|1325|0x0000000692d00000, 0x0000000692e00000, 0x0000000692e00000|100%| E|CS|TAMS 0x0000000692d00000, 0x0000000692d00000| Complete 
|1326|0x0000000692e00000, 0x0000000692f00000, 0x0000000692f00000|100%| E|CS|TAMS 0x0000000692e00000, 0x0000000692e00000| Complete 
|1327|0x0000000692f00000, 0x0000000693000000, 0x0000000693000000|100%| E|CS|TAMS 0x0000000692f00000, 0x0000000692f00000| Complete 
|1328|0x0000000693000000, 0x0000000693100000, 0x0000000693100000|100%| E|CS|TAMS 0x0000000693000000, 0x0000000693000000| Complete 
|1329|0x0000000693100000, 0x0000000693200000, 0x0000000693200000|100%| E|CS|TAMS 0x0000000693100000, 0x0000000693100000| Complete 
|1330|0x0000000693200000, 0x0000000693300000, 0x0000000693300000|100%| E|CS|TAMS 0x0000000693200000, 0x0000000693200000| Complete 
|1331|0x0000000693300000, 0x0000000693400000, 0x0000000693400000|100%| E|CS|TAMS 0x0000000693300000, 0x0000000693300000| Complete 
|1332|0x0000000693400000, 0x0000000693500000, 0x0000000693500000|100%| E|CS|TAMS 0x0000000693400000, 0x0000000693400000| Complete 
|1333|0x0000000693500000, 0x0000000693600000, 0x0000000693600000|100%| E|CS|TAMS 0x0000000693500000, 0x0000000693500000| Complete 
|1334|0x0000000693600000, 0x0000000693700000, 0x0000000693700000|100%| E|CS|TAMS 0x0000000693600000, 0x0000000693600000| Complete 
|1335|0x0000000693700000, 0x0000000693800000, 0x0000000693800000|100%| E|CS|TAMS 0x0000000693700000, 0x0000000693700000| Complete 
|1336|0x0000000693800000, 0x0000000693900000, 0x0000000693900000|100%| E|CS|TAMS 0x0000000693800000, 0x0000000693800000| Complete 
|1337|0x0000000693900000, 0x0000000693a00000, 0x0000000693a00000|100%| E|CS|TAMS 0x0000000693900000, 0x0000000693900000| Complete 
|1338|0x0000000693a00000, 0x0000000693b00000, 0x0000000693b00000|100%| E|CS|TAMS 0x0000000693a00000, 0x0000000693a00000| Complete 
|1339|0x0000000693b00000, 0x0000000693c00000, 0x0000000693c00000|100%| E|CS|TAMS 0x0000000693b00000, 0x0000000693b00000| Complete 
|1340|0x0000000693c00000, 0x0000000693d00000, 0x0000000693d00000|100%| E|CS|TAMS 0x0000000693c00000, 0x0000000693c00000| Complete 
|1341|0x0000000693d00000, 0x0000000693e00000, 0x0000000693e00000|100%| E|CS|TAMS 0x0000000693d00000, 0x0000000693d00000| Complete 
|1342|0x0000000693e00000, 0x0000000693f00000, 0x0000000693f00000|100%| E|CS|TAMS 0x0000000693e00000, 0x0000000693e00000| Complete 
|1343|0x0000000693f00000, 0x0000000694000000, 0x0000000694000000|100%| E|CS|TAMS 0x0000000693f00000, 0x0000000693f00000| Complete 
|1344|0x0000000694000000, 0x0000000694100000, 0x0000000694100000|100%| E|CS|TAMS 0x0000000694000000, 0x0000000694000000| Complete 
|1345|0x0000000694100000, 0x0000000694200000, 0x0000000694200000|100%| E|CS|TAMS 0x0000000694100000, 0x0000000694100000| Complete 
|1346|0x0000000694200000, 0x0000000694300000, 0x0000000694300000|100%| E|CS|TAMS 0x0000000694200000, 0x0000000694200000| Complete 
|1347|0x0000000694300000, 0x0000000694400000, 0x0000000694400000|100%| E|CS|TAMS 0x0000000694300000, 0x0000000694300000| Complete 
|1348|0x0000000694400000, 0x0000000694500000, 0x0000000694500000|100%| E|CS|TAMS 0x0000000694400000, 0x0000000694400000| Complete 
|1349|0x0000000694500000, 0x0000000694600000, 0x0000000694600000|100%| E|CS|TAMS 0x0000000694500000, 0x0000000694500000| Complete 
|1350|0x0000000694600000, 0x0000000694700000, 0x0000000694700000|100%| E|CS|TAMS 0x0000000694600000, 0x0000000694600000| Complete 
|1351|0x0000000694700000, 0x0000000694800000, 0x0000000694800000|100%| E|CS|TAMS 0x0000000694700000, 0x0000000694700000| Complete 
|1352|0x0000000694800000, 0x0000000694900000, 0x0000000694900000|100%| E|CS|TAMS 0x0000000694800000, 0x0000000694800000| Complete 
|1353|0x0000000694900000, 0x0000000694a00000, 0x0000000694a00000|100%| E|CS|TAMS 0x0000000694900000, 0x0000000694900000| Complete 
|1354|0x0000000694a00000, 0x0000000694b00000, 0x0000000694b00000|100%| E|CS|TAMS 0x0000000694a00000, 0x0000000694a00000| Complete 
|1355|0x0000000694b00000, 0x0000000694c00000, 0x0000000694c00000|100%| E|CS|TAMS 0x0000000694b00000, 0x0000000694b00000| Complete 
|1356|0x0000000694c00000, 0x0000000694d00000, 0x0000000694d00000|100%| E|CS|TAMS 0x0000000694c00000, 0x0000000694c00000| Complete 
|1357|0x0000000694d00000, 0x0000000694e00000, 0x0000000694e00000|100%| E|CS|TAMS 0x0000000694d00000, 0x0000000694d00000| Complete 
|1358|0x0000000694e00000, 0x0000000694f00000, 0x0000000694f00000|100%| E|CS|TAMS 0x0000000694e00000, 0x0000000694e00000| Complete 
|1359|0x0000000694f00000, 0x0000000695000000, 0x0000000695000000|100%| E|CS|TAMS 0x0000000694f00000, 0x0000000694f00000| Complete 
|1360|0x0000000695000000, 0x0000000695100000, 0x0000000695100000|100%| E|CS|TAMS 0x0000000695000000, 0x0000000695000000| Complete 
|1361|0x0000000695100000, 0x0000000695200000, 0x0000000695200000|100%| E|CS|TAMS 0x0000000695100000, 0x0000000695100000| Complete 
|1362|0x0000000695200000, 0x0000000695300000, 0x0000000695300000|100%| E|CS|TAMS 0x0000000695200000, 0x0000000695200000| Complete 
|1363|0x0000000695300000, 0x0000000695400000, 0x0000000695400000|100%| E|CS|TAMS 0x0000000695300000, 0x0000000695300000| Complete 
|1364|0x0000000695400000, 0x0000000695500000, 0x0000000695500000|100%| E|CS|TAMS 0x0000000695400000, 0x0000000695400000| Complete 
|1365|0x0000000695500000, 0x0000000695600000, 0x0000000695600000|100%| E|CS|TAMS 0x0000000695500000, 0x0000000695500000| Complete 
|1366|0x0000000695600000, 0x0000000695700000, 0x0000000695700000|100%| E|CS|TAMS 0x0000000695600000, 0x0000000695600000| Complete 
|1367|0x0000000695700000, 0x0000000695800000, 0x0000000695800000|100%| E|CS|TAMS 0x0000000695700000, 0x0000000695700000| Complete 
|1368|0x0000000695800000, 0x0000000695900000, 0x0000000695900000|100%| E|CS|TAMS 0x0000000695800000, 0x0000000695800000| Complete 
|1369|0x0000000695900000, 0x0000000695a00000, 0x0000000695a00000|100%| E|CS|TAMS 0x0000000695900000, 0x0000000695900000| Complete 
|1370|0x0000000695a00000, 0x0000000695b00000, 0x0000000695b00000|100%| E|CS|TAMS 0x0000000695a00000, 0x0000000695a00000| Complete 
|1371|0x0000000695b00000, 0x0000000695c00000, 0x0000000695c00000|100%| E|CS|TAMS 0x0000000695b00000, 0x0000000695b00000| Complete 
|1372|0x0000000695c00000, 0x0000000695d00000, 0x0000000695d00000|100%| E|CS|TAMS 0x0000000695c00000, 0x0000000695c00000| Complete 
|1373|0x0000000695d00000, 0x0000000695e00000, 0x0000000695e00000|100%| E|CS|TAMS 0x0000000695d00000, 0x0000000695d00000| Complete 
|1374|0x0000000695e00000, 0x0000000695f00000, 0x0000000695f00000|100%| E|CS|TAMS 0x0000000695e00000, 0x0000000695e00000| Complete 
|1375|0x0000000695f00000, 0x0000000696000000, 0x0000000696000000|100%| E|CS|TAMS 0x0000000695f00000, 0x0000000695f00000| Complete 
|1376|0x0000000696000000, 0x0000000696100000, 0x0000000696100000|100%| E|CS|TAMS 0x0000000696000000, 0x0000000696000000| Complete 
|1377|0x0000000696100000, 0x0000000696200000, 0x0000000696200000|100%| E|CS|TAMS 0x0000000696100000, 0x0000000696100000| Complete 
|1378|0x0000000696200000, 0x0000000696300000, 0x0000000696300000|100%| E|CS|TAMS 0x0000000696200000, 0x0000000696200000| Complete 
|1379|0x0000000696300000, 0x0000000696400000, 0x0000000696400000|100%| E|CS|TAMS 0x0000000696300000, 0x0000000696300000| Complete 
|1380|0x0000000696400000, 0x0000000696500000, 0x0000000696500000|100%| E|CS|TAMS 0x0000000696400000, 0x0000000696400000| Complete 
|1381|0x0000000696500000, 0x0000000696600000, 0x0000000696600000|100%| E|CS|TAMS 0x0000000696500000, 0x0000000696500000| Complete 
|1382|0x0000000696600000, 0x0000000696700000, 0x0000000696700000|100%| E|CS|TAMS 0x0000000696600000, 0x0000000696600000| Complete 
|1383|0x0000000696700000, 0x0000000696800000, 0x0000000696800000|100%| E|CS|TAMS 0x0000000696700000, 0x0000000696700000| Complete 
|1384|0x0000000696800000, 0x0000000696900000, 0x0000000696900000|100%| E|CS|TAMS 0x0000000696800000, 0x0000000696800000| Complete 
|1385|0x0000000696900000, 0x0000000696a00000, 0x0000000696a00000|100%| E|CS|TAMS 0x0000000696900000, 0x0000000696900000| Complete 
|1386|0x0000000696a00000, 0x0000000696b00000, 0x0000000696b00000|100%| E|CS|TAMS 0x0000000696a00000, 0x0000000696a00000| Complete 
|1387|0x0000000696b00000, 0x0000000696c00000, 0x0000000696c00000|100%| E|CS|TAMS 0x0000000696b00000, 0x0000000696b00000| Complete 
|1388|0x0000000696c00000, 0x0000000696d00000, 0x0000000696d00000|100%| E|CS|TAMS 0x0000000696c00000, 0x0000000696c00000| Complete 
|1389|0x0000000696d00000, 0x0000000696e00000, 0x0000000696e00000|100%| E|CS|TAMS 0x0000000696d00000, 0x0000000696d00000| Complete 

Card table byte_map: [0x000000011cbf4000,0x000000011d7f4000] _byte_map_base: 0x00000001199f4000

Marking Bits (Prev, Next): (CMBitMap*) 0x000000013383d418, (CMBitMap*) 0x000000013383d450
 Prev Bits: [0x0000000150000000, 0x0000000156000000)
 Next Bits: [0x0000000156000000, 0x000000015c000000)

Polling page: 0x0000000102f54000

Metaspace:

Usage:
  Non-class:    106.01 MB capacity,   103.73 MB ( 98%) used,     1.87 MB (  2%) free+waste,   420.12 KB ( <1%) overhead. 
      Class:     17.10 MB capacity,    15.68 MB ( 92%) used,     1.20 MB (  7%) free+waste,   213.94 KB (  1%) overhead. 
       Both:    123.10 MB capacity,   119.42 MB ( 97%) used,     3.07 MB (  2%) free+waste,   634.06 KB ( <1%) overhead. 

Virtual space:
  Non-class space:      108.00 MB reserved,     106.22 MB ( 98%) committed 
      Class space:        1.00 GB reserved,      17.19 MB (  2%) committed 
             Both:        1.11 GB reserved,     123.41 MB ( 11%) committed 

Chunk freelists:
   Non-Class:  25.00 KB
       Class:  0 bytes
        Both:  25.00 KB

MaxMetaspaceSize: unlimited
CompressedClassSpaceSize: 1.00 GB
Initial GC threshold: 20.80 MB
Current GC threshold: 164.64 MB
CDS: off

CodeHeap 'non-profiled nmethods': size=238384Kb used=41621Kb max_used=41621Kb free=196762Kb
 bounds [0x000000010d728000, 0x000000010ffd8000, 0x000000011bff4000]
CodeHeap 'non-nmethods': size=7376Kb used=1434Kb max_used=1434Kb free=5941Kb
 bounds [0x000000010cff4000, 0x000000010d264000, 0x000000010d728000]
 total_blobs=22229 nmethods=21411 adapters=747
 compilation: enabled
              stopped_count=0, restarted_count=0
 full_count=0

Compilation events (20 events):
Event: 60563.339 Thread 0x00000001228cb000 23194 % !   1       org.apache.skywalking.apm.agent.core.logging.core.FileWriter$1::run @ 0 (134 bytes)
Event: 60563.349 Thread 0x00000001228cb000 nmethod 23194% 0x000000010ffc3f10 code [0x000000010ffc4200, 0x000000010ffc4b60]
Event: 60569.059 Thread 0x00000001228cb000 23195       1       io.netty.channel.nio.NioEventLoop::unexpectedSelectorWakeup (68 bytes)
Event: 60569.062 Thread 0x00000001228cb000 nmethod 23195 0x000000010ffc5410 code [0x000000010ffc5640, 0x000000010ffc5b30]
Event: 60978.503 Thread 0x00000001228cb000 23199       1       com.sun.management.GarbageCollectionNotificationInfo::getGcName (5 bytes)
Event: 60978.503 Thread 0x00000001228cb000 nmethod 23199 0x000000010ffc5e90 code [0x000000010ffc6040, 0x000000010ffc6190]
Event: 61527.838 Thread 0x00000001228cb000 23205   !   1       io.netty.channel.kqueue.KQueueEventLoop::run (368 bytes)
Event: 61527.845 Thread 0x00000001228cb000 nmethod 23205 0x000000010ffc6210 code [0x000000010ffc6640, 0x000000010ffc74e0]
Event: 61530.742 Thread 0x00000001228cb000 23206   !   1       org.apache.tomcat.util.net.NioEndpoint$Poller::run (260 bytes)
Event: 61530.746 Thread 0x00000001228cb000 nmethod 23206 0x000000010ffc8310 code [0x000000010ffc8680, 0x000000010ffc9280]
Event: 61591.020 Thread 0x00000001228cb000 23207   !   1       org.apache.skywalking.apm.agent.core.logging.core.FileWriter$1::run (134 bytes)
Event: 61591.029 Thread 0x00000001228cb000 nmethod 23207 0x000000010ffc9b10 code [0x000000010ffc9e00, 0x000000010ffca6a0]
Event: 61709.187 Thread 0x00000001228cb000 23209       1       ch.qos.logback.core.rolling.SizeBasedTriggeringPolicy::isTriggeringEvent (40 bytes)
Event: 61709.199 Thread 0x00000001228cb000 nmethod 23209 0x000000010ffcae90 code [0x000000010ffcb0c0, 0x000000010ffcb530]
Event: 61709.199 Thread 0x00000001228cb000 23211       1       ch.qos.logback.classic.pattern.TargetLengthBasedClassNameAbbreviator::abbreviate (154 bytes)
Event: 61709.202 Thread 0x00000001228cb000 nmethod 23211 0x000000010ffcb810 code [0x000000010ffcba80, 0x000000010ffcc2b0]
Event: 61709.202 Thread 0x00000001228cb000 23210       1       ch.qos.logback.core.util.DefaultInvocationGate::isTooSoon (85 bytes)
Event: 61709.203 Thread 0x00000001228cb000 nmethod 23210 0x000000010ffcc710 code [0x000000010ffcc8c0, 0x000000010ffccb10]
Event: 62407.576 Thread 0x00000001228cb000 23217       1       java.util.stream.ReferencePipeline::allMatch (18 bytes)
Event: 62407.587 Thread 0x00000001228cb000 nmethod 23217 0x000000010ffccb90 code [0x000000010ffccd80, 0x000000010ffcd270]

GC Heap History (20 events):
Event: 60273.063 GC heap before
{Heap before GC invocations=51 (full 0):
 garbage-first heap   total 1423360K, used 933834K [0x0000000640000000, 0x00000007c0000000)
  region size 1024K, 782 young (800768K), 1 survivors (1024K)
 Metaspace       used 122280K, capacity 126058K, committed 126368K, reserved 1159168K
  class space    used 16060K, capacity 17507K, committed 17600K, reserved 1048576K
}
Event: 60273.078 GC heap after
{Heap after GC invocations=52 (full 0):
 garbage-first heap   total 1423360K, used 135111K [0x0000000640000000, 0x00000007c0000000)
  region size 1024K, 1 young (1024K), 1 survivors (1024K)
 Metaspace       used 122280K, capacity 126058K, committed 126368K, reserved 1159168K
  class space    used 16060K, capacity 17507K, committed 17600K, reserved 1048576K
}
Event: 60499.759 GC heap before
{Heap before GC invocations=52 (full 0):
 garbage-first heap   total 1423360K, used 943047K [0x0000000640000000, 0x00000007c0000000)
  region size 1024K, 791 young (809984K), 1 survivors (1024K)
 Metaspace       used 122280K, capacity 126058K, committed 126368K, reserved 1159168K
  class space    used 16060K, capacity 17507K, committed 17600K, reserved 1048576K
}
Event: 60499.774 GC heap after
{Heap after GC invocations=53 (full 0):
 garbage-first heap   total 1423360K, used 135115K [0x0000000640000000, 0x00000007c0000000)
  region size 1024K, 1 young (1024K), 1 survivors (1024K)
 Metaspace       used 122280K, capacity 126058K, committed 126368K, reserved 1159168K
  class space    used 16060K, capacity 17507K, committed 17600K, reserved 1048576K
}
Event: 60739.598 GC heap before
{Heap before GC invocations=53 (full 0):
 garbage-first heap   total 1423360K, used 987083K [0x0000000640000000, 0x00000007c0000000)
  region size 1024K, 834 young (854016K), 1 survivors (1024K)
 Metaspace       used 122280K, capacity 126058K, committed 126368K, reserved 1159168K
  class space    used 16060K, capacity 17507K, committed 17600K, reserved 1048576K
}
Event: 60739.613 GC heap after
{Heap after GC invocations=54 (full 0):
 garbage-first heap   total 1423360K, used 135192K [0x0000000640000000, 0x00000007c0000000)
  region size 1024K, 1 young (1024K), 1 survivors (1024K)
 Metaspace       used 122280K, capacity 126058K, committed 126368K, reserved 1159168K
  class space    used 16060K, capacity 17507K, committed 17600K, reserved 1048576K
}
Event: 60978.485 GC heap before
{Heap before GC invocations=54 (full 0):
 garbage-first heap   total 1423360K, used 987160K [0x0000000640000000, 0x00000007c0000000)
  region size 1024K, 834 young (854016K), 1 survivors (1024K)
 Metaspace       used 122280K, capacity 126058K, committed 126368K, reserved 1159168K
  class space    used 16060K, capacity 17507K, committed 17600K, reserved 1048576K
}
Event: 60978.501 GC heap after
{Heap after GC invocations=55 (full 0):
 garbage-first heap   total 1423360K, used 135165K [0x0000000640000000, 0x00000007c0000000)
  region size 1024K, 1 young (1024K), 1 survivors (1024K)
 Metaspace       used 122280K, capacity 126058K, committed 126368K, reserved 1159168K
  class space    used 16060K, capacity 17507K, committed 17600K, reserved 1048576K
}
Event: 61216.294 GC heap before
{Heap before GC invocations=55 (full 0):
 garbage-first heap   total 1423360K, used 987133K [0x0000000640000000, 0x00000007c0000000)
  region size 1024K, 834 young (854016K), 1 survivors (1024K)
 Metaspace       used 122280K, capacity 126058K, committed 126368K, reserved 1159168K
  class space    used 16060K, capacity 17507K, committed 17600K, reserved 1048576K
}
Event: 61216.322 GC heap after
{Heap after GC invocations=56 (full 0):
 garbage-first heap   total 1423360K, used 135111K [0x0000000640000000, 0x00000007c0000000)
  region size 1024K, 1 young (1024K), 1 survivors (1024K)
 Metaspace       used 122280K, capacity 126058K, committed 126368K, reserved 1159168K
  class space    used 16060K, capacity 17507K, committed 17600K, reserved 1048576K
}
Event: 61455.059 GC heap before
{Heap before GC invocations=56 (full 0):
 garbage-first heap   total 1423360K, used 987079K [0x0000000640000000, 0x00000007c0000000)
  region size 1024K, 834 young (854016K), 1 survivors (1024K)
 Metaspace       used 122280K, capacity 126058K, committed 126368K, reserved 1159168K
  class space    used 16060K, capacity 17507K, committed 17600K, reserved 1048576K
}
Event: 61455.074 GC heap after
{Heap after GC invocations=57 (full 0):
 garbage-first heap   total 1423360K, used 135144K [0x0000000640000000, 0x00000007c0000000)
  region size 1024K, 1 young (1024K), 1 survivors (1024K)
 Metaspace       used 122280K, capacity 126058K, committed 126368K, reserved 1159168K
  class space    used 16060K, capacity 17507K, committed 17600K, reserved 1048576K
}
Event: 61693.476 GC heap before
{Heap before GC invocations=57 (full 0):
 garbage-first heap   total 1423360K, used 987112K [0x0000000640000000, 0x00000007c0000000)
  region size 1024K, 834 young (854016K), 1 survivors (1024K)
 Metaspace       used 122280K, capacity 126058K, committed 126368K, reserved 1159168K
  class space    used 16060K, capacity 17507K, committed 17600K, reserved 1048576K
}
Event: 61693.484 GC heap after
{Heap after GC invocations=58 (full 0):
 garbage-first heap   total 1423360K, used 135128K [0x0000000640000000, 0x00000007c0000000)
  region size 1024K, 1 young (1024K), 1 survivors (1024K)
 Metaspace       used 122280K, capacity 126058K, committed 126368K, reserved 1159168K
  class space    used 16060K, capacity 17507K, committed 17600K, reserved 1048576K
}
Event: 61931.962 GC heap before
{Heap before GC invocations=58 (full 0):
 garbage-first heap   total 1423360K, used 987096K [0x0000000640000000, 0x00000007c0000000)
  region size 1024K, 834 young (854016K), 1 survivors (1024K)
 Metaspace       used 122280K, capacity 126058K, committed 126368K, reserved 1159168K
  class space    used 16060K, capacity 17507K, committed 17600K, reserved 1048576K
}
Event: 61931.970 GC heap after
{Heap after GC invocations=59 (full 0):
 garbage-first heap   total 1423360K, used 135142K [0x0000000640000000, 0x00000007c0000000)
  region size 1024K, 1 young (1024K), 1 survivors (1024K)
 Metaspace       used 122280K, capacity 126058K, committed 126368K, reserved 1159168K
  class space    used 16060K, capacity 17507K, committed 17600K, reserved 1048576K
}
Event: 62169.301 GC heap before
{Heap before GC invocations=59 (full 0):
 garbage-first heap   total 1423360K, used 987110K [0x0000000640000000, 0x00000007c0000000)
  region size 1024K, 834 young (854016K), 1 survivors (1024K)
 Metaspace       used 122280K, capacity 126058K, committed 126368K, reserved 1159168K
  class space    used 16060K, capacity 17507K, committed 17600K, reserved 1048576K
}
Event: 62169.318 GC heap after
{Heap after GC invocations=60 (full 0):
 garbage-first heap   total 1423360K, used 135154K [0x0000000640000000, 0x00000007c0000000)
  region size 1024K, 1 young (1024K), 1 survivors (1024K)
 Metaspace       used 122280K, capacity 126058K, committed 126368K, reserved 1159168K
  class space    used 16060K, capacity 17507K, committed 17600K, reserved 1048576K
}
Event: 62407.564 GC heap before
{Heap before GC invocations=60 (full 0):
 garbage-first heap   total 1423360K, used 987122K [0x0000000640000000, 0x00000007c0000000)
  region size 1024K, 834 young (854016K), 1 survivors (1024K)
 Metaspace       used 122280K, capacity 126058K, committed 126368K, reserved 1159168K
  class space    used 16060K, capacity 17507K, committed 17600K, reserved 1048576K
}
Event: 62407.574 GC heap after
{Heap after GC invocations=61 (full 0):
 garbage-first heap   total 1423360K, used 135177K [0x0000000640000000, 0x00000007c0000000)
  region size 1024K, 1 young (1024K), 1 survivors (1024K)
 Metaspace       used 122280K, capacity 126058K, committed 126368K, reserved 1159168K
  class space    used 16060K, capacity 17507K, committed 17600K, reserved 1048576K
}

Deoptimization events (20 events):
Event: 58973.305 Thread 0x0000000133b31000 DEOPT PACKING pc=0x000000010f285d74 sp=0x00000003145921c0
Event: 58973.305 Thread 0x0000000133b31000 DEOPT UNPACKING pc=0x000000010d02927c sp=0x0000000314591fc0 mode 3
Event: 58973.307 Thread 0x0000000133b31000 DEOPT PACKING pc=0x000000010f51f014 sp=0x00000003145923c0
Event: 58973.307 Thread 0x0000000133b31000 DEOPT UNPACKING pc=0x000000010d02927c sp=0x0000000314592220 mode 3
Event: 58974.475 Thread 0x000000012187b000 DEOPT PACKING pc=0x000000010f3c3b44 sp=0x000000031a9de2c0
Event: 58974.475 Thread 0x000000012187b000 DEOPT UNPACKING pc=0x000000010d02927c sp=0x000000031a9de100 mode 3
Event: 58974.475 Thread 0x000000012187b000 DEOPT PACKING pc=0x000000010fa52344 sp=0x000000031a9de520
Event: 58974.475 Thread 0x000000012187b000 DEOPT UNPACKING pc=0x000000010d02927c sp=0x000000031a9de360 mode 3
Event: 58976.591 Thread 0x00000001348aa000 DEOPT PACKING pc=0x000000010f6a4fd8 sp=0x000000031708e680
Event: 58976.591 Thread 0x00000001348aa000 DEOPT UNPACKING pc=0x000000010d02927c sp=0x000000031708e4c0 mode 3
Event: 58976.591 Thread 0x0000000121071000 DEOPT PACKING pc=0x000000010f6a4fd8 sp=0x000000031adf6680
Event: 58976.591 Thread 0x0000000121071000 DEOPT UNPACKING pc=0x000000010d02927c sp=0x000000031adf64c0 mode 3
Event: 58976.603 Thread 0x0000000123106000 DEOPT PACKING pc=0x000000010f6a4fd8 sp=0x0000000314bb6680
Event: 58976.603 Thread 0x0000000123106000 DEOPT UNPACKING pc=0x000000010d02927c sp=0x0000000314bb64c0 mode 3
Event: 58994.414 Thread 0x00000001263a6000 DEOPT PACKING pc=0x000000010f1deb68 sp=0x00000003143866f0
Event: 58994.414 Thread 0x00000001263a6000 DEOPT UNPACKING pc=0x000000010d02927c sp=0x00000003143865d0 mode 3
Event: 58994.439 Thread 0x0000000121889800 DEOPT PACKING pc=0x000000010f5aa8c8 sp=0x00000003294ae3f0
Event: 58994.439 Thread 0x0000000121889800 DEOPT UNPACKING pc=0x000000010d02927c sp=0x00000003294ae270 mode 3
Event: 58995.445 Thread 0x0000000126412000 DEOPT PACKING pc=0x000000010f57b8d4 sp=0x00000003149aa2d0
Event: 58995.445 Thread 0x0000000126412000 DEOPT UNPACKING pc=0x000000010d02927c sp=0x00000003149aa100 mode 3

Classes redefined (0 events):
No events

Internal exceptions (20 events):
Event: 62614.154 Thread 0x0000000137825000 Exception <a 'java/net/ConnectException'{0x000000066a7d9df8}> (0x000000066a7d9df8) thrown at [src/hotspot/share/prims/jni.cpp, line 617]
Event: 62614.203 Thread 0x0000000126f70000 Exception <a 'java/net/ConnectException'{0x000000066a51f2a8}> (0x000000066a51f2a8) thrown at [src/hotspot/share/prims/jni.cpp, line 617]
Event: 62614.268 Thread 0x000000015c12e000 Exception <a 'java/net/ConnectException'{0x0000000669aed298}> (0x0000000669aed298) thrown at [src/hotspot/share/prims/jni.cpp, line 617]
Event: 62614.321 Thread 0x000000015c12e000 Exception <a 'java/net/ConnectException'{0x0000000669aef448}> (0x0000000669aef448) thrown at [src/hotspot/share/prims/jni.cpp, line 617]
Event: 62614.341 Thread 0x0000000137825000 Exception <a 'java/net/ConnectException'{0x000000066a7dbfa8}> (0x000000066a7dbfa8) thrown at [src/hotspot/share/prims/jni.cpp, line 617]
Event: 62614.351 Thread 0x000000015c0fb000 Exception <a 'java/net/ConnectException'{0x0000000669d16648}> (0x0000000669d16648) thrown at [src/hotspot/share/prims/jni.cpp, line 617]
Event: 62614.352 Thread 0x000000015c0fb000 Exception <a 'java/net/ConnectException'{0x0000000669d187f8}> (0x0000000669d187f8) thrown at [src/hotspot/share/prims/jni.cpp, line 617]
Event: 62614.475 Thread 0x000000015c12e000 Exception <a 'java/net/ConnectException'{0x0000000669af15f8}> (0x0000000669af15f8) thrown at [src/hotspot/share/prims/jni.cpp, line 617]
Event: 62614.554 Thread 0x000000015c12e000 Exception <a 'java/net/ConnectException'{0x0000000669af37a8}> (0x0000000669af37a8) thrown at [src/hotspot/share/prims/jni.cpp, line 617]
Event: 62614.556 Thread 0x000000013788e000 Exception <a 'java/net/ConnectException'{0x000000066a5d22d0}> (0x000000066a5d22d0) thrown at [src/hotspot/share/prims/jni.cpp, line 617]
Event: 62614.557 Thread 0x000000013788e000 Exception <a 'java/net/ConnectException'{0x000000066a5d4480}> (0x000000066a5d4480) thrown at [src/hotspot/share/prims/jni.cpp, line 617]
Event: 62614.557 Thread 0x000000013788e000 Exception <a 'java/net/ConnectException'{0x000000066a5d6630}> (0x000000066a5d6630) thrown at [src/hotspot/share/prims/jni.cpp, line 617]
Event: 62614.571 Thread 0x000000015c0fb000 Exception <a 'java/net/ConnectException'{0x0000000669d1a4b8}> (0x0000000669d1a4b8) thrown at [src/hotspot/share/prims/jni.cpp, line 617]
Event: 62614.572 Thread 0x0000000137825000 Exception <a 'java/net/ConnectException'{0x000000066a7de158}> (0x000000066a7de158) thrown at [src/hotspot/share/prims/jni.cpp, line 617]
Event: 62614.572 Thread 0x0000000137825000 Exception <a 'java/net/ConnectException'{0x000000066a7df268}> (0x000000066a7df268) thrown at [src/hotspot/share/prims/jni.cpp, line 617]
Event: 62614.572 Thread 0x000000015c0fb000 Exception <a 'java/net/ConnectException'{0x0000000669d1c668}> (0x0000000669d1c668) thrown at [src/hotspot/share/prims/jni.cpp, line 617]
Event: 62614.573 Thread 0x0000000137825000 Exception <a 'java/net/ConnectException'{0x000000066a7e1418}> (0x000000066a7e1418) thrown at [src/hotspot/share/prims/jni.cpp, line 617]
Event: 62614.573 Thread 0x000000015c0fb000 Exception <a 'java/net/ConnectException'{0x0000000669d1d778}> (0x0000000669d1d778) thrown at [src/hotspot/share/prims/jni.cpp, line 617]
Event: 62614.843 Thread 0x000000013788e000 Exception <a 'java/net/ConnectException'{0x000000066a5d87e0}> (0x000000066a5d87e0) thrown at [src/hotspot/share/prims/jni.cpp, line 617]
Event: 62615.103 Thread 0x000000013788e000 Exception <a 'java/net/ConnectException'{0x000000066a5da990}> (0x000000066a5da990) thrown at [src/hotspot/share/prims/jni.cpp, line 617]

Events (20 events):
Event: 62612.752 loading class android/app/Application
Event: 62612.752 loading class android/app/Application done
Event: 62612.753 loading class android/app/Application
Event: 62612.753 loading class android/app/Application done
Event: 62612.754 Thread 0x0000000134f5e000 Thread added: 0x0000000134f5e000
Event: 62612.754 Protecting memory [0x00000003024dc000,0x00000003024e8000] with protection modes 0
Event: 62612.755 Thread 0x000000012120e000 Thread added: 0x000000012120e000
Event: 62612.755 Protecting memory [0x000000031daa8000,0x000000031dab4000] with protection modes 0
Event: 62612.756 Thread 0x000000012322c000 Thread added: 0x000000012322c000
Event: 62612.756 Protecting memory [0x0000000330b10000,0x0000000330b1c000] with protection modes 0
Event: 62612.756 Thread 0x0000000134d30000 Thread added: 0x0000000134d30000
Event: 62612.756 Protecting memory [0x0000000332194000,0x00000003321a0000] with protection modes 0
Event: 62612.756 Thread 0x00000001211dc800 Thread added: 0x00000001211dc800
Event: 62612.756 Protecting memory [0x0000000333818000,0x0000000333824000] with protection modes 0
Event: 62612.756 Thread 0x0000000134d31000 Thread added: 0x0000000134d31000
Event: 62612.756 Protecting memory [0x0000000333a24000,0x0000000333a30000] with protection modes 0
Event: 62613.758 Protecting memory [0x00000003024dc000,0x00000003024e8000] with protection modes 3
Event: 62613.758 Protecting memory [0x000000031daa8000,0x000000031dab4000] with protection modes 3
Event: 62613.758 Thread 0x0000000134f5e000 Thread exited: 0x0000000134f5e000
Event: 62613.758 Thread 0x000000012120e000 Thread exited: 0x000000012120e000


Dynamic libraries:
0x0000000102f00000 	/opt/homebrew/Cellar/openjdk@11/11.0.25/libexec/openjdk.jdk/Contents/Home/lib/jli/libjli.dylib
0x000000019f699000 	/System/Library/Frameworks/Cocoa.framework/Versions/A/Cocoa
0x00000001875cf000 	/System/Library/Frameworks/AppKit.framework/Versions/C/AppKit
0x000000018a887000 	/System/Library/Frameworks/CoreData.framework/Versions/A/CoreData
0x0000000184c09000 	/System/Library/Frameworks/Foundation.framework/Versions/C/Foundation
0x000000019158d000 	/usr/lib/libSystem.B.dylib
0x0000000188a0c000 	/System/Library/PrivateFrameworks/UIFoundation.framework/Versions/A/UIFoundation
0x000000022c707000 	/System/Library/PrivateFrameworks/CollectionViewCore.framework/Versions/A/CollectionViewCore
0x0000000198819000 	/System/Library/PrivateFrameworks/RemoteViewServices.framework/Versions/A/RemoteViewServices
0x000000018f213000 	/System/Library/PrivateFrameworks/XCTTargetBootstrap.framework/Versions/A/XCTTargetBootstrap
0x0000000193c73000 	/System/Library/PrivateFrameworks/InternationalSupport.framework/Versions/A/InternationalSupport
0x0000000193cd2000 	/System/Library/PrivateFrameworks/UserActivity.framework/Versions/A/UserActivity
0x0000000257f8b000 	/System/Library/PrivateFrameworks/UIIntelligenceSupport.framework/Versions/A/UIIntelligenceSupport
0x0000000222ad0000 	/System/Library/Frameworks/SwiftUICore.framework/Versions/A/SwiftUICore
0x000000025cf3c000 	/System/Library/PrivateFrameworks/WritingTools.framework/Versions/A/WritingTools
0x000000025bf8f000 	/System/Library/PrivateFrameworks/WindowManagement.framework/Versions/A/WindowManagement
0x0000000184863000 	/System/Library/Frameworks/SystemConfiguration.framework/Versions/A/SystemConfiguration
0x00000001930bc000 	/usr/lib/libspindump.dylib
0x0000000188bbe000 	/System/Library/Frameworks/UniformTypeIdentifiers.framework/Versions/A/UniformTypeIdentifiers
0x000000019098b000 	/usr/lib/libbsm.0.dylib
0x000000018ccd5000 	/usr/lib/libapp_launch_measurement.dylib
0x000000018c0d1000 	/System/Library/PrivateFrameworks/CoreAnalytics.framework/Versions/A/CoreAnalytics
0x000000018ccd9000 	/System/Library/PrivateFrameworks/CoreAutoLayout.framework/Versions/A/CoreAutoLayout
0x000000018e85c000 	/System/Library/Frameworks/Metal.framework/Versions/A/Metal
0x000000018fa5a000 	/usr/lib/liblangid.dylib
0x000000018f219000 	/System/Library/PrivateFrameworks/CoreSVG.framework/Versions/A/CoreSVG
0x00000001895df000 	/System/Library/PrivateFrameworks/SkyLight.framework/Versions/A/SkyLight
0x0000000189b0c000 	/System/Library/Frameworks/CoreGraphics.framework/Versions/A/CoreGraphics
0x0000000198ef2000 	/System/Library/Frameworks/Accelerate.framework/Versions/A/Accelerate
0x0000000192eee000 	/System/Library/PrivateFrameworks/IconServices.framework/Versions/A/IconServices
0x000000018e839000 	/System/Library/Frameworks/IOSurface.framework/Versions/A/IOSurface
0x000000018c103000 	/usr/lib/libDiagnosticMessagesClient.dylib
0x00000001914d1000 	/usr/lib/libz.1.dylib
0x000000019cd7e000 	/System/Library/Frameworks/ApplicationServices.framework/Versions/A/ApplicationServices
0x000000018f1fe000 	/System/Library/PrivateFrameworks/DFRFoundation.framework/Versions/A/DFRFoundation
0x0000000186e39000 	/usr/lib/libicucore.A.dylib
0x0000000194dec000 	/System/Library/Frameworks/AudioToolbox.framework/Versions/A/AudioToolbox
0x0000000193c83000 	/System/Library/PrivateFrameworks/DataDetectorsCore.framework/Versions/A/DataDetectorsCore
0x00000001af319000 	/System/Library/PrivateFrameworks/TextInput.framework/Versions/A/TextInput
0x000000018952b000 	/usr/lib/libMobileGestalt.dylib
0x000000018eef6000 	/System/Library/Frameworks/Carbon.framework/Versions/A/Frameworks/HIToolbox.framework/Versions/A/HIToolbox
0x000000018c5d4000 	/System/Library/Frameworks/QuartzCore.framework/Versions/A/QuartzCore
0x0000000186a42000 	/System/Library/Frameworks/Security.framework/Versions/A/Security
0x0000000198854000 	/System/Library/Frameworks/Carbon.framework/Versions/A/Frameworks/SpeechRecognition.framework/Versions/A/SpeechRecognition
0x000000018c9ee000 	/System/Library/PrivateFrameworks/CoreUI.framework/Versions/A/CoreUI
0x00000001862f6000 	/System/Library/Frameworks/CoreAudio.framework/Versions/A/CoreAudio
0x000000018c1ef000 	/System/Library/Frameworks/DiskArbitration.framework/Versions/A/DiskArbitration
0x000000019352f000 	/System/Library/PrivateFrameworks/MultitouchSupport.framework/Versions/A/MultitouchSupport
0x0000000189529000 	/usr/lib/libenergytrace.dylib
0x00000001a3d01000 	/System/Library/PrivateFrameworks/RenderBox.framework/Versions/A/RenderBox
0x000000018747f000 	/System/Library/Frameworks/IOKit.framework/Versions/A/IOKit
0x0000000198c48000 	/System/Library/Frameworks/CoreServices.framework/Versions/A/CoreServices
0x000000018cc66000 	/System/Library/PrivateFrameworks/PerformanceAnalysis.framework/Versions/A/PerformanceAnalysis
0x00000001e0889000 	/System/Library/Frameworks/OpenGL.framework/Versions/A/OpenGL
0x000000018cd23000 	/usr/lib/libxml2.2.dylib
0x0000000190870000 	/System/Library/PrivateFrameworks/MobileKeyBag.framework/Versions/A/MobileKeyBag
0x00000001835d4000 	/usr/lib/libobjc.A.dylib
0x00000001838c1000 	/usr/lib/libc++.1.dylib
0x0000000198bc8000 	/System/Library/Frameworks/Accessibility.framework/Versions/A/Accessibility
0x000000018a22b000 	/System/Library/Frameworks/ColorSync.framework/Versions/A/ColorSync
0x0000000183a17000 	/System/Library/Frameworks/CoreFoundation.framework/Versions/A/CoreFoundation
0x000000018f5d7000 	/System/Library/Frameworks/CoreImage.framework/Versions/A/CoreImage
0x00000001860e6000 	/System/Library/Frameworks/CoreText.framework/Versions/A/CoreText
0x00000001e1df0000 	/System/Library/Frameworks/CoreTransferable.framework/Versions/A/CoreTransferable
0x00000001e238f000 	/System/Library/Frameworks/DeveloperToolsSupport.framework/Versions/A/DeveloperToolsSupport
0x000000018f255000 	/System/Library/Frameworks/ImageIO.framework/Versions/A/ImageIO
0x00000002236ea000 	/System/Library/Frameworks/Symbols.framework/Versions/A/Symbols
0x0000000191592000 	/System/Library/PrivateFrameworks/SoftLinking.framework/Versions/A/SoftLinking
0x00000001c118e000 	/usr/lib/swift/libswiftAccelerate.dylib
0x000000019474d000 	/usr/lib/swift/libswiftCore.dylib
0x00000001aba9a000 	/usr/lib/swift/libswiftCoreFoundation.dylib
0x00000001abaf7000 	/usr/lib/swift/libswiftCoreImage.dylib
0x00000001a9246000 	/usr/lib/swift/libswiftDarwin.dylib
0x000000019a702000 	/usr/lib/swift/libswiftDispatch.dylib
0x00000001abaf8000 	/usr/lib/swift/libswiftIOKit.dylib
0x00000001b8325000 	/usr/lib/swift/libswiftMetal.dylib
0x00000001c6623000 	/usr/lib/swift/libswiftOSLog.dylib
0x000000019d2e9000 	/usr/lib/swift/libswiftObjectiveC.dylib
0x0000000264124000 	/usr/lib/swift/libswiftObservation.dylib
0x00000001bcc50000 	/usr/lib/swift/libswiftQuartzCore.dylib
0x00000001c117f000 	/usr/lib/swift/libswiftUniformTypeIdentifiers.dylib
0x00000001abaac000 	/usr/lib/swift/libswiftXPC.dylib
0x000000026421a000 	/usr/lib/swift/libswift_Builtin_float.dylib
0x000000026421f000 	/usr/lib/swift/libswift_Concurrency.dylib
0x0000000264387000 	/usr/lib/swift/libswift_StringProcessing.dylib
0x000000026443a000 	/usr/lib/swift/libswift_errno.dylib
0x000000026443c000 	/usr/lib/swift/libswift_math.dylib
0x000000026443f000 	/usr/lib/swift/libswift_signal.dylib
0x0000000264440000 	/usr/lib/swift/libswift_stdio.dylib
0x0000000264441000 	/usr/lib/swift/libswift_time.dylib
0x000000019d2ed000 	/usr/lib/swift/libswiftos.dylib
0x00000001af270000 	/usr/lib/swift/libswiftsimd.dylib
0x0000000264442000 	/usr/lib/swift/libswiftsys_time.dylib
0x0000000264443000 	/usr/lib/swift/libswiftunistd.dylib
0x000000019173e000 	/usr/lib/libcompression.dylib
0x0000000193bcb000 	/System/Library/PrivateFrameworks/TextureIO.framework/Versions/A/TextureIO
0x0000000192b7f000 	/usr/lib/libate.dylib
0x0000000191587000 	/usr/lib/system/libcache.dylib
0x0000000191540000 	/usr/lib/system/libcommonCrypto.dylib
0x000000019156d000 	/usr/lib/system/libcompiler_rt.dylib
0x0000000191562000 	/usr/lib/system/libcopyfile.dylib
0x0000000183713000 	/usr/lib/system/libcorecrypto.dylib
0x00000001837f5000 	/usr/lib/system/libdispatch.dylib
0x00000001839b2000 	/usr/lib/system/libdyld.dylib
0x000000019157d000 	/usr/lib/system/libkeymgr.dylib
0x000000019151f000 	/usr/lib/system/libmacho.dylib
0x0000000190964000 	/usr/lib/system/libquarantine.dylib
0x000000019157a000 	/usr/lib/system/libremovefile.dylib
0x00000001895a4000 	/usr/lib/system/libsystem_asl.dylib
0x00000001836a8000 	/usr/lib/system/libsystem_blocks.dylib
0x000000018383f000 	/usr/lib/system/libsystem_c.dylib
0x0000000191571000 	/usr/lib/system/libsystem_collections.dylib
0x000000018fa47000 	/usr/lib/system/libsystem_configuration.dylib
0x000000018e80a000 	/usr/lib/system/libsystem_containermanager.dylib
0x0000000191073000 	/usr/lib/system/libsystem_coreservices.dylib
0x00000001870fd000 	/usr/lib/system/libsystem_darwin.dylib
0x0000000264586000 	/usr/lib/system/libsystem_darwindirectory.dylib
0x000000019157e000 	/usr/lib/system/libsystem_dnssd.dylib
0x000000026458a000 	/usr/lib/system/libsystem_eligibility.dylib
0x000000018383c000 	/usr/lib/system/libsystem_featureflags.dylib
0x00000001839e7000 	/usr/lib/system/libsystem_info.dylib
0x00000001914e0000 	/usr/lib/system/libsystem_m.dylib
0x00000001837b3000 	/usr/lib/system/libsystem_malloc.dylib
0x000000018950e000 	/usr/lib/system/libsystem_networkextension.dylib
0x0000000187560000 	/usr/lib/system/libsystem_notify.dylib
0x000000018fa4c000 	/usr/lib/system/libsystem_sandbox.dylib
0x0000000264591000 	/usr/lib/system/libsystem_sanitizers.dylib
0x0000000191576000 	/usr/lib/system/libsystem_secinit.dylib
0x000000018396a000 	/usr/lib/system/libsystem_kernel.dylib
0x00000001839df000 	/usr/lib/system/libsystem_platform.dylib
0x00000001839a5000 	/usr/lib/system/libsystem_pthread.dylib
0x000000018b0ad000 	/usr/lib/system/libsystem_symptoms.dylib
0x00000001836f7000 	/usr/lib/system/libsystem_trace.dylib
0x000000019154e000 	/usr/lib/system/libunwind.dylib
0x00000001836ac000 	/usr/lib/system/libxpc.dylib
0x000000018394f000 	/usr/lib/libc++abi.dylib
0x000000019155a000 	/usr/lib/liboah.dylib
0x00000001873fe000 	/System/Library/PrivateFrameworks/CoreServicesInternal.framework/Versions/A/CoreServicesInternal
0x000000019158f000 	/usr/lib/libfakelink.dylib
0x000000019c82f000 	/System/Library/PrivateFrameworks/DiskImages.framework/Versions/A/DiskImages
0x00000001a8d73000 	/System/Library/Frameworks/NetFS.framework/Versions/A/NetFS
0x0000000189145000 	/System/Library/Frameworks/CFNetwork.framework/Versions/A/CFNetwork
0x000000018cc9d000 	/System/Library/Frameworks/CoreServices.framework/Versions/A/Frameworks/FSEvents.framework/Versions/A/FSEvents
0x0000000187108000 	/System/Library/Frameworks/CoreServices.framework/Versions/A/Frameworks/CarbonCore.framework/Versions/A/CarbonCore
0x000000018c165000 	/System/Library/Frameworks/CoreServices.framework/Versions/A/Frameworks/Metadata.framework/Versions/A/Metadata
0x000000019107a000 	/System/Library/Frameworks/CoreServices.framework/Versions/A/Frameworks/OSServices.framework/Versions/A/OSServices
0x000000019166d000 	/System/Library/Frameworks/CoreServices.framework/Versions/A/Frameworks/SearchKit.framework/Versions/A/SearchKit
0x000000018b027000 	/System/Library/Frameworks/CoreServices.framework/Versions/A/Frameworks/AE.framework/Versions/A/AE
0x0000000183f0c000 	/System/Library/Frameworks/CoreServices.framework/Versions/A/Frameworks/LaunchServices.framework/Versions/A/LaunchServices
0x00000001929d1000 	/System/Library/Frameworks/CoreServices.framework/Versions/A/Frameworks/DictionaryServices.framework/Versions/A/DictionaryServices
0x000000018ccab000 	/System/Library/Frameworks/CoreServices.framework/Versions/A/Frameworks/SharedFileList.framework/Versions/A/SharedFileList
0x0000000191708000 	/usr/lib/libapple_nghttp2.dylib
0x000000018ac8f000 	/usr/lib/libsqlite3.dylib
0x0000000195458000 	/System/Library/Frameworks/GSS.framework/Versions/A/GSS
0x000000018afc0000 	/System/Library/PrivateFrameworks/RunningBoardServices.framework/Versions/A/RunningBoardServices
0x000000018b0b6000 	/System/Library/Frameworks/Network.framework/Versions/A/Network
0x0000000191523000 	/usr/lib/system/libkxld.dylib
0x0000000263558000 	/usr/lib/libCoreEntitlements.dylib
0x0000000241d4c000 	/System/Library/PrivateFrameworks/MessageSecurity.framework/Versions/A/MessageSecurity
0x000000018ac75000 	/System/Library/PrivateFrameworks/ProtocolBuffer.framework/Versions/A/ProtocolBuffer
0x000000019105b000 	/System/Library/PrivateFrameworks/AppleFSCompression.framework/Versions/A/AppleFSCompression
0x0000000190973000 	/usr/lib/libcoretls.dylib
0x0000000192a48000 	/usr/lib/libcoretls_cfhelpers.dylib
0x0000000191738000 	/usr/lib/libpam.2.dylib
0x0000000192abb000 	/usr/lib/libxar.1.dylib
0x00000001915e4000 	/usr/lib/libarchive.2.dylib
0x0000000196b49000 	/System/Library/Frameworks/Combine.framework/Versions/A/Combine
0x000000022c72b000 	/System/Library/PrivateFrameworks/CollectionsInternal.framework/Versions/A/CollectionsInternal
0x0000000249c4f000 	/System/Library/PrivateFrameworks/ReflectionInternal.framework/Versions/A/ReflectionInternal
0x000000024a8e7000 	/System/Library/PrivateFrameworks/RuntimeInternal.framework/Versions/A/RuntimeInternal
0x00000002641a1000 	/usr/lib/swift/libswiftSystem.dylib
0x000000018fa55000 	/System/Library/PrivateFrameworks/AppleSystemInfo.framework/Versions/A/AppleSystemInfo
0x00000001ab98d000 	/System/Library/PrivateFrameworks/LoggingSupport.framework/Versions/A/LoggingSupport
0x000000018cead000 	/System/Library/PrivateFrameworks/UserManagement.framework/Versions/A/UserManagement
0x000000018907a000 	/usr/lib/libboringssl.dylib
0x000000018b09c000 	/usr/lib/libdns_services.dylib
0x00000001aab7c000 	/usr/lib/libquic.dylib
0x00000001946dd000 	/usr/lib/libusrtcp.dylib
0x00000001cdcac000 	/System/Library/PrivateFrameworks/InternalSwiftProtobuf.framework/Versions/A/InternalSwiftProtobuf
0x00000002640ec000 	/usr/lib/swift/libswiftDistributed.dylib
0x0000000189144000 	/usr/lib/libnetwork.dylib
0x00000001916e2000 	/System/Library/PrivateFrameworks/AppleSauce.framework/Versions/A/AppleSauce
0x0000000184700000 	/System/Library/PrivateFrameworks/Lexicon.framework/Versions/A/Lexicon
0x000000023bb6d000 	/System/Library/PrivateFrameworks/IO80211.framework/Versions/A/IO80211
0x000000019a9a1000 	/System/Library/PrivateFrameworks/FrontBoardServices.framework/Versions/A/FrontBoardServices
0x000000019089b000 	/System/Library/Frameworks/SecurityFoundation.framework/Versions/A/SecurityFoundation
0x000000018fb7c000 	/System/Library/PrivateFrameworks/LinguisticData.framework/Versions/A/LinguisticData
0x000000019066f000 	/System/Library/PrivateFrameworks/IOMobileFramebuffer.framework/Versions/A/IOMobileFramebuffer
0x000000018aedb000 	/System/Library/PrivateFrameworks/BaseBoard.framework/Versions/A/BaseBoard
0x000000019aa6d000 	/System/Library/PrivateFrameworks/BoardServices.framework/Versions/A/BoardServices
0x000000019088d000 	/System/Library/PrivateFrameworks/AssertionServices.framework/Versions/A/AssertionServices
0x000000019c66b000 	/System/Library/PrivateFrameworks/BackBoardServices.framework/Versions/A/BackBoardServices
0x000000018ec69000 	/System/Library/PrivateFrameworks/FontServices.framework/libFontParser.dylib
0x00000001895bd000 	/System/Library/PrivateFrameworks/TCC.framework/Versions/A/TCC
0x00000001a0110000 	/System/Library/PrivateFrameworks/IOSurfaceAccelerator.framework/Versions/A/IOSurfaceAccelerator
0x000000019352d000 	/System/Library/PrivateFrameworks/WatchdogClient.framework/Versions/A/WatchdogClient
0x0000000185c13000 	/System/Library/Frameworks/CoreDisplay.framework/Versions/A/CoreDisplay
0x000000018eafe000 	/System/Library/Frameworks/CoreMedia.framework/Versions/A/CoreMedia
0x000000018e852000 	/System/Library/PrivateFrameworks/IOAccelerator.framework/Versions/A/IOAccelerator
0x000000018ce0d000 	/System/Library/Frameworks/CoreVideo.framework/Versions/A/CoreVideo
0x0000000191736000 	/System/Library/Frameworks/MetalPerformanceShaders.framework/Versions/A/MetalPerformanceShaders
0x0000000249177000 	/System/Library/PrivateFrameworks/ProDisplayLibrary.framework/Versions/A/ProDisplayLibrary
0x0000000193574000 	/System/Library/Frameworks/VideoToolbox.framework/Versions/A/VideoToolbox
0x000000018fa53000 	/System/Library/PrivateFrameworks/AggregateDictionary.framework/Versions/A/AggregateDictionary
0x0000000192a4a000 	/System/Library/PrivateFrameworks/APFS.framework/Versions/A/APFS
0x0000000228eb4000 	/System/Library/PrivateFrameworks/AppleKeyStore.framework/Versions/A/AppleKeyStore
0x0000000192aca000 	/usr/lib/libutil.dylib
0x0000000192a29000 	/usr/lib/liblzma.5.dylib
0x000000018c1f8000 	/System/Library/Frameworks/Accelerate.framework/Versions/A/Frameworks/vImage.framework/Versions/A/vImage
0x0000000198c23000 	/System/Library/Frameworks/Accelerate.framework/Versions/A/Frameworks/vecLib.framework/Versions/A/vecLib
0x0000000192b02000 	/System/Library/Frameworks/Accelerate.framework/Versions/A/Frameworks/vecLib.framework/Versions/A/libvMisc.dylib
0x0000000184370000 	/System/Library/Frameworks/Accelerate.framework/Versions/A/Frameworks/vecLib.framework/Versions/A/libBLAS.dylib
0x0000000195034000 	/System/Library/Frameworks/ApplicationServices.framework/Versions/A/Frameworks/ATS.framework/Versions/A/ATS
0x000000018a3e3000 	/System/Library/Frameworks/ApplicationServices.framework/Versions/A/Frameworks/HIServices.framework/Versions/A/HIServices
0x0000000193b53000 	/System/Library/Frameworks/ApplicationServices.framework/Versions/A/Frameworks/PrintCore.framework/Versions/A/PrintCore
0x0000000195420000 	/System/Library/Frameworks/ApplicationServices.framework/Versions/A/Frameworks/QD.framework/Versions/A/QD
0x0000000195417000 	/System/Library/Frameworks/ApplicationServices.framework/Versions/A/Frameworks/ColorSyncLegacy.framework/Versions/A/ColorSyncLegacy
0x0000000195006000 	/System/Library/Frameworks/ApplicationServices.framework/Versions/A/Frameworks/SpeechSynthesis.framework/Versions/A/SpeechSynthesis
0x000000019063c000 	/System/Library/PrivateFrameworks/CoreEmoji.framework/Versions/A/CoreEmoji
0x00000002331ca000 	/System/Library/PrivateFrameworks/FontServices.framework/Versions/A/FontServices
0x0000000193066000 	/System/Library/PrivateFrameworks/OTSVG.framework/Versions/A/OTSVG
0x000000018c99c000 	/System/Library/Frameworks/ApplicationServices.framework/Versions/A/Frameworks/ATS.framework/Versions/A/Resources/libFontRegistry.dylib
0x00000001930b0000 	/System/Library/PrivateFrameworks/FontServices.framework/libhvf.dylib
0x00000002451da000 	/System/Library/PrivateFrameworks/ParsingInternal.framework/Versions/A/ParsingInternal
0x0000000264143000 	/usr/lib/swift/libswiftRegexBuilder.dylib
0x00000002642e0000 	/usr/lib/swift/libswift_RegexParser.dylib
0x00000001933f4000 	/System/Library/PrivateFrameworks/AppleJPEG.framework/Versions/A/AppleJPEG
0x0000000192e7b000 	/usr/lib/libexpat.1.dylib
0x0000000193a28000 	/System/Library/Frameworks/ImageIO.framework/Versions/A/Resources/libPng.dylib
0x0000000193a53000 	/System/Library/Frameworks/ImageIO.framework/Versions/A/Resources/libTIFF.dylib
0x0000000193b3e000 	/System/Library/Frameworks/ImageIO.framework/Versions/A/Resources/libGIF.dylib
0x000000019343a000 	/System/Library/Frameworks/ImageIO.framework/Versions/A/Resources/libJP2.dylib
0x0000000193ae4000 	/System/Library/Frameworks/ImageIO.framework/Versions/A/Resources/libJPEG.dylib
0x0000000193adb000 	/System/Library/Frameworks/ImageIO.framework/Versions/A/Resources/libRadiance.dylib
0x0000000237f92000 	/System/Library/PrivateFrameworks/GPUCompiler.framework/Versions/32023/Libraries/libllvm-flatbuffers.dylib
0x0000000233290000 	/System/Library/PrivateFrameworks/FramePacing.framework/Versions/A/FramePacing
0x00000001e087b000 	/System/Library/Frameworks/OpenGL.framework/Versions/A/Libraries/libCoreFSCache.dylib
0x0000000233e3b000 	/System/Library/PrivateFrameworks/GPUCompiler.framework/Versions/32023/Libraries/libGPUCompilerUtils.dylib
0x00000002331cb000 	/System/Library/PrivateFrameworks/FontServices.framework/libXTFontStaticRegistryData.dylib
0x000000019e426000 	/System/Library/PrivateFrameworks/ASEProcessing.framework/Versions/A/ASEProcessing
0x00000001c9db9000 	/System/Library/PrivateFrameworks/Symbolication.framework/Versions/A/Symbolication
0x000000024838d000 	/System/Library/PrivateFrameworks/PhotosensitivityProcessing.framework/Versions/A/PhotosensitivityProcessing
0x000000019305a000 	/System/Library/PrivateFrameworks/GraphVisualizer.framework/Versions/A/GraphVisualizer
0x00000001e08db000 	/System/Library/Frameworks/OpenGL.framework/Versions/A/Libraries/libGLU.dylib
0x00000001e089d000 	/System/Library/Frameworks/OpenGL.framework/Versions/A/Libraries/libGFXShared.dylib
0x00000001e0a6e000 	/System/Library/Frameworks/OpenGL.framework/Versions/A/Libraries/libGL.dylib
0x00000001e08a6000 	/System/Library/Frameworks/OpenGL.framework/Versions/A/Libraries/libGLImage.dylib
0x00000001e089a000 	/System/Library/Frameworks/OpenGL.framework/Versions/A/Libraries/libCVMSPluginSupport.dylib
0x00000002636fc000 	/usr/lib/libRosetta.dylib
0x00000001e0883000 	/System/Library/Frameworks/OpenGL.framework/Versions/A/Libraries/libCoreVMClient.dylib
0x000000018f995000 	/System/Library/Frameworks/MetalPerformanceShaders.framework/Versions/A/Frameworks/MPSCore.framework/Versions/A/MPSCore
0x0000000190fc7000 	/System/Library/Frameworks/MetalPerformanceShaders.framework/Versions/A/Frameworks/MPSImage.framework/Versions/A/MPSImage
0x0000000190a16000 	/System/Library/Frameworks/MetalPerformanceShaders.framework/Versions/A/Frameworks/MPSNeuralNetwork.framework/Versions/A/MPSNeuralNetwork
0x0000000190e4c000 	/System/Library/Frameworks/MetalPerformanceShaders.framework/Versions/A/Frameworks/MPSMatrix.framework/Versions/A/MPSMatrix
0x0000000190c64000 	/System/Library/Frameworks/MetalPerformanceShaders.framework/Versions/A/Frameworks/MPSRayIntersector.framework/Versions/A/MPSRayIntersector
0x0000000190e7e000 	/System/Library/Frameworks/MetalPerformanceShaders.framework/Versions/A/Frameworks/MPSNDArray.framework/Versions/A/MPSNDArray
0x00000001e4653000 	/System/Library/Frameworks/MetalPerformanceShaders.framework/Versions/A/Frameworks/MPSFunctions.framework/Versions/A/MPSFunctions
0x00000001e4637000 	/System/Library/Frameworks/MetalPerformanceShaders.framework/Versions/A/Frameworks/MPSBenchmarkLoop.framework/Versions/A/MPSBenchmarkLoop
0x00000001841f4000 	/System/Library/PrivateFrameworks/MetalTools.framework/Versions/A/MetalTools
0x00000001b05da000 	/System/Library/PrivateFrameworks/IOAccelMemoryInfo.framework/Versions/A/IOAccelMemoryInfo
0x00000001bd04c000 	/System/Library/PrivateFrameworks/kperf.framework/Versions/A/kperf
0x00000001aba71000 	/System/Library/PrivateFrameworks/GPURawCounter.framework/Versions/A/GPURawCounter
0x000000019aeb4000 	/System/Library/PrivateFrameworks/CoreSymbolication.framework/Versions/A/CoreSymbolication
0x00000001aba0b000 	/System/Library/PrivateFrameworks/MallocStackLogging.framework/Versions/A/MallocStackLogging
0x0000000192c19000 	/System/Library/PrivateFrameworks/CrashReporterSupport.framework/Versions/A/CrashReporterSupport
0x000000019ae6e000 	/System/Library/PrivateFrameworks/DebugSymbols.framework/Versions/A/DebugSymbols
0x00000001bc2e4000 	/System/Library/PrivateFrameworks/OSAnalytics.framework/Versions/A/OSAnalytics
0x0000000193b0f000 	/System/Library/Frameworks/ApplicationServices.framework/Versions/A/Frameworks/ATSUI.framework/Versions/A/ATSUI
0x00000001953aa000 	/usr/lib/libcups.2.dylib
0x0000000195446000 	/System/Library/Frameworks/Kerberos.framework/Versions/A/Kerberos
0x00000001950b3000 	/usr/lib/libresolv.9.dylib
0x00000001915c9000 	/usr/lib/libiconv.2.dylib
0x00000001930c3000 	/System/Library/PrivateFrameworks/Heimdal.framework/Versions/A/Heimdal
0x000000019d244000 	/System/Library/Frameworks/Kerberos.framework/Versions/A/Libraries/libHeimdalProxy.dylib
0x0000000192e96000 	/usr/lib/libheimdal-asn1.dylib
0x000000018cc70000 	/System/Library/Frameworks/OpenDirectory.framework/Versions/A/OpenDirectory
0x00000001954b3000 	/System/Library/PrivateFrameworks/CommonAuth.framework/Versions/A/CommonAuth
0x000000018cc7e000 	/System/Library/Frameworks/OpenDirectory.framework/Versions/A/Frameworks/CFOpenDirectory.framework/Versions/A/CFOpenDirectory
0x000000019151e000 	/usr/lib/libcharset.1.dylib
0x00000001e0e0e000 	/System/Library/Frameworks/AVFAudio.framework/Versions/A/AVFAudio
0x00000001a5bc7000 	/System/Library/PrivateFrameworks/AXCoreUtilities.framework/Versions/A/AXCoreUtilities
0x000000023e98c000 	/System/Library/PrivateFrameworks/IsolatedCoreAudioClient.framework/Versions/A/IsolatedCoreAudioClient
0x0000000194fed000 	/usr/lib/libAudioStatistics.dylib
0x000000018ead6000 	/System/Library/PrivateFrameworks/caulk.framework/Versions/A/caulk
0x0000000185d34000 	/System/Library/PrivateFrameworks/AudioToolboxCore.framework/Versions/A/AudioToolboxCore
0x000000019f4d0000 	/System/Library/Frameworks/CoreMIDI.framework/Versions/A/CoreMIDI
0x0000000194f90000 	/System/Library/PrivateFrameworks/AudioSession.framework/Versions/A/AudioSession
0x00000001968b9000 	/System/Library/Frameworks/IOBluetooth.framework/Versions/A/IOBluetooth
0x0000000192f80000 	/System/Library/PrivateFrameworks/MediaExperience.framework/Versions/A/MediaExperience
0x00000002561d8000 	/System/Library/PrivateFrameworks/Tightbeam.framework/Versions/A/Tightbeam
0x00000001c1852000 	/System/Library/PrivateFrameworks/AFKUser.framework/Versions/A/AFKUser
0x00000001930a6000 	/System/Library/PrivateFrameworks/AppServerSupport.framework/Versions/A/AppServerSupport
0x000000019542a000 	/System/Library/PrivateFrameworks/perfdata.framework/Versions/A/perfdata
0x00000001aac73000 	/System/Library/PrivateFrameworks/SystemPolicy.framework/Versions/A/SystemPolicy
0x00000001952c9000 	/usr/lib/libSMC.dylib
0x00000001939f2000 	/usr/lib/libAudioToolboxUtility.dylib
0x0000000195438000 	/usr/lib/libperfcheck.dylib
0x0000000229499000 	/System/Library/PrivateFrameworks/AudioAnalytics.framework/Versions/A/AudioAnalytics
0x00000001d4dde000 	/System/Library/PrivateFrameworks/FeatureFlags.framework/Versions/A/FeatureFlags
0x00000001cda78000 	/System/Library/Frameworks/OSLog.framework/Versions/A/OSLog
0x0000000191067000 	/usr/lib/libbz2.1.0.dylib
0x00000001aba3d000 	/usr/lib/libmis.dylib
0x0000000194da3000 	/System/Library/PrivateFrameworks/AudioSession.framework/libSessionUtility.dylib
0x0000000193b44000 	/System/Library/PrivateFrameworks/CMCaptureCore.framework/Versions/A/CMCaptureCore
0x00000001e24de000 	/System/Library/Frameworks/ExtensionFoundation.framework/Versions/A/ExtensionFoundation
0x000000019afc8000 	/System/Library/PrivateFrameworks/CoreTime.framework/Versions/A/CoreTime
0x0000000192d78000 	/System/Library/PrivateFrameworks/PlugInKit.framework/Versions/A/PlugInKit
0x0000000199bfd000 	/System/Library/PrivateFrameworks/PowerLog.framework/Versions/A/PowerLog
0x0000000199b0c000 	/System/Library/Frameworks/CoreBluetooth.framework/Versions/A/CoreBluetooth
0x000000019d245000 	/System/Library/Frameworks/AudioUnit.framework/Versions/A/AudioUnit
0x00000001906ff000 	/System/Library/PrivateFrameworks/CoreUtils.framework/Versions/A/CoreUtils
0x0000000230092000 	/System/Library/PrivateFrameworks/CoreUtilsExtras.framework/Versions/A/CoreUtilsExtras
0x0000000198f41000 	/System/Library/Frameworks/MediaAccessibility.framework/Versions/A/MediaAccessibility
0x00000001b3e91000 	/System/Library/PrivateFrameworks/AttributeGraph.framework/Versions/A/AttributeGraph
0x000000026339c000 	/usr/lib/libAXSafeCategoryBundle.dylib
0x00000001a5c84000 	/usr/lib/libAccessibility.dylib
0x0000000190549000 	/System/Library/Frameworks/Accelerate.framework/Versions/A/Frameworks/vecLib.framework/Versions/A/libvDSP.dylib
0x0000000191814000 	/System/Library/Frameworks/Accelerate.framework/Versions/A/Frameworks/vecLib.framework/Versions/A/libLAPACK.dylib
0x0000000190a01000 	/System/Library/Frameworks/Accelerate.framework/Versions/A/Frameworks/vecLib.framework/Versions/A/libLinearAlgebra.dylib
0x0000000191723000 	/System/Library/Frameworks/Accelerate.framework/Versions/A/Frameworks/vecLib.framework/Versions/A/libSparseBLAS.dylib
0x000000019180f000 	/System/Library/Frameworks/Accelerate.framework/Versions/A/Frameworks/vecLib.framework/Versions/A/libQuadrature.dylib
0x000000018fb83000 	/System/Library/Frameworks/Accelerate.framework/Versions/A/Frameworks/vecLib.framework/Versions/A/libBNNS.dylib
0x0000000184802000 	/System/Library/Frameworks/Accelerate.framework/Versions/A/Frameworks/vecLib.framework/Versions/A/libSparse.dylib
0x000000023feef000 	/System/Library/PrivateFrameworks/MIL.framework/Versions/A/MIL
0x0000000193ad6000 	/System/Library/PrivateFrameworks/GPUWrangler.framework/Versions/A/GPUWrangler
0x0000000193ab6000 	/System/Library/PrivateFrameworks/IOPresentment.framework/Versions/A/IOPresentment
0x0000000193ade000 	/System/Library/PrivateFrameworks/DSExternalDisplay.framework/Versions/A/DSExternalDisplay
0x00000001cde85000 	/System/Library/PrivateFrameworks/HIDDisplay.framework/Versions/A/HIDDisplay
0x00000001a4998000 	/System/Library/PrivateFrameworks/HID.framework/Versions/A/HID
0x00000002599fa000 	/System/Library/PrivateFrameworks/VideoToolboxParavirtualizationSupport.framework/Versions/A/VideoToolboxParavirtualizationSupport
0x0000000192e31000 	/System/Library/PrivateFrameworks/AppleVA.framework/Versions/A/AppleVA
0x000000019ab17000 	/System/Library/PrivateFrameworks/GraphicsServices.framework/Versions/A/GraphicsServices
0x0000000195620000 	/System/Library/PrivateFrameworks/CorePhoneNumbers.framework/Versions/A/CorePhoneNumbers
0x0000000199ced000 	/System/Library/PrivateFrameworks/MediaKit.framework/Versions/A/MediaKit
0x0000000199c38000 	/System/Library/Frameworks/DiscRecording.framework/Versions/A/DiscRecording
0x000000019540a000 	/System/Library/PrivateFrameworks/NetAuth.framework/Versions/A/NetAuth
0x000000018ce6e000 	/System/Library/PrivateFrameworks/login.framework/Versions/A/Frameworks/loginsupport.framework/Versions/A/loginsupport
0x0000000192ea1000 	/System/Library/PrivateFrameworks/IconFoundation.framework/Versions/A/IconFoundation
0x0000000192c10000 	/usr/lib/libIOReport.dylib
0x00000002290b4000 	/System/Library/PrivateFrameworks/AppleMobileFileIntegrity.framework/Versions/A/AppleMobileFileIntegrity
0x0000000263742000 	/usr/lib/libTLE.dylib
0x00000001dd7e9000 	/System/Library/PrivateFrameworks/ConfigProfileHelper.framework/Versions/A/ConfigProfileHelper
0x000000019099d000 	/usr/lib/libmecab.dylib
0x00000001848f7000 	/usr/lib/libCRFSuite.dylib
0x000000018fa5c000 	/System/Library/PrivateFrameworks/CoreNLP.framework/Versions/A/CoreNLP
0x00000001909fe000 	/usr/lib/libgermantok.dylib
0x00000001916d9000 	/usr/lib/libThaiTokenizer.dylib
0x0000000190967000 	/usr/lib/libCheckFix.dylib
0x000000018c105000 	/System/Library/PrivateFrameworks/MetadataUtilities.framework/Versions/A/MetadataUtilities
0x000000023bdb6000 	/System/Library/PrivateFrameworks/InstalledContentLibrary.framework/Versions/A/InstalledContentLibrary
0x000000018743e000 	/System/Library/PrivateFrameworks/CoreServicesStore.framework/Versions/A/CoreServicesStore
0x00000001bd158000 	/System/Library/PrivateFrameworks/MobileSystemServices.framework/Versions/A/MobileSystemServices
0x0000000192ace000 	/usr/lib/libxslt.1.dylib
0x0000000190929000 	/System/Library/PrivateFrameworks/BackgroundTaskManagement.framework/Versions/A/BackgroundTaskManagement
0x000000019c9f1000 	/usr/lib/libcurl.4.dylib
0x000000026397b000 	/usr/lib/libcrypto.46.dylib
0x0000000263ec8000 	/usr/lib/libssl.48.dylib
0x000000019c6c5000 	/System/Library/Frameworks/LDAP.framework/Versions/A/LDAP
0x000000019c701000 	/System/Library/PrivateFrameworks/TrustEvaluationAgent.framework/Versions/A/TrustEvaluationAgent
0x00000001950cc000 	/usr/lib/libsasl2.2.dylib
0x00000001a9245000 	/usr/lib/swift/libswiftCoreGraphics.dylib
0x000000019957b000 	/usr/lib/swift/libswiftFoundation.dylib
0x00000001dd2a0000 	/usr/lib/swift/libswiftSwiftOnoneSupport.dylib
0x00000001ca54e000 	/System/Library/PrivateFrameworks/CoreMaterial.framework/Versions/A/CoreMaterial
0x000000024a9da000 	/System/Library/PrivateFrameworks/SFSymbols.framework/Versions/A/SFSymbols
0x0000000198841000 	/System/Library/PrivateFrameworks/SpeechRecognitionCore.framework/Versions/A/SpeechRecognitionCore
0x0000000103c6c000 	/opt/homebrew/Cellar/openjdk@11/11.0.25/libexec/openjdk.jdk/Contents/Home/lib/server/libjvm.dylib
0x0000000102f68000 	/opt/homebrew/Cellar/openjdk@11/11.0.25/libexec/openjdk.jdk/Contents/Home/lib/libverify.dylib
0x0000000102fb8000 	/opt/homebrew/Cellar/openjdk@11/11.0.25/libexec/openjdk.jdk/Contents/Home/lib/libjava.dylib
0x0000000102f80000 	/opt/homebrew/Cellar/openjdk@11/11.0.25/libexec/openjdk.jdk/Contents/Home/lib/libjimage.dylib
0x0000000102ff0000 	/opt/homebrew/Cellar/openjdk@11/11.0.25/libexec/openjdk.jdk/Contents/Home/lib/libinstrument.dylib
0x00000001030b4000 	/opt/homebrew/Cellar/openjdk@11/11.0.25/libexec/openjdk.jdk/Contents/Home/lib/libzip.dylib
0x0000000103500000 	/opt/homebrew/Cellar/openjdk@11/11.0.25/libexec/openjdk.jdk/Contents/Home/lib/libnio.dylib
0x0000000103520000 	/opt/homebrew/Cellar/openjdk@11/11.0.25/libexec/openjdk.jdk/Contents/Home/lib/libnet.dylib
0x00000001033d0000 	/opt/homebrew/Cellar/openjdk@11/11.0.25/libexec/openjdk.jdk/Contents/Home/lib/libmanagement.dylib
0x00000001033e4000 	/opt/homebrew/Cellar/openjdk@11/11.0.25/libexec/openjdk.jdk/Contents/Home/lib/libmanagement_ext.dylib
0x0000000103b44000 	/opt/homebrew/Cellar/openjdk@11/11.0.25/libexec/openjdk.jdk/Contents/Home/lib/libextnet.dylib
0x0000000103b88000 	/opt/homebrew/Cellar/openjdk@11/11.0.25/libexec/openjdk.jdk/Contents/Home/lib/libsunec.dylib
0x0000000103b58000 	/private/var/folders/3k/c0jh496n44v4f8t5jhnw4c900000gn/T/libnetty_resolver_dns_native_macos_aarch_648696839695720112675.dylib
0x0000000103bb8000 	/private/var/folders/3k/c0jh496n44v4f8t5jhnw4c900000gn/T/libnetty_transport_native_kqueue_aarch_6414658793670601718859.dylib


VM Arguments:
jvm_args: -javaagent:/Users/zch/software/skywalking-agent/skywalking-agent.jar -Dskywalking.agent.service_name=anynote-note -Dskywalking.collector.backend_service=127.0.0.1:11800 -XX:TieredStopAtLevel=1 -Xverify:none -Dspring.output.ansi.enabled=always -Dcom.sun.management.jmxremote -Dspring.jmx.enabled=true -Dspring.liveBeansView.mbeanDomain -Dspring.application.admin.enabled=true -Dmanagement.endpoints.jmx.exposure.include=* -javaagent:/Applications/IntelliJ IDEA.app/Contents/lib/idea_rt.jar=53273:/Applications/IntelliJ IDEA.app/Contents/bin -Dfile.encoding=UTF-8 
java_command: com.anynote.note.AnyNoteNoteApplication
java_class_path (initial): /Users/zch/code/anynote/Anynote-Cloud/anynote-modules/anynote-modules-note/target/classes:/Users/zch/.m2/repository/com/alibaba/cloud/spring-cloud-starter-alibaba-nacos-discovery/2021.0.4.0/spring-cloud-starter-alibaba-nacos-discovery-2021.0.4.0.jar:/Users/zch/.m2/repository/com/alibaba/cloud/spring-cloud-alibaba-commons/2021.0.4.0/spring-cloud-alibaba-commons-2021.0.4.0.jar:/Users/zch/.m2/repository/com/alibaba/nacos/nacos-client/2.0.4/nacos-client-2.0.4.jar:/Users/zch/.m2/repository/com/fasterxml/jackson/core/jackson-core/2.13.4/jackson-core-2.13.4.jar:/Users/zch/.m2/repository/org/apache/httpcomponents/httpasyncclient/4.1.5/httpasyncclient-4.1.5.jar:/Users/zch/.m2/repository/org/apache/httpcomponents/httpcore/4.4.16/httpcore-4.4.16.jar:/Users/zch/.m2/repository/org/apache/httpcomponents/httpcore-nio/4.4.16/httpcore-nio-4.4.16.jar:/Users/zch/.m2/repository/org/apache/httpcomponents/httpclient/4.5.14/httpclient-4.5.14.jar:/Users/zch/.m2/repository/org/reflections/reflections/0.9.11/reflections-0.9.11.jar:/Users/zch/.m2/repository/com/google/guava/guava/20.0/guava-20.0.jar:/Users/zch/.m2/repository/org/javassist/javassist/3.21.0-GA/javassist-3.21.0-GA.jar:/Users/zch/.m2/repository/io/prometheus/simpleclient/0.15.0/simpleclient-0.15.0.jar:/Users/zch/.m2/repository/io/prometheus/simpleclient_tracer_otel/0.15.0/simpleclient_tracer_otel-0.15.0.jar:/Users/zch/.m2/repository/io/prometheus/simpleclient_tracer_common/0.15.0/simpleclient_tracer_common-0.15.0.jar:/Users/zch/.m2/repository/io/prometheus/simpleclient_tracer_otel_agent/0.15.0/simpleclient_tracer_otel_agent-0.15.0.jar:/Users/zch/.m2/repository/org/yaml/snakeyaml/1.30/snakeyaml-1.30.jar:/Users/zch/.m2/repository/com/alibaba/spring/spring-context-support/1.0.11/spring-context-support-1.0.11.jar:/Users/zch/.m2/repository/org/springframework/cloud/spring-cloud-commons/3.1.5/spring-cloud-commons-3.1.5.jar:/Users/zch/.m2/repository/org/springframework/security/spring-security-crypto/5.7.6/s
Launcher Type: SUN_STANDARD

[Global flags]
     bool BytecodeVerificationLocal                = false                                     {product} {command line}
     bool BytecodeVerificationRemote               = false                                     {product} {command line}
     intx CICompilerCount                          = 4                                         {product} {ergonomic}
     uint ConcGCThreads                            = 2                                         {product} {ergonomic}
     uint G1ConcRefinementThreads                  = 8                                         {product} {ergonomic}
   size_t G1HeapRegionSize                         = 1048576                                   {product} {ergonomic}
    uintx GCDrainStackTargetSize                   = 64                                        {product} {ergonomic}
   size_t InitialHeapSize                          = 402653184                                 {product} {ergonomic}
     bool ManagementServer                         = true                                      {product} {command line}
   size_t MarkStackSize                            = 4194304                                   {product} {ergonomic}
   size_t MaxHeapSize                              = 6442450944                                {product} {ergonomic}
   size_t MaxNewSize                               = 3865051136                                {product} {ergonomic}
   size_t MinHeapDeltaBytes                        = 1048576                                   {product} {ergonomic}
    uintx NonNMethodCodeHeapSize                   = 7549744                                {pd product} {ergonomic}
    uintx NonProfiledCodeHeapSize                  = 244108496                              {pd product} {ergonomic}
    uintx ProfiledCodeHeapSize                     = 0                                      {pd product} {ergonomic}
    uintx ReservedCodeCacheSize                    = 251658240                              {pd product} {ergonomic}
     bool SegmentedCodeCache                       = true                                      {product} {ergonomic}
     intx TieredStopAtLevel                        = 1                                         {product} {command line}
     bool UseCompressedClassPointers               = true                                 {lp64_product} {ergonomic}
     bool UseCompressedOops                        = true                                 {lp64_product} {ergonomic}
     bool UseG1GC                                  = true                                      {product} {ergonomic}

Logging:
Log output configuration:
 #0: stdout all=warning uptime,level,tags
 #1: stderr all=off uptime,level,tags

Environment Variables:
PATH=/Users/zch/.nvm/versions/node/v18.20.4/bin:/Users/zch/miniconda3/bin:/Users/zch/miniconda3/condabin:/Users/zch/software/apache-maven-3.9.9/bin:/opt/homebrew/bin:/opt/homebrew/sbin:/usr/local/bin:/System/Cryptexes/App/usr/bin:/usr/bin:/bin:/usr/sbin:/sbin:/var/run/com.apple.security.cryptexd/codex.system/bootstrap/usr/local/bin:/var/run/com.apple.security.cryptexd/codex.system/bootstrap/usr/bin:/var/run/com.apple.security.cryptexd/codex.system/bootstrap/usr/appleinternal/bin:/Library/Apple/usr/bin:/Users/zch/.cargo/bin:/Users/zch/.lmstudio/bin
SHELL=/bin/zsh
LC_CTYPE=zh_CN.UTF-8
TMPDIR=/var/folders/3k/c0jh496n44v4f8t5jhnw4c900000gn/T/

Signal Handlers:
SIGSEGV: [libjvm.dylib+0x701dd0], sa_mask[0]=11111111011111110111111111111111, sa_flags=SA_ONSTACK|SA_RESTART|SA_SIGINFO
SIGBUS: [libjvm.dylib+0x701dd0], sa_mask[0]=11111111011111110111111111111111, sa_flags=SA_RESTART|SA_SIGINFO
SIGFPE: [libjvm.dylib+0x701dd0], sa_mask[0]=11111111011111110111111111111111, sa_flags=SA_RESTART|SA_SIGINFO
SIGPIPE: [libjvm.dylib+0x56a09c], sa_mask[0]=11111111011111110111111111111111, sa_flags=SA_RESTART|SA_SIGINFO
SIGXFSZ: [libjvm.dylib+0x56a09c], sa_mask[0]=11111111011111110111111111111111, sa_flags=SA_RESTART|SA_SIGINFO
SIGILL: [libjvm.dylib+0x701dd0], sa_mask[0]=11111111011111110111111111111111, sa_flags=SA_RESTART|SA_SIGINFO
SIGUSR2: [libjvm.dylib+0x56a698], sa_mask[0]=00000000000000000000000000000000, sa_flags=SA_RESTART|SA_SIGINFO
SIGHUP: [libjvm.dylib+0x568e30], sa_mask[0]=11111111011111110111111111111111, sa_flags=SA_RESTART|SA_SIGINFO
SIGINT: [libjvm.dylib+0x568e30], sa_mask[0]=11111111011111110111111111111111, sa_flags=SA_RESTART|SA_SIGINFO
SIGTERM: [libjvm.dylib+0x568e30], sa_mask[0]=11111111011111110111111111111111, sa_flags=SA_RESTART|SA_SIGINFO
SIGQUIT: [libjvm.dylib+0x568e30], sa_mask[0]=11111111011111110111111111111111, sa_flags=SA_RESTART|SA_SIGINFO


---------------  S Y S T E M  ---------------

OS:uname:Darwin 24.3.0 Darwin Kernel Version 24.3.0: Thu Jan  2 20:24:23 PST 2025; root:xnu-11215.81.4~3/RELEASE_ARM64_T8122 arm64
OS uptime: 5 days 0:09 hours
rlimit (soft/hard): STACK 8176k/65520k , CORE 0k/infinity , NPROC 4000/6000 , NOFILE 10240/infinity , AS infinity/infinity , CPU infinity/infinity , DATA infinity/infinity , FSIZE infinity/infinity , MEMLOCK infinity/infinity , RSS infinity/infinity
load average:4.36 5.60 6.60

CPU:total 8 (initial active 8) 0x61:0x0:0xfa33415e:0, simd, crc, lse

Memory: 16k page, physical 25165824k(66192k free), swap 22020096k(1281600k free)

vm_info: OpenJDK 64-Bit Server VM (11.0.25+0) for bsd-aarch64 JRE (11.0.25+0), built on Oct 15 2024 22:10:31 by "brew" with clang Homebrew Clang 19.1.1

END.
