#
# A fatal error has been detected by the Java Runtime Environment:
#
#  SIGSEGV (0xb) at pc=0x0000000101b1111c, pid=6838, tid=88835
#
# JRE version: OpenJDK Runtime Environment Homebrew (11.0.25) (build 11.0.25+0)
# Java VM: OpenJDK 64-Bit Server VM Homebrew (11.0.25+0, mixed mode, tiered, compressed oops, g1 gc, bsd-aarch64)
# Problematic frame:
# V  [libjvm.dylib+0x69511c]  ObjectSynchronizer::inflate(Thread*, oopDesc*, ObjectSynchronizer::InflateCause)+0x18c
#
# No core dump will be written. Core dumps have been disabled. To enable core dumping, try "ulimit -c unlimited" before starting Java again
#
# If you would like to submit a bug report, please visit:
#   https://github.com/Homebrew/homebrew-core/issues
#

---------------  S U M M A R Y ------------

Command Line: -javaagent:/Users/zch/software/skywalking-agent/skywalking-agent.jar -Dskywalking.agent.service_name=anynote-file -Dskywalking.collector.backend_service=127.0.0.1:11800 -XX:TieredStopAtLevel=1 -Xverify:none -Dspring.output.ansi.enabled=always -Dcom.sun.management.jmxremote -Dspring.jmx.enabled=true -Dspring.liveBeansView.mbeanDomain -Dspring.application.admin.enabled=true -Dmanagement.endpoints.jmx.exposure.include=* -javaagent:/Applications/IntelliJ IDEA.app/Contents/lib/idea_rt.jar=52164:/Applications/IntelliJ IDEA.app/Contents/bin -Dfile.encoding=UTF-8 com.anynote.file.AnyNoteFileApplication

Host: Mac15,12 arm64 1 MHz, 8 cores, 24G, Darwin 24.4.0
Time: Mon Apr 21 10:48:22 2025 CST elapsed time: 36166.233053 seconds (0d 10h 2m 46s)

---------------  T H R E A D  ---------------

Current thread (0x0000000169356000):  JavaThread "PullMessageService" [_thread_in_Java, id=88835, stack(0x000000017cd30000,0x000000017cf33000)]

Stack: [0x000000017cd30000,0x000000017cf33000],  sp=0x000000017cf32260,  free space=2056k
Native frames: (J=compiled Java code, A=aot compiled Java code, j=interpreted, Vv=VM code, C=native code)
V  [libjvm.dylib+0x69511c]  ObjectSynchronizer::inflate(Thread*, oopDesc*, ObjectSynchronizer::InflateCause)+0x18c
V  [libjvm.dylib+0x694f70]  ObjectSynchronizer::fast_exit(oopDesc*, BasicLock*, Thread*)+0x54
V  [libjvm.dylib+0x5e9130]  SharedRuntime::monitor_exit_helper(oopDesc*, BasicLock*, JavaThread*, bool)+0x44
V  [libjvm.dylib+0x12aa9c]  Runtime1::monitorexit(JavaThread*, BasicObjectLock*)+0x58
v  ~RuntimeStub::monitorexit_nofpu Runtime1 stub
C  0x0000000169356000

Java frames: (J=compiled Java code, j=interpreted, Vv=VM code)
v  ~RuntimeStub::monitorexit_nofpu Runtime1 stub
J 13953 c1 org.apache.rocketmq.logging.inner.Logger.callAppenders(Lorg/apache/rocketmq/logging/inner/LoggingEvent;)V (80 bytes) @ 0x0000000142549b40 [0x0000000142549900+0x0000000000000240]
J 18617 c1 org.apache.rocketmq.logging.inner.Logger.error(Ljava/lang/Object;Ljava/lang/Throwable;)V (40 bytes) @ 0x0000000142d7fc0c [0x0000000142d7fa80+0x000000000000018c]
J 18618 c1 org.apache.rocketmq.logging.InnerLoggerFactory$InnerLogger.error(Ljava/lang/String;Ljava/lang/Throwable;)V (10 bytes) @ 0x0000000142d80224 [0x0000000142d801c0+0x0000000000000064]
J 15441 c1 org.apache.rocketmq.client.impl.consumer.DefaultMQPushConsumerImpl.pullMessage(Lorg/apache/rocketmq/client/impl/consumer/PullRequest;)V (940 bytes) @ 0x00000001428013c0 [0x00000001427ff8c0+0x0000000000001b00]
J 15439 c1 org.apache.rocketmq.client.impl.consumer.PullMessageService.pullMessage(Lorg/apache/rocketmq/client/impl/consumer/PullRequest;)V (42 bytes) @ 0x00000001427fe998 [0x00000001427fe880+0x0000000000000118]
j  org.apache.rocketmq.client.impl.consumer.PullMessageService.run()V+51
j  java.lang.Thread.run()V+11 java.base@11.0.25
v  ~StubRoutines::call_stub

siginfo: si_signo: 11 (SIGSEGV), si_code: 2 (SEGV_ACCERR), si_addr: 0x0000000000000000

Register to memory mapping:

 x0=0x0 is NULL
 x1=0x000000065e500f08 is an oop: org.apache.rocketmq.logging.inner.Logger 
{0x000000065e500f08} - klass: 'org/apache/rocketmq/logging/inner/Logger'
 - ---- fields (total size 4 words):
 - private 'additive' 'Z' @12  false
 - private 'name' 'Ljava/lang/String;' @16  "RocketmqClient"{0x000000065e500f28} (cbca01e5)
 - private volatile 'level' 'Lorg/apache/rocketmq/logging/inner/Level;' @20  a 'org/apache/rocketmq/logging/inner/Level'{0x000000065e500f60} (cbca01ec)
 - private volatile 'parent' 'Lorg/apache/rocketmq/logging/inner/Logger;' @24  a 'org/apache/rocketmq/logging/inner/Logger$RootLogger'{0x000000065e500f78} (cbca01ef)
 - 'appenderPipeline' 'Lorg/apache/rocketmq/logging/inner/Appender$AppenderPipelineImpl;' @28  a 'org/apache/rocketmq/logging/inner/Appender$AppenderPipelineImpl'{0x000000065e506ab8} (cbca0d57)
 x2=0x0 is NULL
 x3=0x0000000000000001 is an unknown value
 x4=0x0000000000000001 is an unknown value
 x5=0x0000000800cb06a0 is a pointer to class: 
org.apache.rocketmq.logging.inner.LoggingEvent {0x0000000800cb06a0}
 - instance size:     6
 - klass size:        73
 - access:            public synchronized 
 - state:             fully_initialized
 - name:              'org/apache/rocketmq/logging/inner/LoggingEvent'
 - super:             'java/lang/Object'
 - sub:               
 - arrays:            'org/apache/rocketmq/logging/inner/LoggingEvent'[]
 - methods:           Array<T>(0x0000000169db3728)
 - method ordering:   Array<T>(0x0000000105000058)
 - default_methods:   Array<T>(0x0000000000000000)
 - local interfaces:  Array<T>(0x0000000169db36a8)
 - trans. interfaces: Array<T>(0x0000000169db36a8)
 - constants:         constant pool [177] {0x0000000169db3010} for 'org/apache/rocketmq/logging/inner/LoggingEvent' cache=0x0000000169db3de0
 - class loader data:  loader data: 0x00006000035f4640 for instance a 'jdk/internal/loader/ClassLoaders$AppClassLoader'{0x0000000640d37708}
 - host class:        
[error occurred during error reporting (printing register info), id 0xb, SIGSEGV (0xb) at pc=0x0000000101792688]

Registers:
 x0=0x0000000000000000  x1=0x000000065e500f08  x2=0x0000000000000000  x3=0x0000000000000001
 x4=0x0000000000000001  x5=0x0000000800cb06a0  x6=0x0000000000000030  x7=0x0000000000000018
 x8=0x0000000000000000  x9=0x0000000000001889 x10=0x0000000000000000 x11=0x0005ef09187ce24e
x12=0x0000000169dc1360 x13=0x000000000000087d x14=0x000000000002ea00 x15=0x0000000000000000
x16=0x0000000000000020 x17=0x0000600000b9d320 x18=0x0000000000000000 x19=0x0000000000000000
x20=0x000000065e500f08 x21=0x0000000106d66040 x22=0x0000000169356000 x23=0x0000000000000000
x24=0x0000000101d07a84 x25=0x0000000000000000 x26=0x0000000169dca400 x27=0x0000000000000000
x28=0x0000000169356000  fp=0x000000017cf32310  lr=0x0000000101b11118  sp=0x000000017cf32260
pc=0x0000000101b1111c cpsr=0x0000000060001000
Top of Stack: (sp=0x000000017cf32260)
0x000000017cf32260:   0000000682628590 0000000682627fa8
0x000000017cf32270:   0000000682627fa8 00000006826285b8
0x000000017cf32280:   0000000682628590 0000000682628680
0x000000017cf32290:   000000065e5047f8 0000000682628978
0x000000017cf322a0:   0000000000000000 0000000000000000
0x000000017cf322b0:   0000000600000000 0000000682627fd8
0x000000017cf322c0:   0000000682626e90 0000000000000003
0x000000017cf322d0:   0000000169dca400 000000000000000a
0x000000017cf322e0:   000000017cf32a08 0000000000000000
0x000000017cf322f0:   0000000169356000 0000000000000001
0x000000017cf32300:   000000065e500f08 0000000169356000
0x000000017cf32310:   000000017cf32330 0000000101b10f70
0x000000017cf32320:   000000065e500f08 000000017cf32600
0x000000017cf32330:   000000017cf32370 0000000101a65130
0x000000017cf32340:   0000000169356000 0000000169356000
0x000000017cf32350:   0000000169356000 0000000000000001
0x000000017cf32360:   000000017cf32600 0000000169356000
0x000000017cf32370:   000000017cf323a0 00000001015a6a9c
0x000000017cf32380:   0000000169dc85a3 0000000101d3a6f0
0x000000017cf32390:   000000017cf32990 0000000682628710
0x000000017cf323a0:   000000017cf325a0 00000001407f69f8
0x000000017cf323b0:   0000000000000071 000000065e5047f8
0x000000017cf323c0:   000000017cf323e0 000000010176fd00
0x000000017cf323d0:   0000000000000001 0000000142887b84
0x000000017cf323e0:   000000017cf329f0 000000014255536c
0x000000017cf323f0:   0000000000000001 0000000142887b84
0x000000017cf32400:   000000017cf32430 0000000101a619bc
0x000000017cf32410:   0000000169356000 4489c57bd45f0026
0x000000017cf32420:   0000000169356000 0000000000000000
0x000000017cf32430:   000000017cf329f0 0000000141fc4dc8
0x000000017cf32440:   000000017cf32a08 0000000000000000
0x000000017cf32450:   0000000169dc85a3 0000000101d3a6f0 

Instructions: (pc=0x0000000101b1111c)
0x0000000101b1101c:   1f 30 00 f9 1f 44 00 f9 1f 28 00 f9 79 03 00 b4
0x0000000101b1102c:   b7 02 00 f9 bf 22 00 f9 bf 2a 00 f9 b4 06 00 f9
0x0000000101b1103c:   bf 2a 00 f9 bf 3a 00 f9 08 03 40 b9 a8 7e 00 b9
0x0000000101b1104c:   a9 02 7f b2 bf 3b 03 d5 e8 03 17 aa 89 7e a8 c8
0x0000000101b1105c:   bf 3b 03 d5 1f 01 17 eb 60 08 00 54 ff 02 08 eb
0x0000000101b1106c:   20 08 00 54 bf 06 00 f9 bf 22 00 f9 bf 2a 00 f9
0x0000000101b1107c:   bf 36 00 f9 bf 2e 00 f9 bf 32 00 f9 bf 46 00 f9
0x0000000101b1108c:   bf 2a 00 f9 0d 00 00 14 bf 3a 00 f9 bf 2a 00 f9
0x0000000101b1109c:   08 03 40 b9 a8 7e 00 b9 bf 3b 03 d5 e8 03 17 aa
0x0000000101b110ac:   9f 7e a8 c8 bf 3b 03 d5 1f 01 17 eb c0 02 00 54
0x0000000101b110bc:   ff 02 08 eb 80 02 00 54 e0 03 16 aa e1 03 15 aa
0x0000000101b110cc:   22 00 80 52 9c 05 00 94 97 02 40 f9 e0 03 17 aa
0x0000000101b110dc:   81 b9 ed 97 e0 f8 0f 36 e0 03 17 aa 7e b9 ed 97
0x0000000101b110ec:   15 00 7f d2 e0 03 15 aa fd 7b 4b a9 f4 4f 4a a9
0x0000000101b110fc:   f6 57 49 a9 f8 5f 48 a9 fa 67 47 a9 ff 03 03 91
0x0000000101b1110c:   c0 03 5f d6 e0 03 17 aa 73 b9 ed 97 08 f8 7e 92
0x0000000101b1111c:   08 01 40 f9 a8 02 00 f9 e0 03 17 aa 6e b9 ed 97
0x0000000101b1112c:   a0 22 00 f9 bf 2a 00 f9 b4 06 00 f9 88 02 40 f9
0x0000000101b1113c:   48 01 00 b4 e0 07 00 90 00 7c 3c 91 e2 07 00 b0
0x0000000101b1114c:   42 10 02 91 03 05 00 90 63 e0 08 91 01 bd 80 52
0x0000000101b1115c:   ce 9d ed 97 28 49 fb 97 a8 02 7f b2 bf 3b 03 d5
0x0000000101b1116c:   88 02 00 f9 08 11 00 d0 08 41 0b 91 08 01 40 f9
0x0000000101b1117c:   48 01 00 b4 09 11 00 d0 29 e1 2b 91 29 01 40 39
0x0000000101b1118c:   3f 05 00 71 a1 00 00 54 08 15 40 f9 09 01 40 f9
0x0000000101b1119c:   29 05 00 91 09 01 00 f9 c8 0f 00 f0 08 e5 43 f9
0x0000000101b111ac:   28 06 00 b4 c8 10 00 d0 08 e5 37 91 08 01 40 39
0x0000000101b111bc:   1f 05 00 71 21 01 00 54 89 0a 40 b9 ca 0f 00 f0
0x0000000101b111cc:   4a 61 2b 91 4b 09 40 b9 4a 01 40 f9 2b 21 cb 9a
0x0000000101b111dc:   6a 01 0a 8b 03 00 00 14 8a 06 40 f9 e9 03 0a aa
0x0000000101b111ec:   4a 09 40 b9 5f 05 00 71 eb 03 00 54 80 10 00 d0
0x0000000101b111fc:   00 80 27 91 0a 00 40 f9 40 01 3f d6 0a 00 40 f9
0x0000000101b1120c:   4a 3d 41 f9 ea 0f 00 f9 40 05 c0 3d e0 03 82 3c 


Stack slot to memory mapping:
stack at sp + 0 slots: 0x0000000682628590 is an oop: org.apache.rocketmq.remoting.exception.RemotingConnectException 
{0x0000000682628590} - klass: 'org/apache/rocketmq/remoting/exception/RemotingConnectException'
 - ---- fields (total size 5 words):
 - private transient 'backtrace' 'Ljava/lang/Object;' @12  a 'java/lang/Object'[5] {0x00000006826286d0} (d04c50da)
 - private 'detailMessage' 'Ljava/lang/String;' @16  "connect to 192.168.3.15:10911 failed"{0x0000000682628680} (d04c50d0)
 - private 'cause' 'Ljava/lang/Throwable;' @20  
[error occurred during error reporting (inspecting top of stack), id 0xb, SIGSEGV (0xb) at pc=0x00000001019d5918]


---------------  P R O C E S S  ---------------

Threads class SMR info:
_java_thread_list=0x00006000000cbbc0, length=173, elements={
0x0000000116817800, 0x000000011680a800, 0x000000012802a000, 0x000000010580d000,
0x00000001268ff000, 0x000000012802b000, 0x000000012786f000, 0x0000000116bf4800,
0x0000000116bf3800, 0x00000001286ed000, 0x0000000128708800, 0x00000001286fe000,
0x0000000126cc2000, 0x0000000126d39000, 0x0000000126d6b000, 0x00000001293b6000,
0x00000001288c8000, 0x0000000128710800, 0x0000000116c03800, 0x0000000126d61800,
0x0000000128715000, 0x00000001288c9000, 0x0000000116c2a000, 0x00000001069a0000,
0x00000001069dc800, 0x0000000106a09000, 0x0000000106a0a800, 0x000000012876f000,
0x0000000116c21000, 0x0000000106a27000, 0x0000000116c4d000, 0x0000000116430800,
0x0000000126ff8000, 0x0000000126fe4800, 0x00000001163ce000, 0x000000011644b800,
0x00000001049c7000, 0x0000000128953800, 0x00000001293b7800, 0x0000000128951000,
0x0000000126fff000, 0x0000000116cfd800, 0x0000000116c75800, 0x0000000106bd8800,
0x000000011641f000, 0x0000000126de1000, 0x00000001165fe800, 0x0000000116e99800,
0x00000001178e0000, 0x0000000106cb3800, 0x00000001283f6800, 0x0000000116848000,
0x00000001166a1800, 0x00000001691d2800, 0x00000001691de800, 0x000000011660f800,
0x0000000116873000, 0x00000001179bc800, 0x00000001691fc800, 0x00000001179d5000,
0x00000001179ed000, 0x00000001166ab000, 0x0000000117a0e800, 0x0000000117a2f000,
0x0000000116e92000, 0x0000000169356000, 0x0000000169348800, 0x0000000116fee000,
0x0000000116e9c800, 0x0000000169365800, 0x000000011650f000, 0x0000000106c5a000,
0x0000000117a5b800, 0x0000000117a62000, 0x0000000117a63800, 0x0000000117a64800,
0x0000000117a65000, 0x0000000116bf7800, 0x0000000169366800, 0x0000000106d4f000,
0x0000000117a69800, 0x00000001283dc000, 0x0000000117a70000, 0x0000000117a73000,
0x0000000117a73800, 0x00000001288a0800, 0x0000000117a6b800, 0x00000001288a1800,
0x0000000105b5b000, 0x0000000169371800, 0x00000001166c3000, 0x00000001283da000,
0x00000001283db000, 0x000000011651c000, 0x000000011651d000, 0x0000000169372800,
0x0000000116522000, 0x0000000117a78000, 0x0000000106d4b000, 0x0000000106d7c800,
0x00000001166dd000, 0x0000000117a6a800, 0x00000001166fc000, 0x000000011671e000,
0x0000000117adc800, 0x0000000116705000, 0x000000010487f800, 0x00000001293c5800,
0x00000001166d1800, 0x0000000117a92800, 0x0000000106a48000, 0x00000001049d2800,
0x00000001049d4800, 0x00000001288a6800, 0x00000001290b6800, 0x00000001290b3800,
0x000000016937e000, 0x0000000116527000, 0x0000000106a4b800, 0x0000000116c3c800,
0x00000001049d6800, 0x000000010587b000, 0x00000001290b5000, 0x00000001290b8000,
0x00000001049dc800, 0x00000001288ad000, 0x00000001049d5800, 0x0000000105878800,
0x00000001293c4800, 0x00000001049cd800, 0x00000001293e8000, 0x0000000105879800,
0x00000001049db800, 0x00000001049d8000, 0x00000001049fd800, 0x0000000105877000,
0x00000001293fb000, 0x00000001293fc000, 0x00000001293e7800, 0x000000010581e800,
0x00000001049dd800, 0x00000001049de800, 0x00000001049e1800, 0x00000001293fd000,
0x0000000105b59000, 0x00000001049da800, 0x0000000104a0e000, 0x00000001288c7000,
0x0000000128959000, 0x00000001293fe000, 0x00000001069a9000, 0x0000000116c20000,
0x0000000105875000, 0x0000000105824800, 0x0000000105820000, 0x0000000105821000,
0x000000012889e800, 0x00000001289b5000, 0x0000000128957000, 0x000000010581e000,
0x0000000106b9e800, 0x0000000106d5d800, 0x0000000106d90800, 0x0000000104a35800,
0x0000000117845800, 0x0000000105bd0000, 0x000000030b05b000, 0x0000000106dc2800,
0x0000000169092800, 0x000000030b05c000, 0x000000016901f000, 0x0000000117ab1800,
0x0000000169093800
}

Java Threads: ( => current thread )
  0x0000000116817800 JavaThread "Reference Handler" daemon [_thread_blocked, id=21507, stack(0x0000000170918000,0x0000000170b1b000)]
  0x000000011680a800 JavaThread "Finalizer" daemon [_thread_blocked, id=21251, stack(0x0000000170b24000,0x0000000170d27000)]
  0x000000012802a000 JavaThread "Signal Dispatcher" daemon [_thread_blocked, id=32515, stack(0x0000000170ed4000,0x00000001710d7000)]
  0x000000010580d000 JavaThread "Service Thread" daemon [_thread_blocked, id=32003, stack(0x00000001710e0000,0x00000001712e3000)]
  0x00000001268ff000 JavaThread "C1 CompilerThread0" daemon [_thread_blocked, id=31747, stack(0x00000001712ec000,0x00000001714ef000)]
  0x000000012802b000 JavaThread "Sweeper thread" daemon [_thread_blocked, id=23043, stack(0x00000001714f8000,0x00000001716fb000)]
  0x000000012786f000 JavaThread "Common-Cleaner" daemon [_thread_blocked, id=30979, stack(0x0000000171704000,0x0000000171907000)]
  0x0000000116bf4800 JavaThread "SkywalkingAgent-LogFileWriter" daemon [_thread_blocked, id=28163, stack(0x0000000172970000,0x0000000172b73000)]
  0x0000000116bf3800 JavaThread "DataCarrier.DEFAULT.Consumer.0.Thread" daemon [_thread_blocked, id=26115, stack(0x0000000172d88000,0x0000000172f8b000)]
  0x00000001286ed000 JavaThread "SkywalkingAgent-5-JVMService-produce-0" daemon [_thread_blocked, id=26883, stack(0x0000000172f94000,0x0000000173197000)]
  0x0000000128708800 JavaThread "SkywalkingAgent-6-JVMService-consume-0" daemon [_thread_blocked, id=32771, stack(0x00000001731a0000,0x00000001733a3000)]
  0x00000001286fe000 JavaThread "SkywalkingAgent-7-ServiceManagementClient-0" daemon [_thread_blocked, id=43011, stack(0x00000001733ac000,0x00000001735af000)]
  0x0000000126cc2000 JavaThread "SkywalkingAgent-1-CommandService-0" daemon [_thread_blocked, id=33539, stack(0x00000001735b8000,0x00000001737bb000)]
  0x0000000126d39000 JavaThread "SkywalkingAgent-8-ProfileGetTaskService-0" daemon [_thread_blocked, id=33795, stack(0x00000001737c4000,0x00000001739c7000)]
  0x0000000126d6b000 JavaThread "SkywalkingAgent-9-ProfileSendSnapshotService-0" daemon [_thread_blocked, id=34563, stack(0x00000001739d0000,0x0000000173bd3000)]
  0x00000001293b6000 JavaThread "SkywalkingAgent-10-MeterReportService-0" daemon [_thread_blocked, id=41731, stack(0x0000000173bdc000,0x0000000173ddf000)]
  0x00000001288c8000 JavaThread "DataCarrier.gRPC-log.Consumer.0.Thread" daemon [_thread_blocked, id=40963, stack(0x0000000173de8000,0x0000000173feb000)]
  0x0000000128710800 JavaThread "SkywalkingAgent-11-ConfigurationDiscoveryService-0" daemon [_thread_blocked, id=35331, stack(0x0000000173ff4000,0x00000001741f7000)]
  0x0000000116c03800 JavaThread "SkywalkingAgent-12-GRPCChannelManager-0" daemon [_thread_blocked, id=36099, stack(0x0000000174200000,0x0000000174403000)]
  0x0000000126d61800 JavaThread "Monitor Ctrl-Break" daemon [_thread_in_native, id=36355, stack(0x000000017440c000,0x000000017460f000)]
  0x0000000128715000 JavaThread "RMI TCP Accept-0" daemon [_thread_in_native, id=39683, stack(0x0000000174618000,0x000000017481b000)]
  0x00000001288c9000 JavaThread "Attach Listener" daemon [_thread_blocked, id=39171, stack(0x0000000174a30000,0x0000000174c33000)]
  0x0000000116c2a000 JavaThread "grpc-nio-worker-ELG-1-1" daemon [_thread_in_native, id=37891, stack(0x0000000174c3c000,0x0000000174e3f000)]
  0x00000001069a0000 JavaThread "grpc-nio-worker-ELG-1-2" daemon [_thread_in_native, id=44035, stack(0x0000000175054000,0x0000000175257000)]
  0x00000001069dc800 JavaThread "grpc-nio-worker-ELG-1-3" daemon [_thread_in_native, id=44291, stack(0x000000017546c000,0x000000017566f000)]
  0x0000000106a09000 JavaThread "RMI Scheduler(0)" daemon [_thread_blocked, id=63491, stack(0x0000000175a90000,0x0000000175c93000)]
  0x0000000106a0a800 JavaThread "grpc-nio-worker-ELG-1-4" daemon [_thread_in_native, id=46339, stack(0x0000000175c9c000,0x0000000175e9f000)]
  0x000000012876f000 JavaThread "grpc-nio-worker-ELG-1-5" daemon [_thread_in_native, id=62211, stack(0x00000001760b4000,0x00000001762b7000)]
  0x0000000116c21000 JavaThread "logback-2" daemon [_thread_blocked, id=48387, stack(0x00000001766d8000,0x00000001768db000)]
  0x0000000106a27000 JavaThread "logback-3" daemon [_thread_blocked, id=60675, stack(0x00000001768e4000,0x0000000176ae7000)]
  0x0000000116c4d000 JavaThread "grpc-nio-worker-ELG-1-6" daemon [_thread_in_native, id=48643, stack(0x0000000176cfc000,0x0000000176eff000)]
  0x0000000116430800 JavaThread "grpc-nio-worker-ELG-1-7" daemon [_thread_in_native, id=58627, stack(0x0000000176f08000,0x000000017710b000)]
  0x0000000126ff8000 JavaThread "logback-4" daemon [_thread_blocked, id=59655, stack(0x0000000176af0000,0x0000000176cf3000)]
  0x0000000126fe4800 JavaThread "com.alibaba.nacos.client.identify.watcher.0" daemon [_thread_blocked, id=57607, stack(0x0000000177114000,0x0000000177317000)]
  0x00000001163ce000 JavaThread "com.alibaba.nacos.client.Worker" daemon [_thread_blocked, id=57347, stack(0x0000000177320000,0x0000000177523000)]
  0x000000011644b800 JavaThread "logback-5" daemon [_thread_blocked, id=47371, stack(0x0000000175ea8000,0x00000001760ab000)]
  0x00000001049c7000 JavaThread "logback-appender-Logstash-localhost:5050-2" daemon [_thread_blocked, id=47879, stack(0x00000001762c0000,0x00000001764c3000)]
  0x0000000128953800 JavaThread "logback-appender-Logstash-localhost:5050-4" daemon [_thread_in_native, id=46867, stack(0x00000001764cc000,0x00000001766cf000)]
  0x00000001293b7800 JavaThread "logback-6" daemon [_thread_blocked, id=56583, stack(0x000000017752c000,0x000000017772f000)]
  0x0000000128951000 JavaThread "logback-7" daemon [_thread_blocked, id=49667, stack(0x0000000177738000,0x000000017793b000)]
  0x0000000126fff000 JavaThread "nacos.publisher-com.alibaba.nacos.common.notify.SlowEvent" daemon [_thread_blocked, id=50439, stack(0x0000000177944000,0x0000000177b47000)]
  0x0000000116cfd800 JavaThread "com.alibaba.nacos.client.remote.worker" daemon [_thread_blocked, id=50691, stack(0x0000000177b50000,0x0000000177d53000)]
  0x0000000116c75800 JavaThread "com.alibaba.nacos.client.remote.worker" daemon [_thread_blocked, id=51459, stack(0x0000000177d5c000,0x0000000177f5f000)]
  0x0000000106bd8800 JavaThread "grpc-nio-worker-ELG-1-1" daemon [_thread_in_native, id=51971, stack(0x0000000177f68000,0x000000017816b000)]
  0x000000011641f000 JavaThread "grpc-nio-worker-ELG-1-2" daemon [_thread_in_native, id=53511, stack(0x0000000178380000,0x0000000178583000)]
  0x0000000126de1000 JavaThread "grpc-nio-worker-ELG-1-8" daemon [_thread_in_native, id=81671, stack(0x000000017a440000,0x000000017a643000)]
  0x00000001165fe800 JavaThread "Catalina-utility-1" [_thread_blocked, id=20495, stack(0x000000017a64c000,0x000000017a84f000)]
  0x0000000116e99800 JavaThread "Catalina-utility-2" [_thread_blocked, id=81427, stack(0x000000017a858000,0x000000017aa5b000)]
  0x00000001178e0000 JavaThread "container-0" [_thread_blocked, id=80899, stack(0x000000017aa64000,0x000000017ac67000)]
  0x0000000106cb3800 JavaThread "lettuce-timer-3-1" daemon [_thread_blocked, id=71443, stack(0x000000017ac70000,0x000000017ae73000)]
  0x00000001283f6800 JavaThread "ClientHouseKeepingService" daemon [_thread_blocked, id=71947, stack(0x000000017ae7c000,0x000000017b07f000)]
  0x0000000116848000 JavaThread "AsyncAppender-Dispatcher-Thread-15" daemon [_thread_blocked, id=79875, stack(0x000000017b088000,0x000000017b28b000)]
  0x00000001166a1800 JavaThread "AsyncAppender-Dispatcher-Thread-16" daemon [_thread_blocked, id=79363, stack(0x000000017b294000,0x000000017b497000)]
  0x00000001691d2800 JavaThread "MQClientFactoryScheduledThread" [_thread_blocked, id=72707, stack(0x000000017b4a0000,0x000000017b6a3000)]
  0x00000001691de800 JavaThread "AsyncAppender-Dispatcher-Thread-17" daemon [_thread_blocked, id=78339, stack(0x000000017b6ac000,0x000000017b8af000)]
  0x000000011660f800 JavaThread "PullMessageService" [_thread_blocked, id=77827, stack(0x000000017b8b8000,0x000000017babb000)]
  0x0000000116873000 JavaThread "RebalanceService" [_thread_blocked, id=77315, stack(0x000000017bac4000,0x000000017bcc7000)]
  0x00000001179bc800 JavaThread "RequestHouseKeepingService1" [_thread_blocked, id=73731, stack(0x000000017bcd0000,0x000000017bed3000)]
  0x00000001691fc800 JavaThread "NettyClientSelector_1" [_thread_in_native, id=76035, stack(0x000000017bedc000,0x000000017c0df000)]
  0x00000001179d5000 JavaThread "NettyClientWorkerThread_1" [_thread_blocked, id=75267, stack(0x000000017c0e8000,0x000000017c2eb000)]
  0x00000001179ed000 JavaThread "spring.cloud.inetutils" daemon [_thread_blocked, id=74499, stack(0x000000017c2f4000,0x000000017c4f7000)]
  0x00000001166ab000 JavaThread "NettyClientWorkerThread_2" [_thread_blocked, id=74251, stack(0x000000017c500000,0x000000017c703000)]
  0x0000000117a0e800 JavaThread "ClientHouseKeepingService" daemon [_thread_blocked, id=130307, stack(0x000000017c70c000,0x000000017c90f000)]
  0x0000000117a2f000 JavaThread "MQClientFactoryScheduledThread" [_thread_blocked, id=87555, stack(0x000000017c918000,0x000000017cb1b000)]
  0x0000000116e92000 JavaThread "ConsumeMessageScheduledThread_1" [_thread_blocked, id=129539, stack(0x000000017cb24000,0x000000017cd27000)]
=>0x0000000169356000 JavaThread "PullMessageService" [_thread_in_Java, id=88835, stack(0x000000017cd30000,0x000000017cf33000)]
  0x0000000169348800 JavaThread "RebalanceService" [_thread_blocked, id=129283, stack(0x000000017cf3c000,0x000000017d13f000)]
  0x0000000116fee000 JavaThread "NettyClientSelector_1" [_thread_in_Java, id=89859, stack(0x000000017d148000,0x000000017d34b000)]
  0x0000000116e9c800 JavaThread "NettyClientWorkerThread_1" [_thread_blocked, id=128771, stack(0x000000017d354000,0x000000017d557000)]
  0x0000000169365800 JavaThread "NettyClientWorkerThread_2" [_thread_blocked, id=90627, stack(0x000000017d560000,0x000000017d763000)]
  0x000000011650f000 JavaThread "NettyClientPublicExecutor_1" [_thread_blocked, id=127747, stack(0x000000017d76c000,0x000000017d96f000)]
  0x0000000106c5a000 JavaThread "PullMessageServiceScheduledThread" [_thread_blocked, id=126979, stack(0x000000017d978000,0x000000017db7b000)]
  0x0000000117a5b800 JavaThread "nacos.publisher-com.alibaba.nacos.client.naming.event.InstancesChangeEvent" daemon [_thread_blocked, id=91139, stack(0x000000017db84000,0x000000017dd87000)]
  0x0000000117a62000 JavaThread "com.alibaba.nacos.naming.failover" daemon [_thread_blocked, id=126211, stack(0x000000017dd90000,0x000000017df93000)]
  0x0000000117a63800 JavaThread "com.alibaba.nacos.client.naming.security" daemon [_thread_blocked, id=92163, stack(0x000000017df9c000,0x000000017e19f000)]
  0x0000000117a64800 JavaThread "com.alibaba.nacos.naming.push.receiver" daemon [_thread_in_native, id=92675, stack(0x000000017e1a8000,0x000000017e3ab000)]
  0x0000000117a65000 JavaThread "com.alibaba.nacos.client.naming.grpc.redo.0" daemon [_thread_blocked, id=124931, stack(0x000000017e3b4000,0x000000017e5b7000)]
  0x0000000116bf7800 JavaThread "com.alibaba.nacos.client.remote.worker" daemon [_thread_blocked, id=124163, stack(0x000000017e5c0000,0x000000017e7c3000)]
  0x0000000169366800 JavaThread "com.alibaba.nacos.client.remote.worker" daemon [_thread_blocked, id=93187, stack(0x000000017e7cc000,0x000000017e9cf000)]
  0x0000000106d4f000 JavaThread "grpc-nio-worker-ELG-1-3" daemon [_thread_in_native, id=93699, stack(0x000000017e9d8000,0x000000017ebdb000)]
  0x0000000117a69800 JavaThread "grpc-nio-worker-ELG-1-4" daemon [_thread_in_native, id=94467, stack(0x000000017ebe4000,0x000000017ede7000)]
  0x00000001283dc000 JavaThread "com.alibaba.nacos.client.naming.updater.0" daemon [_thread_blocked, id=121091, stack(0x0000000300a40000,0x0000000300c43000)]
  0x0000000117a70000 JavaThread "Nacos-Watch-Task-Scheduler-1" [_thread_blocked, id=98563, stack(0x0000000301064000,0x0000000301267000)]
  0x0000000117a73000 JavaThread "http-nio-8095-exec-1" daemon [_thread_blocked, id=119303, stack(0x0000000301270000,0x0000000301473000)]
  0x0000000117a73800 JavaThread "http-nio-8095-exec-2" daemon [_thread_blocked, id=118787, stack(0x000000030147c000,0x000000030167f000)]
  0x00000001288a0800 JavaThread "http-nio-8095-exec-3" daemon [_thread_blocked, id=118531, stack(0x0000000301688000,0x000000030188b000)]
  0x0000000117a6b800 JavaThread "http-nio-8095-exec-4" daemon [_thread_blocked, id=118019, stack(0x0000000301894000,0x0000000301a97000)]
  0x00000001288a1800 JavaThread "http-nio-8095-exec-5" daemon [_thread_blocked, id=117251, stack(0x0000000301aa0000,0x0000000301ca3000)]
  0x0000000105b5b000 JavaThread "http-nio-8095-exec-6" daemon [_thread_blocked, id=99843, stack(0x0000000301cac000,0x0000000301eaf000)]
  0x0000000169371800 JavaThread "http-nio-8095-exec-7" daemon [_thread_blocked, id=100611, stack(0x0000000301eb8000,0x00000003020bb000)]
  0x00000001166c3000 JavaThread "http-nio-8095-exec-8" daemon [_thread_blocked, id=116227, stack(0x00000003020c4000,0x00000003022c7000)]
  0x00000001283da000 JavaThread "http-nio-8095-exec-9" daemon [_thread_blocked, id=101379, stack(0x00000003022d0000,0x00000003024d3000)]
  0x00000001283db000 JavaThread "http-nio-8095-exec-10" daemon [_thread_blocked, id=101635, stack(0x00000003024dc000,0x00000003026df000)]
  0x000000011651c000 JavaThread "http-nio-8095-Poller" daemon [_thread_in_native, id=114947, stack(0x00000003026e8000,0x00000003028eb000)]
  0x000000011651d000 JavaThread "http-nio-8095-Acceptor" daemon [_thread_in_native, id=114435, stack(0x00000003028f4000,0x0000000302af7000)]
  0x0000000169372800 JavaThread "DestroyJavaVM" [_thread_blocked, id=4099, stack(0x000000016fac4000,0x000000016fcc7000)]
  0x0000000116522000 JavaThread "mysql-cj-abandoned-connection-cleanup" daemon [_thread_blocked, id=110595, stack(0x0000000304f78000,0x000000030517b000)]
  0x0000000117a78000 JavaThread "Druid-ConnectionPool-Create-589673103" daemon [_thread_blocked, id=105743, stack(0x0000000304d6c000,0x0000000304f6f000)]
  0x0000000106d4b000 JavaThread "Druid-ConnectionPool-Destroy-589673103" daemon [_thread_blocked, id=108035, stack(0x0000000306590000,0x0000000306793000)]
  0x0000000106d7c800 JavaThread "boundedElastic-evictor-1" daemon [_thread_blocked, id=131075, stack(0x0000000307fb4000,0x00000003081b7000)]
  0x00000001166dd000 JavaThread "com.alibaba.nacos.client.naming.updater.1" daemon [_thread_blocked, id=173059, stack(0x00000003097e4000,0x00000003099e7000)]
  0x0000000117a6a800 JavaThread "lettuce-kqueueEventLoop-4-1" daemon [_thread_in_native, id=132867, stack(0x0000000309bf0000,0x0000000309df3000)]
  0x00000001166fc000 JavaThread "lettuce-eventExecutorLoop-1-1" daemon [_thread_blocked, id=172039, stack(0x0000000309ffc000,0x000000030a1ff000)]
  0x000000011671e000 JavaThread "lettuce-kqueueEventLoop-4-2" daemon [_thread_in_native, id=106771, stack(0x000000030a404000,0x000000030a607000)]
  0x0000000117adc800 JavaThread "lettuce-eventExecutorLoop-1-2" daemon [_thread_blocked, id=133383, stack(0x000000030a610000,0x000000030a813000)]
  0x0000000116705000 JavaThread "lettuce-eventExecutorLoop-1-3" daemon [_thread_blocked, id=133891, stack(0x000000030aa1c000,0x000000030ac1f000)]
  0x000000010487f800 JavaThread "NettyClientPublicExecutor_2" [_thread_blocked, id=107527, stack(0x0000000300004000,0x0000000300207000)]
  0x00000001293c5800 JavaThread "NettyClientPublicExecutor_3" [_thread_blocked, id=112391, stack(0x0000000300210000,0x0000000300413000)]
  0x00000001166d1800 JavaThread "NettyClientPublicExecutor_4" [_thread_blocked, id=112135, stack(0x000000030041c000,0x000000030061f000)]
  0x0000000117a92800 JavaThread "NettyClientPublicExecutor_5" [_thread_blocked, id=112903, stack(0x0000000300628000,0x000000030082b000)]
  0x0000000106a48000 JavaThread "NettyClientPublicExecutor_6" [_thread_blocked, id=103431, stack(0x0000000300834000,0x0000000300a37000)]
  0x00000001049d2800 JavaThread "logback-8" daemon [_thread_blocked, id=102663, stack(0x0000000300e58000,0x000000030105b000)]
  0x00000001049d4800 JavaThread "logback-9" daemon [_thread_blocked, id=120583, stack(0x0000000302b00000,0x0000000302d03000)]
  0x00000001288a6800 JavaThread "logback-10" daemon [_thread_blocked, id=120839, stack(0x0000000302d0c000,0x0000000302f0f000)]
  0x00000001290b6800 JavaThread "logback-11" daemon [_thread_blocked, id=122375, stack(0x0000000303f18000,0x000000030411b000)]
  0x00000001290b3800 JavaThread "logback-12" daemon [_thread_blocked, id=121351, stack(0x0000000304124000,0x0000000304327000)]
  0x000000016937e000 JavaThread "lettuce-eventExecutorLoop-1-4" daemon [_thread_blocked, id=96527, stack(0x0000000300c4c000,0x0000000300e4f000)]
  0x0000000116527000 JavaThread "lettuce-eventExecutorLoop-1-5" daemon [_thread_blocked, id=122887, stack(0x0000000304330000,0x0000000304533000)]
  0x0000000106a4b800 JavaThread "NettyClientPublicExecutor_7" [_thread_blocked, id=94983, stack(0x000000030453c000,0x000000030473f000)]
  0x0000000116c3c800 JavaThread "NettyClientPublicExecutor_8" [_thread_blocked, id=69383, stack(0x0000000305184000,0x0000000305387000)]
  0x00000001049d6800 JavaThread "logback-13" daemon [_thread_blocked, id=43527, stack(0x0000000174e48000,0x000000017504b000)]
  0x000000010587b000 JavaThread "logback-14" daemon [_thread_blocked, id=45063, stack(0x0000000175678000,0x000000017587b000)]
  0x00000001290b5000 JavaThread "logback-15" daemon [_thread_blocked, id=68615, stack(0x0000000307b9c000,0x0000000307d9f000)]
  0x00000001290b8000 JavaThread "logback-16" daemon [_thread_blocked, id=83463, stack(0x0000000307da8000,0x0000000307fab000)]
  0x00000001049dc800 JavaThread "logback-17" daemon [_thread_blocked, id=67591, stack(0x00000003093cc000,0x00000003095cf000)]
  0x00000001288ad000 JavaThread "logback-18" daemon [_thread_blocked, id=84487, stack(0x00000003095d8000,0x00000003097db000)]
  0x00000001049d5800 JavaThread "com.alibaba.nacos.client.naming.updater.2" daemon [_thread_blocked, id=84999, stack(0x000000030d028000,0x000000030d22b000)]
  0x0000000105878800 JavaThread "logback-19" daemon [_thread_blocked, id=45575, stack(0x0000000175884000,0x0000000175a87000)]
  0x00000001293c4800 JavaThread "logback-20" daemon [_thread_blocked, id=104971, stack(0x000000017edf0000,0x000000017eff3000)]
  0x00000001049cd800 JavaThread "logback-21" daemon [_thread_blocked, id=111367, stack(0x0000000304748000,0x000000030494b000)]
  0x00000001293e8000 JavaThread "logback-22" daemon [_thread_blocked, id=109083, stack(0x0000000304954000,0x0000000304b57000)]
  0x0000000105879800 JavaThread "logback-23" daemon [_thread_blocked, id=109595, stack(0x000000030ce1c000,0x000000030d01f000)]
  0x00000001049db800 JavaThread "logback-24" daemon [_thread_blocked, id=132135, stack(0x000000030d234000,0x000000030d437000)]
  0x00000001049d8000 JavaThread "logback-25" daemon [_thread_blocked, id=86023, stack(0x000000030d440000,0x000000030d643000)]
  0x00000001049fd800 JavaThread "logback-26" daemon [_thread_blocked, id=66055, stack(0x000000030d64c000,0x000000030d84f000)]
  0x0000000105877000 JavaThread "logback-27" daemon [_thread_blocked, id=54791, stack(0x000000030d858000,0x000000030da5b000)]
  0x00000001293fb000 JavaThread "logback-28" daemon [_thread_blocked, id=54535, stack(0x000000030da64000,0x000000030dc67000)]
  0x00000001293fc000 JavaThread "logback-29" daemon [_thread_blocked, id=55303, stack(0x000000030dc70000,0x000000030de73000)]
  0x00000001293e7800 JavaThread "com.alibaba.nacos.client.naming.updater.3" daemon [_thread_blocked, id=135171, stack(0x000000030ee7c000,0x000000030f07f000)]
  0x000000010581e800 JavaThread "logback-30" daemon [_thread_blocked, id=84767, stack(0x000000030f088000,0x000000030f28b000)]
  0x00000001049dd800 JavaThread "logback-31" daemon [_thread_blocked, id=168707, stack(0x000000030f294000,0x000000030f497000)]
  0x00000001049de800 JavaThread "logback-32" daemon [_thread_blocked, id=168195, stack(0x000000030f4a0000,0x000000030f6a3000)]
  0x00000001049e1800 JavaThread "logback-33" daemon [_thread_blocked, id=167939, stack(0x000000030f6ac000,0x000000030f8af000)]
  0x00000001293fd000 JavaThread "logback-34" daemon [_thread_blocked, id=136707, stack(0x000000030f8b8000,0x000000030fabb000)]
  0x0000000105b59000 JavaThread "logback-35" daemon [_thread_blocked, id=65035, stack(0x000000017a1d4000,0x000000017a3d7000)]
  0x00000001049da800 JavaThread "logback-36" daemon [_thread_blocked, id=113467, stack(0x00000003081c0000,0x00000003083c3000)]
  0x0000000104a0e000 JavaThread "logback-37" daemon [_thread_blocked, id=169483, stack(0x000000030b804000,0x000000030ba07000)]
  0x00000001288c7000 JavaThread "logback-38" daemon [_thread_blocked, id=167171, stack(0x000000030fac4000,0x000000030fcc7000)]
  0x0000000128959000 JavaThread "logback-39" daemon [_thread_blocked, id=166659, stack(0x000000030fcd0000,0x000000030fed3000)]
  0x00000001293fe000 JavaThread "logback-40" daemon [_thread_blocked, id=166403, stack(0x000000030fedc000,0x00000003100df000)]
  0x00000001069a9000 JavaThread "lettuce-eventExecutorLoop-1-6" daemon [_thread_blocked, id=69903, stack(0x0000000179bb0000,0x0000000179db3000)]
  0x0000000116c20000 JavaThread "lettuce-eventExecutorLoop-1-7" daemon [_thread_blocked, id=113739, stack(0x0000000179dbc000,0x0000000179fbf000)]
  0x0000000105875000 JavaThread "logback-41" daemon [_thread_blocked, id=139779, stack(0x0000000310918000,0x0000000310b1b000)]
  0x0000000105824800 JavaThread "logback-42" daemon [_thread_blocked, id=163587, stack(0x0000000310b24000,0x0000000310d27000)]
  0x0000000105820000 JavaThread "logback-43" daemon [_thread_blocked, id=140291, stack(0x0000000310d30000,0x0000000310f33000)]
  0x0000000105821000 JavaThread "logback-44" daemon [_thread_blocked, id=163075, stack(0x0000000310f3c000,0x000000031113f000)]
  0x000000012889e800 JavaThread "logback-45" daemon [_thread_blocked, id=162307, stack(0x0000000311148000,0x000000031134b000)]
  0x00000001289b5000 JavaThread "logback-46" daemon [_thread_blocked, id=141571, stack(0x0000000311560000,0x0000000311763000)]
  0x0000000128957000 JavaThread "logback-47" daemon [_thread_blocked, id=165415, stack(0x000000031070c000,0x000000031090f000)]
  0x000000010581e000 JavaThread "logback-48" daemon [_thread_blocked, id=134211, stack(0x00000003102f4000,0x00000003104f7000)]
  0x0000000106b9e800 JavaThread "logback-49" daemon [_thread_blocked, id=174391, stack(0x0000000310500000,0x0000000310703000)]
  0x0000000106d5d800 JavaThread "NettyClientWorkerThread_3" [_thread_blocked, id=131875, stack(0x000000017958c000,0x000000017978f000)]
  0x0000000106d90800 JavaThread "NettyClientWorkerThread_3" [_thread_blocked, id=82695, stack(0x0000000311354000,0x0000000311557000)]
  0x0000000104a35800 JavaThread "NettyClientWorkerThread_4" [_thread_blocked, id=160591, stack(0x0000000179798000,0x000000017999b000)]
  0x0000000117845800 JavaThread "NettyClientWorkerThread_4" [_thread_blocked, id=142887, stack(0x000000030ba10000,0x000000030bc13000)]
  0x0000000105bd0000 JavaThread "NettyClientPublicExecutor_1" daemon [_thread_blocked, id=160371, stack(0x00000003100e8000,0x00000003102eb000)]
  0x000000030b05b000 JavaThread "nacos-grpc-client-executor-8183" daemon [_thread_blocked, id=141463, stack(0x0000000179fc8000,0x000000017a1cb000)]
  0x0000000106dc2800 JavaThread "grpc-default-executor-308" daemon [_thread_blocked, id=131799, stack(0x0000000314978000,0x0000000314b7b000)]
  0x0000000169092800 JavaThread "nacos-grpc-client-executor-8410" daemon [_thread_blocked, id=165947, stack(0x0000000175260000,0x0000000175463000)]
  0x000000030b05c000 JavaThread "nacos-grpc-client-executor-8184" daemon [_thread_blocked, id=164895, stack(0x0000000178174000,0x0000000178377000)]
  0x000000016901f000 JavaThread "nacos-grpc-client-executor-8185" daemon [_thread_blocked, id=138687, stack(0x0000000314b84000,0x0000000314d87000)]
  0x0000000117ab1800 JavaThread "nacos-grpc-client-executor-8411" daemon [_thread_blocked, id=85747, stack(0x000000031476c000,0x000000031496f000)]
  0x0000000169093800 JavaThread "nacos-grpc-client-executor-8412" daemon [_thread_blocked, id=143491, stack(0x0000000314d90000,0x0000000314f93000)]

Other Threads:
  0x0000000127870800 VMThread "VM Thread" [stack: 0x000000017070c000,0x000000017090f000] [id=16643] _threads_hazard_ptr=0x00006000000cbbc0
  0x0000000126d74800 WatcherThread [stack: 0x0000000174824000,0x0000000174a27000] [id=37123]
  0x000000012781d800 GCTaskThread "GC Thread#0" [stack: 0x000000016fcd0000,0x000000016fed3000] [id=15363]
  0x0000000104881000 GCTaskThread "GC Thread#1" [stack: 0x0000000171910000,0x0000000171b13000] [id=30723]
  0x0000000104882000 GCTaskThread "GC Thread#2" [stack: 0x0000000171b1c000,0x0000000171d1f000] [id=30211]
  0x000000010589f800 GCTaskThread "GC Thread#3" [stack: 0x0000000171d28000,0x0000000171f2b000] [id=24067]
  0x0000000104882800 GCTaskThread "GC Thread#4" [stack: 0x0000000171f34000,0x0000000172137000] [id=29699]
  0x00000001169ee000 GCTaskThread "GC Thread#5" [stack: 0x0000000172140000,0x0000000172343000] [id=29187]
  0x00000001169ef000 GCTaskThread "GC Thread#6" [stack: 0x000000017234c000,0x000000017254f000] [id=28931]
  0x00000001169ef800 GCTaskThread "GC Thread#7" [stack: 0x0000000172558000,0x000000017275b000] [id=24835]
  0x0000000104819800 ConcurrentGCThread "G1 Main Marker" [stack: 0x000000016fedc000,0x00000001700df000] [id=14851]
  0x000000012781e000 ConcurrentGCThread "G1 Conc#0" [stack: 0x00000001700e8000,0x00000001702eb000] [id=12547]
  0x0000000116be8000 ConcurrentGCThread "G1 Conc#1" [stack: 0x0000000172b7c000,0x0000000172d7f000] [id=25603]
  0x00000001268d8800 ConcurrentGCThread "G1 Refine#0" [stack: 0x00000001702f4000,0x00000001704f7000] [id=13059]
  0x00000001278e0800 ConcurrentGCThread "G1 Refine#1" [stack: 0x0000000172764000,0x0000000172967000] [id=25091]
  0x00000001268d9800 ConcurrentGCThread "G1 Young RemSet Sampling" [stack: 0x0000000170500000,0x0000000170703000] [id=14339]

Threads with active compile tasks:

VM state:synchronizing (normal execution)

VM Mutex/Monitor currently owned by a thread:  ([mutex/lock_event])
[0x0000600002ae0400] Safepoint_lock - owner thread: 0x0000000127870800
[0x0000600002ae0480] Threads_lock - owner thread: 0x0000000127870800

Heap address: 0x0000000640000000, size: 6144 MB, Compressed Oops mode: Zero based, Oop shift amount: 3
Narrow klass base: 0x0000000800000000, Narrow klass shift: 0
Compressed class space size: 1073741824 Address: 0x0000000800000000

Heap:
 garbage-first heap   total 1146880K, used 162862K [0x0000000640000000, 0x00000007c0000000)
  region size 1024K, 103 young (105472K), 41 survivors (41984K)
 Metaspace       used 124963K, capacity 128599K, committed 128912K, reserved 1161216K
  class space    used 16150K, capacity 17603K, committed 17664K, reserved 1048576K
Heap Regions: E=young(eden), S=young(survivor), O=old, HS=humongous(starts), HC=humongous(continues), CS=collection set, F=free, A=archive, TAMS=top-at-mark-start (previous, next)
|   0|0x0000000640000000, 0x0000000640100000, 0x0000000640100000|100%|HS|  |TAMS 0x0000000640100000, 0x0000000640000000| Complete 
|   1|0x0000000640100000, 0x0000000640200000, 0x0000000640200000|100%| O|  |TAMS 0x0000000640200000, 0x0000000640100000| Untracked 
|   2|0x0000000640200000, 0x0000000640300000, 0x0000000640300000|100%|HS|  |TAMS 0x0000000640300000, 0x0000000640200000| Complete 
|   3|0x0000000640300000, 0x0000000640400000, 0x0000000640400000|100%| O|  |TAMS 0x0000000640400000, 0x0000000640300000| Untracked 
|   4|0x0000000640400000, 0x0000000640500000, 0x0000000640500000|100%|HS|  |TAMS 0x0000000640500000, 0x0000000640400000| Complete 
|   5|0x0000000640500000, 0x0000000640600000, 0x0000000640600000|100%|HC|  |TAMS 0x0000000640600000, 0x0000000640500000| Complete 
|   6|0x0000000640600000, 0x0000000640700000, 0x0000000640700000|100%| O|  |TAMS 0x0000000640700000, 0x0000000640600000| Untracked 
|   7|0x0000000640700000, 0x0000000640800000, 0x0000000640800000|100%| O|  |TAMS 0x0000000640800000, 0x0000000640700000| Untracked 
|   8|0x0000000640800000, 0x0000000640900000, 0x0000000640900000|100%| O|  |TAMS 0x0000000640900000, 0x0000000640800000| Untracked 
|   9|0x0000000640900000, 0x0000000640a00000, 0x0000000640a00000|100%| O|  |TAMS 0x0000000640a00000, 0x0000000640900000| Untracked 
|  10|0x0000000640a00000, 0x0000000640b00000, 0x0000000640b00000|100%| O|  |TAMS 0x0000000640b00000, 0x0000000640a00000| Untracked 
|  11|0x0000000640b00000, 0x0000000640c00000, 0x0000000640c00000|100%| O|  |TAMS 0x0000000640c00000, 0x0000000640b00000| Untracked 
|  12|0x0000000640c00000, 0x0000000640d00000, 0x0000000640d00000|100%| O|  |TAMS 0x0000000640d00000, 0x0000000640c00000| Untracked 
|  13|0x0000000640d00000, 0x0000000640e00000, 0x0000000640e00000|100%| O|  |TAMS 0x0000000640e00000, 0x0000000640d00000| Untracked 
|  14|0x0000000640e00000, 0x0000000640f00000, 0x0000000640f00000|100%| O|  |TAMS 0x0000000640f00000, 0x0000000640e00000| Untracked 
|  15|0x0000000640f00000, 0x0000000641000000, 0x0000000641000000|100%| O|  |TAMS 0x0000000641000000, 0x0000000640f00000| Untracked 
|  16|0x0000000641000000, 0x0000000641100000, 0x0000000641100000|100%| O|  |TAMS 0x0000000641100000, 0x0000000641000000| Untracked 
|  17|0x0000000641100000, 0x0000000641200000, 0x0000000641200000|100%| O|  |TAMS 0x0000000641200000, 0x0000000641100000| Untracked 
|  18|0x0000000641200000, 0x0000000641300000, 0x0000000641300000|100%| O|  |TAMS 0x0000000641300000, 0x0000000641200000| Untracked 
|  19|0x0000000641300000, 0x0000000641400000, 0x0000000641400000|100%| O|  |TAMS 0x0000000641400000, 0x0000000641300000| Untracked 
|  20|0x0000000641400000, 0x0000000641500000, 0x0000000641500000|100%| O|  |TAMS 0x0000000641500000, 0x0000000641400000| Untracked 
|  21|0x0000000641500000, 0x0000000641600000, 0x0000000641600000|100%| O|  |TAMS 0x0000000641600000, 0x0000000641500000| Untracked 
|  22|0x0000000641600000, 0x0000000641700000, 0x0000000641700000|100%| O|  |TAMS 0x0000000641700000, 0x0000000641600000| Untracked 
|  23|0x0000000641700000, 0x0000000641800000, 0x0000000641800000|100%| O|  |TAMS 0x0000000641800000, 0x0000000641700000| Untracked 
|  24|0x0000000641800000, 0x0000000641900000, 0x0000000641900000|100%| O|  |TAMS 0x0000000641900000, 0x0000000641800000| Untracked 
|  25|0x0000000641900000, 0x0000000641a00000, 0x0000000641a00000|100%| O|  |TAMS 0x0000000641a00000, 0x0000000641900000| Untracked 
|  26|0x0000000641a00000, 0x0000000641b00000, 0x0000000641b00000|100%| O|  |TAMS 0x0000000641b00000, 0x0000000641a00000| Untracked 
|  27|0x0000000641b00000, 0x0000000641c00000, 0x0000000641c00000|100%| O|  |TAMS 0x0000000641c00000, 0x0000000641b00000| Untracked 
|  28|0x0000000641c00000, 0x0000000641d00000, 0x0000000641d00000|100%| O|  |TAMS 0x0000000641d00000, 0x0000000641c00000| Untracked 
|  29|0x0000000641d00000, 0x0000000641e00000, 0x0000000641e00000|100%| O|  |TAMS 0x0000000641e00000, 0x0000000641d00000| Untracked 
|  30|0x0000000641e00000, 0x0000000641f00000, 0x0000000641f00000|100%| O|  |TAMS 0x0000000641f00000, 0x0000000641e00000| Untracked 
|  31|0x0000000641f00000, 0x0000000642000000, 0x0000000642000000|100%| O|  |TAMS 0x0000000642000000, 0x0000000641f00000| Untracked 
|  32|0x0000000642000000, 0x0000000642100000, 0x0000000642100000|100%| O|  |TAMS 0x0000000642100000, 0x0000000642000000| Untracked 
|  33|0x0000000642100000, 0x0000000642200000, 0x0000000642200000|100%| O|  |TAMS 0x0000000642200000, 0x0000000642100000| Untracked 
|  34|0x0000000642200000, 0x0000000642300000, 0x0000000642300000|100%| O|  |TAMS 0x0000000642272800, 0x0000000642200000| Untracked 
|  35|0x0000000642300000, 0x0000000642400000, 0x0000000642400000|100%| O|  |TAMS 0x0000000642300000, 0x0000000642300000| Untracked 
|  36|0x0000000642400000, 0x0000000642500000, 0x0000000642500000|100%| O|  |TAMS 0x0000000642400000, 0x0000000642400000| Untracked 
|  37|0x0000000642500000, 0x0000000642600000, 0x0000000642600000|100%| O|  |TAMS 0x0000000642500000, 0x0000000642500000| Untracked 
|  38|0x0000000642600000, 0x0000000642700000, 0x0000000642700000|100%| O|  |TAMS 0x0000000642600000, 0x0000000642600000| Untracked 
|  39|0x0000000642700000, 0x0000000642800000, 0x0000000642800000|100%| O|  |TAMS 0x0000000642700000, 0x0000000642700000| Untracked 
|  40|0x0000000642800000, 0x0000000642900000, 0x0000000642900000|100%| O|  |TAMS 0x0000000642800000, 0x0000000642800000| Untracked 
|  41|0x0000000642900000, 0x0000000642a00000, 0x0000000642a00000|100%| O|  |TAMS 0x0000000642900000, 0x0000000642900000| Untracked 
|  42|0x0000000642a00000, 0x0000000642b00000, 0x0000000642b00000|100%| O|  |TAMS 0x0000000642a00000, 0x0000000642a00000| Untracked 
|  43|0x0000000642b00000, 0x0000000642c00000, 0x0000000642c00000|100%| O|  |TAMS 0x0000000642b00000, 0x0000000642b00000| Untracked 
|  44|0x0000000642c00000, 0x0000000642d00000, 0x0000000642d00000|100%| O|  |TAMS 0x0000000642c00000, 0x0000000642c00000| Untracked 
|  45|0x0000000642d00000, 0x0000000642e00000, 0x0000000642e00000|100%| O|  |TAMS 0x0000000642d00000, 0x0000000642d00000| Untracked 
|  46|0x0000000642e00000, 0x0000000642f00000, 0x0000000642f00000|100%| O|  |TAMS 0x0000000642e00000, 0x0000000642e00000| Untracked 
|  47|0x0000000642f00000, 0x0000000643000000, 0x0000000643000000|100%| O|  |TAMS 0x0000000642f00000, 0x0000000642f00000| Untracked 
|  48|0x0000000643000000, 0x0000000643100000, 0x0000000643100000|100%| O|  |TAMS 0x0000000643000000, 0x0000000643000000| Untracked 
|  49|0x0000000643100000, 0x0000000643200000, 0x0000000643200000|100%| O|  |TAMS 0x0000000643100000, 0x0000000643100000| Untracked 
|  50|0x0000000643200000, 0x0000000643300000, 0x0000000643300000|100%| O|  |TAMS 0x0000000643200000, 0x0000000643200000| Untracked 
|  51|0x0000000643300000, 0x0000000643400000, 0x0000000643400000|100%| O|  |TAMS 0x0000000643300000, 0x0000000643300000| Untracked 
|  52|0x0000000643400000, 0x0000000643500000, 0x0000000643500000|100%| O|  |TAMS 0x0000000643400000, 0x0000000643400000| Untracked 
|  53|0x0000000643500000, 0x0000000643600000, 0x0000000643600000|100%| O|  |TAMS 0x0000000643500000, 0x0000000643500000| Untracked 
|  54|0x0000000643600000, 0x0000000643700000, 0x0000000643700000|100%| O|  |TAMS 0x0000000643600000, 0x0000000643600000| Untracked 
|  55|0x0000000643700000, 0x0000000643800000, 0x0000000643800000|100%| O|  |TAMS 0x0000000643700000, 0x0000000643700000| Untracked 
|  56|0x0000000643800000, 0x0000000643900000, 0x0000000643900000|100%| O|  |TAMS 0x0000000643800000, 0x0000000643800000| Untracked 
|  57|0x0000000643900000, 0x0000000643a00000, 0x0000000643a00000|100%| O|  |TAMS 0x0000000643900000, 0x0000000643900000| Untracked 
|  58|0x0000000643a00000, 0x0000000643a8b800, 0x0000000643b00000| 54%| O|  |TAMS 0x0000000643a00000, 0x0000000643a00000| Untracked 
|  59|0x0000000643b00000, 0x0000000643b00000, 0x0000000643c00000|  0%| F|  |TAMS 0x0000000643b00000, 0x0000000643b00000| Untracked 
|  60|0x0000000643c00000, 0x0000000643c00000, 0x0000000643d00000|  0%| F|  |TAMS 0x0000000643c00000, 0x0000000643c00000| Untracked 
|  61|0x0000000643d00000, 0x0000000643d00000, 0x0000000643e00000|  0%| F|  |TAMS 0x0000000643d00000, 0x0000000643d00000| Untracked 
|  62|0x0000000643e00000, 0x0000000643e00000, 0x0000000643f00000|  0%| F|  |TAMS 0x0000000643e00000, 0x0000000643e00000| Untracked 
|  63|0x0000000643f00000, 0x0000000643f00000, 0x0000000644000000|  0%| F|  |TAMS 0x0000000643f00000, 0x0000000643f00000| Untracked 
|  64|0x0000000644000000, 0x0000000644000000, 0x0000000644100000|  0%| F|  |TAMS 0x0000000644000000, 0x0000000644000000| Untracked 
|  65|0x0000000644100000, 0x0000000644100000, 0x0000000644200000|  0%| F|  |TAMS 0x0000000644100000, 0x0000000644100000| Untracked 
|  66|0x0000000644200000, 0x0000000644200000, 0x0000000644300000|  0%| F|  |TAMS 0x0000000644200000, 0x0000000644200000| Untracked 
|  67|0x0000000644300000, 0x0000000644300000, 0x0000000644400000|  0%| F|  |TAMS 0x0000000644300000, 0x0000000644300000| Untracked 
|  68|0x0000000644400000, 0x0000000644400000, 0x0000000644500000|  0%| F|  |TAMS 0x0000000644400000, 0x0000000644400000| Untracked 
|  69|0x0000000644500000, 0x0000000644500000, 0x0000000644600000|  0%| F|  |TAMS 0x0000000644500000, 0x0000000644500000| Untracked 
|  70|0x0000000644600000, 0x0000000644600000, 0x0000000644700000|  0%| F|  |TAMS 0x0000000644600000, 0x0000000644600000| Untracked 
|  71|0x0000000644700000, 0x0000000644700000, 0x0000000644800000|  0%| F|  |TAMS 0x0000000644700000, 0x0000000644700000| Untracked 
|  72|0x0000000644800000, 0x0000000644800000, 0x0000000644900000|  0%| F|  |TAMS 0x0000000644800000, 0x0000000644800000| Untracked 
|  73|0x0000000644900000, 0x0000000644900000, 0x0000000644a00000|  0%| F|  |TAMS 0x0000000644900000, 0x0000000644900000| Untracked 
|  74|0x0000000644a00000, 0x0000000644a00000, 0x0000000644b00000|  0%| F|  |TAMS 0x0000000644a00000, 0x0000000644a00000| Untracked 
|  75|0x0000000644b00000, 0x0000000644b00000, 0x0000000644c00000|  0%| F|  |TAMS 0x0000000644b00000, 0x0000000644b00000| Untracked 
|  76|0x0000000644c00000, 0x0000000644c00000, 0x0000000644d00000|  0%| F|  |TAMS 0x0000000644c00000, 0x0000000644c00000| Untracked 
|  77|0x0000000644d00000, 0x0000000644d00000, 0x0000000644e00000|  0%| F|  |TAMS 0x0000000644d00000, 0x0000000644d00000| Untracked 
|  78|0x0000000644e00000, 0x0000000644e00000, 0x0000000644f00000|  0%| F|  |TAMS 0x0000000644e00000, 0x0000000644e00000| Untracked 
|  79|0x0000000644f00000, 0x0000000644f00000, 0x0000000645000000|  0%| F|  |TAMS 0x0000000644f00000, 0x0000000644f00000| Untracked 
|  80|0x0000000645000000, 0x0000000645000000, 0x0000000645100000|  0%| F|  |TAMS 0x0000000645000000, 0x0000000645000000| Untracked 
|  81|0x0000000645100000, 0x0000000645100000, 0x0000000645200000|  0%| F|  |TAMS 0x0000000645100000, 0x0000000645100000| Untracked 
|  82|0x0000000645200000, 0x0000000645200000, 0x0000000645300000|  0%| F|  |TAMS 0x0000000645200000, 0x0000000645200000| Untracked 
|  83|0x0000000645300000, 0x0000000645300000, 0x0000000645400000|  0%| F|  |TAMS 0x0000000645300000, 0x0000000645300000| Untracked 
|  84|0x0000000645400000, 0x0000000645400000, 0x0000000645500000|  0%| F|  |TAMS 0x0000000645400000, 0x0000000645400000| Untracked 
|  85|0x0000000645500000, 0x0000000645500000, 0x0000000645600000|  0%| F|  |TAMS 0x0000000645500000, 0x0000000645500000| Untracked 
|  86|0x0000000645600000, 0x0000000645600000, 0x0000000645700000|  0%| F|  |TAMS 0x0000000645600000, 0x0000000645600000| Untracked 
|  87|0x0000000645700000, 0x0000000645700000, 0x0000000645800000|  0%| F|  |TAMS 0x0000000645700000, 0x0000000645700000| Untracked 
|  88|0x0000000645800000, 0x0000000645800000, 0x0000000645900000|  0%| F|  |TAMS 0x0000000645800000, 0x0000000645800000| Untracked 
|  89|0x0000000645900000, 0x0000000645900000, 0x0000000645a00000|  0%| F|  |TAMS 0x0000000645900000, 0x0000000645900000| Untracked 
|  90|0x0000000645a00000, 0x0000000645a00000, 0x0000000645b00000|  0%| F|  |TAMS 0x0000000645a00000, 0x0000000645a00000| Untracked 
|  91|0x0000000645b00000, 0x0000000645b00000, 0x0000000645c00000|  0%| F|  |TAMS 0x0000000645b00000, 0x0000000645b00000| Untracked 
|  92|0x0000000645c00000, 0x0000000645c00000, 0x0000000645d00000|  0%| F|  |TAMS 0x0000000645c00000, 0x0000000645c00000| Untracked 
|  93|0x0000000645d00000, 0x0000000645d00000, 0x0000000645e00000|  0%| F|  |TAMS 0x0000000645d00000, 0x0000000645d00000| Untracked 
|  94|0x0000000645e00000, 0x0000000645e00000, 0x0000000645f00000|  0%| F|  |TAMS 0x0000000645e00000, 0x0000000645e00000| Untracked 
|  95|0x0000000645f00000, 0x0000000645f00000, 0x0000000646000000|  0%| F|  |TAMS 0x0000000645f00000, 0x0000000645f00000| Untracked 
|  96|0x0000000646000000, 0x0000000646000000, 0x0000000646100000|  0%| F|  |TAMS 0x0000000646000000, 0x0000000646000000| Untracked 
|  97|0x0000000646100000, 0x0000000646100000, 0x0000000646200000|  0%| F|  |TAMS 0x0000000646100000, 0x0000000646100000| Untracked 
|  98|0x0000000646200000, 0x0000000646200000, 0x0000000646300000|  0%| F|  |TAMS 0x0000000646200000, 0x0000000646200000| Untracked 
|  99|0x0000000646300000, 0x0000000646300000, 0x0000000646400000|  0%| F|  |TAMS 0x0000000646300000, 0x0000000646300000| Untracked 
| 100|0x0000000646400000, 0x0000000646400000, 0x0000000646500000|  0%| F|  |TAMS 0x0000000646400000, 0x0000000646400000| Untracked 
| 101|0x0000000646500000, 0x0000000646500000, 0x0000000646600000|  0%| F|  |TAMS 0x0000000646500000, 0x0000000646500000| Untracked 
| 102|0x0000000646600000, 0x0000000646600000, 0x0000000646700000|  0%| F|  |TAMS 0x0000000646600000, 0x0000000646600000| Untracked 
| 103|0x0000000646700000, 0x0000000646700000, 0x0000000646800000|  0%| F|  |TAMS 0x0000000646700000, 0x0000000646700000| Untracked 
| 104|0x0000000646800000, 0x0000000646800000, 0x0000000646900000|  0%| F|  |TAMS 0x0000000646800000, 0x0000000646800000| Untracked 
| 105|0x0000000646900000, 0x0000000646900000, 0x0000000646a00000|  0%| F|  |TAMS 0x0000000646900000, 0x0000000646900000| Untracked 
| 106|0x0000000646a00000, 0x0000000646a00000, 0x0000000646b00000|  0%| F|  |TAMS 0x0000000646a00000, 0x0000000646a00000| Untracked 
| 107|0x0000000646b00000, 0x0000000646b00000, 0x0000000646c00000|  0%| F|  |TAMS 0x0000000646b00000, 0x0000000646b00000| Untracked 
| 108|0x0000000646c00000, 0x0000000646c00000, 0x0000000646d00000|  0%| F|  |TAMS 0x0000000646c00000, 0x0000000646c00000| Untracked 
| 109|0x0000000646d00000, 0x0000000646d00000, 0x0000000646e00000|  0%| F|  |TAMS 0x0000000646d00000, 0x0000000646d00000| Untracked 
| 110|0x0000000646e00000, 0x0000000646e00000, 0x0000000646f00000|  0%| F|  |TAMS 0x0000000646e00000, 0x0000000646e00000| Untracked 
| 111|0x0000000646f00000, 0x0000000646f00000, 0x0000000647000000|  0%| F|  |TAMS 0x0000000646f00000, 0x0000000646f00000| Untracked 
| 112|0x0000000647000000, 0x0000000647000000, 0x0000000647100000|  0%| F|  |TAMS 0x0000000647000000, 0x0000000647000000| Untracked 
| 113|0x0000000647100000, 0x0000000647100000, 0x0000000647200000|  0%| F|  |TAMS 0x0000000647100000, 0x0000000647100000| Untracked 
| 114|0x0000000647200000, 0x0000000647200000, 0x0000000647300000|  0%| F|  |TAMS 0x0000000647200000, 0x0000000647200000| Untracked 
| 115|0x0000000647300000, 0x0000000647300000, 0x0000000647400000|  0%| F|  |TAMS 0x0000000647300000, 0x0000000647300000| Untracked 
| 116|0x0000000647400000, 0x0000000647400000, 0x0000000647500000|  0%| F|  |TAMS 0x0000000647400000, 0x0000000647400000| Untracked 
| 117|0x0000000647500000, 0x0000000647500000, 0x0000000647600000|  0%| F|  |TAMS 0x0000000647500000, 0x0000000647500000| Untracked 
| 118|0x0000000647600000, 0x0000000647600000, 0x0000000647700000|  0%| F|  |TAMS 0x0000000647600000, 0x0000000647600000| Untracked 
| 119|0x0000000647700000, 0x0000000647700000, 0x0000000647800000|  0%| F|  |TAMS 0x0000000647700000, 0x0000000647700000| Untracked 
| 120|0x0000000647800000, 0x0000000647800000, 0x0000000647900000|  0%| F|  |TAMS 0x0000000647800000, 0x0000000647800000| Untracked 
| 121|0x0000000647900000, 0x0000000647900000, 0x0000000647a00000|  0%| F|  |TAMS 0x0000000647900000, 0x0000000647900000| Untracked 
| 122|0x0000000647a00000, 0x0000000647a00000, 0x0000000647b00000|  0%| F|  |TAMS 0x0000000647a00000, 0x0000000647a00000| Untracked 
| 123|0x0000000647b00000, 0x0000000647b00000, 0x0000000647c00000|  0%| F|  |TAMS 0x0000000647b00000, 0x0000000647b00000| Untracked 
| 124|0x0000000647c00000, 0x0000000647c00000, 0x0000000647d00000|  0%| F|  |TAMS 0x0000000647c00000, 0x0000000647c00000| Untracked 
| 125|0x0000000647d00000, 0x0000000647d00000, 0x0000000647e00000|  0%| F|  |TAMS 0x0000000647d00000, 0x0000000647d00000| Untracked 
| 126|0x0000000647e00000, 0x0000000647e00000, 0x0000000647f00000|  0%| F|  |TAMS 0x0000000647e00000, 0x0000000647e00000| Untracked 
| 127|0x0000000647f00000, 0x0000000647f00000, 0x0000000648000000|  0%| F|  |TAMS 0x0000000647f00000, 0x0000000647f00000| Untracked 
| 128|0x0000000648000000, 0x0000000648000000, 0x0000000648100000|  0%| F|  |TAMS 0x0000000648000000, 0x0000000648000000| Untracked 
| 129|0x0000000648100000, 0x0000000648100000, 0x0000000648200000|  0%| F|  |TAMS 0x0000000648100000, 0x0000000648100000| Untracked 
| 130|0x0000000648200000, 0x0000000648200000, 0x0000000648300000|  0%| F|  |TAMS 0x0000000648200000, 0x0000000648200000| Untracked 
| 131|0x0000000648300000, 0x0000000648300000, 0x0000000648400000|  0%| F|  |TAMS 0x0000000648300000, 0x0000000648300000| Untracked 
| 132|0x0000000648400000, 0x0000000648400000, 0x0000000648500000|  0%| F|  |TAMS 0x0000000648400000, 0x0000000648400000| Untracked 
| 133|0x0000000648500000, 0x0000000648500000, 0x0000000648600000|  0%| F|  |TAMS 0x0000000648500000, 0x0000000648500000| Untracked 
| 134|0x0000000648600000, 0x0000000648600000, 0x0000000648700000|  0%| F|  |TAMS 0x0000000648600000, 0x0000000648600000| Untracked 
| 135|0x0000000648700000, 0x0000000648700000, 0x0000000648800000|  0%| F|  |TAMS 0x0000000648700000, 0x0000000648700000| Untracked 
| 136|0x0000000648800000, 0x0000000648800000, 0x0000000648900000|  0%| F|  |TAMS 0x0000000648800000, 0x0000000648800000| Untracked 
| 137|0x0000000648900000, 0x0000000648900000, 0x0000000648a00000|  0%| F|  |TAMS 0x0000000648900000, 0x0000000648900000| Untracked 
| 138|0x0000000648a00000, 0x0000000648a00000, 0x0000000648b00000|  0%| F|  |TAMS 0x0000000648a00000, 0x0000000648a00000| Untracked 
| 139|0x0000000648b00000, 0x0000000648b00000, 0x0000000648c00000|  0%| F|  |TAMS 0x0000000648b00000, 0x0000000648b00000| Untracked 
| 140|0x0000000648c00000, 0x0000000648c00000, 0x0000000648d00000|  0%| F|  |TAMS 0x0000000648c00000, 0x0000000648c00000| Untracked 
| 141|0x0000000648d00000, 0x0000000648d00000, 0x0000000648e00000|  0%| F|  |TAMS 0x0000000648d00000, 0x0000000648d00000| Untracked 
| 142|0x0000000648e00000, 0x0000000648e00000, 0x0000000648f00000|  0%| F|  |TAMS 0x0000000648e00000, 0x0000000648e00000| Untracked 
| 143|0x0000000648f00000, 0x0000000648f00000, 0x0000000649000000|  0%| F|  |TAMS 0x0000000648f00000, 0x0000000648f00000| Untracked 
| 144|0x0000000649000000, 0x0000000649000000, 0x0000000649100000|  0%| F|  |TAMS 0x0000000649000000, 0x0000000649000000| Untracked 
| 145|0x0000000649100000, 0x0000000649100000, 0x0000000649200000|  0%| F|  |TAMS 0x0000000649100000, 0x0000000649100000| Untracked 
| 146|0x0000000649200000, 0x0000000649200000, 0x0000000649300000|  0%| F|  |TAMS 0x0000000649200000, 0x0000000649200000| Untracked 
| 147|0x0000000649300000, 0x0000000649300000, 0x0000000649400000|  0%| F|  |TAMS 0x0000000649300000, 0x0000000649300000| Untracked 
| 148|0x0000000649400000, 0x0000000649400000, 0x0000000649500000|  0%| F|  |TAMS 0x0000000649400000, 0x0000000649400000| Untracked 
| 149|0x0000000649500000, 0x0000000649500000, 0x0000000649600000|  0%| F|  |TAMS 0x0000000649500000, 0x0000000649500000| Untracked 
| 150|0x0000000649600000, 0x0000000649600000, 0x0000000649700000|  0%| F|  |TAMS 0x0000000649600000, 0x0000000649600000| Untracked 
| 151|0x0000000649700000, 0x0000000649700000, 0x0000000649800000|  0%| F|  |TAMS 0x0000000649700000, 0x0000000649700000| Untracked 
| 152|0x0000000649800000, 0x0000000649800000, 0x0000000649900000|  0%| F|  |TAMS 0x0000000649800000, 0x0000000649800000| Untracked 
| 153|0x0000000649900000, 0x0000000649900000, 0x0000000649a00000|  0%| F|  |TAMS 0x0000000649900000, 0x0000000649900000| Untracked 
| 154|0x0000000649a00000, 0x0000000649a00000, 0x0000000649b00000|  0%| F|  |TAMS 0x0000000649a00000, 0x0000000649a00000| Untracked 
| 155|0x0000000649b00000, 0x0000000649b00000, 0x0000000649c00000|  0%| F|  |TAMS 0x0000000649b00000, 0x0000000649b00000| Untracked 
| 156|0x0000000649c00000, 0x0000000649c00000, 0x0000000649d00000|  0%| F|  |TAMS 0x0000000649c00000, 0x0000000649c00000| Untracked 
| 157|0x0000000649d00000, 0x0000000649d00000, 0x0000000649e00000|  0%| F|  |TAMS 0x0000000649d00000, 0x0000000649d00000| Untracked 
| 158|0x0000000649e00000, 0x0000000649e00000, 0x0000000649f00000|  0%| F|  |TAMS 0x0000000649e00000, 0x0000000649e00000| Untracked 
| 159|0x0000000649f00000, 0x0000000649f00000, 0x000000064a000000|  0%| F|  |TAMS 0x0000000649f00000, 0x0000000649f00000| Untracked 
| 160|0x000000064a000000, 0x000000064a000000, 0x000000064a100000|  0%| F|  |TAMS 0x000000064a000000, 0x000000064a000000| Untracked 
| 161|0x000000064a100000, 0x000000064a100000, 0x000000064a200000|  0%| F|  |TAMS 0x000000064a100000, 0x000000064a100000| Untracked 
| 162|0x000000064a200000, 0x000000064a200000, 0x000000064a300000|  0%| F|  |TAMS 0x000000064a200000, 0x000000064a200000| Untracked 
| 163|0x000000064a300000, 0x000000064a300000, 0x000000064a400000|  0%| F|  |TAMS 0x000000064a300000, 0x000000064a300000| Untracked 
| 164|0x000000064a400000, 0x000000064a400000, 0x000000064a500000|  0%| F|  |TAMS 0x000000064a400000, 0x000000064a400000| Untracked 
| 165|0x000000064a500000, 0x000000064a500000, 0x000000064a600000|  0%| F|  |TAMS 0x000000064a500000, 0x000000064a500000| Untracked 
| 166|0x000000064a600000, 0x000000064a600000, 0x000000064a700000|  0%| F|  |TAMS 0x000000064a600000, 0x000000064a600000| Untracked 
| 167|0x000000064a700000, 0x000000064a700000, 0x000000064a800000|  0%| F|  |TAMS 0x000000064a700000, 0x000000064a700000| Untracked 
| 168|0x000000064a800000, 0x000000064a800000, 0x000000064a900000|  0%| F|  |TAMS 0x000000064a800000, 0x000000064a800000| Untracked 
| 169|0x000000064a900000, 0x000000064a900000, 0x000000064aa00000|  0%| F|  |TAMS 0x000000064a900000, 0x000000064a900000| Untracked 
| 170|0x000000064aa00000, 0x000000064aa00000, 0x000000064ab00000|  0%| F|  |TAMS 0x000000064aa00000, 0x000000064aa00000| Untracked 
| 171|0x000000064ab00000, 0x000000064ab00000, 0x000000064ac00000|  0%| F|  |TAMS 0x000000064ab00000, 0x000000064ab00000| Untracked 
| 172|0x000000064ac00000, 0x000000064ac00000, 0x000000064ad00000|  0%| F|  |TAMS 0x000000064ac00000, 0x000000064ac00000| Untracked 
| 173|0x000000064ad00000, 0x000000064ad00000, 0x000000064ae00000|  0%| F|  |TAMS 0x000000064ad00000, 0x000000064ad00000| Untracked 
| 174|0x000000064ae00000, 0x000000064ae00000, 0x000000064af00000|  0%| F|  |TAMS 0x000000064ae00000, 0x000000064ae00000| Untracked 
| 175|0x000000064af00000, 0x000000064af00000, 0x000000064b000000|  0%| F|  |TAMS 0x000000064af00000, 0x000000064af00000| Untracked 
| 176|0x000000064b000000, 0x000000064b000000, 0x000000064b100000|  0%| F|  |TAMS 0x000000064b000000, 0x000000064b000000| Untracked 
| 177|0x000000064b100000, 0x000000064b100000, 0x000000064b200000|  0%| F|  |TAMS 0x000000064b100000, 0x000000064b100000| Untracked 
| 178|0x000000064b200000, 0x000000064b200000, 0x000000064b300000|  0%| F|  |TAMS 0x000000064b200000, 0x000000064b200000| Untracked 
| 179|0x000000064b300000, 0x000000064b300000, 0x000000064b400000|  0%| F|  |TAMS 0x000000064b300000, 0x000000064b300000| Untracked 
| 180|0x000000064b400000, 0x000000064b400000, 0x000000064b500000|  0%| F|  |TAMS 0x000000064b400000, 0x000000064b400000| Untracked 
| 181|0x000000064b500000, 0x000000064b500000, 0x000000064b600000|  0%| F|  |TAMS 0x000000064b500000, 0x000000064b500000| Untracked 
| 182|0x000000064b600000, 0x000000064b600000, 0x000000064b700000|  0%| F|  |TAMS 0x000000064b600000, 0x000000064b600000| Untracked 
| 183|0x000000064b700000, 0x000000064b700000, 0x000000064b800000|  0%| F|  |TAMS 0x000000064b700000, 0x000000064b700000| Untracked 
| 184|0x000000064b800000, 0x000000064b800000, 0x000000064b900000|  0%| F|  |TAMS 0x000000064b800000, 0x000000064b800000| Untracked 
| 185|0x000000064b900000, 0x000000064b900000, 0x000000064ba00000|  0%| F|  |TAMS 0x000000064b900000, 0x000000064b900000| Untracked 
| 186|0x000000064ba00000, 0x000000064ba00000, 0x000000064bb00000|  0%| F|  |TAMS 0x000000064ba00000, 0x000000064ba00000| Untracked 
| 187|0x000000064bb00000, 0x000000064bb00000, 0x000000064bc00000|  0%| F|  |TAMS 0x000000064bb00000, 0x000000064bb00000| Untracked 
| 188|0x000000064bc00000, 0x000000064bc00000, 0x000000064bd00000|  0%| F|  |TAMS 0x000000064bc00000, 0x000000064bc00000| Untracked 
| 189|0x000000064bd00000, 0x000000064bd00000, 0x000000064be00000|  0%| F|  |TAMS 0x000000064bd00000, 0x000000064bd00000| Untracked 
| 190|0x000000064be00000, 0x000000064be00000, 0x000000064bf00000|  0%| F|  |TAMS 0x000000064be00000, 0x000000064be00000| Untracked 
| 191|0x000000064bf00000, 0x000000064bf00000, 0x000000064c000000|  0%| F|  |TAMS 0x000000064bf00000, 0x000000064bf00000| Untracked 
| 192|0x000000064c000000, 0x000000064c000000, 0x000000064c100000|  0%| F|  |TAMS 0x000000064c000000, 0x000000064c000000| Untracked 
| 193|0x000000064c100000, 0x000000064c100000, 0x000000064c200000|  0%| F|  |TAMS 0x000000064c100000, 0x000000064c100000| Untracked 
| 194|0x000000064c200000, 0x000000064c200000, 0x000000064c300000|  0%| F|  |TAMS 0x000000064c200000, 0x000000064c200000| Untracked 
| 195|0x000000064c300000, 0x000000064c300000, 0x000000064c400000|  0%| F|  |TAMS 0x000000064c300000, 0x000000064c300000| Untracked 
| 196|0x000000064c400000, 0x000000064c400000, 0x000000064c500000|  0%| F|  |TAMS 0x000000064c400000, 0x000000064c400000| Untracked 
| 197|0x000000064c500000, 0x000000064c500000, 0x000000064c600000|  0%| F|  |TAMS 0x000000064c500000, 0x000000064c500000| Untracked 
| 198|0x000000064c600000, 0x000000064c600000, 0x000000064c700000|  0%| F|  |TAMS 0x000000064c600000, 0x000000064c600000| Untracked 
| 199|0x000000064c700000, 0x000000064c700000, 0x000000064c800000|  0%| F|  |TAMS 0x000000064c700000, 0x000000064c700000| Untracked 
| 200|0x000000064c800000, 0x000000064c800000, 0x000000064c900000|  0%| F|  |TAMS 0x000000064c800000, 0x000000064c800000| Untracked 
| 201|0x000000064c900000, 0x000000064c900000, 0x000000064ca00000|  0%| F|  |TAMS 0x000000064c900000, 0x000000064c900000| Untracked 
| 202|0x000000064ca00000, 0x000000064ca00000, 0x000000064cb00000|  0%| F|  |TAMS 0x000000064ca00000, 0x000000064ca00000| Untracked 
| 203|0x000000064cb00000, 0x000000064cb00000, 0x000000064cc00000|  0%| F|  |TAMS 0x000000064cb00000, 0x000000064cb00000| Untracked 
| 204|0x000000064cc00000, 0x000000064cc00000, 0x000000064cd00000|  0%| F|  |TAMS 0x000000064cc00000, 0x000000064cc00000| Untracked 
| 205|0x000000064cd00000, 0x000000064cd00000, 0x000000064ce00000|  0%| F|  |TAMS 0x000000064cd00000, 0x000000064cd00000| Untracked 
| 206|0x000000064ce00000, 0x000000064ce00000, 0x000000064cf00000|  0%| F|  |TAMS 0x000000064ce00000, 0x000000064ce00000| Untracked 
| 207|0x000000064cf00000, 0x000000064cf00000, 0x000000064d000000|  0%| F|  |TAMS 0x000000064cf00000, 0x000000064cf00000| Untracked 
| 208|0x000000064d000000, 0x000000064d000000, 0x000000064d100000|  0%| F|  |TAMS 0x000000064d000000, 0x000000064d000000| Untracked 
| 209|0x000000064d100000, 0x000000064d100000, 0x000000064d200000|  0%| F|  |TAMS 0x000000064d100000, 0x000000064d100000| Untracked 
| 210|0x000000064d200000, 0x000000064d200000, 0x000000064d300000|  0%| F|  |TAMS 0x000000064d200000, 0x000000064d200000| Untracked 
| 211|0x000000064d300000, 0x000000064d300000, 0x000000064d400000|  0%| F|  |TAMS 0x000000064d300000, 0x000000064d300000| Untracked 
| 212|0x000000064d400000, 0x000000064d400000, 0x000000064d500000|  0%| F|  |TAMS 0x000000064d400000, 0x000000064d400000| Untracked 
| 213|0x000000064d500000, 0x000000064d500000, 0x000000064d600000|  0%| F|  |TAMS 0x000000064d500000, 0x000000064d500000| Untracked 
| 214|0x000000064d600000, 0x000000064d600000, 0x000000064d700000|  0%| F|  |TAMS 0x000000064d600000, 0x000000064d600000| Untracked 
| 215|0x000000064d700000, 0x000000064d700000, 0x000000064d800000|  0%| F|  |TAMS 0x000000064d700000, 0x000000064d700000| Untracked 
| 216|0x000000064d800000, 0x000000064d800000, 0x000000064d900000|  0%| F|  |TAMS 0x000000064d800000, 0x000000064d800000| Untracked 
| 217|0x000000064d900000, 0x000000064d900000, 0x000000064da00000|  0%| F|  |TAMS 0x000000064d900000, 0x000000064d900000| Untracked 
| 218|0x000000064da00000, 0x000000064da00000, 0x000000064db00000|  0%| F|  |TAMS 0x000000064da00000, 0x000000064da00000| Untracked 
| 219|0x000000064db00000, 0x000000064db00000, 0x000000064dc00000|  0%| F|  |TAMS 0x000000064db00000, 0x000000064db00000| Untracked 
| 220|0x000000064dc00000, 0x000000064dc00000, 0x000000064dd00000|  0%| F|  |TAMS 0x000000064dc00000, 0x000000064dc00000| Untracked 
| 221|0x000000064dd00000, 0x000000064dd00000, 0x000000064de00000|  0%| F|  |TAMS 0x000000064dd00000, 0x000000064dd00000| Untracked 
| 222|0x000000064de00000, 0x000000064de00000, 0x000000064df00000|  0%| F|  |TAMS 0x000000064de00000, 0x000000064de00000| Untracked 
| 223|0x000000064df00000, 0x000000064df00000, 0x000000064e000000|  0%| F|  |TAMS 0x000000064df00000, 0x000000064df00000| Untracked 
| 224|0x000000064e000000, 0x000000064e000000, 0x000000064e100000|  0%| F|  |TAMS 0x000000064e000000, 0x000000064e000000| Untracked 
| 225|0x000000064e100000, 0x000000064e100000, 0x000000064e200000|  0%| F|  |TAMS 0x000000064e100000, 0x000000064e100000| Untracked 
| 226|0x000000064e200000, 0x000000064e200000, 0x000000064e300000|  0%| F|  |TAMS 0x000000064e200000, 0x000000064e200000| Untracked 
| 227|0x000000064e300000, 0x000000064e300000, 0x000000064e400000|  0%| F|  |TAMS 0x000000064e300000, 0x000000064e300000| Untracked 
| 228|0x000000064e400000, 0x000000064e400000, 0x000000064e500000|  0%| F|  |TAMS 0x000000064e400000, 0x000000064e400000| Untracked 
| 229|0x000000064e500000, 0x000000064e500000, 0x000000064e600000|  0%| F|  |TAMS 0x000000064e500000, 0x000000064e500000| Untracked 
| 230|0x000000064e600000, 0x000000064e600000, 0x000000064e700000|  0%| F|  |TAMS 0x000000064e600000, 0x000000064e600000| Untracked 
| 231|0x000000064e700000, 0x000000064e700000, 0x000000064e800000|  0%| F|  |TAMS 0x000000064e700000, 0x000000064e700000| Untracked 
| 232|0x000000064e800000, 0x000000064e800000, 0x000000064e900000|  0%| F|  |TAMS 0x000000064e800000, 0x000000064e800000| Untracked 
| 233|0x000000064e900000, 0x000000064e900000, 0x000000064ea00000|  0%| F|  |TAMS 0x000000064e900000, 0x000000064e900000| Untracked 
| 234|0x000000064ea00000, 0x000000064ea00000, 0x000000064eb00000|  0%| F|  |TAMS 0x000000064ea00000, 0x000000064ea00000| Untracked 
| 235|0x000000064eb00000, 0x000000064eb00000, 0x000000064ec00000|  0%| F|  |TAMS 0x000000064eb00000, 0x000000064eb00000| Untracked 
| 236|0x000000064ec00000, 0x000000064ec00000, 0x000000064ed00000|  0%| F|  |TAMS 0x000000064ec00000, 0x000000064ec00000| Untracked 
| 237|0x000000064ed00000, 0x000000064ed00000, 0x000000064ee00000|  0%| F|  |TAMS 0x000000064ed00000, 0x000000064ed00000| Untracked 
| 238|0x000000064ee00000, 0x000000064ee00000, 0x000000064ef00000|  0%| F|  |TAMS 0x000000064ee00000, 0x000000064ee00000| Untracked 
| 239|0x000000064ef00000, 0x000000064ef00000, 0x000000064f000000|  0%| F|  |TAMS 0x000000064ef00000, 0x000000064ef00000| Untracked 
| 240|0x000000064f000000, 0x000000064f000000, 0x000000064f100000|  0%| F|  |TAMS 0x000000064f000000, 0x000000064f000000| Untracked 
| 241|0x000000064f100000, 0x000000064f100000, 0x000000064f200000|  0%| F|  |TAMS 0x000000064f100000, 0x000000064f100000| Untracked 
| 242|0x000000064f200000, 0x000000064f200000, 0x000000064f300000|  0%| F|  |TAMS 0x000000064f200000, 0x000000064f200000| Untracked 
| 243|0x000000064f300000, 0x000000064f300000, 0x000000064f400000|  0%| F|  |TAMS 0x000000064f300000, 0x000000064f300000| Untracked 
| 244|0x000000064f400000, 0x000000064f400000, 0x000000064f500000|  0%| F|  |TAMS 0x000000064f400000, 0x000000064f400000| Untracked 
| 245|0x000000064f500000, 0x000000064f500000, 0x000000064f600000|  0%| F|  |TAMS 0x000000064f500000, 0x000000064f500000| Untracked 
| 246|0x000000064f600000, 0x000000064f600000, 0x000000064f700000|  0%| F|  |TAMS 0x000000064f600000, 0x000000064f600000| Untracked 
| 247|0x000000064f700000, 0x000000064f700000, 0x000000064f800000|  0%| F|  |TAMS 0x000000064f700000, 0x000000064f700000| Untracked 
| 248|0x000000064f800000, 0x000000064f800000, 0x000000064f900000|  0%| F|  |TAMS 0x000000064f800000, 0x000000064f800000| Untracked 
| 249|0x000000064f900000, 0x000000064f900000, 0x000000064fa00000|  0%| F|  |TAMS 0x000000064f900000, 0x000000064f900000| Untracked 
| 250|0x000000064fa00000, 0x000000064fa00000, 0x000000064fb00000|  0%| F|  |TAMS 0x000000064fa00000, 0x000000064fa00000| Untracked 
| 251|0x000000064fb00000, 0x000000064fb00000, 0x000000064fc00000|  0%| F|  |TAMS 0x000000064fb00000, 0x000000064fb00000| Untracked 
| 252|0x000000064fc00000, 0x000000064fc00000, 0x000000064fd00000|  0%| F|  |TAMS 0x000000064fc00000, 0x000000064fc00000| Untracked 
| 253|0x000000064fd00000, 0x000000064fd00000, 0x000000064fe00000|  0%| F|  |TAMS 0x000000064fd00000, 0x000000064fd00000| Untracked 
| 254|0x000000064fe00000, 0x000000064fe00000, 0x000000064ff00000|  0%| F|  |TAMS 0x000000064fe00000, 0x000000064fe00000| Untracked 
| 255|0x000000064ff00000, 0x000000064ff00000, 0x0000000650000000|  0%| F|  |TAMS 0x000000064ff00000, 0x000000064ff00000| Untracked 
| 256|0x0000000650000000, 0x0000000650000000, 0x0000000650100000|  0%| F|  |TAMS 0x0000000650000000, 0x0000000650000000| Untracked 
| 257|0x0000000650100000, 0x0000000650100000, 0x0000000650200000|  0%| F|  |TAMS 0x0000000650100000, 0x0000000650100000| Untracked 
| 258|0x0000000650200000, 0x0000000650200000, 0x0000000650300000|  0%| F|  |TAMS 0x0000000650200000, 0x0000000650200000| Untracked 
| 259|0x0000000650300000, 0x0000000650300000, 0x0000000650400000|  0%| F|  |TAMS 0x0000000650300000, 0x0000000650300000| Untracked 
| 260|0x0000000650400000, 0x0000000650400000, 0x0000000650500000|  0%| F|  |TAMS 0x0000000650400000, 0x0000000650400000| Untracked 
| 261|0x0000000650500000, 0x0000000650500000, 0x0000000650600000|  0%| F|  |TAMS 0x0000000650500000, 0x0000000650500000| Untracked 
| 262|0x0000000650600000, 0x0000000650600000, 0x0000000650700000|  0%| F|  |TAMS 0x0000000650600000, 0x0000000650600000| Untracked 
| 263|0x0000000650700000, 0x0000000650700000, 0x0000000650800000|  0%| F|  |TAMS 0x0000000650700000, 0x0000000650700000| Untracked 
| 264|0x0000000650800000, 0x0000000650800000, 0x0000000650900000|  0%| F|  |TAMS 0x0000000650800000, 0x0000000650800000| Untracked 
| 265|0x0000000650900000, 0x0000000650900000, 0x0000000650a00000|  0%| F|  |TAMS 0x0000000650900000, 0x0000000650900000| Untracked 
| 266|0x0000000650a00000, 0x0000000650a00000, 0x0000000650b00000|  0%| F|  |TAMS 0x0000000650a00000, 0x0000000650a00000| Untracked 
| 267|0x0000000650b00000, 0x0000000650b00000, 0x0000000650c00000|  0%| F|  |TAMS 0x0000000650b00000, 0x0000000650b00000| Untracked 
| 268|0x0000000650c00000, 0x0000000650c00000, 0x0000000650d00000|  0%| F|  |TAMS 0x0000000650c00000, 0x0000000650c00000| Untracked 
| 269|0x0000000650d00000, 0x0000000650d00000, 0x0000000650e00000|  0%| F|  |TAMS 0x0000000650d00000, 0x0000000650d00000| Untracked 
| 270|0x0000000650e00000, 0x0000000650e00000, 0x0000000650f00000|  0%| F|  |TAMS 0x0000000650e00000, 0x0000000650e00000| Untracked 
| 271|0x0000000650f00000, 0x0000000650f00000, 0x0000000651000000|  0%| F|  |TAMS 0x0000000650f00000, 0x0000000650f00000| Untracked 
| 272|0x0000000651000000, 0x0000000651000000, 0x0000000651100000|  0%| F|  |TAMS 0x0000000651000000, 0x0000000651000000| Untracked 
| 273|0x0000000651100000, 0x0000000651100000, 0x0000000651200000|  0%| F|  |TAMS 0x0000000651100000, 0x0000000651100000| Untracked 
| 274|0x0000000651200000, 0x0000000651200000, 0x0000000651300000|  0%| F|  |TAMS 0x0000000651200000, 0x0000000651200000| Untracked 
| 275|0x0000000651300000, 0x0000000651300000, 0x0000000651400000|  0%| F|  |TAMS 0x0000000651300000, 0x0000000651300000| Untracked 
| 276|0x0000000651400000, 0x0000000651400000, 0x0000000651500000|  0%| F|  |TAMS 0x0000000651400000, 0x0000000651400000| Untracked 
| 277|0x0000000651500000, 0x0000000651500000, 0x0000000651600000|  0%| F|  |TAMS 0x0000000651500000, 0x0000000651500000| Untracked 
| 278|0x0000000651600000, 0x0000000651600000, 0x0000000651700000|  0%| F|  |TAMS 0x0000000651600000, 0x0000000651600000| Untracked 
| 279|0x0000000651700000, 0x0000000651700000, 0x0000000651800000|  0%| F|  |TAMS 0x0000000651700000, 0x0000000651700000| Untracked 
| 280|0x0000000651800000, 0x0000000651800000, 0x0000000651900000|  0%| F|  |TAMS 0x0000000651800000, 0x0000000651800000| Untracked 
| 281|0x0000000651900000, 0x0000000651900000, 0x0000000651a00000|  0%| F|  |TAMS 0x0000000651900000, 0x0000000651900000| Untracked 
| 282|0x0000000651a00000, 0x0000000651a00000, 0x0000000651b00000|  0%| F|  |TAMS 0x0000000651a00000, 0x0000000651a00000| Untracked 
| 283|0x0000000651b00000, 0x0000000651b00000, 0x0000000651c00000|  0%| F|  |TAMS 0x0000000651b00000, 0x0000000651b00000| Untracked 
| 284|0x0000000651c00000, 0x0000000651c00000, 0x0000000651d00000|  0%| F|  |TAMS 0x0000000651c00000, 0x0000000651c00000| Untracked 
| 285|0x0000000651d00000, 0x0000000651d00000, 0x0000000651e00000|  0%| F|  |TAMS 0x0000000651d00000, 0x0000000651d00000| Untracked 
| 286|0x0000000651e00000, 0x0000000651e00000, 0x0000000651f00000|  0%| F|  |TAMS 0x0000000651e00000, 0x0000000651e00000| Untracked 
| 287|0x0000000651f00000, 0x0000000651f00000, 0x0000000652000000|  0%| F|  |TAMS 0x0000000651f00000, 0x0000000651f00000| Untracked 
| 288|0x0000000652000000, 0x0000000652000000, 0x0000000652100000|  0%| F|  |TAMS 0x0000000652000000, 0x0000000652000000| Untracked 
| 289|0x0000000652100000, 0x0000000652100000, 0x0000000652200000|  0%| F|  |TAMS 0x0000000652100000, 0x0000000652100000| Untracked 
| 290|0x0000000652200000, 0x0000000652200000, 0x0000000652300000|  0%| F|  |TAMS 0x0000000652200000, 0x0000000652200000| Untracked 
| 291|0x0000000652300000, 0x0000000652300000, 0x0000000652400000|  0%| F|  |TAMS 0x0000000652300000, 0x0000000652300000| Untracked 
| 292|0x0000000652400000, 0x0000000652400000, 0x0000000652500000|  0%| F|  |TAMS 0x0000000652400000, 0x0000000652400000| Untracked 
| 293|0x0000000652500000, 0x0000000652500000, 0x0000000652600000|  0%| F|  |TAMS 0x0000000652500000, 0x0000000652500000| Untracked 
| 294|0x0000000652600000, 0x0000000652600000, 0x0000000652700000|  0%| F|  |TAMS 0x0000000652600000, 0x0000000652600000| Untracked 
| 295|0x0000000652700000, 0x0000000652700000, 0x0000000652800000|  0%| F|  |TAMS 0x0000000652700000, 0x0000000652700000| Untracked 
| 296|0x0000000652800000, 0x0000000652800000, 0x0000000652900000|  0%| F|  |TAMS 0x0000000652800000, 0x0000000652800000| Untracked 
| 297|0x0000000652900000, 0x0000000652900000, 0x0000000652a00000|  0%| F|  |TAMS 0x0000000652900000, 0x0000000652900000| Untracked 
| 298|0x0000000652a00000, 0x0000000652a00000, 0x0000000652b00000|  0%| F|  |TAMS 0x0000000652a00000, 0x0000000652a00000| Untracked 
| 299|0x0000000652b00000, 0x0000000652b00000, 0x0000000652c00000|  0%| F|  |TAMS 0x0000000652b00000, 0x0000000652b00000| Untracked 
| 300|0x0000000652c00000, 0x0000000652c00000, 0x0000000652d00000|  0%| F|  |TAMS 0x0000000652c00000, 0x0000000652c00000| Untracked 
| 301|0x0000000652d00000, 0x0000000652d00000, 0x0000000652e00000|  0%| F|  |TAMS 0x0000000652d00000, 0x0000000652d00000| Untracked 
| 302|0x0000000652e00000, 0x0000000652e00000, 0x0000000652f00000|  0%| F|  |TAMS 0x0000000652e00000, 0x0000000652e00000| Untracked 
| 303|0x0000000652f00000, 0x0000000652f00000, 0x0000000653000000|  0%| F|  |TAMS 0x0000000652f00000, 0x0000000652f00000| Untracked 
| 304|0x0000000653000000, 0x0000000653000000, 0x0000000653100000|  0%| F|  |TAMS 0x0000000653000000, 0x0000000653000000| Untracked 
| 305|0x0000000653100000, 0x0000000653100000, 0x0000000653200000|  0%| F|  |TAMS 0x0000000653100000, 0x0000000653100000| Untracked 
| 306|0x0000000653200000, 0x0000000653200000, 0x0000000653300000|  0%| F|  |TAMS 0x0000000653200000, 0x0000000653200000| Untracked 
| 307|0x0000000653300000, 0x0000000653300000, 0x0000000653400000|  0%| F|  |TAMS 0x0000000653300000, 0x0000000653300000| Untracked 
| 308|0x0000000653400000, 0x0000000653400000, 0x0000000653500000|  0%| F|  |TAMS 0x0000000653400000, 0x0000000653400000| Untracked 
| 309|0x0000000653500000, 0x0000000653500000, 0x0000000653600000|  0%| F|  |TAMS 0x0000000653500000, 0x0000000653500000| Untracked 
| 310|0x0000000653600000, 0x0000000653600000, 0x0000000653700000|  0%| F|  |TAMS 0x0000000653600000, 0x0000000653600000| Untracked 
| 311|0x0000000653700000, 0x0000000653700000, 0x0000000653800000|  0%| F|  |TAMS 0x0000000653700000, 0x0000000653700000| Untracked 
| 312|0x0000000653800000, 0x0000000653800000, 0x0000000653900000|  0%| F|  |TAMS 0x0000000653800000, 0x0000000653800000| Untracked 
| 313|0x0000000653900000, 0x0000000653900000, 0x0000000653a00000|  0%| F|  |TAMS 0x0000000653900000, 0x0000000653900000| Untracked 
| 314|0x0000000653a00000, 0x0000000653a00000, 0x0000000653b00000|  0%| F|  |TAMS 0x0000000653a00000, 0x0000000653a00000| Untracked 
| 315|0x0000000653b00000, 0x0000000653b00000, 0x0000000653c00000|  0%| F|  |TAMS 0x0000000653b00000, 0x0000000653b00000| Untracked 
| 316|0x0000000653c00000, 0x0000000653c00000, 0x0000000653d00000|  0%| F|  |TAMS 0x0000000653c00000, 0x0000000653c00000| Untracked 
| 317|0x0000000653d00000, 0x0000000653d00000, 0x0000000653e00000|  0%| F|  |TAMS 0x0000000653d00000, 0x0000000653d00000| Untracked 
| 318|0x0000000653e00000, 0x0000000653e00000, 0x0000000653f00000|  0%| F|  |TAMS 0x0000000653e00000, 0x0000000653e00000| Untracked 
| 319|0x0000000653f00000, 0x0000000653f00000, 0x0000000654000000|  0%| F|  |TAMS 0x0000000653f00000, 0x0000000653f00000| Untracked 
| 320|0x0000000654000000, 0x0000000654000000, 0x0000000654100000|  0%| F|  |TAMS 0x0000000654000000, 0x0000000654000000| Untracked 
| 321|0x0000000654100000, 0x0000000654100000, 0x0000000654200000|  0%| F|  |TAMS 0x0000000654100000, 0x0000000654100000| Untracked 
| 322|0x0000000654200000, 0x0000000654200000, 0x0000000654300000|  0%| F|  |TAMS 0x0000000654200000, 0x0000000654200000| Untracked 
| 323|0x0000000654300000, 0x0000000654300000, 0x0000000654400000|  0%| F|  |TAMS 0x0000000654300000, 0x0000000654300000| Untracked 
| 324|0x0000000654400000, 0x0000000654400000, 0x0000000654500000|  0%| F|  |TAMS 0x0000000654400000, 0x0000000654400000| Untracked 
| 325|0x0000000654500000, 0x0000000654500000, 0x0000000654600000|  0%| F|  |TAMS 0x0000000654500000, 0x0000000654500000| Untracked 
| 326|0x0000000654600000, 0x0000000654600000, 0x0000000654700000|  0%| F|  |TAMS 0x0000000654600000, 0x0000000654600000| Untracked 
| 327|0x0000000654700000, 0x0000000654700000, 0x0000000654800000|  0%| F|  |TAMS 0x0000000654700000, 0x0000000654700000| Untracked 
| 328|0x0000000654800000, 0x0000000654800000, 0x0000000654900000|  0%| F|  |TAMS 0x0000000654800000, 0x0000000654800000| Untracked 
| 329|0x0000000654900000, 0x0000000654900000, 0x0000000654a00000|  0%| F|  |TAMS 0x0000000654900000, 0x0000000654900000| Untracked 
| 330|0x0000000654a00000, 0x0000000654a00000, 0x0000000654b00000|  0%| F|  |TAMS 0x0000000654a00000, 0x0000000654a00000| Untracked 
| 331|0x0000000654b00000, 0x0000000654b00000, 0x0000000654c00000|  0%| F|  |TAMS 0x0000000654b00000, 0x0000000654b00000| Untracked 
| 332|0x0000000654c00000, 0x0000000654c00000, 0x0000000654d00000|  0%| F|  |TAMS 0x0000000654c00000, 0x0000000654c00000| Untracked 
| 333|0x0000000654d00000, 0x0000000654d00000, 0x0000000654e00000|  0%| F|  |TAMS 0x0000000654d00000, 0x0000000654d00000| Untracked 
| 334|0x0000000654e00000, 0x0000000654e00000, 0x0000000654f00000|  0%| F|  |TAMS 0x0000000654e00000, 0x0000000654e00000| Untracked 
| 335|0x0000000654f00000, 0x0000000654f00000, 0x0000000655000000|  0%| F|  |TAMS 0x0000000654f00000, 0x0000000654f00000| Untracked 
| 336|0x0000000655000000, 0x0000000655000000, 0x0000000655100000|  0%| F|  |TAMS 0x0000000655000000, 0x0000000655000000| Untracked 
| 337|0x0000000655100000, 0x0000000655100000, 0x0000000655200000|  0%| F|  |TAMS 0x0000000655100000, 0x0000000655100000| Untracked 
| 338|0x0000000655200000, 0x0000000655200000, 0x0000000655300000|  0%| F|  |TAMS 0x0000000655200000, 0x0000000655200000| Untracked 
| 339|0x0000000655300000, 0x0000000655300000, 0x0000000655400000|  0%| F|  |TAMS 0x0000000655300000, 0x0000000655300000| Untracked 
| 340|0x0000000655400000, 0x0000000655400000, 0x0000000655500000|  0%| F|  |TAMS 0x0000000655400000, 0x0000000655400000| Untracked 
| 341|0x0000000655500000, 0x0000000655500000, 0x0000000655600000|  0%| F|  |TAMS 0x0000000655500000, 0x0000000655500000| Untracked 
| 342|0x0000000655600000, 0x0000000655600000, 0x0000000655700000|  0%| F|  |TAMS 0x0000000655600000, 0x0000000655600000| Untracked 
| 343|0x0000000655700000, 0x0000000655700000, 0x0000000655800000|  0%| F|  |TAMS 0x0000000655700000, 0x0000000655700000| Untracked 
| 344|0x0000000655800000, 0x0000000655800000, 0x0000000655900000|  0%| F|  |TAMS 0x0000000655800000, 0x0000000655800000| Untracked 
| 345|0x0000000655900000, 0x0000000655900000, 0x0000000655a00000|  0%| F|  |TAMS 0x0000000655900000, 0x0000000655900000| Untracked 
| 346|0x0000000655a00000, 0x0000000655a00000, 0x0000000655b00000|  0%| F|  |TAMS 0x0000000655a00000, 0x0000000655a00000| Untracked 
| 347|0x0000000655b00000, 0x0000000655b00000, 0x0000000655c00000|  0%| F|  |TAMS 0x0000000655b00000, 0x0000000655b00000| Untracked 
| 348|0x0000000655c00000, 0x0000000655c00000, 0x0000000655d00000|  0%| F|  |TAMS 0x0000000655c00000, 0x0000000655c00000| Untracked 
| 349|0x0000000655d00000, 0x0000000655d00000, 0x0000000655e00000|  0%| F|  |TAMS 0x0000000655d00000, 0x0000000655d00000| Untracked 
| 350|0x0000000655e00000, 0x0000000655e00000, 0x0000000655f00000|  0%| F|  |TAMS 0x0000000655e00000, 0x0000000655e00000| Untracked 
| 351|0x0000000655f00000, 0x0000000655f00000, 0x0000000656000000|  0%| F|  |TAMS 0x0000000655f00000, 0x0000000655f00000| Untracked 
| 352|0x0000000656000000, 0x0000000656000000, 0x0000000656100000|  0%| F|  |TAMS 0x0000000656000000, 0x0000000656000000| Untracked 
| 353|0x0000000656100000, 0x0000000656100000, 0x0000000656200000|  0%| F|  |TAMS 0x0000000656100000, 0x0000000656100000| Untracked 
| 354|0x0000000656200000, 0x0000000656200000, 0x0000000656300000|  0%| F|  |TAMS 0x0000000656200000, 0x0000000656200000| Untracked 
| 355|0x0000000656300000, 0x0000000656300000, 0x0000000656400000|  0%| F|  |TAMS 0x0000000656300000, 0x0000000656300000| Untracked 
| 356|0x0000000656400000, 0x0000000656400000, 0x0000000656500000|  0%| F|  |TAMS 0x0000000656400000, 0x0000000656400000| Untracked 
| 357|0x0000000656500000, 0x0000000656500000, 0x0000000656600000|  0%| F|  |TAMS 0x0000000656500000, 0x0000000656500000| Untracked 
| 358|0x0000000656600000, 0x0000000656600000, 0x0000000656700000|  0%| F|  |TAMS 0x0000000656600000, 0x0000000656600000| Untracked 
| 359|0x0000000656700000, 0x0000000656700000, 0x0000000656800000|  0%| F|  |TAMS 0x0000000656700000, 0x0000000656700000| Untracked 
| 360|0x0000000656800000, 0x0000000656800000, 0x0000000656900000|  0%| F|  |TAMS 0x0000000656800000, 0x0000000656800000| Untracked 
| 361|0x0000000656900000, 0x0000000656900000, 0x0000000656a00000|  0%| F|  |TAMS 0x0000000656900000, 0x0000000656900000| Untracked 
| 362|0x0000000656a00000, 0x0000000656a00000, 0x0000000656b00000|  0%| F|  |TAMS 0x0000000656a00000, 0x0000000656a00000| Untracked 
| 363|0x0000000656b00000, 0x0000000656b00000, 0x0000000656c00000|  0%| F|  |TAMS 0x0000000656b00000, 0x0000000656b00000| Untracked 
| 364|0x0000000656c00000, 0x0000000656c00000, 0x0000000656d00000|  0%| F|  |TAMS 0x0000000656c00000, 0x0000000656c00000| Untracked 
| 365|0x0000000656d00000, 0x0000000656d00000, 0x0000000656e00000|  0%| F|  |TAMS 0x0000000656d00000, 0x0000000656d00000| Untracked 
| 366|0x0000000656e00000, 0x0000000656e00000, 0x0000000656f00000|  0%| F|  |TAMS 0x0000000656e00000, 0x0000000656e00000| Untracked 
| 367|0x0000000656f00000, 0x0000000656f00000, 0x0000000657000000|  0%| F|  |TAMS 0x0000000656f00000, 0x0000000656f00000| Untracked 
| 368|0x0000000657000000, 0x0000000657000000, 0x0000000657100000|  0%| F|  |TAMS 0x0000000657000000, 0x0000000657000000| Untracked 
| 369|0x0000000657100000, 0x0000000657100000, 0x0000000657200000|  0%| F|  |TAMS 0x0000000657100000, 0x0000000657100000| Untracked 
| 370|0x0000000657200000, 0x0000000657200000, 0x0000000657300000|  0%| F|  |TAMS 0x0000000657200000, 0x0000000657200000| Untracked 
| 371|0x0000000657300000, 0x0000000657300000, 0x0000000657400000|  0%| F|  |TAMS 0x0000000657300000, 0x0000000657300000| Untracked 
| 372|0x0000000657400000, 0x0000000657400000, 0x0000000657500000|  0%| F|  |TAMS 0x0000000657400000, 0x0000000657400000| Untracked 
| 373|0x0000000657500000, 0x0000000657500000, 0x0000000657600000|  0%| F|  |TAMS 0x0000000657500000, 0x0000000657500000| Untracked 
| 374|0x0000000657600000, 0x0000000657600000, 0x0000000657700000|  0%| F|  |TAMS 0x0000000657600000, 0x0000000657600000| Untracked 
| 375|0x0000000657700000, 0x0000000657700000, 0x0000000657800000|  0%| F|  |TAMS 0x0000000657700000, 0x0000000657700000| Untracked 
| 376|0x0000000657800000, 0x0000000657800000, 0x0000000657900000|  0%| F|  |TAMS 0x0000000657800000, 0x0000000657800000| Untracked 
| 377|0x0000000657900000, 0x0000000657900000, 0x0000000657a00000|  0%| F|  |TAMS 0x0000000657900000, 0x0000000657900000| Untracked 
| 378|0x0000000657a00000, 0x0000000657a00000, 0x0000000657b00000|  0%| F|  |TAMS 0x0000000657a00000, 0x0000000657a00000| Untracked 
| 379|0x0000000657b00000, 0x0000000657b00000, 0x0000000657c00000|  0%| F|  |TAMS 0x0000000657b00000, 0x0000000657b00000| Untracked 
| 380|0x0000000657c00000, 0x0000000657c00000, 0x0000000657d00000|  0%| F|  |TAMS 0x0000000657c00000, 0x0000000657c00000| Untracked 
| 381|0x0000000657d00000, 0x0000000657d00000, 0x0000000657e00000|  0%| F|  |TAMS 0x0000000657d00000, 0x0000000657d00000| Untracked 
| 382|0x0000000657e00000, 0x0000000657e00000, 0x0000000657f00000|  0%| F|  |TAMS 0x0000000657e00000, 0x0000000657e00000| Untracked 
| 383|0x0000000657f00000, 0x0000000657f00000, 0x0000000658000000|  0%| F|  |TAMS 0x0000000657f00000, 0x0000000657f00000| Untracked 
| 384|0x0000000658000000, 0x0000000658000000, 0x0000000658100000|  0%| F|  |TAMS 0x0000000658000000, 0x0000000658000000| Untracked 
| 385|0x0000000658100000, 0x0000000658100000, 0x0000000658200000|  0%| F|  |TAMS 0x0000000658100000, 0x0000000658100000| Untracked 
| 386|0x0000000658200000, 0x0000000658200000, 0x0000000658300000|  0%| F|  |TAMS 0x0000000658200000, 0x0000000658200000| Untracked 
| 387|0x0000000658300000, 0x0000000658300000, 0x0000000658400000|  0%| F|  |TAMS 0x0000000658300000, 0x0000000658300000| Untracked 
| 388|0x0000000658400000, 0x0000000658400000, 0x0000000658500000|  0%| F|  |TAMS 0x0000000658400000, 0x0000000658400000| Untracked 
| 389|0x0000000658500000, 0x0000000658500000, 0x0000000658600000|  0%| F|  |TAMS 0x0000000658500000, 0x0000000658500000| Untracked 
| 390|0x0000000658600000, 0x0000000658600000, 0x0000000658700000|  0%| F|  |TAMS 0x0000000658600000, 0x0000000658600000| Untracked 
| 391|0x0000000658700000, 0x0000000658700000, 0x0000000658800000|  0%| F|  |TAMS 0x0000000658700000, 0x0000000658700000| Untracked 
| 392|0x0000000658800000, 0x0000000658800000, 0x0000000658900000|  0%| F|  |TAMS 0x0000000658800000, 0x0000000658800000| Untracked 
| 393|0x0000000658900000, 0x0000000658900000, 0x0000000658a00000|  0%| F|  |TAMS 0x0000000658900000, 0x0000000658900000| Untracked 
| 394|0x0000000658a00000, 0x0000000658a00000, 0x0000000658b00000|  0%| F|  |TAMS 0x0000000658a00000, 0x0000000658a00000| Untracked 
| 395|0x0000000658b00000, 0x0000000658b00000, 0x0000000658c00000|  0%| F|  |TAMS 0x0000000658b00000, 0x0000000658b00000| Untracked 
| 396|0x0000000658c00000, 0x0000000658c00000, 0x0000000658d00000|  0%| F|  |TAMS 0x0000000658c00000, 0x0000000658c00000| Untracked 
| 397|0x0000000658d00000, 0x0000000658d00000, 0x0000000658e00000|  0%| F|  |TAMS 0x0000000658d00000, 0x0000000658d00000| Untracked 
| 398|0x0000000658e00000, 0x0000000658e00000, 0x0000000658f00000|  0%| F|  |TAMS 0x0000000658e00000, 0x0000000658e00000| Untracked 
| 399|0x0000000658f00000, 0x0000000658f00000, 0x0000000659000000|  0%| F|  |TAMS 0x0000000658f00000, 0x0000000658f00000| Untracked 
| 400|0x0000000659000000, 0x0000000659000000, 0x0000000659100000|  0%| F|  |TAMS 0x0000000659000000, 0x0000000659000000| Untracked 
| 401|0x0000000659100000, 0x0000000659100000, 0x0000000659200000|  0%| F|  |TAMS 0x0000000659100000, 0x0000000659100000| Untracked 
| 402|0x0000000659200000, 0x0000000659200000, 0x0000000659300000|  0%| F|  |TAMS 0x0000000659200000, 0x0000000659200000| Untracked 
| 403|0x0000000659300000, 0x0000000659300000, 0x0000000659400000|  0%| F|  |TAMS 0x0000000659300000, 0x0000000659300000| Untracked 
| 404|0x0000000659400000, 0x0000000659400000, 0x0000000659500000|  0%| F|  |TAMS 0x0000000659400000, 0x0000000659400000| Untracked 
| 405|0x0000000659500000, 0x0000000659500000, 0x0000000659600000|  0%| F|  |TAMS 0x0000000659500000, 0x0000000659500000| Untracked 
| 406|0x0000000659600000, 0x0000000659600000, 0x0000000659700000|  0%| F|  |TAMS 0x0000000659600000, 0x0000000659600000| Untracked 
| 407|0x0000000659700000, 0x0000000659700000, 0x0000000659800000|  0%| F|  |TAMS 0x0000000659700000, 0x0000000659700000| Untracked 
| 408|0x0000000659800000, 0x0000000659800000, 0x0000000659900000|  0%| F|  |TAMS 0x0000000659800000, 0x0000000659800000| Untracked 
| 409|0x0000000659900000, 0x0000000659900000, 0x0000000659a00000|  0%| F|  |TAMS 0x0000000659900000, 0x0000000659900000| Untracked 
| 410|0x0000000659a00000, 0x0000000659a00000, 0x0000000659b00000|  0%| F|  |TAMS 0x0000000659a00000, 0x0000000659a00000| Untracked 
| 411|0x0000000659b00000, 0x0000000659b00000, 0x0000000659c00000|  0%| F|  |TAMS 0x0000000659b00000, 0x0000000659b00000| Untracked 
| 412|0x0000000659c00000, 0x0000000659c00000, 0x0000000659d00000|  0%| F|  |TAMS 0x0000000659c00000, 0x0000000659c00000| Untracked 
| 413|0x0000000659d00000, 0x0000000659d00000, 0x0000000659e00000|  0%| F|  |TAMS 0x0000000659d00000, 0x0000000659d00000| Untracked 
| 414|0x0000000659e00000, 0x0000000659e00000, 0x0000000659f00000|  0%| F|  |TAMS 0x0000000659e00000, 0x0000000659e00000| Untracked 
| 415|0x0000000659f00000, 0x0000000659f00000, 0x000000065a000000|  0%| F|  |TAMS 0x0000000659f00000, 0x0000000659f00000| Untracked 
| 416|0x000000065a000000, 0x000000065a000000, 0x000000065a100000|  0%| F|  |TAMS 0x000000065a000000, 0x000000065a000000| Untracked 
| 417|0x000000065a100000, 0x000000065a100000, 0x000000065a200000|  0%| F|  |TAMS 0x000000065a100000, 0x000000065a100000| Untracked 
| 418|0x000000065a200000, 0x000000065a200000, 0x000000065a300000|  0%| F|  |TAMS 0x000000065a200000, 0x000000065a200000| Untracked 
| 419|0x000000065a300000, 0x000000065a300000, 0x000000065a400000|  0%| F|  |TAMS 0x000000065a300000, 0x000000065a300000| Untracked 
| 420|0x000000065a400000, 0x000000065a400000, 0x000000065a500000|  0%| F|  |TAMS 0x000000065a400000, 0x000000065a400000| Untracked 
| 421|0x000000065a500000, 0x000000065a500000, 0x000000065a600000|  0%| F|  |TAMS 0x000000065a500000, 0x000000065a500000| Untracked 
| 422|0x000000065a600000, 0x000000065a600000, 0x000000065a700000|  0%| F|  |TAMS 0x000000065a600000, 0x000000065a600000| Untracked 
| 423|0x000000065a700000, 0x000000065a700000, 0x000000065a800000|  0%| F|  |TAMS 0x000000065a700000, 0x000000065a700000| Untracked 
| 424|0x000000065a800000, 0x000000065a800000, 0x000000065a900000|  0%| F|  |TAMS 0x000000065a800000, 0x000000065a800000| Untracked 
| 425|0x000000065a900000, 0x000000065a900000, 0x000000065aa00000|  0%| F|  |TAMS 0x000000065a900000, 0x000000065a900000| Untracked 
| 426|0x000000065aa00000, 0x000000065aa00000, 0x000000065ab00000|  0%| F|  |TAMS 0x000000065aa00000, 0x000000065aa00000| Untracked 
| 427|0x000000065ab00000, 0x000000065ab00000, 0x000000065ac00000|  0%| F|  |TAMS 0x000000065ab00000, 0x000000065ab00000| Untracked 
| 428|0x000000065ac00000, 0x000000065ac00000, 0x000000065ad00000|  0%| F|  |TAMS 0x000000065ac00000, 0x000000065ac00000| Untracked 
| 429|0x000000065ad00000, 0x000000065ad00000, 0x000000065ae00000|  0%| F|  |TAMS 0x000000065ad00000, 0x000000065ad00000| Untracked 
| 430|0x000000065ae00000, 0x000000065ae00000, 0x000000065af00000|  0%| F|  |TAMS 0x000000065ae00000, 0x000000065ae00000| Untracked 
| 431|0x000000065af00000, 0x000000065af00000, 0x000000065b000000|  0%| F|  |TAMS 0x000000065af00000, 0x000000065af00000| Untracked 
| 432|0x000000065b000000, 0x000000065b000000, 0x000000065b100000|  0%| F|  |TAMS 0x000000065b000000, 0x000000065b000000| Untracked 
| 433|0x000000065b100000, 0x000000065b100000, 0x000000065b200000|  0%| F|  |TAMS 0x000000065b100000, 0x000000065b100000| Untracked 
| 434|0x000000065b200000, 0x000000065b200000, 0x000000065b300000|  0%| F|  |TAMS 0x000000065b200000, 0x000000065b200000| Untracked 
| 435|0x000000065b300000, 0x000000065b300000, 0x000000065b400000|  0%| F|  |TAMS 0x000000065b300000, 0x000000065b300000| Untracked 
| 436|0x000000065b400000, 0x000000065b400000, 0x000000065b500000|  0%| F|  |TAMS 0x000000065b400000, 0x000000065b400000| Untracked 
| 437|0x000000065b500000, 0x000000065b500000, 0x000000065b600000|  0%| F|  |TAMS 0x000000065b500000, 0x000000065b500000| Untracked 
| 438|0x000000065b600000, 0x000000065b600000, 0x000000065b700000|  0%| F|  |TAMS 0x000000065b600000, 0x000000065b600000| Untracked 
| 439|0x000000065b700000, 0x000000065b700000, 0x000000065b800000|  0%| F|  |TAMS 0x000000065b700000, 0x000000065b700000| Untracked 
| 440|0x000000065b800000, 0x000000065b800000, 0x000000065b900000|  0%| F|  |TAMS 0x000000065b800000, 0x000000065b800000| Untracked 
| 441|0x000000065b900000, 0x000000065b900000, 0x000000065ba00000|  0%| F|  |TAMS 0x000000065b900000, 0x000000065b900000| Untracked 
| 442|0x000000065ba00000, 0x000000065ba00000, 0x000000065bb00000|  0%| F|  |TAMS 0x000000065ba00000, 0x000000065ba00000| Untracked 
| 443|0x000000065bb00000, 0x000000065bb00000, 0x000000065bc00000|  0%| F|  |TAMS 0x000000065bb00000, 0x000000065bb00000| Untracked 
| 444|0x000000065bc00000, 0x000000065bc00000, 0x000000065bd00000|  0%| F|  |TAMS 0x000000065bc00000, 0x000000065bc00000| Untracked 
| 445|0x000000065bd00000, 0x000000065bd00000, 0x000000065be00000|  0%| F|  |TAMS 0x000000065bd00000, 0x000000065bd00000| Untracked 
| 446|0x000000065be00000, 0x000000065be00000, 0x000000065bf00000|  0%| F|  |TAMS 0x000000065be00000, 0x000000065be00000| Untracked 
| 447|0x000000065bf00000, 0x000000065bf00000, 0x000000065c000000|  0%| F|  |TAMS 0x000000065bf00000, 0x000000065bf00000| Untracked 
| 448|0x000000065c000000, 0x000000065c080000, 0x000000065c100000| 50%| S|CS|TAMS 0x000000065c000000, 0x000000065c000000| Complete 
| 449|0x000000065c100000, 0x000000065c200000, 0x000000065c200000|100%| S|CS|TAMS 0x000000065c100000, 0x000000065c100000| Complete 
| 450|0x000000065c200000, 0x000000065c300000, 0x000000065c300000|100%| S|CS|TAMS 0x000000065c200000, 0x000000065c200000| Complete 
| 451|0x000000065c300000, 0x000000065c400000, 0x000000065c400000|100%| S|CS|TAMS 0x000000065c300000, 0x000000065c300000| Complete 
| 452|0x000000065c400000, 0x000000065c500000, 0x000000065c500000|100%| S|CS|TAMS 0x000000065c400000, 0x000000065c400000| Complete 
| 453|0x000000065c500000, 0x000000065c600000, 0x000000065c600000|100%| S|CS|TAMS 0x000000065c500000, 0x000000065c500000| Complete 
| 454|0x000000065c600000, 0x000000065c700000, 0x000000065c700000|100%| S|CS|TAMS 0x000000065c600000, 0x000000065c600000| Complete 
| 455|0x000000065c700000, 0x000000065c800000, 0x000000065c800000|100%| S|CS|TAMS 0x000000065c700000, 0x000000065c700000| Complete 
| 456|0x000000065c800000, 0x000000065c900000, 0x000000065c900000|100%| S|CS|TAMS 0x000000065c800000, 0x000000065c800000| Complete 
| 457|0x000000065c900000, 0x000000065ca00000, 0x000000065ca00000|100%| S|CS|TAMS 0x000000065c900000, 0x000000065c900000| Complete 
| 458|0x000000065ca00000, 0x000000065cb00000, 0x000000065cb00000|100%| S|CS|TAMS 0x000000065ca00000, 0x000000065ca00000| Complete 
| 459|0x000000065cb00000, 0x000000065cc00000, 0x000000065cc00000|100%| S|CS|TAMS 0x000000065cb00000, 0x000000065cb00000| Complete 
| 460|0x000000065cc00000, 0x000000065cd00000, 0x000000065cd00000|100%| S|CS|TAMS 0x000000065cc00000, 0x000000065cc00000| Complete 
| 461|0x000000065cd00000, 0x000000065ce00000, 0x000000065ce00000|100%| S|CS|TAMS 0x000000065cd00000, 0x000000065cd00000| Complete 
| 462|0x000000065ce00000, 0x000000065cf00000, 0x000000065cf00000|100%| S|CS|TAMS 0x000000065ce00000, 0x000000065ce00000| Complete 
| 463|0x000000065cf00000, 0x000000065d000000, 0x000000065d000000|100%| S|CS|TAMS 0x000000065cf00000, 0x000000065cf00000| Complete 
| 464|0x000000065d000000, 0x000000065d100000, 0x000000065d100000|100%| S|CS|TAMS 0x000000065d000000, 0x000000065d000000| Complete 
| 465|0x000000065d100000, 0x000000065d200000, 0x000000065d200000|100%| S|CS|TAMS 0x000000065d100000, 0x000000065d100000| Complete 
| 466|0x000000065d200000, 0x000000065d300000, 0x000000065d300000|100%| S|CS|TAMS 0x000000065d200000, 0x000000065d200000| Complete 
| 467|0x000000065d300000, 0x000000065d400000, 0x000000065d400000|100%| S|CS|TAMS 0x000000065d300000, 0x000000065d300000| Complete 
| 468|0x000000065d400000, 0x000000065d500000, 0x000000065d500000|100%| S|CS|TAMS 0x000000065d400000, 0x000000065d400000| Complete 
| 469|0x000000065d500000, 0x000000065d600000, 0x000000065d600000|100%| S|CS|TAMS 0x000000065d500000, 0x000000065d500000| Complete 
| 470|0x000000065d600000, 0x000000065d700000, 0x000000065d700000|100%| S|CS|TAMS 0x000000065d600000, 0x000000065d600000| Complete 
| 471|0x000000065d700000, 0x000000065d800000, 0x000000065d800000|100%| S|CS|TAMS 0x000000065d700000, 0x000000065d700000| Complete 
| 472|0x000000065d800000, 0x000000065d900000, 0x000000065d900000|100%| S|CS|TAMS 0x000000065d800000, 0x000000065d800000| Complete 
| 473|0x000000065d900000, 0x000000065da00000, 0x000000065da00000|100%| S|CS|TAMS 0x000000065d900000, 0x000000065d900000| Complete 
| 474|0x000000065da00000, 0x000000065db00000, 0x000000065db00000|100%| S|CS|TAMS 0x000000065da00000, 0x000000065da00000| Complete 
| 475|0x000000065db00000, 0x000000065dc00000, 0x000000065dc00000|100%| S|CS|TAMS 0x000000065db00000, 0x000000065db00000| Complete 
| 476|0x000000065dc00000, 0x000000065dd00000, 0x000000065dd00000|100%| S|CS|TAMS 0x000000065dc00000, 0x000000065dc00000| Complete 
| 477|0x000000065dd00000, 0x000000065de00000, 0x000000065de00000|100%| S|CS|TAMS 0x000000065dd00000, 0x000000065dd00000| Complete 
| 478|0x000000065de00000, 0x000000065df00000, 0x000000065df00000|100%| S|CS|TAMS 0x000000065de00000, 0x000000065de00000| Complete 
| 479|0x000000065df00000, 0x000000065e000000, 0x000000065e000000|100%| S|CS|TAMS 0x000000065df00000, 0x000000065df00000| Complete 
| 480|0x000000065e000000, 0x000000065e100000, 0x000000065e100000|100%| S|CS|TAMS 0x000000065e000000, 0x000000065e000000| Complete 
| 481|0x000000065e100000, 0x000000065e200000, 0x000000065e200000|100%| S|CS|TAMS 0x000000065e100000, 0x000000065e100000| Complete 
| 482|0x000000065e200000, 0x000000065e300000, 0x000000065e300000|100%| S|CS|TAMS 0x000000065e200000, 0x000000065e200000| Complete 
| 483|0x000000065e300000, 0x000000065e400000, 0x000000065e400000|100%| S|CS|TAMS 0x000000065e300000, 0x000000065e300000| Complete 
| 484|0x000000065e400000, 0x000000065e500000, 0x000000065e500000|100%| S|CS|TAMS 0x000000065e400000, 0x000000065e400000| Complete 
| 485|0x000000065e500000, 0x000000065e600000, 0x000000065e600000|100%| S|CS|TAMS 0x000000065e500000, 0x000000065e500000| Complete 
| 486|0x000000065e600000, 0x000000065e700000, 0x000000065e700000|100%| S|CS|TAMS 0x000000065e600000, 0x000000065e600000| Complete 
| 487|0x000000065e700000, 0x000000065e800000, 0x000000065e800000|100%| S|CS|TAMS 0x000000065e700000, 0x000000065e700000| Complete 
| 488|0x000000065e800000, 0x000000065e900000, 0x000000065e900000|100%| S|CS|TAMS 0x000000065e800000, 0x000000065e800000| Complete 
| 489|0x000000065e900000, 0x000000065e900000, 0x000000065ea00000|  0%| F|  |TAMS 0x000000065e900000, 0x000000065e900000| Untracked 
| 490|0x000000065ea00000, 0x000000065ea00000, 0x000000065eb00000|  0%| F|  |TAMS 0x000000065ea00000, 0x000000065ea00000| Untracked 
| 491|0x000000065eb00000, 0x000000065eb00000, 0x000000065ec00000|  0%| F|  |TAMS 0x000000065eb00000, 0x000000065eb00000| Untracked 
| 492|0x000000065ec00000, 0x000000065ec00000, 0x000000065ed00000|  0%| F|  |TAMS 0x000000065ec00000, 0x000000065ec00000| Untracked 
| 493|0x000000065ed00000, 0x000000065ed00000, 0x000000065ee00000|  0%| F|  |TAMS 0x000000065ed00000, 0x000000065ed00000| Untracked 
| 494|0x000000065ee00000, 0x000000065ee00000, 0x000000065ef00000|  0%| F|  |TAMS 0x000000065ee00000, 0x000000065ee00000| Untracked 
| 495|0x000000065ef00000, 0x000000065ef00000, 0x000000065f000000|  0%| F|  |TAMS 0x000000065ef00000, 0x000000065ef00000| Untracked 
| 496|0x000000065f000000, 0x000000065f000000, 0x000000065f100000|  0%| F|  |TAMS 0x000000065f000000, 0x000000065f000000| Untracked 
| 497|0x000000065f100000, 0x000000065f100000, 0x000000065f200000|  0%| F|  |TAMS 0x000000065f100000, 0x000000065f100000| Untracked 
| 498|0x000000065f200000, 0x000000065f200000, 0x000000065f300000|  0%| F|  |TAMS 0x000000065f200000, 0x000000065f200000| Untracked 
| 499|0x000000065f300000, 0x000000065f300000, 0x000000065f400000|  0%| F|  |TAMS 0x000000065f300000, 0x000000065f300000| Untracked 
| 500|0x000000065f400000, 0x000000065f400000, 0x000000065f500000|  0%| F|  |TAMS 0x000000065f400000, 0x000000065f400000| Untracked 
| 501|0x000000065f500000, 0x000000065f500000, 0x000000065f600000|  0%| F|  |TAMS 0x000000065f500000, 0x000000065f500000| Untracked 
| 502|0x000000065f600000, 0x000000065f600000, 0x000000065f700000|  0%| F|  |TAMS 0x000000065f600000, 0x000000065f600000| Untracked 
| 503|0x000000065f700000, 0x000000065f700000, 0x000000065f800000|  0%| F|  |TAMS 0x000000065f700000, 0x000000065f700000| Untracked 
| 504|0x000000065f800000, 0x000000065f800000, 0x000000065f900000|  0%| F|  |TAMS 0x000000065f800000, 0x000000065f800000| Untracked 
| 505|0x000000065f900000, 0x000000065f900000, 0x000000065fa00000|  0%| F|  |TAMS 0x000000065f900000, 0x000000065f900000| Untracked 
| 506|0x000000065fa00000, 0x000000065fa00000, 0x000000065fb00000|  0%| F|  |TAMS 0x000000065fa00000, 0x000000065fa00000| Untracked 
| 507|0x000000065fb00000, 0x000000065fb00000, 0x000000065fc00000|  0%| F|  |TAMS 0x000000065fb00000, 0x000000065fb00000| Untracked 
| 508|0x000000065fc00000, 0x000000065fc00000, 0x000000065fd00000|  0%| F|  |TAMS 0x000000065fc00000, 0x000000065fc00000| Untracked 
| 509|0x000000065fd00000, 0x000000065fd00000, 0x000000065fe00000|  0%| F|  |TAMS 0x000000065fd00000, 0x000000065fd00000| Untracked 
| 510|0x000000065fe00000, 0x000000065fe00000, 0x000000065ff00000|  0%| F|  |TAMS 0x000000065fe00000, 0x000000065fe00000| Untracked 
| 511|0x000000065ff00000, 0x000000065ff00000, 0x0000000660000000|  0%| F|  |TAMS 0x000000065ff00000, 0x000000065ff00000| Untracked 
| 512|0x0000000660000000, 0x0000000660000000, 0x0000000660100000|  0%| F|  |TAMS 0x0000000660000000, 0x0000000660000000| Untracked 
| 513|0x0000000660100000, 0x0000000660100000, 0x0000000660200000|  0%| F|  |TAMS 0x0000000660100000, 0x0000000660100000| Untracked 
| 514|0x0000000660200000, 0x0000000660200000, 0x0000000660300000|  0%| F|  |TAMS 0x0000000660200000, 0x0000000660200000| Untracked 
| 515|0x0000000660300000, 0x0000000660300000, 0x0000000660400000|  0%| F|  |TAMS 0x0000000660300000, 0x0000000660300000| Untracked 
| 516|0x0000000660400000, 0x0000000660400000, 0x0000000660500000|  0%| F|  |TAMS 0x0000000660400000, 0x0000000660400000| Untracked 
| 517|0x0000000660500000, 0x0000000660500000, 0x0000000660600000|  0%| F|  |TAMS 0x0000000660500000, 0x0000000660500000| Untracked 
| 518|0x0000000660600000, 0x0000000660600000, 0x0000000660700000|  0%| F|  |TAMS 0x0000000660600000, 0x0000000660600000| Untracked 
| 519|0x0000000660700000, 0x0000000660700000, 0x0000000660800000|  0%| F|  |TAMS 0x0000000660700000, 0x0000000660700000| Untracked 
| 520|0x0000000660800000, 0x0000000660800000, 0x0000000660900000|  0%| F|  |TAMS 0x0000000660800000, 0x0000000660800000| Untracked 
| 521|0x0000000660900000, 0x0000000660900000, 0x0000000660a00000|  0%| F|  |TAMS 0x0000000660900000, 0x0000000660900000| Untracked 
| 522|0x0000000660a00000, 0x0000000660a00000, 0x0000000660b00000|  0%| F|  |TAMS 0x0000000660a00000, 0x0000000660a00000| Untracked 
| 523|0x0000000660b00000, 0x0000000660b00000, 0x0000000660c00000|  0%| F|  |TAMS 0x0000000660b00000, 0x0000000660b00000| Untracked 
| 524|0x0000000660c00000, 0x0000000660c00000, 0x0000000660d00000|  0%| F|  |TAMS 0x0000000660c00000, 0x0000000660c00000| Untracked 
| 525|0x0000000660d00000, 0x0000000660d00000, 0x0000000660e00000|  0%| F|  |TAMS 0x0000000660d00000, 0x0000000660d00000| Untracked 
| 526|0x0000000660e00000, 0x0000000660e00000, 0x0000000660f00000|  0%| F|  |TAMS 0x0000000660e00000, 0x0000000660e00000| Untracked 
| 527|0x0000000660f00000, 0x0000000660f00000, 0x0000000661000000|  0%| F|  |TAMS 0x0000000660f00000, 0x0000000660f00000| Untracked 
| 528|0x0000000661000000, 0x0000000661000000, 0x0000000661100000|  0%| F|  |TAMS 0x0000000661000000, 0x0000000661000000| Untracked 
| 529|0x0000000661100000, 0x0000000661100000, 0x0000000661200000|  0%| F|  |TAMS 0x0000000661100000, 0x0000000661100000| Untracked 
| 530|0x0000000661200000, 0x0000000661200000, 0x0000000661300000|  0%| F|  |TAMS 0x0000000661200000, 0x0000000661200000| Untracked 
| 531|0x0000000661300000, 0x0000000661300000, 0x0000000661400000|  0%| F|  |TAMS 0x0000000661300000, 0x0000000661300000| Untracked 
| 532|0x0000000661400000, 0x0000000661400000, 0x0000000661500000|  0%| F|  |TAMS 0x0000000661400000, 0x0000000661400000| Untracked 
| 533|0x0000000661500000, 0x0000000661500000, 0x0000000661600000|  0%| F|  |TAMS 0x0000000661500000, 0x0000000661500000| Untracked 
| 534|0x0000000661600000, 0x0000000661600000, 0x0000000661700000|  0%| F|  |TAMS 0x0000000661600000, 0x0000000661600000| Untracked 
| 535|0x0000000661700000, 0x0000000661700000, 0x0000000661800000|  0%| F|  |TAMS 0x0000000661700000, 0x0000000661700000| Untracked 
| 536|0x0000000661800000, 0x0000000661800000, 0x0000000661900000|  0%| F|  |TAMS 0x0000000661800000, 0x0000000661800000| Untracked 
| 537|0x0000000661900000, 0x0000000661900000, 0x0000000661a00000|  0%| F|  |TAMS 0x0000000661900000, 0x0000000661900000| Untracked 
| 538|0x0000000661a00000, 0x0000000661a00000, 0x0000000661b00000|  0%| F|  |TAMS 0x0000000661a00000, 0x0000000661a00000| Untracked 
| 539|0x0000000661b00000, 0x0000000661b00000, 0x0000000661c00000|  0%| F|  |TAMS 0x0000000661b00000, 0x0000000661b00000| Untracked 
| 540|0x0000000661c00000, 0x0000000661c00000, 0x0000000661d00000|  0%| F|  |TAMS 0x0000000661c00000, 0x0000000661c00000| Untracked 
| 541|0x0000000661d00000, 0x0000000661d00000, 0x0000000661e00000|  0%| F|  |TAMS 0x0000000661d00000, 0x0000000661d00000| Untracked 
| 542|0x0000000661e00000, 0x0000000661e00000, 0x0000000661f00000|  0%| F|  |TAMS 0x0000000661e00000, 0x0000000661e00000| Untracked 
| 543|0x0000000661f00000, 0x0000000661f00000, 0x0000000662000000|  0%| F|  |TAMS 0x0000000661f00000, 0x0000000661f00000| Untracked 
| 544|0x0000000662000000, 0x0000000662000000, 0x0000000662100000|  0%| F|  |TAMS 0x0000000662000000, 0x0000000662000000| Untracked 
| 545|0x0000000662100000, 0x0000000662100000, 0x0000000662200000|  0%| F|  |TAMS 0x0000000662100000, 0x0000000662100000| Untracked 
| 546|0x0000000662200000, 0x0000000662200000, 0x0000000662300000|  0%| F|  |TAMS 0x0000000662200000, 0x0000000662200000| Untracked 
| 547|0x0000000662300000, 0x0000000662300000, 0x0000000662400000|  0%| F|  |TAMS 0x0000000662300000, 0x0000000662300000| Untracked 
| 548|0x0000000662400000, 0x0000000662400000, 0x0000000662500000|  0%| F|  |TAMS 0x0000000662400000, 0x0000000662400000| Untracked 
| 549|0x0000000662500000, 0x0000000662500000, 0x0000000662600000|  0%| F|  |TAMS 0x0000000662500000, 0x0000000662500000| Untracked 
| 550|0x0000000662600000, 0x0000000662600000, 0x0000000662700000|  0%| F|  |TAMS 0x0000000662600000, 0x0000000662600000| Untracked 
| 551|0x0000000662700000, 0x0000000662700000, 0x0000000662800000|  0%| F|  |TAMS 0x0000000662700000, 0x0000000662700000| Untracked 
| 552|0x0000000662800000, 0x0000000662800000, 0x0000000662900000|  0%| F|  |TAMS 0x0000000662800000, 0x0000000662800000| Untracked 
| 553|0x0000000662900000, 0x0000000662900000, 0x0000000662a00000|  0%| F|  |TAMS 0x0000000662900000, 0x0000000662900000| Untracked 
| 554|0x0000000662a00000, 0x0000000662a00000, 0x0000000662b00000|  0%| F|  |TAMS 0x0000000662a00000, 0x0000000662a00000| Untracked 
| 555|0x0000000662b00000, 0x0000000662b00000, 0x0000000662c00000|  0%| F|  |TAMS 0x0000000662b00000, 0x0000000662b00000| Untracked 
| 556|0x0000000662c00000, 0x0000000662c00000, 0x0000000662d00000|  0%| F|  |TAMS 0x0000000662c00000, 0x0000000662c00000| Untracked 
| 557|0x0000000662d00000, 0x0000000662d00000, 0x0000000662e00000|  0%| F|  |TAMS 0x0000000662d00000, 0x0000000662d00000| Untracked 
| 558|0x0000000662e00000, 0x0000000662e00000, 0x0000000662f00000|  0%| F|  |TAMS 0x0000000662e00000, 0x0000000662e00000| Untracked 
| 559|0x0000000662f00000, 0x0000000662f00000, 0x0000000663000000|  0%| F|  |TAMS 0x0000000662f00000, 0x0000000662f00000| Untracked 
| 560|0x0000000663000000, 0x0000000663000000, 0x0000000663100000|  0%| F|  |TAMS 0x0000000663000000, 0x0000000663000000| Untracked 
| 561|0x0000000663100000, 0x0000000663100000, 0x0000000663200000|  0%| F|  |TAMS 0x0000000663100000, 0x0000000663100000| Untracked 
| 562|0x0000000663200000, 0x0000000663200000, 0x0000000663300000|  0%| F|  |TAMS 0x0000000663200000, 0x0000000663200000| Untracked 
| 563|0x0000000663300000, 0x0000000663300000, 0x0000000663400000|  0%| F|  |TAMS 0x0000000663300000, 0x0000000663300000| Untracked 
| 564|0x0000000663400000, 0x0000000663400000, 0x0000000663500000|  0%| F|  |TAMS 0x0000000663400000, 0x0000000663400000| Untracked 
| 565|0x0000000663500000, 0x0000000663500000, 0x0000000663600000|  0%| F|  |TAMS 0x0000000663500000, 0x0000000663500000| Untracked 
| 566|0x0000000663600000, 0x0000000663600000, 0x0000000663700000|  0%| F|  |TAMS 0x0000000663600000, 0x0000000663600000| Untracked 
| 567|0x0000000663700000, 0x0000000663700000, 0x0000000663800000|  0%| F|  |TAMS 0x0000000663700000, 0x0000000663700000| Untracked 
| 568|0x0000000663800000, 0x0000000663800000, 0x0000000663900000|  0%| F|  |TAMS 0x0000000663800000, 0x0000000663800000| Untracked 
| 569|0x0000000663900000, 0x0000000663900000, 0x0000000663a00000|  0%| F|  |TAMS 0x0000000663900000, 0x0000000663900000| Untracked 
| 570|0x0000000663a00000, 0x0000000663a00000, 0x0000000663b00000|  0%| F|  |TAMS 0x0000000663a00000, 0x0000000663a00000| Untracked 
| 571|0x0000000663b00000, 0x0000000663b00000, 0x0000000663c00000|  0%| F|  |TAMS 0x0000000663b00000, 0x0000000663b00000| Untracked 
| 572|0x0000000663c00000, 0x0000000663c00000, 0x0000000663d00000|  0%| F|  |TAMS 0x0000000663c00000, 0x0000000663c00000| Untracked 
| 573|0x0000000663d00000, 0x0000000663d00000, 0x0000000663e00000|  0%| F|  |TAMS 0x0000000663d00000, 0x0000000663d00000| Untracked 
| 574|0x0000000663e00000, 0x0000000663e00000, 0x0000000663f00000|  0%| F|  |TAMS 0x0000000663e00000, 0x0000000663e00000| Untracked 
| 575|0x0000000663f00000, 0x0000000663f00000, 0x0000000664000000|  0%| F|  |TAMS 0x0000000663f00000, 0x0000000663f00000| Untracked 
| 576|0x0000000664000000, 0x0000000664000000, 0x0000000664100000|  0%| F|  |TAMS 0x0000000664000000, 0x0000000664000000| Untracked 
| 577|0x0000000664100000, 0x0000000664100000, 0x0000000664200000|  0%| F|  |TAMS 0x0000000664100000, 0x0000000664100000| Untracked 
| 578|0x0000000664200000, 0x0000000664200000, 0x0000000664300000|  0%| F|  |TAMS 0x0000000664200000, 0x0000000664200000| Untracked 
| 579|0x0000000664300000, 0x0000000664300000, 0x0000000664400000|  0%| F|  |TAMS 0x0000000664300000, 0x0000000664300000| Untracked 
| 580|0x0000000664400000, 0x0000000664400000, 0x0000000664500000|  0%| F|  |TAMS 0x0000000664400000, 0x0000000664400000| Untracked 
| 581|0x0000000664500000, 0x0000000664500000, 0x0000000664600000|  0%| F|  |TAMS 0x0000000664500000, 0x0000000664500000| Untracked 
| 582|0x0000000664600000, 0x0000000664600000, 0x0000000664700000|  0%| F|  |TAMS 0x0000000664600000, 0x0000000664600000| Untracked 
| 583|0x0000000664700000, 0x0000000664700000, 0x0000000664800000|  0%| F|  |TAMS 0x0000000664700000, 0x0000000664700000| Untracked 
| 584|0x0000000664800000, 0x0000000664800000, 0x0000000664900000|  0%| F|  |TAMS 0x0000000664800000, 0x0000000664800000| Untracked 
| 585|0x0000000664900000, 0x0000000664900000, 0x0000000664a00000|  0%| F|  |TAMS 0x0000000664900000, 0x0000000664900000| Untracked 
| 586|0x0000000664a00000, 0x0000000664a00000, 0x0000000664b00000|  0%| F|  |TAMS 0x0000000664a00000, 0x0000000664a00000| Untracked 
| 587|0x0000000664b00000, 0x0000000664b00000, 0x0000000664c00000|  0%| F|  |TAMS 0x0000000664b00000, 0x0000000664b00000| Untracked 
| 588|0x0000000664c00000, 0x0000000664c00000, 0x0000000664d00000|  0%| F|  |TAMS 0x0000000664c00000, 0x0000000664c00000| Untracked 
| 589|0x0000000664d00000, 0x0000000664d00000, 0x0000000664e00000|  0%| F|  |TAMS 0x0000000664d00000, 0x0000000664d00000| Untracked 
| 590|0x0000000664e00000, 0x0000000664e00000, 0x0000000664f00000|  0%| F|  |TAMS 0x0000000664e00000, 0x0000000664e00000| Untracked 
| 591|0x0000000664f00000, 0x0000000664f00000, 0x0000000665000000|  0%| F|  |TAMS 0x0000000664f00000, 0x0000000664f00000| Untracked 
| 592|0x0000000665000000, 0x0000000665000000, 0x0000000665100000|  0%| F|  |TAMS 0x0000000665000000, 0x0000000665000000| Untracked 
| 593|0x0000000665100000, 0x0000000665100000, 0x0000000665200000|  0%| F|  |TAMS 0x0000000665100000, 0x0000000665100000| Untracked 
| 594|0x0000000665200000, 0x0000000665200000, 0x0000000665300000|  0%| F|  |TAMS 0x0000000665200000, 0x0000000665200000| Untracked 
| 595|0x0000000665300000, 0x0000000665300000, 0x0000000665400000|  0%| F|  |TAMS 0x0000000665300000, 0x0000000665300000| Untracked 
| 596|0x0000000665400000, 0x0000000665400000, 0x0000000665500000|  0%| F|  |TAMS 0x0000000665400000, 0x0000000665400000| Untracked 
| 597|0x0000000665500000, 0x0000000665500000, 0x0000000665600000|  0%| F|  |TAMS 0x0000000665500000, 0x0000000665500000| Untracked 
| 598|0x0000000665600000, 0x0000000665600000, 0x0000000665700000|  0%| F|  |TAMS 0x0000000665600000, 0x0000000665600000| Untracked 
| 599|0x0000000665700000, 0x0000000665700000, 0x0000000665800000|  0%| F|  |TAMS 0x0000000665700000, 0x0000000665700000| Untracked 
| 600|0x0000000665800000, 0x0000000665800000, 0x0000000665900000|  0%| F|  |TAMS 0x0000000665800000, 0x0000000665800000| Untracked 
| 601|0x0000000665900000, 0x0000000665900000, 0x0000000665a00000|  0%| F|  |TAMS 0x0000000665900000, 0x0000000665900000| Untracked 
| 602|0x0000000665a00000, 0x0000000665a00000, 0x0000000665b00000|  0%| F|  |TAMS 0x0000000665a00000, 0x0000000665a00000| Untracked 
| 603|0x0000000665b00000, 0x0000000665b00000, 0x0000000665c00000|  0%| F|  |TAMS 0x0000000665b00000, 0x0000000665b00000| Untracked 
| 604|0x0000000665c00000, 0x0000000665c00000, 0x0000000665d00000|  0%| F|  |TAMS 0x0000000665c00000, 0x0000000665c00000| Untracked 
| 605|0x0000000665d00000, 0x0000000665d00000, 0x0000000665e00000|  0%| F|  |TAMS 0x0000000665d00000, 0x0000000665d00000| Untracked 
| 606|0x0000000665e00000, 0x0000000665e00000, 0x0000000665f00000|  0%| F|  |TAMS 0x0000000665e00000, 0x0000000665e00000| Untracked 
| 607|0x0000000665f00000, 0x0000000665f00000, 0x0000000666000000|  0%| F|  |TAMS 0x0000000665f00000, 0x0000000665f00000| Untracked 
| 608|0x0000000666000000, 0x0000000666000000, 0x0000000666100000|  0%| F|  |TAMS 0x0000000666000000, 0x0000000666000000| Untracked 
| 609|0x0000000666100000, 0x0000000666100000, 0x0000000666200000|  0%| F|  |TAMS 0x0000000666100000, 0x0000000666100000| Untracked 
| 610|0x0000000666200000, 0x0000000666200000, 0x0000000666300000|  0%| F|  |TAMS 0x0000000666200000, 0x0000000666200000| Untracked 
| 611|0x0000000666300000, 0x0000000666300000, 0x0000000666400000|  0%| F|  |TAMS 0x0000000666300000, 0x0000000666300000| Untracked 
| 612|0x0000000666400000, 0x0000000666400000, 0x0000000666500000|  0%| F|  |TAMS 0x0000000666400000, 0x0000000666400000| Untracked 
| 613|0x0000000666500000, 0x0000000666500000, 0x0000000666600000|  0%| F|  |TAMS 0x0000000666500000, 0x0000000666500000| Untracked 
| 614|0x0000000666600000, 0x0000000666600000, 0x0000000666700000|  0%| F|  |TAMS 0x0000000666600000, 0x0000000666600000| Untracked 
| 615|0x0000000666700000, 0x0000000666700000, 0x0000000666800000|  0%| F|  |TAMS 0x0000000666700000, 0x0000000666700000| Untracked 
| 616|0x0000000666800000, 0x0000000666800000, 0x0000000666900000|  0%| F|  |TAMS 0x0000000666800000, 0x0000000666800000| Untracked 
| 617|0x0000000666900000, 0x0000000666900000, 0x0000000666a00000|  0%| F|  |TAMS 0x0000000666900000, 0x0000000666900000| Untracked 
| 618|0x0000000666a00000, 0x0000000666a00000, 0x0000000666b00000|  0%| F|  |TAMS 0x0000000666a00000, 0x0000000666a00000| Untracked 
| 619|0x0000000666b00000, 0x0000000666b00000, 0x0000000666c00000|  0%| F|  |TAMS 0x0000000666b00000, 0x0000000666b00000| Untracked 
| 620|0x0000000666c00000, 0x0000000666c00000, 0x0000000666d00000|  0%| F|  |TAMS 0x0000000666c00000, 0x0000000666c00000| Untracked 
| 621|0x0000000666d00000, 0x0000000666d00000, 0x0000000666e00000|  0%| F|  |TAMS 0x0000000666d00000, 0x0000000666d00000| Untracked 
| 622|0x0000000666e00000, 0x0000000666e00000, 0x0000000666f00000|  0%| F|  |TAMS 0x0000000666e00000, 0x0000000666e00000| Untracked 
| 623|0x0000000666f00000, 0x0000000666f00000, 0x0000000667000000|  0%| F|  |TAMS 0x0000000666f00000, 0x0000000666f00000| Untracked 
| 624|0x0000000667000000, 0x0000000667000000, 0x0000000667100000|  0%| F|  |TAMS 0x0000000667000000, 0x0000000667000000| Untracked 
| 625|0x0000000667100000, 0x0000000667100000, 0x0000000667200000|  0%| F|  |TAMS 0x0000000667100000, 0x0000000667100000| Untracked 
| 626|0x0000000667200000, 0x0000000667200000, 0x0000000667300000|  0%| F|  |TAMS 0x0000000667200000, 0x0000000667200000| Untracked 
| 627|0x0000000667300000, 0x0000000667300000, 0x0000000667400000|  0%| F|  |TAMS 0x0000000667300000, 0x0000000667300000| Untracked 
| 628|0x0000000667400000, 0x0000000667400000, 0x0000000667500000|  0%| F|  |TAMS 0x0000000667400000, 0x0000000667400000| Untracked 
| 629|0x0000000667500000, 0x0000000667500000, 0x0000000667600000|  0%| F|  |TAMS 0x0000000667500000, 0x0000000667500000| Untracked 
| 630|0x0000000667600000, 0x0000000667600000, 0x0000000667700000|  0%| F|  |TAMS 0x0000000667600000, 0x0000000667600000| Untracked 
| 631|0x0000000667700000, 0x0000000667700000, 0x0000000667800000|  0%| F|  |TAMS 0x0000000667700000, 0x0000000667700000| Untracked 
| 632|0x0000000667800000, 0x0000000667800000, 0x0000000667900000|  0%| F|  |TAMS 0x0000000667800000, 0x0000000667800000| Untracked 
| 633|0x0000000667900000, 0x0000000667900000, 0x0000000667a00000|  0%| F|  |TAMS 0x0000000667900000, 0x0000000667900000| Untracked 
| 634|0x0000000667a00000, 0x0000000667a00000, 0x0000000667b00000|  0%| F|  |TAMS 0x0000000667a00000, 0x0000000667a00000| Untracked 
| 635|0x0000000667b00000, 0x0000000667b00000, 0x0000000667c00000|  0%| F|  |TAMS 0x0000000667b00000, 0x0000000667b00000| Untracked 
| 636|0x0000000667c00000, 0x0000000667c00000, 0x0000000667d00000|  0%| F|  |TAMS 0x0000000667c00000, 0x0000000667c00000| Untracked 
| 637|0x0000000667d00000, 0x0000000667d00000, 0x0000000667e00000|  0%| F|  |TAMS 0x0000000667d00000, 0x0000000667d00000| Untracked 
| 638|0x0000000667e00000, 0x0000000667e00000, 0x0000000667f00000|  0%| F|  |TAMS 0x0000000667e00000, 0x0000000667e00000| Untracked 
| 639|0x0000000667f00000, 0x0000000667f00000, 0x0000000668000000|  0%| F|  |TAMS 0x0000000667f00000, 0x0000000667f00000| Untracked 
| 640|0x0000000668000000, 0x0000000668000000, 0x0000000668100000|  0%| F|  |TAMS 0x0000000668000000, 0x0000000668000000| Untracked 
| 641|0x0000000668100000, 0x0000000668100000, 0x0000000668200000|  0%| F|  |TAMS 0x0000000668100000, 0x0000000668100000| Untracked 
| 642|0x0000000668200000, 0x0000000668200000, 0x0000000668300000|  0%| F|  |TAMS 0x0000000668200000, 0x0000000668200000| Untracked 
| 643|0x0000000668300000, 0x0000000668300000, 0x0000000668400000|  0%| F|  |TAMS 0x0000000668300000, 0x0000000668300000| Untracked 
| 644|0x0000000668400000, 0x0000000668400000, 0x0000000668500000|  0%| F|  |TAMS 0x0000000668400000, 0x0000000668400000| Untracked 
| 645|0x0000000668500000, 0x0000000668500000, 0x0000000668600000|  0%| F|  |TAMS 0x0000000668500000, 0x0000000668500000| Untracked 
| 646|0x0000000668600000, 0x0000000668600000, 0x0000000668700000|  0%| F|  |TAMS 0x0000000668600000, 0x0000000668600000| Untracked 
| 647|0x0000000668700000, 0x0000000668700000, 0x0000000668800000|  0%| F|  |TAMS 0x0000000668700000, 0x0000000668700000| Untracked 
| 648|0x0000000668800000, 0x0000000668800000, 0x0000000668900000|  0%| F|  |TAMS 0x0000000668800000, 0x0000000668800000| Untracked 
| 649|0x0000000668900000, 0x0000000668900000, 0x0000000668a00000|  0%| F|  |TAMS 0x0000000668900000, 0x0000000668900000| Untracked 
| 650|0x0000000668a00000, 0x0000000668a00000, 0x0000000668b00000|  0%| F|  |TAMS 0x0000000668a00000, 0x0000000668a00000| Untracked 
| 651|0x0000000668b00000, 0x0000000668b00000, 0x0000000668c00000|  0%| F|  |TAMS 0x0000000668b00000, 0x0000000668b00000| Untracked 
| 652|0x0000000668c00000, 0x0000000668c00000, 0x0000000668d00000|  0%| F|  |TAMS 0x0000000668c00000, 0x0000000668c00000| Untracked 
| 653|0x0000000668d00000, 0x0000000668d00000, 0x0000000668e00000|  0%| F|  |TAMS 0x0000000668d00000, 0x0000000668d00000| Untracked 
| 654|0x0000000668e00000, 0x0000000668e00000, 0x0000000668f00000|  0%| F|  |TAMS 0x0000000668e00000, 0x0000000668e00000| Untracked 
| 655|0x0000000668f00000, 0x0000000668f00000, 0x0000000669000000|  0%| F|  |TAMS 0x0000000668f00000, 0x0000000668f00000| Untracked 
| 656|0x0000000669000000, 0x0000000669000000, 0x0000000669100000|  0%| F|  |TAMS 0x0000000669000000, 0x0000000669000000| Untracked 
| 657|0x0000000669100000, 0x0000000669100000, 0x0000000669200000|  0%| F|  |TAMS 0x0000000669100000, 0x0000000669100000| Untracked 
| 658|0x0000000669200000, 0x0000000669200000, 0x0000000669300000|  0%| F|  |TAMS 0x0000000669200000, 0x0000000669200000| Untracked 
| 659|0x0000000669300000, 0x0000000669300000, 0x0000000669400000|  0%| F|  |TAMS 0x0000000669300000, 0x0000000669300000| Untracked 
| 660|0x0000000669400000, 0x0000000669400000, 0x0000000669500000|  0%| F|  |TAMS 0x0000000669400000, 0x0000000669400000| Untracked 
| 661|0x0000000669500000, 0x0000000669500000, 0x0000000669600000|  0%| F|  |TAMS 0x0000000669500000, 0x0000000669500000| Untracked 
| 662|0x0000000669600000, 0x0000000669600000, 0x0000000669700000|  0%| F|  |TAMS 0x0000000669600000, 0x0000000669600000| Untracked 
| 663|0x0000000669700000, 0x0000000669700000, 0x0000000669800000|  0%| F|  |TAMS 0x0000000669700000, 0x0000000669700000| Untracked 
| 664|0x0000000669800000, 0x0000000669800000, 0x0000000669900000|  0%| F|  |TAMS 0x0000000669800000, 0x0000000669800000| Untracked 
| 665|0x0000000669900000, 0x0000000669900000, 0x0000000669a00000|  0%| F|  |TAMS 0x0000000669900000, 0x0000000669900000| Untracked 
| 666|0x0000000669a00000, 0x0000000669a00000, 0x0000000669b00000|  0%| F|  |TAMS 0x0000000669a00000, 0x0000000669a00000| Untracked 
| 667|0x0000000669b00000, 0x0000000669b00000, 0x0000000669c00000|  0%| F|  |TAMS 0x0000000669b00000, 0x0000000669b00000| Untracked 
| 668|0x0000000669c00000, 0x0000000669c00000, 0x0000000669d00000|  0%| F|  |TAMS 0x0000000669c00000, 0x0000000669c00000| Untracked 
| 669|0x0000000669d00000, 0x0000000669d00000, 0x0000000669e00000|  0%| F|  |TAMS 0x0000000669d00000, 0x0000000669d00000| Untracked 
| 670|0x0000000669e00000, 0x0000000669e00000, 0x0000000669f00000|  0%| F|  |TAMS 0x0000000669e00000, 0x0000000669e00000| Untracked 
| 671|0x0000000669f00000, 0x0000000669f00000, 0x000000066a000000|  0%| F|  |TAMS 0x0000000669f00000, 0x0000000669f00000| Untracked 
| 672|0x000000066a000000, 0x000000066a000000, 0x000000066a100000|  0%| F|  |TAMS 0x000000066a000000, 0x000000066a000000| Untracked 
| 673|0x000000066a100000, 0x000000066a100000, 0x000000066a200000|  0%| F|  |TAMS 0x000000066a100000, 0x000000066a100000| Untracked 
| 674|0x000000066a200000, 0x000000066a200000, 0x000000066a300000|  0%| F|  |TAMS 0x000000066a200000, 0x000000066a200000| Untracked 
| 675|0x000000066a300000, 0x000000066a300000, 0x000000066a400000|  0%| F|  |TAMS 0x000000066a300000, 0x000000066a300000| Untracked 
| 676|0x000000066a400000, 0x000000066a400000, 0x000000066a500000|  0%| F|  |TAMS 0x000000066a400000, 0x000000066a400000| Untracked 
| 677|0x000000066a500000, 0x000000066a500000, 0x000000066a600000|  0%| F|  |TAMS 0x000000066a500000, 0x000000066a500000| Untracked 
| 678|0x000000066a600000, 0x000000066a600000, 0x000000066a700000|  0%| F|  |TAMS 0x000000066a600000, 0x000000066a600000| Untracked 
| 679|0x000000066a700000, 0x000000066a700000, 0x000000066a800000|  0%| F|  |TAMS 0x000000066a700000, 0x000000066a700000| Untracked 
| 680|0x000000066a800000, 0x000000066a800000, 0x000000066a900000|  0%| F|  |TAMS 0x000000066a800000, 0x000000066a800000| Untracked 
| 681|0x000000066a900000, 0x000000066a900000, 0x000000066aa00000|  0%| F|  |TAMS 0x000000066a900000, 0x000000066a900000| Untracked 
| 682|0x000000066aa00000, 0x000000066aa00000, 0x000000066ab00000|  0%| F|  |TAMS 0x000000066aa00000, 0x000000066aa00000| Untracked 
| 683|0x000000066ab00000, 0x000000066ab00000, 0x000000066ac00000|  0%| F|  |TAMS 0x000000066ab00000, 0x000000066ab00000| Untracked 
| 684|0x000000066ac00000, 0x000000066ac00000, 0x000000066ad00000|  0%| F|  |TAMS 0x000000066ac00000, 0x000000066ac00000| Untracked 
| 685|0x000000066ad00000, 0x000000066ad00000, 0x000000066ae00000|  0%| F|  |TAMS 0x000000066ad00000, 0x000000066ad00000| Untracked 
| 686|0x000000066ae00000, 0x000000066ae00000, 0x000000066af00000|  0%| F|  |TAMS 0x000000066ae00000, 0x000000066ae00000| Untracked 
| 687|0x000000066af00000, 0x000000066af00000, 0x000000066b000000|  0%| F|  |TAMS 0x000000066af00000, 0x000000066af00000| Untracked 
| 688|0x000000066b000000, 0x000000066b000000, 0x000000066b100000|  0%| F|  |TAMS 0x000000066b000000, 0x000000066b000000| Untracked 
| 689|0x000000066b100000, 0x000000066b100000, 0x000000066b200000|  0%| F|  |TAMS 0x000000066b100000, 0x000000066b100000| Untracked 
| 690|0x000000066b200000, 0x000000066b200000, 0x000000066b300000|  0%| F|  |TAMS 0x000000066b200000, 0x000000066b200000| Untracked 
| 691|0x000000066b300000, 0x000000066b300000, 0x000000066b400000|  0%| F|  |TAMS 0x000000066b300000, 0x000000066b300000| Untracked 
| 692|0x000000066b400000, 0x000000066b400000, 0x000000066b500000|  0%| F|  |TAMS 0x000000066b400000, 0x000000066b400000| Untracked 
| 693|0x000000066b500000, 0x000000066b500000, 0x000000066b600000|  0%| F|  |TAMS 0x000000066b500000, 0x000000066b500000| Untracked 
| 694|0x000000066b600000, 0x000000066b600000, 0x000000066b700000|  0%| F|  |TAMS 0x000000066b600000, 0x000000066b600000| Untracked 
| 695|0x000000066b700000, 0x000000066b700000, 0x000000066b800000|  0%| F|  |TAMS 0x000000066b700000, 0x000000066b700000| Untracked 
| 696|0x000000066b800000, 0x000000066b800000, 0x000000066b900000|  0%| F|  |TAMS 0x000000066b800000, 0x000000066b800000| Untracked 
| 697|0x000000066b900000, 0x000000066b900000, 0x000000066ba00000|  0%| F|  |TAMS 0x000000066b900000, 0x000000066b900000| Untracked 
| 698|0x000000066ba00000, 0x000000066ba00000, 0x000000066bb00000|  0%| F|  |TAMS 0x000000066ba00000, 0x000000066ba00000| Untracked 
| 699|0x000000066bb00000, 0x000000066bb00000, 0x000000066bc00000|  0%| F|  |TAMS 0x000000066bb00000, 0x000000066bb00000| Untracked 
| 700|0x000000066bc00000, 0x000000066bc00000, 0x000000066bd00000|  0%| F|  |TAMS 0x000000066bc00000, 0x000000066bc00000| Untracked 
| 701|0x000000066bd00000, 0x000000066bd00000, 0x000000066be00000|  0%| F|  |TAMS 0x000000066bd00000, 0x000000066bd00000| Untracked 
| 702|0x000000066be00000, 0x000000066be00000, 0x000000066bf00000|  0%| F|  |TAMS 0x000000066be00000, 0x000000066be00000| Untracked 
| 703|0x000000066bf00000, 0x000000066bf00000, 0x000000066c000000|  0%| F|  |TAMS 0x000000066bf00000, 0x000000066bf00000| Untracked 
| 704|0x000000066c000000, 0x000000066c000000, 0x000000066c100000|  0%| F|  |TAMS 0x000000066c000000, 0x000000066c000000| Untracked 
| 705|0x000000066c100000, 0x000000066c100000, 0x000000066c200000|  0%| F|  |TAMS 0x000000066c100000, 0x000000066c100000| Untracked 
| 706|0x000000066c200000, 0x000000066c200000, 0x000000066c300000|  0%| F|  |TAMS 0x000000066c200000, 0x000000066c200000| Untracked 
| 707|0x000000066c300000, 0x000000066c300000, 0x000000066c400000|  0%| F|  |TAMS 0x000000066c300000, 0x000000066c300000| Untracked 
| 708|0x000000066c400000, 0x000000066c400000, 0x000000066c500000|  0%| F|  |TAMS 0x000000066c400000, 0x000000066c400000| Untracked 
| 709|0x000000066c500000, 0x000000066c500000, 0x000000066c600000|  0%| F|  |TAMS 0x000000066c500000, 0x000000066c500000| Untracked 
| 710|0x000000066c600000, 0x000000066c600000, 0x000000066c700000|  0%| F|  |TAMS 0x000000066c600000, 0x000000066c600000| Untracked 
| 711|0x000000066c700000, 0x000000066c700000, 0x000000066c800000|  0%| F|  |TAMS 0x000000066c700000, 0x000000066c700000| Untracked 
| 712|0x000000066c800000, 0x000000066c800000, 0x000000066c900000|  0%| F|  |TAMS 0x000000066c800000, 0x000000066c800000| Untracked 
| 713|0x000000066c900000, 0x000000066c900000, 0x000000066ca00000|  0%| F|  |TAMS 0x000000066c900000, 0x000000066c900000| Untracked 
| 714|0x000000066ca00000, 0x000000066ca00000, 0x000000066cb00000|  0%| F|  |TAMS 0x000000066ca00000, 0x000000066ca00000| Untracked 
| 715|0x000000066cb00000, 0x000000066cb00000, 0x000000066cc00000|  0%| F|  |TAMS 0x000000066cb00000, 0x000000066cb00000| Untracked 
| 716|0x000000066cc00000, 0x000000066cc00000, 0x000000066cd00000|  0%| F|  |TAMS 0x000000066cc00000, 0x000000066cc00000| Untracked 
| 717|0x000000066cd00000, 0x000000066cd00000, 0x000000066ce00000|  0%| F|  |TAMS 0x000000066cd00000, 0x000000066cd00000| Untracked 
| 718|0x000000066ce00000, 0x000000066ce00000, 0x000000066cf00000|  0%| F|  |TAMS 0x000000066ce00000, 0x000000066ce00000| Untracked 
| 719|0x000000066cf00000, 0x000000066cf00000, 0x000000066d000000|  0%| F|  |TAMS 0x000000066cf00000, 0x000000066cf00000| Untracked 
| 720|0x000000066d000000, 0x000000066d000000, 0x000000066d100000|  0%| F|  |TAMS 0x000000066d000000, 0x000000066d000000| Untracked 
| 721|0x000000066d100000, 0x000000066d100000, 0x000000066d200000|  0%| F|  |TAMS 0x000000066d100000, 0x000000066d100000| Untracked 
| 722|0x000000066d200000, 0x000000066d200000, 0x000000066d300000|  0%| F|  |TAMS 0x000000066d200000, 0x000000066d200000| Untracked 
| 723|0x000000066d300000, 0x000000066d300000, 0x000000066d400000|  0%| F|  |TAMS 0x000000066d300000, 0x000000066d300000| Untracked 
| 724|0x000000066d400000, 0x000000066d400000, 0x000000066d500000|  0%| F|  |TAMS 0x000000066d400000, 0x000000066d400000| Untracked 
| 725|0x000000066d500000, 0x000000066d500000, 0x000000066d600000|  0%| F|  |TAMS 0x000000066d500000, 0x000000066d500000| Untracked 
| 726|0x000000066d600000, 0x000000066d600000, 0x000000066d700000|  0%| F|  |TAMS 0x000000066d600000, 0x000000066d600000| Untracked 
| 727|0x000000066d700000, 0x000000066d700000, 0x000000066d800000|  0%| F|  |TAMS 0x000000066d700000, 0x000000066d700000| Untracked 
| 728|0x000000066d800000, 0x000000066d800000, 0x000000066d900000|  0%| F|  |TAMS 0x000000066d800000, 0x000000066d800000| Untracked 
| 729|0x000000066d900000, 0x000000066d900000, 0x000000066da00000|  0%| F|  |TAMS 0x000000066d900000, 0x000000066d900000| Untracked 
| 730|0x000000066da00000, 0x000000066da00000, 0x000000066db00000|  0%| F|  |TAMS 0x000000066da00000, 0x000000066da00000| Untracked 
| 731|0x000000066db00000, 0x000000066db00000, 0x000000066dc00000|  0%| F|  |TAMS 0x000000066db00000, 0x000000066db00000| Untracked 
| 732|0x000000066dc00000, 0x000000066dc00000, 0x000000066dd00000|  0%| F|  |TAMS 0x000000066dc00000, 0x000000066dc00000| Untracked 
| 733|0x000000066dd00000, 0x000000066dd00000, 0x000000066de00000|  0%| F|  |TAMS 0x000000066dd00000, 0x000000066dd00000| Untracked 
| 734|0x000000066de00000, 0x000000066de00000, 0x000000066df00000|  0%| F|  |TAMS 0x000000066de00000, 0x000000066de00000| Untracked 
| 735|0x000000066df00000, 0x000000066df00000, 0x000000066e000000|  0%| F|  |TAMS 0x000000066df00000, 0x000000066df00000| Untracked 
| 736|0x000000066e000000, 0x000000066e000000, 0x000000066e100000|  0%| F|  |TAMS 0x000000066e000000, 0x000000066e000000| Untracked 
| 737|0x000000066e100000, 0x000000066e100000, 0x000000066e200000|  0%| F|  |TAMS 0x000000066e100000, 0x000000066e100000| Untracked 
| 738|0x000000066e200000, 0x000000066e200000, 0x000000066e300000|  0%| F|  |TAMS 0x000000066e200000, 0x000000066e200000| Untracked 
| 739|0x000000066e300000, 0x000000066e300000, 0x000000066e400000|  0%| F|  |TAMS 0x000000066e300000, 0x000000066e300000| Untracked 
| 740|0x000000066e400000, 0x000000066e400000, 0x000000066e500000|  0%| F|  |TAMS 0x000000066e400000, 0x000000066e400000| Untracked 
| 741|0x000000066e500000, 0x000000066e500000, 0x000000066e600000|  0%| F|  |TAMS 0x000000066e500000, 0x000000066e500000| Untracked 
| 742|0x000000066e600000, 0x000000066e600000, 0x000000066e700000|  0%| F|  |TAMS 0x000000066e600000, 0x000000066e600000| Untracked 
| 743|0x000000066e700000, 0x000000066e700000, 0x000000066e800000|  0%| F|  |TAMS 0x000000066e700000, 0x000000066e700000| Untracked 
| 744|0x000000066e800000, 0x000000066e800000, 0x000000066e900000|  0%| F|  |TAMS 0x000000066e800000, 0x000000066e800000| Untracked 
| 745|0x000000066e900000, 0x000000066e900000, 0x000000066ea00000|  0%| F|  |TAMS 0x000000066e900000, 0x000000066e900000| Untracked 
| 746|0x000000066ea00000, 0x000000066ea00000, 0x000000066eb00000|  0%| F|  |TAMS 0x000000066ea00000, 0x000000066ea00000| Untracked 
| 747|0x000000066eb00000, 0x000000066eb00000, 0x000000066ec00000|  0%| F|  |TAMS 0x000000066eb00000, 0x000000066eb00000| Untracked 
| 748|0x000000066ec00000, 0x000000066ec00000, 0x000000066ed00000|  0%| F|  |TAMS 0x000000066ec00000, 0x000000066ec00000| Untracked 
| 749|0x000000066ed00000, 0x000000066ed00000, 0x000000066ee00000|  0%| F|  |TAMS 0x000000066ed00000, 0x000000066ed00000| Untracked 
| 750|0x000000066ee00000, 0x000000066ee00000, 0x000000066ef00000|  0%| F|  |TAMS 0x000000066ee00000, 0x000000066ee00000| Untracked 
| 751|0x000000066ef00000, 0x000000066ef00000, 0x000000066f000000|  0%| F|  |TAMS 0x000000066ef00000, 0x000000066ef00000| Untracked 
| 752|0x000000066f000000, 0x000000066f000000, 0x000000066f100000|  0%| F|  |TAMS 0x000000066f000000, 0x000000066f000000| Untracked 
| 753|0x000000066f100000, 0x000000066f100000, 0x000000066f200000|  0%| F|  |TAMS 0x000000066f100000, 0x000000066f100000| Untracked 
| 754|0x000000066f200000, 0x000000066f200000, 0x000000066f300000|  0%| F|  |TAMS 0x000000066f200000, 0x000000066f200000| Untracked 
| 755|0x000000066f300000, 0x000000066f300000, 0x000000066f400000|  0%| F|  |TAMS 0x000000066f300000, 0x000000066f300000| Untracked 
| 756|0x000000066f400000, 0x000000066f400000, 0x000000066f500000|  0%| F|  |TAMS 0x000000066f400000, 0x000000066f400000| Untracked 
| 757|0x000000066f500000, 0x000000066f500000, 0x000000066f600000|  0%| F|  |TAMS 0x000000066f500000, 0x000000066f500000| Untracked 
| 758|0x000000066f600000, 0x000000066f600000, 0x000000066f700000|  0%| F|  |TAMS 0x000000066f600000, 0x000000066f600000| Untracked 
| 759|0x000000066f700000, 0x000000066f700000, 0x000000066f800000|  0%| F|  |TAMS 0x000000066f700000, 0x000000066f700000| Untracked 
| 760|0x000000066f800000, 0x000000066f800000, 0x000000066f900000|  0%| F|  |TAMS 0x000000066f800000, 0x000000066f800000| Untracked 
| 761|0x000000066f900000, 0x000000066f900000, 0x000000066fa00000|  0%| F|  |TAMS 0x000000066f900000, 0x000000066f900000| Untracked 
| 762|0x000000066fa00000, 0x000000066fa00000, 0x000000066fb00000|  0%| F|  |TAMS 0x000000066fa00000, 0x000000066fa00000| Untracked 
| 763|0x000000066fb00000, 0x000000066fb00000, 0x000000066fc00000|  0%| F|  |TAMS 0x000000066fb00000, 0x000000066fb00000| Untracked 
| 764|0x000000066fc00000, 0x000000066fc00000, 0x000000066fd00000|  0%| F|  |TAMS 0x000000066fc00000, 0x000000066fc00000| Untracked 
| 765|0x000000066fd00000, 0x000000066fd00000, 0x000000066fe00000|  0%| F|  |TAMS 0x000000066fd00000, 0x000000066fd00000| Untracked 
| 766|0x000000066fe00000, 0x000000066fe00000, 0x000000066ff00000|  0%| F|  |TAMS 0x000000066fe00000, 0x000000066fe00000| Untracked 
| 767|0x000000066ff00000, 0x000000066ff00000, 0x0000000670000000|  0%| F|  |TAMS 0x000000066ff00000, 0x000000066ff00000| Untracked 
| 768|0x0000000670000000, 0x0000000670000000, 0x0000000670100000|  0%| F|  |TAMS 0x0000000670000000, 0x0000000670000000| Untracked 
| 769|0x0000000670100000, 0x0000000670100000, 0x0000000670200000|  0%| F|  |TAMS 0x0000000670100000, 0x0000000670100000| Untracked 
| 770|0x0000000670200000, 0x0000000670200000, 0x0000000670300000|  0%| F|  |TAMS 0x0000000670200000, 0x0000000670200000| Untracked 
| 771|0x0000000670300000, 0x0000000670300000, 0x0000000670400000|  0%| F|  |TAMS 0x0000000670300000, 0x0000000670300000| Untracked 
| 772|0x0000000670400000, 0x0000000670400000, 0x0000000670500000|  0%| F|  |TAMS 0x0000000670400000, 0x0000000670400000| Untracked 
| 773|0x0000000670500000, 0x0000000670500000, 0x0000000670600000|  0%| F|  |TAMS 0x0000000670500000, 0x0000000670500000| Untracked 
| 774|0x0000000670600000, 0x0000000670600000, 0x0000000670700000|  0%| F|  |TAMS 0x0000000670600000, 0x0000000670600000| Untracked 
| 775|0x0000000670700000, 0x0000000670700000, 0x0000000670800000|  0%| F|  |TAMS 0x0000000670700000, 0x0000000670700000| Untracked 
| 776|0x0000000670800000, 0x0000000670800000, 0x0000000670900000|  0%| F|  |TAMS 0x0000000670800000, 0x0000000670800000| Untracked 
| 777|0x0000000670900000, 0x0000000670900000, 0x0000000670a00000|  0%| F|  |TAMS 0x0000000670900000, 0x0000000670900000| Untracked 
| 778|0x0000000670a00000, 0x0000000670a00000, 0x0000000670b00000|  0%| F|  |TAMS 0x0000000670a00000, 0x0000000670a00000| Untracked 
| 779|0x0000000670b00000, 0x0000000670b00000, 0x0000000670c00000|  0%| F|  |TAMS 0x0000000670b00000, 0x0000000670b00000| Untracked 
| 780|0x0000000670c00000, 0x0000000670c00000, 0x0000000670d00000|  0%| F|  |TAMS 0x0000000670c00000, 0x0000000670c00000| Untracked 
| 781|0x0000000670d00000, 0x0000000670d00000, 0x0000000670e00000|  0%| F|  |TAMS 0x0000000670d00000, 0x0000000670d00000| Untracked 
| 782|0x0000000670e00000, 0x0000000670e00000, 0x0000000670f00000|  0%| F|  |TAMS 0x0000000670e00000, 0x0000000670e00000| Untracked 
| 783|0x0000000670f00000, 0x0000000670f00000, 0x0000000671000000|  0%| F|  |TAMS 0x0000000670f00000, 0x0000000670f00000| Untracked 
| 784|0x0000000671000000, 0x0000000671000000, 0x0000000671100000|  0%| F|  |TAMS 0x0000000671000000, 0x0000000671000000| Untracked 
| 785|0x0000000671100000, 0x0000000671100000, 0x0000000671200000|  0%| F|  |TAMS 0x0000000671100000, 0x0000000671100000| Untracked 
| 786|0x0000000671200000, 0x0000000671200000, 0x0000000671300000|  0%| F|  |TAMS 0x0000000671200000, 0x0000000671200000| Untracked 
| 787|0x0000000671300000, 0x0000000671300000, 0x0000000671400000|  0%| F|  |TAMS 0x0000000671300000, 0x0000000671300000| Untracked 
| 788|0x0000000671400000, 0x0000000671400000, 0x0000000671500000|  0%| F|  |TAMS 0x0000000671400000, 0x0000000671400000| Untracked 
| 789|0x0000000671500000, 0x0000000671500000, 0x0000000671600000|  0%| F|  |TAMS 0x0000000671500000, 0x0000000671500000| Untracked 
| 790|0x0000000671600000, 0x0000000671600000, 0x0000000671700000|  0%| F|  |TAMS 0x0000000671600000, 0x0000000671600000| Untracked 
| 791|0x0000000671700000, 0x0000000671700000, 0x0000000671800000|  0%| F|  |TAMS 0x0000000671700000, 0x0000000671700000| Untracked 
| 792|0x0000000671800000, 0x0000000671800000, 0x0000000671900000|  0%| F|  |TAMS 0x0000000671800000, 0x0000000671800000| Untracked 
| 793|0x0000000671900000, 0x0000000671900000, 0x0000000671a00000|  0%| F|  |TAMS 0x0000000671900000, 0x0000000671900000| Untracked 
| 794|0x0000000671a00000, 0x0000000671a00000, 0x0000000671b00000|  0%| F|  |TAMS 0x0000000671a00000, 0x0000000671a00000| Untracked 
| 795|0x0000000671b00000, 0x0000000671b00000, 0x0000000671c00000|  0%| F|  |TAMS 0x0000000671b00000, 0x0000000671b00000| Untracked 
| 796|0x0000000671c00000, 0x0000000671c00000, 0x0000000671d00000|  0%| F|  |TAMS 0x0000000671c00000, 0x0000000671c00000| Untracked 
| 797|0x0000000671d00000, 0x0000000671d00000, 0x0000000671e00000|  0%| F|  |TAMS 0x0000000671d00000, 0x0000000671d00000| Untracked 
| 798|0x0000000671e00000, 0x0000000671e00000, 0x0000000671f00000|  0%| F|  |TAMS 0x0000000671e00000, 0x0000000671e00000| Untracked 
| 799|0x0000000671f00000, 0x0000000671f00000, 0x0000000672000000|  0%| F|  |TAMS 0x0000000671f00000, 0x0000000671f00000| Untracked 
| 800|0x0000000672000000, 0x0000000672000000, 0x0000000672100000|  0%| F|  |TAMS 0x0000000672000000, 0x0000000672000000| Untracked 
| 801|0x0000000672100000, 0x0000000672100000, 0x0000000672200000|  0%| F|  |TAMS 0x0000000672100000, 0x0000000672100000| Untracked 
| 802|0x0000000672200000, 0x0000000672200000, 0x0000000672300000|  0%| F|  |TAMS 0x0000000672200000, 0x0000000672200000| Untracked 
| 803|0x0000000672300000, 0x0000000672300000, 0x0000000672400000|  0%| F|  |TAMS 0x0000000672300000, 0x0000000672300000| Untracked 
| 804|0x0000000672400000, 0x0000000672400000, 0x0000000672500000|  0%| F|  |TAMS 0x0000000672400000, 0x0000000672400000| Untracked 
| 805|0x0000000672500000, 0x0000000672500000, 0x0000000672600000|  0%| F|  |TAMS 0x0000000672500000, 0x0000000672500000| Untracked 
| 806|0x0000000672600000, 0x0000000672600000, 0x0000000672700000|  0%| F|  |TAMS 0x0000000672600000, 0x0000000672600000| Untracked 
| 807|0x0000000672700000, 0x0000000672700000, 0x0000000672800000|  0%| F|  |TAMS 0x0000000672700000, 0x0000000672700000| Untracked 
| 808|0x0000000672800000, 0x0000000672800000, 0x0000000672900000|  0%| F|  |TAMS 0x0000000672800000, 0x0000000672800000| Untracked 
| 809|0x0000000672900000, 0x0000000672900000, 0x0000000672a00000|  0%| F|  |TAMS 0x0000000672900000, 0x0000000672900000| Untracked 
| 810|0x0000000672a00000, 0x0000000672a00000, 0x0000000672b00000|  0%| F|  |TAMS 0x0000000672a00000, 0x0000000672a00000| Untracked 
| 811|0x0000000672b00000, 0x0000000672b00000, 0x0000000672c00000|  0%| F|  |TAMS 0x0000000672b00000, 0x0000000672b00000| Untracked 
| 812|0x0000000672c00000, 0x0000000672c00000, 0x0000000672d00000|  0%| F|  |TAMS 0x0000000672c00000, 0x0000000672c00000| Untracked 
| 813|0x0000000672d00000, 0x0000000672d00000, 0x0000000672e00000|  0%| F|  |TAMS 0x0000000672d00000, 0x0000000672d00000| Untracked 
| 814|0x0000000672e00000, 0x0000000672e00000, 0x0000000672f00000|  0%| F|  |TAMS 0x0000000672e00000, 0x0000000672e00000| Untracked 
| 815|0x0000000672f00000, 0x0000000672f00000, 0x0000000673000000|  0%| F|  |TAMS 0x0000000672f00000, 0x0000000672f00000| Untracked 
| 816|0x0000000673000000, 0x0000000673000000, 0x0000000673100000|  0%| F|  |TAMS 0x0000000673000000, 0x0000000673000000| Untracked 
| 817|0x0000000673100000, 0x0000000673100000, 0x0000000673200000|  0%| F|  |TAMS 0x0000000673100000, 0x0000000673100000| Untracked 
| 818|0x0000000673200000, 0x0000000673200000, 0x0000000673300000|  0%| F|  |TAMS 0x0000000673200000, 0x0000000673200000| Untracked 
| 819|0x0000000673300000, 0x0000000673300000, 0x0000000673400000|  0%| F|  |TAMS 0x0000000673300000, 0x0000000673300000| Untracked 
| 820|0x0000000673400000, 0x0000000673400000, 0x0000000673500000|  0%| F|  |TAMS 0x0000000673400000, 0x0000000673400000| Untracked 
| 821|0x0000000673500000, 0x0000000673500000, 0x0000000673600000|  0%| F|  |TAMS 0x0000000673500000, 0x0000000673500000| Untracked 
| 822|0x0000000673600000, 0x0000000673600000, 0x0000000673700000|  0%| F|  |TAMS 0x0000000673600000, 0x0000000673600000| Untracked 
| 823|0x0000000673700000, 0x0000000673700000, 0x0000000673800000|  0%| F|  |TAMS 0x0000000673700000, 0x0000000673700000| Untracked 
| 824|0x0000000673800000, 0x0000000673800000, 0x0000000673900000|  0%| F|  |TAMS 0x0000000673800000, 0x0000000673800000| Untracked 
| 825|0x0000000673900000, 0x0000000673900000, 0x0000000673a00000|  0%| F|  |TAMS 0x0000000673900000, 0x0000000673900000| Untracked 
| 826|0x0000000673a00000, 0x0000000673a00000, 0x0000000673b00000|  0%| F|  |TAMS 0x0000000673a00000, 0x0000000673a00000| Untracked 
| 827|0x0000000673b00000, 0x0000000673b00000, 0x0000000673c00000|  0%| F|  |TAMS 0x0000000673b00000, 0x0000000673b00000| Untracked 
| 828|0x0000000673c00000, 0x0000000673c00000, 0x0000000673d00000|  0%| F|  |TAMS 0x0000000673c00000, 0x0000000673c00000| Untracked 
| 829|0x0000000673d00000, 0x0000000673d00000, 0x0000000673e00000|  0%| F|  |TAMS 0x0000000673d00000, 0x0000000673d00000| Untracked 
| 830|0x0000000673e00000, 0x0000000673e00000, 0x0000000673f00000|  0%| F|  |TAMS 0x0000000673e00000, 0x0000000673e00000| Untracked 
| 831|0x0000000673f00000, 0x0000000673f00000, 0x0000000674000000|  0%| F|  |TAMS 0x0000000673f00000, 0x0000000673f00000| Untracked 
| 832|0x0000000674000000, 0x0000000674000000, 0x0000000674100000|  0%| F|  |TAMS 0x0000000674000000, 0x0000000674000000| Untracked 
| 833|0x0000000674100000, 0x0000000674100000, 0x0000000674200000|  0%| F|  |TAMS 0x0000000674100000, 0x0000000674100000| Untracked 
| 834|0x0000000674200000, 0x0000000674200000, 0x0000000674300000|  0%| F|  |TAMS 0x0000000674200000, 0x0000000674200000| Untracked 
| 835|0x0000000674300000, 0x0000000674300000, 0x0000000674400000|  0%| F|  |TAMS 0x0000000674300000, 0x0000000674300000| Untracked 
| 836|0x0000000674400000, 0x0000000674400000, 0x0000000674500000|  0%| F|  |TAMS 0x0000000674400000, 0x0000000674400000| Untracked 
| 837|0x0000000674500000, 0x0000000674500000, 0x0000000674600000|  0%| F|  |TAMS 0x0000000674500000, 0x0000000674500000| Untracked 
| 838|0x0000000674600000, 0x0000000674600000, 0x0000000674700000|  0%| F|  |TAMS 0x0000000674600000, 0x0000000674600000| Untracked 
| 839|0x0000000674700000, 0x0000000674700000, 0x0000000674800000|  0%| F|  |TAMS 0x0000000674700000, 0x0000000674700000| Untracked 
| 840|0x0000000674800000, 0x0000000674800000, 0x0000000674900000|  0%| F|  |TAMS 0x0000000674800000, 0x0000000674800000| Untracked 
| 841|0x0000000674900000, 0x0000000674900000, 0x0000000674a00000|  0%| F|  |TAMS 0x0000000674900000, 0x0000000674900000| Untracked 
| 842|0x0000000674a00000, 0x0000000674a00000, 0x0000000674b00000|  0%| F|  |TAMS 0x0000000674a00000, 0x0000000674a00000| Untracked 
| 843|0x0000000674b00000, 0x0000000674b00000, 0x0000000674c00000|  0%| F|  |TAMS 0x0000000674b00000, 0x0000000674b00000| Untracked 
| 844|0x0000000674c00000, 0x0000000674c00000, 0x0000000674d00000|  0%| F|  |TAMS 0x0000000674c00000, 0x0000000674c00000| Untracked 
| 845|0x0000000674d00000, 0x0000000674d00000, 0x0000000674e00000|  0%| F|  |TAMS 0x0000000674d00000, 0x0000000674d00000| Untracked 
| 846|0x0000000674e00000, 0x0000000674e00000, 0x0000000674f00000|  0%| F|  |TAMS 0x0000000674e00000, 0x0000000674e00000| Untracked 
| 847|0x0000000674f00000, 0x0000000674f00000, 0x0000000675000000|  0%| F|  |TAMS 0x0000000674f00000, 0x0000000674f00000| Untracked 
| 848|0x0000000675000000, 0x0000000675000000, 0x0000000675100000|  0%| F|  |TAMS 0x0000000675000000, 0x0000000675000000| Untracked 
| 849|0x0000000675100000, 0x0000000675100000, 0x0000000675200000|  0%| F|  |TAMS 0x0000000675100000, 0x0000000675100000| Untracked 
| 850|0x0000000675200000, 0x0000000675200000, 0x0000000675300000|  0%| F|  |TAMS 0x0000000675200000, 0x0000000675200000| Untracked 
| 851|0x0000000675300000, 0x0000000675300000, 0x0000000675400000|  0%| F|  |TAMS 0x0000000675300000, 0x0000000675300000| Untracked 
| 852|0x0000000675400000, 0x0000000675400000, 0x0000000675500000|  0%| F|  |TAMS 0x0000000675400000, 0x0000000675400000| Untracked 
| 853|0x0000000675500000, 0x0000000675500000, 0x0000000675600000|  0%| F|  |TAMS 0x0000000675500000, 0x0000000675500000| Untracked 
| 854|0x0000000675600000, 0x0000000675600000, 0x0000000675700000|  0%| F|  |TAMS 0x0000000675600000, 0x0000000675600000| Untracked 
| 855|0x0000000675700000, 0x0000000675700000, 0x0000000675800000|  0%| F|  |TAMS 0x0000000675700000, 0x0000000675700000| Untracked 
| 856|0x0000000675800000, 0x0000000675800000, 0x0000000675900000|  0%| F|  |TAMS 0x0000000675800000, 0x0000000675800000| Untracked 
| 857|0x0000000675900000, 0x0000000675900000, 0x0000000675a00000|  0%| F|  |TAMS 0x0000000675900000, 0x0000000675900000| Untracked 
| 858|0x0000000675a00000, 0x0000000675a00000, 0x0000000675b00000|  0%| F|  |TAMS 0x0000000675a00000, 0x0000000675a00000| Untracked 
| 859|0x0000000675b00000, 0x0000000675b00000, 0x0000000675c00000|  0%| F|  |TAMS 0x0000000675b00000, 0x0000000675b00000| Untracked 
| 860|0x0000000675c00000, 0x0000000675c00000, 0x0000000675d00000|  0%| F|  |TAMS 0x0000000675c00000, 0x0000000675c00000| Untracked 
| 861|0x0000000675d00000, 0x0000000675d00000, 0x0000000675e00000|  0%| F|  |TAMS 0x0000000675d00000, 0x0000000675d00000| Untracked 
| 862|0x0000000675e00000, 0x0000000675e00000, 0x0000000675f00000|  0%| F|  |TAMS 0x0000000675e00000, 0x0000000675e00000| Untracked 
| 863|0x0000000675f00000, 0x0000000675f00000, 0x0000000676000000|  0%| F|  |TAMS 0x0000000675f00000, 0x0000000675f00000| Untracked 
| 864|0x0000000676000000, 0x0000000676000000, 0x0000000676100000|  0%| F|  |TAMS 0x0000000676000000, 0x0000000676000000| Untracked 
| 865|0x0000000676100000, 0x0000000676100000, 0x0000000676200000|  0%| F|  |TAMS 0x0000000676100000, 0x0000000676100000| Untracked 
| 866|0x0000000676200000, 0x0000000676200000, 0x0000000676300000|  0%| F|  |TAMS 0x0000000676200000, 0x0000000676200000| Untracked 
| 867|0x0000000676300000, 0x0000000676300000, 0x0000000676400000|  0%| F|  |TAMS 0x0000000676300000, 0x0000000676300000| Untracked 
| 868|0x0000000676400000, 0x0000000676400000, 0x0000000676500000|  0%| F|  |TAMS 0x0000000676400000, 0x0000000676400000| Untracked 
| 869|0x0000000676500000, 0x0000000676500000, 0x0000000676600000|  0%| F|  |TAMS 0x0000000676500000, 0x0000000676500000| Untracked 
| 870|0x0000000676600000, 0x0000000676600000, 0x0000000676700000|  0%| F|  |TAMS 0x0000000676600000, 0x0000000676600000| Untracked 
| 871|0x0000000676700000, 0x0000000676700000, 0x0000000676800000|  0%| F|  |TAMS 0x0000000676700000, 0x0000000676700000| Untracked 
| 872|0x0000000676800000, 0x0000000676800000, 0x0000000676900000|  0%| F|  |TAMS 0x0000000676800000, 0x0000000676800000| Untracked 
| 873|0x0000000676900000, 0x0000000676900000, 0x0000000676a00000|  0%| F|  |TAMS 0x0000000676900000, 0x0000000676900000| Untracked 
| 874|0x0000000676a00000, 0x0000000676a00000, 0x0000000676b00000|  0%| F|  |TAMS 0x0000000676a00000, 0x0000000676a00000| Untracked 
| 875|0x0000000676b00000, 0x0000000676b00000, 0x0000000676c00000|  0%| F|  |TAMS 0x0000000676b00000, 0x0000000676b00000| Untracked 
| 876|0x0000000676c00000, 0x0000000676c00000, 0x0000000676d00000|  0%| F|  |TAMS 0x0000000676c00000, 0x0000000676c00000| Untracked 
| 877|0x0000000676d00000, 0x0000000676d00000, 0x0000000676e00000|  0%| F|  |TAMS 0x0000000676d00000, 0x0000000676d00000| Untracked 
| 878|0x0000000676e00000, 0x0000000676e00000, 0x0000000676f00000|  0%| F|  |TAMS 0x0000000676e00000, 0x0000000676e00000| Untracked 
| 879|0x0000000676f00000, 0x0000000676f00000, 0x0000000677000000|  0%| F|  |TAMS 0x0000000676f00000, 0x0000000676f00000| Untracked 
| 880|0x0000000677000000, 0x0000000677000000, 0x0000000677100000|  0%| F|  |TAMS 0x0000000677000000, 0x0000000677000000| Untracked 
| 881|0x0000000677100000, 0x0000000677100000, 0x0000000677200000|  0%| F|  |TAMS 0x0000000677100000, 0x0000000677100000| Untracked 
| 882|0x0000000677200000, 0x0000000677200000, 0x0000000677300000|  0%| F|  |TAMS 0x0000000677200000, 0x0000000677200000| Untracked 
| 883|0x0000000677300000, 0x0000000677300000, 0x0000000677400000|  0%| F|  |TAMS 0x0000000677300000, 0x0000000677300000| Untracked 
| 884|0x0000000677400000, 0x0000000677400000, 0x0000000677500000|  0%| F|  |TAMS 0x0000000677400000, 0x0000000677400000| Untracked 
| 885|0x0000000677500000, 0x0000000677500000, 0x0000000677600000|  0%| F|  |TAMS 0x0000000677500000, 0x0000000677500000| Untracked 
| 886|0x0000000677600000, 0x0000000677600000, 0x0000000677700000|  0%| F|  |TAMS 0x0000000677600000, 0x0000000677600000| Untracked 
| 887|0x0000000677700000, 0x0000000677700000, 0x0000000677800000|  0%| F|  |TAMS 0x0000000677700000, 0x0000000677700000| Untracked 
| 888|0x0000000677800000, 0x0000000677800000, 0x0000000677900000|  0%| F|  |TAMS 0x0000000677800000, 0x0000000677800000| Untracked 
| 889|0x0000000677900000, 0x0000000677900000, 0x0000000677a00000|  0%| F|  |TAMS 0x0000000677900000, 0x0000000677900000| Untracked 
| 890|0x0000000677a00000, 0x0000000677a00000, 0x0000000677b00000|  0%| F|  |TAMS 0x0000000677a00000, 0x0000000677a00000| Untracked 
| 891|0x0000000677b00000, 0x0000000677b00000, 0x0000000677c00000|  0%| F|  |TAMS 0x0000000677b00000, 0x0000000677b00000| Untracked 
| 892|0x0000000677c00000, 0x0000000677c00000, 0x0000000677d00000|  0%| F|  |TAMS 0x0000000677c00000, 0x0000000677c00000| Untracked 
| 893|0x0000000677d00000, 0x0000000677d00000, 0x0000000677e00000|  0%| F|  |TAMS 0x0000000677d00000, 0x0000000677d00000| Untracked 
| 894|0x0000000677e00000, 0x0000000677e00000, 0x0000000677f00000|  0%| F|  |TAMS 0x0000000677e00000, 0x0000000677e00000| Untracked 
| 895|0x0000000677f00000, 0x0000000677f00000, 0x0000000678000000|  0%| F|  |TAMS 0x0000000677f00000, 0x0000000677f00000| Untracked 
| 896|0x0000000678000000, 0x0000000678000000, 0x0000000678100000|  0%| F|  |TAMS 0x0000000678000000, 0x0000000678000000| Untracked 
| 897|0x0000000678100000, 0x0000000678100000, 0x0000000678200000|  0%| F|  |TAMS 0x0000000678100000, 0x0000000678100000| Untracked 
| 898|0x0000000678200000, 0x0000000678200000, 0x0000000678300000|  0%| F|  |TAMS 0x0000000678200000, 0x0000000678200000| Untracked 
| 899|0x0000000678300000, 0x0000000678300000, 0x0000000678400000|  0%| F|  |TAMS 0x0000000678300000, 0x0000000678300000| Untracked 
| 900|0x0000000678400000, 0x0000000678400000, 0x0000000678500000|  0%| F|  |TAMS 0x0000000678400000, 0x0000000678400000| Untracked 
| 901|0x0000000678500000, 0x0000000678500000, 0x0000000678600000|  0%| F|  |TAMS 0x0000000678500000, 0x0000000678500000| Untracked 
| 902|0x0000000678600000, 0x0000000678600000, 0x0000000678700000|  0%| F|  |TAMS 0x0000000678600000, 0x0000000678600000| Untracked 
| 903|0x0000000678700000, 0x0000000678700000, 0x0000000678800000|  0%| F|  |TAMS 0x0000000678700000, 0x0000000678700000| Untracked 
| 904|0x0000000678800000, 0x0000000678800000, 0x0000000678900000|  0%| F|  |TAMS 0x0000000678800000, 0x0000000678800000| Untracked 
| 905|0x0000000678900000, 0x0000000678900000, 0x0000000678a00000|  0%| F|  |TAMS 0x0000000678900000, 0x0000000678900000| Untracked 
| 906|0x0000000678a00000, 0x0000000678a00000, 0x0000000678b00000|  0%| F|  |TAMS 0x0000000678a00000, 0x0000000678a00000| Untracked 
| 907|0x0000000678b00000, 0x0000000678b00000, 0x0000000678c00000|  0%| F|  |TAMS 0x0000000678b00000, 0x0000000678b00000| Untracked 
| 908|0x0000000678c00000, 0x0000000678c00000, 0x0000000678d00000|  0%| F|  |TAMS 0x0000000678c00000, 0x0000000678c00000| Untracked 
| 909|0x0000000678d00000, 0x0000000678d00000, 0x0000000678e00000|  0%| F|  |TAMS 0x0000000678d00000, 0x0000000678d00000| Untracked 
| 910|0x0000000678e00000, 0x0000000678e00000, 0x0000000678f00000|  0%| F|  |TAMS 0x0000000678e00000, 0x0000000678e00000| Untracked 
| 911|0x0000000678f00000, 0x0000000678f00000, 0x0000000679000000|  0%| F|  |TAMS 0x0000000678f00000, 0x0000000678f00000| Untracked 
| 912|0x0000000679000000, 0x0000000679000000, 0x0000000679100000|  0%| F|  |TAMS 0x0000000679000000, 0x0000000679000000| Untracked 
| 913|0x0000000679100000, 0x0000000679100000, 0x0000000679200000|  0%| F|  |TAMS 0x0000000679100000, 0x0000000679100000| Untracked 
| 914|0x0000000679200000, 0x0000000679200000, 0x0000000679300000|  0%| F|  |TAMS 0x0000000679200000, 0x0000000679200000| Untracked 
| 915|0x0000000679300000, 0x0000000679300000, 0x0000000679400000|  0%| F|  |TAMS 0x0000000679300000, 0x0000000679300000| Untracked 
| 916|0x0000000679400000, 0x0000000679400000, 0x0000000679500000|  0%| F|  |TAMS 0x0000000679400000, 0x0000000679400000| Untracked 
| 917|0x0000000679500000, 0x0000000679500000, 0x0000000679600000|  0%| F|  |TAMS 0x0000000679500000, 0x0000000679500000| Untracked 
| 918|0x0000000679600000, 0x0000000679600000, 0x0000000679700000|  0%| F|  |TAMS 0x0000000679600000, 0x0000000679600000| Untracked 
| 919|0x0000000679700000, 0x0000000679700000, 0x0000000679800000|  0%| F|  |TAMS 0x0000000679700000, 0x0000000679700000| Untracked 
| 920|0x0000000679800000, 0x0000000679800000, 0x0000000679900000|  0%| F|  |TAMS 0x0000000679800000, 0x0000000679800000| Untracked 
| 921|0x0000000679900000, 0x0000000679900000, 0x0000000679a00000|  0%| F|  |TAMS 0x0000000679900000, 0x0000000679900000| Untracked 
| 922|0x0000000679a00000, 0x0000000679a00000, 0x0000000679b00000|  0%| F|  |TAMS 0x0000000679a00000, 0x0000000679a00000| Untracked 
| 923|0x0000000679b00000, 0x0000000679b00000, 0x0000000679c00000|  0%| F|  |TAMS 0x0000000679b00000, 0x0000000679b00000| Untracked 
| 924|0x0000000679c00000, 0x0000000679c00000, 0x0000000679d00000|  0%| F|  |TAMS 0x0000000679c00000, 0x0000000679c00000| Untracked 
| 925|0x0000000679d00000, 0x0000000679d00000, 0x0000000679e00000|  0%| F|  |TAMS 0x0000000679d00000, 0x0000000679d00000| Untracked 
| 926|0x0000000679e00000, 0x0000000679e00000, 0x0000000679f00000|  0%| F|  |TAMS 0x0000000679e00000, 0x0000000679e00000| Untracked 
| 927|0x0000000679f00000, 0x0000000679f00000, 0x000000067a000000|  0%| F|  |TAMS 0x0000000679f00000, 0x0000000679f00000| Untracked 
| 928|0x000000067a000000, 0x000000067a000000, 0x000000067a100000|  0%| F|  |TAMS 0x000000067a000000, 0x000000067a000000| Untracked 
| 929|0x000000067a100000, 0x000000067a100000, 0x000000067a200000|  0%| F|  |TAMS 0x000000067a100000, 0x000000067a100000| Untracked 
| 930|0x000000067a200000, 0x000000067a200000, 0x000000067a300000|  0%| F|  |TAMS 0x000000067a200000, 0x000000067a200000| Untracked 
| 931|0x000000067a300000, 0x000000067a300000, 0x000000067a400000|  0%| F|  |TAMS 0x000000067a300000, 0x000000067a300000| Untracked 
| 932|0x000000067a400000, 0x000000067a400000, 0x000000067a500000|  0%| F|  |TAMS 0x000000067a400000, 0x000000067a400000| Untracked 
| 933|0x000000067a500000, 0x000000067a500000, 0x000000067a600000|  0%| F|  |TAMS 0x000000067a500000, 0x000000067a500000| Untracked 
| 934|0x000000067a600000, 0x000000067a600000, 0x000000067a700000|  0%| F|  |TAMS 0x000000067a600000, 0x000000067a600000| Untracked 
| 935|0x000000067a700000, 0x000000067a700000, 0x000000067a800000|  0%| F|  |TAMS 0x000000067a700000, 0x000000067a700000| Untracked 
| 936|0x000000067a800000, 0x000000067a800000, 0x000000067a900000|  0%| F|  |TAMS 0x000000067a800000, 0x000000067a800000| Untracked 
| 937|0x000000067a900000, 0x000000067a900000, 0x000000067aa00000|  0%| F|  |TAMS 0x000000067a900000, 0x000000067a900000| Untracked 
| 938|0x000000067aa00000, 0x000000067aa00000, 0x000000067ab00000|  0%| F|  |TAMS 0x000000067aa00000, 0x000000067aa00000| Untracked 
| 939|0x000000067ab00000, 0x000000067ab00000, 0x000000067ac00000|  0%| F|  |TAMS 0x000000067ab00000, 0x000000067ab00000| Untracked 
| 940|0x000000067ac00000, 0x000000067ac00000, 0x000000067ad00000|  0%| F|  |TAMS 0x000000067ac00000, 0x000000067ac00000| Untracked 
| 941|0x000000067ad00000, 0x000000067ad00000, 0x000000067ae00000|  0%| F|  |TAMS 0x000000067ad00000, 0x000000067ad00000| Untracked 
| 942|0x000000067ae00000, 0x000000067ae00000, 0x000000067af00000|  0%| F|  |TAMS 0x000000067ae00000, 0x000000067ae00000| Untracked 
| 943|0x000000067af00000, 0x000000067af00000, 0x000000067b000000|  0%| F|  |TAMS 0x000000067af00000, 0x000000067af00000| Untracked 
| 944|0x000000067b000000, 0x000000067b000000, 0x000000067b100000|  0%| F|  |TAMS 0x000000067b000000, 0x000000067b000000| Untracked 
| 945|0x000000067b100000, 0x000000067b100000, 0x000000067b200000|  0%| F|  |TAMS 0x000000067b100000, 0x000000067b100000| Untracked 
| 946|0x000000067b200000, 0x000000067b200000, 0x000000067b300000|  0%| F|  |TAMS 0x000000067b200000, 0x000000067b200000| Untracked 
| 947|0x000000067b300000, 0x000000067b300000, 0x000000067b400000|  0%| F|  |TAMS 0x000000067b300000, 0x000000067b300000| Untracked 
| 948|0x000000067b400000, 0x000000067b400000, 0x000000067b500000|  0%| F|  |TAMS 0x000000067b400000, 0x000000067b400000| Untracked 
| 949|0x000000067b500000, 0x000000067b500000, 0x000000067b600000|  0%| F|  |TAMS 0x000000067b500000, 0x000000067b500000| Untracked 
| 950|0x000000067b600000, 0x000000067b600000, 0x000000067b700000|  0%| F|  |TAMS 0x000000067b600000, 0x000000067b600000| Untracked 
| 951|0x000000067b700000, 0x000000067b700000, 0x000000067b800000|  0%| F|  |TAMS 0x000000067b700000, 0x000000067b700000| Untracked 
| 952|0x000000067b800000, 0x000000067b800000, 0x000000067b900000|  0%| F|  |TAMS 0x000000067b800000, 0x000000067b800000| Untracked 
| 953|0x000000067b900000, 0x000000067b900000, 0x000000067ba00000|  0%| F|  |TAMS 0x000000067b900000, 0x000000067b900000| Untracked 
| 954|0x000000067ba00000, 0x000000067ba00000, 0x000000067bb00000|  0%| F|  |TAMS 0x000000067ba00000, 0x000000067ba00000| Untracked 
| 955|0x000000067bb00000, 0x000000067bb00000, 0x000000067bc00000|  0%| F|  |TAMS 0x000000067bb00000, 0x000000067bb00000| Untracked 
| 956|0x000000067bc00000, 0x000000067bc00000, 0x000000067bd00000|  0%| F|  |TAMS 0x000000067bc00000, 0x000000067bc00000| Untracked 
| 957|0x000000067bd00000, 0x000000067bd00000, 0x000000067be00000|  0%| F|  |TAMS 0x000000067bd00000, 0x000000067bd00000| Untracked 
| 958|0x000000067be00000, 0x000000067be00000, 0x000000067bf00000|  0%| F|  |TAMS 0x000000067be00000, 0x000000067be00000| Untracked 
| 959|0x000000067bf00000, 0x000000067bf00000, 0x000000067c000000|  0%| F|  |TAMS 0x000000067bf00000, 0x000000067bf00000| Untracked 
| 960|0x000000067c000000, 0x000000067c000000, 0x000000067c100000|  0%| F|  |TAMS 0x000000067c000000, 0x000000067c000000| Untracked 
| 961|0x000000067c100000, 0x000000067c100000, 0x000000067c200000|  0%| F|  |TAMS 0x000000067c100000, 0x000000067c100000| Untracked 
| 962|0x000000067c200000, 0x000000067c200000, 0x000000067c300000|  0%| F|  |TAMS 0x000000067c200000, 0x000000067c200000| Untracked 
| 963|0x000000067c300000, 0x000000067c300000, 0x000000067c400000|  0%| F|  |TAMS 0x000000067c300000, 0x000000067c300000| Untracked 
| 964|0x000000067c400000, 0x000000067c400000, 0x000000067c500000|  0%| F|  |TAMS 0x000000067c400000, 0x000000067c400000| Untracked 
| 965|0x000000067c500000, 0x000000067c500000, 0x000000067c600000|  0%| F|  |TAMS 0x000000067c500000, 0x000000067c500000| Untracked 
| 966|0x000000067c600000, 0x000000067c600000, 0x000000067c700000|  0%| F|  |TAMS 0x000000067c600000, 0x000000067c600000| Untracked 
| 967|0x000000067c700000, 0x000000067c700000, 0x000000067c800000|  0%| F|  |TAMS 0x000000067c700000, 0x000000067c700000| Untracked 
| 968|0x000000067c800000, 0x000000067c800000, 0x000000067c900000|  0%| F|  |TAMS 0x000000067c800000, 0x000000067c800000| Untracked 
| 969|0x000000067c900000, 0x000000067c900000, 0x000000067ca00000|  0%| F|  |TAMS 0x000000067c900000, 0x000000067c900000| Untracked 
| 970|0x000000067ca00000, 0x000000067ca00000, 0x000000067cb00000|  0%| F|  |TAMS 0x000000067ca00000, 0x000000067ca00000| Untracked 
| 971|0x000000067cb00000, 0x000000067cb00000, 0x000000067cc00000|  0%| F|  |TAMS 0x000000067cb00000, 0x000000067cb00000| Untracked 
| 972|0x000000067cc00000, 0x000000067cc00000, 0x000000067cd00000|  0%| F|  |TAMS 0x000000067cc00000, 0x000000067cc00000| Untracked 
| 973|0x000000067cd00000, 0x000000067cd00000, 0x000000067ce00000|  0%| F|  |TAMS 0x000000067cd00000, 0x000000067cd00000| Untracked 
| 974|0x000000067ce00000, 0x000000067ce00000, 0x000000067cf00000|  0%| F|  |TAMS 0x000000067ce00000, 0x000000067ce00000| Untracked 
| 975|0x000000067cf00000, 0x000000067cf00000, 0x000000067d000000|  0%| F|  |TAMS 0x000000067cf00000, 0x000000067cf00000| Untracked 
| 976|0x000000067d000000, 0x000000067d000000, 0x000000067d100000|  0%| F|  |TAMS 0x000000067d000000, 0x000000067d000000| Untracked 
| 977|0x000000067d100000, 0x000000067d100000, 0x000000067d200000|  0%| F|  |TAMS 0x000000067d100000, 0x000000067d100000| Untracked 
| 978|0x000000067d200000, 0x000000067d200000, 0x000000067d300000|  0%| F|  |TAMS 0x000000067d200000, 0x000000067d200000| Untracked 
| 979|0x000000067d300000, 0x000000067d300000, 0x000000067d400000|  0%| F|  |TAMS 0x000000067d300000, 0x000000067d300000| Untracked 
| 980|0x000000067d400000, 0x000000067d400000, 0x000000067d500000|  0%| F|  |TAMS 0x000000067d400000, 0x000000067d400000| Untracked 
| 981|0x000000067d500000, 0x000000067d500000, 0x000000067d600000|  0%| F|  |TAMS 0x000000067d500000, 0x000000067d500000| Untracked 
| 982|0x000000067d600000, 0x000000067d600000, 0x000000067d700000|  0%| F|  |TAMS 0x000000067d600000, 0x000000067d600000| Untracked 
| 983|0x000000067d700000, 0x000000067d700000, 0x000000067d800000|  0%| F|  |TAMS 0x000000067d700000, 0x000000067d700000| Untracked 
| 984|0x000000067d800000, 0x000000067d800000, 0x000000067d900000|  0%| F|  |TAMS 0x000000067d800000, 0x000000067d800000| Untracked 
| 985|0x000000067d900000, 0x000000067d900000, 0x000000067da00000|  0%| F|  |TAMS 0x000000067d900000, 0x000000067d900000| Untracked 
| 986|0x000000067da00000, 0x000000067da00000, 0x000000067db00000|  0%| F|  |TAMS 0x000000067da00000, 0x000000067da00000| Untracked 
| 987|0x000000067db00000, 0x000000067db00000, 0x000000067dc00000|  0%| F|  |TAMS 0x000000067db00000, 0x000000067db00000| Untracked 
| 988|0x000000067dc00000, 0x000000067dc00000, 0x000000067dd00000|  0%| F|  |TAMS 0x000000067dc00000, 0x000000067dc00000| Untracked 
| 989|0x000000067dd00000, 0x000000067dd00000, 0x000000067de00000|  0%| F|  |TAMS 0x000000067dd00000, 0x000000067dd00000| Untracked 
| 990|0x000000067de00000, 0x000000067de00000, 0x000000067df00000|  0%| F|  |TAMS 0x000000067de00000, 0x000000067de00000| Untracked 
| 991|0x000000067df00000, 0x000000067df00000, 0x000000067e000000|  0%| F|  |TAMS 0x000000067df00000, 0x000000067df00000| Untracked 
| 992|0x000000067e000000, 0x000000067e000000, 0x000000067e100000|  0%| F|  |TAMS 0x000000067e000000, 0x000000067e000000| Untracked 
| 993|0x000000067e100000, 0x000000067e100000, 0x000000067e200000|  0%| F|  |TAMS 0x000000067e100000, 0x000000067e100000| Untracked 
| 994|0x000000067e200000, 0x000000067e200000, 0x000000067e300000|  0%| F|  |TAMS 0x000000067e200000, 0x000000067e200000| Untracked 
| 995|0x000000067e300000, 0x000000067e300000, 0x000000067e400000|  0%| F|  |TAMS 0x000000067e300000, 0x000000067e300000| Untracked 
| 996|0x000000067e400000, 0x000000067e400000, 0x000000067e500000|  0%| F|  |TAMS 0x000000067e400000, 0x000000067e400000| Untracked 
| 997|0x000000067e500000, 0x000000067e500000, 0x000000067e600000|  0%| F|  |TAMS 0x000000067e500000, 0x000000067e500000| Untracked 
| 998|0x000000067e600000, 0x000000067e600000, 0x000000067e700000|  0%| F|  |TAMS 0x000000067e600000, 0x000000067e600000| Untracked 
| 999|0x000000067e700000, 0x000000067e700000, 0x000000067e800000|  0%| F|  |TAMS 0x000000067e700000, 0x000000067e700000| Untracked 
|1000|0x000000067e800000, 0x000000067e800000, 0x000000067e900000|  0%| F|  |TAMS 0x000000067e800000, 0x000000067e800000| Untracked 
|1001|0x000000067e900000, 0x000000067e900000, 0x000000067ea00000|  0%| F|  |TAMS 0x000000067e900000, 0x000000067e900000| Untracked 
|1002|0x000000067ea00000, 0x000000067ea00000, 0x000000067eb00000|  0%| F|  |TAMS 0x000000067ea00000, 0x000000067ea00000| Untracked 
|1003|0x000000067eb00000, 0x000000067eb00000, 0x000000067ec00000|  0%| F|  |TAMS 0x000000067eb00000, 0x000000067eb00000| Untracked 
|1004|0x000000067ec00000, 0x000000067ec00000, 0x000000067ed00000|  0%| F|  |TAMS 0x000000067ec00000, 0x000000067ec00000| Untracked 
|1005|0x000000067ed00000, 0x000000067ed00000, 0x000000067ee00000|  0%| F|  |TAMS 0x000000067ed00000, 0x000000067ed00000| Untracked 
|1006|0x000000067ee00000, 0x000000067ee00000, 0x000000067ef00000|  0%| F|  |TAMS 0x000000067ee00000, 0x000000067ee00000| Untracked 
|1007|0x000000067ef00000, 0x000000067ef00000, 0x000000067f000000|  0%| F|  |TAMS 0x000000067ef00000, 0x000000067ef00000| Untracked 
|1008|0x000000067f000000, 0x000000067f000000, 0x000000067f100000|  0%| F|  |TAMS 0x000000067f000000, 0x000000067f000000| Untracked 
|1009|0x000000067f100000, 0x000000067f100000, 0x000000067f200000|  0%| F|  |TAMS 0x000000067f100000, 0x000000067f100000| Untracked 
|1010|0x000000067f200000, 0x000000067f200000, 0x000000067f300000|  0%| F|  |TAMS 0x000000067f200000, 0x000000067f200000| Untracked 
|1011|0x000000067f300000, 0x000000067f300000, 0x000000067f400000|  0%| F|  |TAMS 0x000000067f300000, 0x000000067f300000| Untracked 
|1012|0x000000067f400000, 0x000000067f400000, 0x000000067f500000|  0%| F|  |TAMS 0x000000067f400000, 0x000000067f400000| Untracked 
|1013|0x000000067f500000, 0x000000067f500000, 0x000000067f600000|  0%| F|  |TAMS 0x000000067f500000, 0x000000067f500000| Untracked 
|1014|0x000000067f600000, 0x000000067f600000, 0x000000067f700000|  0%| F|  |TAMS 0x000000067f600000, 0x000000067f600000| Untracked 
|1015|0x000000067f700000, 0x000000067f700000, 0x000000067f800000|  0%| F|  |TAMS 0x000000067f700000, 0x000000067f700000| Untracked 
|1016|0x000000067f800000, 0x000000067f800000, 0x000000067f900000|  0%| F|  |TAMS 0x000000067f800000, 0x000000067f800000| Untracked 
|1017|0x000000067f900000, 0x000000067f900000, 0x000000067fa00000|  0%| F|  |TAMS 0x000000067f900000, 0x000000067f900000| Untracked 
|1018|0x000000067fa00000, 0x000000067fa00000, 0x000000067fb00000|  0%| F|  |TAMS 0x000000067fa00000, 0x000000067fa00000| Untracked 
|1019|0x000000067fb00000, 0x000000067fb00000, 0x000000067fc00000|  0%| F|  |TAMS 0x000000067fb00000, 0x000000067fb00000| Untracked 
|1020|0x000000067fc00000, 0x000000067fc00000, 0x000000067fd00000|  0%| F|  |TAMS 0x000000067fc00000, 0x000000067fc00000| Untracked 
|1021|0x000000067fd00000, 0x000000067fd00000, 0x000000067fe00000|  0%| F|  |TAMS 0x000000067fd00000, 0x000000067fd00000| Untracked 
|1022|0x000000067fe00000, 0x000000067fe00000, 0x000000067ff00000|  0%| F|  |TAMS 0x000000067fe00000, 0x000000067fe00000| Untracked 
|1023|0x000000067ff00000, 0x000000067ff00000, 0x0000000680000000|  0%| F|  |TAMS 0x000000067ff00000, 0x000000067ff00000| Untracked 
|1024|0x0000000680000000, 0x0000000680000000, 0x0000000680100000|  0%| F|  |TAMS 0x0000000680000000, 0x0000000680000000| Untracked 
|1025|0x0000000680100000, 0x0000000680100000, 0x0000000680200000|  0%| F|  |TAMS 0x0000000680100000, 0x0000000680100000| Untracked 
|1026|0x0000000680200000, 0x0000000680200000, 0x0000000680300000|  0%| F|  |TAMS 0x0000000680200000, 0x0000000680200000| Untracked 
|1027|0x0000000680300000, 0x0000000680300000, 0x0000000680400000|  0%| F|  |TAMS 0x0000000680300000, 0x0000000680300000| Untracked 
|1028|0x0000000680400000, 0x0000000680400000, 0x0000000680500000|  0%| F|  |TAMS 0x0000000680400000, 0x0000000680400000| Untracked 
|1029|0x0000000680500000, 0x0000000680500000, 0x0000000680600000|  0%| F|  |TAMS 0x0000000680500000, 0x0000000680500000| Untracked 
|1030|0x0000000680600000, 0x0000000680600000, 0x0000000680700000|  0%| F|  |TAMS 0x0000000680600000, 0x0000000680600000| Untracked 
|1031|0x0000000680700000, 0x0000000680700000, 0x0000000680800000|  0%| F|  |TAMS 0x0000000680700000, 0x0000000680700000| Untracked 
|1032|0x0000000680800000, 0x0000000680800000, 0x0000000680900000|  0%| F|  |TAMS 0x0000000680800000, 0x0000000680800000| Untracked 
|1033|0x0000000680900000, 0x0000000680900000, 0x0000000680a00000|  0%| F|  |TAMS 0x0000000680900000, 0x0000000680900000| Untracked 
|1034|0x0000000680a00000, 0x0000000680a00000, 0x0000000680b00000|  0%| F|  |TAMS 0x0000000680a00000, 0x0000000680a00000| Untracked 
|1035|0x0000000680b00000, 0x0000000680b00000, 0x0000000680c00000|  0%| F|  |TAMS 0x0000000680b00000, 0x0000000680b00000| Untracked 
|1036|0x0000000680c00000, 0x0000000680c00000, 0x0000000680d00000|  0%| F|  |TAMS 0x0000000680c00000, 0x0000000680c00000| Untracked 
|1037|0x0000000680d00000, 0x0000000680d00000, 0x0000000680e00000|  0%| F|  |TAMS 0x0000000680d00000, 0x0000000680d00000| Untracked 
|1038|0x0000000680e00000, 0x0000000680e00000, 0x0000000680f00000|  0%| F|  |TAMS 0x0000000680e00000, 0x0000000680e00000| Untracked 
|1039|0x0000000680f00000, 0x0000000680f00000, 0x0000000681000000|  0%| F|  |TAMS 0x0000000680f00000, 0x0000000680f00000| Untracked 
|1040|0x0000000681000000, 0x0000000681000000, 0x0000000681100000|  0%| F|  |TAMS 0x0000000681000000, 0x0000000681000000| Untracked 
|1041|0x0000000681100000, 0x0000000681100000, 0x0000000681200000|  0%| F|  |TAMS 0x0000000681100000, 0x0000000681100000| Untracked 
|1042|0x0000000681200000, 0x0000000681200000, 0x0000000681300000|  0%| F|  |TAMS 0x0000000681200000, 0x0000000681200000| Untracked 
|1043|0x0000000681300000, 0x0000000681300000, 0x0000000681400000|  0%| F|  |TAMS 0x0000000681300000, 0x0000000681300000| Untracked 
|1044|0x0000000681400000, 0x0000000681400000, 0x0000000681500000|  0%| F|  |TAMS 0x0000000681400000, 0x0000000681400000| Untracked 
|1045|0x0000000681500000, 0x0000000681500000, 0x0000000681600000|  0%| F|  |TAMS 0x0000000681500000, 0x0000000681500000| Untracked 
|1046|0x0000000681600000, 0x0000000681600000, 0x0000000681700000|  0%| F|  |TAMS 0x0000000681600000, 0x0000000681600000| Untracked 
|1047|0x0000000681700000, 0x0000000681700000, 0x0000000681800000|  0%| F|  |TAMS 0x0000000681700000, 0x0000000681700000| Untracked 
|1048|0x0000000681800000, 0x0000000681800000, 0x0000000681900000|  0%| F|  |TAMS 0x0000000681800000, 0x0000000681800000| Untracked 
|1049|0x0000000681900000, 0x0000000681900000, 0x0000000681a00000|  0%| F|  |TAMS 0x0000000681900000, 0x0000000681900000| Untracked 
|1050|0x0000000681a00000, 0x0000000681a00000, 0x0000000681b00000|  0%| F|  |TAMS 0x0000000681a00000, 0x0000000681a00000| Untracked 
|1051|0x0000000681b00000, 0x0000000681b00000, 0x0000000681c00000|  0%| F|  |TAMS 0x0000000681b00000, 0x0000000681b00000| Untracked 
|1052|0x0000000681c00000, 0x0000000681c00000, 0x0000000681d00000|  0%| F|  |TAMS 0x0000000681c00000, 0x0000000681c00000| Untracked 
|1053|0x0000000681d00000, 0x0000000681d00000, 0x0000000681e00000|  0%| F|  |TAMS 0x0000000681d00000, 0x0000000681d00000| Untracked 
|1054|0x0000000681e00000, 0x0000000681e00000, 0x0000000681f00000|  0%| F|  |TAMS 0x0000000681e00000, 0x0000000681e00000| Untracked 
|1055|0x0000000681f00000, 0x0000000681f00000, 0x0000000682000000|  0%| F|  |TAMS 0x0000000681f00000, 0x0000000681f00000| Untracked 
|1056|0x0000000682000000, 0x0000000682000000, 0x0000000682100000|  0%| F|  |TAMS 0x0000000682000000, 0x0000000682000000| Untracked 
|1057|0x0000000682100000, 0x0000000682100000, 0x0000000682200000|  0%| F|  |TAMS 0x0000000682100000, 0x0000000682100000| Untracked 
|1058|0x0000000682200000, 0x0000000682236cf0, 0x0000000682300000| 21%| E|  |TAMS 0x0000000682200000, 0x0000000682200000| Complete 
|1059|0x0000000682300000, 0x0000000682400000, 0x0000000682400000|100%| E|CS|TAMS 0x0000000682300000, 0x0000000682300000| Complete 
|1060|0x0000000682400000, 0x0000000682500000, 0x0000000682500000|100%| E|  |TAMS 0x0000000682400000, 0x0000000682400000| Complete 
|1061|0x0000000682500000, 0x0000000682600000, 0x0000000682600000|100%| E|CS|TAMS 0x0000000682500000, 0x0000000682500000| Complete 
|1062|0x0000000682600000, 0x0000000682700000, 0x0000000682700000|100%| E|CS|TAMS 0x0000000682600000, 0x0000000682600000| Complete 
|1063|0x0000000682700000, 0x0000000682800000, 0x0000000682800000|100%| E|CS|TAMS 0x0000000682700000, 0x0000000682700000| Complete 
|1064|0x0000000682800000, 0x0000000682900000, 0x0000000682900000|100%| E|CS|TAMS 0x0000000682800000, 0x0000000682800000| Complete 
|1065|0x0000000682900000, 0x0000000682a00000, 0x0000000682a00000|100%| E|CS|TAMS 0x0000000682900000, 0x0000000682900000| Complete 
|1066|0x0000000682a00000, 0x0000000682b00000, 0x0000000682b00000|100%| E|CS|TAMS 0x0000000682a00000, 0x0000000682a00000| Complete 
|1067|0x0000000682b00000, 0x0000000682c00000, 0x0000000682c00000|100%| E|CS|TAMS 0x0000000682b00000, 0x0000000682b00000| Complete 
|1068|0x0000000682c00000, 0x0000000682d00000, 0x0000000682d00000|100%| E|CS|TAMS 0x0000000682c00000, 0x0000000682c00000| Complete 
|1069|0x0000000682d00000, 0x0000000682e00000, 0x0000000682e00000|100%| E|CS|TAMS 0x0000000682d00000, 0x0000000682d00000| Complete 
|1070|0x0000000682e00000, 0x0000000682f00000, 0x0000000682f00000|100%| E|CS|TAMS 0x0000000682e00000, 0x0000000682e00000| Complete 
|1071|0x0000000682f00000, 0x0000000683000000, 0x0000000683000000|100%| E|CS|TAMS 0x0000000682f00000, 0x0000000682f00000| Complete 
|1072|0x0000000683000000, 0x0000000683100000, 0x0000000683100000|100%| E|CS|TAMS 0x0000000683000000, 0x0000000683000000| Complete 
|1073|0x0000000683100000, 0x0000000683200000, 0x0000000683200000|100%| E|CS|TAMS 0x0000000683100000, 0x0000000683100000| Complete 
|1074|0x0000000683200000, 0x0000000683300000, 0x0000000683300000|100%| E|CS|TAMS 0x0000000683200000, 0x0000000683200000| Complete 
|1075|0x0000000683300000, 0x0000000683400000, 0x0000000683400000|100%| E|CS|TAMS 0x0000000683300000, 0x0000000683300000| Complete 
|1076|0x0000000683400000, 0x0000000683500000, 0x0000000683500000|100%| E|CS|TAMS 0x0000000683400000, 0x0000000683400000| Complete 
|1077|0x0000000683500000, 0x0000000683600000, 0x0000000683600000|100%| E|CS|TAMS 0x0000000683500000, 0x0000000683500000| Complete 
|1078|0x0000000683600000, 0x0000000683700000, 0x0000000683700000|100%| E|CS|TAMS 0x0000000683600000, 0x0000000683600000| Complete 
|1079|0x0000000683700000, 0x0000000683800000, 0x0000000683800000|100%| E|CS|TAMS 0x0000000683700000, 0x0000000683700000| Complete 
|1080|0x0000000683800000, 0x0000000683900000, 0x0000000683900000|100%| E|CS|TAMS 0x0000000683800000, 0x0000000683800000| Complete 
|1081|0x0000000683900000, 0x0000000683a00000, 0x0000000683a00000|100%| E|CS|TAMS 0x0000000683900000, 0x0000000683900000| Complete 
|1082|0x0000000683a00000, 0x0000000683b00000, 0x0000000683b00000|100%| E|CS|TAMS 0x0000000683a00000, 0x0000000683a00000| Complete 
|1083|0x0000000683b00000, 0x0000000683c00000, 0x0000000683c00000|100%| E|CS|TAMS 0x0000000683b00000, 0x0000000683b00000| Complete 
|1084|0x0000000683c00000, 0x0000000683d00000, 0x0000000683d00000|100%| E|CS|TAMS 0x0000000683c00000, 0x0000000683c00000| Complete 
|1085|0x0000000683d00000, 0x0000000683e00000, 0x0000000683e00000|100%| E|CS|TAMS 0x0000000683d00000, 0x0000000683d00000| Complete 
|1086|0x0000000683e00000, 0x0000000683f00000, 0x0000000683f00000|100%| E|CS|TAMS 0x0000000683e00000, 0x0000000683e00000| Complete 
|1087|0x0000000683f00000, 0x0000000684000000, 0x0000000684000000|100%| E|CS|TAMS 0x0000000683f00000, 0x0000000683f00000| Complete 
|1088|0x0000000684000000, 0x0000000684100000, 0x0000000684100000|100%| E|CS|TAMS 0x0000000684000000, 0x0000000684000000| Complete 
|1089|0x0000000684100000, 0x0000000684200000, 0x0000000684200000|100%| E|CS|TAMS 0x0000000684100000, 0x0000000684100000| Complete 
|1090|0x0000000684200000, 0x0000000684300000, 0x0000000684300000|100%| E|CS|TAMS 0x0000000684200000, 0x0000000684200000| Complete 
|1091|0x0000000684300000, 0x0000000684400000, 0x0000000684400000|100%| E|CS|TAMS 0x0000000684300000, 0x0000000684300000| Complete 
|1092|0x0000000684400000, 0x0000000684500000, 0x0000000684500000|100%| E|CS|TAMS 0x0000000684400000, 0x0000000684400000| Complete 
|1093|0x0000000684500000, 0x0000000684600000, 0x0000000684600000|100%| E|CS|TAMS 0x0000000684500000, 0x0000000684500000| Complete 
|1094|0x0000000684600000, 0x0000000684700000, 0x0000000684700000|100%| E|CS|TAMS 0x0000000684600000, 0x0000000684600000| Complete 
|1095|0x0000000684700000, 0x0000000684800000, 0x0000000684800000|100%| E|CS|TAMS 0x0000000684700000, 0x0000000684700000| Complete 
|1096|0x0000000684800000, 0x0000000684900000, 0x0000000684900000|100%| E|CS|TAMS 0x0000000684800000, 0x0000000684800000| Complete 
|1097|0x0000000684900000, 0x0000000684a00000, 0x0000000684a00000|100%| E|CS|TAMS 0x0000000684900000, 0x0000000684900000| Complete 
|1098|0x0000000684a00000, 0x0000000684b00000, 0x0000000684b00000|100%| E|CS|TAMS 0x0000000684a00000, 0x0000000684a00000| Complete 
|1099|0x0000000684b00000, 0x0000000684c00000, 0x0000000684c00000|100%| E|CS|TAMS 0x0000000684b00000, 0x0000000684b00000| Complete 
|1100|0x0000000684c00000, 0x0000000684d00000, 0x0000000684d00000|100%| E|CS|TAMS 0x0000000684c00000, 0x0000000684c00000| Complete 
|1101|0x0000000684d00000, 0x0000000684e00000, 0x0000000684e00000|100%| E|CS|TAMS 0x0000000684d00000, 0x0000000684d00000| Complete 
|1102|0x0000000684e00000, 0x0000000684f00000, 0x0000000684f00000|100%| E|CS|TAMS 0x0000000684e00000, 0x0000000684e00000| Complete 
|1103|0x0000000684f00000, 0x0000000685000000, 0x0000000685000000|100%| E|CS|TAMS 0x0000000684f00000, 0x0000000684f00000| Complete 
|1104|0x0000000685000000, 0x0000000685100000, 0x0000000685100000|100%| E|CS|TAMS 0x0000000685000000, 0x0000000685000000| Complete 
|1105|0x0000000685100000, 0x0000000685200000, 0x0000000685200000|100%| E|CS|TAMS 0x0000000685100000, 0x0000000685100000| Complete 
|1106|0x0000000685200000, 0x0000000685300000, 0x0000000685300000|100%| E|CS|TAMS 0x0000000685200000, 0x0000000685200000| Complete 
|1107|0x0000000685300000, 0x0000000685400000, 0x0000000685400000|100%| E|CS|TAMS 0x0000000685300000, 0x0000000685300000| Complete 
|1108|0x0000000685400000, 0x0000000685500000, 0x0000000685500000|100%| E|CS|TAMS 0x0000000685400000, 0x0000000685400000| Complete 
|1109|0x0000000685500000, 0x0000000685600000, 0x0000000685600000|100%| E|CS|TAMS 0x0000000685500000, 0x0000000685500000| Complete 
|1110|0x0000000685600000, 0x0000000685700000, 0x0000000685700000|100%| E|CS|TAMS 0x0000000685600000, 0x0000000685600000| Complete 
|1111|0x0000000685700000, 0x0000000685800000, 0x0000000685800000|100%| E|CS|TAMS 0x0000000685700000, 0x0000000685700000| Complete 
|1112|0x0000000685800000, 0x0000000685900000, 0x0000000685900000|100%| E|CS|TAMS 0x0000000685800000, 0x0000000685800000| Complete 
|1113|0x0000000685900000, 0x0000000685a00000, 0x0000000685a00000|100%| E|CS|TAMS 0x0000000685900000, 0x0000000685900000| Complete 
|1114|0x0000000685a00000, 0x0000000685b00000, 0x0000000685b00000|100%| E|CS|TAMS 0x0000000685a00000, 0x0000000685a00000| Complete 
|1115|0x0000000685b00000, 0x0000000685c00000, 0x0000000685c00000|100%| E|CS|TAMS 0x0000000685b00000, 0x0000000685b00000| Complete 
|1116|0x0000000685c00000, 0x0000000685d00000, 0x0000000685d00000|100%| E|CS|TAMS 0x0000000685c00000, 0x0000000685c00000| Complete 
|1117|0x0000000685d00000, 0x0000000685e00000, 0x0000000685e00000|100%| E|CS|TAMS 0x0000000685d00000, 0x0000000685d00000| Complete 
|1118|0x0000000685e00000, 0x0000000685f00000, 0x0000000685f00000|100%| E|CS|TAMS 0x0000000685e00000, 0x0000000685e00000| Complete 
|1119|0x0000000685f00000, 0x0000000686000000, 0x0000000686000000|100%| E|CS|TAMS 0x0000000685f00000, 0x0000000685f00000| Complete 

Card table byte_map: [0x0000000102cf8000,0x00000001038f8000] _byte_map_base: 0x00000000ffaf8000

Marking Bits (Prev, Next): (CMBitMap*) 0x0000000104818e18, (CMBitMap*) 0x0000000104818e50
 Prev Bits: [0x0000000110000000, 0x0000000116000000)
 Next Bits: [0x0000000120000000, 0x0000000126000000)

Polling page: 0x0000000100458000

Metaspace:

Usage:
  Non-class:    108.39 MB capacity,   106.26 MB ( 98%) used,     1.72 MB (  2%) free+waste,   418.81 KB ( <1%) overhead. 
      Class:     17.19 MB capacity,    15.77 MB ( 92%) used,     1.21 MB (  7%) free+waste,   213.88 KB (  1%) overhead. 
       Both:    125.58 MB capacity,   122.03 MB ( 97%) used,     2.93 MB (  2%) free+waste,   632.69 KB ( <1%) overhead. 

Virtual space:
  Non-class space:      110.00 MB reserved,     108.64 MB ( 99%) committed 
      Class space:        1.00 GB reserved,      17.25 MB (  2%) committed 
             Both:        1.11 GB reserved,     125.89 MB ( 11%) committed 

Chunk freelists:
   Non-Class:  60.00 KB
       Class:  0 bytes
        Both:  60.00 KB

MaxMetaspaceSize: unlimited
CompressedClassSpaceSize: 1.00 GB
Initial GC threshold: 20.80 MB
Current GC threshold: 164.61 MB
CDS: off

CodeHeap 'non-profiled nmethods': size=238384Kb used=32443Kb max_used=32443Kb free=205940Kb
 bounds [0x0000000140e40000, 0x0000000142df0000, 0x000000014f70c000]
CodeHeap 'non-nmethods': size=7376Kb used=1484Kb max_used=1484Kb free=5891Kb
 bounds [0x000000014070c000, 0x000000014097c000, 0x0000000140e40000]
 total_blobs=17719 nmethods=16834 adapters=814
 compilation: enabled
              stopped_count=0, restarted_count=0
 full_count=0

Compilation events (20 events):
Event: 35730.816 Thread 0x00000001268ff000 18848   !   1       io.netty.channel.socket.DefaultSocketChannelConfig::getSoLinger (18 bytes)
Event: 35730.817 Thread 0x00000001268ff000 nmethod 18848 0x0000000142de7990 code [0x0000000142de7b40, 0x0000000142de7d70]
Event: 35730.817 Thread 0x00000001268ff000 18849       1       sun.nio.ch.SocketAdaptor::getSoLinger (8 bytes)
Event: 35730.818 Thread 0x00000001268ff000 nmethod 18849 0x0000000142de7e90 code [0x0000000142de8040, 0x0000000142de8270]
Event: 35775.860 Thread 0x00000001268ff000 18851       1       io.netty.channel.nio.AbstractNioChannel$AbstractNioUnsafe$1::run (77 bytes)
Event: 35775.863 Thread 0x00000001268ff000 nmethod 18851 0x0000000142de8410 code [0x0000000142de8740, 0x0000000142de9150]
Event: 35775.863 Thread 0x00000001268ff000 18852       1       io.netty.channel.ConnectTimeoutException::<init> (6 bytes)
Event: 35775.863 Thread 0x00000001268ff000 nmethod 18852 0x0000000142de9790 code [0x0000000142de9940, 0x0000000142de9ac0]
Event: 35778.863 Thread 0x00000001268ff000 18854       1       org.slf4j.helpers.MessageFormatter::arrayFormat (262 bytes)
Event: 35778.866 Thread 0x00000001268ff000 nmethod 18854 0x0000000142de9b90 code [0x0000000142de9f00, 0x0000000142deb0f0]
Event: 35778.866 Thread 0x00000001268ff000 18853       1       org.slf4j.helpers.MessageFormatter::getThrowableCandidate (32 bytes)
Event: 35778.867 Thread 0x00000001268ff000 nmethod 18853 0x0000000142deb990 code [0x0000000142debb40, 0x0000000142debd50]
Event: 35796.880 Thread 0x00000001268ff000 18855 % !   1       org.apache.rocketmq.logging.inner.LoggingBuilder$AsyncAppender$Dispatcher::run @ 42 (296 bytes)
Event: 35796.883 Thread 0x00000001268ff000 nmethod 18855% 0x0000000142debe10 code [0x0000000142dec140, 0x0000000142decf60]
Event: 35911.301 Thread 0x00000001268ff000 18858       1       sun.management.LazyCompositeData::<init> (5 bytes)
Event: 35911.301 Thread 0x00000001268ff000 nmethod 18858 0x0000000142dedb10 code [0x0000000142dedcc0, 0x0000000142dede10]
Event: 35911.301 Thread 0x00000001268ff000 18859   !   1       jdk.internal.reflect.GeneratedMethodAccessor35::invoke (49 bytes)
Event: 35911.302 Thread 0x00000001268ff000 nmethod 18859 0x0000000142dede90 code [0x0000000142dee0c0, 0x0000000142dee600]
Event: 35985.905 Thread 0x00000001268ff000 18861       1       com.alibaba.nacos.shaded.com.google.gson.stream.JsonWriter::open (19 bytes)
Event: 35985.905 Thread 0x00000001268ff000 nmethod 18861 0x0000000142dee990 code [0x0000000142deeb80, 0x0000000142deeda0]

GC Heap History (20 events):
Event: 1656.123 GC heap before
{Heap before GC invocations=25 (full 0):
 garbage-first heap   total 1146880K, used 738778K [0x0000000640000000, 0x00000007c0000000)
  region size 1024K, 672 young (688128K), 48 survivors (49152K)
 Metaspace       used 124764K, capacity 128350K, committed 128656K, reserved 1161216K
  class space    used 16128K, capacity 17589K, committed 17664K, reserved 1048576K
}
Event: 1656.196 GC heap after
{Heap after GC invocations=26 (full 0):
 garbage-first heap   total 1146880K, used 103470K [0x0000000640000000, 0x00000007c0000000)
  region size 1024K, 43 young (44032K), 43 survivors (44032K)
 Metaspace       used 124764K, capacity 128350K, committed 128656K, reserved 1161216K
  class space    used 16128K, capacity 17589K, committed 17664K, reserved 1048576K
}
Event: 4931.137 GC heap before
{Heap before GC invocations=26 (full 0):
 garbage-first heap   total 1146880K, used 746542K [0x0000000640000000, 0x00000007c0000000)
  region size 1024K, 672 young (688128K), 43 survivors (44032K)
 Metaspace       used 124848K, capacity 128444K, committed 128656K, reserved 1161216K
  class space    used 16140K, capacity 17595K, committed 17664K, reserved 1048576K
}
Event: 4931.178 GC heap after
{Heap after GC invocations=27 (full 0):
 garbage-first heap   total 1146880K, used 105518K [0x0000000640000000, 0x00000007c0000000)
  region size 1024K, 45 young (46080K), 45 survivors (46080K)
 Metaspace       used 124848K, capacity 128444K, committed 128656K, reserved 1161216K
  class space    used 16140K, capacity 17595K, committed 17664K, reserved 1048576K
}
Event: 8595.965 GC heap before
{Heap before GC invocations=27 (full 0):
 garbage-first heap   total 1146880K, used 746542K [0x0000000640000000, 0x00000007c0000000)
  region size 1024K, 672 young (688128K), 45 survivors (46080K)
 Metaspace       used 124850K, capacity 128444K, committed 128656K, reserved 1161216K
  class space    used 16140K, capacity 17595K, committed 17664K, reserved 1048576K
}
Event: 8596.032 GC heap after
{Heap after GC invocations=28 (full 0):
 garbage-first heap   total 1146880K, used 103982K [0x0000000640000000, 0x00000007c0000000)
  region size 1024K, 43 young (44032K), 43 survivors (44032K)
 Metaspace       used 124850K, capacity 128444K, committed 128656K, reserved 1161216K
  class space    used 16140K, capacity 17595K, committed 17664K, reserved 1048576K
}
Event: 12339.696 GC heap before
{Heap before GC invocations=28 (full 0):
 garbage-first heap   total 1146880K, used 747054K [0x0000000640000000, 0x00000007c0000000)
  region size 1024K, 672 young (688128K), 43 survivors (44032K)
 Metaspace       used 124869K, capacity 128465K, committed 128656K, reserved 1161216K
  class space    used 16145K, capacity 17602K, committed 17664K, reserved 1048576K
}
Event: 12339.750 GC heap after
{Heap after GC invocations=29 (full 0):
 garbage-first heap   total 1146880K, used 102446K [0x0000000640000000, 0x00000007c0000000)
  region size 1024K, 42 young (43008K), 42 survivors (43008K)
 Metaspace       used 124869K, capacity 128465K, committed 128656K, reserved 1161216K
  class space    used 16145K, capacity 17602K, committed 17664K, reserved 1048576K
}
Event: 16051.506 GC heap before
{Heap before GC invocations=29 (full 0):
 garbage-first heap   total 1146880K, used 746542K [0x0000000640000000, 0x00000007c0000000)
  region size 1024K, 672 young (688128K), 42 survivors (43008K)
 Metaspace       used 124895K, capacity 128471K, committed 128656K, reserved 1161216K
  class space    used 16149K, capacity 17603K, committed 17664K, reserved 1048576K
}
Event: 16051.575 GC heap after
{Heap after GC invocations=30 (full 0):
 garbage-first heap   total 1146880K, used 102446K [0x0000000640000000, 0x00000007c0000000)
  region size 1024K, 42 young (43008K), 42 survivors (43008K)
 Metaspace       used 124895K, capacity 128471K, committed 128656K, reserved 1161216K
  class space    used 16149K, capacity 17603K, committed 17664K, reserved 1048576K
}
Event: 20123.315 GC heap before
{Heap before GC invocations=30 (full 0):
 garbage-first heap   total 1146880K, used 746542K [0x0000000640000000, 0x00000007c0000000)
  region size 1024K, 672 young (688128K), 42 survivors (43008K)
 Metaspace       used 124926K, capacity 128535K, committed 128656K, reserved 1161216K
  class space    used 16149K, capacity 17603K, committed 17664K, reserved 1048576K
}
Event: 20123.389 GC heap after
{Heap after GC invocations=31 (full 0):
 garbage-first heap   total 1146880K, used 101422K [0x0000000640000000, 0x00000007c0000000)
  region size 1024K, 41 young (41984K), 41 survivors (41984K)
 Metaspace       used 124926K, capacity 128535K, committed 128656K, reserved 1161216K
  class space    used 16149K, capacity 17603K, committed 17664K, reserved 1048576K
}
Event: 24184.272 GC heap before
{Heap before GC invocations=31 (full 0):
 garbage-first heap   total 1146880K, used 746542K [0x0000000640000000, 0x00000007c0000000)
  region size 1024K, 672 young (688128K), 41 survivors (41984K)
 Metaspace       used 124926K, capacity 128535K, committed 128656K, reserved 1161216K
  class space    used 16149K, capacity 17603K, committed 17664K, reserved 1048576K
}
Event: 24184.313 GC heap after
{Heap after GC invocations=32 (full 0):
 garbage-first heap   total 1146880K, used 101422K [0x0000000640000000, 0x00000007c0000000)
  region size 1024K, 41 young (41984K), 41 survivors (41984K)
 Metaspace       used 124926K, capacity 128535K, committed 128656K, reserved 1161216K
  class space    used 16149K, capacity 17603K, committed 17664K, reserved 1048576K
}
Event: 28261.919 GC heap before
{Heap before GC invocations=32 (full 0):
 garbage-first heap   total 1146880K, used 746542K [0x0000000640000000, 0x00000007c0000000)
  region size 1024K, 672 young (688128K), 41 survivors (41984K)
 Metaspace       used 124926K, capacity 128535K, committed 128656K, reserved 1161216K
  class space    used 16149K, capacity 17603K, committed 17664K, reserved 1048576K
}
Event: 28261.982 GC heap after
{Heap after GC invocations=33 (full 0):
 garbage-first heap   total 1146880K, used 101422K [0x0000000640000000, 0x00000007c0000000)
  region size 1024K, 41 young (41984K), 41 survivors (41984K)
 Metaspace       used 124926K, capacity 128535K, committed 128656K, reserved 1161216K
  class space    used 16149K, capacity 17603K, committed 17664K, reserved 1048576K
}
Event: 32338.588 GC heap before
{Heap before GC invocations=33 (full 0):
 garbage-first heap   total 1146880K, used 746542K [0x0000000640000000, 0x00000007c0000000)
  region size 1024K, 672 young (688128K), 41 survivors (41984K)
 Metaspace       used 124927K, capacity 128535K, committed 128656K, reserved 1161216K
  class space    used 16149K, capacity 17603K, committed 17664K, reserved 1048576K
}
Event: 32338.666 GC heap after
{Heap after GC invocations=34 (full 0):
 garbage-first heap   total 1146880K, used 101422K [0x0000000640000000, 0x00000007c0000000)
  region size 1024K, 41 young (41984K), 41 survivors (41984K)
 Metaspace       used 124927K, capacity 128535K, committed 128656K, reserved 1161216K
  class space    used 16149K, capacity 17603K, committed 17664K, reserved 1048576K
}
Event: 35911.236 GC heap before
{Heap before GC invocations=34 (full 0):
 garbage-first heap   total 1146880K, used 746541K [0x0000000640000000, 0x00000007c0000000)
  region size 1024K, 672 young (688128K), 41 survivors (41984K)
 Metaspace       used 124963K, capacity 128599K, committed 128912K, reserved 1161216K
  class space    used 16150K, capacity 17603K, committed 17664K, reserved 1048576K
}
Event: 35911.301 GC heap after
{Heap after GC invocations=35 (full 0):
 garbage-first heap   total 1146880K, used 101422K [0x0000000640000000, 0x00000007c0000000)
  region size 1024K, 41 young (41984K), 41 survivors (41984K)
 Metaspace       used 124963K, capacity 128599K, committed 128912K, reserved 1161216K
  class space    used 16150K, capacity 17603K, committed 17664K, reserved 1048576K
}

Deoptimization events (20 events):
Event: 4709.792 Thread 0x0000000169365800 DEOPT PACKING pc=0x00000001427243ec sp=0x000000017d761b40
Event: 4709.792 Thread 0x0000000169365800 DEOPT UNPACKING pc=0x000000014074127c sp=0x000000017d761a20 mode 3
Event: 4770.764 Thread 0x0000000169348800 DEOPT PACKING pc=0x0000000142a01c58 sp=0x000000017d13e620
Event: 4770.764 Thread 0x0000000169348800 DEOPT UNPACKING pc=0x000000014074127c sp=0x000000017d13e460 mode 3
Event: 15331.167 Thread 0x0000000116e92000 DEOPT PACKING pc=0x00000001427bc0e0 sp=0x000000017cd261a0
Event: 15331.167 Thread 0x0000000116e92000 DEOPT UNPACKING pc=0x000000014074127c sp=0x000000017cd25fb0 mode 3
Event: 15331.188 Thread 0x0000000116e92000 DEOPT PACKING pc=0x0000000142ac50c4 sp=0x000000017cd26520
Event: 15331.189 Thread 0x0000000116e92000 DEOPT UNPACKING pc=0x000000014074127c sp=0x000000017cd26360 mode 3
Event: 15332.203 Thread 0x0000000169356000 DEOPT PACKING pc=0x0000000142889254 sp=0x000000017cf32360
Event: 15332.203 Thread 0x0000000169356000 DEOPT UNPACKING pc=0x000000014074127c sp=0x000000017cf32190 mode 3
Event: 15334.160 Thread 0x0000000117a2f000 DEOPT PACKING pc=0x00000001426205f4 sp=0x000000017cb1a1c0
Event: 15334.160 Thread 0x0000000117a2f000 DEOPT UNPACKING pc=0x000000014074127c sp=0x000000017cb19fc0 mode 3
Event: 15334.161 Thread 0x0000000117a2f000 DEOPT PACKING pc=0x000000014287d814 sp=0x000000017cb1a3c0
Event: 15334.161 Thread 0x0000000117a2f000 DEOPT UNPACKING pc=0x000000014074127c sp=0x000000017cb1a220 mode 3
Event: 15340.160 Thread 0x0000000117a2f000 DEOPT PACKING pc=0x00000001427ba3c4 sp=0x000000017cb1a290
Event: 15340.160 Thread 0x0000000117a2f000 DEOPT UNPACKING pc=0x000000014074127c sp=0x000000017cb1a0d0 mode 3
Event: 15941.201 Thread 0x0000000116c75800 DEOPT PACKING pc=0x00000001424dc58c sp=0x0000000177f5dd20
Event: 15941.201 Thread 0x0000000116c75800 DEOPT UNPACKING pc=0x000000014074127c sp=0x0000000177f5dbb0 mode 3
Event: 35076.300 Thread 0x0000000116fee000 DEOPT PACKING pc=0x0000000142c50bfc sp=0x000000017d34a010
Event: 35076.300 Thread 0x0000000116fee000 DEOPT UNPACKING pc=0x000000014074127c sp=0x000000017d349dc0 mode 3

Classes redefined (0 events):
No events

Internal exceptions (20 events):
Event: 36120.131 Thread 0x0000000126fe4800 Exception <a 'java/io/FileNotFoundException'{0x00000006832da1e0}> (0x00000006832da1e0) thrown at [src/hotspot/share/prims/jni.cpp, line 617]
Event: 36120.131 Thread 0x0000000126fe4800 Exception <a 'java/io/FileNotFoundException'{0x00000006832da760}> (0x00000006832da760) thrown at [src/hotspot/share/prims/jni.cpp, line 617]
Event: 36124.582 Thread 0x0000000128953800 Exception <a 'java/net/SocketTimeoutException'{0x0000000682e0d7a0}: Read timed out> (0x0000000682e0d7a0) thrown at [src/hotspot/share/prims/jni.cpp, line 638]
Event: 36129.585 Thread 0x0000000128953800 Exception <a 'java/net/SocketTimeoutException'{0x0000000682e0dac0}: Read timed out> (0x0000000682e0dac0) thrown at [src/hotspot/share/prims/jni.cpp, line 638]
Event: 36130.155 Thread 0x0000000126fe4800 Exception <a 'java/io/FileNotFoundException'{0x00000006832eab50}> (0x00000006832eab50) thrown at [src/hotspot/share/prims/jni.cpp, line 617]
Event: 36130.155 Thread 0x0000000126fe4800 Exception <a 'java/io/FileNotFoundException'{0x00000006832eb0d0}> (0x00000006832eb0d0) thrown at [src/hotspot/share/prims/jni.cpp, line 617]
Event: 36134.589 Thread 0x0000000128953800 Exception <a 'java/net/SocketTimeoutException'{0x0000000682e0dde0}: Read timed out> (0x0000000682e0dde0) thrown at [src/hotspot/share/prims/jni.cpp, line 638]
Event: 36139.591 Thread 0x0000000128953800 Exception <a 'java/net/SocketTimeoutException'{0x0000000682e0e100}: Read timed out> (0x0000000682e0e100) thrown at [src/hotspot/share/prims/jni.cpp, line 638]
Event: 36140.174 Thread 0x0000000126fe4800 Exception <a 'java/io/FileNotFoundException'{0x00000006832fb4c0}> (0x00000006832fb4c0) thrown at [src/hotspot/share/prims/jni.cpp, line 617]
Event: 36140.174 Thread 0x0000000126fe4800 Exception <a 'java/io/FileNotFoundException'{0x00000006832fba40}> (0x00000006832fba40) thrown at [src/hotspot/share/prims/jni.cpp, line 617]
Event: 36144.592 Thread 0x0000000128953800 Exception <a 'java/net/SocketTimeoutException'{0x0000000682e0e420}: Read timed out> (0x0000000682e0e420) thrown at [src/hotspot/share/prims/jni.cpp, line 638]
Event: 36149.595 Thread 0x0000000128953800 Exception <a 'java/net/SocketTimeoutException'{0x0000000682e0e740}: Read timed out> (0x0000000682e0e740) thrown at [src/hotspot/share/prims/jni.cpp, line 638]
Event: 36150.203 Thread 0x0000000126fe4800 Exception <a 'java/io/FileNotFoundException'{0x00000006827793f0}> (0x00000006827793f0) thrown at [src/hotspot/share/prims/jni.cpp, line 617]
Event: 36150.203 Thread 0x0000000126fe4800 Exception <a 'java/io/FileNotFoundException'{0x0000000682779970}> (0x0000000682779970) thrown at [src/hotspot/share/prims/jni.cpp, line 617]
Event: 36154.599 Thread 0x0000000128953800 Exception <a 'java/net/SocketTimeoutException'{0x0000000682e0ea60}: Read timed out> (0x0000000682e0ea60) thrown at [src/hotspot/share/prims/jni.cpp, line 638]
Event: 36159.602 Thread 0x0000000128953800 Exception <a 'java/net/SocketTimeoutException'{0x0000000682e0ed80}: Read timed out> (0x0000000682e0ed80) thrown at [src/hotspot/share/prims/jni.cpp, line 638]
Event: 36160.017 Thread 0x000000012876f000 Exception <a 'java/net/ConnectException'{0x00000006824931c8}> (0x00000006824931c8) thrown at [src/hotspot/share/prims/jni.cpp, line 617]
Event: 36160.225 Thread 0x0000000126fe4800 Exception <a 'java/io/FileNotFoundException'{0x0000000682789d60}> (0x0000000682789d60) thrown at [src/hotspot/share/prims/jni.cpp, line 617]
Event: 36160.225 Thread 0x0000000126fe4800 Exception <a 'java/io/FileNotFoundException'{0x000000068278a2e0}> (0x000000068278a2e0) thrown at [src/hotspot/share/prims/jni.cpp, line 617]
Event: 36164.606 Thread 0x0000000128953800 Exception <a 'java/net/SocketTimeoutException'{0x0000000682e0f0a0}: Read timed out> (0x0000000682e0f0a0) thrown at [src/hotspot/share/prims/jni.cpp, line 638]

Events (20 events):
Event: 36161.095 Protecting memory [0x0000000175260000,0x000000017526c000] with protection modes 3
Event: 36161.096 Thread 0x000000030b05c000 Thread exited: 0x000000030b05c000
Event: 36161.104 Thread 0x0000000169092800 Thread added: 0x0000000169092800
Event: 36161.104 Protecting memory [0x0000000175260000,0x000000017526c000] with protection modes 0
Event: 36161.542 Protecting memory [0x0000000178174000,0x0000000178180000] with protection modes 3
Event: 36161.542 Thread 0x000000016901f000 Thread exited: 0x000000016901f000
Event: 36161.547 Thread 0x000000030b05c000 Thread added: 0x000000030b05c000
Event: 36161.547 Protecting memory [0x0000000178174000,0x0000000178180000] with protection modes 0
Event: 36161.548 Thread 0x000000016901f000 Thread added: 0x000000016901f000
Event: 36161.548 Protecting memory [0x0000000314b84000,0x0000000314b90000] with protection modes 0
Event: 36162.014 Executing VM operation: RevokeBias
Event: 36162.014 Executing VM operation: RevokeBias done
Event: 36163.223 Executing VM operation: RevokeBias
Event: 36163.224 Executing VM operation: RevokeBias done
Event: 36166.098 Protecting memory [0x000000031476c000,0x0000000314778000] with protection modes 3
Event: 36166.099 Thread 0x0000000117ab1800 Thread exited: 0x0000000117ab1800
Event: 36166.106 Thread 0x0000000117ab1800 Thread added: 0x0000000117ab1800
Event: 36166.106 Protecting memory [0x000000031476c000,0x0000000314778000] with protection modes 0
Event: 36166.107 Thread 0x0000000169093800 Thread added: 0x0000000169093800
Event: 36166.107 Protecting memory [0x0000000314d90000,0x0000000314d9c000] with protection modes 0


Dynamic libraries:
0x0000000100404000 	/opt/homebrew/Cellar/openjdk@11/11.0.25/libexec/openjdk.jdk/Contents/Home/lib/jli/libjli.dylib
0x00000001a4ec3000 	/System/Library/Frameworks/Cocoa.framework/Versions/A/Cocoa
0x000000018c713000 	/System/Library/Frameworks/AppKit.framework/Versions/C/AppKit
0x000000018f9fb000 	/System/Library/Frameworks/CoreData.framework/Versions/A/CoreData
0x0000000189d8a000 	/System/Library/Frameworks/Foundation.framework/Versions/C/Foundation
0x0000000196968000 	/usr/lib/libSystem.B.dylib
0x000000018dba1000 	/System/Library/PrivateFrameworks/UIFoundation.framework/Versions/A/UIFoundation
0x0000000236c5c000 	/System/Library/PrivateFrameworks/CollectionViewCore.framework/Versions/A/CollectionViewCore
0x000000019df05000 	/System/Library/PrivateFrameworks/RemoteViewServices.framework/Versions/A/RemoteViewServices
0x0000000194504000 	/System/Library/PrivateFrameworks/XCTTargetBootstrap.framework/Versions/A/XCTTargetBootstrap
0x00000001990e2000 	/System/Library/PrivateFrameworks/InternationalSupport.framework/Versions/A/InternationalSupport
0x0000000199439000 	/System/Library/PrivateFrameworks/UserActivity.framework/Versions/A/UserActivity
0x0000000264e37000 	/System/Library/PrivateFrameworks/UIIntelligenceSupport.framework/Versions/A/UIIntelligenceSupport
0x00000001ef01f000 	/System/Library/Frameworks/SwiftUICore.framework/Versions/A/SwiftUICore
0x0000000269e72000 	/System/Library/PrivateFrameworks/WritingTools.framework/Versions/A/WritingTools
0x0000000268ebd000 	/System/Library/PrivateFrameworks/WindowManagement.framework/Versions/A/WindowManagement
0x00000001899ee000 	/System/Library/Frameworks/SystemConfiguration.framework/Versions/A/SystemConfiguration
0x0000000198549000 	/usr/lib/libspindump.dylib
0x000000018dd53000 	/System/Library/Frameworks/UniformTypeIdentifiers.framework/Versions/A/UniformTypeIdentifiers
0x0000000195d5c000 	/usr/lib/libbsm.0.dylib
0x0000000191f8d000 	/usr/lib/libapp_launch_measurement.dylib
0x0000000191336000 	/System/Library/PrivateFrameworks/CoreAnalytics.framework/Versions/A/CoreAnalytics
0x0000000191f91000 	/System/Library/PrivateFrameworks/CoreAutoLayout.framework/Versions/A/CoreAutoLayout
0x0000000193b20000 	/System/Library/Frameworks/Metal.framework/Versions/A/Metal
0x0000000194d42000 	/usr/lib/liblangid.dylib
0x000000019450a000 	/System/Library/PrivateFrameworks/CoreSVG.framework/Versions/A/CoreSVG
0x000000018e776000 	/System/Library/PrivateFrameworks/SkyLight.framework/Versions/A/SkyLight
0x000000018ec9b000 	/System/Library/Frameworks/CoreGraphics.framework/Versions/A/CoreGraphics
0x000000019e5e4000 	/System/Library/Frameworks/Accelerate.framework/Versions/A/Accelerate
0x000000019838c000 	/System/Library/PrivateFrameworks/IconServices.framework/Versions/A/IconServices
0x0000000193afd000 	/System/Library/Frameworks/IOSurface.framework/Versions/A/IOSurface
0x0000000191367000 	/usr/lib/libDiagnosticMessagesClient.dylib
0x00000001968b2000 	/usr/lib/libz.1.dylib
0x00000001a24ee000 	/System/Library/Frameworks/ApplicationServices.framework/Versions/A/ApplicationServices
0x00000001944ef000 	/System/Library/PrivateFrameworks/DFRFoundation.framework/Versions/A/DFRFoundation
0x000000018bf79000 	/usr/lib/libicucore.A.dylib
0x000000019a4bd000 	/System/Library/Frameworks/AudioToolbox.framework/Versions/A/AudioToolbox
0x00000001993ea000 	/System/Library/PrivateFrameworks/DataDetectorsCore.framework/Versions/A/DataDetectorsCore
0x00000001b5027000 	/System/Library/PrivateFrameworks/TextInput.framework/Versions/A/TextInput
0x000000018e6c2000 	/usr/lib/libMobileGestalt.dylib
0x00000001941e8000 	/System/Library/Frameworks/Carbon.framework/Versions/A/Frameworks/HIToolbox.framework/Versions/A/HIToolbox
0x000000019186e000 	/System/Library/Frameworks/QuartzCore.framework/Versions/A/QuartzCore
0x000000018bb70000 	/System/Library/Frameworks/Security.framework/Versions/A/Security
0x000000019df41000 	/System/Library/Frameworks/Carbon.framework/Versions/A/Frameworks/SpeechRecognition.framework/Versions/A/SpeechRecognition
0x0000000191c95000 	/System/Library/PrivateFrameworks/CoreUI.framework/Versions/A/CoreUI
0x000000018b43d000 	/System/Library/Frameworks/CoreAudio.framework/Versions/A/CoreAudio
0x0000000191455000 	/System/Library/Frameworks/DiskArbitration.framework/Versions/A/DiskArbitration
0x00000001989af000 	/System/Library/PrivateFrameworks/MultitouchSupport.framework/Versions/A/MultitouchSupport
0x000000018e6c0000 	/usr/lib/libenergytrace.dylib
0x00000001a966c000 	/System/Library/PrivateFrameworks/RenderBox.framework/Versions/A/RenderBox
0x000000018c5c3000 	/System/Library/Frameworks/IOKit.framework/Versions/A/IOKit
0x000000019e338000 	/System/Library/Frameworks/CoreServices.framework/Versions/A/CoreServices
0x0000000191f1e000 	/System/Library/PrivateFrameworks/PerformanceAnalysis.framework/Versions/A/PerformanceAnalysis
0x00000001e8a11000 	/System/Library/Frameworks/OpenGL.framework/Versions/A/OpenGL
0x0000000191fdb000 	/usr/lib/libxml2.2.dylib
0x0000000195c40000 	/System/Library/PrivateFrameworks/MobileKeyBag.framework/Versions/A/MobileKeyBag
0x0000000188618000 	/usr/lib/libobjc.A.dylib
0x0000000188924000 	/usr/lib/libc++.1.dylib
0x000000019e2b9000 	/System/Library/Frameworks/Accessibility.framework/Versions/A/Accessibility
0x000000018f3cc000 	/System/Library/Frameworks/ColorSync.framework/Versions/A/ColorSync
0x0000000188a80000 	/System/Library/Frameworks/CoreFoundation.framework/Versions/A/CoreFoundation
0x00000001948c4000 	/System/Library/Frameworks/CoreImage.framework/Versions/A/CoreImage
0x000000018b21e000 	/System/Library/Frameworks/CoreText.framework/Versions/A/CoreText
0x00000001e9f4e000 	/System/Library/Frameworks/CoreTransferable.framework/Versions/A/CoreTransferable
0x00000001ea4d2000 	/System/Library/Frameworks/DataDetection.framework/Versions/A/DataDetection
0x00000001ea4d5000 	/System/Library/Frameworks/DeveloperToolsSupport.framework/Versions/A/DeveloperToolsSupport
0x0000000194545000 	/System/Library/Frameworks/ImageIO.framework/Versions/A/ImageIO
0x00000001efbc6000 	/System/Library/Frameworks/Symbols.framework/Versions/A/Symbols
0x00000001dc22b000 	/System/Library/PrivateFrameworks/FeatureFlags.framework/Versions/A/FeatureFlags
0x000000019696d000 	/System/Library/PrivateFrameworks/SoftLinking.framework/Versions/A/SoftLinking
0x00000001c7bfd000 	/usr/lib/swift/libswiftAccelerate.dylib
0x0000000199e53000 	/usr/lib/swift/libswiftCore.dylib
0x00000001b16f1000 	/usr/lib/swift/libswiftCoreFoundation.dylib
0x00000001b174b000 	/usr/lib/swift/libswiftCoreImage.dylib
0x00000001aeb15000 	/usr/lib/swift/libswiftDarwin.dylib
0x0000000271691000 	/usr/lib/swift/libswiftDataDetection.dylib
0x000000019fe2d000 	/usr/lib/swift/libswiftDispatch.dylib
0x00000001b174c000 	/usr/lib/swift/libswiftIOKit.dylib
0x00000001be243000 	/usr/lib/swift/libswiftMetal.dylib
0x00000001cd129000 	/usr/lib/swift/libswiftOSLog.dylib
0x00000001a2a93000 	/usr/lib/swift/libswiftObjectiveC.dylib
0x00000002716be000 	/usr/lib/swift/libswiftObservation.dylib
0x00000001c35ce000 	/usr/lib/swift/libswiftQuartzCore.dylib
0x00000001c7bee000 	/usr/lib/swift/libswiftUniformTypeIdentifiers.dylib
0x00000001b1703000 	/usr/lib/swift/libswiftXPC.dylib
0x00000002717a4000 	/usr/lib/swift/libswift_Builtin_float.dylib
0x00000002717a7000 	/usr/lib/swift/libswift_Concurrency.dylib
0x0000000271906000 	/usr/lib/swift/libswift_StringProcessing.dylib
0x0000000271999000 	/usr/lib/swift/libswift_errno.dylib
0x000000027199b000 	/usr/lib/swift/libswift_math.dylib
0x000000027199e000 	/usr/lib/swift/libswift_signal.dylib
0x000000027199f000 	/usr/lib/swift/libswift_stdio.dylib
0x00000002719a0000 	/usr/lib/swift/libswift_time.dylib
0x00000001a2a97000 	/usr/lib/swift/libswiftos.dylib
0x00000001b4f7e000 	/usr/lib/swift/libswiftsimd.dylib
0x00000002719a1000 	/usr/lib/swift/libswiftsys_time.dylib
0x00000002719a2000 	/usr/lib/swift/libswiftunistd.dylib
0x0000000196b81000 	/usr/lib/libcompression.dylib
0x0000000199042000 	/System/Library/PrivateFrameworks/TextureIO.framework/Versions/A/TextureIO
0x000000019802c000 	/usr/lib/libate.dylib
0x0000000196962000 	/usr/lib/system/libcache.dylib
0x000000019691d000 	/usr/lib/system/libcommonCrypto.dylib
0x0000000196948000 	/usr/lib/system/libcompiler_rt.dylib
0x000000019693d000 	/usr/lib/system/libcopyfile.dylib
0x0000000188772000 	/usr/lib/system/libcorecrypto.dylib
0x0000000188858000 	/usr/lib/system/libdispatch.dylib
0x0000000188a18000 	/usr/lib/system/libdyld.dylib
0x0000000196958000 	/usr/lib/system/libkeymgr.dylib
0x0000000196900000 	/usr/lib/system/libmacho.dylib
0x0000000195d35000 	/usr/lib/system/libquarantine.dylib
0x0000000196955000 	/usr/lib/system/libremovefile.dylib
0x000000018e73c000 	/usr/lib/system/libsystem_asl.dylib
0x0000000188707000 	/usr/lib/system/libsystem_blocks.dylib
0x00000001888a2000 	/usr/lib/system/libsystem_c.dylib
0x000000019694c000 	/usr/lib/system/libsystem_collections.dylib
0x0000000194d2f000 	/usr/lib/system/libsystem_configuration.dylib
0x0000000193acc000 	/usr/lib/system/libsystem_containermanager.dylib
0x0000000196444000 	/usr/lib/system/libsystem_coreservices.dylib
0x000000018c245000 	/usr/lib/system/libsystem_darwin.dylib
0x0000000271ad7000 	/usr/lib/system/libsystem_darwindirectory.dylib
0x0000000196959000 	/usr/lib/system/libsystem_dnssd.dylib
0x0000000271adb000 	/usr/lib/system/libsystem_eligibility.dylib
0x000000018889f000 	/usr/lib/system/libsystem_featureflags.dylib
0x0000000188a50000 	/usr/lib/system/libsystem_info.dylib
0x00000001968c1000 	/usr/lib/system/libsystem_m.dylib
0x0000000188811000 	/usr/lib/system/libsystem_malloc.dylib
0x000000018e6a5000 	/usr/lib/system/libsystem_networkextension.dylib
0x000000018c6a6000 	/usr/lib/system/libsystem_notify.dylib
0x0000000194d34000 	/usr/lib/system/libsystem_sandbox.dylib
0x0000000271ae3000 	/usr/lib/system/libsystem_sanitizers.dylib
0x0000000196951000 	/usr/lib/system/libsystem_secinit.dylib
0x00000001889cf000 	/usr/lib/system/libsystem_kernel.dylib
0x0000000188a48000 	/usr/lib/system/libsystem_platform.dylib
0x0000000188a0b000 	/usr/lib/system/libsystem_pthread.dylib
0x0000000190295000 	/usr/lib/system/libsystem_symptoms.dylib
0x0000000188756000 	/usr/lib/system/libsystem_trace.dylib
0x000000019692b000 	/usr/lib/system/libunwind.dylib
0x000000018870b000 	/usr/lib/system/libxpc.dylib
0x00000001889b1000 	/usr/lib/libc++abi.dylib
0x00000002706b6000 	/usr/lib/libRosetta.dylib
0x000000018c543000 	/System/Library/PrivateFrameworks/CoreServicesInternal.framework/Versions/A/CoreServicesInternal
0x0000000196935000 	/usr/lib/liboah.dylib
0x000000019696a000 	/usr/lib/libfakelink.dylib
0x00000001a1fa3000 	/System/Library/PrivateFrameworks/DiskImages.framework/Versions/A/DiskImages
0x00000001ae63f000 	/System/Library/Frameworks/NetFS.framework/Versions/A/NetFS
0x000000018e2db000 	/System/Library/Frameworks/CFNetwork.framework/Versions/A/CFNetwork
0x0000000191f55000 	/System/Library/Frameworks/CoreServices.framework/Versions/A/Frameworks/FSEvents.framework/Versions/A/FSEvents
0x000000018c250000 	/System/Library/Frameworks/CoreServices.framework/Versions/A/Frameworks/CarbonCore.framework/Versions/A/CarbonCore
0x00000001913ca000 	/System/Library/Frameworks/CoreServices.framework/Versions/A/Frameworks/Metadata.framework/Versions/A/Metadata
0x000000019644b000 	/System/Library/Frameworks/CoreServices.framework/Versions/A/Frameworks/OSServices.framework/Versions/A/OSServices
0x0000000196ab7000 	/System/Library/Frameworks/CoreServices.framework/Versions/A/Frameworks/SearchKit.framework/Versions/A/SearchKit
0x0000000190210000 	/System/Library/Frameworks/CoreServices.framework/Versions/A/Frameworks/AE.framework/Versions/A/AE
0x0000000188fbf000 	/System/Library/Frameworks/CoreServices.framework/Versions/A/Frameworks/LaunchServices.framework/Versions/A/LaunchServices
0x0000000197e81000 	/System/Library/Frameworks/CoreServices.framework/Versions/A/Frameworks/DictionaryServices.framework/Versions/A/DictionaryServices
0x0000000191f63000 	/System/Library/Frameworks/CoreServices.framework/Versions/A/Frameworks/SharedFileList.framework/Versions/A/SharedFileList
0x0000000196b4c000 	/usr/lib/libapple_nghttp2.dylib
0x000000018fe71000 	/usr/lib/libsqlite3.dylib
0x000000019ab35000 	/System/Library/Frameworks/GSS.framework/Versions/A/GSS
0x00000001901a7000 	/System/Library/PrivateFrameworks/RunningBoardServices.framework/Versions/A/RunningBoardServices
0x000000019029e000 	/System/Library/Frameworks/Network.framework/Versions/A/Network
0x0000000196904000 	/usr/lib/system/libkxld.dylib
0x0000000232a81000 	/System/Library/PrivateFrameworks/AppleKeyStore.framework/Versions/A/AppleKeyStore
0x000000027050f000 	/usr/lib/libCoreEntitlements.dylib
0x000000024d99a000 	/System/Library/PrivateFrameworks/MessageSecurity.framework/Versions/A/MessageSecurity
0x000000018fe56000 	/System/Library/PrivateFrameworks/ProtocolBuffer.framework/Versions/A/ProtocolBuffer
0x000000019642b000 	/System/Library/PrivateFrameworks/AppleFSCompression.framework/Versions/A/AppleFSCompression
0x0000000195d44000 	/usr/lib/libcoretls.dylib
0x0000000197ef7000 	/usr/lib/libcoretls_cfhelpers.dylib
0x0000000196b7b000 	/usr/lib/libpam.2.dylib
0x0000000197f6b000 	/usr/lib/libxar.1.dylib
0x00000001969bf000 	/usr/lib/libarchive.2.dylib
0x000000019c234000 	/System/Library/Frameworks/Combine.framework/Versions/A/Combine
0x0000000236c80000 	/System/Library/PrivateFrameworks/CollectionsInternal.framework/Versions/A/CollectionsInternal
0x00000002566f2000 	/System/Library/PrivateFrameworks/ReflectionInternal.framework/Versions/A/ReflectionInternal
0x0000000257398000 	/System/Library/PrivateFrameworks/RuntimeInternal.framework/Versions/A/RuntimeInternal
0x0000000271735000 	/usr/lib/swift/libswiftSystem.dylib
0x0000000194d3d000 	/System/Library/PrivateFrameworks/AppleSystemInfo.framework/Versions/A/AppleSystemInfo
0x00000001b15dd000 	/System/Library/PrivateFrameworks/LoggingSupport.framework/Versions/A/LoggingSupport
0x000000019f2f1000 	/System/Library/PrivateFrameworks/PowerLog.framework/Versions/A/PowerLog
0x00000001eeee4000 	/System/Library/Frameworks/SwiftData.framework/Versions/A/SwiftData
0x0000000192165000 	/System/Library/PrivateFrameworks/UserManagement.framework/Versions/A/UserManagement
0x000000018e20a000 	/usr/lib/libboringssl.dylib
0x0000000190284000 	/usr/lib/libdns_services.dylib
0x00000001b0798000 	/usr/lib/libquic.dylib
0x0000000199de2000 	/usr/lib/libusrtcp.dylib
0x00000001d4f2c000 	/System/Library/PrivateFrameworks/InternalSwiftProtobuf.framework/Versions/A/InternalSwiftProtobuf
0x0000000271692000 	/usr/lib/swift/libswiftDistributed.dylib
0x000000027172b000 	/usr/lib/swift/libswiftSynchronization.dylib
0x000000018e2da000 	/usr/lib/libnetwork.dylib
0x00000001c2221000 	/System/Library/PrivateFrameworks/OSAnalytics.framework/Versions/A/OSAnalytics
0x0000000196b27000 	/System/Library/PrivateFrameworks/AppleSauce.framework/Versions/A/AppleSauce
0x00000001a05c1000 	/System/Library/PrivateFrameworks/CoreSymbolication.framework/Versions/A/CoreSymbolication
0x00000001d0c5c000 	/System/Library/PrivateFrameworks/Symbolication.framework/Versions/A/Symbolication
0x00000001a059d000 	/System/Library/PrivateFrameworks/DebugSymbols.framework/Versions/A/DebugSymbols
0x00000002703da000 	/usr/lib/libAppleArchive.dylib
0x0000000196437000 	/usr/lib/libbz2.1.0.dylib
0x0000000197ed8000 	/usr/lib/liblzma.5.dylib
0x0000000195a3a000 	/System/Library/PrivateFrameworks/IOMobileFramebuffer.framework/Versions/A/IOMobileFramebuffer
0x00000001b1666000 	/System/Library/PrivateFrameworks/MallocStackLogging.framework/Versions/A/MallocStackLogging
0x00000001980c6000 	/System/Library/PrivateFrameworks/CrashReporterSupport.framework/Versions/A/CrashReporterSupport
0x0000000189882000 	/System/Library/PrivateFrameworks/Lexicon.framework/Versions/A/Lexicon
0x0000000245edb000 	/System/Library/PrivateFrameworks/IO80211.framework/Versions/A/IO80211
0x00000001a00c4000 	/System/Library/PrivateFrameworks/FrontBoardServices.framework/Versions/A/FrontBoardServices
0x0000000195c6c000 	/System/Library/Frameworks/SecurityFoundation.framework/Versions/A/SecurityFoundation
0x0000000195dce000 	/usr/lib/libgermantok.dylib
0x0000000194e61000 	/System/Library/PrivateFrameworks/LinguisticData.framework/Versions/A/LinguisticData
0x00000001900c2000 	/System/Library/PrivateFrameworks/BaseBoard.framework/Versions/A/BaseBoard
0x00000001a0191000 	/System/Library/PrivateFrameworks/BoardServices.framework/Versions/A/BoardServices
0x0000000195c5d000 	/System/Library/PrivateFrameworks/AssertionServices.framework/Versions/A/AssertionServices
0x00000001a1dde000 	/System/Library/PrivateFrameworks/BackBoardServices.framework/Versions/A/BackBoardServices
0x0000000193f16000 	/System/Library/PrivateFrameworks/FontServices.framework/libFontParser.dylib
0x000000018e754000 	/System/Library/PrivateFrameworks/TCC.framework/Versions/A/TCC
0x00000001a5958000 	/System/Library/PrivateFrameworks/IOSurfaceAccelerator.framework/Versions/A/IOSurfaceAccelerator
0x00000001989ad000 	/System/Library/PrivateFrameworks/WatchdogClient.framework/Versions/A/WatchdogClient
0x000000018ad45000 	/System/Library/Frameworks/CoreDisplay.framework/Versions/A/CoreDisplay
0x0000000193dbb000 	/System/Library/Frameworks/CoreMedia.framework/Versions/A/CoreMedia
0x0000000193b16000 	/System/Library/PrivateFrameworks/IOAccelerator.framework/Versions/A/IOAccelerator
0x00000001920c5000 	/System/Library/Frameworks/CoreVideo.framework/Versions/A/CoreVideo
0x0000000196b79000 	/System/Library/Frameworks/MetalPerformanceShaders.framework/Versions/A/MetalPerformanceShaders
0x0000000255a6e000 	/System/Library/PrivateFrameworks/ProDisplayLibrary.framework/Versions/A/ProDisplayLibrary
0x00000001989f5000 	/System/Library/Frameworks/VideoToolbox.framework/Versions/A/VideoToolbox
0x0000000194d3b000 	/System/Library/PrivateFrameworks/AggregateDictionary.framework/Versions/A/AggregateDictionary
0x0000000197ef9000 	/System/Library/PrivateFrameworks/APFS.framework/Versions/A/APFS
0x0000000197f7a000 	/usr/lib/libutil.dylib
0x00000002605b7000 	/System/Library/PrivateFrameworks/SwiftASN1Internal.framework/Versions/A/SwiftASN1Internal
0x000000019145e000 	/System/Library/Frameworks/Accelerate.framework/Versions/A/Frameworks/vImage.framework/Versions/A/vImage
0x000000019e313000 	/System/Library/Frameworks/Accelerate.framework/Versions/A/Frameworks/vecLib.framework/Versions/A/vecLib
0x0000000197fb2000 	/System/Library/Frameworks/Accelerate.framework/Versions/A/Frameworks/vecLib.framework/Versions/A/libvMisc.dylib
0x0000000189436000 	/System/Library/Frameworks/Accelerate.framework/Versions/A/Frameworks/vecLib.framework/Versions/A/libBLAS.dylib
0x000000019a70c000 	/System/Library/Frameworks/ApplicationServices.framework/Versions/A/Frameworks/ATS.framework/Versions/A/ATS
0x000000018f582000 	/System/Library/Frameworks/ApplicationServices.framework/Versions/A/Frameworks/HIServices.framework/Versions/A/HIServices
0x0000000198fcb000 	/System/Library/Frameworks/ApplicationServices.framework/Versions/A/Frameworks/PrintCore.framework/Versions/A/PrintCore
0x000000019aaff000 	/System/Library/Frameworks/ApplicationServices.framework/Versions/A/Frameworks/QD.framework/Versions/A/QD
0x000000019aaf6000 	/System/Library/Frameworks/ApplicationServices.framework/Versions/A/Frameworks/ColorSyncLegacy.framework/Versions/A/ColorSyncLegacy
0x000000019a6de000 	/System/Library/Frameworks/ApplicationServices.framework/Versions/A/Frameworks/SpeechSynthesis.framework/Versions/A/SpeechSynthesis
0x0000000195a07000 	/System/Library/PrivateFrameworks/CoreEmoji.framework/Versions/A/CoreEmoji
0x000000023d023000 	/System/Library/PrivateFrameworks/FontServices.framework/Versions/A/FontServices
0x00000001984fe000 	/System/Library/PrivateFrameworks/OTSVG.framework/Versions/A/OTSVG
0x0000000191c43000 	/System/Library/Frameworks/ApplicationServices.framework/Versions/A/Frameworks/ATS.framework/Versions/A/Resources/libFontRegistry.dylib
0x0000000270a96000 	/usr/lib/libhvf.dylib
0x000000025199e000 	/System/Library/PrivateFrameworks/ParsingInternal.framework/Versions/A/ParsingInternal
0x00000002716db000 	/usr/lib/swift/libswiftRegexBuilder.dylib
0x0000000271863000 	/usr/lib/swift/libswift_RegexParser.dylib
0x0000000198876000 	/System/Library/PrivateFrameworks/AppleJPEG.framework/Versions/A/AppleJPEG
0x000000019831b000 	/usr/lib/libexpat.1.dylib
0x0000000198ea1000 	/System/Library/Frameworks/ImageIO.framework/Versions/A/Resources/libPng.dylib
0x0000000198ecc000 	/System/Library/Frameworks/ImageIO.framework/Versions/A/Resources/libTIFF.dylib
0x0000000198fb6000 	/System/Library/Frameworks/ImageIO.framework/Versions/A/Resources/libGIF.dylib
0x00000001988bc000 	/System/Library/Frameworks/ImageIO.framework/Versions/A/Resources/libJP2.dylib
0x0000000198f5d000 	/System/Library/Frameworks/ImageIO.framework/Versions/A/Resources/libJPEG.dylib
0x0000000198f54000 	/System/Library/Frameworks/ImageIO.framework/Versions/A/Resources/libRadiance.dylib
0x0000000241cf1000 	/System/Library/PrivateFrameworks/GPUCompiler.framework/Versions/32023/Libraries/libllvm-flatbuffers.dylib
0x000000023d0ee000 	/System/Library/PrivateFrameworks/FramePacing.framework/Versions/A/FramePacing
0x00000001e8a03000 	/System/Library/Frameworks/OpenGL.framework/Versions/A/Libraries/libCoreFSCache.dylib
0x000000023dc62000 	/System/Library/PrivateFrameworks/GPUCompiler.framework/Versions/32023/Libraries/libGPUCompilerUtils.dylib
0x000000023d024000 	/System/Library/PrivateFrameworks/FontServices.framework/libXTFontStaticRegistryData.dylib
0x00000001a3bda000 	/System/Library/PrivateFrameworks/ASEProcessing.framework/Versions/A/ASEProcessing
0x0000000254bf3000 	/System/Library/PrivateFrameworks/PhotosensitivityProcessing.framework/Versions/A/PhotosensitivityProcessing
0x00000001984f2000 	/System/Library/PrivateFrameworks/GraphVisualizer.framework/Versions/A/GraphVisualizer
0x00000001e8a61000 	/System/Library/Frameworks/OpenGL.framework/Versions/A/Libraries/libGLU.dylib
0x00000001e8a25000 	/System/Library/Frameworks/OpenGL.framework/Versions/A/Libraries/libGFXShared.dylib
0x00000001e8bed000 	/System/Library/Frameworks/OpenGL.framework/Versions/A/Libraries/libGL.dylib
0x00000001e8a2e000 	/System/Library/Frameworks/OpenGL.framework/Versions/A/Libraries/libGLImage.dylib
0x00000001e8a22000 	/System/Library/Frameworks/OpenGL.framework/Versions/A/Libraries/libCVMSPluginSupport.dylib
0x00000001e8a0b000 	/System/Library/Frameworks/OpenGL.framework/Versions/A/Libraries/libCoreVMClient.dylib
0x0000000194c7f000 	/System/Library/Frameworks/MetalPerformanceShaders.framework/Versions/A/Frameworks/MPSCore.framework/Versions/A/MPSCore
0x0000000196396000 	/System/Library/Frameworks/MetalPerformanceShaders.framework/Versions/A/Frameworks/MPSImage.framework/Versions/A/MPSImage
0x0000000195de6000 	/System/Library/Frameworks/MetalPerformanceShaders.framework/Versions/A/Frameworks/MPSNeuralNetwork.framework/Versions/A/MPSNeuralNetwork
0x000000019621d000 	/System/Library/Frameworks/MetalPerformanceShaders.framework/Versions/A/Frameworks/MPSMatrix.framework/Versions/A/MPSMatrix
0x0000000196032000 	/System/Library/Frameworks/MetalPerformanceShaders.framework/Versions/A/Frameworks/MPSRayIntersector.framework/Versions/A/MPSRayIntersector
0x000000019624f000 	/System/Library/Frameworks/MetalPerformanceShaders.framework/Versions/A/Frameworks/MPSNDArray.framework/Versions/A/MPSNDArray
0x00000001ec2e6000 	/System/Library/Frameworks/MetalPerformanceShaders.framework/Versions/A/Frameworks/MPSFunctions.framework/Versions/A/MPSFunctions
0x00000001ec2c8000 	/System/Library/Frameworks/MetalPerformanceShaders.framework/Versions/A/Frameworks/MPSBenchmarkLoop.framework/Versions/A/MPSBenchmarkLoop
0x00000001892b1000 	/System/Library/PrivateFrameworks/MetalTools.framework/Versions/A/MetalTools
0x00000001b6323000 	/System/Library/PrivateFrameworks/IOAccelMemoryInfo.framework/Versions/A/IOAccelMemoryInfo
0x00000001c39c3000 	/System/Library/PrivateFrameworks/kperf.framework/Versions/A/kperf
0x00000001b16cc000 	/System/Library/PrivateFrameworks/GPURawCounter.framework/Versions/A/GPURawCounter
0x0000000198f88000 	/System/Library/Frameworks/ApplicationServices.framework/Versions/A/Frameworks/ATSUI.framework/Versions/A/ATSUI
0x000000019aa8a000 	/usr/lib/libcups.2.dylib
0x000000019ab24000 	/System/Library/Frameworks/Kerberos.framework/Versions/A/Kerberos
0x000000019a78a000 	/usr/lib/libresolv.9.dylib
0x00000001969a4000 	/usr/lib/libiconv.2.dylib
0x0000000198550000 	/System/Library/PrivateFrameworks/Heimdal.framework/Versions/A/Heimdal
0x00000001a29ea000 	/System/Library/Frameworks/Kerberos.framework/Versions/A/Libraries/libHeimdalProxy.dylib
0x0000000198335000 	/usr/lib/libheimdal-asn1.dylib
0x0000000191f28000 	/System/Library/Frameworks/OpenDirectory.framework/Versions/A/OpenDirectory
0x000000019ab87000 	/System/Library/PrivateFrameworks/CommonAuth.framework/Versions/A/CommonAuth
0x0000000191f36000 	/System/Library/Frameworks/OpenDirectory.framework/Versions/A/Frameworks/CFOpenDirectory.framework/Versions/A/CFOpenDirectory
0x00000001968ff000 	/usr/lib/libcharset.1.dylib
0x00000001e8f89000 	/System/Library/Frameworks/AVFAudio.framework/Versions/A/AVFAudio
0x00000001ab035000 	/System/Library/PrivateFrameworks/AXCoreUtilities.framework/Versions/A/AXCoreUtilities
0x0000000249623000 	/System/Library/PrivateFrameworks/IsolatedCoreAudioClient.framework/Versions/A/IsolatedCoreAudioClient
0x000000019a6c5000 	/usr/lib/libAudioStatistics.dylib
0x0000000193d93000 	/System/Library/PrivateFrameworks/caulk.framework/Versions/A/caulk
0x000000018ae66000 	/System/Library/PrivateFrameworks/AudioToolboxCore.framework/Versions/A/AudioToolboxCore
0x00000001a4cf1000 	/System/Library/Frameworks/CoreMIDI.framework/Versions/A/CoreMIDI
0x000000019a668000 	/System/Library/PrivateFrameworks/AudioSession.framework/Versions/A/AudioSession
0x000000019bf9c000 	/System/Library/Frameworks/IOBluetooth.framework/Versions/A/IOBluetooth
0x000000019841f000 	/System/Library/PrivateFrameworks/MediaExperience.framework/Versions/A/MediaExperience
0x00000002630b6000 	/System/Library/PrivateFrameworks/Tightbeam.framework/Versions/A/Tightbeam
0x000000023773d000 	/System/Library/PrivateFrameworks/CoreAudioOrchestration.framework/Versions/A/CoreAudioOrchestration
0x00000001c82b8000 	/System/Library/PrivateFrameworks/AFKUser.framework/Versions/A/AFKUser
0x00000001b16d0000 	/usr/lib/swift/libswiftCoreAudio.dylib
0x000000019853f000 	/System/Library/PrivateFrameworks/AppServerSupport.framework/Versions/A/AppServerSupport
0x000000019ab08000 	/System/Library/PrivateFrameworks/perfdata.framework/Versions/A/perfdata
0x00000001b0891000 	/System/Library/PrivateFrameworks/SystemPolicy.framework/Versions/A/SystemPolicy
0x000000019a9a9000 	/usr/lib/libSMC.dylib
0x0000000198e6b000 	/usr/lib/libAudioToolboxUtility.dylib
0x000000019ab16000 	/usr/lib/libperfcheck.dylib
0x000000023383b000 	/System/Library/PrivateFrameworks/AudioAnalytics.framework/Versions/A/AudioAnalytics
0x00000001d4cf5000 	/System/Library/Frameworks/OSLog.framework/Versions/A/OSLog
0x00000001b1698000 	/usr/lib/libmis.dylib
0x000000019a476000 	/System/Library/PrivateFrameworks/AudioSession.framework/libSessionUtility.dylib
0x0000000198fbc000 	/System/Library/PrivateFrameworks/CMCaptureCore.framework/Versions/A/CMCaptureCore
0x00000001ea622000 	/System/Library/Frameworks/ExtensionFoundation.framework/Versions/A/ExtensionFoundation
0x00000001a06ce000 	/System/Library/PrivateFrameworks/CoreTime.framework/Versions/A/CoreTime
0x000000019821a000 	/System/Library/PrivateFrameworks/PlugInKit.framework/Versions/A/PlugInKit
0x000000019f1fb000 	/System/Library/Frameworks/CoreBluetooth.framework/Versions/A/CoreBluetooth
0x00000001a29eb000 	/System/Library/Frameworks/AudioUnit.framework/Versions/A/AudioUnit
0x0000000195acb000 	/System/Library/PrivateFrameworks/CoreUtils.framework/Versions/A/CoreUtils
0x000000023a6aa000 	/System/Library/PrivateFrameworks/CoreUtilsExtras.framework/Versions/A/CoreUtilsExtras
0x000000019e634000 	/System/Library/Frameworks/MediaAccessibility.framework/Versions/A/MediaAccessibility
0x00000001b9c8e000 	/System/Library/PrivateFrameworks/AttributeGraph.framework/Versions/A/AttributeGraph
0x0000000270358000 	/usr/lib/libAXSafeCategoryBundle.dylib
0x00000001ab0f1000 	/usr/lib/libAccessibility.dylib
0x0000000195915000 	/System/Library/Frameworks/Accelerate.framework/Versions/A/Frameworks/vecLib.framework/Versions/A/libvDSP.dylib
0x0000000196c57000 	/System/Library/Frameworks/Accelerate.framework/Versions/A/Frameworks/vecLib.framework/Versions/A/libLAPACK.dylib
0x0000000195dd1000 	/System/Library/Frameworks/Accelerate.framework/Versions/A/Frameworks/vecLib.framework/Versions/A/libLinearAlgebra.dylib
0x0000000196b66000 	/System/Library/Frameworks/Accelerate.framework/Versions/A/Frameworks/vecLib.framework/Versions/A/libSparseBLAS.dylib
0x0000000196c52000 	/System/Library/Frameworks/Accelerate.framework/Versions/A/Frameworks/vecLib.framework/Versions/A/libQuadrature.dylib
0x0000000194e68000 	/System/Library/Frameworks/Accelerate.framework/Versions/A/Frameworks/vecLib.framework/Versions/A/libBNNS.dylib
0x000000018998e000 	/System/Library/Frameworks/Accelerate.framework/Versions/A/Frameworks/vecLib.framework/Versions/A/libSparse.dylib
0x000000024ad8e000 	/System/Library/PrivateFrameworks/MIL.framework/Versions/A/MIL
0x0000000198f4f000 	/System/Library/PrivateFrameworks/GPUWrangler.framework/Versions/A/GPUWrangler
0x0000000198f2f000 	/System/Library/PrivateFrameworks/IOPresentment.framework/Versions/A/IOPresentment
0x0000000198f57000 	/System/Library/PrivateFrameworks/DSExternalDisplay.framework/Versions/A/DSExternalDisplay
0x00000001d50fa000 	/System/Library/PrivateFrameworks/HIDDisplay.framework/Versions/A/HIDDisplay
0x00000001aa30c000 	/System/Library/PrivateFrameworks/HID.framework/Versions/A/HID
0x00000002668ec000 	/System/Library/PrivateFrameworks/VideoToolboxParavirtualizationSupport.framework/Versions/A/VideoToolboxParavirtualizationSupport
0x00000001982d2000 	/System/Library/PrivateFrameworks/AppleVA.framework/Versions/A/AppleVA
0x00000001a023e000 	/System/Library/PrivateFrameworks/GraphicsServices.framework/Versions/A/GraphicsServices
0x000000019acf9000 	/System/Library/PrivateFrameworks/CorePhoneNumbers.framework/Versions/A/CorePhoneNumbers
0x000000019f3e2000 	/System/Library/PrivateFrameworks/MediaKit.framework/Versions/A/MediaKit
0x000000019f32d000 	/System/Library/Frameworks/DiscRecording.framework/Versions/A/DiscRecording
0x000000019aae9000 	/System/Library/PrivateFrameworks/NetAuth.framework/Versions/A/NetAuth
0x0000000192126000 	/System/Library/PrivateFrameworks/login.framework/Versions/A/Frameworks/loginsupport.framework/Versions/A/loginsupport
0x000000019833f000 	/System/Library/PrivateFrameworks/IconFoundation.framework/Versions/A/IconFoundation
0x00000001980bd000 	/usr/lib/libIOReport.dylib
0x000000023344d000 	/System/Library/PrivateFrameworks/AppleMobileFileIntegrity.framework/Versions/A/AppleMobileFileIntegrity
0x0000000270715000 	/usr/lib/libTLE.dylib
0x00000001e5a60000 	/System/Library/PrivateFrameworks/ConfigProfileHelper.framework/Versions/A/ConfigProfileHelper
0x0000000195d6e000 	/usr/lib/libmecab.dylib
0x0000000189a82000 	/usr/lib/libCRFSuite.dylib
0x0000000194d44000 	/System/Library/PrivateFrameworks/CoreNLP.framework/Versions/A/CoreNLP
0x0000000196b1f000 	/usr/lib/libThaiTokenizer.dylib
0x0000000195d38000 	/usr/lib/libCheckFix.dylib
0x0000000191369000 	/System/Library/PrivateFrameworks/MetadataUtilities.framework/Versions/A/MetadataUtilities
0x0000000246796000 	/System/Library/PrivateFrameworks/InstalledContentLibrary.framework/Versions/A/InstalledContentLibrary
0x000000018c582000 	/System/Library/PrivateFrameworks/CoreServicesStore.framework/Versions/A/CoreServicesStore
0x00000001c3acc000 	/System/Library/PrivateFrameworks/MobileSystemServices.framework/Versions/A/MobileSystemServices
0x0000000197f7e000 	/usr/lib/libxslt.1.dylib
0x0000000195cfb000 	/System/Library/PrivateFrameworks/BackgroundTaskManagement.framework/Versions/A/BackgroundTaskManagement
0x00000001a2161000 	/usr/lib/libcurl.4.dylib
0x0000000270949000 	/usr/lib/libcrypto.46.dylib
0x0000000271470000 	/usr/lib/libssl.48.dylib
0x00000001a1e3a000 	/System/Library/Frameworks/LDAP.framework/Versions/A/LDAP
0x00000001a1e76000 	/System/Library/PrivateFrameworks/TrustEvaluationAgent.framework/Versions/A/TrustEvaluationAgent
0x000000019a7a7000 	/usr/lib/libsasl2.2.dylib
0x00000001aeb14000 	/usr/lib/swift/libswiftCoreGraphics.dylib
0x000000019ec63000 	/usr/lib/swift/libswiftFoundation.dylib
0x00000001e54ea000 	/usr/lib/swift/libswiftSwiftOnoneSupport.dylib
0x00000001d140d000 	/System/Library/PrivateFrameworks/CoreMaterial.framework/Versions/A/CoreMaterial
0x000000025748f000 	/System/Library/PrivateFrameworks/SFSymbols.framework/Versions/A/SFSymbols
0x000000019df2e000 	/System/Library/PrivateFrameworks/SpeechRecognitionCore.framework/Versions/A/SpeechRecognitionCore
0x000000010147c000 	/opt/homebrew/Cellar/openjdk@11/11.0.25/libexec/openjdk.jdk/Contents/Home/lib/server/libjvm.dylib
0x000000010046c000 	/opt/homebrew/Cellar/openjdk@11/11.0.25/libexec/openjdk.jdk/Contents/Home/lib/libverify.dylib
0x00000001004bc000 	/opt/homebrew/Cellar/openjdk@11/11.0.25/libexec/openjdk.jdk/Contents/Home/lib/libjava.dylib
0x0000000100484000 	/opt/homebrew/Cellar/openjdk@11/11.0.25/libexec/openjdk.jdk/Contents/Home/lib/libjimage.dylib
0x00000001004f4000 	/opt/homebrew/Cellar/openjdk@11/11.0.25/libexec/openjdk.jdk/Contents/Home/lib/libinstrument.dylib
0x0000000100568000 	/opt/homebrew/Cellar/openjdk@11/11.0.25/libexec/openjdk.jdk/Contents/Home/lib/libzip.dylib
0x0000000100774000 	/opt/homebrew/Cellar/openjdk@11/11.0.25/libexec/openjdk.jdk/Contents/Home/lib/libnio.dylib
0x00000001007b8000 	/opt/homebrew/Cellar/openjdk@11/11.0.25/libexec/openjdk.jdk/Contents/Home/lib/libnet.dylib
0x0000000100794000 	/opt/homebrew/Cellar/openjdk@11/11.0.25/libexec/openjdk.jdk/Contents/Home/lib/libmanagement.dylib
0x00000001007dc000 	/opt/homebrew/Cellar/openjdk@11/11.0.25/libexec/openjdk.jdk/Contents/Home/lib/libmanagement_ext.dylib
0x00000001007f0000 	/opt/homebrew/Cellar/openjdk@11/11.0.25/libexec/openjdk.jdk/Contents/Home/lib/libextnet.dylib
0x000000010089c000 	/opt/homebrew/Cellar/openjdk@11/11.0.25/libexec/openjdk.jdk/Contents/Home/lib/libsunec.dylib
0x000000010086c000 	/private/var/folders/3k/c0jh496n44v4f8t5jhnw4c900000gn/T/libnetty_resolver_dns_native_macos_aarch_647498657176129618942.dylib
0x0000000100880000 	/private/var/folders/3k/c0jh496n44v4f8t5jhnw4c900000gn/T/libnetty_transport_native_kqueue_aarch_649947052829820342028.dylib


VM Arguments:
jvm_args: -javaagent:/Users/zch/software/skywalking-agent/skywalking-agent.jar -Dskywalking.agent.service_name=anynote-file -Dskywalking.collector.backend_service=127.0.0.1:11800 -XX:TieredStopAtLevel=1 -Xverify:none -Dspring.output.ansi.enabled=always -Dcom.sun.management.jmxremote -Dspring.jmx.enabled=true -Dspring.liveBeansView.mbeanDomain -Dspring.application.admin.enabled=true -Dmanagement.endpoints.jmx.exposure.include=* -javaagent:/Applications/IntelliJ IDEA.app/Contents/lib/idea_rt.jar=52164:/Applications/IntelliJ IDEA.app/Contents/bin -Dfile.encoding=UTF-8 
java_command: com.anynote.file.AnyNoteFileApplication
java_class_path (initial): /Users/zch/code/anynote/Anynote-Cloud/anynote-modules/anynote-modules-file/target/classes:/Users/zch/.m2/repository/com/alibaba/cloud/spring-cloud-starter-alibaba-nacos-discovery/2021.0.4.0/spring-cloud-starter-alibaba-nacos-discovery-2021.0.4.0.jar:/Users/zch/.m2/repository/com/alibaba/cloud/spring-cloud-alibaba-commons/2021.0.4.0/spring-cloud-alibaba-commons-2021.0.4.0.jar:/Users/zch/.m2/repository/com/alibaba/nacos/nacos-client/2.0.4/nacos-client-2.0.4.jar:/Users/zch/.m2/repository/org/apache/httpcomponents/httpasyncclient/4.1.5/httpasyncclient-4.1.5.jar:/Users/zch/.m2/repository/org/apache/httpcomponents/httpcore/4.4.16/httpcore-4.4.16.jar:/Users/zch/.m2/repository/org/apache/httpcomponents/httpcore-nio/4.4.16/httpcore-nio-4.4.16.jar:/Users/zch/.m2/repository/org/apache/httpcomponents/httpclient/4.5.14/httpclient-4.5.14.jar:/Users/zch/.m2/repository/org/reflections/reflections/0.9.11/reflections-0.9.11.jar:/Users/zch/.m2/repository/org/javassist/javassist/3.21.0-GA/javassist-3.21.0-GA.jar:/Users/zch/.m2/repository/io/prometheus/simpleclient/0.15.0/simpleclient-0.15.0.jar:/Users/zch/.m2/repository/io/prometheus/simpleclient_tracer_otel/0.15.0/simpleclient_tracer_otel-0.15.0.jar:/Users/zch/.m2/repository/io/prometheus/simpleclient_tracer_common/0.15.0/simpleclient_tracer_common-0.15.0.jar:/Users/zch/.m2/repository/io/prometheus/simpleclient_tracer_otel_agent/0.15.0/simpleclient_tracer_otel_agent-0.15.0.jar:/Users/zch/.m2/repository/org/yaml/snakeyaml/1.30/snakeyaml-1.30.jar:/Users/zch/.m2/repository/com/alibaba/spring/spring-context-support/1.0.11/spring-context-support-1.0.11.jar:/Users/zch/.m2/repository/org/springframework/cloud/spring-cloud-commons/3.1.5/spring-cloud-commons-3.1.5.jar:/Users/zch/.m2/repository/org/springframework/security/spring-security-crypto/5.7.6/spring-security-crypto-5.7.6.jar:/Users/zch/.m2/repository/org/springframework/cloud/spring-cloud-context/3.1.5/spring-cloud-context-3.1.5.jar:/Users/zch/.m2/repositor
Launcher Type: SUN_STANDARD

[Global flags]
     bool BytecodeVerificationLocal                = false                                     {product} {command line}
     bool BytecodeVerificationRemote               = false                                     {product} {command line}
     intx CICompilerCount                          = 4                                         {product} {ergonomic}
     uint ConcGCThreads                            = 2                                         {product} {ergonomic}
     uint G1ConcRefinementThreads                  = 8                                         {product} {ergonomic}
   size_t G1HeapRegionSize                         = 1048576                                   {product} {ergonomic}
    uintx GCDrainStackTargetSize                   = 64                                        {product} {ergonomic}
   size_t InitialHeapSize                          = 402653184                                 {product} {ergonomic}
     bool ManagementServer                         = true                                      {product} {command line}
   size_t MarkStackSize                            = 4194304                                   {product} {ergonomic}
   size_t MaxHeapSize                              = 6442450944                                {product} {ergonomic}
   size_t MaxNewSize                               = 3865051136                                {product} {ergonomic}
   size_t MinHeapDeltaBytes                        = 1048576                                   {product} {ergonomic}
    uintx NonNMethodCodeHeapSize                   = 7549744                                {pd product} {ergonomic}
    uintx NonProfiledCodeHeapSize                  = 244108496                              {pd product} {ergonomic}
    uintx ProfiledCodeHeapSize                     = 0                                      {pd product} {ergonomic}
    uintx ReservedCodeCacheSize                    = 251658240                              {pd product} {ergonomic}
     bool SegmentedCodeCache                       = true                                      {product} {ergonomic}
     intx TieredStopAtLevel                        = 1                                         {product} {command line}
     bool UseCompressedClassPointers               = true                                 {lp64_product} {ergonomic}
     bool UseCompressedOops                        = true                                 {lp64_product} {ergonomic}
     bool UseG1GC                                  = true                                      {product} {ergonomic}

Logging:
Log output configuration:
 #0: stdout all=warning uptime,level,tags
 #1: stderr all=off uptime,level,tags

Environment Variables:
PATH=/Users/zch/.nvm/versions/node/v18.20.4/bin:/Users/zch/miniconda3/bin:/Users/zch/miniconda3/condabin:/Users/zch/software/apache-maven-3.9.9/bin:/opt/homebrew/bin:/opt/homebrew/sbin:/usr/local/bin:/System/Cryptexes/App/usr/bin:/usr/bin:/bin:/usr/sbin:/sbin:/var/run/com.apple.security.cryptexd/codex.system/bootstrap/usr/local/bin:/var/run/com.apple.security.cryptexd/codex.system/bootstrap/usr/bin:/var/run/com.apple.security.cryptexd/codex.system/bootstrap/usr/appleinternal/bin:/Library/Apple/usr/bin:/Users/zch/.cargo/bin:/Users/zch/.lmstudio/bin
SHELL=/bin/zsh
LC_CTYPE=zh_CN.UTF-8
TMPDIR=/var/folders/3k/c0jh496n44v4f8t5jhnw4c900000gn/T/

Signal Handlers:
SIGSEGV: [libjvm.dylib+0x701dd0], sa_mask[0]=11111111011111110111111111111111, sa_flags=SA_ONSTACK|SA_RESTART|SA_SIGINFO
SIGBUS: [libjvm.dylib+0x701dd0], sa_mask[0]=11111111011111110111111111111111, sa_flags=SA_RESTART|SA_SIGINFO
SIGFPE: [libjvm.dylib+0x701dd0], sa_mask[0]=11111111011111110111111111111111, sa_flags=SA_RESTART|SA_SIGINFO
SIGPIPE: [libjvm.dylib+0x56a09c], sa_mask[0]=11111111011111110111111111111111, sa_flags=SA_RESTART|SA_SIGINFO
SIGXFSZ: [libjvm.dylib+0x56a09c], sa_mask[0]=11111111011111110111111111111111, sa_flags=SA_RESTART|SA_SIGINFO
SIGILL: [libjvm.dylib+0x701dd0], sa_mask[0]=11111111011111110111111111111111, sa_flags=SA_RESTART|SA_SIGINFO
SIGUSR2: [libjvm.dylib+0x56a698], sa_mask[0]=00000000000000000000000000000000, sa_flags=SA_RESTART|SA_SIGINFO
SIGHUP: [libjvm.dylib+0x568e30], sa_mask[0]=11111111011111110111111111111111, sa_flags=SA_RESTART|SA_SIGINFO
SIGINT: [libjvm.dylib+0x568e30], sa_mask[0]=11111111011111110111111111111111, sa_flags=SA_RESTART|SA_SIGINFO
SIGTERM: [libjvm.dylib+0x568e30], sa_mask[0]=11111111011111110111111111111111, sa_flags=SA_RESTART|SA_SIGINFO
SIGQUIT: [libjvm.dylib+0x568e30], sa_mask[0]=11111111011111110111111111111111, sa_flags=SA_RESTART|SA_SIGINFO


---------------  S Y S T E M  ---------------

OS:uname:Darwin 24.4.0 Darwin Kernel Version 24.4.0: Wed Mar 19 21:18:00 PDT 2025; root:xnu-11417.101.15~1/RELEASE_ARM64_T8122 arm64
OS uptime: 0 days 12:21 hours
rlimit (soft/hard): STACK 8176k/65520k , CORE 0k/infinity , NPROC 4000/6000 , NOFILE 10240/infinity , AS infinity/infinity , CPU infinity/infinity , DATA infinity/infinity , FSIZE infinity/infinity , MEMLOCK infinity/infinity , RSS infinity/infinity
load average:1.85 2.93 4.82

CPU:total 8 (initial active 8) 0x61:0x0:0xfa33415e:0, simd, crc, lse

Memory: 16k page, physical 25165824k(89312k free), swap 9437184k(986048k free)

vm_info: OpenJDK 64-Bit Server VM (11.0.25+0) for bsd-aarch64 JRE (11.0.25+0), built on Oct 15 2024 22:10:31 by "brew" with clang Homebrew Clang 19.1.1

END.
