#
# A fatal error has been detected by the Java Runtime Environment:
#
#  SIGSEGV (0xb) at pc=0x0000000103e6d11c, pid=3796, tid=59655
#
# JRE version: OpenJDK Runtime Environment Homebrew (11.0.25) (build 11.0.25+0)
# Java VM: OpenJDK 64-Bit Server VM Homebrew (11.0.25+0, mixed mode, tiered, compressed oops, g1 gc, bsd-aarch64)
# Problematic frame:
# V  [libjvm.dylib+0x69511c]  ObjectSynchronizer::inflate(Thread*, oopDesc*, ObjectSynchronizer::InflateCause)+0x18c
#
# No core dump will be written. Core dumps have been disabled. To enable core dumping, try "ulimit -c unlimited" before starting Java again
#
# If you would like to submit a bug report, please visit:
#   https://github.com/Homebrew/homebrew-core/issues
#

---------------  S U M M A R Y ------------

Command Line: -XX:TieredStopAtLevel=1 -Xverify:none -Dspring.output.ansi.enabled=always -Dcom.sun.management.jmxremote -Dspring.jmx.enabled=true -Dspring.liveBeansView.mbeanDomain -Dspring.application.admin.enabled=true -Dmanagement.endpoints.jmx.exposure.include=* -javaagent:/Applications/IntelliJ IDEA.app/Contents/lib/idea_rt.jar=63679:/Applications/IntelliJ IDEA.app/Contents/bin -Dfile.encoding=UTF-8 com.anynote.system.AnyNoteSystemApplication

Host: Mac15,12 arm64 1 MHz, 8 cores, 24G, Darwin 24.3.0
Time: Sat Mar 29 14:38:39 2025 CST elapsed time: 1.464781 seconds (0d 0h 0m 1s)

---------------  T H R E A D  ---------------

Current thread (0x000000012bba1000):  JavaThread "Thread-9" [_thread_in_Java, id=59655, stack(0x00000003049b4000,0x0000000304bb7000)]

Stack: [0x00000003049b4000,0x0000000304bb7000],  sp=0x0000000304bb5540,  free space=2053k
Native frames: (J=compiled Java code, A=aot compiled Java code, j=interpreted, Vv=VM code, C=native code)
V  [libjvm.dylib+0x69511c]  ObjectSynchronizer::inflate(Thread*, oopDesc*, ObjectSynchronizer::InflateCause)+0x18c
V  [libjvm.dylib+0x694f70]  ObjectSynchronizer::fast_exit(oopDesc*, BasicLock*, Thread*)+0x54
V  [libjvm.dylib+0x5e9130]  SharedRuntime::monitor_exit_helper(oopDesc*, BasicLock*, JavaThread*, bool)+0x44
V  [libjvm.dylib+0x12aa9c]  Runtime1::monitorexit(JavaThread*, BasicObjectLock*)+0x58
v  ~RuntimeStub::monitorexit_nofpu Runtime1 stub
C  0x00000006406f31b0

Java frames: (J=compiled Java code, j=interpreted, Vv=VM code)
v  ~RuntimeStub::monitorexit_nofpu Runtime1 stub
J 320 c1 java.util.zip.ZipFile.getEntry(Ljava/lang/String;Ljava/util/function/Function;)Ljava/util/zip/ZipEntry; java.base@11.0.25 (73 bytes) @ 0x000000010d2fd5e4 [0x000000010d2fd380+0x0000000000000264]
J 1165 c1 java.util.jar.JarFile.getVersionedEntry(Ljava/lang/String;Ljava/util/jar/JarEntry;)Ljava/util/jar/JarEntry; java.base@11.0.25 (85 bytes) @ 0x000000010d45f1f0 [0x000000010d45ef80+0x0000000000000270]
J 1169 c1 java.util.jar.JarFile.getEntry(Ljava/lang/String;)Ljava/util/zip/ZipEntry; java.base@11.0.25 (22 bytes) @ 0x000000010d462388 [0x000000010d462200+0x0000000000000188]
J 1164 c1 jdk.internal.loader.URLClassPath$JarLoader.getResource(Ljava/lang/String;Z)Ljdk/internal/loader/Resource; java.base@11.0.25 (65 bytes) @ 0x000000010d45fcd4 [0x000000010d45fc40+0x0000000000000094]
J 1143 c1 jdk.internal.loader.URLClassPath.getResource(Ljava/lang/String;Z)Ljdk/internal/loader/Resource; java.base@11.0.25 (74 bytes) @ 0x000000010d4577c4 [0x000000010d457740+0x0000000000000084]
J 1344 c1 jdk.internal.loader.BuiltinClassLoader.findClassOnClassPathOrNull(Ljava/lang/String;)Ljava/lang/Class; java.base@11.0.25 (64 bytes) @ 0x000000010d4afa98 [0x000000010d4af9c0+0x00000000000000d8]
J 2964 c1 jdk.internal.loader.BuiltinClassLoader.loadClassOrNull(Ljava/lang/String;Z)Ljava/lang/Class; java.base@11.0.25 (143 bytes) @ 0x000000010d741690 [0x000000010d741240+0x0000000000000450]
J 1206 c1 jdk.internal.loader.ClassLoaders$AppClassLoader.loadClass(Ljava/lang/String;Z)Ljava/lang/Class; java.base@11.0.25 (40 bytes) @ 0x000000010d47a2f0 [0x000000010d47a1c0+0x0000000000000130]
J 1199 c1 java.lang.ClassLoader.loadClass(Ljava/lang/String;)Ljava/lang/Class; java.base@11.0.25 (7 bytes) @ 0x000000010d477528 [0x000000010d4774c0+0x0000000000000068]
v  ~StubRoutines::call_stub
J 981  java.lang.Class.forName0(Ljava/lang/String;ZLjava/lang/ClassLoader;Ljava/lang/Class;)Ljava/lang/Class; java.base@11.0.25 (0 bytes) @ 0x000000010d404c78 [0x000000010d404bc0+0x00000000000000b8]
J 1333 c1 java.lang.Class.forName(Ljava/lang/String;ZLjava/lang/ClassLoader;)Ljava/lang/Class; java.base@11.0.25 (47 bytes) @ 0x000000010d4ae0e8 [0x000000010d4ae000+0x00000000000000e8]
J 3785 c1 org.springframework.boot.autoconfigure.condition.OnClassCondition$StandardOutcomesResolver.getOutcome(Ljava/lang/String;Ljava/lang/ClassLoader;)Lorg/springframework/boot/autoconfigure/condition/ConditionOutcome; (45 bytes) @ 0x000000010d8ae804 [0x000000010d8ae780+0x0000000000000084]
J 3796 c1 org.springframework.boot.autoconfigure.condition.OnClassCondition$StandardOutcomesResolver.getOutcome(Ljava/lang/String;)Lorg/springframework/boot/autoconfigure/condition/ConditionOutcome; (74 bytes) @ 0x000000010d8b5dc4 [0x000000010d8b5c80+0x0000000000000144]
j  org.springframework.boot.autoconfigure.condition.OnClassCondition$StandardOutcomesResolver.getOutcomes([Ljava/lang/String;IILorg/springframework/boot/autoconfigure/AutoConfigurationMetadata;)[Lorg/springframework/boot/autoconfigure/condition/ConditionOutcome;+55
j  org.springframework.boot.autoconfigure.condition.OnClassCondition$StandardOutcomesResolver.resolveOutcomes()[Lorg/springframework/boot/autoconfigure/condition/ConditionOutcome;+17
j  org.springframework.boot.autoconfigure.condition.OnClassCondition$ThreadedOutcomesResolver.lambda$new$0(Lorg/springframework/boot/autoconfigure/condition/OnClassCondition$OutcomesResolver;)V+2
j  org.springframework.boot.autoconfigure.condition.OnClassCondition$ThreadedOutcomesResolver$$Lambda$490.run()V+8
j  java.lang.Thread.run()V+11 java.base@11.0.25
v  ~StubRoutines::call_stub

siginfo: si_signo: 11 (SIGSEGV), si_code: 2 (SEGV_ACCERR), si_addr: 0x0000000000000000

Register to memory mapping:

 x0=0x0 is NULL
 x1=0x00000006406f31b0 is an oop: java.util.jar.JarFile 
{0x00000006406f31b0} - klass: 'java/util/jar/JarFile'
 - ---- fields (total size 8 words):
 - private 'lastEntryPos' 'I' @12  7333 (1ca5)
 - private volatile 'closeRequested' 'Z' @16  false
 - private final 'name' 'Ljava/lang/String;' @20  "/Users/zch/.m2/repository/org/jetbrains/kotlin/kotlin-stdlib/1.6.21/kotlin-stdlib-1.6.21.jar"{0x00000006401b1190} (c8036232)
 - private final synchronized 'zc' 'Ljava/util/zip/ZipCoder;' @24  a 'java/util/zip/ZipCoder$UTF8'{0x000000064027abf8} (c804f57f)
 - private final synchronized 'res' 'Ljava/util/zip/ZipFile$CleanableResource;' @28  a 'java/util/zip/ZipFile$CleanableResource'{0x000000064084e7e8} (c8109cfd)
 - private 'lastEntryName' 'Ljava/lang/String;' @32  "kotlin/Metadata.class"{0x00000006506373f8} (ca0c6e7f)
 - private final 'versionFeature' 'I' @36  11 (b)
 - private 'jvInitialized' 'Z' @40  false
 - private 'verify' 'Z' @41  false
 - private 'isMultiRelease' 'Z' @42  true
 - private 'hasClassPathAttribute' 'Z' @43  false
 - private volatile 'hasCheckedSpecialAttributes' 'Z' @44  true
 - private strict 'manRef' 'Ljava/lang/ref/SoftReference;' @48  a 'java/lang/ref/SoftReference'{0x0000000650637438} (ca0c6e87)
 - private 'manEntry' 'Ljava/util/jar/JarEntry;' @52  a 'java/util/jar/JarFile$JarFileEntry'{0x00000006406f4830} (c80de906)
 - private 'jv' 'Ljava/util/jar/JarVerifier;' @56  
[error occurred during error reporting (printing register info), id 0xb, SIGSEGV (0xb) at pc=0x0000000103d31918]

Registers:
 x0=0x0000000000000000  x1=0x00000006406f31b0  x2=0x0000000000000000  x3=0x0000000000000001
 x4=0x00000000f787cfb8  x5=0x000000064084e948  x6=0x000000065928d268  x7=0x6473746174732f72
 x8=0x0000000000000000  x9=0x0000000000001889 x10=0x0000000000000000 x11=0x7473696765527265
x12=0x7373616c632e7972 x13=0x00000000000007fd x14=0x00000000efc0b05b x15=0x00000000efa0affb
x16=0x0000000000000020 x17=0x0000600000d4d710 x18=0x0000000000000000 x19=0x0000000000000000
x20=0x00000006406f31b0 x21=0x000000012b019d80 x22=0x000000012bba1000 x23=0x0000000000000000
x24=0x0000000104063a84 x25=0x0000000000000000 x26=0x0000600003c0d880 x27=0x0000000000000000
x28=0x000000012bba1000  fp=0x0000000304bb55f0  lr=0x0000000103e6d118  sp=0x0000000304bb5540
pc=0x0000000103e6d11c cpsr=0x0000000060001000
Top of Stack: (sp=0x0000000304bb5540)
0x0000000304bb5540:   0000000304bb5610 0000000103d2900c
0x0000000304bb5550:   0000000304bb5820 0000600000d9e640
0x0000000304bb5560:   0000000000000000 0000000000000000
0x0000000304bb5570:   000000012a813900 00000000000003d8
0x0000000304bb5580:   0000000000000000 0000000000000000
0x0000000304bb5590:   0000600003c0d800 000000000000000c
0x0000000304bb55a0:   000000010cb95680 000000012b0827c2
0x0000000304bb55b0:   0000600003c0d880 000000000000000c
0x0000000304bb55c0:   000000010cb95680 0000000000000000
0x0000000304bb55d0:   000000012bba1000 0000000000000001
0x0000000304bb55e0:   00000006406f31b0 000000012bba1000
0x0000000304bb55f0:   0000000304bb5610 0000000103e6cf70
0x0000000304bb5600:   00000006406f31b0 0000000304bb5908
0x0000000304bb5610:   0000000304bb5650 0000000103dc1130
0x0000000304bb5620:   000000012bba1000 000000012bba1000
0x0000000304bb5630:   000000012bba1000 0000000000000001
0x0000000304bb5640:   0000000304bb5908 000000012bba1000
0x0000000304bb5650:   0000000304bb5680 0000000103902a9c
0x0000000304bb5660:   0000000304bb60d8 0000000304bb5ff8
0x0000000304bb5670:   0000000304bb5e20 000000065928d300
0x0000000304bb5680:   0000000304bb5880 000000010cc4a9f8
0x0000000304bb5690:   0000600003c0d880 000000012b082818
0x0000000304bb56a0:   000000012bba1000 0000000000000000
0x0000000304bb56b0:   0000600003c0d880 000000000000000c
0x0000000304bb56c0:   000000010cb95680 0000000000000000
0x0000000304bb56d0:   000000012bba1000 0000000000000001
0x0000000304bb56e0:   0000000640763ce0 0000000304bb59e8
0x0000000304bb56f0:   0000000304bb5730 0000000103dc1140
0x0000000304bb5700:   000000012bba1000 000000012bba1000
0x0000000304bb5710:   0000000304bb57d0 0000000103e6d0ec
0x0000000304bb5720:   0000000304bb59e8 000000012bba1000
0x0000000304bb5730:   0000000304bb5760 0000000103902a9c 

Instructions: (pc=0x0000000103e6d11c)
0x0000000103e6d01c:   1f 30 00 f9 1f 44 00 f9 1f 28 00 f9 79 03 00 b4
0x0000000103e6d02c:   b7 02 00 f9 bf 22 00 f9 bf 2a 00 f9 b4 06 00 f9
0x0000000103e6d03c:   bf 2a 00 f9 bf 3a 00 f9 08 03 40 b9 a8 7e 00 b9
0x0000000103e6d04c:   a9 02 7f b2 bf 3b 03 d5 e8 03 17 aa 89 7e a8 c8
0x0000000103e6d05c:   bf 3b 03 d5 1f 01 17 eb 60 08 00 54 ff 02 08 eb
0x0000000103e6d06c:   20 08 00 54 bf 06 00 f9 bf 22 00 f9 bf 2a 00 f9
0x0000000103e6d07c:   bf 36 00 f9 bf 2e 00 f9 bf 32 00 f9 bf 46 00 f9
0x0000000103e6d08c:   bf 2a 00 f9 0d 00 00 14 bf 3a 00 f9 bf 2a 00 f9
0x0000000103e6d09c:   08 03 40 b9 a8 7e 00 b9 bf 3b 03 d5 e8 03 17 aa
0x0000000103e6d0ac:   9f 7e a8 c8 bf 3b 03 d5 1f 01 17 eb c0 02 00 54
0x0000000103e6d0bc:   ff 02 08 eb 80 02 00 54 e0 03 16 aa e1 03 15 aa
0x0000000103e6d0cc:   22 00 80 52 9c 05 00 94 97 02 40 f9 e0 03 17 aa
0x0000000103e6d0dc:   81 b9 ed 97 e0 f8 0f 36 e0 03 17 aa 7e b9 ed 97
0x0000000103e6d0ec:   15 00 7f d2 e0 03 15 aa fd 7b 4b a9 f4 4f 4a a9
0x0000000103e6d0fc:   f6 57 49 a9 f8 5f 48 a9 fa 67 47 a9 ff 03 03 91
0x0000000103e6d10c:   c0 03 5f d6 e0 03 17 aa 73 b9 ed 97 08 f8 7e 92
0x0000000103e6d11c:   08 01 40 f9 a8 02 00 f9 e0 03 17 aa 6e b9 ed 97
0x0000000103e6d12c:   a0 22 00 f9 bf 2a 00 f9 b4 06 00 f9 88 02 40 f9
0x0000000103e6d13c:   48 01 00 b4 e0 07 00 90 00 7c 3c 91 e2 07 00 b0
0x0000000103e6d14c:   42 10 02 91 03 05 00 90 63 e0 08 91 01 bd 80 52
0x0000000103e6d15c:   ce 9d ed 97 28 49 fb 97 a8 02 7f b2 bf 3b 03 d5
0x0000000103e6d16c:   88 02 00 f9 08 11 00 d0 08 41 0b 91 08 01 40 f9
0x0000000103e6d17c:   48 01 00 b4 09 11 00 d0 29 e1 2b 91 29 01 40 39
0x0000000103e6d18c:   3f 05 00 71 a1 00 00 54 08 15 40 f9 09 01 40 f9
0x0000000103e6d19c:   29 05 00 91 09 01 00 f9 c8 0f 00 f0 08 e5 43 f9
0x0000000103e6d1ac:   28 06 00 b4 c8 10 00 d0 08 e5 37 91 08 01 40 39
0x0000000103e6d1bc:   1f 05 00 71 21 01 00 54 89 0a 40 b9 ca 0f 00 f0
0x0000000103e6d1cc:   4a 61 2b 91 4b 09 40 b9 4a 01 40 f9 2b 21 cb 9a
0x0000000103e6d1dc:   6a 01 0a 8b 03 00 00 14 8a 06 40 f9 e9 03 0a aa
0x0000000103e6d1ec:   4a 09 40 b9 5f 05 00 71 eb 03 00 54 80 10 00 d0
0x0000000103e6d1fc:   00 80 27 91 0a 00 40 f9 40 01 3f d6 0a 00 40 f9
0x0000000103e6d20c:   4a 3d 41 f9 ea 0f 00 f9 40 05 c0 3d e0 03 82 3c 


Stack slot to memory mapping:
stack at sp + 0 slots: 0x0000000304bb5610 is pointing into the stack for thread: 0x000000012bba1000
stack at sp + 1 slots: 0x0000000103d2900c: _ZN13ObjectMonitor5enterEP6Thread+0x98 in /opt/homebrew/Cellar/openjdk@11/11.0.25/libexec/openjdk.jdk/Contents/Home/lib/server/libjvm.dylib at 0x00000001037d8000
stack at sp + 2 slots: 0x0000000304bb5820 is pointing into the stack for thread: 0x000000012bba1000
stack at sp + 3 slots: 0x0000600000d9e640 points into unknown readable memory: 0x0000000000000002 | 02 00 00 00 00 00 00 00
stack at sp + 4 slots: 0x0 is NULL
stack at sp + 5 slots: 0x0 is NULL
stack at sp + 6 slots: 0x000000012a813900 points into unknown readable memory: 0x000000012a813950 | 50 39 81 2a 01 00 00 00
stack at sp + 7 slots: 0x00000000000003d8 is an unknown value


---------------  P R O C E S S  ---------------

Threads class SMR info:
_java_thread_list=0x000060000023da20, length=41, elements={
0x000000012c808800, 0x000000012b808800, 0x000000012b80d800, 0x000000011e86a000,
0x0000000129011800, 0x0000000129015800, 0x000000011e86b000, 0x0000000129016800,
0x000000012c147800, 0x000000012c148800, 0x000000012c2a3000, 0x000000012ba1f800,
0x000000012ca1f000, 0x000000012cd13000, 0x000000012ba46000, 0x000000012c2ed000,
0x000000012c2f2800, 0x000000012cd5a000, 0x000000012cce5800, 0x000000012cce2000,
0x000000012cd64800, 0x000000011eb3d800, 0x000000011eb05800, 0x000000012c256000,
0x000000012cc9b800, 0x000000012b07c000, 0x000000012c33f000, 0x000000012ccd0000,
0x00000001290cf800, 0x000000012baf8800, 0x000000012a09c800, 0x000000012c342800,
0x000000012ba54000, 0x000000012ba63000, 0x000000012bb1d800, 0x0000000129083000,
0x000000011eb64000, 0x000000012c34b000, 0x000000012ba22000, 0x000000012a095800,
0x000000012bba1000
}

Java Threads: ( => current thread )
  0x000000012c808800 JavaThread "main" [_thread_blocked, id=4867, stack(0x000000016d564000,0x000000016d767000)]
  0x000000012b808800 JavaThread "Reference Handler" daemon [_thread_blocked, id=16899, stack(0x000000016e3b8000,0x000000016e5bb000)]
  0x000000012b80d800 JavaThread "Finalizer" daemon [_thread_blocked, id=20739, stack(0x000000016e5c4000,0x000000016e7c7000)]
  0x000000011e86a000 JavaThread "Signal Dispatcher" daemon [_thread_blocked, id=21763, stack(0x000000016e8e8000,0x000000016eaeb000)]
  0x0000000129011800 JavaThread "Service Thread" daemon [_thread_blocked, id=22531, stack(0x000000016eaf4000,0x000000016ecf7000)]
  0x0000000129015800 JavaThread "C1 CompilerThread0" daemon [_thread_blocked, id=22787, stack(0x000000016ed00000,0x000000016ef03000)]
  0x000000011e86b000 JavaThread "Sweeper thread" daemon [_thread_blocked, id=23043, stack(0x000000016ef0c000,0x000000016f10f000)]
  0x0000000129016800 JavaThread "Common-Cleaner" daemon [_thread_blocked, id=23299, stack(0x000000016f118000,0x000000016f31b000)]
  0x000000012c147800 JavaThread "Monitor Ctrl-Break" daemon [_thread_in_native, id=30467, stack(0x000000016f324000,0x000000016f527000)]
  0x000000012c148800 JavaThread "RMI TCP Accept-0" daemon [_thread_in_native, id=23811, stack(0x000000016f530000,0x000000016f733000)]
  0x000000012c2a3000 JavaThread "logback-1" daemon [_thread_blocked, id=28167, stack(0x0000000300c4c000,0x0000000300e4f000)]
  0x000000012ba1f800 JavaThread "logback-2" daemon [_thread_blocked, id=33027, stack(0x0000000300e58000,0x000000030105b000)]
  0x000000012ca1f000 JavaThread "logback-3" daemon [_thread_blocked, id=43011, stack(0x0000000301270000,0x0000000301473000)]
  0x000000012cd13000 JavaThread "com.alibaba.nacos.client.identify.watcher.0" daemon [_thread_blocked, id=43271, stack(0x0000000301064000,0x0000000301267000)]
  0x000000012ba46000 JavaThread "com.alibaba.nacos.client.Worker" daemon [_thread_blocked, id=42499, stack(0x000000030147c000,0x000000030167f000)]
  0x000000012c2ed000 JavaThread "logback-4" daemon [_thread_blocked, id=41735, stack(0x0000000301688000,0x000000030188b000)]
  0x000000012c2f2800 JavaThread "logback-5" daemon [_thread_blocked, id=41475, stack(0x0000000301894000,0x0000000301a97000)]
  0x000000012cd5a000 JavaThread "nacos.publisher-com.alibaba.nacos.common.notify.SlowEvent" daemon [_thread_blocked, id=35587, stack(0x0000000301aa0000,0x0000000301ca3000)]
  0x000000012cce5800 JavaThread "com.alibaba.nacos.client.remote.worker" daemon [_thread_blocked, id=36355, stack(0x0000000301cac000,0x0000000301eaf000)]
  0x000000012cce2000 JavaThread "com.alibaba.nacos.client.remote.worker" daemon [_thread_blocked, id=36611, stack(0x0000000301eb8000,0x00000003020bb000)]
  0x000000012cd64800 JavaThread "Attach Listener" daemon [_thread_blocked, id=40451, stack(0x00000003020c4000,0x00000003022c7000)]
  0x000000011eb3d800 JavaThread "grpc-nio-worker-ELG-1-1" daemon [_thread_in_native, id=39939, stack(0x00000003022d0000,0x00000003024d3000)]
  0x000000011eb05800 JavaThread "grpc-default-executor-0" daemon [_thread_blocked, id=39171, stack(0x00000003024dc000,0x00000003026df000)]
  0x000000012c256000 JavaThread "grpc-nio-worker-ELG-1-2" daemon [_thread_in_native, id=38659, stack(0x00000003026e8000,0x00000003028eb000)]
  0x000000012cc9b800 JavaThread "nacos-grpc-client-executor-0" daemon [_thread_blocked, id=38403, stack(0x00000003028f4000,0x0000000302af7000)]
  0x000000012b07c000 JavaThread "nacos-grpc-client-executor-1" daemon [_thread_blocked, id=43779, stack(0x0000000302b00000,0x0000000302d03000)]
  0x000000012c33f000 JavaThread "nacos-grpc-client-executor-2" daemon [_thread_blocked, id=65027, stack(0x0000000302d0c000,0x0000000302f0f000)]
  0x000000012ccd0000 JavaThread "nacos-grpc-client-executor-3" daemon [_thread_blocked, id=64515, stack(0x0000000302f18000,0x000000030311b000)]
  0x00000001290cf800 JavaThread "nacos-grpc-client-executor-4" daemon [_thread_blocked, id=63747, stack(0x0000000303124000,0x0000000303327000)]
  0x000000012baf8800 JavaThread "nacos-grpc-client-executor-5" daemon [_thread_blocked, id=62979, stack(0x0000000303330000,0x0000000303533000)]
  0x000000012a09c800 JavaThread "nacos-grpc-client-executor-6" daemon [_thread_blocked, id=62467, stack(0x000000030353c000,0x000000030373f000)]
  0x000000012c342800 JavaThread "RMI TCP Connection(1)-127.0.0.1" daemon [_thread_in_native, id=45315, stack(0x0000000303748000,0x000000030394b000)]
  0x000000012ba54000 JavaThread "RMI Scheduler(0)" daemon [_thread_blocked, id=45827, stack(0x0000000303954000,0x0000000303b57000)]
  0x000000012ba63000 JavaThread "nacos-grpc-client-executor-7" daemon [_thread_blocked, id=46599, stack(0x0000000303b60000,0x0000000303d63000)]
  0x000000012bb1d800 JavaThread "nacos-grpc-client-executor-8" daemon [_thread_blocked, id=61443, stack(0x0000000303d6c000,0x0000000303f6f000)]
  0x0000000129083000 JavaThread "nacos-grpc-client-executor-9" daemon [_thread_blocked, id=47107, stack(0x0000000303f78000,0x000000030417b000)]
  0x000000011eb64000 JavaThread "nacos-grpc-client-executor-10" daemon [_thread_blocked, id=60931, stack(0x0000000304184000,0x0000000304387000)]
  0x000000012c34b000 JavaThread "nacos-grpc-client-executor-11" daemon [_thread_blocked, id=48131, stack(0x0000000304390000,0x0000000304593000)]
  0x000000012ba22000 JavaThread "nacos-grpc-client-executor-12" daemon [_thread_blocked, id=48899, stack(0x000000030459c000,0x000000030479f000)]
  0x000000012a095800 JavaThread "nacos-grpc-client-executor-13" daemon [_thread_blocked, id=60163, stack(0x00000003047a8000,0x00000003049ab000)]
=>0x000000012bba1000 JavaThread "Thread-9" [_thread_in_Java, id=59655, stack(0x00000003049b4000,0x0000000304bb7000)]

Other Threads:
  0x000000011e85b800 VMThread "VM Thread" [stack: 0x000000016e1ac000,0x000000016e3af000] [id=16643]
  0x0000000129810000 WatcherThread [stack: 0x000000016f73c000,0x000000016f93f000] [id=24323]
  0x000000012c817800 GCTaskThread "GC Thread#0" [stack: 0x000000016d770000,0x000000016d973000] [id=12035]
  0x000000012b00d800 GCTaskThread "GC Thread#1" [stack: 0x000000016f948000,0x000000016fb4b000] [id=24579]
  0x000000012cc15000 GCTaskThread "GC Thread#2" [stack: 0x000000016fb54000,0x000000016fd57000] [id=29443]
  0x000000012a095000 GCTaskThread "GC Thread#3" [stack: 0x000000016fd60000,0x000000016ff63000] [id=24835]
  0x0000000129084800 GCTaskThread "GC Thread#4" [stack: 0x0000000300004000,0x0000000300207000] [id=25347]
  0x0000000129813000 GCTaskThread "GC Thread#5" [stack: 0x0000000300210000,0x0000000300413000] [id=25859]
  0x0000000129094000 GCTaskThread "GC Thread#6" [stack: 0x000000030041c000,0x000000030061f000] [id=26371]
  0x0000000129810800 GCTaskThread "GC Thread#7" [stack: 0x0000000300628000,0x000000030082b000] [id=26627]
  0x000000012c82e000 ConcurrentGCThread "G1 Main Marker" [stack: 0x000000016d97c000,0x000000016db7f000] [id=15619]
  0x000000012c82e800 ConcurrentGCThread "G1 Conc#0" [stack: 0x000000016db88000,0x000000016dd8b000] [id=15107]
  0x000000012986e000 ConcurrentGCThread "G1 Conc#1" [stack: 0x0000000300a40000,0x0000000300c43000] [id=27911]
  0x000000012c90f800 ConcurrentGCThread "G1 Refine#0" [stack: 0x000000016dd94000,0x000000016df97000] [id=14595]
  0x0000000129870800 ConcurrentGCThread "G1 Refine#1" [stack: 0x0000000300834000,0x0000000300a37000] [id=28419]
  0x000000012c910000 ConcurrentGCThread "G1 Young RemSet Sampling" [stack: 0x000000016dfa0000,0x000000016e1a3000] [id=14083]

Threads with active compile tasks:

VM state:not at safepoint (normal execution)

VM Mutex/Monitor currently owned by a thread: None

Heap address: 0x0000000640000000, size: 6144 MB, Compressed Oops mode: Zero based, Oop shift amount: 3
Narrow klass base: 0x0000000800000000, Narrow klass shift: 0
Compressed class space size: 1073741824 Address: 0x0000000800000000

Heap:
 garbage-first heap   total 518144K, used 121905K [0x0000000640000000, 0x00000007c0000000)
  region size 1024K, 111 young (113664K), 7 survivors (7168K)
 Metaspace       used 42828K, capacity 43839K, committed 44032K, reserved 1087488K
  class space    used 5329K, capacity 5769K, committed 5888K, reserved 1048576K
Heap Regions: E=young(eden), S=young(survivor), O=old, HS=humongous(starts), HC=humongous(continues), CS=collection set, F=free, A=archive, TAMS=top-at-mark-start (previous, next)
|   0|0x0000000640000000, 0x0000000640100000, 0x0000000640100000|100%|HS|  |TAMS 0x0000000640100000, 0x0000000640000000| Complete 
|   1|0x0000000640100000, 0x0000000640200000, 0x0000000640200000|100%| O|  |TAMS 0x0000000640200000, 0x0000000640100000| Untracked 
|   2|0x0000000640200000, 0x0000000640300000, 0x0000000640300000|100%| O|  |TAMS 0x0000000640300000, 0x0000000640200000| Untracked 
|   3|0x0000000640300000, 0x0000000640400000, 0x0000000640400000|100%| O|  |TAMS 0x0000000640400000, 0x0000000640300000| Untracked 
|   4|0x0000000640400000, 0x0000000640500000, 0x0000000640500000|100%| O|  |TAMS 0x0000000640500000, 0x0000000640400000| Untracked 
|   5|0x0000000640500000, 0x0000000640600000, 0x0000000640600000|100%| O|  |TAMS 0x0000000640600000, 0x0000000640500000| Untracked 
|   6|0x0000000640600000, 0x0000000640700000, 0x0000000640700000|100%| O|  |TAMS 0x0000000640700000, 0x0000000640600000| Untracked 
|   7|0x0000000640700000, 0x0000000640800000, 0x0000000640800000|100%| O|  |TAMS 0x0000000640800000, 0x0000000640700000| Untracked 
|   8|0x0000000640800000, 0x0000000640900000, 0x0000000640900000|100%| O|  |TAMS 0x0000000640900000, 0x0000000640800000| Untracked 
|   9|0x0000000640900000, 0x00000006409be400, 0x0000000640a00000| 74%| O|  |TAMS 0x00000006409be400, 0x0000000640900000| Untracked 
|  10|0x0000000640a00000, 0x0000000640a00000, 0x0000000640b00000|  0%| F|  |TAMS 0x0000000640a00000, 0x0000000640a00000| Untracked 
|  11|0x0000000640b00000, 0x0000000640b00000, 0x0000000640c00000|  0%| F|  |TAMS 0x0000000640b00000, 0x0000000640b00000| Untracked 
|  12|0x0000000640c00000, 0x0000000640c00000, 0x0000000640d00000|  0%| F|  |TAMS 0x0000000640c00000, 0x0000000640c00000| Untracked 
|  13|0x0000000640d00000, 0x0000000640d00000, 0x0000000640e00000|  0%| F|  |TAMS 0x0000000640d00000, 0x0000000640d00000| Untracked 
|  14|0x0000000640e00000, 0x0000000640e00000, 0x0000000640f00000|  0%| F|  |TAMS 0x0000000640e00000, 0x0000000640e00000| Untracked 
|  15|0x0000000640f00000, 0x0000000640f00000, 0x0000000641000000|  0%| F|  |TAMS 0x0000000640f00000, 0x0000000640f00000| Untracked 
|  16|0x0000000641000000, 0x0000000641000000, 0x0000000641100000|  0%| F|  |TAMS 0x0000000641000000, 0x0000000641000000| Untracked 
|  17|0x0000000641100000, 0x0000000641100000, 0x0000000641200000|  0%| F|  |TAMS 0x0000000641100000, 0x0000000641100000| Untracked 
|  18|0x0000000641200000, 0x0000000641200000, 0x0000000641300000|  0%| F|  |TAMS 0x0000000641200000, 0x0000000641200000| Untracked 
|  19|0x0000000641300000, 0x0000000641300000, 0x0000000641400000|  0%| F|  |TAMS 0x0000000641300000, 0x0000000641300000| Untracked 
|  20|0x0000000641400000, 0x0000000641400000, 0x0000000641500000|  0%| F|  |TAMS 0x0000000641400000, 0x0000000641400000| Untracked 
|  21|0x0000000641500000, 0x0000000641500000, 0x0000000641600000|  0%| F|  |TAMS 0x0000000641500000, 0x0000000641500000| Untracked 
|  22|0x0000000641600000, 0x0000000641600000, 0x0000000641700000|  0%| F|  |TAMS 0x0000000641600000, 0x0000000641600000| Untracked 
|  23|0x0000000641700000, 0x0000000641700000, 0x0000000641800000|  0%| F|  |TAMS 0x0000000641700000, 0x0000000641700000| Untracked 
|  24|0x0000000641800000, 0x0000000641800000, 0x0000000641900000|  0%| F|  |TAMS 0x0000000641800000, 0x0000000641800000| Untracked 
|  25|0x0000000641900000, 0x0000000641900000, 0x0000000641a00000|  0%| F|  |TAMS 0x0000000641900000, 0x0000000641900000| Untracked 
|  26|0x0000000641a00000, 0x0000000641a00000, 0x0000000641b00000|  0%| F|  |TAMS 0x0000000641a00000, 0x0000000641a00000| Untracked 
|  27|0x0000000641b00000, 0x0000000641b00000, 0x0000000641c00000|  0%| F|  |TAMS 0x0000000641b00000, 0x0000000641b00000| Untracked 
|  28|0x0000000641c00000, 0x0000000641c00000, 0x0000000641d00000|  0%| F|  |TAMS 0x0000000641c00000, 0x0000000641c00000| Untracked 
|  29|0x0000000641d00000, 0x0000000641d00000, 0x0000000641e00000|  0%| F|  |TAMS 0x0000000641d00000, 0x0000000641d00000| Untracked 
|  30|0x0000000641e00000, 0x0000000641e00000, 0x0000000641f00000|  0%| F|  |TAMS 0x0000000641e00000, 0x0000000641e00000| Untracked 
|  31|0x0000000641f00000, 0x0000000641f00000, 0x0000000642000000|  0%| F|  |TAMS 0x0000000641f00000, 0x0000000641f00000| Untracked 
|  32|0x0000000642000000, 0x0000000642000000, 0x0000000642100000|  0%| F|  |TAMS 0x0000000642000000, 0x0000000642000000| Untracked 
|  33|0x0000000642100000, 0x0000000642100000, 0x0000000642200000|  0%| F|  |TAMS 0x0000000642100000, 0x0000000642100000| Untracked 
|  34|0x0000000642200000, 0x0000000642200000, 0x0000000642300000|  0%| F|  |TAMS 0x0000000642200000, 0x0000000642200000| Untracked 
|  35|0x0000000642300000, 0x0000000642300000, 0x0000000642400000|  0%| F|  |TAMS 0x0000000642300000, 0x0000000642300000| Untracked 
|  36|0x0000000642400000, 0x0000000642400000, 0x0000000642500000|  0%| F|  |TAMS 0x0000000642400000, 0x0000000642400000| Untracked 
|  37|0x0000000642500000, 0x0000000642500000, 0x0000000642600000|  0%| F|  |TAMS 0x0000000642500000, 0x0000000642500000| Untracked 
|  38|0x0000000642600000, 0x0000000642600000, 0x0000000642700000|  0%| F|  |TAMS 0x0000000642600000, 0x0000000642600000| Untracked 
|  39|0x0000000642700000, 0x0000000642700000, 0x0000000642800000|  0%| F|  |TAMS 0x0000000642700000, 0x0000000642700000| Untracked 
|  40|0x0000000642800000, 0x0000000642800000, 0x0000000642900000|  0%| F|  |TAMS 0x0000000642800000, 0x0000000642800000| Untracked 
|  41|0x0000000642900000, 0x0000000642900000, 0x0000000642a00000|  0%| F|  |TAMS 0x0000000642900000, 0x0000000642900000| Untracked 
|  42|0x0000000642a00000, 0x0000000642a00000, 0x0000000642b00000|  0%| F|  |TAMS 0x0000000642a00000, 0x0000000642a00000| Untracked 
|  43|0x0000000642b00000, 0x0000000642b00000, 0x0000000642c00000|  0%| F|  |TAMS 0x0000000642b00000, 0x0000000642b00000| Untracked 
|  44|0x0000000642c00000, 0x0000000642c00000, 0x0000000642d00000|  0%| F|  |TAMS 0x0000000642c00000, 0x0000000642c00000| Untracked 
|  45|0x0000000642d00000, 0x0000000642d00000, 0x0000000642e00000|  0%| F|  |TAMS 0x0000000642d00000, 0x0000000642d00000| Untracked 
|  46|0x0000000642e00000, 0x0000000642e00000, 0x0000000642f00000|  0%| F|  |TAMS 0x0000000642e00000, 0x0000000642e00000| Untracked 
|  47|0x0000000642f00000, 0x0000000642f00000, 0x0000000643000000|  0%| F|  |TAMS 0x0000000642f00000, 0x0000000642f00000| Untracked 
|  48|0x0000000643000000, 0x0000000643000000, 0x0000000643100000|  0%| F|  |TAMS 0x0000000643000000, 0x0000000643000000| Untracked 
|  49|0x0000000643100000, 0x0000000643100000, 0x0000000643200000|  0%| F|  |TAMS 0x0000000643100000, 0x0000000643100000| Untracked 
|  50|0x0000000643200000, 0x0000000643200000, 0x0000000643300000|  0%| F|  |TAMS 0x0000000643200000, 0x0000000643200000| Untracked 
|  51|0x0000000643300000, 0x0000000643300000, 0x0000000643400000|  0%| F|  |TAMS 0x0000000643300000, 0x0000000643300000| Untracked 
|  52|0x0000000643400000, 0x0000000643400000, 0x0000000643500000|  0%| F|  |TAMS 0x0000000643400000, 0x0000000643400000| Untracked 
|  53|0x0000000643500000, 0x0000000643500000, 0x0000000643600000|  0%| F|  |TAMS 0x0000000643500000, 0x0000000643500000| Untracked 
|  54|0x0000000643600000, 0x0000000643600000, 0x0000000643700000|  0%| F|  |TAMS 0x0000000643600000, 0x0000000643600000| Untracked 
|  55|0x0000000643700000, 0x0000000643700000, 0x0000000643800000|  0%| F|  |TAMS 0x0000000643700000, 0x0000000643700000| Untracked 
|  56|0x0000000643800000, 0x0000000643800000, 0x0000000643900000|  0%| F|  |TAMS 0x0000000643800000, 0x0000000643800000| Untracked 
|  57|0x0000000643900000, 0x0000000643900000, 0x0000000643a00000|  0%| F|  |TAMS 0x0000000643900000, 0x0000000643900000| Untracked 
|  58|0x0000000643a00000, 0x0000000643a00000, 0x0000000643b00000|  0%| F|  |TAMS 0x0000000643a00000, 0x0000000643a00000| Untracked 
|  59|0x0000000643b00000, 0x0000000643b00000, 0x0000000643c00000|  0%| F|  |TAMS 0x0000000643b00000, 0x0000000643b00000| Untracked 
|  60|0x0000000643c00000, 0x0000000643c00000, 0x0000000643d00000|  0%| F|  |TAMS 0x0000000643c00000, 0x0000000643c00000| Untracked 
|  61|0x0000000643d00000, 0x0000000643d00000, 0x0000000643e00000|  0%| F|  |TAMS 0x0000000643d00000, 0x0000000643d00000| Untracked 
|  62|0x0000000643e00000, 0x0000000643e00000, 0x0000000643f00000|  0%| F|  |TAMS 0x0000000643e00000, 0x0000000643e00000| Untracked 
|  63|0x0000000643f00000, 0x0000000643f00000, 0x0000000644000000|  0%| F|  |TAMS 0x0000000643f00000, 0x0000000643f00000| Untracked 
|  64|0x0000000644000000, 0x0000000644000000, 0x0000000644100000|  0%| F|  |TAMS 0x0000000644000000, 0x0000000644000000| Untracked 
|  65|0x0000000644100000, 0x0000000644100000, 0x0000000644200000|  0%| F|  |TAMS 0x0000000644100000, 0x0000000644100000| Untracked 
|  66|0x0000000644200000, 0x0000000644200000, 0x0000000644300000|  0%| F|  |TAMS 0x0000000644200000, 0x0000000644200000| Untracked 
|  67|0x0000000644300000, 0x0000000644300000, 0x0000000644400000|  0%| F|  |TAMS 0x0000000644300000, 0x0000000644300000| Untracked 
|  68|0x0000000644400000, 0x0000000644400000, 0x0000000644500000|  0%| F|  |TAMS 0x0000000644400000, 0x0000000644400000| Untracked 
|  69|0x0000000644500000, 0x0000000644500000, 0x0000000644600000|  0%| F|  |TAMS 0x0000000644500000, 0x0000000644500000| Untracked 
|  70|0x0000000644600000, 0x0000000644600000, 0x0000000644700000|  0%| F|  |TAMS 0x0000000644600000, 0x0000000644600000| Untracked 
|  71|0x0000000644700000, 0x0000000644700000, 0x0000000644800000|  0%| F|  |TAMS 0x0000000644700000, 0x0000000644700000| Untracked 
|  72|0x0000000644800000, 0x0000000644800000, 0x0000000644900000|  0%| F|  |TAMS 0x0000000644800000, 0x0000000644800000| Untracked 
|  73|0x0000000644900000, 0x0000000644900000, 0x0000000644a00000|  0%| F|  |TAMS 0x0000000644900000, 0x0000000644900000| Untracked 
|  74|0x0000000644a00000, 0x0000000644a00000, 0x0000000644b00000|  0%| F|  |TAMS 0x0000000644a00000, 0x0000000644a00000| Untracked 
|  75|0x0000000644b00000, 0x0000000644b00000, 0x0000000644c00000|  0%| F|  |TAMS 0x0000000644b00000, 0x0000000644b00000| Untracked 
|  76|0x0000000644c00000, 0x0000000644c00000, 0x0000000644d00000|  0%| F|  |TAMS 0x0000000644c00000, 0x0000000644c00000| Untracked 
|  77|0x0000000644d00000, 0x0000000644d00000, 0x0000000644e00000|  0%| F|  |TAMS 0x0000000644d00000, 0x0000000644d00000| Untracked 
|  78|0x0000000644e00000, 0x0000000644e00000, 0x0000000644f00000|  0%| F|  |TAMS 0x0000000644e00000, 0x0000000644e00000| Untracked 
|  79|0x0000000644f00000, 0x0000000644f00000, 0x0000000645000000|  0%| F|  |TAMS 0x0000000644f00000, 0x0000000644f00000| Untracked 
|  80|0x0000000645000000, 0x0000000645000000, 0x0000000645100000|  0%| F|  |TAMS 0x0000000645000000, 0x0000000645000000| Untracked 
|  81|0x0000000645100000, 0x0000000645100000, 0x0000000645200000|  0%| F|  |TAMS 0x0000000645100000, 0x0000000645100000| Untracked 
|  82|0x0000000645200000, 0x0000000645200000, 0x0000000645300000|  0%| F|  |TAMS 0x0000000645200000, 0x0000000645200000| Untracked 
|  83|0x0000000645300000, 0x0000000645300000, 0x0000000645400000|  0%| F|  |TAMS 0x0000000645300000, 0x0000000645300000| Untracked 
|  84|0x0000000645400000, 0x0000000645400000, 0x0000000645500000|  0%| F|  |TAMS 0x0000000645400000, 0x0000000645400000| Untracked 
|  85|0x0000000645500000, 0x0000000645500000, 0x0000000645600000|  0%| F|  |TAMS 0x0000000645500000, 0x0000000645500000| Untracked 
|  86|0x0000000645600000, 0x0000000645600000, 0x0000000645700000|  0%| F|  |TAMS 0x0000000645600000, 0x0000000645600000| Untracked 
|  87|0x0000000645700000, 0x0000000645700000, 0x0000000645800000|  0%| F|  |TAMS 0x0000000645700000, 0x0000000645700000| Untracked 
|  88|0x0000000645800000, 0x0000000645800000, 0x0000000645900000|  0%| F|  |TAMS 0x0000000645800000, 0x0000000645800000| Untracked 
|  89|0x0000000645900000, 0x0000000645900000, 0x0000000645a00000|  0%| F|  |TAMS 0x0000000645900000, 0x0000000645900000| Untracked 
|  90|0x0000000645a00000, 0x0000000645a00000, 0x0000000645b00000|  0%| F|  |TAMS 0x0000000645a00000, 0x0000000645a00000| Untracked 
|  91|0x0000000645b00000, 0x0000000645b00000, 0x0000000645c00000|  0%| F|  |TAMS 0x0000000645b00000, 0x0000000645b00000| Untracked 
|  92|0x0000000645c00000, 0x0000000645c00000, 0x0000000645d00000|  0%| F|  |TAMS 0x0000000645c00000, 0x0000000645c00000| Untracked 
|  93|0x0000000645d00000, 0x0000000645d00000, 0x0000000645e00000|  0%| F|  |TAMS 0x0000000645d00000, 0x0000000645d00000| Untracked 
|  94|0x0000000645e00000, 0x0000000645e00000, 0x0000000645f00000|  0%| F|  |TAMS 0x0000000645e00000, 0x0000000645e00000| Untracked 
|  95|0x0000000645f00000, 0x0000000645f00000, 0x0000000646000000|  0%| F|  |TAMS 0x0000000645f00000, 0x0000000645f00000| Untracked 
|  96|0x0000000646000000, 0x0000000646000000, 0x0000000646100000|  0%| F|  |TAMS 0x0000000646000000, 0x0000000646000000| Untracked 
|  97|0x0000000646100000, 0x0000000646100000, 0x0000000646200000|  0%| F|  |TAMS 0x0000000646100000, 0x0000000646100000| Untracked 
|  98|0x0000000646200000, 0x0000000646200000, 0x0000000646300000|  0%| F|  |TAMS 0x0000000646200000, 0x0000000646200000| Untracked 
|  99|0x0000000646300000, 0x0000000646300000, 0x0000000646400000|  0%| F|  |TAMS 0x0000000646300000, 0x0000000646300000| Untracked 
| 100|0x0000000646400000, 0x0000000646400000, 0x0000000646500000|  0%| F|  |TAMS 0x0000000646400000, 0x0000000646400000| Untracked 
| 101|0x0000000646500000, 0x0000000646500000, 0x0000000646600000|  0%| F|  |TAMS 0x0000000646500000, 0x0000000646500000| Untracked 
| 102|0x0000000646600000, 0x0000000646600000, 0x0000000646700000|  0%| F|  |TAMS 0x0000000646600000, 0x0000000646600000| Untracked 
| 103|0x0000000646700000, 0x0000000646700000, 0x0000000646800000|  0%| F|  |TAMS 0x0000000646700000, 0x0000000646700000| Untracked 
| 104|0x0000000646800000, 0x0000000646800000, 0x0000000646900000|  0%| F|  |TAMS 0x0000000646800000, 0x0000000646800000| Untracked 
| 105|0x0000000646900000, 0x0000000646900000, 0x0000000646a00000|  0%| F|  |TAMS 0x0000000646900000, 0x0000000646900000| Untracked 
| 106|0x0000000646a00000, 0x0000000646a00000, 0x0000000646b00000|  0%| F|  |TAMS 0x0000000646a00000, 0x0000000646a00000| Untracked 
| 107|0x0000000646b00000, 0x0000000646b00000, 0x0000000646c00000|  0%| F|  |TAMS 0x0000000646b00000, 0x0000000646b00000| Untracked 
| 108|0x0000000646c00000, 0x0000000646c00000, 0x0000000646d00000|  0%| F|  |TAMS 0x0000000646c00000, 0x0000000646c00000| Untracked 
| 109|0x0000000646d00000, 0x0000000646d00000, 0x0000000646e00000|  0%| F|  |TAMS 0x0000000646d00000, 0x0000000646d00000| Untracked 
| 110|0x0000000646e00000, 0x0000000646e00000, 0x0000000646f00000|  0%| F|  |TAMS 0x0000000646e00000, 0x0000000646e00000| Untracked 
| 111|0x0000000646f00000, 0x0000000646f00000, 0x0000000647000000|  0%| F|  |TAMS 0x0000000646f00000, 0x0000000646f00000| Untracked 
| 112|0x0000000647000000, 0x0000000647000000, 0x0000000647100000|  0%| F|  |TAMS 0x0000000647000000, 0x0000000647000000| Untracked 
| 113|0x0000000647100000, 0x0000000647100000, 0x0000000647200000|  0%| F|  |TAMS 0x0000000647100000, 0x0000000647100000| Untracked 
| 114|0x0000000647200000, 0x0000000647200000, 0x0000000647300000|  0%| F|  |TAMS 0x0000000647200000, 0x0000000647200000| Untracked 
| 115|0x0000000647300000, 0x0000000647300000, 0x0000000647400000|  0%| F|  |TAMS 0x0000000647300000, 0x0000000647300000| Untracked 
| 116|0x0000000647400000, 0x0000000647400000, 0x0000000647500000|  0%| F|  |TAMS 0x0000000647400000, 0x0000000647400000| Untracked 
| 117|0x0000000647500000, 0x0000000647500000, 0x0000000647600000|  0%| F|  |TAMS 0x0000000647500000, 0x0000000647500000| Untracked 
| 118|0x0000000647600000, 0x0000000647600000, 0x0000000647700000|  0%| F|  |TAMS 0x0000000647600000, 0x0000000647600000| Untracked 
| 119|0x0000000647700000, 0x0000000647700000, 0x0000000647800000|  0%| F|  |TAMS 0x0000000647700000, 0x0000000647700000| Untracked 
| 120|0x0000000647800000, 0x0000000647800000, 0x0000000647900000|  0%| F|  |TAMS 0x0000000647800000, 0x0000000647800000| Untracked 
| 121|0x0000000647900000, 0x0000000647900000, 0x0000000647a00000|  0%| F|  |TAMS 0x0000000647900000, 0x0000000647900000| Untracked 
| 122|0x0000000647a00000, 0x0000000647a00000, 0x0000000647b00000|  0%| F|  |TAMS 0x0000000647a00000, 0x0000000647a00000| Untracked 
| 123|0x0000000647b00000, 0x0000000647b00000, 0x0000000647c00000|  0%| F|  |TAMS 0x0000000647b00000, 0x0000000647b00000| Untracked 
| 124|0x0000000647c00000, 0x0000000647c00000, 0x0000000647d00000|  0%| F|  |TAMS 0x0000000647c00000, 0x0000000647c00000| Untracked 
| 125|0x0000000647d00000, 0x0000000647d00000, 0x0000000647e00000|  0%| F|  |TAMS 0x0000000647d00000, 0x0000000647d00000| Untracked 
| 126|0x0000000647e00000, 0x0000000647e00000, 0x0000000647f00000|  0%| F|  |TAMS 0x0000000647e00000, 0x0000000647e00000| Untracked 
| 127|0x0000000647f00000, 0x0000000647f00000, 0x0000000648000000|  0%| F|  |TAMS 0x0000000647f00000, 0x0000000647f00000| Untracked 
| 128|0x0000000648000000, 0x0000000648000000, 0x0000000648100000|  0%| F|  |TAMS 0x0000000648000000, 0x0000000648000000| Untracked 
| 129|0x0000000648100000, 0x0000000648100000, 0x0000000648200000|  0%| F|  |TAMS 0x0000000648100000, 0x0000000648100000| Untracked 
| 130|0x0000000648200000, 0x0000000648200000, 0x0000000648300000|  0%| F|  |TAMS 0x0000000648200000, 0x0000000648200000| Untracked 
| 131|0x0000000648300000, 0x0000000648300000, 0x0000000648400000|  0%| F|  |TAMS 0x0000000648300000, 0x0000000648300000| Untracked 
| 132|0x0000000648400000, 0x0000000648400000, 0x0000000648500000|  0%| F|  |TAMS 0x0000000648400000, 0x0000000648400000| Untracked 
| 133|0x0000000648500000, 0x0000000648500000, 0x0000000648600000|  0%| F|  |TAMS 0x0000000648500000, 0x0000000648500000| Untracked 
| 134|0x0000000648600000, 0x0000000648600000, 0x0000000648700000|  0%| F|  |TAMS 0x0000000648600000, 0x0000000648600000| Untracked 
| 135|0x0000000648700000, 0x0000000648700000, 0x0000000648800000|  0%| F|  |TAMS 0x0000000648700000, 0x0000000648700000| Untracked 
| 136|0x0000000648800000, 0x0000000648800000, 0x0000000648900000|  0%| F|  |TAMS 0x0000000648800000, 0x0000000648800000| Untracked 
| 137|0x0000000648900000, 0x0000000648900000, 0x0000000648a00000|  0%| F|  |TAMS 0x0000000648900000, 0x0000000648900000| Untracked 
| 138|0x0000000648a00000, 0x0000000648a00000, 0x0000000648b00000|  0%| F|  |TAMS 0x0000000648a00000, 0x0000000648a00000| Untracked 
| 139|0x0000000648b00000, 0x0000000648b00000, 0x0000000648c00000|  0%| F|  |TAMS 0x0000000648b00000, 0x0000000648b00000| Untracked 
| 140|0x0000000648c00000, 0x0000000648c00000, 0x0000000648d00000|  0%| F|  |TAMS 0x0000000648c00000, 0x0000000648c00000| Untracked 
| 141|0x0000000648d00000, 0x0000000648d00000, 0x0000000648e00000|  0%| F|  |TAMS 0x0000000648d00000, 0x0000000648d00000| Untracked 
| 142|0x0000000648e00000, 0x0000000648e00000, 0x0000000648f00000|  0%| F|  |TAMS 0x0000000648e00000, 0x0000000648e00000| Untracked 
| 143|0x0000000648f00000, 0x0000000648f00000, 0x0000000649000000|  0%| F|  |TAMS 0x0000000648f00000, 0x0000000648f00000| Untracked 
| 144|0x0000000649000000, 0x0000000649000000, 0x0000000649100000|  0%| F|  |TAMS 0x0000000649000000, 0x0000000649000000| Untracked 
| 145|0x0000000649100000, 0x0000000649100000, 0x0000000649200000|  0%| F|  |TAMS 0x0000000649100000, 0x0000000649100000| Untracked 
| 146|0x0000000649200000, 0x0000000649200000, 0x0000000649300000|  0%| F|  |TAMS 0x0000000649200000, 0x0000000649200000| Untracked 
| 147|0x0000000649300000, 0x0000000649300000, 0x0000000649400000|  0%| F|  |TAMS 0x0000000649300000, 0x0000000649300000| Untracked 
| 148|0x0000000649400000, 0x0000000649400000, 0x0000000649500000|  0%| F|  |TAMS 0x0000000649400000, 0x0000000649400000| Untracked 
| 149|0x0000000649500000, 0x0000000649500000, 0x0000000649600000|  0%| F|  |TAMS 0x0000000649500000, 0x0000000649500000| Untracked 
| 150|0x0000000649600000, 0x0000000649600000, 0x0000000649700000|  0%| F|  |TAMS 0x0000000649600000, 0x0000000649600000| Untracked 
| 151|0x0000000649700000, 0x0000000649700000, 0x0000000649800000|  0%| F|  |TAMS 0x0000000649700000, 0x0000000649700000| Untracked 
| 152|0x0000000649800000, 0x0000000649800000, 0x0000000649900000|  0%| F|  |TAMS 0x0000000649800000, 0x0000000649800000| Untracked 
| 153|0x0000000649900000, 0x0000000649900000, 0x0000000649a00000|  0%| F|  |TAMS 0x0000000649900000, 0x0000000649900000| Untracked 
| 154|0x0000000649a00000, 0x0000000649a00000, 0x0000000649b00000|  0%| F|  |TAMS 0x0000000649a00000, 0x0000000649a00000| Untracked 
| 155|0x0000000649b00000, 0x0000000649b00000, 0x0000000649c00000|  0%| F|  |TAMS 0x0000000649b00000, 0x0000000649b00000| Untracked 
| 156|0x0000000649c00000, 0x0000000649c00000, 0x0000000649d00000|  0%| F|  |TAMS 0x0000000649c00000, 0x0000000649c00000| Untracked 
| 157|0x0000000649d00000, 0x0000000649d00000, 0x0000000649e00000|  0%| F|  |TAMS 0x0000000649d00000, 0x0000000649d00000| Untracked 
| 158|0x0000000649e00000, 0x0000000649e00000, 0x0000000649f00000|  0%| F|  |TAMS 0x0000000649e00000, 0x0000000649e00000| Untracked 
| 159|0x0000000649f00000, 0x0000000649f00000, 0x000000064a000000|  0%| F|  |TAMS 0x0000000649f00000, 0x0000000649f00000| Untracked 
| 160|0x000000064a000000, 0x000000064a000000, 0x000000064a100000|  0%| F|  |TAMS 0x000000064a000000, 0x000000064a000000| Untracked 
| 161|0x000000064a100000, 0x000000064a100000, 0x000000064a200000|  0%| F|  |TAMS 0x000000064a100000, 0x000000064a100000| Untracked 
| 162|0x000000064a200000, 0x000000064a200000, 0x000000064a300000|  0%| F|  |TAMS 0x000000064a200000, 0x000000064a200000| Untracked 
| 163|0x000000064a300000, 0x000000064a300000, 0x000000064a400000|  0%| F|  |TAMS 0x000000064a300000, 0x000000064a300000| Untracked 
| 164|0x000000064a400000, 0x000000064a400000, 0x000000064a500000|  0%| F|  |TAMS 0x000000064a400000, 0x000000064a400000| Untracked 
| 165|0x000000064a500000, 0x000000064a500000, 0x000000064a600000|  0%| F|  |TAMS 0x000000064a500000, 0x000000064a500000| Untracked 
| 166|0x000000064a600000, 0x000000064a600000, 0x000000064a700000|  0%| F|  |TAMS 0x000000064a600000, 0x000000064a600000| Untracked 
| 167|0x000000064a700000, 0x000000064a700000, 0x000000064a800000|  0%| F|  |TAMS 0x000000064a700000, 0x000000064a700000| Untracked 
| 168|0x000000064a800000, 0x000000064a800000, 0x000000064a900000|  0%| F|  |TAMS 0x000000064a800000, 0x000000064a800000| Untracked 
| 169|0x000000064a900000, 0x000000064a900000, 0x000000064aa00000|  0%| F|  |TAMS 0x000000064a900000, 0x000000064a900000| Untracked 
| 170|0x000000064aa00000, 0x000000064aa00000, 0x000000064ab00000|  0%| F|  |TAMS 0x000000064aa00000, 0x000000064aa00000| Untracked 
| 171|0x000000064ab00000, 0x000000064ab00000, 0x000000064ac00000|  0%| F|  |TAMS 0x000000064ab00000, 0x000000064ab00000| Untracked 
| 172|0x000000064ac00000, 0x000000064ac00000, 0x000000064ad00000|  0%| F|  |TAMS 0x000000064ac00000, 0x000000064ac00000| Untracked 
| 173|0x000000064ad00000, 0x000000064ad00000, 0x000000064ae00000|  0%| F|  |TAMS 0x000000064ad00000, 0x000000064ad00000| Untracked 
| 174|0x000000064ae00000, 0x000000064ae00000, 0x000000064af00000|  0%| F|  |TAMS 0x000000064ae00000, 0x000000064ae00000| Untracked 
| 175|0x000000064af00000, 0x000000064af00000, 0x000000064b000000|  0%| F|  |TAMS 0x000000064af00000, 0x000000064af00000| Untracked 
| 176|0x000000064b000000, 0x000000064b000000, 0x000000064b100000|  0%| F|  |TAMS 0x000000064b000000, 0x000000064b000000| Untracked 
| 177|0x000000064b100000, 0x000000064b100000, 0x000000064b200000|  0%| F|  |TAMS 0x000000064b100000, 0x000000064b100000| Untracked 
| 178|0x000000064b200000, 0x000000064b200000, 0x000000064b300000|  0%| F|  |TAMS 0x000000064b200000, 0x000000064b200000| Untracked 
| 179|0x000000064b300000, 0x000000064b300000, 0x000000064b400000|  0%| F|  |TAMS 0x000000064b300000, 0x000000064b300000| Untracked 
| 180|0x000000064b400000, 0x000000064b400000, 0x000000064b500000|  0%| F|  |TAMS 0x000000064b400000, 0x000000064b400000| Untracked 
| 181|0x000000064b500000, 0x000000064b500000, 0x000000064b600000|  0%| F|  |TAMS 0x000000064b500000, 0x000000064b500000| Untracked 
| 182|0x000000064b600000, 0x000000064b600000, 0x000000064b700000|  0%| F|  |TAMS 0x000000064b600000, 0x000000064b600000| Untracked 
| 183|0x000000064b700000, 0x000000064b700000, 0x000000064b800000|  0%| F|  |TAMS 0x000000064b700000, 0x000000064b700000| Untracked 
| 184|0x000000064b800000, 0x000000064b800000, 0x000000064b900000|  0%| F|  |TAMS 0x000000064b800000, 0x000000064b800000| Untracked 
| 185|0x000000064b900000, 0x000000064b900000, 0x000000064ba00000|  0%| F|  |TAMS 0x000000064b900000, 0x000000064b900000| Untracked 
| 186|0x000000064ba00000, 0x000000064ba00000, 0x000000064bb00000|  0%| F|  |TAMS 0x000000064ba00000, 0x000000064ba00000| Untracked 
| 187|0x000000064bb00000, 0x000000064bb00000, 0x000000064bc00000|  0%| F|  |TAMS 0x000000064bb00000, 0x000000064bb00000| Untracked 
| 188|0x000000064bc00000, 0x000000064bc00000, 0x000000064bd00000|  0%| F|  |TAMS 0x000000064bc00000, 0x000000064bc00000| Untracked 
| 189|0x000000064bd00000, 0x000000064bd00000, 0x000000064be00000|  0%| F|  |TAMS 0x000000064bd00000, 0x000000064bd00000| Untracked 
| 190|0x000000064be00000, 0x000000064be00000, 0x000000064bf00000|  0%| F|  |TAMS 0x000000064be00000, 0x000000064be00000| Untracked 
| 191|0x000000064bf00000, 0x000000064bf00000, 0x000000064c000000|  0%| F|  |TAMS 0x000000064bf00000, 0x000000064bf00000| Untracked 
| 192|0x000000064c000000, 0x000000064c000000, 0x000000064c100000|  0%| F|  |TAMS 0x000000064c000000, 0x000000064c000000| Untracked 
| 193|0x000000064c100000, 0x000000064c100000, 0x000000064c200000|  0%| F|  |TAMS 0x000000064c100000, 0x000000064c100000| Untracked 
| 194|0x000000064c200000, 0x000000064c200000, 0x000000064c300000|  0%| F|  |TAMS 0x000000064c200000, 0x000000064c200000| Untracked 
| 195|0x000000064c300000, 0x000000064c300000, 0x000000064c400000|  0%| F|  |TAMS 0x000000064c300000, 0x000000064c300000| Untracked 
| 196|0x000000064c400000, 0x000000064c400000, 0x000000064c500000|  0%| F|  |TAMS 0x000000064c400000, 0x000000064c400000| Untracked 
| 197|0x000000064c500000, 0x000000064c500000, 0x000000064c600000|  0%| F|  |TAMS 0x000000064c500000, 0x000000064c500000| Untracked 
| 198|0x000000064c600000, 0x000000064c600000, 0x000000064c700000|  0%| F|  |TAMS 0x000000064c600000, 0x000000064c600000| Untracked 
| 199|0x000000064c700000, 0x000000064c700000, 0x000000064c800000|  0%| F|  |TAMS 0x000000064c700000, 0x000000064c700000| Untracked 
| 200|0x000000064c800000, 0x000000064c800000, 0x000000064c900000|  0%| F|  |TAMS 0x000000064c800000, 0x000000064c800000| Untracked 
| 201|0x000000064c900000, 0x000000064c900000, 0x000000064ca00000|  0%| F|  |TAMS 0x000000064c900000, 0x000000064c900000| Untracked 
| 202|0x000000064ca00000, 0x000000064ca00000, 0x000000064cb00000|  0%| F|  |TAMS 0x000000064ca00000, 0x000000064ca00000| Untracked 
| 203|0x000000064cb00000, 0x000000064cb00000, 0x000000064cc00000|  0%| F|  |TAMS 0x000000064cb00000, 0x000000064cb00000| Untracked 
| 204|0x000000064cc00000, 0x000000064cc00000, 0x000000064cd00000|  0%| F|  |TAMS 0x000000064cc00000, 0x000000064cc00000| Untracked 
| 205|0x000000064cd00000, 0x000000064cd00000, 0x000000064ce00000|  0%| F|  |TAMS 0x000000064cd00000, 0x000000064cd00000| Untracked 
| 206|0x000000064ce00000, 0x000000064ce00000, 0x000000064cf00000|  0%| F|  |TAMS 0x000000064ce00000, 0x000000064ce00000| Untracked 
| 207|0x000000064cf00000, 0x000000064cf00000, 0x000000064d000000|  0%| F|  |TAMS 0x000000064cf00000, 0x000000064cf00000| Untracked 
| 208|0x000000064d000000, 0x000000064d000000, 0x000000064d100000|  0%| F|  |TAMS 0x000000064d000000, 0x000000064d000000| Untracked 
| 209|0x000000064d100000, 0x000000064d100000, 0x000000064d200000|  0%| F|  |TAMS 0x000000064d100000, 0x000000064d100000| Untracked 
| 210|0x000000064d200000, 0x000000064d200000, 0x000000064d300000|  0%| F|  |TAMS 0x000000064d200000, 0x000000064d200000| Untracked 
| 211|0x000000064d300000, 0x000000064d300000, 0x000000064d400000|  0%| F|  |TAMS 0x000000064d300000, 0x000000064d300000| Untracked 
| 212|0x000000064d400000, 0x000000064d400000, 0x000000064d500000|  0%| F|  |TAMS 0x000000064d400000, 0x000000064d400000| Untracked 
| 213|0x000000064d500000, 0x000000064d500000, 0x000000064d600000|  0%| F|  |TAMS 0x000000064d500000, 0x000000064d500000| Untracked 
| 214|0x000000064d600000, 0x000000064d600000, 0x000000064d700000|  0%| F|  |TAMS 0x000000064d600000, 0x000000064d600000| Untracked 
| 215|0x000000064d700000, 0x000000064d700000, 0x000000064d800000|  0%| F|  |TAMS 0x000000064d700000, 0x000000064d700000| Untracked 
| 216|0x000000064d800000, 0x000000064d800000, 0x000000064d900000|  0%| F|  |TAMS 0x000000064d800000, 0x000000064d800000| Untracked 
| 217|0x000000064d900000, 0x000000064d900000, 0x000000064da00000|  0%| F|  |TAMS 0x000000064d900000, 0x000000064d900000| Untracked 
| 218|0x000000064da00000, 0x000000064da00000, 0x000000064db00000|  0%| F|  |TAMS 0x000000064da00000, 0x000000064da00000| Untracked 
| 219|0x000000064db00000, 0x000000064db00000, 0x000000064dc00000|  0%| F|  |TAMS 0x000000064db00000, 0x000000064db00000| Untracked 
| 220|0x000000064dc00000, 0x000000064dc00000, 0x000000064dd00000|  0%| F|  |TAMS 0x000000064dc00000, 0x000000064dc00000| Untracked 
| 221|0x000000064dd00000, 0x000000064dd00000, 0x000000064de00000|  0%| F|  |TAMS 0x000000064dd00000, 0x000000064dd00000| Untracked 
| 222|0x000000064de00000, 0x000000064de00000, 0x000000064df00000|  0%| F|  |TAMS 0x000000064de00000, 0x000000064de00000| Untracked 
| 223|0x000000064df00000, 0x000000064df00000, 0x000000064e000000|  0%| F|  |TAMS 0x000000064df00000, 0x000000064df00000| Untracked 
| 224|0x000000064e000000, 0x000000064e000000, 0x000000064e100000|  0%| F|  |TAMS 0x000000064e000000, 0x000000064e000000| Untracked 
| 225|0x000000064e100000, 0x000000064e100000, 0x000000064e200000|  0%| F|  |TAMS 0x000000064e100000, 0x000000064e100000| Untracked 
| 226|0x000000064e200000, 0x000000064e200000, 0x000000064e300000|  0%| F|  |TAMS 0x000000064e200000, 0x000000064e200000| Untracked 
| 227|0x000000064e300000, 0x000000064e300000, 0x000000064e400000|  0%| F|  |TAMS 0x000000064e300000, 0x000000064e300000| Untracked 
| 228|0x000000064e400000, 0x000000064e400000, 0x000000064e500000|  0%| F|  |TAMS 0x000000064e400000, 0x000000064e400000| Untracked 
| 229|0x000000064e500000, 0x000000064e500000, 0x000000064e600000|  0%| F|  |TAMS 0x000000064e500000, 0x000000064e500000| Untracked 
| 230|0x000000064e600000, 0x000000064e600000, 0x000000064e700000|  0%| F|  |TAMS 0x000000064e600000, 0x000000064e600000| Untracked 
| 231|0x000000064e700000, 0x000000064e700000, 0x000000064e800000|  0%| F|  |TAMS 0x000000064e700000, 0x000000064e700000| Untracked 
| 232|0x000000064e800000, 0x000000064e800000, 0x000000064e900000|  0%| F|  |TAMS 0x000000064e800000, 0x000000064e800000| Untracked 
| 233|0x000000064e900000, 0x000000064e900000, 0x000000064ea00000|  0%| F|  |TAMS 0x000000064e900000, 0x000000064e900000| Untracked 
| 234|0x000000064ea00000, 0x000000064ea00000, 0x000000064eb00000|  0%| F|  |TAMS 0x000000064ea00000, 0x000000064ea00000| Untracked 
| 235|0x000000064eb00000, 0x000000064eb00000, 0x000000064ec00000|  0%| F|  |TAMS 0x000000064eb00000, 0x000000064eb00000| Untracked 
| 236|0x000000064ec00000, 0x000000064ec00000, 0x000000064ed00000|  0%| F|  |TAMS 0x000000064ec00000, 0x000000064ec00000| Untracked 
| 237|0x000000064ed00000, 0x000000064ed00000, 0x000000064ee00000|  0%| F|  |TAMS 0x000000064ed00000, 0x000000064ed00000| Untracked 
| 238|0x000000064ee00000, 0x000000064ee00000, 0x000000064ef00000|  0%| F|  |TAMS 0x000000064ee00000, 0x000000064ee00000| Untracked 
| 239|0x000000064ef00000, 0x000000064ef00000, 0x000000064f000000|  0%| F|  |TAMS 0x000000064ef00000, 0x000000064ef00000| Untracked 
| 240|0x000000064f000000, 0x000000064f000000, 0x000000064f100000|  0%| F|  |TAMS 0x000000064f000000, 0x000000064f000000| Untracked 
| 241|0x000000064f100000, 0x000000064f100000, 0x000000064f200000|  0%| F|  |TAMS 0x000000064f100000, 0x000000064f100000| Untracked 
| 242|0x000000064f200000, 0x000000064f200000, 0x000000064f300000|  0%| F|  |TAMS 0x000000064f200000, 0x000000064f200000| Untracked 
| 243|0x000000064f300000, 0x000000064f300000, 0x000000064f400000|  0%| F|  |TAMS 0x000000064f300000, 0x000000064f300000| Untracked 
| 244|0x000000064f400000, 0x000000064f400000, 0x000000064f500000|  0%| F|  |TAMS 0x000000064f400000, 0x000000064f400000| Untracked 
| 245|0x000000064f500000, 0x000000064f500000, 0x000000064f600000|  0%| F|  |TAMS 0x000000064f500000, 0x000000064f500000| Untracked 
| 246|0x000000064f600000, 0x000000064f600000, 0x000000064f700000|  0%| F|  |TAMS 0x000000064f600000, 0x000000064f600000| Untracked 
| 247|0x000000064f700000, 0x000000064f700000, 0x000000064f800000|  0%| F|  |TAMS 0x000000064f700000, 0x000000064f700000| Untracked 
| 248|0x000000064f800000, 0x000000064f800000, 0x000000064f900000|  0%| F|  |TAMS 0x000000064f800000, 0x000000064f800000| Untracked 
| 249|0x000000064f900000, 0x000000064f900000, 0x000000064fa00000|  0%| F|  |TAMS 0x000000064f900000, 0x000000064f900000| Untracked 
| 250|0x000000064fa00000, 0x000000064fa00000, 0x000000064fb00000|  0%| F|  |TAMS 0x000000064fa00000, 0x000000064fa00000| Untracked 
| 251|0x000000064fb00000, 0x000000064fb00000, 0x000000064fc00000|  0%| F|  |TAMS 0x000000064fb00000, 0x000000064fb00000| Untracked 
| 252|0x000000064fc00000, 0x000000064fc00000, 0x000000064fd00000|  0%| F|  |TAMS 0x000000064fc00000, 0x000000064fc00000| Untracked 
| 253|0x000000064fd00000, 0x000000064fd00000, 0x000000064fe00000|  0%| F|  |TAMS 0x000000064fd00000, 0x000000064fd00000| Untracked 
| 254|0x000000064fe00000, 0x000000064fe00000, 0x000000064ff00000|  0%| F|  |TAMS 0x000000064fe00000, 0x000000064fe00000| Untracked 
| 255|0x000000064ff00000, 0x000000064ff00000, 0x0000000650000000|  0%| F|  |TAMS 0x000000064ff00000, 0x000000064ff00000| Untracked 
| 256|0x0000000650000000, 0x0000000650000000, 0x0000000650100000|  0%| F|  |TAMS 0x0000000650000000, 0x0000000650000000| Untracked 
| 257|0x0000000650100000, 0x0000000650100000, 0x0000000650200000|  0%| F|  |TAMS 0x0000000650100000, 0x0000000650100000| Untracked 
| 258|0x0000000650200000, 0x0000000650200000, 0x0000000650300000|  0%| F|  |TAMS 0x0000000650200000, 0x0000000650200000| Untracked 
| 259|0x0000000650300000, 0x000000065034e380, 0x0000000650400000| 30%| S|CS|TAMS 0x0000000650300000, 0x0000000650300000| Complete 
| 260|0x0000000650400000, 0x0000000650500000, 0x0000000650500000|100%| S|CS|TAMS 0x0000000650400000, 0x0000000650400000| Complete 
| 261|0x0000000650500000, 0x0000000650600000, 0x0000000650600000|100%| S|CS|TAMS 0x0000000650500000, 0x0000000650500000| Complete 
| 262|0x0000000650600000, 0x0000000650700000, 0x0000000650700000|100%| S|CS|TAMS 0x0000000650600000, 0x0000000650600000| Complete 
| 263|0x0000000650700000, 0x0000000650800000, 0x0000000650800000|100%| S|CS|TAMS 0x0000000650700000, 0x0000000650700000| Complete 
| 264|0x0000000650800000, 0x0000000650900000, 0x0000000650900000|100%| S|CS|TAMS 0x0000000650800000, 0x0000000650800000| Complete 
| 265|0x0000000650900000, 0x0000000650a00000, 0x0000000650a00000|100%| S|CS|TAMS 0x0000000650900000, 0x0000000650900000| Complete 
| 266|0x0000000650a00000, 0x0000000650a00000, 0x0000000650b00000|  0%| F|  |TAMS 0x0000000650a00000, 0x0000000650a00000| Untracked 
| 267|0x0000000650b00000, 0x0000000650b00000, 0x0000000650c00000|  0%| F|  |TAMS 0x0000000650b00000, 0x0000000650b00000| Untracked 
| 268|0x0000000650c00000, 0x0000000650c00000, 0x0000000650d00000|  0%| F|  |TAMS 0x0000000650c00000, 0x0000000650c00000| Untracked 
| 269|0x0000000650d00000, 0x0000000650d00000, 0x0000000650e00000|  0%| F|  |TAMS 0x0000000650d00000, 0x0000000650d00000| Untracked 
| 270|0x0000000650e00000, 0x0000000650e00000, 0x0000000650f00000|  0%| F|  |TAMS 0x0000000650e00000, 0x0000000650e00000| Untracked 
| 271|0x0000000650f00000, 0x0000000650f00000, 0x0000000651000000|  0%| F|  |TAMS 0x0000000650f00000, 0x0000000650f00000| Untracked 
| 272|0x0000000651000000, 0x0000000651000000, 0x0000000651100000|  0%| F|  |TAMS 0x0000000651000000, 0x0000000651000000| Untracked 
| 273|0x0000000651100000, 0x0000000651100000, 0x0000000651200000|  0%| F|  |TAMS 0x0000000651100000, 0x0000000651100000| Untracked 
| 274|0x0000000651200000, 0x0000000651200000, 0x0000000651300000|  0%| F|  |TAMS 0x0000000651200000, 0x0000000651200000| Untracked 
| 275|0x0000000651300000, 0x0000000651300000, 0x0000000651400000|  0%| F|  |TAMS 0x0000000651300000, 0x0000000651300000| Untracked 
| 276|0x0000000651400000, 0x0000000651400000, 0x0000000651500000|  0%| F|  |TAMS 0x0000000651400000, 0x0000000651400000| Untracked 
| 277|0x0000000651500000, 0x0000000651500000, 0x0000000651600000|  0%| F|  |TAMS 0x0000000651500000, 0x0000000651500000| Untracked 
| 278|0x0000000651600000, 0x0000000651600000, 0x0000000651700000|  0%| F|  |TAMS 0x0000000651600000, 0x0000000651600000| Untracked 
| 279|0x0000000651700000, 0x0000000651700000, 0x0000000651800000|  0%| F|  |TAMS 0x0000000651700000, 0x0000000651700000| Untracked 
| 280|0x0000000651800000, 0x0000000651800000, 0x0000000651900000|  0%| F|  |TAMS 0x0000000651800000, 0x0000000651800000| Untracked 
| 281|0x0000000651900000, 0x0000000651900000, 0x0000000651a00000|  0%| F|  |TAMS 0x0000000651900000, 0x0000000651900000| Untracked 
| 282|0x0000000651a00000, 0x0000000651a00000, 0x0000000651b00000|  0%| F|  |TAMS 0x0000000651a00000, 0x0000000651a00000| Untracked 
| 283|0x0000000651b00000, 0x0000000651b00000, 0x0000000651c00000|  0%| F|  |TAMS 0x0000000651b00000, 0x0000000651b00000| Untracked 
| 284|0x0000000651c00000, 0x0000000651c00000, 0x0000000651d00000|  0%| F|  |TAMS 0x0000000651c00000, 0x0000000651c00000| Untracked 
| 285|0x0000000651d00000, 0x0000000651d00000, 0x0000000651e00000|  0%| F|  |TAMS 0x0000000651d00000, 0x0000000651d00000| Untracked 
| 286|0x0000000651e00000, 0x0000000651e00000, 0x0000000651f00000|  0%| F|  |TAMS 0x0000000651e00000, 0x0000000651e00000| Untracked 
| 287|0x0000000651f00000, 0x0000000651f00000, 0x0000000652000000|  0%| F|  |TAMS 0x0000000651f00000, 0x0000000651f00000| Untracked 
| 288|0x0000000652000000, 0x0000000652000000, 0x0000000652100000|  0%| F|  |TAMS 0x0000000652000000, 0x0000000652000000| Untracked 
| 289|0x0000000652100000, 0x0000000652100000, 0x0000000652200000|  0%| F|  |TAMS 0x0000000652100000, 0x0000000652100000| Untracked 
| 290|0x0000000652200000, 0x0000000652200000, 0x0000000652300000|  0%| F|  |TAMS 0x0000000652200000, 0x0000000652200000| Untracked 
| 291|0x0000000652300000, 0x0000000652300000, 0x0000000652400000|  0%| F|  |TAMS 0x0000000652300000, 0x0000000652300000| Untracked 
| 292|0x0000000652400000, 0x0000000652400000, 0x0000000652500000|  0%| F|  |TAMS 0x0000000652400000, 0x0000000652400000| Untracked 
| 293|0x0000000652500000, 0x0000000652500000, 0x0000000652600000|  0%| F|  |TAMS 0x0000000652500000, 0x0000000652500000| Untracked 
| 294|0x0000000652600000, 0x0000000652600000, 0x0000000652700000|  0%| F|  |TAMS 0x0000000652600000, 0x0000000652600000| Untracked 
| 295|0x0000000652700000, 0x0000000652700000, 0x0000000652800000|  0%| F|  |TAMS 0x0000000652700000, 0x0000000652700000| Untracked 
| 296|0x0000000652800000, 0x0000000652800000, 0x0000000652900000|  0%| F|  |TAMS 0x0000000652800000, 0x0000000652800000| Untracked 
| 297|0x0000000652900000, 0x0000000652900000, 0x0000000652a00000|  0%| F|  |TAMS 0x0000000652900000, 0x0000000652900000| Untracked 
| 298|0x0000000652a00000, 0x0000000652a00000, 0x0000000652b00000|  0%| F|  |TAMS 0x0000000652a00000, 0x0000000652a00000| Untracked 
| 299|0x0000000652b00000, 0x0000000652b00000, 0x0000000652c00000|  0%| F|  |TAMS 0x0000000652b00000, 0x0000000652b00000| Untracked 
| 300|0x0000000652c00000, 0x0000000652c00000, 0x0000000652d00000|  0%| F|  |TAMS 0x0000000652c00000, 0x0000000652c00000| Untracked 
| 301|0x0000000652d00000, 0x0000000652d00000, 0x0000000652e00000|  0%| F|  |TAMS 0x0000000652d00000, 0x0000000652d00000| Untracked 
| 302|0x0000000652e00000, 0x0000000652e00000, 0x0000000652f00000|  0%| F|  |TAMS 0x0000000652e00000, 0x0000000652e00000| Untracked 
| 303|0x0000000652f00000, 0x0000000652f00000, 0x0000000653000000|  0%| F|  |TAMS 0x0000000652f00000, 0x0000000652f00000| Untracked 
| 304|0x0000000653000000, 0x0000000653000000, 0x0000000653100000|  0%| F|  |TAMS 0x0000000653000000, 0x0000000653000000| Untracked 
| 305|0x0000000653100000, 0x0000000653100000, 0x0000000653200000|  0%| F|  |TAMS 0x0000000653100000, 0x0000000653100000| Untracked 
| 306|0x0000000653200000, 0x0000000653200000, 0x0000000653300000|  0%| F|  |TAMS 0x0000000653200000, 0x0000000653200000| Untracked 
| 307|0x0000000653300000, 0x0000000653300000, 0x0000000653400000|  0%| F|  |TAMS 0x0000000653300000, 0x0000000653300000| Untracked 
| 308|0x0000000653400000, 0x0000000653400000, 0x0000000653500000|  0%| F|  |TAMS 0x0000000653400000, 0x0000000653400000| Untracked 
| 309|0x0000000653500000, 0x0000000653500000, 0x0000000653600000|  0%| F|  |TAMS 0x0000000653500000, 0x0000000653500000| Untracked 
| 310|0x0000000653600000, 0x0000000653600000, 0x0000000653700000|  0%| F|  |TAMS 0x0000000653600000, 0x0000000653600000| Untracked 
| 311|0x0000000653700000, 0x0000000653700000, 0x0000000653800000|  0%| F|  |TAMS 0x0000000653700000, 0x0000000653700000| Untracked 
| 312|0x0000000653800000, 0x0000000653800000, 0x0000000653900000|  0%| F|  |TAMS 0x0000000653800000, 0x0000000653800000| Untracked 
| 313|0x0000000653900000, 0x0000000653900000, 0x0000000653a00000|  0%| F|  |TAMS 0x0000000653900000, 0x0000000653900000| Untracked 
| 314|0x0000000653a00000, 0x0000000653a00000, 0x0000000653b00000|  0%| F|  |TAMS 0x0000000653a00000, 0x0000000653a00000| Untracked 
| 315|0x0000000653b00000, 0x0000000653b00000, 0x0000000653c00000|  0%| F|  |TAMS 0x0000000653b00000, 0x0000000653b00000| Untracked 
| 316|0x0000000653c00000, 0x0000000653c00000, 0x0000000653d00000|  0%| F|  |TAMS 0x0000000653c00000, 0x0000000653c00000| Untracked 
| 317|0x0000000653d00000, 0x0000000653d00000, 0x0000000653e00000|  0%| F|  |TAMS 0x0000000653d00000, 0x0000000653d00000| Untracked 
| 318|0x0000000653e00000, 0x0000000653e00000, 0x0000000653f00000|  0%| F|  |TAMS 0x0000000653e00000, 0x0000000653e00000| Untracked 
| 319|0x0000000653f00000, 0x0000000653f00000, 0x0000000654000000|  0%| F|  |TAMS 0x0000000653f00000, 0x0000000653f00000| Untracked 
| 320|0x0000000654000000, 0x0000000654000000, 0x0000000654100000|  0%| F|  |TAMS 0x0000000654000000, 0x0000000654000000| Untracked 
| 321|0x0000000654100000, 0x0000000654100000, 0x0000000654200000|  0%| F|  |TAMS 0x0000000654100000, 0x0000000654100000| Untracked 
| 322|0x0000000654200000, 0x0000000654200000, 0x0000000654300000|  0%| F|  |TAMS 0x0000000654200000, 0x0000000654200000| Untracked 
| 323|0x0000000654300000, 0x0000000654300000, 0x0000000654400000|  0%| F|  |TAMS 0x0000000654300000, 0x0000000654300000| Untracked 
| 324|0x0000000654400000, 0x0000000654400000, 0x0000000654500000|  0%| F|  |TAMS 0x0000000654400000, 0x0000000654400000| Untracked 
| 325|0x0000000654500000, 0x0000000654500000, 0x0000000654600000|  0%| F|  |TAMS 0x0000000654500000, 0x0000000654500000| Untracked 
| 326|0x0000000654600000, 0x0000000654600000, 0x0000000654700000|  0%| F|  |TAMS 0x0000000654600000, 0x0000000654600000| Untracked 
| 327|0x0000000654700000, 0x0000000654700000, 0x0000000654800000|  0%| F|  |TAMS 0x0000000654700000, 0x0000000654700000| Untracked 
| 328|0x0000000654800000, 0x0000000654800000, 0x0000000654900000|  0%| F|  |TAMS 0x0000000654800000, 0x0000000654800000| Untracked 
| 329|0x0000000654900000, 0x0000000654900000, 0x0000000654a00000|  0%| F|  |TAMS 0x0000000654900000, 0x0000000654900000| Untracked 
| 330|0x0000000654a00000, 0x0000000654a00000, 0x0000000654b00000|  0%| F|  |TAMS 0x0000000654a00000, 0x0000000654a00000| Untracked 
| 331|0x0000000654b00000, 0x0000000654b00000, 0x0000000654c00000|  0%| F|  |TAMS 0x0000000654b00000, 0x0000000654b00000| Untracked 
| 332|0x0000000654c00000, 0x0000000654c00000, 0x0000000654d00000|  0%| F|  |TAMS 0x0000000654c00000, 0x0000000654c00000| Untracked 
| 333|0x0000000654d00000, 0x0000000654d00000, 0x0000000654e00000|  0%| F|  |TAMS 0x0000000654d00000, 0x0000000654d00000| Untracked 
| 334|0x0000000654e00000, 0x0000000654e00000, 0x0000000654f00000|  0%| F|  |TAMS 0x0000000654e00000, 0x0000000654e00000| Untracked 
| 335|0x0000000654f00000, 0x0000000654f00000, 0x0000000655000000|  0%| F|  |TAMS 0x0000000654f00000, 0x0000000654f00000| Untracked 
| 336|0x0000000655000000, 0x0000000655000000, 0x0000000655100000|  0%| F|  |TAMS 0x0000000655000000, 0x0000000655000000| Untracked 
| 337|0x0000000655100000, 0x0000000655100000, 0x0000000655200000|  0%| F|  |TAMS 0x0000000655100000, 0x0000000655100000| Untracked 
| 338|0x0000000655200000, 0x0000000655200000, 0x0000000655300000|  0%| F|  |TAMS 0x0000000655200000, 0x0000000655200000| Untracked 
| 339|0x0000000655300000, 0x0000000655300000, 0x0000000655400000|  0%| F|  |TAMS 0x0000000655300000, 0x0000000655300000| Untracked 
| 340|0x0000000655400000, 0x0000000655400000, 0x0000000655500000|  0%| F|  |TAMS 0x0000000655400000, 0x0000000655400000| Untracked 
| 341|0x0000000655500000, 0x0000000655500000, 0x0000000655600000|  0%| F|  |TAMS 0x0000000655500000, 0x0000000655500000| Untracked 
| 342|0x0000000655600000, 0x0000000655600000, 0x0000000655700000|  0%| F|  |TAMS 0x0000000655600000, 0x0000000655600000| Untracked 
| 343|0x0000000655700000, 0x0000000655700000, 0x0000000655800000|  0%| F|  |TAMS 0x0000000655700000, 0x0000000655700000| Untracked 
| 344|0x0000000655800000, 0x0000000655800000, 0x0000000655900000|  0%| F|  |TAMS 0x0000000655800000, 0x0000000655800000| Untracked 
| 345|0x0000000655900000, 0x0000000655900000, 0x0000000655a00000|  0%| F|  |TAMS 0x0000000655900000, 0x0000000655900000| Untracked 
| 346|0x0000000655a00000, 0x0000000655a00000, 0x0000000655b00000|  0%| F|  |TAMS 0x0000000655a00000, 0x0000000655a00000| Untracked 
| 347|0x0000000655b00000, 0x0000000655b00000, 0x0000000655c00000|  0%| F|  |TAMS 0x0000000655b00000, 0x0000000655b00000| Untracked 
| 348|0x0000000655c00000, 0x0000000655c00000, 0x0000000655d00000|  0%| F|  |TAMS 0x0000000655c00000, 0x0000000655c00000| Untracked 
| 349|0x0000000655d00000, 0x0000000655d00000, 0x0000000655e00000|  0%| F|  |TAMS 0x0000000655d00000, 0x0000000655d00000| Untracked 
| 350|0x0000000655e00000, 0x0000000655e00000, 0x0000000655f00000|  0%| F|  |TAMS 0x0000000655e00000, 0x0000000655e00000| Untracked 
| 351|0x0000000655f00000, 0x0000000655f00000, 0x0000000656000000|  0%| F|  |TAMS 0x0000000655f00000, 0x0000000655f00000| Untracked 
| 352|0x0000000656000000, 0x0000000656000000, 0x0000000656100000|  0%| F|  |TAMS 0x0000000656000000, 0x0000000656000000| Untracked 
| 353|0x0000000656100000, 0x0000000656100000, 0x0000000656200000|  0%| F|  |TAMS 0x0000000656100000, 0x0000000656100000| Untracked 
| 354|0x0000000656200000, 0x0000000656200000, 0x0000000656300000|  0%| F|  |TAMS 0x0000000656200000, 0x0000000656200000| Untracked 
| 355|0x0000000656300000, 0x0000000656300000, 0x0000000656400000|  0%| F|  |TAMS 0x0000000656300000, 0x0000000656300000| Untracked 
| 356|0x0000000656400000, 0x0000000656400000, 0x0000000656500000|  0%| F|  |TAMS 0x0000000656400000, 0x0000000656400000| Untracked 
| 357|0x0000000656500000, 0x0000000656500000, 0x0000000656600000|  0%| F|  |TAMS 0x0000000656500000, 0x0000000656500000| Untracked 
| 358|0x0000000656600000, 0x0000000656600000, 0x0000000656700000|  0%| F|  |TAMS 0x0000000656600000, 0x0000000656600000| Untracked 
| 359|0x0000000656700000, 0x0000000656700000, 0x0000000656800000|  0%| F|  |TAMS 0x0000000656700000, 0x0000000656700000| Untracked 
| 360|0x0000000656800000, 0x0000000656800000, 0x0000000656900000|  0%| F|  |TAMS 0x0000000656800000, 0x0000000656800000| Untracked 
| 361|0x0000000656900000, 0x0000000656900000, 0x0000000656a00000|  0%| F|  |TAMS 0x0000000656900000, 0x0000000656900000| Untracked 
| 362|0x0000000656a00000, 0x0000000656a00000, 0x0000000656b00000|  0%| F|  |TAMS 0x0000000656a00000, 0x0000000656a00000| Untracked 
| 363|0x0000000656b00000, 0x0000000656b00000, 0x0000000656c00000|  0%| F|  |TAMS 0x0000000656b00000, 0x0000000656b00000| Untracked 
| 364|0x0000000656c00000, 0x0000000656c00000, 0x0000000656d00000|  0%| F|  |TAMS 0x0000000656c00000, 0x0000000656c00000| Untracked 
| 365|0x0000000656d00000, 0x0000000656d00000, 0x0000000656e00000|  0%| F|  |TAMS 0x0000000656d00000, 0x0000000656d00000| Untracked 
| 366|0x0000000656e00000, 0x0000000656e00000, 0x0000000656f00000|  0%| F|  |TAMS 0x0000000656e00000, 0x0000000656e00000| Untracked 
| 367|0x0000000656f00000, 0x0000000656f00000, 0x0000000657000000|  0%| F|  |TAMS 0x0000000656f00000, 0x0000000656f00000| Untracked 
| 368|0x0000000657000000, 0x0000000657000000, 0x0000000657100000|  0%| F|  |TAMS 0x0000000657000000, 0x0000000657000000| Untracked 
| 369|0x0000000657100000, 0x0000000657100000, 0x0000000657200000|  0%| F|  |TAMS 0x0000000657100000, 0x0000000657100000| Untracked 
| 370|0x0000000657200000, 0x0000000657200000, 0x0000000657300000|  0%| F|  |TAMS 0x0000000657200000, 0x0000000657200000| Untracked 
| 371|0x0000000657300000, 0x0000000657300000, 0x0000000657400000|  0%| F|  |TAMS 0x0000000657300000, 0x0000000657300000| Untracked 
| 372|0x0000000657400000, 0x0000000657400000, 0x0000000657500000|  0%| F|  |TAMS 0x0000000657400000, 0x0000000657400000| Untracked 
| 373|0x0000000657500000, 0x0000000657500000, 0x0000000657600000|  0%| F|  |TAMS 0x0000000657500000, 0x0000000657500000| Untracked 
| 374|0x0000000657600000, 0x0000000657600000, 0x0000000657700000|  0%| F|  |TAMS 0x0000000657600000, 0x0000000657600000| Untracked 
| 375|0x0000000657700000, 0x0000000657700000, 0x0000000657800000|  0%| F|  |TAMS 0x0000000657700000, 0x0000000657700000| Untracked 
| 376|0x0000000657800000, 0x0000000657800000, 0x0000000657900000|  0%| F|  |TAMS 0x0000000657800000, 0x0000000657800000| Untracked 
| 377|0x0000000657900000, 0x0000000657900000, 0x0000000657a00000|  0%| F|  |TAMS 0x0000000657900000, 0x0000000657900000| Untracked 
| 378|0x0000000657a00000, 0x0000000657a00000, 0x0000000657b00000|  0%| F|  |TAMS 0x0000000657a00000, 0x0000000657a00000| Untracked 
| 379|0x0000000657b00000, 0x0000000657b00000, 0x0000000657c00000|  0%| F|  |TAMS 0x0000000657b00000, 0x0000000657b00000| Untracked 
| 380|0x0000000657c00000, 0x0000000657c00000, 0x0000000657d00000|  0%| F|  |TAMS 0x0000000657c00000, 0x0000000657c00000| Untracked 
| 381|0x0000000657d00000, 0x0000000657d00000, 0x0000000657e00000|  0%| F|  |TAMS 0x0000000657d00000, 0x0000000657d00000| Untracked 
| 382|0x0000000657e00000, 0x0000000657e00000, 0x0000000657f00000|  0%| F|  |TAMS 0x0000000657e00000, 0x0000000657e00000| Untracked 
| 383|0x0000000657f00000, 0x0000000657f00000, 0x0000000658000000|  0%| F|  |TAMS 0x0000000657f00000, 0x0000000657f00000| Untracked 
| 384|0x0000000658000000, 0x0000000658000000, 0x0000000658100000|  0%| F|  |TAMS 0x0000000658000000, 0x0000000658000000| Untracked 
| 385|0x0000000658100000, 0x0000000658100000, 0x0000000658200000|  0%| F|  |TAMS 0x0000000658100000, 0x0000000658100000| Untracked 
| 386|0x0000000658200000, 0x0000000658200000, 0x0000000658300000|  0%| F|  |TAMS 0x0000000658200000, 0x0000000658200000| Untracked 
| 387|0x0000000658300000, 0x0000000658300000, 0x0000000658400000|  0%| F|  |TAMS 0x0000000658300000, 0x0000000658300000| Untracked 
| 388|0x0000000658400000, 0x0000000658400000, 0x0000000658500000|  0%| F|  |TAMS 0x0000000658400000, 0x0000000658400000| Untracked 
| 389|0x0000000658500000, 0x0000000658500000, 0x0000000658600000|  0%| F|  |TAMS 0x0000000658500000, 0x0000000658500000| Untracked 
| 390|0x0000000658600000, 0x0000000658600000, 0x0000000658700000|  0%| F|  |TAMS 0x0000000658600000, 0x0000000658600000| Untracked 
| 391|0x0000000658700000, 0x0000000658700000, 0x0000000658800000|  0%| F|  |TAMS 0x0000000658700000, 0x0000000658700000| Untracked 
| 392|0x0000000658800000, 0x0000000658800000, 0x0000000658900000|  0%| F|  |TAMS 0x0000000658800000, 0x0000000658800000| Untracked 
| 393|0x0000000658900000, 0x0000000658900000, 0x0000000658a00000|  0%| F|  |TAMS 0x0000000658900000, 0x0000000658900000| Untracked 
| 394|0x0000000658a00000, 0x0000000658a00000, 0x0000000658b00000|  0%| F|  |TAMS 0x0000000658a00000, 0x0000000658a00000| Untracked 
| 395|0x0000000658b00000, 0x0000000658b00000, 0x0000000658c00000|  0%| F|  |TAMS 0x0000000658b00000, 0x0000000658b00000| Untracked 
| 396|0x0000000658c00000, 0x0000000658c00000, 0x0000000658d00000|  0%| F|  |TAMS 0x0000000658c00000, 0x0000000658c00000| Untracked 
| 397|0x0000000658d00000, 0x0000000658d00000, 0x0000000658e00000|  0%| F|  |TAMS 0x0000000658d00000, 0x0000000658d00000| Untracked 
| 398|0x0000000658e00000, 0x0000000658e00000, 0x0000000658f00000|  0%| F|  |TAMS 0x0000000658e00000, 0x0000000658e00000| Untracked 
| 399|0x0000000658f00000, 0x0000000658f00000, 0x0000000659000000|  0%| F|  |TAMS 0x0000000658f00000, 0x0000000658f00000| Untracked 
| 400|0x0000000659000000, 0x0000000659000000, 0x0000000659100000|  0%| F|  |TAMS 0x0000000659000000, 0x0000000659000000| Untracked 
| 401|0x0000000659100000, 0x0000000659100000, 0x0000000659200000|  0%| F|  |TAMS 0x0000000659100000, 0x0000000659100000| Untracked 
| 402|0x0000000659200000, 0x0000000659300000, 0x0000000659300000|100%| E|  |TAMS 0x0000000659200000, 0x0000000659200000| Complete 
| 403|0x0000000659300000, 0x0000000659400000, 0x0000000659400000|100%| E|CS|TAMS 0x0000000659300000, 0x0000000659300000| Complete 
| 404|0x0000000659400000, 0x0000000659500000, 0x0000000659500000|100%| E|CS|TAMS 0x0000000659400000, 0x0000000659400000| Complete 
| 405|0x0000000659500000, 0x0000000659600000, 0x0000000659600000|100%| E|CS|TAMS 0x0000000659500000, 0x0000000659500000| Complete 
| 406|0x0000000659600000, 0x0000000659700000, 0x0000000659700000|100%| E|CS|TAMS 0x0000000659600000, 0x0000000659600000| Complete 
| 407|0x0000000659700000, 0x0000000659800000, 0x0000000659800000|100%| E|CS|TAMS 0x0000000659700000, 0x0000000659700000| Complete 
| 408|0x0000000659800000, 0x0000000659900000, 0x0000000659900000|100%| E|CS|TAMS 0x0000000659800000, 0x0000000659800000| Complete 
| 409|0x0000000659900000, 0x0000000659a00000, 0x0000000659a00000|100%| E|CS|TAMS 0x0000000659900000, 0x0000000659900000| Complete 
| 410|0x0000000659a00000, 0x0000000659b00000, 0x0000000659b00000|100%| E|CS|TAMS 0x0000000659a00000, 0x0000000659a00000| Complete 
| 411|0x0000000659b00000, 0x0000000659c00000, 0x0000000659c00000|100%| E|CS|TAMS 0x0000000659b00000, 0x0000000659b00000| Complete 
| 412|0x0000000659c00000, 0x0000000659d00000, 0x0000000659d00000|100%| E|CS|TAMS 0x0000000659c00000, 0x0000000659c00000| Complete 
| 413|0x0000000659d00000, 0x0000000659e00000, 0x0000000659e00000|100%| E|CS|TAMS 0x0000000659d00000, 0x0000000659d00000| Complete 
| 414|0x0000000659e00000, 0x0000000659f00000, 0x0000000659f00000|100%| E|CS|TAMS 0x0000000659e00000, 0x0000000659e00000| Complete 
| 415|0x0000000659f00000, 0x000000065a000000, 0x000000065a000000|100%| E|CS|TAMS 0x0000000659f00000, 0x0000000659f00000| Complete 
| 416|0x000000065a000000, 0x000000065a100000, 0x000000065a100000|100%| E|CS|TAMS 0x000000065a000000, 0x000000065a000000| Complete 
| 417|0x000000065a100000, 0x000000065a200000, 0x000000065a200000|100%| E|CS|TAMS 0x000000065a100000, 0x000000065a100000| Complete 
| 418|0x000000065a200000, 0x000000065a300000, 0x000000065a300000|100%| E|CS|TAMS 0x000000065a200000, 0x000000065a200000| Complete 
| 419|0x000000065a300000, 0x000000065a400000, 0x000000065a400000|100%| E|CS|TAMS 0x000000065a300000, 0x000000065a300000| Complete 
| 420|0x000000065a400000, 0x000000065a500000, 0x000000065a500000|100%| E|CS|TAMS 0x000000065a400000, 0x000000065a400000| Complete 
| 421|0x000000065a500000, 0x000000065a600000, 0x000000065a600000|100%| E|CS|TAMS 0x000000065a500000, 0x000000065a500000| Complete 
| 422|0x000000065a600000, 0x000000065a700000, 0x000000065a700000|100%| E|CS|TAMS 0x000000065a600000, 0x000000065a600000| Complete 
| 423|0x000000065a700000, 0x000000065a800000, 0x000000065a800000|100%| E|CS|TAMS 0x000000065a700000, 0x000000065a700000| Complete 
| 424|0x000000065a800000, 0x000000065a900000, 0x000000065a900000|100%| E|CS|TAMS 0x000000065a800000, 0x000000065a800000| Complete 
| 425|0x000000065a900000, 0x000000065aa00000, 0x000000065aa00000|100%| E|CS|TAMS 0x000000065a900000, 0x000000065a900000| Complete 
| 426|0x000000065aa00000, 0x000000065ab00000, 0x000000065ab00000|100%| E|CS|TAMS 0x000000065aa00000, 0x000000065aa00000| Complete 
| 427|0x000000065ab00000, 0x000000065ac00000, 0x000000065ac00000|100%| E|CS|TAMS 0x000000065ab00000, 0x000000065ab00000| Complete 
| 428|0x000000065ac00000, 0x000000065ad00000, 0x000000065ad00000|100%| E|CS|TAMS 0x000000065ac00000, 0x000000065ac00000| Complete 
| 429|0x000000065ad00000, 0x000000065ae00000, 0x000000065ae00000|100%| E|CS|TAMS 0x000000065ad00000, 0x000000065ad00000| Complete 
| 430|0x000000065ae00000, 0x000000065af00000, 0x000000065af00000|100%| E|CS|TAMS 0x000000065ae00000, 0x000000065ae00000| Complete 
| 431|0x000000065af00000, 0x000000065b000000, 0x000000065b000000|100%| E|CS|TAMS 0x000000065af00000, 0x000000065af00000| Complete 
| 432|0x000000065b000000, 0x000000065b100000, 0x000000065b100000|100%| E|CS|TAMS 0x000000065b000000, 0x000000065b000000| Complete 
| 433|0x000000065b100000, 0x000000065b200000, 0x000000065b200000|100%| E|CS|TAMS 0x000000065b100000, 0x000000065b100000| Complete 
| 434|0x000000065b200000, 0x000000065b300000, 0x000000065b300000|100%| E|CS|TAMS 0x000000065b200000, 0x000000065b200000| Complete 
| 435|0x000000065b300000, 0x000000065b400000, 0x000000065b400000|100%| E|CS|TAMS 0x000000065b300000, 0x000000065b300000| Complete 
| 436|0x000000065b400000, 0x000000065b500000, 0x000000065b500000|100%| E|CS|TAMS 0x000000065b400000, 0x000000065b400000| Complete 
| 437|0x000000065b500000, 0x000000065b600000, 0x000000065b600000|100%| E|CS|TAMS 0x000000065b500000, 0x000000065b500000| Complete 
| 438|0x000000065b600000, 0x000000065b700000, 0x000000065b700000|100%| E|CS|TAMS 0x000000065b600000, 0x000000065b600000| Complete 
| 439|0x000000065b700000, 0x000000065b800000, 0x000000065b800000|100%| E|CS|TAMS 0x000000065b700000, 0x000000065b700000| Complete 
| 440|0x000000065b800000, 0x000000065b900000, 0x000000065b900000|100%| E|CS|TAMS 0x000000065b800000, 0x000000065b800000| Complete 
| 441|0x000000065b900000, 0x000000065ba00000, 0x000000065ba00000|100%| E|CS|TAMS 0x000000065b900000, 0x000000065b900000| Complete 
| 442|0x000000065ba00000, 0x000000065bb00000, 0x000000065bb00000|100%| E|CS|TAMS 0x000000065ba00000, 0x000000065ba00000| Complete 
| 443|0x000000065bb00000, 0x000000065bc00000, 0x000000065bc00000|100%| E|CS|TAMS 0x000000065bb00000, 0x000000065bb00000| Complete 
| 444|0x000000065bc00000, 0x000000065bd00000, 0x000000065bd00000|100%| E|CS|TAMS 0x000000065bc00000, 0x000000065bc00000| Complete 
| 445|0x000000065bd00000, 0x000000065be00000, 0x000000065be00000|100%| E|CS|TAMS 0x000000065bd00000, 0x000000065bd00000| Complete 
| 446|0x000000065be00000, 0x000000065bf00000, 0x000000065bf00000|100%| E|CS|TAMS 0x000000065be00000, 0x000000065be00000| Complete 
| 447|0x000000065bf00000, 0x000000065c000000, 0x000000065c000000|100%| E|CS|TAMS 0x000000065bf00000, 0x000000065bf00000| Complete 
| 448|0x000000065c000000, 0x000000065c100000, 0x000000065c100000|100%| E|CS|TAMS 0x000000065c000000, 0x000000065c000000| Complete 
| 449|0x000000065c100000, 0x000000065c200000, 0x000000065c200000|100%| E|CS|TAMS 0x000000065c100000, 0x000000065c100000| Complete 
| 450|0x000000065c200000, 0x000000065c300000, 0x000000065c300000|100%| E|CS|TAMS 0x000000065c200000, 0x000000065c200000| Complete 
| 451|0x000000065c300000, 0x000000065c400000, 0x000000065c400000|100%| E|CS|TAMS 0x000000065c300000, 0x000000065c300000| Complete 
| 452|0x000000065c400000, 0x000000065c500000, 0x000000065c500000|100%| E|CS|TAMS 0x000000065c400000, 0x000000065c400000| Complete 
| 453|0x000000065c500000, 0x000000065c600000, 0x000000065c600000|100%| E|CS|TAMS 0x000000065c500000, 0x000000065c500000| Complete 
| 454|0x000000065c600000, 0x000000065c700000, 0x000000065c700000|100%| E|CS|TAMS 0x000000065c600000, 0x000000065c600000| Complete 
| 455|0x000000065c700000, 0x000000065c800000, 0x000000065c800000|100%| E|CS|TAMS 0x000000065c700000, 0x000000065c700000| Complete 
| 456|0x000000065c800000, 0x000000065c900000, 0x000000065c900000|100%| E|CS|TAMS 0x000000065c800000, 0x000000065c800000| Complete 
| 457|0x000000065c900000, 0x000000065ca00000, 0x000000065ca00000|100%| E|CS|TAMS 0x000000065c900000, 0x000000065c900000| Complete 
| 458|0x000000065ca00000, 0x000000065cb00000, 0x000000065cb00000|100%| E|CS|TAMS 0x000000065ca00000, 0x000000065ca00000| Complete 
| 459|0x000000065cb00000, 0x000000065cc00000, 0x000000065cc00000|100%| E|CS|TAMS 0x000000065cb00000, 0x000000065cb00000| Complete 
| 460|0x000000065cc00000, 0x000000065cd00000, 0x000000065cd00000|100%| E|CS|TAMS 0x000000065cc00000, 0x000000065cc00000| Complete 
| 461|0x000000065cd00000, 0x000000065ce00000, 0x000000065ce00000|100%| E|CS|TAMS 0x000000065cd00000, 0x000000065cd00000| Complete 
| 462|0x000000065ce00000, 0x000000065cf00000, 0x000000065cf00000|100%| E|CS|TAMS 0x000000065ce00000, 0x000000065ce00000| Complete 
| 463|0x000000065cf00000, 0x000000065d000000, 0x000000065d000000|100%| E|CS|TAMS 0x000000065cf00000, 0x000000065cf00000| Complete 
| 464|0x000000065d000000, 0x000000065d100000, 0x000000065d100000|100%| E|CS|TAMS 0x000000065d000000, 0x000000065d000000| Complete 
| 465|0x000000065d100000, 0x000000065d200000, 0x000000065d200000|100%| E|CS|TAMS 0x000000065d100000, 0x000000065d100000| Complete 
| 466|0x000000065d200000, 0x000000065d300000, 0x000000065d300000|100%| E|CS|TAMS 0x000000065d200000, 0x000000065d200000| Complete 
| 467|0x000000065d300000, 0x000000065d400000, 0x000000065d400000|100%| E|CS|TAMS 0x000000065d300000, 0x000000065d300000| Complete 
| 468|0x000000065d400000, 0x000000065d500000, 0x000000065d500000|100%| E|CS|TAMS 0x000000065d400000, 0x000000065d400000| Complete 
| 469|0x000000065d500000, 0x000000065d600000, 0x000000065d600000|100%| E|CS|TAMS 0x000000065d500000, 0x000000065d500000| Complete 
| 470|0x000000065d600000, 0x000000065d700000, 0x000000065d700000|100%| E|CS|TAMS 0x000000065d600000, 0x000000065d600000| Complete 
| 471|0x000000065d700000, 0x000000065d800000, 0x000000065d800000|100%| E|CS|TAMS 0x000000065d700000, 0x000000065d700000| Complete 
| 472|0x000000065d800000, 0x000000065d900000, 0x000000065d900000|100%| E|CS|TAMS 0x000000065d800000, 0x000000065d800000| Complete 
| 473|0x000000065d900000, 0x000000065da00000, 0x000000065da00000|100%| E|CS|TAMS 0x000000065d900000, 0x000000065d900000| Complete 
| 474|0x000000065da00000, 0x000000065db00000, 0x000000065db00000|100%| E|CS|TAMS 0x000000065da00000, 0x000000065da00000| Complete 
| 475|0x000000065db00000, 0x000000065dc00000, 0x000000065dc00000|100%| E|CS|TAMS 0x000000065db00000, 0x000000065db00000| Complete 
| 476|0x000000065dc00000, 0x000000065dd00000, 0x000000065dd00000|100%| E|CS|TAMS 0x000000065dc00000, 0x000000065dc00000| Complete 
| 477|0x000000065dd00000, 0x000000065de00000, 0x000000065de00000|100%| E|CS|TAMS 0x000000065dd00000, 0x000000065dd00000| Complete 
| 478|0x000000065de00000, 0x000000065df00000, 0x000000065df00000|100%| E|CS|TAMS 0x000000065de00000, 0x000000065de00000| Complete 
| 479|0x000000065df00000, 0x000000065e000000, 0x000000065e000000|100%| E|CS|TAMS 0x000000065df00000, 0x000000065df00000| Complete 
| 480|0x000000065e000000, 0x000000065e100000, 0x000000065e100000|100%| E|CS|TAMS 0x000000065e000000, 0x000000065e000000| Complete 
| 481|0x000000065e100000, 0x000000065e200000, 0x000000065e200000|100%| E|CS|TAMS 0x000000065e100000, 0x000000065e100000| Complete 
| 482|0x000000065e200000, 0x000000065e300000, 0x000000065e300000|100%| E|CS|TAMS 0x000000065e200000, 0x000000065e200000| Complete 
| 483|0x000000065e300000, 0x000000065e400000, 0x000000065e400000|100%| E|CS|TAMS 0x000000065e300000, 0x000000065e300000| Complete 
| 484|0x000000065e400000, 0x000000065e500000, 0x000000065e500000|100%| E|CS|TAMS 0x000000065e400000, 0x000000065e400000| Complete 
| 485|0x000000065e500000, 0x000000065e600000, 0x000000065e600000|100%| E|CS|TAMS 0x000000065e500000, 0x000000065e500000| Complete 
| 486|0x000000065e600000, 0x000000065e700000, 0x000000065e700000|100%| E|CS|TAMS 0x000000065e600000, 0x000000065e600000| Complete 
| 487|0x000000065e700000, 0x000000065e800000, 0x000000065e800000|100%| E|CS|TAMS 0x000000065e700000, 0x000000065e700000| Complete 
| 488|0x000000065e800000, 0x000000065e900000, 0x000000065e900000|100%| E|CS|TAMS 0x000000065e800000, 0x000000065e800000| Complete 
| 489|0x000000065e900000, 0x000000065ea00000, 0x000000065ea00000|100%| E|CS|TAMS 0x000000065e900000, 0x000000065e900000| Complete 
| 490|0x000000065ea00000, 0x000000065eb00000, 0x000000065eb00000|100%| E|CS|TAMS 0x000000065ea00000, 0x000000065ea00000| Complete 
| 491|0x000000065eb00000, 0x000000065ec00000, 0x000000065ec00000|100%| E|CS|TAMS 0x000000065eb00000, 0x000000065eb00000| Complete 
| 492|0x000000065ec00000, 0x000000065ed00000, 0x000000065ed00000|100%| E|CS|TAMS 0x000000065ec00000, 0x000000065ec00000| Complete 
| 493|0x000000065ed00000, 0x000000065ee00000, 0x000000065ee00000|100%| E|CS|TAMS 0x000000065ed00000, 0x000000065ed00000| Complete 
| 494|0x000000065ee00000, 0x000000065ef00000, 0x000000065ef00000|100%| E|CS|TAMS 0x000000065ee00000, 0x000000065ee00000| Complete 
| 495|0x000000065ef00000, 0x000000065f000000, 0x000000065f000000|100%| E|CS|TAMS 0x000000065ef00000, 0x000000065ef00000| Complete 
| 496|0x000000065f000000, 0x000000065f100000, 0x000000065f100000|100%| E|CS|TAMS 0x000000065f000000, 0x000000065f000000| Complete 
| 497|0x000000065f100000, 0x000000065f200000, 0x000000065f200000|100%| E|CS|TAMS 0x000000065f100000, 0x000000065f100000| Complete 
| 498|0x000000065f200000, 0x000000065f300000, 0x000000065f300000|100%| E|CS|TAMS 0x000000065f200000, 0x000000065f200000| Complete 
| 499|0x000000065f300000, 0x000000065f400000, 0x000000065f400000|100%| E|CS|TAMS 0x000000065f300000, 0x000000065f300000| Complete 
| 500|0x000000065f400000, 0x000000065f500000, 0x000000065f500000|100%| E|CS|TAMS 0x000000065f400000, 0x000000065f400000| Complete 
| 501|0x000000065f500000, 0x000000065f600000, 0x000000065f600000|100%| E|CS|TAMS 0x000000065f500000, 0x000000065f500000| Complete 
| 502|0x000000065f600000, 0x000000065f700000, 0x000000065f700000|100%| E|CS|TAMS 0x000000065f600000, 0x000000065f600000| Complete 
| 503|0x000000065f700000, 0x000000065f800000, 0x000000065f800000|100%| E|CS|TAMS 0x000000065f700000, 0x000000065f700000| Complete 
| 504|0x000000065f800000, 0x000000065f900000, 0x000000065f900000|100%| E|CS|TAMS 0x000000065f800000, 0x000000065f800000| Complete 
| 505|0x000000065f900000, 0x000000065fa00000, 0x000000065fa00000|100%| E|CS|TAMS 0x000000065f900000, 0x000000065f900000| Complete 

Card table byte_map: [0x000000011c760000,0x000000011d360000] _byte_map_base: 0x0000000119560000

Marking Bits (Prev, Next): (CMBitMap*) 0x000000012c82d418, (CMBitMap*) 0x000000012c82d450
 Prev Bits: [0x0000000138000000, 0x000000013e000000)
 Next Bits: [0x000000013e000000, 0x0000000144000000)

Polling page: 0x00000001029b8000

Metaspace:

Usage:
  Non-class:     37.18 MB capacity,    36.62 MB ( 98%) used,   449.85 KB (  1%) free+waste,   121.88 KB ( <1%) overhead. 
      Class:      5.63 MB capacity,     5.20 MB ( 92%) used,   376.43 KB (  7%) free+waste,    62.69 KB (  1%) overhead. 
       Both:     42.81 MB capacity,    41.82 MB ( 98%) used,   826.28 KB (  2%) free+waste,   184.56 KB ( <1%) overhead. 

Virtual space:
  Non-class space:       38.00 MB reserved,      37.25 MB ( 98%) committed 
      Class space:        1.00 GB reserved,       5.75 MB ( <1%) committed 
             Both:        1.04 GB reserved,      43.00 MB (  4%) committed 

Chunk freelists:
   Non-Class:  10.00 KB
       Class:  23.00 KB
        Both:  33.00 KB

MaxMetaspaceSize: unlimited
CompressedClassSpaceSize: 1.00 GB
Initial GC threshold: 20.80 MB
Current GC threshold: 58.75 MB
CDS: off

CodeHeap 'non-profiled nmethods': size=238384Kb used=6300Kb max_used=6300Kb free=232083Kb
 bounds [0x000000010d294000, 0x000000010d8c4000, 0x000000011bb60000]
CodeHeap 'non-nmethods': size=7376Kb used=1248Kb max_used=1248Kb free=6127Kb
 bounds [0x000000010cb60000, 0x000000010cdd0000, 0x000000010d294000]
 total_blobs=4245 nmethods=3665 adapters=511
 compilation: enabled
              stopped_count=0, restarted_count=0
 full_count=0

Compilation events (20 events):
Event: 1.457 Thread 0x0000000129015800 nmethod 3794 0x000000010d8b2e10 code [0x000000010d8b2fc0, 0x000000010d8b3350]
Event: 1.457 Thread 0x0000000129015800 3795       1       org.springframework.core.convert.TypeDescriptor::equals (113 bytes)
Event: 1.458 Thread 0x0000000129015800 nmethod 3795 0x000000010d8b3490 code [0x000000010d8b3980, 0x000000010d8b4f00]
Event: 1.461 Thread 0x0000000129015800 3796   !   1       org.springframework.boot.autoconfigure.condition.OnClassCondition$StandardOutcomesResolver::getOutcome (74 bytes)
Event: 1.461 Thread 0x0000000129015800 nmethod 3796 0x000000010d8b5a90 code [0x000000010d8b5c80, 0x000000010d8b5f90]
Event: 1.463 Thread 0x0000000129015800 3797       1       org.springframework.boot.autoconfigure.condition.ConditionMessage::andCondition (64 bytes)
Event: 1.463 Thread 0x0000000129015800 nmethod 3797 0x000000010d8b6210 code [0x000000010d8b6480, 0x000000010d8b6bd0]
Event: 1.463 Thread 0x0000000129015800 3798       1       org.springframework.util.StringUtils::arrayToDelimitedString (75 bytes)
Event: 1.463 Thread 0x0000000129015800 nmethod 3798 0x000000010d8b6f10 code [0x000000010d8b7140, 0x000000010d8b74c0]
Event: 1.463 Thread 0x0000000129015800 3799       1       org.springframework.boot.autoconfigure.condition.ConditionMessage$Builder::<init> (7 bytes)
Event: 1.464 Thread 0x0000000129015800 nmethod 3799 0x000000010d8b7710 code [0x000000010d8b78c0, 0x000000010d8b7ad0]
Event: 1.464 Thread 0x0000000129015800 3800       1       org.springframework.boot.autoconfigure.condition.ConditionMessage$Builder::<init> (15 bytes)
Event: 1.464 Thread 0x0000000129015800 nmethod 3800 0x000000010d8b7b90 code [0x000000010d8b7d40, 0x000000010d8b7f50]
Event: 1.464 Thread 0x0000000129015800 3801       1       org.springframework.util.ClassUtils::getShortName (8 bytes)
Event: 1.464 Thread 0x0000000129015800 nmethod 3801 0x000000010d8b8010 code [0x000000010d8b8200, 0x000000010d8b83e0]
Event: 1.464 Thread 0x0000000129015800 3802       1       org.springframework.util.ClassUtils::getQualifiedName (11 bytes)
Event: 1.464 Thread 0x0000000129015800 nmethod 3802 0x000000010d8b8510 code [0x000000010d8b86c0, 0x000000010d8b8870]
Event: 1.464 Thread 0x0000000129015800 3803       1       org.springframework.boot.autoconfigure.condition.ConditionMessage::andCondition (34 bytes)
Event: 1.464 Thread 0x0000000129015800 nmethod 3803 0x000000010d8b8990 code [0x000000010d8b8c00, 0x000000010d8b9170]
Event: 1.464 Thread 0x0000000129015800 3804       1       org.springframework.boot.autoconfigure.condition.ConditionMessage::<init> (43 bytes)

GC Heap History (10 events):
Event: 0.309 GC heap before
{Heap before GC invocations=0 (full 0):
 garbage-first heap   total 393216K, used 25600K [0x0000000640000000, 0x00000007c0000000)
  region size 1024K, 24 young (24576K), 0 survivors (0K)
 Metaspace       used 13024K, capacity 13320K, committed 13568K, reserved 1060864K
  class space    used 1355K, capacity 1453K, committed 1536K, reserved 1048576K
}
Event: 0.316 GC heap after
{Heap after GC invocations=1 (full 0):
 garbage-first heap   total 393216K, used 10084K [0x0000000640000000, 0x00000007c0000000)
  region size 1024K, 3 young (3072K), 3 survivors (3072K)
 Metaspace       used 13024K, capacity 13320K, committed 13568K, reserved 1060864K
  class space    used 1355K, capacity 1453K, committed 1536K, reserved 1048576K
}
Event: 0.430 GC heap before
{Heap before GC invocations=1 (full 0):
 garbage-first heap   total 393216K, used 26468K [0x0000000640000000, 0x00000007c0000000)
  region size 1024K, 19 young (19456K), 3 survivors (3072K)
 Metaspace       used 14600K, capacity 15047K, committed 15104K, reserved 1062912K
  class space    used 1585K, capacity 1763K, committed 1792K, reserved 1048576K
}
Event: 0.437 GC heap after
{Heap after GC invocations=2 (full 0):
 garbage-first heap   total 393216K, used 10676K [0x0000000640000000, 0x00000007c0000000)
  region size 1024K, 1 young (1024K), 1 survivors (1024K)
 Metaspace       used 14600K, capacity 15047K, committed 15104K, reserved 1062912K
  class space    used 1585K, capacity 1763K, committed 1792K, reserved 1048576K
}
Event: 0.618 GC heap before
{Heap before GC invocations=2 (full 0):
 garbage-first heap   total 393216K, used 56756K [0x0000000640000000, 0x00000007c0000000)
  region size 1024K, 47 young (48128K), 1 survivors (1024K)
 Metaspace       used 20421K, capacity 21087K, committed 21248K, reserved 1067008K
  class space    used 2412K, capacity 2712K, committed 2816K, reserved 1048576K
}
Event: 0.622 GC heap after
{Heap after GC invocations=3 (full 0):
 garbage-first heap   total 393216K, used 12432K [0x0000000640000000, 0x00000007c0000000)
  region size 1024K, 3 young (3072K), 3 survivors (3072K)
 Metaspace       used 20421K, capacity 21087K, committed 21248K, reserved 1067008K
  class space    used 2412K, capacity 2712K, committed 2816K, reserved 1048576K
}
Event: 0.763 GC heap before
{Heap before GC invocations=4 (full 0):
 garbage-first heap   total 393216K, used 78992K [0x0000000640000000, 0x00000007c0000000)
  region size 1024K, 68 young (69632K), 3 survivors (3072K)
 Metaspace       used 25063K, capacity 25765K, committed 25984K, reserved 1071104K
  class space    used 3108K, capacity 3393K, committed 3456K, reserved 1048576K
}
Event: 0.768 GC heap after
{Heap after GC invocations=5 (full 0):
 garbage-first heap   total 393216K, used 13816K [0x0000000640000000, 0x00000007c0000000)
  region size 1024K, 4 young (4096K), 4 survivors (4096K)
 Metaspace       used 25063K, capacity 25765K, committed 25984K, reserved 1071104K
  class space    used 3108K, capacity 3393K, committed 3456K, reserved 1048576K
}
Event: 1.071 GC heap before
{Heap before GC invocations=5 (full 0):
 garbage-first heap   total 393216K, used 129528K [0x0000000640000000, 0x00000007c0000000)
  region size 1024K, 118 young (120832K), 4 survivors (4096K)
 Metaspace       used 34885K, capacity 35767K, committed 35840K, reserved 1081344K
  class space    used 4324K, capacity 4710K, committed 4736K, reserved 1048576K
}
Event: 1.076 GC heap after
{Heap after GC invocations=6 (full 0):
 garbage-first heap   total 518144K, used 16433K [0x0000000640000000, 0x00000007c0000000)
  region size 1024K, 7 young (7168K), 7 survivors (7168K)
 Metaspace       used 34885K, capacity 35767K, committed 35840K, reserved 1081344K
  class space    used 4324K, capacity 4710K, committed 4736K, reserved 1048576K
}

Deoptimization events (20 events):
Event: 0.631 Thread 0x000000012c808800 DEOPT PACKING pc=0x000000010d49dbec sp=0x000000016d764cc0
Event: 0.631 Thread 0x000000012c808800 DEOPT UNPACKING pc=0x000000010cb9527c sp=0x000000016d764b10 mode 3
Event: 0.651 Thread 0x000000012ba22000 DEOPT PACKING pc=0x000000010d31b5d8 sp=0x0000000301266070
Event: 0.651 Thread 0x000000012ba22000 DEOPT UNPACKING pc=0x000000010cb9527c sp=0x0000000301265eb0 mode 3
Event: 0.819 Thread 0x000000012ba22000 DEOPT PACKING pc=0x000000010d335dbc sp=0x00000003012654d0
Event: 0.819 Thread 0x000000012ba22000 DEOPT UNPACKING pc=0x000000010cb9527c sp=0x00000003012652f0 mode 3
Event: 0.910 Thread 0x000000012c808800 DEOPT PACKING pc=0x000000010d671d54 sp=0x000000016d7652e0
Event: 0.910 Thread 0x000000012c808800 DEOPT UNPACKING pc=0x000000010cb9527c sp=0x000000016d765100 mode 3
Event: 0.946 Thread 0x000000012c808800 DEOPT PACKING pc=0x000000010d3ffc6c sp=0x000000016d766400
Event: 0.946 Thread 0x000000012c808800 DEOPT UNPACKING pc=0x000000010cb9527c sp=0x000000016d7662a0 mode 3
Event: 0.971 Thread 0x000000012c808800 DEOPT PACKING pc=0x000000010d71dad0 sp=0x000000016d764a40
Event: 0.971 Thread 0x000000012c808800 DEOPT UNPACKING pc=0x000000010cb9527c sp=0x000000016d764900 mode 3
Event: 0.986 Thread 0x000000012c808800 DEOPT PACKING pc=0x000000010d7250c4 sp=0x000000016d764a40
Event: 0.986 Thread 0x000000012c808800 DEOPT UNPACKING pc=0x000000010cb9527c sp=0x000000016d764900 mode 3
Event: 0.986 Thread 0x000000012c808800 DEOPT PACKING pc=0x000000010d722cfc sp=0x000000016d764a10
Event: 0.986 Thread 0x000000012c808800 DEOPT UNPACKING pc=0x000000010cb9527c sp=0x000000016d7648e0 mode 3
Event: 1.059 Thread 0x000000012c808800 DEOPT PACKING pc=0x000000010d475090 sp=0x000000016d7647f0
Event: 1.059 Thread 0x000000012c808800 DEOPT UNPACKING pc=0x000000010cb9527c sp=0x000000016d764620 mode 0
Event: 1.329 Thread 0x000000012c808800 DEOPT PACKING pc=0x000000010d735114 sp=0x000000016d765220
Event: 1.329 Thread 0x000000012c808800 DEOPT UNPACKING pc=0x000000010cb9527c sp=0x000000016d765050 mode 3

Classes redefined (0 events):
No events

Internal exceptions (20 events):
Event: 1.214 Thread 0x000000012c342800 Exception <a 'java/lang/NoSuchMethodError'{0x000000065df5c8e0}: <clinit>> (0x000000065df5c8e0) thrown at [src/hotspot/share/prims/jni.cpp, line 1372]
Event: 1.219 Thread 0x000000012b07e000 Exception <a 'java/lang/NoSuchMethodError'{0x000000065dec20c8}: 'java.lang.Object java.lang.invoke.Invokers$Holder.linkToTargetMethod(java.lang.Object, long, java.lang.Object)'> (0x000000065dec20c8) thrown at [src/hotspot/share/interpreter/linkResolver.cpp, line 773]
Event: 1.219 Thread 0x000000012c342800 Exception <a 'java/lang/ClassNotFoundException'{0x000000065de1fbb8}: javax/management/remote/rmi/RMIConnectionImpl_Skel> (0x000000065de1fbb8) thrown at [src/hotspot/share/classfile/systemDictionary.cpp, line 230]
Event: 1.223 Thread 0x000000012c342800 Exception <a 'java/lang/reflect/InvocationTargetException'{0x000000065de54568}> (0x000000065de54568) thrown at [src/hotspot/share/runtime/reflection.cpp, line 1245]
Event: 1.225 Thread 0x000000012c342800 Exception <a 'java/lang/NoSuchMethodError'{0x000000065dd002b8}: <clinit>> (0x000000065dd002b8) thrown at [src/hotspot/share/prims/jni.cpp, line 1372]
Event: 1.324 Thread 0x000000012c808800 Exception <a 'java/lang/ClassNotFoundException'{0x000000065d2c0318}: java/lang/ObjectCustomizer> (0x000000065d2c0318) thrown at [src/hotspot/share/classfile/systemDictionary.cpp, line 230]
Event: 1.325 Thread 0x000000012c808800 Exception <a 'java/lang/ClassNotFoundException'{0x000000065d2f1830}: org/springframework/context/annotation/ConfigurationClassPostProcessorCustomizer> (0x000000065d2f1830) thrown at [src/hotspot/share/classfile/systemDictionary.cpp, line 230]
Event: 1.325 Thread 0x000000012c808800 Exception <a 'java/lang/ClassNotFoundException'{0x000000065d132dd0}: org/springframework/beans/factory/support/BeanDefinitionRegistryPostProcessorCustomizer> (0x000000065d132dd0) thrown at [src/hotspot/share/classfile/systemDictionary.cpp, line 230]
Event: 1.325 Thread 0x000000012c808800 Exception <a 'java/lang/ClassNotFoundException'{0x000000065d160810}: org/springframework/beans/factory/config/BeanFactoryPostProcessorCustomizer> (0x000000065d160810) thrown at [src/hotspot/share/classfile/systemDictionary.cpp, line 230]
Event: 1.326 Thread 0x000000012c808800 Exception <a 'java/lang/ClassNotFoundException'{0x000000065d187058}: org/springframework/core/PriorityOrderedCustomizer> (0x000000065d187058) thrown at [src/hotspot/share/classfile/systemDictionary.cpp, line 230]
Event: 1.326 Thread 0x000000012c808800 Exception <a 'java/lang/ClassNotFoundException'{0x000000065d1aa5a8}: org/springframework/core/OrderedCustomizer> (0x000000065d1aa5a8) thrown at [src/hotspot/share/classfile/systemDictionary.cpp, line 230]
Event: 1.326 Thread 0x000000012c808800 Exception <a 'java/lang/ClassNotFoundException'{0x000000065d1d24c0}: org/springframework/context/ResourceLoaderAwareCustomizer> (0x000000065d1d24c0) thrown at [src/hotspot/share/classfile/systemDictionary.cpp, line 230]
Event: 1.326 Thread 0x000000012c808800 Exception <a 'java/lang/ClassNotFoundException'{0x000000065d1f82e0}: org/springframework/beans/factory/AwareCustomizer> (0x000000065d1f82e0) thrown at [src/hotspot/share/classfile/systemDictionary.cpp, line 230]
Event: 1.326 Thread 0x000000012c808800 Exception <a 'java/lang/ClassNotFoundException'{0x000000065d021500}: org/springframework/context/ApplicationStartupAwareCustomizer> (0x000000065d021500) thrown at [src/hotspot/share/classfile/systemDictionary.cpp, line 230]
Event: 1.326 Thread 0x000000012c808800 Exception <a 'java/lang/ClassNotFoundException'{0x000000065d0475d0}: org/springframework/beans/factory/AwareCustomizer> (0x000000065d0475d0) thrown at [src/hotspot/share/classfile/systemDictionary.cpp, line 230]
Event: 1.327 Thread 0x000000012c808800 Exception <a 'java/lang/ClassNotFoundException'{0x000000065d070cb8}: org/springframework/beans/factory/BeanClassLoaderAwareCustomizer> (0x000000065d070cb8) thrown at [src/hotspot/share/classfile/systemDictionary.cpp, line 230]
Event: 1.327 Thread 0x000000012c808800 Exception <a 'java/lang/ClassNotFoundException'{0x000000065d096f30}: org/springframework/beans/factory/AwareCustomizer> (0x000000065d096f30) thrown at [src/hotspot/share/classfile/systemDictionary.cpp, line 230]
Event: 1.327 Thread 0x000000012c808800 Exception <a 'java/lang/ClassNotFoundException'{0x000000065d0bddb8}: org/springframework/context/EnvironmentAwareCustomizer> (0x000000065d0bddb8) thrown at [src/hotspot/share/classfile/systemDictionary.cpp, line 230]
Event: 1.327 Thread 0x000000012c808800 Exception <a 'java/lang/ClassNotFoundException'{0x000000065d0e3ba8}: org/springframework/beans/factory/AwareCustomizer> (0x000000065d0e3ba8) thrown at [src/hotspot/share/classfile/systemDictionary.cpp, line 230]
Event: 1.439 Thread 0x0000000129893800 Exception <a 'java/lang/NoClassDefFoundError'{0x000000065a1a1cd0}: org/glassfish/jersey/server/monitoring/ApplicationEventListener> (0x000000065a1a1cd0) thrown at [src/hotspot/share/classfile/systemDictionary.cpp, line 219]

Events (20 events):
Event: 1.464 loading class io/micrometer/newrelic/NewRelicMeterRegistry
Event: 1.464 loading class io/micrometer/newrelic/NewRelicMeterRegistry done
Event: 1.464 loading class graphql/GraphQL
Event: 1.464 loading class graphql/GraphQL done
Event: 1.464 loading class io/micrometer/prometheus/PrometheusMeterRegistry
Event: 1.464 loading class io/micrometer/prometheus/PrometheusMeterRegistry done
Event: 1.464 loading class graphql/GraphQL
Event: 1.464 loading class graphql/GraphQL done
Event: 1.464 loading class io/micrometer/signalfx/SignalFxMeterRegistry
Event: 1.464 loading class io/micrometer/signalfx/SignalFxMeterRegistry done
Event: 1.464 loading class graphql/GraphQL
Event: 1.464 loading class graphql/GraphQL done
Event: 1.464 loading class io/micrometer/stackdriver/StackdriverMeterRegistry
Event: 1.464 loading class io/micrometer/stackdriver/StackdriverMeterRegistry done
Event: 1.464 loading class graphql/GraphQL
Event: 1.464 loading class graphql/GraphQL done
Event: 1.464 loading class io/micrometer/statsd/StatsdMeterRegistry
Event: 1.464 loading class io/micrometer/statsd/StatsdMeterRegistry done
Event: 1.464 loading class graphql/GraphQL
Event: 1.464 loading class graphql/GraphQL done


Dynamic libraries:
0x0000000102964000 	/opt/homebrew/Cellar/openjdk@11/11.0.25/libexec/openjdk.jdk/Contents/Home/lib/jli/libjli.dylib
0x00000001a46c1000 	/System/Library/Frameworks/Cocoa.framework/Versions/A/Cocoa
0x000000018c5f7000 	/System/Library/Frameworks/AppKit.framework/Versions/C/AppKit
0x000000018f8af000 	/System/Library/Frameworks/CoreData.framework/Versions/A/CoreData
0x0000000189c31000 	/System/Library/Frameworks/Foundation.framework/Versions/C/Foundation
0x00000001965b5000 	/usr/lib/libSystem.B.dylib
0x000000018da34000 	/System/Library/PrivateFrameworks/UIFoundation.framework/Versions/A/UIFoundation
0x000000023172f000 	/System/Library/PrivateFrameworks/CollectionViewCore.framework/Versions/A/CollectionViewCore
0x000000019d841000 	/System/Library/PrivateFrameworks/RemoteViewServices.framework/Versions/A/RemoteViewServices
0x000000019423b000 	/System/Library/PrivateFrameworks/XCTTargetBootstrap.framework/Versions/A/XCTTargetBootstrap
0x0000000198c9b000 	/System/Library/PrivateFrameworks/InternationalSupport.framework/Versions/A/InternationalSupport
0x0000000198cfa000 	/System/Library/PrivateFrameworks/UserActivity.framework/Versions/A/UserActivity
0x000000025cfb3000 	/System/Library/PrivateFrameworks/UIIntelligenceSupport.framework/Versions/A/UIIntelligenceSupport
0x0000000227af8000 	/System/Library/Frameworks/SwiftUICore.framework/Versions/A/SwiftUICore
0x0000000261f64000 	/System/Library/PrivateFrameworks/WritingTools.framework/Versions/A/WritingTools
0x0000000260fb7000 	/System/Library/PrivateFrameworks/WindowManagement.framework/Versions/A/WindowManagement
0x000000018988b000 	/System/Library/Frameworks/SystemConfiguration.framework/Versions/A/SystemConfiguration
0x00000001980e4000 	/usr/lib/libspindump.dylib
0x000000018dbe6000 	/System/Library/Frameworks/UniformTypeIdentifiers.framework/Versions/A/UniformTypeIdentifiers
0x00000001959b3000 	/usr/lib/libbsm.0.dylib
0x0000000191cfd000 	/usr/lib/libapp_launch_measurement.dylib
0x00000001910f9000 	/System/Library/PrivateFrameworks/CoreAnalytics.framework/Versions/A/CoreAnalytics
0x0000000191d01000 	/System/Library/PrivateFrameworks/CoreAutoLayout.framework/Versions/A/CoreAutoLayout
0x0000000193884000 	/System/Library/Frameworks/Metal.framework/Versions/A/Metal
0x0000000194a82000 	/usr/lib/liblangid.dylib
0x0000000194241000 	/System/Library/PrivateFrameworks/CoreSVG.framework/Versions/A/CoreSVG
0x000000018e607000 	/System/Library/PrivateFrameworks/SkyLight.framework/Versions/A/SkyLight
0x000000018eb34000 	/System/Library/Frameworks/CoreGraphics.framework/Versions/A/CoreGraphics
0x000000019df1a000 	/System/Library/Frameworks/Accelerate.framework/Versions/A/Accelerate
0x0000000197f16000 	/System/Library/PrivateFrameworks/IconServices.framework/Versions/A/IconServices
0x0000000193861000 	/System/Library/Frameworks/IOSurface.framework/Versions/A/IOSurface
0x000000019112b000 	/usr/lib/libDiagnosticMessagesClient.dylib
0x00000001964f9000 	/usr/lib/libz.1.dylib
0x00000001a1da6000 	/System/Library/Frameworks/ApplicationServices.framework/Versions/A/ApplicationServices
0x0000000194226000 	/System/Library/PrivateFrameworks/DFRFoundation.framework/Versions/A/DFRFoundation
0x000000018be61000 	/usr/lib/libicucore.A.dylib
0x0000000199e14000 	/System/Library/Frameworks/AudioToolbox.framework/Versions/A/AudioToolbox
0x0000000198cab000 	/System/Library/PrivateFrameworks/DataDetectorsCore.framework/Versions/A/DataDetectorsCore
0x00000001b4341000 	/System/Library/PrivateFrameworks/TextInput.framework/Versions/A/TextInput
0x000000018e553000 	/usr/lib/libMobileGestalt.dylib
0x0000000193f1e000 	/System/Library/Frameworks/Carbon.framework/Versions/A/Frameworks/HIToolbox.framework/Versions/A/HIToolbox
0x00000001915fc000 	/System/Library/Frameworks/QuartzCore.framework/Versions/A/QuartzCore
0x000000018ba6a000 	/System/Library/Frameworks/Security.framework/Versions/A/Security
0x000000019d87c000 	/System/Library/Frameworks/Carbon.framework/Versions/A/Frameworks/SpeechRecognition.framework/Versions/A/SpeechRecognition
0x0000000191a16000 	/System/Library/PrivateFrameworks/CoreUI.framework/Versions/A/CoreUI
0x000000018b31e000 	/System/Library/Frameworks/CoreAudio.framework/Versions/A/CoreAudio
0x0000000191217000 	/System/Library/Frameworks/DiskArbitration.framework/Versions/A/DiskArbitration
0x0000000198557000 	/System/Library/PrivateFrameworks/MultitouchSupport.framework/Versions/A/MultitouchSupport
0x000000018e551000 	/usr/lib/libenergytrace.dylib
0x00000001a8d29000 	/System/Library/PrivateFrameworks/RenderBox.framework/Versions/A/RenderBox
0x000000018c4a7000 	/System/Library/Frameworks/IOKit.framework/Versions/A/IOKit
0x000000019dc70000 	/System/Library/Frameworks/CoreServices.framework/Versions/A/CoreServices
0x0000000191c8e000 	/System/Library/PrivateFrameworks/PerformanceAnalysis.framework/Versions/A/PerformanceAnalysis
0x00000001e58b1000 	/System/Library/Frameworks/OpenGL.framework/Versions/A/OpenGL
0x0000000191d4b000 	/usr/lib/libxml2.2.dylib
0x0000000195898000 	/System/Library/PrivateFrameworks/MobileKeyBag.framework/Versions/A/MobileKeyBag
0x00000001885fc000 	/usr/lib/libobjc.A.dylib
0x00000001888e9000 	/usr/lib/libc++.1.dylib
0x000000019dbf0000 	/System/Library/Frameworks/Accessibility.framework/Versions/A/Accessibility
0x000000018f253000 	/System/Library/Frameworks/ColorSync.framework/Versions/A/ColorSync
0x0000000188a3f000 	/System/Library/Frameworks/CoreFoundation.framework/Versions/A/CoreFoundation
0x00000001945ff000 	/System/Library/Frameworks/CoreImage.framework/Versions/A/CoreImage
0x000000018b10e000 	/System/Library/Frameworks/CoreText.framework/Versions/A/CoreText
0x00000001e6e18000 	/System/Library/Frameworks/CoreTransferable.framework/Versions/A/CoreTransferable
0x00000001e73b7000 	/System/Library/Frameworks/DeveloperToolsSupport.framework/Versions/A/DeveloperToolsSupport
0x000000019427d000 	/System/Library/Frameworks/ImageIO.framework/Versions/A/ImageIO
0x0000000228712000 	/System/Library/Frameworks/Symbols.framework/Versions/A/Symbols
0x00000001965ba000 	/System/Library/PrivateFrameworks/SoftLinking.framework/Versions/A/SoftLinking
0x00000001c61b6000 	/usr/lib/swift/libswiftAccelerate.dylib
0x0000000199775000 	/usr/lib/swift/libswiftCore.dylib
0x00000001b0ac2000 	/usr/lib/swift/libswiftCoreFoundation.dylib
0x00000001b0b1f000 	/usr/lib/swift/libswiftCoreImage.dylib
0x00000001ae26e000 	/usr/lib/swift/libswiftDarwin.dylib
0x000000019f72a000 	/usr/lib/swift/libswiftDispatch.dylib
0x00000001b0b20000 	/usr/lib/swift/libswiftIOKit.dylib
0x00000001bd34d000 	/usr/lib/swift/libswiftMetal.dylib
0x00000001cb64b000 	/usr/lib/swift/libswiftOSLog.dylib
0x00000001a2311000 	/usr/lib/swift/libswiftObjectiveC.dylib
0x000000026914c000 	/usr/lib/swift/libswiftObservation.dylib
0x00000001c1c78000 	/usr/lib/swift/libswiftQuartzCore.dylib
0x00000001c61a7000 	/usr/lib/swift/libswiftUniformTypeIdentifiers.dylib
0x00000001b0ad4000 	/usr/lib/swift/libswiftXPC.dylib
0x0000000269242000 	/usr/lib/swift/libswift_Builtin_float.dylib
0x0000000269247000 	/usr/lib/swift/libswift_Concurrency.dylib
0x00000002693af000 	/usr/lib/swift/libswift_StringProcessing.dylib
0x0000000269462000 	/usr/lib/swift/libswift_errno.dylib
0x0000000269464000 	/usr/lib/swift/libswift_math.dylib
0x0000000269467000 	/usr/lib/swift/libswift_signal.dylib
0x0000000269468000 	/usr/lib/swift/libswift_stdio.dylib
0x0000000269469000 	/usr/lib/swift/libswift_time.dylib
0x00000001a2315000 	/usr/lib/swift/libswiftos.dylib
0x00000001b4298000 	/usr/lib/swift/libswiftsimd.dylib
0x000000026946a000 	/usr/lib/swift/libswiftsys_time.dylib
0x000000026946b000 	/usr/lib/swift/libswiftunistd.dylib
0x0000000196766000 	/usr/lib/libcompression.dylib
0x0000000198bf3000 	/System/Library/PrivateFrameworks/TextureIO.framework/Versions/A/TextureIO
0x0000000197ba7000 	/usr/lib/libate.dylib
0x00000001965af000 	/usr/lib/system/libcache.dylib
0x0000000196568000 	/usr/lib/system/libcommonCrypto.dylib
0x0000000196595000 	/usr/lib/system/libcompiler_rt.dylib
0x000000019658a000 	/usr/lib/system/libcopyfile.dylib
0x000000018873b000 	/usr/lib/system/libcorecrypto.dylib
0x000000018881d000 	/usr/lib/system/libdispatch.dylib
0x00000001889da000 	/usr/lib/system/libdyld.dylib
0x00000001965a5000 	/usr/lib/system/libkeymgr.dylib
0x0000000196547000 	/usr/lib/system/libmacho.dylib
0x000000019598c000 	/usr/lib/system/libquarantine.dylib
0x00000001965a2000 	/usr/lib/system/libremovefile.dylib
0x000000018e5cc000 	/usr/lib/system/libsystem_asl.dylib
0x00000001886d0000 	/usr/lib/system/libsystem_blocks.dylib
0x0000000188867000 	/usr/lib/system/libsystem_c.dylib
0x0000000196599000 	/usr/lib/system/libsystem_collections.dylib
0x0000000194a6f000 	/usr/lib/system/libsystem_configuration.dylib
0x0000000193832000 	/usr/lib/system/libsystem_containermanager.dylib
0x000000019609b000 	/usr/lib/system/libsystem_coreservices.dylib
0x000000018c125000 	/usr/lib/system/libsystem_darwin.dylib
0x00000002695ae000 	/usr/lib/system/libsystem_darwindirectory.dylib
0x00000001965a6000 	/usr/lib/system/libsystem_dnssd.dylib
0x00000002695b2000 	/usr/lib/system/libsystem_eligibility.dylib
0x0000000188864000 	/usr/lib/system/libsystem_featureflags.dylib
0x0000000188a0f000 	/usr/lib/system/libsystem_info.dylib
0x0000000196508000 	/usr/lib/system/libsystem_m.dylib
0x00000001887db000 	/usr/lib/system/libsystem_malloc.dylib
0x000000018e536000 	/usr/lib/system/libsystem_networkextension.dylib
0x000000018c588000 	/usr/lib/system/libsystem_notify.dylib
0x0000000194a74000 	/usr/lib/system/libsystem_sandbox.dylib
0x00000002695b9000 	/usr/lib/system/libsystem_sanitizers.dylib
0x000000019659e000 	/usr/lib/system/libsystem_secinit.dylib
0x0000000188992000 	/usr/lib/system/libsystem_kernel.dylib
0x0000000188a07000 	/usr/lib/system/libsystem_platform.dylib
0x00000001889cd000 	/usr/lib/system/libsystem_pthread.dylib
0x00000001900d5000 	/usr/lib/system/libsystem_symptoms.dylib
0x000000018871f000 	/usr/lib/system/libsystem_trace.dylib
0x0000000196576000 	/usr/lib/system/libunwind.dylib
0x00000001886d4000 	/usr/lib/system/libxpc.dylib
0x0000000188977000 	/usr/lib/libc++abi.dylib
0x0000000196582000 	/usr/lib/liboah.dylib
0x000000018c426000 	/System/Library/PrivateFrameworks/CoreServicesInternal.framework/Versions/A/CoreServicesInternal
0x00000001965b7000 	/usr/lib/libfakelink.dylib
0x00000001a1857000 	/System/Library/PrivateFrameworks/DiskImages.framework/Versions/A/DiskImages
0x00000001add9b000 	/System/Library/Frameworks/NetFS.framework/Versions/A/NetFS
0x000000018e16d000 	/System/Library/Frameworks/CFNetwork.framework/Versions/A/CFNetwork
0x0000000191cc5000 	/System/Library/Frameworks/CoreServices.framework/Versions/A/Frameworks/FSEvents.framework/Versions/A/FSEvents
0x000000018c130000 	/System/Library/Frameworks/CoreServices.framework/Versions/A/Frameworks/CarbonCore.framework/Versions/A/CarbonCore
0x000000019118d000 	/System/Library/Frameworks/CoreServices.framework/Versions/A/Frameworks/Metadata.framework/Versions/A/Metadata
0x00000001960a2000 	/System/Library/Frameworks/CoreServices.framework/Versions/A/Frameworks/OSServices.framework/Versions/A/OSServices
0x0000000196695000 	/System/Library/Frameworks/CoreServices.framework/Versions/A/Frameworks/SearchKit.framework/Versions/A/SearchKit
0x000000019004f000 	/System/Library/Frameworks/CoreServices.framework/Versions/A/Frameworks/AE.framework/Versions/A/AE
0x0000000188f34000 	/System/Library/Frameworks/CoreServices.framework/Versions/A/Frameworks/LaunchServices.framework/Versions/A/LaunchServices
0x00000001979f9000 	/System/Library/Frameworks/CoreServices.framework/Versions/A/Frameworks/DictionaryServices.framework/Versions/A/DictionaryServices
0x0000000191cd3000 	/System/Library/Frameworks/CoreServices.framework/Versions/A/Frameworks/SharedFileList.framework/Versions/A/SharedFileList
0x0000000196730000 	/usr/lib/libapple_nghttp2.dylib
0x000000018fcb7000 	/usr/lib/libsqlite3.dylib
0x000000019a480000 	/System/Library/Frameworks/GSS.framework/Versions/A/GSS
0x000000018ffe8000 	/System/Library/PrivateFrameworks/RunningBoardServices.framework/Versions/A/RunningBoardServices
0x00000001900de000 	/System/Library/Frameworks/Network.framework/Versions/A/Network
0x000000019654b000 	/usr/lib/system/libkxld.dylib
0x0000000268580000 	/usr/lib/libCoreEntitlements.dylib
0x0000000246d74000 	/System/Library/PrivateFrameworks/MessageSecurity.framework/Versions/A/MessageSecurity
0x000000018fc9d000 	/System/Library/PrivateFrameworks/ProtocolBuffer.framework/Versions/A/ProtocolBuffer
0x0000000196083000 	/System/Library/PrivateFrameworks/AppleFSCompression.framework/Versions/A/AppleFSCompression
0x000000019599b000 	/usr/lib/libcoretls.dylib
0x0000000197a70000 	/usr/lib/libcoretls_cfhelpers.dylib
0x0000000196760000 	/usr/lib/libpam.2.dylib
0x0000000197ae3000 	/usr/lib/libxar.1.dylib
0x000000019660c000 	/usr/lib/libarchive.2.dylib
0x000000019bb71000 	/System/Library/Frameworks/Combine.framework/Versions/A/Combine
0x0000000231753000 	/System/Library/PrivateFrameworks/CollectionsInternal.framework/Versions/A/CollectionsInternal
0x000000024ec77000 	/System/Library/PrivateFrameworks/ReflectionInternal.framework/Versions/A/ReflectionInternal
0x000000024f90f000 	/System/Library/PrivateFrameworks/RuntimeInternal.framework/Versions/A/RuntimeInternal
0x00000002691c9000 	/usr/lib/swift/libswiftSystem.dylib
0x0000000194a7d000 	/System/Library/PrivateFrameworks/AppleSystemInfo.framework/Versions/A/AppleSystemInfo
0x00000001b09b5000 	/System/Library/PrivateFrameworks/LoggingSupport.framework/Versions/A/LoggingSupport
0x0000000191ed5000 	/System/Library/PrivateFrameworks/UserManagement.framework/Versions/A/UserManagement
0x000000018e0a2000 	/usr/lib/libboringssl.dylib
0x00000001900c4000 	/usr/lib/libdns_services.dylib
0x00000001afba4000 	/usr/lib/libquic.dylib
0x0000000199705000 	/usr/lib/libusrtcp.dylib
0x00000001d2cd4000 	/System/Library/PrivateFrameworks/InternalSwiftProtobuf.framework/Versions/A/InternalSwiftProtobuf
0x0000000269114000 	/usr/lib/swift/libswiftDistributed.dylib
0x000000018e16c000 	/usr/lib/libnetwork.dylib
0x000000019670a000 	/System/Library/PrivateFrameworks/AppleSauce.framework/Versions/A/AppleSauce
0x0000000189728000 	/System/Library/PrivateFrameworks/Lexicon.framework/Versions/A/Lexicon
0x0000000240b95000 	/System/Library/PrivateFrameworks/IO80211.framework/Versions/A/IO80211
0x000000019f9c9000 	/System/Library/PrivateFrameworks/FrontBoardServices.framework/Versions/A/FrontBoardServices
0x00000001958c3000 	/System/Library/Frameworks/SecurityFoundation.framework/Versions/A/SecurityFoundation
0x0000000194ba4000 	/System/Library/PrivateFrameworks/LinguisticData.framework/Versions/A/LinguisticData
0x0000000195697000 	/System/Library/PrivateFrameworks/IOMobileFramebuffer.framework/Versions/A/IOMobileFramebuffer
0x000000018ff03000 	/System/Library/PrivateFrameworks/BaseBoard.framework/Versions/A/BaseBoard
0x000000019fa95000 	/System/Library/PrivateFrameworks/BoardServices.framework/Versions/A/BoardServices
0x00000001958b5000 	/System/Library/PrivateFrameworks/AssertionServices.framework/Versions/A/AssertionServices
0x00000001a1693000 	/System/Library/PrivateFrameworks/BackBoardServices.framework/Versions/A/BackBoardServices
0x0000000193c91000 	/System/Library/PrivateFrameworks/FontServices.framework/libFontParser.dylib
0x000000018e5e5000 	/System/Library/PrivateFrameworks/TCC.framework/Versions/A/TCC
0x00000001a5138000 	/System/Library/PrivateFrameworks/IOSurfaceAccelerator.framework/Versions/A/IOSurfaceAccelerator
0x0000000198555000 	/System/Library/PrivateFrameworks/WatchdogClient.framework/Versions/A/WatchdogClient
0x000000018ac3b000 	/System/Library/Frameworks/CoreDisplay.framework/Versions/A/CoreDisplay
0x0000000193b26000 	/System/Library/Frameworks/CoreMedia.framework/Versions/A/CoreMedia
0x000000019387a000 	/System/Library/PrivateFrameworks/IOAccelerator.framework/Versions/A/IOAccelerator
0x0000000191e35000 	/System/Library/Frameworks/CoreVideo.framework/Versions/A/CoreVideo
0x000000019675e000 	/System/Library/Frameworks/MetalPerformanceShaders.framework/Versions/A/MetalPerformanceShaders
0x000000024e19f000 	/System/Library/PrivateFrameworks/ProDisplayLibrary.framework/Versions/A/ProDisplayLibrary
0x000000019859c000 	/System/Library/Frameworks/VideoToolbox.framework/Versions/A/VideoToolbox
0x0000000194a7b000 	/System/Library/PrivateFrameworks/AggregateDictionary.framework/Versions/A/AggregateDictionary
0x0000000197a72000 	/System/Library/PrivateFrameworks/APFS.framework/Versions/A/APFS
0x000000022dedc000 	/System/Library/PrivateFrameworks/AppleKeyStore.framework/Versions/A/AppleKeyStore
0x0000000197af2000 	/usr/lib/libutil.dylib
0x0000000197a51000 	/usr/lib/liblzma.5.dylib
0x0000000191220000 	/System/Library/Frameworks/Accelerate.framework/Versions/A/Frameworks/vImage.framework/Versions/A/vImage
0x000000019dc4b000 	/System/Library/Frameworks/Accelerate.framework/Versions/A/Frameworks/vecLib.framework/Versions/A/vecLib
0x0000000197b2a000 	/System/Library/Frameworks/Accelerate.framework/Versions/A/Frameworks/vecLib.framework/Versions/A/libvMisc.dylib
0x0000000189398000 	/System/Library/Frameworks/Accelerate.framework/Versions/A/Frameworks/vecLib.framework/Versions/A/libBLAS.dylib
0x000000019a05c000 	/System/Library/Frameworks/ApplicationServices.framework/Versions/A/Frameworks/ATS.framework/Versions/A/ATS
0x000000018f40b000 	/System/Library/Frameworks/ApplicationServices.framework/Versions/A/Frameworks/HIServices.framework/Versions/A/HIServices
0x0000000198b7b000 	/System/Library/Frameworks/ApplicationServices.framework/Versions/A/Frameworks/PrintCore.framework/Versions/A/PrintCore
0x000000019a448000 	/System/Library/Frameworks/ApplicationServices.framework/Versions/A/Frameworks/QD.framework/Versions/A/QD
0x000000019a43f000 	/System/Library/Frameworks/ApplicationServices.framework/Versions/A/Frameworks/ColorSyncLegacy.framework/Versions/A/ColorSyncLegacy
0x000000019a02e000 	/System/Library/Frameworks/ApplicationServices.framework/Versions/A/Frameworks/SpeechSynthesis.framework/Versions/A/SpeechSynthesis
0x0000000195664000 	/System/Library/PrivateFrameworks/CoreEmoji.framework/Versions/A/CoreEmoji
0x00000002381f2000 	/System/Library/PrivateFrameworks/FontServices.framework/Versions/A/FontServices
0x000000019808e000 	/System/Library/PrivateFrameworks/OTSVG.framework/Versions/A/OTSVG
0x00000001919c4000 	/System/Library/Frameworks/ApplicationServices.framework/Versions/A/Frameworks/ATS.framework/Versions/A/Resources/libFontRegistry.dylib
0x00000001980d8000 	/System/Library/PrivateFrameworks/FontServices.framework/libhvf.dylib
0x000000024a202000 	/System/Library/PrivateFrameworks/ParsingInternal.framework/Versions/A/ParsingInternal
0x000000026916b000 	/usr/lib/swift/libswiftRegexBuilder.dylib
0x0000000269308000 	/usr/lib/swift/libswift_RegexParser.dylib
0x000000019841c000 	/System/Library/PrivateFrameworks/AppleJPEG.framework/Versions/A/AppleJPEG
0x0000000197ea3000 	/usr/lib/libexpat.1.dylib
0x0000000198a50000 	/System/Library/Frameworks/ImageIO.framework/Versions/A/Resources/libPng.dylib
0x0000000198a7b000 	/System/Library/Frameworks/ImageIO.framework/Versions/A/Resources/libTIFF.dylib
0x0000000198b66000 	/System/Library/Frameworks/ImageIO.framework/Versions/A/Resources/libGIF.dylib
0x0000000198462000 	/System/Library/Frameworks/ImageIO.framework/Versions/A/Resources/libJP2.dylib
0x0000000198b0c000 	/System/Library/Frameworks/ImageIO.framework/Versions/A/Resources/libJPEG.dylib
0x0000000198b03000 	/System/Library/Frameworks/ImageIO.framework/Versions/A/Resources/libRadiance.dylib
0x000000023cfba000 	/System/Library/PrivateFrameworks/GPUCompiler.framework/Versions/32023/Libraries/libllvm-flatbuffers.dylib
0x00000002382b8000 	/System/Library/PrivateFrameworks/FramePacing.framework/Versions/A/FramePacing
0x00000001e58a3000 	/System/Library/Frameworks/OpenGL.framework/Versions/A/Libraries/libCoreFSCache.dylib
0x0000000238e63000 	/System/Library/PrivateFrameworks/GPUCompiler.framework/Versions/32023/Libraries/libGPUCompilerUtils.dylib
0x00000002381f3000 	/System/Library/PrivateFrameworks/FontServices.framework/libXTFontStaticRegistryData.dylib
0x00000001a344e000 	/System/Library/PrivateFrameworks/ASEProcessing.framework/Versions/A/ASEProcessing
0x00000001cede1000 	/System/Library/PrivateFrameworks/Symbolication.framework/Versions/A/Symbolication
0x000000024d3b5000 	/System/Library/PrivateFrameworks/PhotosensitivityProcessing.framework/Versions/A/PhotosensitivityProcessing
0x0000000198082000 	/System/Library/PrivateFrameworks/GraphVisualizer.framework/Versions/A/GraphVisualizer
0x00000001e5903000 	/System/Library/Frameworks/OpenGL.framework/Versions/A/Libraries/libGLU.dylib
0x00000001e58c5000 	/System/Library/Frameworks/OpenGL.framework/Versions/A/Libraries/libGFXShared.dylib
0x00000001e5a96000 	/System/Library/Frameworks/OpenGL.framework/Versions/A/Libraries/libGL.dylib
0x00000001e58ce000 	/System/Library/Frameworks/OpenGL.framework/Versions/A/Libraries/libGLImage.dylib
0x00000001e58c2000 	/System/Library/Frameworks/OpenGL.framework/Versions/A/Libraries/libCVMSPluginSupport.dylib
0x0000000268724000 	/usr/lib/libRosetta.dylib
0x00000001e58ab000 	/System/Library/Frameworks/OpenGL.framework/Versions/A/Libraries/libCoreVMClient.dylib
0x00000001949bd000 	/System/Library/Frameworks/MetalPerformanceShaders.framework/Versions/A/Frameworks/MPSCore.framework/Versions/A/MPSCore
0x0000000195fef000 	/System/Library/Frameworks/MetalPerformanceShaders.framework/Versions/A/Frameworks/MPSImage.framework/Versions/A/MPSImage
0x0000000195a3e000 	/System/Library/Frameworks/MetalPerformanceShaders.framework/Versions/A/Frameworks/MPSNeuralNetwork.framework/Versions/A/MPSNeuralNetwork
0x0000000195e74000 	/System/Library/Frameworks/MetalPerformanceShaders.framework/Versions/A/Frameworks/MPSMatrix.framework/Versions/A/MPSMatrix
0x0000000195c8c000 	/System/Library/Frameworks/MetalPerformanceShaders.framework/Versions/A/Frameworks/MPSRayIntersector.framework/Versions/A/MPSRayIntersector
0x0000000195ea6000 	/System/Library/Frameworks/MetalPerformanceShaders.framework/Versions/A/Frameworks/MPSNDArray.framework/Versions/A/MPSNDArray
0x00000001e967b000 	/System/Library/Frameworks/MetalPerformanceShaders.framework/Versions/A/Frameworks/MPSFunctions.framework/Versions/A/MPSFunctions
0x00000001e965f000 	/System/Library/Frameworks/MetalPerformanceShaders.framework/Versions/A/Frameworks/MPSBenchmarkLoop.framework/Versions/A/MPSBenchmarkLoop
0x000000018921c000 	/System/Library/PrivateFrameworks/MetalTools.framework/Versions/A/MetalTools
0x00000001b5602000 	/System/Library/PrivateFrameworks/IOAccelMemoryInfo.framework/Versions/A/IOAccelMemoryInfo
0x00000001c2074000 	/System/Library/PrivateFrameworks/kperf.framework/Versions/A/kperf
0x00000001b0a99000 	/System/Library/PrivateFrameworks/GPURawCounter.framework/Versions/A/GPURawCounter
0x000000019fedc000 	/System/Library/PrivateFrameworks/CoreSymbolication.framework/Versions/A/CoreSymbolication
0x00000001b0a33000 	/System/Library/PrivateFrameworks/MallocStackLogging.framework/Versions/A/MallocStackLogging
0x0000000197c41000 	/System/Library/PrivateFrameworks/CrashReporterSupport.framework/Versions/A/CrashReporterSupport
0x000000019fe96000 	/System/Library/PrivateFrameworks/DebugSymbols.framework/Versions/A/DebugSymbols
0x00000001c130c000 	/System/Library/PrivateFrameworks/OSAnalytics.framework/Versions/A/OSAnalytics
0x0000000198b37000 	/System/Library/Frameworks/ApplicationServices.framework/Versions/A/Frameworks/ATSUI.framework/Versions/A/ATSUI
0x000000019a3d2000 	/usr/lib/libcups.2.dylib
0x000000019a46e000 	/System/Library/Frameworks/Kerberos.framework/Versions/A/Kerberos
0x000000019a0db000 	/usr/lib/libresolv.9.dylib
0x00000001965f1000 	/usr/lib/libiconv.2.dylib
0x00000001980eb000 	/System/Library/PrivateFrameworks/Heimdal.framework/Versions/A/Heimdal
0x00000001a226c000 	/System/Library/Frameworks/Kerberos.framework/Versions/A/Libraries/libHeimdalProxy.dylib
0x0000000197ebe000 	/usr/lib/libheimdal-asn1.dylib
0x0000000191c98000 	/System/Library/Frameworks/OpenDirectory.framework/Versions/A/OpenDirectory
0x000000019a4db000 	/System/Library/PrivateFrameworks/CommonAuth.framework/Versions/A/CommonAuth
0x0000000191ca6000 	/System/Library/Frameworks/OpenDirectory.framework/Versions/A/Frameworks/CFOpenDirectory.framework/Versions/A/CFOpenDirectory
0x0000000196546000 	/usr/lib/libcharset.1.dylib
0x00000001e5e36000 	/System/Library/Frameworks/AVFAudio.framework/Versions/A/AVFAudio
0x00000001aabef000 	/System/Library/PrivateFrameworks/AXCoreUtilities.framework/Versions/A/AXCoreUtilities
0x00000002439b4000 	/System/Library/PrivateFrameworks/IsolatedCoreAudioClient.framework/Versions/A/IsolatedCoreAudioClient
0x000000019a015000 	/usr/lib/libAudioStatistics.dylib
0x0000000193afe000 	/System/Library/PrivateFrameworks/caulk.framework/Versions/A/caulk
0x000000018ad5c000 	/System/Library/PrivateFrameworks/AudioToolboxCore.framework/Versions/A/AudioToolboxCore
0x00000001a44f8000 	/System/Library/Frameworks/CoreMIDI.framework/Versions/A/CoreMIDI
0x0000000199fb8000 	/System/Library/PrivateFrameworks/AudioSession.framework/Versions/A/AudioSession
0x000000019b8e1000 	/System/Library/Frameworks/IOBluetooth.framework/Versions/A/IOBluetooth
0x0000000197fa8000 	/System/Library/PrivateFrameworks/MediaExperience.framework/Versions/A/MediaExperience
0x000000025b200000 	/System/Library/PrivateFrameworks/Tightbeam.framework/Versions/A/Tightbeam
0x00000001c687a000 	/System/Library/PrivateFrameworks/AFKUser.framework/Versions/A/AFKUser
0x00000001980ce000 	/System/Library/PrivateFrameworks/AppServerSupport.framework/Versions/A/AppServerSupport
0x000000019a452000 	/System/Library/PrivateFrameworks/perfdata.framework/Versions/A/perfdata
0x00000001afc9b000 	/System/Library/PrivateFrameworks/SystemPolicy.framework/Versions/A/SystemPolicy
0x000000019a2f1000 	/usr/lib/libSMC.dylib
0x0000000198a1a000 	/usr/lib/libAudioToolboxUtility.dylib
0x000000019a460000 	/usr/lib/libperfcheck.dylib
0x000000022e4c1000 	/System/Library/PrivateFrameworks/AudioAnalytics.framework/Versions/A/AudioAnalytics
0x00000001d9e06000 	/System/Library/PrivateFrameworks/FeatureFlags.framework/Versions/A/FeatureFlags
0x00000001d2aa0000 	/System/Library/Frameworks/OSLog.framework/Versions/A/OSLog
0x000000019608f000 	/usr/lib/libbz2.1.0.dylib
0x00000001b0a65000 	/usr/lib/libmis.dylib
0x0000000199dcb000 	/System/Library/PrivateFrameworks/AudioSession.framework/libSessionUtility.dylib
0x0000000198b6c000 	/System/Library/PrivateFrameworks/CMCaptureCore.framework/Versions/A/CMCaptureCore
0x00000001e7506000 	/System/Library/Frameworks/ExtensionFoundation.framework/Versions/A/ExtensionFoundation
0x000000019fff0000 	/System/Library/PrivateFrameworks/CoreTime.framework/Versions/A/CoreTime
0x0000000197da0000 	/System/Library/PrivateFrameworks/PlugInKit.framework/Versions/A/PlugInKit
0x000000019ec25000 	/System/Library/PrivateFrameworks/PowerLog.framework/Versions/A/PowerLog
0x000000019eb34000 	/System/Library/Frameworks/CoreBluetooth.framework/Versions/A/CoreBluetooth
0x00000001a226d000 	/System/Library/Frameworks/AudioUnit.framework/Versions/A/AudioUnit
0x0000000195727000 	/System/Library/PrivateFrameworks/CoreUtils.framework/Versions/A/CoreUtils
0x00000002350ba000 	/System/Library/PrivateFrameworks/CoreUtilsExtras.framework/Versions/A/CoreUtilsExtras
0x000000019df69000 	/System/Library/Frameworks/MediaAccessibility.framework/Versions/A/MediaAccessibility
0x00000001b8eb9000 	/System/Library/PrivateFrameworks/AttributeGraph.framework/Versions/A/AttributeGraph
0x00000002683c4000 	/usr/lib/libAXSafeCategoryBundle.dylib
0x00000001aacac000 	/usr/lib/libAccessibility.dylib
0x0000000195571000 	/System/Library/Frameworks/Accelerate.framework/Versions/A/Frameworks/vecLib.framework/Versions/A/libvDSP.dylib
0x000000019683c000 	/System/Library/Frameworks/Accelerate.framework/Versions/A/Frameworks/vecLib.framework/Versions/A/libLAPACK.dylib
0x0000000195a29000 	/System/Library/Frameworks/Accelerate.framework/Versions/A/Frameworks/vecLib.framework/Versions/A/libLinearAlgebra.dylib
0x000000019674b000 	/System/Library/Frameworks/Accelerate.framework/Versions/A/Frameworks/vecLib.framework/Versions/A/libSparseBLAS.dylib
0x0000000196837000 	/System/Library/Frameworks/Accelerate.framework/Versions/A/Frameworks/vecLib.framework/Versions/A/libQuadrature.dylib
0x0000000194bab000 	/System/Library/Frameworks/Accelerate.framework/Versions/A/Frameworks/vecLib.framework/Versions/A/libBNNS.dylib
0x000000018982a000 	/System/Library/Frameworks/Accelerate.framework/Versions/A/Frameworks/vecLib.framework/Versions/A/libSparse.dylib
0x0000000244f17000 	/System/Library/PrivateFrameworks/MIL.framework/Versions/A/MIL
0x0000000198afe000 	/System/Library/PrivateFrameworks/GPUWrangler.framework/Versions/A/GPUWrangler
0x0000000198ade000 	/System/Library/PrivateFrameworks/IOPresentment.framework/Versions/A/IOPresentment
0x0000000198b06000 	/System/Library/PrivateFrameworks/DSExternalDisplay.framework/Versions/A/DSExternalDisplay
0x00000001d2ead000 	/System/Library/PrivateFrameworks/HIDDisplay.framework/Versions/A/HIDDisplay
0x00000001a99c0000 	/System/Library/PrivateFrameworks/HID.framework/Versions/A/HID
0x000000025ea22000 	/System/Library/PrivateFrameworks/VideoToolboxParavirtualizationSupport.framework/Versions/A/VideoToolboxParavirtualizationSupport
0x0000000197e59000 	/System/Library/PrivateFrameworks/AppleVA.framework/Versions/A/AppleVA
0x000000019fb3f000 	/System/Library/PrivateFrameworks/GraphicsServices.framework/Versions/A/GraphicsServices
0x000000019a648000 	/System/Library/PrivateFrameworks/CorePhoneNumbers.framework/Versions/A/CorePhoneNumbers
0x000000019ed15000 	/System/Library/PrivateFrameworks/MediaKit.framework/Versions/A/MediaKit
0x000000019ec60000 	/System/Library/Frameworks/DiscRecording.framework/Versions/A/DiscRecording
0x000000019a432000 	/System/Library/PrivateFrameworks/NetAuth.framework/Versions/A/NetAuth
0x0000000191e96000 	/System/Library/PrivateFrameworks/login.framework/Versions/A/Frameworks/loginsupport.framework/Versions/A/loginsupport
0x0000000197ec9000 	/System/Library/PrivateFrameworks/IconFoundation.framework/Versions/A/IconFoundation
0x0000000197c38000 	/usr/lib/libIOReport.dylib
0x000000022e0dc000 	/System/Library/PrivateFrameworks/AppleMobileFileIntegrity.framework/Versions/A/AppleMobileFileIntegrity
0x000000026876a000 	/usr/lib/libTLE.dylib
0x00000001e2811000 	/System/Library/PrivateFrameworks/ConfigProfileHelper.framework/Versions/A/ConfigProfileHelper
0x00000001959c5000 	/usr/lib/libmecab.dylib
0x000000018991f000 	/usr/lib/libCRFSuite.dylib
0x0000000194a84000 	/System/Library/PrivateFrameworks/CoreNLP.framework/Versions/A/CoreNLP
0x0000000195a26000 	/usr/lib/libgermantok.dylib
0x0000000196701000 	/usr/lib/libThaiTokenizer.dylib
0x000000019598f000 	/usr/lib/libCheckFix.dylib
0x000000019112d000 	/System/Library/PrivateFrameworks/MetadataUtilities.framework/Versions/A/MetadataUtilities
0x0000000240dde000 	/System/Library/PrivateFrameworks/InstalledContentLibrary.framework/Versions/A/InstalledContentLibrary
0x000000018c466000 	/System/Library/PrivateFrameworks/CoreServicesStore.framework/Versions/A/CoreServicesStore
0x00000001c2180000 	/System/Library/PrivateFrameworks/MobileSystemServices.framework/Versions/A/MobileSystemServices
0x0000000197af6000 	/usr/lib/libxslt.1.dylib
0x0000000195951000 	/System/Library/PrivateFrameworks/BackgroundTaskManagement.framework/Versions/A/BackgroundTaskManagement
0x00000001a1a19000 	/usr/lib/libcurl.4.dylib
0x00000002689a3000 	/usr/lib/libcrypto.46.dylib
0x0000000268ef0000 	/usr/lib/libssl.48.dylib
0x00000001a16ed000 	/System/Library/Frameworks/LDAP.framework/Versions/A/LDAP
0x00000001a1729000 	/System/Library/PrivateFrameworks/TrustEvaluationAgent.framework/Versions/A/TrustEvaluationAgent
0x000000019a0f4000 	/usr/lib/libsasl2.2.dylib
0x00000001ae26d000 	/usr/lib/swift/libswiftCoreGraphics.dylib
0x000000019e5a3000 	/usr/lib/swift/libswiftFoundation.dylib
0x00000001e22c8000 	/usr/lib/swift/libswiftSwiftOnoneSupport.dylib
0x00000001cf576000 	/System/Library/PrivateFrameworks/CoreMaterial.framework/Versions/A/CoreMaterial
0x000000024fa02000 	/System/Library/PrivateFrameworks/SFSymbols.framework/Versions/A/SFSymbols
0x000000019d869000 	/System/Library/PrivateFrameworks/SpeechRecognitionCore.framework/Versions/A/SpeechRecognitionCore
0x00000001037d8000 	/opt/homebrew/Cellar/openjdk@11/11.0.25/libexec/openjdk.jdk/Contents/Home/lib/server/libjvm.dylib
0x00000001029cc000 	/opt/homebrew/Cellar/openjdk@11/11.0.25/libexec/openjdk.jdk/Contents/Home/lib/libverify.dylib
0x0000000102a1c000 	/opt/homebrew/Cellar/openjdk@11/11.0.25/libexec/openjdk.jdk/Contents/Home/lib/libjava.dylib
0x00000001029e4000 	/opt/homebrew/Cellar/openjdk@11/11.0.25/libexec/openjdk.jdk/Contents/Home/lib/libjimage.dylib
0x0000000102a54000 	/opt/homebrew/Cellar/openjdk@11/11.0.25/libexec/openjdk.jdk/Contents/Home/lib/libinstrument.dylib
0x0000000102ac8000 	/opt/homebrew/Cellar/openjdk@11/11.0.25/libexec/openjdk.jdk/Contents/Home/lib/libzip.dylib
0x0000000102b00000 	/opt/homebrew/Cellar/openjdk@11/11.0.25/libexec/openjdk.jdk/Contents/Home/lib/libnio.dylib
0x0000000102b44000 	/opt/homebrew/Cellar/openjdk@11/11.0.25/libexec/openjdk.jdk/Contents/Home/lib/libnet.dylib
0x0000000102ae0000 	/opt/homebrew/Cellar/openjdk@11/11.0.25/libexec/openjdk.jdk/Contents/Home/lib/libextnet.dylib
0x0000000102b20000 	/opt/homebrew/Cellar/openjdk@11/11.0.25/libexec/openjdk.jdk/Contents/Home/lib/libmanagement.dylib
0x0000000102b68000 	/opt/homebrew/Cellar/openjdk@11/11.0.25/libexec/openjdk.jdk/Contents/Home/lib/libmanagement_ext.dylib


VM Arguments:
jvm_args: -XX:TieredStopAtLevel=1 -Xverify:none -Dspring.output.ansi.enabled=always -Dcom.sun.management.jmxremote -Dspring.jmx.enabled=true -Dspring.liveBeansView.mbeanDomain -Dspring.application.admin.enabled=true -Dmanagement.endpoints.jmx.exposure.include=* -javaagent:/Applications/IntelliJ IDEA.app/Contents/lib/idea_rt.jar=63679:/Applications/IntelliJ IDEA.app/Contents/bin -Dfile.encoding=UTF-8 
java_command: com.anynote.system.AnyNoteSystemApplication
java_class_path (initial): /Users/zch/code/anynote/Anynote-Cloud/anynote-modules/anynote-modules-system/target/classes:/Users/zch/.m2/repository/com/alibaba/cloud/spring-cloud-starter-alibaba-nacos-discovery/2021.0.4.0/spring-cloud-starter-alibaba-nacos-discovery-2021.0.4.0.jar:/Users/zch/.m2/repository/com/alibaba/cloud/spring-cloud-alibaba-commons/2021.0.4.0/spring-cloud-alibaba-commons-2021.0.4.0.jar:/Users/zch/.m2/repository/com/alibaba/nacos/nacos-client/2.0.4/nacos-client-2.0.4.jar:/Users/zch/.m2/repository/com/fasterxml/jackson/core/jackson-core/2.13.4/jackson-core-2.13.4.jar:/Users/zch/.m2/repository/org/apache/httpcomponents/httpasyncclient/4.1.5/httpasyncclient-4.1.5.jar:/Users/zch/.m2/repository/org/apache/httpcomponents/httpcore/4.4.16/httpcore-4.4.16.jar:/Users/zch/.m2/repository/org/apache/httpcomponents/httpcore-nio/4.4.16/httpcore-nio-4.4.16.jar:/Users/zch/.m2/repository/org/apache/httpcomponents/httpclient/4.5.14/httpclient-4.5.14.jar:/Users/zch/.m2/repository/org/reflections/reflections/0.9.11/reflections-0.9.11.jar:/Users/zch/.m2/repository/com/google/guava/guava/20.0/guava-20.0.jar:/Users/zch/.m2/repository/org/javassist/javassist/3.21.0-GA/javassist-3.21.0-GA.jar:/Users/zch/.m2/repository/io/prometheus/simpleclient/0.15.0/simpleclient-0.15.0.jar:/Users/zch/.m2/repository/io/prometheus/simpleclient_tracer_otel/0.15.0/simpleclient_tracer_otel-0.15.0.jar:/Users/zch/.m2/repository/io/prometheus/simpleclient_tracer_common/0.15.0/simpleclient_tracer_common-0.15.0.jar:/Users/zch/.m2/repository/io/prometheus/simpleclient_tracer_otel_agent/0.15.0/simpleclient_tracer_otel_agent-0.15.0.jar:/Users/zch/.m2/repository/org/yaml/snakeyaml/1.30/snakeyaml-1.30.jar:/Users/zch/.m2/repository/com/alibaba/spring/spring-context-support/1.0.11/spring-context-support-1.0.11.jar:/Users/zch/.m2/repository/org/springframework/cloud/spring-cloud-commons/3.1.5/spring-cloud-commons-3.1.5.jar:/Users/zch/.m2/repository/org/springframework/security/spring-security-crypto/5.7.6
Launcher Type: SUN_STANDARD

[Global flags]
     bool BytecodeVerificationLocal                = false                                     {product} {command line}
     bool BytecodeVerificationRemote               = false                                     {product} {command line}
     intx CICompilerCount                          = 4                                         {product} {ergonomic}
     uint ConcGCThreads                            = 2                                         {product} {ergonomic}
     uint G1ConcRefinementThreads                  = 8                                         {product} {ergonomic}
   size_t G1HeapRegionSize                         = 1048576                                   {product} {ergonomic}
    uintx GCDrainStackTargetSize                   = 64                                        {product} {ergonomic}
   size_t InitialHeapSize                          = 402653184                                 {product} {ergonomic}
     bool ManagementServer                         = true                                      {product} {command line}
   size_t MarkStackSize                            = 4194304                                   {product} {ergonomic}
   size_t MaxHeapSize                              = 6442450944                                {product} {ergonomic}
   size_t MaxNewSize                               = 3865051136                                {product} {ergonomic}
   size_t MinHeapDeltaBytes                        = 1048576                                   {product} {ergonomic}
    uintx NonNMethodCodeHeapSize                   = 7549744                                {pd product} {ergonomic}
    uintx NonProfiledCodeHeapSize                  = 244108496                              {pd product} {ergonomic}
    uintx ProfiledCodeHeapSize                     = 0                                      {pd product} {ergonomic}
    uintx ReservedCodeCacheSize                    = 251658240                              {pd product} {ergonomic}
     bool SegmentedCodeCache                       = true                                      {product} {ergonomic}
     intx TieredStopAtLevel                        = 1                                         {product} {command line}
     bool UseCompressedClassPointers               = true                                 {lp64_product} {ergonomic}
     bool UseCompressedOops                        = true                                 {lp64_product} {ergonomic}
     bool UseG1GC                                  = true                                      {product} {ergonomic}

Logging:
Log output configuration:
 #0: stdout all=warning uptime,level,tags
 #1: stderr all=off uptime,level,tags

Environment Variables:
PATH=/Users/zch/.nvm/versions/node/v18.20.4/bin:/Users/zch/miniconda3/bin:/Users/zch/miniconda3/condabin:/Users/zch/software/apache-maven-3.9.9/bin:/opt/homebrew/bin:/opt/homebrew/sbin:/usr/local/bin:/System/Cryptexes/App/usr/bin:/usr/bin:/bin:/usr/sbin:/sbin:/var/run/com.apple.security.cryptexd/codex.system/bootstrap/usr/local/bin:/var/run/com.apple.security.cryptexd/codex.system/bootstrap/usr/bin:/var/run/com.apple.security.cryptexd/codex.system/bootstrap/usr/appleinternal/bin:/Library/Apple/usr/bin:/Users/zch/.cargo/bin:/Users/zch/.lmstudio/bin
SHELL=/bin/zsh
LC_CTYPE=zh_CN.UTF-8
TMPDIR=/var/folders/3k/c0jh496n44v4f8t5jhnw4c900000gn/T/

Signal Handlers:
SIGSEGV: [libjvm.dylib+0x701dd0], sa_mask[0]=11111111011111110111111111111111, sa_flags=SA_ONSTACK|SA_RESTART|SA_SIGINFO
SIGBUS: [libjvm.dylib+0x701dd0], sa_mask[0]=11111111011111110111111111111111, sa_flags=SA_RESTART|SA_SIGINFO
SIGFPE: [libjvm.dylib+0x701dd0], sa_mask[0]=11111111011111110111111111111111, sa_flags=SA_RESTART|SA_SIGINFO
SIGPIPE: [libjvm.dylib+0x56a09c], sa_mask[0]=11111111011111110111111111111111, sa_flags=SA_RESTART|SA_SIGINFO
SIGXFSZ: [libjvm.dylib+0x56a09c], sa_mask[0]=11111111011111110111111111111111, sa_flags=SA_RESTART|SA_SIGINFO
SIGILL: [libjvm.dylib+0x701dd0], sa_mask[0]=11111111011111110111111111111111, sa_flags=SA_RESTART|SA_SIGINFO
SIGUSR2: [libjvm.dylib+0x56a698], sa_mask[0]=00000000000000000000000000000000, sa_flags=SA_RESTART|SA_SIGINFO
SIGHUP: [libjvm.dylib+0x568e30], sa_mask[0]=11111111011111110111111111111111, sa_flags=SA_RESTART|SA_SIGINFO
SIGINT: [libjvm.dylib+0x568e30], sa_mask[0]=11111111011111110111111111111111, sa_flags=SA_RESTART|SA_SIGINFO
SIGTERM: [libjvm.dylib+0x568e30], sa_mask[0]=11111111011111110111111111111111, sa_flags=SA_RESTART|SA_SIGINFO
SIGQUIT: [libjvm.dylib+0x568e30], sa_mask[0]=11111111011111110111111111111111, sa_flags=SA_RESTART|SA_SIGINFO


---------------  S Y S T E M  ---------------

OS:uname:Darwin 24.3.0 Darwin Kernel Version 24.3.0: Thu Jan  2 20:24:23 PST 2025; root:xnu-11215.81.4~3/RELEASE_ARM64_T8122 arm64
OS uptime: 2 days 15:45 hours
rlimit (soft/hard): STACK 8176k/65520k , CORE 0k/infinity , NPROC 4000/6000 , NOFILE 10240/infinity , AS infinity/infinity , CPU infinity/infinity , DATA infinity/infinity , FSIZE infinity/infinity , MEMLOCK infinity/infinity , RSS infinity/infinity
load average:6.67 5.96 5.32

CPU:total 8 (initial active 8) 0x61:0x0:0xfa33415e:0, simd, crc, lse

Memory: 16k page, physical 25165824k(87648k free), swap 12582912k(1044416k free)

vm_info: OpenJDK 64-Bit Server VM (11.0.25+0) for bsd-aarch64 JRE (11.0.25+0), built on Oct 15 2024 22:10:31 by "brew" with clang Homebrew Clang 19.1.1

END.
