#
# A fatal error has been detected by the Java Runtime Environment:
#
#  SIGSEGV (0xb) at pc=0x0000000103d5111c, pid=63900, tid=39171
#
# JRE version: OpenJDK Runtime Environment Homebrew (11.0.25) (build 11.0.25+0)
# Java VM: OpenJDK 64-Bit Server VM Homebrew (11.0.25+0, mixed mode, tiered, compressed oops, g1 gc, bsd-aarch64)
# Problematic frame:
# V  [libjvm.dylib+0x69511c]  ObjectSynchronizer::inflate(Thread*, oopDesc*, ObjectSynchronizer::InflateCause)+0x18c
#
# No core dump will be written. Core dumps have been disabled. To enable core dumping, try "ulimit -c unlimited" before starting Java again
#
# If you would like to submit a bug report, please visit:
#   https://github.com/Homebrew/homebrew-core/issues
#

---------------  S U M M A R Y ------------

Command Line: -javaagent:/Users/zch/software/skywalking-agent/skywalking-agent.jar -Dskywalking.agent.service_name=anynote-file -Dskywalking.collector.backend_service=127.0.0.1:11800 -XX:TieredStopAtLevel=1 -Xverify:none -Dspring.output.ansi.enabled=always -Dcom.sun.management.jmxremote -Dspring.jmx.enabled=true -Dspring.liveBeansView.mbeanDomain -Dspring.application.admin.enabled=true -Dmanagement.endpoints.jmx.exposure.include=* -javaagent:/Applications/IntelliJ IDEA.app/Contents/lib/idea_rt.jar=51821:/Applications/IntelliJ IDEA.app/Contents/bin -Dfile.encoding=UTF-8 com.anynote.file.AnyNoteFileApplication

Host: Mac15,12 arm64 1 MHz, 8 cores, 24G, Darwin 24.3.0
Time: Sun Apr  6 09:38:08 2025 CST elapsed time: 2.868064 seconds (0d 0h 0m 2s)

---------------  T H R E A D  ---------------

Current thread (0x00000001130e9800):  JavaThread "grpc-default-executor-0" daemon [_thread_in_Java, id=39171, stack(0x000000030a6e8000,0x000000030a8eb000)]

Stack: [0x000000030a6e8000,0x000000030a8eb000],  sp=0x000000030a8e9170,  free space=2052k
Native frames: (J=compiled Java code, A=aot compiled Java code, j=interpreted, Vv=VM code, C=native code)
V  [libjvm.dylib+0x69511c]  ObjectSynchronizer::inflate(Thread*, oopDesc*, ObjectSynchronizer::InflateCause)+0x18c
V  [libjvm.dylib+0x694f70]  ObjectSynchronizer::fast_exit(oopDesc*, BasicLock*, Thread*)+0x54
V  [libjvm.dylib+0x5e9130]  SharedRuntime::monitor_exit_helper(oopDesc*, BasicLock*, JavaThread*, bool)+0x44
V  [libjvm.dylib+0x12aa9c]  Runtime1::monitorexit(JavaThread*, BasicObjectLock*)+0x58
v  ~RuntimeStub::monitorexit_nofpu Runtime1 stub
J 1507 c1 jdk.internal.loader.URLClassPath.getResource(Ljava/lang/String;Z)Ljdk/internal/loader/Resource; java.base@11.0.25 (74 bytes) @ 0x00000001309ca2c4 [0x00000001309ca240+0x0000000000000084]
J 1566 c1 jdk.internal.loader.BuiltinClassLoader.findClassOnClassPathOrNull(Ljava/lang/String;)Ljava/lang/Class; java.base@11.0.25 (64 bytes) @ 0x00000001309e8f98 [0x00000001309e8ec0+0x00000000000000d8]
J 1494 c1 jdk.internal.loader.BuiltinClassLoader.loadClassOrNull(Ljava/lang/String;Z)Ljava/lang/Class; java.base@11.0.25 (143 bytes) @ 0x00000001309c2290 [0x00000001309c1e40+0x0000000000000450]
J 1542 c1 jdk.internal.loader.ClassLoaders$AppClassLoader.loadClass(Ljava/lang/String;Z)Ljava/lang/Class; java.base@11.0.25 (40 bytes) @ 0x00000001309def70 [0x00000001309dee40+0x0000000000000130]
J 1538 c1 java.lang.ClassLoader.loadClass(Ljava/lang/String;)Ljava/lang/Class; java.base@11.0.25 (7 bytes) @ 0x00000001309dd2a8 [0x00000001309dd240+0x0000000000000068]
v  ~StubRoutines::call_stub
V  [libjvm.dylib+0x32be34]  JavaCalls::call_helper(JavaValue*, methodHandle const&, JavaCallArguments*, Thread*)+0x2d8
V  [libjvm.dylib+0x32b1a4]  JavaCalls::call_virtual(JavaValue*, Klass*, Symbol*, Symbol*, JavaCallArguments*, Thread*)+0xec
V  [libjvm.dylib+0x32b2fc]  JavaCalls::call_virtual(JavaValue*, Handle, Klass*, Symbol*, Symbol*, Handle, Thread*)+0x68
V  [libjvm.dylib+0x699128]  SystemDictionary::load_instance_class(Symbol*, Handle, Thread*)+0xf0
V  [libjvm.dylib+0x698474]  SystemDictionary::resolve_instance_class_or_null(Symbol*, Handle, Handle, Thread*)+0x424
V  [libjvm.dylib+0x697c3c]  SystemDictionary::resolve_or_fail(Symbol*, Handle, Handle, bool, Thread*)+0x24
V  [libjvm.dylib+0x1f2d48]  ConstantPool::klass_at_impl(constantPoolHandle const&, int, bool, Thread*)+0x124
V  [libjvm.dylib+0x1f3624]  ConstantPool::klass_at(int, Thread*)+0x64
V  [libjvm.dylib+0x48b6e8]  LinkInfo::LinkInfo(constantPoolHandle const&, int, methodHandle const&, Thread*)+0x44
V  [libjvm.dylib+0x48d020]  LinkResolver::resolve_field_access(fieldDescriptor&, constantPoolHandle const&, int, methodHandle const&, Bytecodes::Code, Thread*)+0x30
V  [libjvm.dylib+0x325018]  InterpreterRuntime::resolve_get_put(JavaThread*, Bytecodes::Code)+0x138
V  [libjvm.dylib+0x326188]  InterpreterRuntime::resolve_from_cache(JavaThread*, Bytecodes::Code)+0x88
j  org.apache.skywalking.apm.dependencies.io.netty.handler.codec.http2.WeightedFairQueueByteDistributor.<init>(Lorg/apache/skywalking/apm/dependencies/io/netty/handler/codec/http2/Http2Connection;I)V+56
j  org.apache.skywalking.apm.dependencies.io.netty.handler.codec.http2.WeightedFairQueueByteDistributor.<init>(Lorg/apache/skywalking/apm/dependencies/io/netty/handler/codec/http2/Http2Connection;)V+3
j  org.apache.skywalking.apm.dependencies.io.grpc.netty.NettyClientHandler.newHandler(Lorg/apache/skywalking/apm/dependencies/io/grpc/netty/ClientTransportLifecycleManager;Lorg/apache/skywalking/apm/dependencies/io/grpc/internal/KeepAliveManager;ZIILorg/apache/skywalking/apm/dependencies/com/google/common/base/Supplier;Ljava/lang/Runnable;Lorg/apache/skywalking/apm/dependencies/io/grpc/internal/TransportTracer;Lorg/apache/skywalking/apm/dependencies/io/grpc/Attributes;Ljava/lang/String;Lorg/apache/skywalking/apm/dependencies/io/grpc/ChannelLogger;Lorg/apache/skywalking/apm/dependencies/com/google/common/base/Ticker;)Lorg/apache/skywalking/apm/dependencies/io/grpc/netty/NettyClientHandler;+63
j  org.apache.skywalking.apm.dependencies.io.grpc.netty.NettyClientTransport.start(Lorg/apache/skywalking/apm/dependencies/io/grpc/internal/ManagedClientTransport$Listener;)Ljava/lang/Runnable;+122
j  org.apache.skywalking.apm.dependencies.io.grpc.internal.ForwardingConnectionClientTransport.start(Lorg/apache/skywalking/apm/dependencies/io/grpc/internal/ManagedClientTransport$Listener;)Ljava/lang/Runnable;+5
j  org.apache.skywalking.apm.dependencies.io.grpc.internal.ForwardingConnectionClientTransport.start(Lorg/apache/skywalking/apm/dependencies/io/grpc/internal/ManagedClientTransport$Listener;)Ljava/lang/Runnable;+5
j  org.apache.skywalking.apm.dependencies.io.grpc.internal.InternalSubchannel.startNewTransport()V+232
j  org.apache.skywalking.apm.dependencies.io.grpc.internal.InternalSubchannel.access$400(Lorg/apache/skywalking/apm/dependencies/io/grpc/internal/InternalSubchannel;)V+1
j  org.apache.skywalking.apm.dependencies.io.grpc.internal.InternalSubchannel$2.run()V+45
j  org.apache.skywalking.apm.dependencies.io.grpc.SynchronizationContext.drain()V+33
j  org.apache.skywalking.apm.dependencies.io.grpc.SynchronizationContext.execute(Ljava/lang/Runnable;)V+6
j  org.apache.skywalking.apm.dependencies.io.grpc.internal.ManagedChannelImpl$NameResolverListener.onResult(Lorg/apache/skywalking/apm/dependencies/io/grpc/NameResolver$ResolutionResult;)V+16
j  org.apache.skywalking.apm.dependencies.io.grpc.internal.DnsNameResolver$Resolve.run()V+232
j  java.util.concurrent.ThreadPoolExecutor.runWorker(Ljava/util/concurrent/ThreadPoolExecutor$Worker;)V+92 java.base@11.0.25
j  java.util.concurrent.ThreadPoolExecutor$Worker.run()V+5 java.base@11.0.25
j  java.lang.Thread.run()V+11 java.base@11.0.25
v  ~StubRoutines::call_stub
V  [libjvm.dylib+0x32be34]  JavaCalls::call_helper(JavaValue*, methodHandle const&, JavaCallArguments*, Thread*)+0x2d8
V  [libjvm.dylib+0x32b1a4]  JavaCalls::call_virtual(JavaValue*, Klass*, Symbol*, Symbol*, JavaCallArguments*, Thread*)+0xec
V  [libjvm.dylib+0x32b26c]  JavaCalls::call_virtual(JavaValue*, Handle, Klass*, Symbol*, Symbol*, Thread*)+0x64
V  [libjvm.dylib+0x3bb90c]  thread_entry(JavaThread*, Thread*)+0x78
V  [libjvm.dylib+0x6bbf68]  JavaThread::thread_main_inner()+0x80
V  [libjvm.dylib+0x6bbdac]  JavaThread::run()+0x190
V  [libjvm.dylib+0x6b9aac]  Thread::call_run()+0x7c
V  [libjvm.dylib+0x567b7c]  thread_native_entry(Thread*)+0x118
C  [libsystem_pthread.dylib+0x72e4]  _pthread_start+0x88

Java frames: (J=compiled Java code, j=interpreted, Vv=VM code)
v  ~RuntimeStub::monitorexit_nofpu Runtime1 stub
J 381 c1 java.util.zip.ZipFile.getEntry(Ljava/lang/String;Ljava/util/function/Function;)Ljava/util/zip/ZipEntry; java.base@11.0.25 (73 bytes) @ 0x00000001307b6ae4 [0x00000001307b6880+0x0000000000000264]
J 859 c1 java.util.jar.JarFile.getEntry(Ljava/lang/String;)Ljava/util/zip/ZipEntry; java.base@11.0.25 (22 bytes) @ 0x0000000130889554 [0x0000000130889480+0x00000000000000d4]
J 860 c1 jdk.internal.loader.URLClassPath$JarLoader.getResource(Ljava/lang/String;Z)Ljdk/internal/loader/Resource; java.base@11.0.25 (65 bytes) @ 0x0000000130888854 [0x00000001308887c0+0x0000000000000094]
J 1507 c1 jdk.internal.loader.URLClassPath.getResource(Ljava/lang/String;Z)Ljdk/internal/loader/Resource; java.base@11.0.25 (74 bytes) @ 0x00000001309ca2c4 [0x00000001309ca240+0x0000000000000084]
J 1566 c1 jdk.internal.loader.BuiltinClassLoader.findClassOnClassPathOrNull(Ljava/lang/String;)Ljava/lang/Class; java.base@11.0.25 (64 bytes) @ 0x00000001309e8f98 [0x00000001309e8ec0+0x00000000000000d8]
J 1494 c1 jdk.internal.loader.BuiltinClassLoader.loadClassOrNull(Ljava/lang/String;Z)Ljava/lang/Class; java.base@11.0.25 (143 bytes) @ 0x00000001309c2290 [0x00000001309c1e40+0x0000000000000450]
J 1542 c1 jdk.internal.loader.ClassLoaders$AppClassLoader.loadClass(Ljava/lang/String;Z)Ljava/lang/Class; java.base@11.0.25 (40 bytes) @ 0x00000001309def70 [0x00000001309dee40+0x0000000000000130]
J 1538 c1 java.lang.ClassLoader.loadClass(Ljava/lang/String;)Ljava/lang/Class; java.base@11.0.25 (7 bytes) @ 0x00000001309dd2a8 [0x00000001309dd240+0x0000000000000068]
v  ~StubRoutines::call_stub
j  org.apache.skywalking.apm.dependencies.io.netty.handler.codec.http2.WeightedFairQueueByteDistributor.<init>(Lorg/apache/skywalking/apm/dependencies/io/netty/handler/codec/http2/Http2Connection;I)V+56
j  org.apache.skywalking.apm.dependencies.io.netty.handler.codec.http2.WeightedFairQueueByteDistributor.<init>(Lorg/apache/skywalking/apm/dependencies/io/netty/handler/codec/http2/Http2Connection;)V+3
j  org.apache.skywalking.apm.dependencies.io.grpc.netty.NettyClientHandler.newHandler(Lorg/apache/skywalking/apm/dependencies/io/grpc/netty/ClientTransportLifecycleManager;Lorg/apache/skywalking/apm/dependencies/io/grpc/internal/KeepAliveManager;ZIILorg/apache/skywalking/apm/dependencies/com/google/common/base/Supplier;Ljava/lang/Runnable;Lorg/apache/skywalking/apm/dependencies/io/grpc/internal/TransportTracer;Lorg/apache/skywalking/apm/dependencies/io/grpc/Attributes;Ljava/lang/String;Lorg/apache/skywalking/apm/dependencies/io/grpc/ChannelLogger;Lorg/apache/skywalking/apm/dependencies/com/google/common/base/Ticker;)Lorg/apache/skywalking/apm/dependencies/io/grpc/netty/NettyClientHandler;+63
j  org.apache.skywalking.apm.dependencies.io.grpc.netty.NettyClientTransport.start(Lorg/apache/skywalking/apm/dependencies/io/grpc/internal/ManagedClientTransport$Listener;)Ljava/lang/Runnable;+122
j  org.apache.skywalking.apm.dependencies.io.grpc.internal.ForwardingConnectionClientTransport.start(Lorg/apache/skywalking/apm/dependencies/io/grpc/internal/ManagedClientTransport$Listener;)Ljava/lang/Runnable;+5
j  org.apache.skywalking.apm.dependencies.io.grpc.internal.ForwardingConnectionClientTransport.start(Lorg/apache/skywalking/apm/dependencies/io/grpc/internal/ManagedClientTransport$Listener;)Ljava/lang/Runnable;+5
j  org.apache.skywalking.apm.dependencies.io.grpc.internal.InternalSubchannel.startNewTransport()V+232
j  org.apache.skywalking.apm.dependencies.io.grpc.internal.InternalSubchannel.access$400(Lorg/apache/skywalking/apm/dependencies/io/grpc/internal/InternalSubchannel;)V+1
j  org.apache.skywalking.apm.dependencies.io.grpc.internal.InternalSubchannel$2.run()V+45
j  org.apache.skywalking.apm.dependencies.io.grpc.SynchronizationContext.drain()V+33
j  org.apache.skywalking.apm.dependencies.io.grpc.SynchronizationContext.execute(Ljava/lang/Runnable;)V+6
j  org.apache.skywalking.apm.dependencies.io.grpc.internal.ManagedChannelImpl$NameResolverListener.onResult(Lorg/apache/skywalking/apm/dependencies/io/grpc/NameResolver$ResolutionResult;)V+16
j  org.apache.skywalking.apm.dependencies.io.grpc.internal.DnsNameResolver$Resolve.run()V+232
j  java.util.concurrent.ThreadPoolExecutor.runWorker(Ljava/util/concurrent/ThreadPoolExecutor$Worker;)V+92 java.base@11.0.25
j  java.util.concurrent.ThreadPoolExecutor$Worker.run()V+5 java.base@11.0.25
j  java.lang.Thread.run()V+11 java.base@11.0.25
v  ~StubRoutines::call_stub

siginfo: si_signo: 11 (SIGSEGV), si_code: 2 (SEGV_ACCERR), si_addr: 0x0000000000000000

Register to memory mapping:

 x0=0x0 is NULL
 x1=0x0000000640a38f08 is an oop: java.util.jar.JarFile 
{0x0000000640a38f08} - klass: 'java/util/jar/JarFile'
 - ---- fields (total size 8 words):
 - private 'lastEntryPos' 'I' @12  0
 - private volatile 'closeRequested' 'Z' @16  false
 - private final 'name' 'Ljava/lang/String;' @20  "/Users/zch/.m2/repository/org/javassist/javassist/3.21.0-GA/javassist-3.21.0-GA.jar"{0x000000064070d740} (c80e1ae8)
 - private final synchronized 'zc' 'Ljava/util/zip/ZipCoder;' @24  a 'java/util/zip/ZipCoder$UTF8'{0x000000064116ff10} (c822dfe2)
 - private final synchronized 'res' 'Ljava/util/zip/ZipFile$CleanableResource;' @28  a 'java/util/zip/ZipFile$CleanableResource'{0x0000000640a38f48} (c81471e9)
 - private 'lastEntryName' 'Ljava/lang/String;' @32  "META-INF/MANIFEST.MF"{0x0000000640cdb690} (c819b6d2)
 - private final 'versionFeature' 'I' @36  11 (b)
 - private 'jvInitialized' 'Z' @40  false
 - private 'verify' 'Z' @41  true
 - private 'isMultiRelease' 'Z' @42  false
 - private 'hasClassPathAttribute' 'Z' @43  false
 - private volatile 'hasCheckedSpecialAttributes' 'Z' @44  true
 - private strict 'manRef' 'Ljava/lang/ref/SoftReference;' @48  
[error occurred during error reporting (printing register info), id 0xb, SIGSEGV (0xb) at pc=0x0000000103c15918]

Registers:
 x0=0x0000000000000000  x1=0x0000000640a38f08  x2=0x0000000000000000  x3=0x0000000000000001
 x4=0x000000006c2e9287  x5=0x0000000640a39100  x6=0x0000000661ed3518  x7=0x2f797474656e2f6f
 x8=0x0000000000000000  x9=0x0000000000001889 x10=0x0000000000000000 x11=0x74682f6365646f63
x12=0x676965572f327074 x13=0x00000000000007fd x14=0x000000009261781a x15=0x00000000924177fb
x16=0x0000000000000020 x17=0x00006000031a4330 x18=0x0000000000000000 x19=0x0000000000000000
x20=0x0000000640a38f08 x21=0x00000001259aedc0 x22=0x00000001130e9800 x23=0x0000000000000000
x24=0x0000000103f47a84 x25=0x0000000000000000 x26=0x000060000008c898 x27=0x0000000000000000
x28=0x00000001130e9800  fp=0x000000030a8e9220  lr=0x0000000103d51118  sp=0x000000030a8e9170
pc=0x0000000103d5111c cpsr=0x0000000060001000
Top of Stack: (sp=0x000000030a8e9170)
0x000000030a8e9170:   0000000000000000 0000600002a89040
0x000000030a8e9180:   0000600000e8c000 0000000661ed20d8
0x000000030a8e9190:   000000000000007e 0000000000000000
0x000000030a8e91a0:   000000000000013a 0000600002a89040
0x000000030a8e91b0:   0000000000000000 0000000000000000
0x000000030a8e91c0:   0000000112e16f00 0000600001cdeb20
0x000000030a8e91d0:   000000030a8e91e0 0000000103c23f58
0x000000030a8e91e0:   000060000008c898 000000000000000c
0x000000030a8e91f0:   0000000130035680 0000000000000000
0x000000030a8e9200:   00000001130e9800 0000000000000001
0x000000030a8e9210:   0000000640a38f08 00000001130e9800
0x000000030a8e9220:   000000030a8e9240 0000000103d50f70
0x000000030a8e9230:   0000000640a38f08 000000030a8e9538
0x000000030a8e9240:   000000030a8e9280 0000000103ca5130
0x000000030a8e9250:   00000001130e9800 00000001130e9800
0x000000030a8e9260:   00000001130e9800 0000000000000001
0x000000030a8e9270:   000000030a8e9538 00000001130e9800
0x000000030a8e9280:   000000030a8e92b0 00000001037e6a9c
0x000000030a8e9290:   000000030a8e9c28 000000030a8e9b48
0x000000030a8e92a0:   000000030a8e9970 0000000661ed35e8
0x000000030a8e92b0:   000000030a8e94b0 00000001300ea9f8
0x000000030a8e92c0:   0000000130035680 00000001259aee82
0x000000030a8e92d0:   000060000008c898 00000001259aeed8
0x000000030a8e92e0:   00000001130e9800 0000000000000000
0x000000030a8e92f0:   000060000008c898 000000000000000c
0x000000030a8e9300:   0000000130035680 0000000000000000
0x000000030a8e9310:   00000001130e9800 0000000000000001
0x000000030a8e9320:   000000064070bcb8 000000030a8e9670
0x000000030a8e9330:   000000030a8e9370 0000000103ca5140
0x000000030a8e9340:   00000001130e9800 00000001130e9800
0x000000030a8e9350:   00000001130e9800 0000000000000001
0x000000030a8e9360:   000000030a8e9670 00000001130e9800 

Instructions: (pc=0x0000000103d5111c)
0x0000000103d5101c:   1f 30 00 f9 1f 44 00 f9 1f 28 00 f9 79 03 00 b4
0x0000000103d5102c:   b7 02 00 f9 bf 22 00 f9 bf 2a 00 f9 b4 06 00 f9
0x0000000103d5103c:   bf 2a 00 f9 bf 3a 00 f9 08 03 40 b9 a8 7e 00 b9
0x0000000103d5104c:   a9 02 7f b2 bf 3b 03 d5 e8 03 17 aa 89 7e a8 c8
0x0000000103d5105c:   bf 3b 03 d5 1f 01 17 eb 60 08 00 54 ff 02 08 eb
0x0000000103d5106c:   20 08 00 54 bf 06 00 f9 bf 22 00 f9 bf 2a 00 f9
0x0000000103d5107c:   bf 36 00 f9 bf 2e 00 f9 bf 32 00 f9 bf 46 00 f9
0x0000000103d5108c:   bf 2a 00 f9 0d 00 00 14 bf 3a 00 f9 bf 2a 00 f9
0x0000000103d5109c:   08 03 40 b9 a8 7e 00 b9 bf 3b 03 d5 e8 03 17 aa
0x0000000103d510ac:   9f 7e a8 c8 bf 3b 03 d5 1f 01 17 eb c0 02 00 54
0x0000000103d510bc:   ff 02 08 eb 80 02 00 54 e0 03 16 aa e1 03 15 aa
0x0000000103d510cc:   22 00 80 52 9c 05 00 94 97 02 40 f9 e0 03 17 aa
0x0000000103d510dc:   81 b9 ed 97 e0 f8 0f 36 e0 03 17 aa 7e b9 ed 97
0x0000000103d510ec:   15 00 7f d2 e0 03 15 aa fd 7b 4b a9 f4 4f 4a a9
0x0000000103d510fc:   f6 57 49 a9 f8 5f 48 a9 fa 67 47 a9 ff 03 03 91
0x0000000103d5110c:   c0 03 5f d6 e0 03 17 aa 73 b9 ed 97 08 f8 7e 92
0x0000000103d5111c:   08 01 40 f9 a8 02 00 f9 e0 03 17 aa 6e b9 ed 97
0x0000000103d5112c:   a0 22 00 f9 bf 2a 00 f9 b4 06 00 f9 88 02 40 f9
0x0000000103d5113c:   48 01 00 b4 e0 07 00 90 00 7c 3c 91 e2 07 00 b0
0x0000000103d5114c:   42 10 02 91 03 05 00 90 63 e0 08 91 01 bd 80 52
0x0000000103d5115c:   ce 9d ed 97 28 49 fb 97 a8 02 7f b2 bf 3b 03 d5
0x0000000103d5116c:   88 02 00 f9 08 11 00 d0 08 41 0b 91 08 01 40 f9
0x0000000103d5117c:   48 01 00 b4 09 11 00 d0 29 e1 2b 91 29 01 40 39
0x0000000103d5118c:   3f 05 00 71 a1 00 00 54 08 15 40 f9 09 01 40 f9
0x0000000103d5119c:   29 05 00 91 09 01 00 f9 c8 0f 00 f0 08 e5 43 f9
0x0000000103d511ac:   28 06 00 b4 c8 10 00 d0 08 e5 37 91 08 01 40 39
0x0000000103d511bc:   1f 05 00 71 21 01 00 54 89 0a 40 b9 ca 0f 00 f0
0x0000000103d511cc:   4a 61 2b 91 4b 09 40 b9 4a 01 40 f9 2b 21 cb 9a
0x0000000103d511dc:   6a 01 0a 8b 03 00 00 14 8a 06 40 f9 e9 03 0a aa
0x0000000103d511ec:   4a 09 40 b9 5f 05 00 71 eb 03 00 54 80 10 00 d0
0x0000000103d511fc:   00 80 27 91 0a 00 40 f9 40 01 3f d6 0a 00 40 f9
0x0000000103d5120c:   4a 3d 41 f9 ea 0f 00 f9 40 05 c0 3d e0 03 82 3c 


Stack slot to memory mapping:
stack at sp + 0 slots: 0x0 is NULL
stack at sp + 1 slots: 0x0000600002a89040 points into unknown readable memory: 0x00000000000003f1 | f1 03 00 00 00 00 00 00
stack at sp + 2 slots: 0x0000600000e8c000 points into unknown readable memory: 0x0000000000000000 | 00 00 00 00 00 00 00 00
stack at sp + 3 slots: 0x0000000661ed20d8 is an oop: java.lang.String 
{0x0000000661ed20d8} - klass: 'java/lang/String'
 - string: "org/apache/skywalking/apm/dependencies/io/netty/handler/codec/http2/WeightedFairQueueByteDistributor$StateOnlyComparator.class"
stack at sp + 4 slots: 0x000000000000007e is an unknown value
stack at sp + 5 slots: 0x0 is NULL
stack at sp + 6 slots: 0x000000000000013a is an unknown value
stack at sp + 7 slots: 0x0000600002a89040 points into unknown readable memory: 0x00000000000003f1 | f1 03 00 00 00 00 00 00


---------------  P R O C E S S  ---------------

Threads class SMR info:
_java_thread_list=0x0000600003f3b6a0, length=31, elements={
0x000000012301e800, 0x0000000124035000, 0x0000000124038000, 0x0000000125815000,
0x0000000123833000, 0x000000011300b000, 0x000000012307c800, 0x00000001230d1800,
0x0000000123540000, 0x00000001245a1000, 0x00000001245af000, 0x0000000123983800,
0x0000000123994800, 0x00000001113af800, 0x0000000123769800, 0x0000000125986000,
0x0000000123997800, 0x0000000125989800, 0x00000001110a4000, 0x00000001245a9000,
0x00000001130dd800, 0x0000000123798800, 0x0000000123991800, 0x00000001259a2000,
0x00000001130e9800, 0x0000000125234800, 0x0000000112435800, 0x00000001259a3800,
0x00000001237aa000, 0x0000000113105000, 0x00000001259b8800
}

Java Threads: ( => current thread )
  0x000000012301e800 JavaThread "main" [_thread_blocked, id=5635, stack(0x000000016d5a0000,0x000000016d7a3000)]
  0x0000000124035000 JavaThread "Reference Handler" daemon [_thread_blocked, id=20739, stack(0x000000016e3f4000,0x000000016e5f7000)]
  0x0000000124038000 JavaThread "Finalizer" daemon [_thread_blocked, id=20483, stack(0x000000016e600000,0x000000016e803000)]
  0x0000000125815000 JavaThread "Signal Dispatcher" daemon [_thread_blocked, id=21763, stack(0x000000016e924000,0x000000016eb27000)]
  0x0000000123833000 JavaThread "Service Thread" daemon [_thread_blocked, id=22275, stack(0x000000016eb30000,0x000000016ed33000)]
  0x000000011300b000 JavaThread "C1 CompilerThread0" daemon [_thread_blocked, id=32003, stack(0x000000016ed3c000,0x000000016ef3f000)]
  0x000000012307c800 JavaThread "Sweeper thread" daemon [_thread_blocked, id=31491, stack(0x000000016ef48000,0x000000016f14b000)]
  0x00000001230d1800 JavaThread "Common-Cleaner" daemon [_thread_blocked, id=23043, stack(0x000000016f154000,0x000000016f357000)]
  0x0000000123540000 JavaThread "SkywalkingAgent-LogFileWriter" daemon [_thread_blocked, id=24579, stack(0x0000000308210000,0x0000000308413000)]
  0x00000001245a1000 JavaThread "DataCarrier.DEFAULT.Consumer.0.Thread" daemon [_thread_blocked, id=27395, stack(0x0000000308628000,0x000000030882b000)]
  0x00000001245af000 JavaThread "SkywalkingAgent-5-JVMService-produce-0" daemon [_thread_blocked, id=25859, stack(0x0000000308834000,0x0000000308a37000)]
  0x0000000123983800 JavaThread "SkywalkingAgent-6-JVMService-consume-0" daemon [_thread_blocked, id=26883, stack(0x0000000308a40000,0x0000000308c43000)]
  0x0000000123994800 JavaThread "SkywalkingAgent-7-ServiceManagementClient-0" daemon [_thread_blocked, id=32771, stack(0x0000000308c4c000,0x0000000308e4f000)]
  0x00000001113af800 JavaThread "SkywalkingAgent-1-CommandService-0" daemon [_thread_blocked, id=33027, stack(0x0000000308e58000,0x000000030905b000)]
  0x0000000123769800 JavaThread "SkywalkingAgent-8-ProfileGetTaskService-0" daemon [_thread_blocked, id=33539, stack(0x0000000309064000,0x0000000309267000)]
  0x0000000125986000 JavaThread "SkywalkingAgent-9-ProfileSendSnapshotService-0" daemon [_thread_blocked, id=41987, stack(0x0000000309270000,0x0000000309473000)]
  0x0000000123997800 JavaThread "SkywalkingAgent-10-MeterReportService-0" daemon [_thread_blocked, id=33795, stack(0x000000030947c000,0x000000030967f000)]
  0x0000000125989800 JavaThread "DataCarrier.gRPC-log.Consumer.0.Thread" daemon [_thread_blocked, id=40963, stack(0x0000000309688000,0x000000030988b000)]
  0x00000001110a4000 JavaThread "SkywalkingAgent-11-ConfigurationDiscoveryService-0" daemon [_thread_blocked, id=34819, stack(0x0000000309894000,0x0000000309a97000)]
  0x00000001245a9000 JavaThread "SkywalkingAgent-12-GRPCChannelManager-0" daemon [_thread_blocked, id=35587, stack(0x0000000309aa0000,0x0000000309ca3000)]
  0x00000001130dd800 JavaThread "Monitor Ctrl-Break" daemon [_thread_in_native, id=40451, stack(0x0000000309cac000,0x0000000309eaf000)]
  0x0000000123798800 JavaThread "RMI TCP Accept-0" daemon [_thread_in_native, id=39939, stack(0x0000000309eb8000,0x000000030a0bb000)]
  0x0000000123991800 JavaThread "Attach Listener" daemon [_thread_blocked, id=37379, stack(0x000000030a2d0000,0x000000030a4d3000)]
  0x00000001259a2000 JavaThread "grpc-nio-worker-ELG-1-1" daemon [_thread_in_native, id=37891, stack(0x000000030a4dc000,0x000000030a6df000)]
=>0x00000001130e9800 JavaThread "grpc-default-executor-0" daemon [_thread_in_Java, id=39171, stack(0x000000030a6e8000,0x000000030a8eb000)]
  0x0000000125234800 JavaThread "RMI TCP Connection(1)-127.0.0.1" daemon [_thread_in_native, id=38659, stack(0x000000030a8f4000,0x000000030aaf7000)]
  0x0000000112435800 JavaThread "grpc-nio-worker-ELG-1-2" daemon [_thread_in_native, id=43779, stack(0x000000030ab00000,0x000000030ad03000)]
  0x00000001259a3800 JavaThread "grpc-default-executor-1" daemon [_thread_blocked, id=65027, stack(0x000000030ad0c000,0x000000030af0f000)]
  0x00000001237aa000 JavaThread "RMI Scheduler(0)" daemon [_thread_blocked, id=64515, stack(0x000000030af18000,0x000000030b11b000)]
  0x0000000113105000 JavaThread "grpc-nio-worker-ELG-1-3" daemon [_thread_in_native, id=45571, stack(0x000000030b330000,0x000000030b533000)]
  0x00000001259b8800 JavaThread "grpc-default-executor-2" daemon [_thread_blocked, id=46083, stack(0x000000030b53c000,0x000000030b73f000)]

Other Threads:
  0x000000012402d800 VMThread "VM Thread" [stack: 0x000000016e1e8000,0x000000016e3eb000] [id=21507]
  0x00000001130ef800 WatcherThread [stack: 0x000000030a0c4000,0x000000030a2c7000] [id=36611]
  0x000000012400a000 GCTaskThread "GC Thread#0" [stack: 0x000000016d7ac000,0x000000016d9af000] [id=11523]
  0x000000012507d000 GCTaskThread "GC Thread#1" [stack: 0x000000016f360000,0x000000016f563000] [id=23299]
  0x0000000124254000 GCTaskThread "GC Thread#2" [stack: 0x000000016f56c000,0x000000016f76f000] [id=30211]
  0x0000000124277000 GCTaskThread "GC Thread#3" [stack: 0x000000016f778000,0x000000016f97b000] [id=29955]
  0x0000000124278000 GCTaskThread "GC Thread#4" [stack: 0x000000016f984000,0x000000016fb87000] [id=29443]
  0x0000000124278800 GCTaskThread "GC Thread#5" [stack: 0x000000016fb90000,0x000000016fd93000] [id=23811]
  0x0000000124279800 GCTaskThread "GC Thread#6" [stack: 0x000000016fd9c000,0x000000016ff9f000] [id=24323]
  0x000000012427a000 GCTaskThread "GC Thread#7" [stack: 0x0000000308004000,0x0000000308207000] [id=28675]
  0x0000000123024000 ConcurrentGCThread "G1 Main Marker" [stack: 0x000000016d9b8000,0x000000016dbbb000] [id=12035]
  0x000000012380f800 ConcurrentGCThread "G1 Conc#0" [stack: 0x000000016dbc4000,0x000000016ddc7000] [id=14595]
  0x0000000125902800 ConcurrentGCThread "G1 Conc#1" [stack: 0x000000030841c000,0x000000030861f000] [id=27651]
  0x0000000125809800 ConcurrentGCThread "G1 Refine#0" [stack: 0x000000016ddd0000,0x000000016dfd3000] [id=14083]
  0x000000012580a000 ConcurrentGCThread "G1 Young RemSet Sampling" [stack: 0x000000016dfdc000,0x000000016e1df000] [id=13571]

Threads with active compile tasks:

VM state:not at safepoint (normal execution)

VM Mutex/Monitor currently owned by a thread: None

Heap address: 0x0000000640000000, size: 6144 MB, Compressed Oops mode: Zero based, Oop shift amount: 3
Narrow klass base: 0x0000000800000000, Narrow klass shift: 0
Compressed class space size: 1073741824 Address: 0x0000000800000000

Heap:
 garbage-first heap   total 659456K, used 137562K [0x0000000640000000, 0x00000007c0000000)
  region size 1024K, 113 young (115712K), 11 survivors (11264K)
 Metaspace       used 31459K, capacity 32132K, committed 32304K, reserved 1077248K
  class space    used 4142K, capacity 4403K, committed 4480K, reserved 1048576K
Heap Regions: E=young(eden), S=young(survivor), O=old, HS=humongous(starts), HC=humongous(continues), CS=collection set, F=free, A=archive, TAMS=top-at-mark-start (previous, next)
|   0|0x0000000640000000, 0x0000000640100000, 0x0000000640100000|100%|HS|  |TAMS 0x0000000640100000, 0x0000000640000000| Complete 
|   1|0x0000000640100000, 0x0000000640200000, 0x0000000640200000|100%| O|  |TAMS 0x0000000640200000, 0x0000000640100000| Untracked 
|   2|0x0000000640200000, 0x0000000640300000, 0x0000000640300000|100%|HS|  |TAMS 0x0000000640300000, 0x0000000640200000| Complete 
|   3|0x0000000640300000, 0x0000000640300000, 0x0000000640400000|  0%| F|  |TAMS 0x0000000640300000, 0x0000000640300000| Untracked 
|   4|0x0000000640400000, 0x0000000640500000, 0x0000000640500000|100%|HS|  |TAMS 0x0000000640500000, 0x0000000640400000| Complete 
|   5|0x0000000640500000, 0x0000000640600000, 0x0000000640600000|100%|HC|  |TAMS 0x0000000640600000, 0x0000000640500000| Complete 
|   6|0x0000000640600000, 0x0000000640700000, 0x0000000640700000|100%| O|  |TAMS 0x0000000640700000, 0x0000000640600000| Untracked 
|   7|0x0000000640700000, 0x0000000640800000, 0x0000000640800000|100%| O|  |TAMS 0x0000000640800000, 0x0000000640700000| Untracked 
|   8|0x0000000640800000, 0x0000000640900000, 0x0000000640900000|100%| O|  |TAMS 0x0000000640900000, 0x0000000640800000| Untracked 
|   9|0x0000000640900000, 0x0000000640a00000, 0x0000000640a00000|100%| O|  |TAMS 0x0000000640a00000, 0x0000000640900000| Untracked 
|  10|0x0000000640a00000, 0x0000000640b00000, 0x0000000640b00000|100%| O|  |TAMS 0x0000000640b00000, 0x0000000640a00000| Untracked 
|  11|0x0000000640b00000, 0x0000000640c00000, 0x0000000640c00000|100%| O|  |TAMS 0x0000000640c00000, 0x0000000640b00000| Untracked 
|  12|0x0000000640c00000, 0x0000000640d00000, 0x0000000640d00000|100%| O|  |TAMS 0x0000000640d00000, 0x0000000640c00000| Untracked 
|  13|0x0000000640d00000, 0x0000000640e00000, 0x0000000640e00000|100%| O|  |TAMS 0x0000000640e00000, 0x0000000640d00000| Untracked 
|  14|0x0000000640e00000, 0x0000000640f00000, 0x0000000640f00000|100%| O|  |TAMS 0x0000000640f00000, 0x0000000640e00000| Untracked 
|  15|0x0000000640f00000, 0x0000000641000000, 0x0000000641000000|100%| O|  |TAMS 0x0000000641000000, 0x0000000640f00000| Untracked 
|  16|0x0000000641000000, 0x00000006410f8600, 0x0000000641100000| 97%| O|  |TAMS 0x00000006410f8600, 0x0000000641000000| Untracked 
|  17|0x0000000641100000, 0x0000000641200000, 0x0000000641200000|100%| O|  |TAMS 0x0000000641200000, 0x0000000641100000| Untracked 
|  18|0x0000000641200000, 0x0000000641300000, 0x0000000641300000|100%| O|  |TAMS 0x0000000641300000, 0x0000000641200000| Untracked 
|  19|0x0000000641300000, 0x0000000641400000, 0x0000000641400000|100%| O|  |TAMS 0x0000000641400000, 0x0000000641300000| Untracked 
|  20|0x0000000641400000, 0x0000000641500000, 0x0000000641500000|100%| O|  |TAMS 0x0000000641500000, 0x0000000641400000| Untracked 
|  21|0x0000000641500000, 0x0000000641600000, 0x0000000641600000|100%| O|  |TAMS 0x0000000641600000, 0x0000000641500000| Untracked 
|  22|0x0000000641600000, 0x0000000641700000, 0x0000000641700000|100%| O|  |TAMS 0x0000000641700000, 0x0000000641600000| Untracked 
|  23|0x0000000641700000, 0x0000000641700000, 0x0000000641800000|  0%| F|  |TAMS 0x0000000641700000, 0x0000000641700000| Untracked 
|  24|0x0000000641800000, 0x0000000641800000, 0x0000000641900000|  0%| F|  |TAMS 0x0000000641800000, 0x0000000641800000| Untracked 
|  25|0x0000000641900000, 0x0000000641900000, 0x0000000641a00000|  0%| F|  |TAMS 0x0000000641900000, 0x0000000641900000| Untracked 
|  26|0x0000000641a00000, 0x0000000641a00000, 0x0000000641b00000|  0%| F|  |TAMS 0x0000000641a00000, 0x0000000641a00000| Untracked 
|  27|0x0000000641b00000, 0x0000000641b00000, 0x0000000641c00000|  0%| F|  |TAMS 0x0000000641b00000, 0x0000000641b00000| Untracked 
|  28|0x0000000641c00000, 0x0000000641d00000, 0x0000000641d00000|100%| O|  |TAMS 0x0000000641d00000, 0x0000000641c00000| Untracked 
|  29|0x0000000641d00000, 0x0000000641e00000, 0x0000000641e00000|100%| O|  |TAMS 0x0000000641e00000, 0x0000000641d00000| Untracked 
|  30|0x0000000641e00000, 0x0000000641e00000, 0x0000000641f00000|  0%| F|  |TAMS 0x0000000641e00000, 0x0000000641e00000| Untracked 
|  31|0x0000000641f00000, 0x0000000641f00000, 0x0000000642000000|  0%| F|  |TAMS 0x0000000641f00000, 0x0000000641f00000| Untracked 
|  32|0x0000000642000000, 0x0000000642000000, 0x0000000642100000|  0%| F|  |TAMS 0x0000000642000000, 0x0000000642000000| Untracked 
|  33|0x0000000642100000, 0x0000000642100000, 0x0000000642200000|  0%| F|  |TAMS 0x0000000642100000, 0x0000000642100000| Untracked 
|  34|0x0000000642200000, 0x0000000642200000, 0x0000000642300000|  0%| F|  |TAMS 0x0000000642200000, 0x0000000642200000| Untracked 
|  35|0x0000000642300000, 0x0000000642300000, 0x0000000642400000|  0%| F|  |TAMS 0x0000000642300000, 0x0000000642300000| Untracked 
|  36|0x0000000642400000, 0x0000000642400000, 0x0000000642500000|  0%| F|  |TAMS 0x0000000642400000, 0x0000000642400000| Untracked 
|  37|0x0000000642500000, 0x0000000642500000, 0x0000000642600000|  0%| F|  |TAMS 0x0000000642500000, 0x0000000642500000| Untracked 
|  38|0x0000000642600000, 0x0000000642600000, 0x0000000642700000|  0%| F|  |TAMS 0x0000000642600000, 0x0000000642600000| Untracked 
|  39|0x0000000642700000, 0x0000000642700000, 0x0000000642800000|  0%| F|  |TAMS 0x0000000642700000, 0x0000000642700000| Untracked 
|  40|0x0000000642800000, 0x0000000642800000, 0x0000000642900000|  0%| F|  |TAMS 0x0000000642800000, 0x0000000642800000| Untracked 
|  41|0x0000000642900000, 0x0000000642900000, 0x0000000642a00000|  0%| F|  |TAMS 0x0000000642900000, 0x0000000642900000| Untracked 
|  42|0x0000000642a00000, 0x0000000642a00000, 0x0000000642b00000|  0%| F|  |TAMS 0x0000000642a00000, 0x0000000642a00000| Untracked 
|  43|0x0000000642b00000, 0x0000000642b00000, 0x0000000642c00000|  0%| F|  |TAMS 0x0000000642b00000, 0x0000000642b00000| Untracked 
|  44|0x0000000642c00000, 0x0000000642c00000, 0x0000000642d00000|  0%| F|  |TAMS 0x0000000642c00000, 0x0000000642c00000| Untracked 
|  45|0x0000000642d00000, 0x0000000642d00000, 0x0000000642e00000|  0%| F|  |TAMS 0x0000000642d00000, 0x0000000642d00000| Untracked 
|  46|0x0000000642e00000, 0x0000000642e00000, 0x0000000642f00000|  0%| F|  |TAMS 0x0000000642e00000, 0x0000000642e00000| Untracked 
|  47|0x0000000642f00000, 0x0000000642f00000, 0x0000000643000000|  0%| F|  |TAMS 0x0000000642f00000, 0x0000000642f00000| Untracked 
|  48|0x0000000643000000, 0x0000000643000000, 0x0000000643100000|  0%| F|  |TAMS 0x0000000643000000, 0x0000000643000000| Untracked 
|  49|0x0000000643100000, 0x0000000643100000, 0x0000000643200000|  0%| F|  |TAMS 0x0000000643100000, 0x0000000643100000| Untracked 
|  50|0x0000000643200000, 0x0000000643200000, 0x0000000643300000|  0%| F|  |TAMS 0x0000000643200000, 0x0000000643200000| Untracked 
|  51|0x0000000643300000, 0x0000000643300000, 0x0000000643400000|  0%| F|  |TAMS 0x0000000643300000, 0x0000000643300000| Untracked 
|  52|0x0000000643400000, 0x0000000643400000, 0x0000000643500000|  0%| F|  |TAMS 0x0000000643400000, 0x0000000643400000| Untracked 
|  53|0x0000000643500000, 0x0000000643500000, 0x0000000643600000|  0%| F|  |TAMS 0x0000000643500000, 0x0000000643500000| Untracked 
|  54|0x0000000643600000, 0x0000000643600000, 0x0000000643700000|  0%| F|  |TAMS 0x0000000643600000, 0x0000000643600000| Untracked 
|  55|0x0000000643700000, 0x0000000643700000, 0x0000000643800000|  0%| F|  |TAMS 0x0000000643700000, 0x0000000643700000| Untracked 
|  56|0x0000000643800000, 0x0000000643800000, 0x0000000643900000|  0%| F|  |TAMS 0x0000000643800000, 0x0000000643800000| Untracked 
|  57|0x0000000643900000, 0x0000000643900000, 0x0000000643a00000|  0%| F|  |TAMS 0x0000000643900000, 0x0000000643900000| Untracked 
|  58|0x0000000643a00000, 0x0000000643a00000, 0x0000000643b00000|  0%| F|  |TAMS 0x0000000643a00000, 0x0000000643a00000| Untracked 
|  59|0x0000000643b00000, 0x0000000643b00000, 0x0000000643c00000|  0%| F|  |TAMS 0x0000000643b00000, 0x0000000643b00000| Untracked 
|  60|0x0000000643c00000, 0x0000000643c00000, 0x0000000643d00000|  0%| F|  |TAMS 0x0000000643c00000, 0x0000000643c00000| Untracked 
|  61|0x0000000643d00000, 0x0000000643d00000, 0x0000000643e00000|  0%| F|  |TAMS 0x0000000643d00000, 0x0000000643d00000| Untracked 
|  62|0x0000000643e00000, 0x0000000643e00000, 0x0000000643f00000|  0%| F|  |TAMS 0x0000000643e00000, 0x0000000643e00000| Untracked 
|  63|0x0000000643f00000, 0x0000000643f00000, 0x0000000644000000|  0%| F|  |TAMS 0x0000000643f00000, 0x0000000643f00000| Untracked 
|  64|0x0000000644000000, 0x0000000644000000, 0x0000000644100000|  0%| F|  |TAMS 0x0000000644000000, 0x0000000644000000| Untracked 
|  65|0x0000000644100000, 0x0000000644100000, 0x0000000644200000|  0%| F|  |TAMS 0x0000000644100000, 0x0000000644100000| Untracked 
|  66|0x0000000644200000, 0x0000000644200000, 0x0000000644300000|  0%| F|  |TAMS 0x0000000644200000, 0x0000000644200000| Untracked 
|  67|0x0000000644300000, 0x0000000644300000, 0x0000000644400000|  0%| F|  |TAMS 0x0000000644300000, 0x0000000644300000| Untracked 
|  68|0x0000000644400000, 0x0000000644400000, 0x0000000644500000|  0%| F|  |TAMS 0x0000000644400000, 0x0000000644400000| Untracked 
|  69|0x0000000644500000, 0x0000000644500000, 0x0000000644600000|  0%| F|  |TAMS 0x0000000644500000, 0x0000000644500000| Untracked 
|  70|0x0000000644600000, 0x0000000644600000, 0x0000000644700000|  0%| F|  |TAMS 0x0000000644600000, 0x0000000644600000| Untracked 
|  71|0x0000000644700000, 0x0000000644700000, 0x0000000644800000|  0%| F|  |TAMS 0x0000000644700000, 0x0000000644700000| Untracked 
|  72|0x0000000644800000, 0x0000000644800000, 0x0000000644900000|  0%| F|  |TAMS 0x0000000644800000, 0x0000000644800000| Untracked 
|  73|0x0000000644900000, 0x0000000644900000, 0x0000000644a00000|  0%| F|  |TAMS 0x0000000644900000, 0x0000000644900000| Untracked 
|  74|0x0000000644a00000, 0x0000000644a00000, 0x0000000644b00000|  0%| F|  |TAMS 0x0000000644a00000, 0x0000000644a00000| Untracked 
|  75|0x0000000644b00000, 0x0000000644b00000, 0x0000000644c00000|  0%| F|  |TAMS 0x0000000644b00000, 0x0000000644b00000| Untracked 
|  76|0x0000000644c00000, 0x0000000644c00000, 0x0000000644d00000|  0%| F|  |TAMS 0x0000000644c00000, 0x0000000644c00000| Untracked 
|  77|0x0000000644d00000, 0x0000000644d00000, 0x0000000644e00000|  0%| F|  |TAMS 0x0000000644d00000, 0x0000000644d00000| Untracked 
|  78|0x0000000644e00000, 0x0000000644e00000, 0x0000000644f00000|  0%| F|  |TAMS 0x0000000644e00000, 0x0000000644e00000| Untracked 
|  79|0x0000000644f00000, 0x0000000644f00000, 0x0000000645000000|  0%| F|  |TAMS 0x0000000644f00000, 0x0000000644f00000| Untracked 
|  80|0x0000000645000000, 0x0000000645000000, 0x0000000645100000|  0%| F|  |TAMS 0x0000000645000000, 0x0000000645000000| Untracked 
|  81|0x0000000645100000, 0x0000000645100000, 0x0000000645200000|  0%| F|  |TAMS 0x0000000645100000, 0x0000000645100000| Untracked 
|  82|0x0000000645200000, 0x0000000645200000, 0x0000000645300000|  0%| F|  |TAMS 0x0000000645200000, 0x0000000645200000| Untracked 
|  83|0x0000000645300000, 0x0000000645300000, 0x0000000645400000|  0%| F|  |TAMS 0x0000000645300000, 0x0000000645300000| Untracked 
|  84|0x0000000645400000, 0x0000000645400000, 0x0000000645500000|  0%| F|  |TAMS 0x0000000645400000, 0x0000000645400000| Untracked 
|  85|0x0000000645500000, 0x0000000645500000, 0x0000000645600000|  0%| F|  |TAMS 0x0000000645500000, 0x0000000645500000| Untracked 
|  86|0x0000000645600000, 0x0000000645600000, 0x0000000645700000|  0%| F|  |TAMS 0x0000000645600000, 0x0000000645600000| Untracked 
|  87|0x0000000645700000, 0x0000000645700000, 0x0000000645800000|  0%| F|  |TAMS 0x0000000645700000, 0x0000000645700000| Untracked 
|  88|0x0000000645800000, 0x0000000645800000, 0x0000000645900000|  0%| F|  |TAMS 0x0000000645800000, 0x0000000645800000| Untracked 
|  89|0x0000000645900000, 0x0000000645900000, 0x0000000645a00000|  0%| F|  |TAMS 0x0000000645900000, 0x0000000645900000| Untracked 
|  90|0x0000000645a00000, 0x0000000645a00000, 0x0000000645b00000|  0%| F|  |TAMS 0x0000000645a00000, 0x0000000645a00000| Untracked 
|  91|0x0000000645b00000, 0x0000000645b00000, 0x0000000645c00000|  0%| F|  |TAMS 0x0000000645b00000, 0x0000000645b00000| Untracked 
|  92|0x0000000645c00000, 0x0000000645c00000, 0x0000000645d00000|  0%| F|  |TAMS 0x0000000645c00000, 0x0000000645c00000| Untracked 
|  93|0x0000000645d00000, 0x0000000645d00000, 0x0000000645e00000|  0%| F|  |TAMS 0x0000000645d00000, 0x0000000645d00000| Untracked 
|  94|0x0000000645e00000, 0x0000000645e00000, 0x0000000645f00000|  0%| F|  |TAMS 0x0000000645e00000, 0x0000000645e00000| Untracked 
|  95|0x0000000645f00000, 0x0000000645f00000, 0x0000000646000000|  0%| F|  |TAMS 0x0000000645f00000, 0x0000000645f00000| Untracked 
|  96|0x0000000646000000, 0x0000000646000000, 0x0000000646100000|  0%| F|  |TAMS 0x0000000646000000, 0x0000000646000000| Untracked 
|  97|0x0000000646100000, 0x0000000646100000, 0x0000000646200000|  0%| F|  |TAMS 0x0000000646100000, 0x0000000646100000| Untracked 
|  98|0x0000000646200000, 0x0000000646200000, 0x0000000646300000|  0%| F|  |TAMS 0x0000000646200000, 0x0000000646200000| Untracked 
|  99|0x0000000646300000, 0x0000000646300000, 0x0000000646400000|  0%| F|  |TAMS 0x0000000646300000, 0x0000000646300000| Untracked 
| 100|0x0000000646400000, 0x0000000646400000, 0x0000000646500000|  0%| F|  |TAMS 0x0000000646400000, 0x0000000646400000| Untracked 
| 101|0x0000000646500000, 0x0000000646500000, 0x0000000646600000|  0%| F|  |TAMS 0x0000000646500000, 0x0000000646500000| Untracked 
| 102|0x0000000646600000, 0x0000000646600000, 0x0000000646700000|  0%| F|  |TAMS 0x0000000646600000, 0x0000000646600000| Untracked 
| 103|0x0000000646700000, 0x0000000646700000, 0x0000000646800000|  0%| F|  |TAMS 0x0000000646700000, 0x0000000646700000| Untracked 
| 104|0x0000000646800000, 0x0000000646800000, 0x0000000646900000|  0%| F|  |TAMS 0x0000000646800000, 0x0000000646800000| Untracked 
| 105|0x0000000646900000, 0x0000000646900000, 0x0000000646a00000|  0%| F|  |TAMS 0x0000000646900000, 0x0000000646900000| Untracked 
| 106|0x0000000646a00000, 0x0000000646a00000, 0x0000000646b00000|  0%| F|  |TAMS 0x0000000646a00000, 0x0000000646a00000| Untracked 
| 107|0x0000000646b00000, 0x0000000646b00000, 0x0000000646c00000|  0%| F|  |TAMS 0x0000000646b00000, 0x0000000646b00000| Untracked 
| 108|0x0000000646c00000, 0x0000000646c00000, 0x0000000646d00000|  0%| F|  |TAMS 0x0000000646c00000, 0x0000000646c00000| Untracked 
| 109|0x0000000646d00000, 0x0000000646d00000, 0x0000000646e00000|  0%| F|  |TAMS 0x0000000646d00000, 0x0000000646d00000| Untracked 
| 110|0x0000000646e00000, 0x0000000646e00000, 0x0000000646f00000|  0%| F|  |TAMS 0x0000000646e00000, 0x0000000646e00000| Untracked 
| 111|0x0000000646f00000, 0x0000000646f00000, 0x0000000647000000|  0%| F|  |TAMS 0x0000000646f00000, 0x0000000646f00000| Untracked 
| 112|0x0000000647000000, 0x0000000647000000, 0x0000000647100000|  0%| F|  |TAMS 0x0000000647000000, 0x0000000647000000| Untracked 
| 113|0x0000000647100000, 0x0000000647100000, 0x0000000647200000|  0%| F|  |TAMS 0x0000000647100000, 0x0000000647100000| Untracked 
| 114|0x0000000647200000, 0x0000000647200000, 0x0000000647300000|  0%| F|  |TAMS 0x0000000647200000, 0x0000000647200000| Untracked 
| 115|0x0000000647300000, 0x0000000647300000, 0x0000000647400000|  0%| F|  |TAMS 0x0000000647300000, 0x0000000647300000| Untracked 
| 116|0x0000000647400000, 0x0000000647400000, 0x0000000647500000|  0%| F|  |TAMS 0x0000000647400000, 0x0000000647400000| Untracked 
| 117|0x0000000647500000, 0x0000000647500000, 0x0000000647600000|  0%| F|  |TAMS 0x0000000647500000, 0x0000000647500000| Untracked 
| 118|0x0000000647600000, 0x0000000647600000, 0x0000000647700000|  0%| F|  |TAMS 0x0000000647600000, 0x0000000647600000| Untracked 
| 119|0x0000000647700000, 0x0000000647700000, 0x0000000647800000|  0%| F|  |TAMS 0x0000000647700000, 0x0000000647700000| Untracked 
| 120|0x0000000647800000, 0x0000000647800000, 0x0000000647900000|  0%| F|  |TAMS 0x0000000647800000, 0x0000000647800000| Untracked 
| 121|0x0000000647900000, 0x0000000647900000, 0x0000000647a00000|  0%| F|  |TAMS 0x0000000647900000, 0x0000000647900000| Untracked 
| 122|0x0000000647a00000, 0x0000000647a00000, 0x0000000647b00000|  0%| F|  |TAMS 0x0000000647a00000, 0x0000000647a00000| Untracked 
| 123|0x0000000647b00000, 0x0000000647b00000, 0x0000000647c00000|  0%| F|  |TAMS 0x0000000647b00000, 0x0000000647b00000| Untracked 
| 124|0x0000000647c00000, 0x0000000647c00000, 0x0000000647d00000|  0%| F|  |TAMS 0x0000000647c00000, 0x0000000647c00000| Untracked 
| 125|0x0000000647d00000, 0x0000000647d00000, 0x0000000647e00000|  0%| F|  |TAMS 0x0000000647d00000, 0x0000000647d00000| Untracked 
| 126|0x0000000647e00000, 0x0000000647e00000, 0x0000000647f00000|  0%| F|  |TAMS 0x0000000647e00000, 0x0000000647e00000| Untracked 
| 127|0x0000000647f00000, 0x0000000647f00000, 0x0000000648000000|  0%| F|  |TAMS 0x0000000647f00000, 0x0000000647f00000| Untracked 
| 128|0x0000000648000000, 0x0000000648000000, 0x0000000648100000|  0%| F|  |TAMS 0x0000000648000000, 0x0000000648000000| Untracked 
| 129|0x0000000648100000, 0x0000000648100000, 0x0000000648200000|  0%| F|  |TAMS 0x0000000648100000, 0x0000000648100000| Untracked 
| 130|0x0000000648200000, 0x0000000648200000, 0x0000000648300000|  0%| F|  |TAMS 0x0000000648200000, 0x0000000648200000| Untracked 
| 131|0x0000000648300000, 0x0000000648300000, 0x0000000648400000|  0%| F|  |TAMS 0x0000000648300000, 0x0000000648300000| Untracked 
| 132|0x0000000648400000, 0x0000000648400000, 0x0000000648500000|  0%| F|  |TAMS 0x0000000648400000, 0x0000000648400000| Untracked 
| 133|0x0000000648500000, 0x0000000648500000, 0x0000000648600000|  0%| F|  |TAMS 0x0000000648500000, 0x0000000648500000| Untracked 
| 134|0x0000000648600000, 0x0000000648600000, 0x0000000648700000|  0%| F|  |TAMS 0x0000000648600000, 0x0000000648600000| Untracked 
| 135|0x0000000648700000, 0x0000000648700000, 0x0000000648800000|  0%| F|  |TAMS 0x0000000648700000, 0x0000000648700000| Untracked 
| 136|0x0000000648800000, 0x0000000648800000, 0x0000000648900000|  0%| F|  |TAMS 0x0000000648800000, 0x0000000648800000| Untracked 
| 137|0x0000000648900000, 0x0000000648900000, 0x0000000648a00000|  0%| F|  |TAMS 0x0000000648900000, 0x0000000648900000| Untracked 
| 138|0x0000000648a00000, 0x0000000648a00000, 0x0000000648b00000|  0%| F|  |TAMS 0x0000000648a00000, 0x0000000648a00000| Untracked 
| 139|0x0000000648b00000, 0x0000000648b00000, 0x0000000648c00000|  0%| F|  |TAMS 0x0000000648b00000, 0x0000000648b00000| Untracked 
| 140|0x0000000648c00000, 0x0000000648c00000, 0x0000000648d00000|  0%| F|  |TAMS 0x0000000648c00000, 0x0000000648c00000| Untracked 
| 141|0x0000000648d00000, 0x0000000648d00000, 0x0000000648e00000|  0%| F|  |TAMS 0x0000000648d00000, 0x0000000648d00000| Untracked 
| 142|0x0000000648e00000, 0x0000000648e00000, 0x0000000648f00000|  0%| F|  |TAMS 0x0000000648e00000, 0x0000000648e00000| Untracked 
| 143|0x0000000648f00000, 0x0000000648f00000, 0x0000000649000000|  0%| F|  |TAMS 0x0000000648f00000, 0x0000000648f00000| Untracked 
| 144|0x0000000649000000, 0x0000000649000000, 0x0000000649100000|  0%| F|  |TAMS 0x0000000649000000, 0x0000000649000000| Untracked 
| 145|0x0000000649100000, 0x0000000649100000, 0x0000000649200000|  0%| F|  |TAMS 0x0000000649100000, 0x0000000649100000| Untracked 
| 146|0x0000000649200000, 0x0000000649200000, 0x0000000649300000|  0%| F|  |TAMS 0x0000000649200000, 0x0000000649200000| Untracked 
| 147|0x0000000649300000, 0x0000000649300000, 0x0000000649400000|  0%| F|  |TAMS 0x0000000649300000, 0x0000000649300000| Untracked 
| 148|0x0000000649400000, 0x0000000649400000, 0x0000000649500000|  0%| F|  |TAMS 0x0000000649400000, 0x0000000649400000| Untracked 
| 149|0x0000000649500000, 0x0000000649500000, 0x0000000649600000|  0%| F|  |TAMS 0x0000000649500000, 0x0000000649500000| Untracked 
| 150|0x0000000649600000, 0x0000000649600000, 0x0000000649700000|  0%| F|  |TAMS 0x0000000649600000, 0x0000000649600000| Untracked 
| 151|0x0000000649700000, 0x0000000649700000, 0x0000000649800000|  0%| F|  |TAMS 0x0000000649700000, 0x0000000649700000| Untracked 
| 152|0x0000000649800000, 0x0000000649800000, 0x0000000649900000|  0%| F|  |TAMS 0x0000000649800000, 0x0000000649800000| Untracked 
| 153|0x0000000649900000, 0x0000000649900000, 0x0000000649a00000|  0%| F|  |TAMS 0x0000000649900000, 0x0000000649900000| Untracked 
| 154|0x0000000649a00000, 0x0000000649a00000, 0x0000000649b00000|  0%| F|  |TAMS 0x0000000649a00000, 0x0000000649a00000| Untracked 
| 155|0x0000000649b00000, 0x0000000649b00000, 0x0000000649c00000|  0%| F|  |TAMS 0x0000000649b00000, 0x0000000649b00000| Untracked 
| 156|0x0000000649c00000, 0x0000000649c00000, 0x0000000649d00000|  0%| F|  |TAMS 0x0000000649c00000, 0x0000000649c00000| Untracked 
| 157|0x0000000649d00000, 0x0000000649d00000, 0x0000000649e00000|  0%| F|  |TAMS 0x0000000649d00000, 0x0000000649d00000| Untracked 
| 158|0x0000000649e00000, 0x0000000649e00000, 0x0000000649f00000|  0%| F|  |TAMS 0x0000000649e00000, 0x0000000649e00000| Untracked 
| 159|0x0000000649f00000, 0x0000000649f00000, 0x000000064a000000|  0%| F|  |TAMS 0x0000000649f00000, 0x0000000649f00000| Untracked 
| 160|0x000000064a000000, 0x000000064a000000, 0x000000064a100000|  0%| F|  |TAMS 0x000000064a000000, 0x000000064a000000| Untracked 
| 161|0x000000064a100000, 0x000000064a100000, 0x000000064a200000|  0%| F|  |TAMS 0x000000064a100000, 0x000000064a100000| Untracked 
| 162|0x000000064a200000, 0x000000064a200000, 0x000000064a300000|  0%| F|  |TAMS 0x000000064a200000, 0x000000064a200000| Untracked 
| 163|0x000000064a300000, 0x000000064a300000, 0x000000064a400000|  0%| F|  |TAMS 0x000000064a300000, 0x000000064a300000| Untracked 
| 164|0x000000064a400000, 0x000000064a400000, 0x000000064a500000|  0%| F|  |TAMS 0x000000064a400000, 0x000000064a400000| Untracked 
| 165|0x000000064a500000, 0x000000064a500000, 0x000000064a600000|  0%| F|  |TAMS 0x000000064a500000, 0x000000064a500000| Untracked 
| 166|0x000000064a600000, 0x000000064a600000, 0x000000064a700000|  0%| F|  |TAMS 0x000000064a600000, 0x000000064a600000| Untracked 
| 167|0x000000064a700000, 0x000000064a700000, 0x000000064a800000|  0%| F|  |TAMS 0x000000064a700000, 0x000000064a700000| Untracked 
| 168|0x000000064a800000, 0x000000064a800000, 0x000000064a900000|  0%| F|  |TAMS 0x000000064a800000, 0x000000064a800000| Untracked 
| 169|0x000000064a900000, 0x000000064a900000, 0x000000064aa00000|  0%| F|  |TAMS 0x000000064a900000, 0x000000064a900000| Untracked 
| 170|0x000000064aa00000, 0x000000064aa00000, 0x000000064ab00000|  0%| F|  |TAMS 0x000000064aa00000, 0x000000064aa00000| Untracked 
| 171|0x000000064ab00000, 0x000000064ab00000, 0x000000064ac00000|  0%| F|  |TAMS 0x000000064ab00000, 0x000000064ab00000| Untracked 
| 172|0x000000064ac00000, 0x000000064ac00000, 0x000000064ad00000|  0%| F|  |TAMS 0x000000064ac00000, 0x000000064ac00000| Untracked 
| 173|0x000000064ad00000, 0x000000064ad00000, 0x000000064ae00000|  0%| F|  |TAMS 0x000000064ad00000, 0x000000064ad00000| Untracked 
| 174|0x000000064ae00000, 0x000000064ae00000, 0x000000064af00000|  0%| F|  |TAMS 0x000000064ae00000, 0x000000064ae00000| Untracked 
| 175|0x000000064af00000, 0x000000064af00000, 0x000000064b000000|  0%| F|  |TAMS 0x000000064af00000, 0x000000064af00000| Untracked 
| 176|0x000000064b000000, 0x000000064b000000, 0x000000064b100000|  0%| F|  |TAMS 0x000000064b000000, 0x000000064b000000| Untracked 
| 177|0x000000064b100000, 0x000000064b100000, 0x000000064b200000|  0%| F|  |TAMS 0x000000064b100000, 0x000000064b100000| Untracked 
| 178|0x000000064b200000, 0x000000064b200000, 0x000000064b300000|  0%| F|  |TAMS 0x000000064b200000, 0x000000064b200000| Untracked 
| 179|0x000000064b300000, 0x000000064b300000, 0x000000064b400000|  0%| F|  |TAMS 0x000000064b300000, 0x000000064b300000| Untracked 
| 180|0x000000064b400000, 0x000000064b400000, 0x000000064b500000|  0%| F|  |TAMS 0x000000064b400000, 0x000000064b400000| Untracked 
| 181|0x000000064b500000, 0x000000064b500000, 0x000000064b600000|  0%| F|  |TAMS 0x000000064b500000, 0x000000064b500000| Untracked 
| 182|0x000000064b600000, 0x000000064b600000, 0x000000064b700000|  0%| F|  |TAMS 0x000000064b600000, 0x000000064b600000| Untracked 
| 183|0x000000064b700000, 0x000000064b700000, 0x000000064b800000|  0%| F|  |TAMS 0x000000064b700000, 0x000000064b700000| Untracked 
| 184|0x000000064b800000, 0x000000064b800000, 0x000000064b900000|  0%| F|  |TAMS 0x000000064b800000, 0x000000064b800000| Untracked 
| 185|0x000000064b900000, 0x000000064b900000, 0x000000064ba00000|  0%| F|  |TAMS 0x000000064b900000, 0x000000064b900000| Untracked 
| 186|0x000000064ba00000, 0x000000064ba00000, 0x000000064bb00000|  0%| F|  |TAMS 0x000000064ba00000, 0x000000064ba00000| Untracked 
| 187|0x000000064bb00000, 0x000000064bb00000, 0x000000064bc00000|  0%| F|  |TAMS 0x000000064bb00000, 0x000000064bb00000| Untracked 
| 188|0x000000064bc00000, 0x000000064bc00000, 0x000000064bd00000|  0%| F|  |TAMS 0x000000064bc00000, 0x000000064bc00000| Untracked 
| 189|0x000000064bd00000, 0x000000064bd00000, 0x000000064be00000|  0%| F|  |TAMS 0x000000064bd00000, 0x000000064bd00000| Untracked 
| 190|0x000000064be00000, 0x000000064be00000, 0x000000064bf00000|  0%| F|  |TAMS 0x000000064be00000, 0x000000064be00000| Untracked 
| 191|0x000000064bf00000, 0x000000064bf00000, 0x000000064c000000|  0%| F|  |TAMS 0x000000064bf00000, 0x000000064bf00000| Untracked 
| 192|0x000000064c000000, 0x000000064c000000, 0x000000064c100000|  0%| F|  |TAMS 0x000000064c000000, 0x000000064c000000| Untracked 
| 193|0x000000064c100000, 0x000000064c100000, 0x000000064c200000|  0%| F|  |TAMS 0x000000064c100000, 0x000000064c100000| Untracked 
| 194|0x000000064c200000, 0x000000064c200000, 0x000000064c300000|  0%| F|  |TAMS 0x000000064c200000, 0x000000064c200000| Untracked 
| 195|0x000000064c300000, 0x000000064c300000, 0x000000064c400000|  0%| F|  |TAMS 0x000000064c300000, 0x000000064c300000| Untracked 
| 196|0x000000064c400000, 0x000000064c400000, 0x000000064c500000|  0%| F|  |TAMS 0x000000064c400000, 0x000000064c400000| Untracked 
| 197|0x000000064c500000, 0x000000064c500000, 0x000000064c600000|  0%| F|  |TAMS 0x000000064c500000, 0x000000064c500000| Untracked 
| 198|0x000000064c600000, 0x000000064c600000, 0x000000064c700000|  0%| F|  |TAMS 0x000000064c600000, 0x000000064c600000| Untracked 
| 199|0x000000064c700000, 0x000000064c700000, 0x000000064c800000|  0%| F|  |TAMS 0x000000064c700000, 0x000000064c700000| Untracked 
| 200|0x000000064c800000, 0x000000064c800000, 0x000000064c900000|  0%| F|  |TAMS 0x000000064c800000, 0x000000064c800000| Untracked 
| 201|0x000000064c900000, 0x000000064c900000, 0x000000064ca00000|  0%| F|  |TAMS 0x000000064c900000, 0x000000064c900000| Untracked 
| 202|0x000000064ca00000, 0x000000064ca00000, 0x000000064cb00000|  0%| F|  |TAMS 0x000000064ca00000, 0x000000064ca00000| Untracked 
| 203|0x000000064cb00000, 0x000000064cb00000, 0x000000064cc00000|  0%| F|  |TAMS 0x000000064cb00000, 0x000000064cb00000| Untracked 
| 204|0x000000064cc00000, 0x000000064cc00000, 0x000000064cd00000|  0%| F|  |TAMS 0x000000064cc00000, 0x000000064cc00000| Untracked 
| 205|0x000000064cd00000, 0x000000064cd00000, 0x000000064ce00000|  0%| F|  |TAMS 0x000000064cd00000, 0x000000064cd00000| Untracked 
| 206|0x000000064ce00000, 0x000000064ce00000, 0x000000064cf00000|  0%| F|  |TAMS 0x000000064ce00000, 0x000000064ce00000| Untracked 
| 207|0x000000064cf00000, 0x000000064cf00000, 0x000000064d000000|  0%| F|  |TAMS 0x000000064cf00000, 0x000000064cf00000| Untracked 
| 208|0x000000064d000000, 0x000000064d000000, 0x000000064d100000|  0%| F|  |TAMS 0x000000064d000000, 0x000000064d000000| Untracked 
| 209|0x000000064d100000, 0x000000064d100000, 0x000000064d200000|  0%| F|  |TAMS 0x000000064d100000, 0x000000064d100000| Untracked 
| 210|0x000000064d200000, 0x000000064d200000, 0x000000064d300000|  0%| F|  |TAMS 0x000000064d200000, 0x000000064d200000| Untracked 
| 211|0x000000064d300000, 0x000000064d300000, 0x000000064d400000|  0%| F|  |TAMS 0x000000064d300000, 0x000000064d300000| Untracked 
| 212|0x000000064d400000, 0x000000064d400000, 0x000000064d500000|  0%| F|  |TAMS 0x000000064d400000, 0x000000064d400000| Untracked 
| 213|0x000000064d500000, 0x000000064d500000, 0x000000064d600000|  0%| F|  |TAMS 0x000000064d500000, 0x000000064d500000| Untracked 
| 214|0x000000064d600000, 0x000000064d600000, 0x000000064d700000|  0%| F|  |TAMS 0x000000064d600000, 0x000000064d600000| Untracked 
| 215|0x000000064d700000, 0x000000064d700000, 0x000000064d800000|  0%| F|  |TAMS 0x000000064d700000, 0x000000064d700000| Untracked 
| 216|0x000000064d800000, 0x000000064d800000, 0x000000064d900000|  0%| F|  |TAMS 0x000000064d800000, 0x000000064d800000| Untracked 
| 217|0x000000064d900000, 0x000000064d900000, 0x000000064da00000|  0%| F|  |TAMS 0x000000064d900000, 0x000000064d900000| Untracked 
| 218|0x000000064da00000, 0x000000064da00000, 0x000000064db00000|  0%| F|  |TAMS 0x000000064da00000, 0x000000064da00000| Untracked 
| 219|0x000000064db00000, 0x000000064db00000, 0x000000064dc00000|  0%| F|  |TAMS 0x000000064db00000, 0x000000064db00000| Untracked 
| 220|0x000000064dc00000, 0x000000064dc00000, 0x000000064dd00000|  0%| F|  |TAMS 0x000000064dc00000, 0x000000064dc00000| Untracked 
| 221|0x000000064dd00000, 0x000000064dd00000, 0x000000064de00000|  0%| F|  |TAMS 0x000000064dd00000, 0x000000064dd00000| Untracked 
| 222|0x000000064de00000, 0x000000064de00000, 0x000000064df00000|  0%| F|  |TAMS 0x000000064de00000, 0x000000064de00000| Untracked 
| 223|0x000000064df00000, 0x000000064df00000, 0x000000064e000000|  0%| F|  |TAMS 0x000000064df00000, 0x000000064df00000| Untracked 
| 224|0x000000064e000000, 0x000000064e000000, 0x000000064e100000|  0%| F|  |TAMS 0x000000064e000000, 0x000000064e000000| Untracked 
| 225|0x000000064e100000, 0x000000064e100000, 0x000000064e200000|  0%| F|  |TAMS 0x000000064e100000, 0x000000064e100000| Untracked 
| 226|0x000000064e200000, 0x000000064e200000, 0x000000064e300000|  0%| F|  |TAMS 0x000000064e200000, 0x000000064e200000| Untracked 
| 227|0x000000064e300000, 0x000000064e300000, 0x000000064e400000|  0%| F|  |TAMS 0x000000064e300000, 0x000000064e300000| Untracked 
| 228|0x000000064e400000, 0x000000064e400000, 0x000000064e500000|  0%| F|  |TAMS 0x000000064e400000, 0x000000064e400000| Untracked 
| 229|0x000000064e500000, 0x000000064e500000, 0x000000064e600000|  0%| F|  |TAMS 0x000000064e500000, 0x000000064e500000| Untracked 
| 230|0x000000064e600000, 0x000000064e600000, 0x000000064e700000|  0%| F|  |TAMS 0x000000064e600000, 0x000000064e600000| Untracked 
| 231|0x000000064e700000, 0x000000064e700000, 0x000000064e800000|  0%| F|  |TAMS 0x000000064e700000, 0x000000064e700000| Untracked 
| 232|0x000000064e800000, 0x000000064e800000, 0x000000064e900000|  0%| F|  |TAMS 0x000000064e800000, 0x000000064e800000| Untracked 
| 233|0x000000064e900000, 0x000000064e900000, 0x000000064ea00000|  0%| F|  |TAMS 0x000000064e900000, 0x000000064e900000| Untracked 
| 234|0x000000064ea00000, 0x000000064ea00000, 0x000000064eb00000|  0%| F|  |TAMS 0x000000064ea00000, 0x000000064ea00000| Untracked 
| 235|0x000000064eb00000, 0x000000064eb00000, 0x000000064ec00000|  0%| F|  |TAMS 0x000000064eb00000, 0x000000064eb00000| Untracked 
| 236|0x000000064ec00000, 0x000000064ec00000, 0x000000064ed00000|  0%| F|  |TAMS 0x000000064ec00000, 0x000000064ec00000| Untracked 
| 237|0x000000064ed00000, 0x000000064ed00000, 0x000000064ee00000|  0%| F|  |TAMS 0x000000064ed00000, 0x000000064ed00000| Untracked 
| 238|0x000000064ee00000, 0x000000064ee00000, 0x000000064ef00000|  0%| F|  |TAMS 0x000000064ee00000, 0x000000064ee00000| Untracked 
| 239|0x000000064ef00000, 0x000000064ef00000, 0x000000064f000000|  0%| F|  |TAMS 0x000000064ef00000, 0x000000064ef00000| Untracked 
| 240|0x000000064f000000, 0x000000064f000000, 0x000000064f100000|  0%| F|  |TAMS 0x000000064f000000, 0x000000064f000000| Untracked 
| 241|0x000000064f100000, 0x000000064f100000, 0x000000064f200000|  0%| F|  |TAMS 0x000000064f100000, 0x000000064f100000| Untracked 
| 242|0x000000064f200000, 0x000000064f200000, 0x000000064f300000|  0%| F|  |TAMS 0x000000064f200000, 0x000000064f200000| Untracked 
| 243|0x000000064f300000, 0x000000064f300000, 0x000000064f400000|  0%| F|  |TAMS 0x000000064f300000, 0x000000064f300000| Untracked 
| 244|0x000000064f400000, 0x000000064f400000, 0x000000064f500000|  0%| F|  |TAMS 0x000000064f400000, 0x000000064f400000| Untracked 
| 245|0x000000064f500000, 0x000000064f500000, 0x000000064f600000|  0%| F|  |TAMS 0x000000064f500000, 0x000000064f500000| Untracked 
| 246|0x000000064f600000, 0x000000064f600000, 0x000000064f700000|  0%| F|  |TAMS 0x000000064f600000, 0x000000064f600000| Untracked 
| 247|0x000000064f700000, 0x000000064f700000, 0x000000064f800000|  0%| F|  |TAMS 0x000000064f700000, 0x000000064f700000| Untracked 
| 248|0x000000064f800000, 0x000000064f800000, 0x000000064f900000|  0%| F|  |TAMS 0x000000064f800000, 0x000000064f800000| Untracked 
| 249|0x000000064f900000, 0x000000064f900000, 0x000000064fa00000|  0%| F|  |TAMS 0x000000064f900000, 0x000000064f900000| Untracked 
| 250|0x000000064fa00000, 0x000000064fa00000, 0x000000064fb00000|  0%| F|  |TAMS 0x000000064fa00000, 0x000000064fa00000| Untracked 
| 251|0x000000064fb00000, 0x000000064fb00000, 0x000000064fc00000|  0%| F|  |TAMS 0x000000064fb00000, 0x000000064fb00000| Untracked 
| 252|0x000000064fc00000, 0x000000064fc00000, 0x000000064fd00000|  0%| F|  |TAMS 0x000000064fc00000, 0x000000064fc00000| Untracked 
| 253|0x000000064fd00000, 0x000000064fd00000, 0x000000064fe00000|  0%| F|  |TAMS 0x000000064fd00000, 0x000000064fd00000| Untracked 
| 254|0x000000064fe00000, 0x000000064fe00000, 0x000000064ff00000|  0%| F|  |TAMS 0x000000064fe00000, 0x000000064fe00000| Untracked 
| 255|0x000000064ff00000, 0x000000064ff00000, 0x0000000650000000|  0%| F|  |TAMS 0x000000064ff00000, 0x000000064ff00000| Untracked 
| 256|0x0000000650000000, 0x0000000650000000, 0x0000000650100000|  0%| F|  |TAMS 0x0000000650000000, 0x0000000650000000| Untracked 
| 257|0x0000000650100000, 0x0000000650100000, 0x0000000650200000|  0%| F|  |TAMS 0x0000000650100000, 0x0000000650100000| Untracked 
| 258|0x0000000650200000, 0x0000000650200000, 0x0000000650300000|  0%| F|  |TAMS 0x0000000650200000, 0x0000000650200000| Untracked 
| 259|0x0000000650300000, 0x0000000650300000, 0x0000000650400000|  0%| F|  |TAMS 0x0000000650300000, 0x0000000650300000| Untracked 
| 260|0x0000000650400000, 0x0000000650400000, 0x0000000650500000|  0%| F|  |TAMS 0x0000000650400000, 0x0000000650400000| Untracked 
| 261|0x0000000650500000, 0x0000000650500000, 0x0000000650600000|  0%| F|  |TAMS 0x0000000650500000, 0x0000000650500000| Untracked 
| 262|0x0000000650600000, 0x0000000650600000, 0x0000000650700000|  0%| F|  |TAMS 0x0000000650600000, 0x0000000650600000| Untracked 
| 263|0x0000000650700000, 0x0000000650700000, 0x0000000650800000|  0%| F|  |TAMS 0x0000000650700000, 0x0000000650700000| Untracked 
| 264|0x0000000650800000, 0x0000000650800000, 0x0000000650900000|  0%| F|  |TAMS 0x0000000650800000, 0x0000000650800000| Untracked 
| 265|0x0000000650900000, 0x0000000650900000, 0x0000000650a00000|  0%| F|  |TAMS 0x0000000650900000, 0x0000000650900000| Untracked 
| 266|0x0000000650a00000, 0x0000000650a00000, 0x0000000650b00000|  0%| F|  |TAMS 0x0000000650a00000, 0x0000000650a00000| Untracked 
| 267|0x0000000650b00000, 0x0000000650b00000, 0x0000000650c00000|  0%| F|  |TAMS 0x0000000650b00000, 0x0000000650b00000| Untracked 
| 268|0x0000000650c00000, 0x0000000650c00000, 0x0000000650d00000|  0%| F|  |TAMS 0x0000000650c00000, 0x0000000650c00000| Untracked 
| 269|0x0000000650d00000, 0x0000000650d00000, 0x0000000650e00000|  0%| F|  |TAMS 0x0000000650d00000, 0x0000000650d00000| Untracked 
| 270|0x0000000650e00000, 0x0000000650e00000, 0x0000000650f00000|  0%| F|  |TAMS 0x0000000650e00000, 0x0000000650e00000| Untracked 
| 271|0x0000000650f00000, 0x0000000650f00000, 0x0000000651000000|  0%| F|  |TAMS 0x0000000650f00000, 0x0000000650f00000| Untracked 
| 272|0x0000000651000000, 0x0000000651000000, 0x0000000651100000|  0%| F|  |TAMS 0x0000000651000000, 0x0000000651000000| Untracked 
| 273|0x0000000651100000, 0x0000000651100000, 0x0000000651200000|  0%| F|  |TAMS 0x0000000651100000, 0x0000000651100000| Untracked 
| 274|0x0000000651200000, 0x0000000651200000, 0x0000000651300000|  0%| F|  |TAMS 0x0000000651200000, 0x0000000651200000| Untracked 
| 275|0x0000000651300000, 0x0000000651300000, 0x0000000651400000|  0%| F|  |TAMS 0x0000000651300000, 0x0000000651300000| Untracked 
| 276|0x0000000651400000, 0x0000000651400000, 0x0000000651500000|  0%| F|  |TAMS 0x0000000651400000, 0x0000000651400000| Untracked 
| 277|0x0000000651500000, 0x0000000651500000, 0x0000000651600000|  0%| F|  |TAMS 0x0000000651500000, 0x0000000651500000| Untracked 
| 278|0x0000000651600000, 0x0000000651600000, 0x0000000651700000|  0%| F|  |TAMS 0x0000000651600000, 0x0000000651600000| Untracked 
| 279|0x0000000651700000, 0x0000000651700000, 0x0000000651800000|  0%| F|  |TAMS 0x0000000651700000, 0x0000000651700000| Untracked 
| 280|0x0000000651800000, 0x0000000651800000, 0x0000000651900000|  0%| F|  |TAMS 0x0000000651800000, 0x0000000651800000| Untracked 
| 281|0x0000000651900000, 0x0000000651900000, 0x0000000651a00000|  0%| F|  |TAMS 0x0000000651900000, 0x0000000651900000| Untracked 
| 282|0x0000000651a00000, 0x0000000651a00000, 0x0000000651b00000|  0%| F|  |TAMS 0x0000000651a00000, 0x0000000651a00000| Untracked 
| 283|0x0000000651b00000, 0x0000000651b00000, 0x0000000651c00000|  0%| F|  |TAMS 0x0000000651b00000, 0x0000000651b00000| Untracked 
| 284|0x0000000651c00000, 0x0000000651c00000, 0x0000000651d00000|  0%| F|  |TAMS 0x0000000651c00000, 0x0000000651c00000| Untracked 
| 285|0x0000000651d00000, 0x0000000651d00000, 0x0000000651e00000|  0%| F|  |TAMS 0x0000000651d00000, 0x0000000651d00000| Untracked 
| 286|0x0000000651e00000, 0x0000000651e00000, 0x0000000651f00000|  0%| F|  |TAMS 0x0000000651e00000, 0x0000000651e00000| Untracked 
| 287|0x0000000651f00000, 0x0000000651f00000, 0x0000000652000000|  0%| F|  |TAMS 0x0000000651f00000, 0x0000000651f00000| Untracked 
| 288|0x0000000652000000, 0x0000000652000000, 0x0000000652100000|  0%| F|  |TAMS 0x0000000652000000, 0x0000000652000000| Untracked 
| 289|0x0000000652100000, 0x0000000652100000, 0x0000000652200000|  0%| F|  |TAMS 0x0000000652100000, 0x0000000652100000| Untracked 
| 290|0x0000000652200000, 0x0000000652200000, 0x0000000652300000|  0%| F|  |TAMS 0x0000000652200000, 0x0000000652200000| Untracked 
| 291|0x0000000652300000, 0x0000000652300000, 0x0000000652400000|  0%| F|  |TAMS 0x0000000652300000, 0x0000000652300000| Untracked 
| 292|0x0000000652400000, 0x0000000652400000, 0x0000000652500000|  0%| F|  |TAMS 0x0000000652400000, 0x0000000652400000| Untracked 
| 293|0x0000000652500000, 0x0000000652500000, 0x0000000652600000|  0%| F|  |TAMS 0x0000000652500000, 0x0000000652500000| Untracked 
| 294|0x0000000652600000, 0x0000000652600000, 0x0000000652700000|  0%| F|  |TAMS 0x0000000652600000, 0x0000000652600000| Untracked 
| 295|0x0000000652700000, 0x0000000652700000, 0x0000000652800000|  0%| F|  |TAMS 0x0000000652700000, 0x0000000652700000| Untracked 
| 296|0x0000000652800000, 0x0000000652800000, 0x0000000652900000|  0%| F|  |TAMS 0x0000000652800000, 0x0000000652800000| Untracked 
| 297|0x0000000652900000, 0x0000000652900000, 0x0000000652a00000|  0%| F|  |TAMS 0x0000000652900000, 0x0000000652900000| Untracked 
| 298|0x0000000652a00000, 0x0000000652a00000, 0x0000000652b00000|  0%| F|  |TAMS 0x0000000652a00000, 0x0000000652a00000| Untracked 
| 299|0x0000000652b00000, 0x0000000652b00000, 0x0000000652c00000|  0%| F|  |TAMS 0x0000000652b00000, 0x0000000652b00000| Untracked 
| 300|0x0000000652c00000, 0x0000000652c00000, 0x0000000652d00000|  0%| F|  |TAMS 0x0000000652c00000, 0x0000000652c00000| Untracked 
| 301|0x0000000652d00000, 0x0000000652d00000, 0x0000000652e00000|  0%| F|  |TAMS 0x0000000652d00000, 0x0000000652d00000| Untracked 
| 302|0x0000000652e00000, 0x0000000652e00000, 0x0000000652f00000|  0%| F|  |TAMS 0x0000000652e00000, 0x0000000652e00000| Untracked 
| 303|0x0000000652f00000, 0x0000000652f00000, 0x0000000653000000|  0%| F|  |TAMS 0x0000000652f00000, 0x0000000652f00000| Untracked 
| 304|0x0000000653000000, 0x0000000653000000, 0x0000000653100000|  0%| F|  |TAMS 0x0000000653000000, 0x0000000653000000| Untracked 
| 305|0x0000000653100000, 0x0000000653100000, 0x0000000653200000|  0%| F|  |TAMS 0x0000000653100000, 0x0000000653100000| Untracked 
| 306|0x0000000653200000, 0x0000000653200000, 0x0000000653300000|  0%| F|  |TAMS 0x0000000653200000, 0x0000000653200000| Untracked 
| 307|0x0000000653300000, 0x0000000653300000, 0x0000000653400000|  0%| F|  |TAMS 0x0000000653300000, 0x0000000653300000| Untracked 
| 308|0x0000000653400000, 0x0000000653400000, 0x0000000653500000|  0%| F|  |TAMS 0x0000000653400000, 0x0000000653400000| Untracked 
| 309|0x0000000653500000, 0x0000000653500000, 0x0000000653600000|  0%| F|  |TAMS 0x0000000653500000, 0x0000000653500000| Untracked 
| 310|0x0000000653600000, 0x0000000653600000, 0x0000000653700000|  0%| F|  |TAMS 0x0000000653600000, 0x0000000653600000| Untracked 
| 311|0x0000000653700000, 0x0000000653700000, 0x0000000653800000|  0%| F|  |TAMS 0x0000000653700000, 0x0000000653700000| Untracked 
| 312|0x0000000653800000, 0x0000000653800000, 0x0000000653900000|  0%| F|  |TAMS 0x0000000653800000, 0x0000000653800000| Untracked 
| 313|0x0000000653900000, 0x0000000653900000, 0x0000000653a00000|  0%| F|  |TAMS 0x0000000653900000, 0x0000000653900000| Untracked 
| 314|0x0000000653a00000, 0x0000000653a00000, 0x0000000653b00000|  0%| F|  |TAMS 0x0000000653a00000, 0x0000000653a00000| Untracked 
| 315|0x0000000653b00000, 0x0000000653b00000, 0x0000000653c00000|  0%| F|  |TAMS 0x0000000653b00000, 0x0000000653b00000| Untracked 
| 316|0x0000000653c00000, 0x0000000653c00000, 0x0000000653d00000|  0%| F|  |TAMS 0x0000000653c00000, 0x0000000653c00000| Untracked 
| 317|0x0000000653d00000, 0x0000000653d00000, 0x0000000653e00000|  0%| F|  |TAMS 0x0000000653d00000, 0x0000000653d00000| Untracked 
| 318|0x0000000653e00000, 0x0000000653e00000, 0x0000000653f00000|  0%| F|  |TAMS 0x0000000653e00000, 0x0000000653e00000| Untracked 
| 319|0x0000000653f00000, 0x0000000653f00000, 0x0000000654000000|  0%| F|  |TAMS 0x0000000653f00000, 0x0000000653f00000| Untracked 
| 320|0x0000000654000000, 0x0000000654000000, 0x0000000654100000|  0%| F|  |TAMS 0x0000000654000000, 0x0000000654000000| Untracked 
| 321|0x0000000654100000, 0x0000000654100000, 0x0000000654200000|  0%| F|  |TAMS 0x0000000654100000, 0x0000000654100000| Untracked 
| 322|0x0000000654200000, 0x0000000654200000, 0x0000000654300000|  0%| F|  |TAMS 0x0000000654200000, 0x0000000654200000| Untracked 
| 323|0x0000000654300000, 0x0000000654300000, 0x0000000654400000|  0%| F|  |TAMS 0x0000000654300000, 0x0000000654300000| Untracked 
| 324|0x0000000654400000, 0x0000000654400000, 0x0000000654500000|  0%| F|  |TAMS 0x0000000654400000, 0x0000000654400000| Untracked 
| 325|0x0000000654500000, 0x0000000654500000, 0x0000000654600000|  0%| F|  |TAMS 0x0000000654500000, 0x0000000654500000| Untracked 
| 326|0x0000000654600000, 0x0000000654600000, 0x0000000654700000|  0%| F|  |TAMS 0x0000000654600000, 0x0000000654600000| Untracked 
| 327|0x0000000654700000, 0x0000000654700000, 0x0000000654800000|  0%| F|  |TAMS 0x0000000654700000, 0x0000000654700000| Untracked 
| 328|0x0000000654800000, 0x0000000654800000, 0x0000000654900000|  0%| F|  |TAMS 0x0000000654800000, 0x0000000654800000| Untracked 
| 329|0x0000000654900000, 0x0000000654900000, 0x0000000654a00000|  0%| F|  |TAMS 0x0000000654900000, 0x0000000654900000| Untracked 
| 330|0x0000000654a00000, 0x0000000654a00000, 0x0000000654b00000|  0%| F|  |TAMS 0x0000000654a00000, 0x0000000654a00000| Untracked 
| 331|0x0000000654b00000, 0x0000000654b00000, 0x0000000654c00000|  0%| F|  |TAMS 0x0000000654b00000, 0x0000000654b00000| Untracked 
| 332|0x0000000654c00000, 0x0000000654c00000, 0x0000000654d00000|  0%| F|  |TAMS 0x0000000654c00000, 0x0000000654c00000| Untracked 
| 333|0x0000000654d00000, 0x0000000654d00000, 0x0000000654e00000|  0%| F|  |TAMS 0x0000000654d00000, 0x0000000654d00000| Untracked 
| 334|0x0000000654e00000, 0x0000000654e00000, 0x0000000654f00000|  0%| F|  |TAMS 0x0000000654e00000, 0x0000000654e00000| Untracked 
| 335|0x0000000654f00000, 0x0000000654f00000, 0x0000000655000000|  0%| F|  |TAMS 0x0000000654f00000, 0x0000000654f00000| Untracked 
| 336|0x0000000655000000, 0x0000000655000000, 0x0000000655100000|  0%| F|  |TAMS 0x0000000655000000, 0x0000000655000000| Untracked 
| 337|0x0000000655100000, 0x0000000655100000, 0x0000000655200000|  0%| F|  |TAMS 0x0000000655100000, 0x0000000655100000| Untracked 
| 338|0x0000000655200000, 0x0000000655200000, 0x0000000655300000|  0%| F|  |TAMS 0x0000000655200000, 0x0000000655200000| Untracked 
| 339|0x0000000655300000, 0x0000000655300000, 0x0000000655400000|  0%| F|  |TAMS 0x0000000655300000, 0x0000000655300000| Untracked 
| 340|0x0000000655400000, 0x0000000655400000, 0x0000000655500000|  0%| F|  |TAMS 0x0000000655400000, 0x0000000655400000| Untracked 
| 341|0x0000000655500000, 0x0000000655500000, 0x0000000655600000|  0%| F|  |TAMS 0x0000000655500000, 0x0000000655500000| Untracked 
| 342|0x0000000655600000, 0x0000000655600000, 0x0000000655700000|  0%| F|  |TAMS 0x0000000655600000, 0x0000000655600000| Untracked 
| 343|0x0000000655700000, 0x0000000655700000, 0x0000000655800000|  0%| F|  |TAMS 0x0000000655700000, 0x0000000655700000| Untracked 
| 344|0x0000000655800000, 0x0000000655800000, 0x0000000655900000|  0%| F|  |TAMS 0x0000000655800000, 0x0000000655800000| Untracked 
| 345|0x0000000655900000, 0x0000000655900000, 0x0000000655a00000|  0%| F|  |TAMS 0x0000000655900000, 0x0000000655900000| Untracked 
| 346|0x0000000655a00000, 0x0000000655a00000, 0x0000000655b00000|  0%| F|  |TAMS 0x0000000655a00000, 0x0000000655a00000| Untracked 
| 347|0x0000000655b00000, 0x0000000655b00000, 0x0000000655c00000|  0%| F|  |TAMS 0x0000000655b00000, 0x0000000655b00000| Untracked 
| 348|0x0000000655c00000, 0x0000000655c00000, 0x0000000655d00000|  0%| F|  |TAMS 0x0000000655c00000, 0x0000000655c00000| Untracked 
| 349|0x0000000655d00000, 0x0000000655d00000, 0x0000000655e00000|  0%| F|  |TAMS 0x0000000655d00000, 0x0000000655d00000| Untracked 
| 350|0x0000000655e00000, 0x0000000655e00000, 0x0000000655f00000|  0%| F|  |TAMS 0x0000000655e00000, 0x0000000655e00000| Untracked 
| 351|0x0000000655f00000, 0x0000000655f00000, 0x0000000656000000|  0%| F|  |TAMS 0x0000000655f00000, 0x0000000655f00000| Untracked 
| 352|0x0000000656000000, 0x0000000656000000, 0x0000000656100000|  0%| F|  |TAMS 0x0000000656000000, 0x0000000656000000| Untracked 
| 353|0x0000000656100000, 0x0000000656100000, 0x0000000656200000|  0%| F|  |TAMS 0x0000000656100000, 0x0000000656100000| Untracked 
| 354|0x0000000656200000, 0x0000000656200000, 0x0000000656300000|  0%| F|  |TAMS 0x0000000656200000, 0x0000000656200000| Untracked 
| 355|0x0000000656300000, 0x0000000656300000, 0x0000000656400000|  0%| F|  |TAMS 0x0000000656300000, 0x0000000656300000| Untracked 
| 356|0x0000000656400000, 0x0000000656400000, 0x0000000656500000|  0%| F|  |TAMS 0x0000000656400000, 0x0000000656400000| Untracked 
| 357|0x0000000656500000, 0x0000000656500000, 0x0000000656600000|  0%| F|  |TAMS 0x0000000656500000, 0x0000000656500000| Untracked 
| 358|0x0000000656600000, 0x0000000656600000, 0x0000000656700000|  0%| F|  |TAMS 0x0000000656600000, 0x0000000656600000| Untracked 
| 359|0x0000000656700000, 0x0000000656700000, 0x0000000656800000|  0%| F|  |TAMS 0x0000000656700000, 0x0000000656700000| Untracked 
| 360|0x0000000656800000, 0x0000000656800000, 0x0000000656900000|  0%| F|  |TAMS 0x0000000656800000, 0x0000000656800000| Untracked 
| 361|0x0000000656900000, 0x0000000656900000, 0x0000000656a00000|  0%| F|  |TAMS 0x0000000656900000, 0x0000000656900000| Untracked 
| 362|0x0000000656a00000, 0x0000000656a00000, 0x0000000656b00000|  0%| F|  |TAMS 0x0000000656a00000, 0x0000000656a00000| Untracked 
| 363|0x0000000656b00000, 0x0000000656b00000, 0x0000000656c00000|  0%| F|  |TAMS 0x0000000656b00000, 0x0000000656b00000| Untracked 
| 364|0x0000000656c00000, 0x0000000656c00000, 0x0000000656d00000|  0%| F|  |TAMS 0x0000000656c00000, 0x0000000656c00000| Untracked 
| 365|0x0000000656d00000, 0x0000000656d00000, 0x0000000656e00000|  0%| F|  |TAMS 0x0000000656d00000, 0x0000000656d00000| Untracked 
| 366|0x0000000656e00000, 0x0000000656e00000, 0x0000000656f00000|  0%| F|  |TAMS 0x0000000656e00000, 0x0000000656e00000| Untracked 
| 367|0x0000000656f00000, 0x0000000656f00000, 0x0000000657000000|  0%| F|  |TAMS 0x0000000656f00000, 0x0000000656f00000| Untracked 
| 368|0x0000000657000000, 0x0000000657000000, 0x0000000657100000|  0%| F|  |TAMS 0x0000000657000000, 0x0000000657000000| Untracked 
| 369|0x0000000657100000, 0x0000000657100000, 0x0000000657200000|  0%| F|  |TAMS 0x0000000657100000, 0x0000000657100000| Untracked 
| 370|0x0000000657200000, 0x0000000657200000, 0x0000000657300000|  0%| F|  |TAMS 0x0000000657200000, 0x0000000657200000| Untracked 
| 371|0x0000000657300000, 0x0000000657300000, 0x0000000657400000|  0%| F|  |TAMS 0x0000000657300000, 0x0000000657300000| Untracked 
| 372|0x0000000657400000, 0x0000000657400000, 0x0000000657500000|  0%| F|  |TAMS 0x0000000657400000, 0x0000000657400000| Untracked 
| 373|0x0000000657500000, 0x0000000657500000, 0x0000000657600000|  0%| F|  |TAMS 0x0000000657500000, 0x0000000657500000| Untracked 
| 374|0x0000000657600000, 0x0000000657600000, 0x0000000657700000|  0%| F|  |TAMS 0x0000000657600000, 0x0000000657600000| Untracked 
| 375|0x0000000657700000, 0x0000000657700000, 0x0000000657800000|  0%| F|  |TAMS 0x0000000657700000, 0x0000000657700000| Untracked 
| 376|0x0000000657800000, 0x0000000657800000, 0x0000000657900000|  0%| F|  |TAMS 0x0000000657800000, 0x0000000657800000| Untracked 
| 377|0x0000000657900000, 0x0000000657900000, 0x0000000657a00000|  0%| F|  |TAMS 0x0000000657900000, 0x0000000657900000| Untracked 
| 378|0x0000000657a00000, 0x0000000657a00000, 0x0000000657b00000|  0%| F|  |TAMS 0x0000000657a00000, 0x0000000657a00000| Untracked 
| 379|0x0000000657b00000, 0x0000000657b00000, 0x0000000657c00000|  0%| F|  |TAMS 0x0000000657b00000, 0x0000000657b00000| Untracked 
| 380|0x0000000657c00000, 0x0000000657c00000, 0x0000000657d00000|  0%| F|  |TAMS 0x0000000657c00000, 0x0000000657c00000| Untracked 
| 381|0x0000000657d00000, 0x0000000657d00000, 0x0000000657e00000|  0%| F|  |TAMS 0x0000000657d00000, 0x0000000657d00000| Untracked 
| 382|0x0000000657e00000, 0x0000000657e00000, 0x0000000657f00000|  0%| F|  |TAMS 0x0000000657e00000, 0x0000000657e00000| Untracked 
| 383|0x0000000657f00000, 0x0000000657f00000, 0x0000000658000000|  0%| F|  |TAMS 0x0000000657f00000, 0x0000000657f00000| Untracked 
| 384|0x0000000658000000, 0x0000000658000000, 0x0000000658100000|  0%| F|  |TAMS 0x0000000658000000, 0x0000000658000000| Untracked 
| 385|0x0000000658100000, 0x0000000658100000, 0x0000000658200000|  0%| F|  |TAMS 0x0000000658100000, 0x0000000658100000| Untracked 
| 386|0x0000000658200000, 0x0000000658200000, 0x0000000658300000|  0%| F|  |TAMS 0x0000000658200000, 0x0000000658200000| Untracked 
| 387|0x0000000658300000, 0x0000000658300000, 0x0000000658400000|  0%| F|  |TAMS 0x0000000658300000, 0x0000000658300000| Untracked 
| 388|0x0000000658400000, 0x0000000658400000, 0x0000000658500000|  0%| F|  |TAMS 0x0000000658400000, 0x0000000658400000| Untracked 
| 389|0x0000000658500000, 0x0000000658500000, 0x0000000658600000|  0%| F|  |TAMS 0x0000000658500000, 0x0000000658500000| Untracked 
| 390|0x0000000658600000, 0x0000000658600000, 0x0000000658700000|  0%| F|  |TAMS 0x0000000658600000, 0x0000000658600000| Untracked 
| 391|0x0000000658700000, 0x0000000658700000, 0x0000000658800000|  0%| F|  |TAMS 0x0000000658700000, 0x0000000658700000| Untracked 
| 392|0x0000000658800000, 0x0000000658800000, 0x0000000658900000|  0%| F|  |TAMS 0x0000000658800000, 0x0000000658800000| Untracked 
| 393|0x0000000658900000, 0x0000000658900000, 0x0000000658a00000|  0%| F|  |TAMS 0x0000000658900000, 0x0000000658900000| Untracked 
| 394|0x0000000658a00000, 0x0000000658a00000, 0x0000000658b00000|  0%| F|  |TAMS 0x0000000658a00000, 0x0000000658a00000| Untracked 
| 395|0x0000000658b00000, 0x0000000658b00000, 0x0000000658c00000|  0%| F|  |TAMS 0x0000000658b00000, 0x0000000658b00000| Untracked 
| 396|0x0000000658c00000, 0x0000000658c00000, 0x0000000658d00000|  0%| F|  |TAMS 0x0000000658c00000, 0x0000000658c00000| Untracked 
| 397|0x0000000658d00000, 0x0000000658d00000, 0x0000000658e00000|  0%| F|  |TAMS 0x0000000658d00000, 0x0000000658d00000| Untracked 
| 398|0x0000000658e00000, 0x0000000658e00000, 0x0000000658f00000|  0%| F|  |TAMS 0x0000000658e00000, 0x0000000658e00000| Untracked 
| 399|0x0000000658f00000, 0x0000000658f00000, 0x0000000659000000|  0%| F|  |TAMS 0x0000000658f00000, 0x0000000658f00000| Untracked 
| 400|0x0000000659000000, 0x0000000659000000, 0x0000000659100000|  0%| F|  |TAMS 0x0000000659000000, 0x0000000659000000| Untracked 
| 401|0x0000000659100000, 0x0000000659100000, 0x0000000659200000|  0%| F|  |TAMS 0x0000000659100000, 0x0000000659100000| Untracked 
| 402|0x0000000659200000, 0x0000000659200000, 0x0000000659300000|  0%| F|  |TAMS 0x0000000659200000, 0x0000000659200000| Untracked 
| 403|0x0000000659300000, 0x0000000659300000, 0x0000000659400000|  0%| F|  |TAMS 0x0000000659300000, 0x0000000659300000| Untracked 
| 404|0x0000000659400000, 0x0000000659400000, 0x0000000659500000|  0%| F|  |TAMS 0x0000000659400000, 0x0000000659400000| Untracked 
| 405|0x0000000659500000, 0x0000000659500000, 0x0000000659600000|  0%| F|  |TAMS 0x0000000659500000, 0x0000000659500000| Untracked 
| 406|0x0000000659600000, 0x0000000659600000, 0x0000000659700000|  0%| F|  |TAMS 0x0000000659600000, 0x0000000659600000| Untracked 
| 407|0x0000000659700000, 0x0000000659700000, 0x0000000659800000|  0%| F|  |TAMS 0x0000000659700000, 0x0000000659700000| Untracked 
| 408|0x0000000659800000, 0x0000000659800000, 0x0000000659900000|  0%| F|  |TAMS 0x0000000659800000, 0x0000000659800000| Untracked 
| 409|0x0000000659900000, 0x0000000659900000, 0x0000000659a00000|  0%| F|  |TAMS 0x0000000659900000, 0x0000000659900000| Untracked 
| 410|0x0000000659a00000, 0x0000000659a00000, 0x0000000659b00000|  0%| F|  |TAMS 0x0000000659a00000, 0x0000000659a00000| Untracked 
| 411|0x0000000659b00000, 0x0000000659b00000, 0x0000000659c00000|  0%| F|  |TAMS 0x0000000659b00000, 0x0000000659b00000| Untracked 
| 412|0x0000000659c00000, 0x0000000659c00000, 0x0000000659d00000|  0%| F|  |TAMS 0x0000000659c00000, 0x0000000659c00000| Untracked 
| 413|0x0000000659d00000, 0x0000000659d00000, 0x0000000659e00000|  0%| F|  |TAMS 0x0000000659d00000, 0x0000000659d00000| Untracked 
| 414|0x0000000659e00000, 0x0000000659e00000, 0x0000000659f00000|  0%| F|  |TAMS 0x0000000659e00000, 0x0000000659e00000| Untracked 
| 415|0x0000000659f00000, 0x0000000659f00000, 0x000000065a000000|  0%| F|  |TAMS 0x0000000659f00000, 0x0000000659f00000| Untracked 
| 416|0x000000065a000000, 0x000000065a000000, 0x000000065a100000|  0%| F|  |TAMS 0x000000065a000000, 0x000000065a000000| Untracked 
| 417|0x000000065a100000, 0x000000065a100000, 0x000000065a200000|  0%| F|  |TAMS 0x000000065a100000, 0x000000065a100000| Untracked 
| 418|0x000000065a200000, 0x000000065a200000, 0x000000065a300000|  0%| F|  |TAMS 0x000000065a200000, 0x000000065a200000| Untracked 
| 419|0x000000065a300000, 0x000000065a300000, 0x000000065a400000|  0%| F|  |TAMS 0x000000065a300000, 0x000000065a300000| Untracked 
| 420|0x000000065a400000, 0x000000065a400000, 0x000000065a500000|  0%| F|  |TAMS 0x000000065a400000, 0x000000065a400000| Untracked 
| 421|0x000000065a500000, 0x000000065a500000, 0x000000065a600000|  0%| F|  |TAMS 0x000000065a500000, 0x000000065a500000| Untracked 
| 422|0x000000065a600000, 0x000000065a600000, 0x000000065a700000|  0%| F|  |TAMS 0x000000065a600000, 0x000000065a600000| Untracked 
| 423|0x000000065a700000, 0x000000065a75e210, 0x000000065a800000| 36%| S|CS|TAMS 0x000000065a700000, 0x000000065a700000| Complete 
| 424|0x000000065a800000, 0x000000065a900000, 0x000000065a900000|100%| S|CS|TAMS 0x000000065a800000, 0x000000065a800000| Complete 
| 425|0x000000065a900000, 0x000000065aa00000, 0x000000065aa00000|100%| S|CS|TAMS 0x000000065a900000, 0x000000065a900000| Complete 
| 426|0x000000065aa00000, 0x000000065ab00000, 0x000000065ab00000|100%| S|CS|TAMS 0x000000065aa00000, 0x000000065aa00000| Complete 
| 427|0x000000065ab00000, 0x000000065ac00000, 0x000000065ac00000|100%| S|CS|TAMS 0x000000065ab00000, 0x000000065ab00000| Complete 
| 428|0x000000065ac00000, 0x000000065ad00000, 0x000000065ad00000|100%| S|CS|TAMS 0x000000065ac00000, 0x000000065ac00000| Complete 
| 429|0x000000065ad00000, 0x000000065ae00000, 0x000000065ae00000|100%| S|CS|TAMS 0x000000065ad00000, 0x000000065ad00000| Complete 
| 430|0x000000065ae00000, 0x000000065af00000, 0x000000065af00000|100%| S|CS|TAMS 0x000000065ae00000, 0x000000065ae00000| Complete 
| 431|0x000000065af00000, 0x000000065b000000, 0x000000065b000000|100%| S|CS|TAMS 0x000000065af00000, 0x000000065af00000| Complete 
| 432|0x000000065b000000, 0x000000065b100000, 0x000000065b100000|100%| S|CS|TAMS 0x000000065b000000, 0x000000065b000000| Complete 
| 433|0x000000065b100000, 0x000000065b200000, 0x000000065b200000|100%| S|CS|TAMS 0x000000065b100000, 0x000000065b100000| Complete 
| 434|0x000000065b200000, 0x000000065b200000, 0x000000065b300000|  0%| F|  |TAMS 0x000000065b200000, 0x000000065b200000| Untracked 
| 435|0x000000065b300000, 0x000000065b300000, 0x000000065b400000|  0%| F|  |TAMS 0x000000065b300000, 0x000000065b300000| Untracked 
| 436|0x000000065b400000, 0x000000065b400000, 0x000000065b500000|  0%| F|  |TAMS 0x000000065b400000, 0x000000065b400000| Untracked 
| 437|0x000000065b500000, 0x000000065b500000, 0x000000065b600000|  0%| F|  |TAMS 0x000000065b500000, 0x000000065b500000| Untracked 
| 438|0x000000065b600000, 0x000000065b600000, 0x000000065b700000|  0%| F|  |TAMS 0x000000065b600000, 0x000000065b600000| Untracked 
| 439|0x000000065b700000, 0x000000065b700000, 0x000000065b800000|  0%| F|  |TAMS 0x000000065b700000, 0x000000065b700000| Untracked 
| 440|0x000000065b800000, 0x000000065b800000, 0x000000065b900000|  0%| F|  |TAMS 0x000000065b800000, 0x000000065b800000| Untracked 
| 441|0x000000065b900000, 0x000000065b900000, 0x000000065ba00000|  0%| F|  |TAMS 0x000000065b900000, 0x000000065b900000| Untracked 
| 442|0x000000065ba00000, 0x000000065ba00000, 0x000000065bb00000|  0%| F|  |TAMS 0x000000065ba00000, 0x000000065ba00000| Untracked 
| 443|0x000000065bb00000, 0x000000065bb00000, 0x000000065bc00000|  0%| F|  |TAMS 0x000000065bb00000, 0x000000065bb00000| Untracked 
| 444|0x000000065bc00000, 0x000000065bc00000, 0x000000065bd00000|  0%| F|  |TAMS 0x000000065bc00000, 0x000000065bc00000| Untracked 
| 445|0x000000065bd00000, 0x000000065bd00000, 0x000000065be00000|  0%| F|  |TAMS 0x000000065bd00000, 0x000000065bd00000| Untracked 
| 446|0x000000065be00000, 0x000000065be00000, 0x000000065bf00000|  0%| F|  |TAMS 0x000000065be00000, 0x000000065be00000| Untracked 
| 447|0x000000065bf00000, 0x000000065bf00000, 0x000000065c000000|  0%| F|  |TAMS 0x000000065bf00000, 0x000000065bf00000| Untracked 
| 448|0x000000065c000000, 0x000000065c000000, 0x000000065c100000|  0%| F|  |TAMS 0x000000065c000000, 0x000000065c000000| Untracked 
| 449|0x000000065c100000, 0x000000065c100000, 0x000000065c200000|  0%| F|  |TAMS 0x000000065c100000, 0x000000065c100000| Untracked 
| 450|0x000000065c200000, 0x000000065c200000, 0x000000065c300000|  0%| F|  |TAMS 0x000000065c200000, 0x000000065c200000| Untracked 
| 451|0x000000065c300000, 0x000000065c300000, 0x000000065c400000|  0%| F|  |TAMS 0x000000065c300000, 0x000000065c300000| Untracked 
| 452|0x000000065c400000, 0x000000065c400000, 0x000000065c500000|  0%| F|  |TAMS 0x000000065c400000, 0x000000065c400000| Untracked 
| 453|0x000000065c500000, 0x000000065c500000, 0x000000065c600000|  0%| F|  |TAMS 0x000000065c500000, 0x000000065c500000| Untracked 
| 454|0x000000065c600000, 0x000000065c600000, 0x000000065c700000|  0%| F|  |TAMS 0x000000065c600000, 0x000000065c600000| Untracked 
| 455|0x000000065c700000, 0x000000065c700000, 0x000000065c800000|  0%| F|  |TAMS 0x000000065c700000, 0x000000065c700000| Untracked 
| 456|0x000000065c800000, 0x000000065c800000, 0x000000065c900000|  0%| F|  |TAMS 0x000000065c800000, 0x000000065c800000| Untracked 
| 457|0x000000065c900000, 0x000000065c900000, 0x000000065ca00000|  0%| F|  |TAMS 0x000000065c900000, 0x000000065c900000| Untracked 
| 458|0x000000065ca00000, 0x000000065ca00000, 0x000000065cb00000|  0%| F|  |TAMS 0x000000065ca00000, 0x000000065ca00000| Untracked 
| 459|0x000000065cb00000, 0x000000065cb00000, 0x000000065cc00000|  0%| F|  |TAMS 0x000000065cb00000, 0x000000065cb00000| Untracked 
| 460|0x000000065cc00000, 0x000000065cc00000, 0x000000065cd00000|  0%| F|  |TAMS 0x000000065cc00000, 0x000000065cc00000| Untracked 
| 461|0x000000065cd00000, 0x000000065cd00000, 0x000000065ce00000|  0%| F|  |TAMS 0x000000065cd00000, 0x000000065cd00000| Untracked 
| 462|0x000000065ce00000, 0x000000065ce00000, 0x000000065cf00000|  0%| F|  |TAMS 0x000000065ce00000, 0x000000065ce00000| Untracked 
| 463|0x000000065cf00000, 0x000000065cf00000, 0x000000065d000000|  0%| F|  |TAMS 0x000000065cf00000, 0x000000065cf00000| Untracked 
| 464|0x000000065d000000, 0x000000065d000000, 0x000000065d100000|  0%| F|  |TAMS 0x000000065d000000, 0x000000065d000000| Untracked 
| 465|0x000000065d100000, 0x000000065d100000, 0x000000065d200000|  0%| F|  |TAMS 0x000000065d100000, 0x000000065d100000| Untracked 
| 466|0x000000065d200000, 0x000000065d200000, 0x000000065d300000|  0%| F|  |TAMS 0x000000065d200000, 0x000000065d200000| Untracked 
| 467|0x000000065d300000, 0x000000065d300000, 0x000000065d400000|  0%| F|  |TAMS 0x000000065d300000, 0x000000065d300000| Untracked 
| 468|0x000000065d400000, 0x000000065d400000, 0x000000065d500000|  0%| F|  |TAMS 0x000000065d400000, 0x000000065d400000| Untracked 
| 469|0x000000065d500000, 0x000000065d500000, 0x000000065d600000|  0%| F|  |TAMS 0x000000065d500000, 0x000000065d500000| Untracked 
| 470|0x000000065d600000, 0x000000065d600000, 0x000000065d700000|  0%| F|  |TAMS 0x000000065d600000, 0x000000065d600000| Untracked 
| 471|0x000000065d700000, 0x000000065d700000, 0x000000065d800000|  0%| F|  |TAMS 0x000000065d700000, 0x000000065d700000| Untracked 
| 472|0x000000065d800000, 0x000000065d800000, 0x000000065d900000|  0%| F|  |TAMS 0x000000065d800000, 0x000000065d800000| Untracked 
| 473|0x000000065d900000, 0x000000065d900000, 0x000000065da00000|  0%| F|  |TAMS 0x000000065d900000, 0x000000065d900000| Untracked 
| 474|0x000000065da00000, 0x000000065da00000, 0x000000065db00000|  0%| F|  |TAMS 0x000000065da00000, 0x000000065da00000| Untracked 
| 475|0x000000065db00000, 0x000000065db00000, 0x000000065dc00000|  0%| F|  |TAMS 0x000000065db00000, 0x000000065db00000| Untracked 
| 476|0x000000065dc00000, 0x000000065dc00000, 0x000000065dd00000|  0%| F|  |TAMS 0x000000065dc00000, 0x000000065dc00000| Untracked 
| 477|0x000000065dd00000, 0x000000065dd00000, 0x000000065de00000|  0%| F|  |TAMS 0x000000065dd00000, 0x000000065dd00000| Untracked 
| 478|0x000000065de00000, 0x000000065de00000, 0x000000065df00000|  0%| F|  |TAMS 0x000000065de00000, 0x000000065de00000| Untracked 
| 479|0x000000065df00000, 0x000000065df00000, 0x000000065e000000|  0%| F|  |TAMS 0x000000065df00000, 0x000000065df00000| Untracked 
| 480|0x000000065e000000, 0x000000065e000000, 0x000000065e100000|  0%| F|  |TAMS 0x000000065e000000, 0x000000065e000000| Untracked 
| 481|0x000000065e100000, 0x000000065e100000, 0x000000065e200000|  0%| F|  |TAMS 0x000000065e100000, 0x000000065e100000| Untracked 
| 482|0x000000065e200000, 0x000000065e200000, 0x000000065e300000|  0%| F|  |TAMS 0x000000065e200000, 0x000000065e200000| Untracked 
| 483|0x000000065e300000, 0x000000065e300000, 0x000000065e400000|  0%| F|  |TAMS 0x000000065e300000, 0x000000065e300000| Untracked 
| 484|0x000000065e400000, 0x000000065e400000, 0x000000065e500000|  0%| F|  |TAMS 0x000000065e400000, 0x000000065e400000| Untracked 
| 485|0x000000065e500000, 0x000000065e500000, 0x000000065e600000|  0%| F|  |TAMS 0x000000065e500000, 0x000000065e500000| Untracked 
| 486|0x000000065e600000, 0x000000065e600000, 0x000000065e700000|  0%| F|  |TAMS 0x000000065e600000, 0x000000065e600000| Untracked 
| 487|0x000000065e700000, 0x000000065e700000, 0x000000065e800000|  0%| F|  |TAMS 0x000000065e700000, 0x000000065e700000| Untracked 
| 488|0x000000065e800000, 0x000000065e800000, 0x000000065e900000|  0%| F|  |TAMS 0x000000065e800000, 0x000000065e800000| Untracked 
| 489|0x000000065e900000, 0x000000065e900000, 0x000000065ea00000|  0%| F|  |TAMS 0x000000065e900000, 0x000000065e900000| Untracked 
| 490|0x000000065ea00000, 0x000000065ea00000, 0x000000065eb00000|  0%| F|  |TAMS 0x000000065ea00000, 0x000000065ea00000| Untracked 
| 491|0x000000065eb00000, 0x000000065eb00000, 0x000000065ec00000|  0%| F|  |TAMS 0x000000065eb00000, 0x000000065eb00000| Untracked 
| 492|0x000000065ec00000, 0x000000065ec00000, 0x000000065ed00000|  0%| F|  |TAMS 0x000000065ec00000, 0x000000065ec00000| Untracked 
| 493|0x000000065ed00000, 0x000000065ed00000, 0x000000065ee00000|  0%| F|  |TAMS 0x000000065ed00000, 0x000000065ed00000| Untracked 
| 494|0x000000065ee00000, 0x000000065ee00000, 0x000000065ef00000|  0%| F|  |TAMS 0x000000065ee00000, 0x000000065ee00000| Untracked 
| 495|0x000000065ef00000, 0x000000065ef00000, 0x000000065f000000|  0%| F|  |TAMS 0x000000065ef00000, 0x000000065ef00000| Untracked 
| 496|0x000000065f000000, 0x000000065f000000, 0x000000065f100000|  0%| F|  |TAMS 0x000000065f000000, 0x000000065f000000| Untracked 
| 497|0x000000065f100000, 0x000000065f100000, 0x000000065f200000|  0%| F|  |TAMS 0x000000065f100000, 0x000000065f100000| Untracked 
| 498|0x000000065f200000, 0x000000065f200000, 0x000000065f300000|  0%| F|  |TAMS 0x000000065f200000, 0x000000065f200000| Untracked 
| 499|0x000000065f300000, 0x000000065f300000, 0x000000065f400000|  0%| F|  |TAMS 0x000000065f300000, 0x000000065f300000| Untracked 
| 500|0x000000065f400000, 0x000000065f400000, 0x000000065f500000|  0%| F|  |TAMS 0x000000065f400000, 0x000000065f400000| Untracked 
| 501|0x000000065f500000, 0x000000065f500000, 0x000000065f600000|  0%| F|  |TAMS 0x000000065f500000, 0x000000065f500000| Untracked 
| 502|0x000000065f600000, 0x000000065f600000, 0x000000065f700000|  0%| F|  |TAMS 0x000000065f600000, 0x000000065f600000| Untracked 
| 503|0x000000065f700000, 0x000000065f700000, 0x000000065f800000|  0%| F|  |TAMS 0x000000065f700000, 0x000000065f700000| Untracked 
| 504|0x000000065f800000, 0x000000065f800000, 0x000000065f900000|  0%| F|  |TAMS 0x000000065f800000, 0x000000065f800000| Untracked 
| 505|0x000000065f900000, 0x000000065f900000, 0x000000065fa00000|  0%| F|  |TAMS 0x000000065f900000, 0x000000065f900000| Untracked 
| 506|0x000000065fa00000, 0x000000065fa00000, 0x000000065fb00000|  0%| F|  |TAMS 0x000000065fa00000, 0x000000065fa00000| Untracked 
| 507|0x000000065fb00000, 0x000000065fb00000, 0x000000065fc00000|  0%| F|  |TAMS 0x000000065fb00000, 0x000000065fb00000| Untracked 
| 508|0x000000065fc00000, 0x000000065fc00000, 0x000000065fd00000|  0%| F|  |TAMS 0x000000065fc00000, 0x000000065fc00000| Untracked 
| 509|0x000000065fd00000, 0x000000065fd00000, 0x000000065fe00000|  0%| F|  |TAMS 0x000000065fd00000, 0x000000065fd00000| Untracked 
| 510|0x000000065fe00000, 0x000000065fe00000, 0x000000065ff00000|  0%| F|  |TAMS 0x000000065fe00000, 0x000000065fe00000| Untracked 
| 511|0x000000065ff00000, 0x000000065ff00000, 0x0000000660000000|  0%| F|  |TAMS 0x000000065ff00000, 0x000000065ff00000| Untracked 
| 512|0x0000000660000000, 0x0000000660000000, 0x0000000660100000|  0%| F|  |TAMS 0x0000000660000000, 0x0000000660000000| Untracked 
| 513|0x0000000660100000, 0x0000000660100000, 0x0000000660200000|  0%| F|  |TAMS 0x0000000660100000, 0x0000000660100000| Untracked 
| 514|0x0000000660200000, 0x0000000660200000, 0x0000000660300000|  0%| F|  |TAMS 0x0000000660200000, 0x0000000660200000| Untracked 
| 515|0x0000000660300000, 0x0000000660300000, 0x0000000660400000|  0%| F|  |TAMS 0x0000000660300000, 0x0000000660300000| Untracked 
| 516|0x0000000660400000, 0x0000000660400000, 0x0000000660500000|  0%| F|  |TAMS 0x0000000660400000, 0x0000000660400000| Untracked 
| 517|0x0000000660500000, 0x0000000660500000, 0x0000000660600000|  0%| F|  |TAMS 0x0000000660500000, 0x0000000660500000| Untracked 
| 518|0x0000000660600000, 0x0000000660600000, 0x0000000660700000|  0%| F|  |TAMS 0x0000000660600000, 0x0000000660600000| Untracked 
| 519|0x0000000660700000, 0x0000000660700000, 0x0000000660800000|  0%| F|  |TAMS 0x0000000660700000, 0x0000000660700000| Untracked 
| 520|0x0000000660800000, 0x0000000660800000, 0x0000000660900000|  0%| F|  |TAMS 0x0000000660800000, 0x0000000660800000| Untracked 
| 521|0x0000000660900000, 0x0000000660900000, 0x0000000660a00000|  0%| F|  |TAMS 0x0000000660900000, 0x0000000660900000| Untracked 
| 522|0x0000000660a00000, 0x0000000660a00000, 0x0000000660b00000|  0%| F|  |TAMS 0x0000000660a00000, 0x0000000660a00000| Untracked 
| 523|0x0000000660b00000, 0x0000000660b00000, 0x0000000660c00000|  0%| F|  |TAMS 0x0000000660b00000, 0x0000000660b00000| Untracked 
| 524|0x0000000660c00000, 0x0000000660c00000, 0x0000000660d00000|  0%| F|  |TAMS 0x0000000660c00000, 0x0000000660c00000| Untracked 
| 525|0x0000000660d00000, 0x0000000660d00000, 0x0000000660e00000|  0%| F|  |TAMS 0x0000000660d00000, 0x0000000660d00000| Untracked 
| 526|0x0000000660e00000, 0x0000000660e00000, 0x0000000660f00000|  0%| F|  |TAMS 0x0000000660e00000, 0x0000000660e00000| Untracked 
| 527|0x0000000660f00000, 0x0000000660f00000, 0x0000000661000000|  0%| F|  |TAMS 0x0000000660f00000, 0x0000000660f00000| Untracked 
| 528|0x0000000661000000, 0x0000000661000000, 0x0000000661100000|  0%| F|  |TAMS 0x0000000661000000, 0x0000000661000000| Untracked 
| 529|0x0000000661100000, 0x0000000661100000, 0x0000000661200000|  0%| F|  |TAMS 0x0000000661100000, 0x0000000661100000| Untracked 
| 530|0x0000000661200000, 0x0000000661200000, 0x0000000661300000|  0%| F|  |TAMS 0x0000000661200000, 0x0000000661200000| Untracked 
| 531|0x0000000661300000, 0x0000000661300000, 0x0000000661400000|  0%| F|  |TAMS 0x0000000661300000, 0x0000000661300000| Untracked 
| 532|0x0000000661400000, 0x0000000661400000, 0x0000000661500000|  0%| F|  |TAMS 0x0000000661400000, 0x0000000661400000| Untracked 
| 533|0x0000000661500000, 0x0000000661500000, 0x0000000661600000|  0%| F|  |TAMS 0x0000000661500000, 0x0000000661500000| Untracked 
| 534|0x0000000661600000, 0x0000000661600000, 0x0000000661700000|  0%| F|  |TAMS 0x0000000661600000, 0x0000000661600000| Untracked 
| 535|0x0000000661700000, 0x0000000661700000, 0x0000000661800000|  0%| F|  |TAMS 0x0000000661700000, 0x0000000661700000| Untracked 
| 536|0x0000000661800000, 0x0000000661800000, 0x0000000661900000|  0%| F|  |TAMS 0x0000000661800000, 0x0000000661800000| Untracked 
| 537|0x0000000661900000, 0x0000000661900000, 0x0000000661a00000|  0%| F|  |TAMS 0x0000000661900000, 0x0000000661900000| Untracked 
| 538|0x0000000661a00000, 0x0000000661a00000, 0x0000000661b00000|  0%| F|  |TAMS 0x0000000661a00000, 0x0000000661a00000| Untracked 
| 539|0x0000000661b00000, 0x0000000661b00000, 0x0000000661c00000|  0%| F|  |TAMS 0x0000000661b00000, 0x0000000661b00000| Untracked 
| 540|0x0000000661c00000, 0x0000000661c00000, 0x0000000661d00000|  0%| F|  |TAMS 0x0000000661c00000, 0x0000000661c00000| Untracked 
| 541|0x0000000661d00000, 0x0000000661d00000, 0x0000000661e00000|  0%| F|  |TAMS 0x0000000661d00000, 0x0000000661d00000| Untracked 
| 542|0x0000000661e00000, 0x0000000661f00000, 0x0000000661f00000|100%| E|  |TAMS 0x0000000661e00000, 0x0000000661e00000| Complete 
| 543|0x0000000661f00000, 0x0000000662000000, 0x0000000662000000|100%| E|CS|TAMS 0x0000000661f00000, 0x0000000661f00000| Complete 
| 544|0x0000000662000000, 0x0000000662100000, 0x0000000662100000|100%| E|CS|TAMS 0x0000000662000000, 0x0000000662000000| Complete 
| 545|0x0000000662100000, 0x0000000662200000, 0x0000000662200000|100%| E|CS|TAMS 0x0000000662100000, 0x0000000662100000| Complete 
| 546|0x0000000662200000, 0x0000000662300000, 0x0000000662300000|100%| E|CS|TAMS 0x0000000662200000, 0x0000000662200000| Complete 
| 547|0x0000000662300000, 0x0000000662400000, 0x0000000662400000|100%| E|CS|TAMS 0x0000000662300000, 0x0000000662300000| Complete 
| 548|0x0000000662400000, 0x0000000662500000, 0x0000000662500000|100%| E|CS|TAMS 0x0000000662400000, 0x0000000662400000| Complete 
| 549|0x0000000662500000, 0x0000000662600000, 0x0000000662600000|100%| E|CS|TAMS 0x0000000662500000, 0x0000000662500000| Complete 
| 550|0x0000000662600000, 0x0000000662700000, 0x0000000662700000|100%| E|CS|TAMS 0x0000000662600000, 0x0000000662600000| Complete 
| 551|0x0000000662700000, 0x0000000662800000, 0x0000000662800000|100%| E|CS|TAMS 0x0000000662700000, 0x0000000662700000| Complete 
| 552|0x0000000662800000, 0x0000000662900000, 0x0000000662900000|100%| E|CS|TAMS 0x0000000662800000, 0x0000000662800000| Complete 
| 553|0x0000000662900000, 0x0000000662a00000, 0x0000000662a00000|100%| E|CS|TAMS 0x0000000662900000, 0x0000000662900000| Complete 
| 554|0x0000000662a00000, 0x0000000662b00000, 0x0000000662b00000|100%| E|CS|TAMS 0x0000000662a00000, 0x0000000662a00000| Complete 
| 555|0x0000000662b00000, 0x0000000662c00000, 0x0000000662c00000|100%| E|CS|TAMS 0x0000000662b00000, 0x0000000662b00000| Complete 
| 556|0x0000000662c00000, 0x0000000662d00000, 0x0000000662d00000|100%| E|CS|TAMS 0x0000000662c00000, 0x0000000662c00000| Complete 
| 557|0x0000000662d00000, 0x0000000662e00000, 0x0000000662e00000|100%| E|CS|TAMS 0x0000000662d00000, 0x0000000662d00000| Complete 
| 558|0x0000000662e00000, 0x0000000662f00000, 0x0000000662f00000|100%| E|CS|TAMS 0x0000000662e00000, 0x0000000662e00000| Complete 
| 559|0x0000000662f00000, 0x0000000663000000, 0x0000000663000000|100%| E|CS|TAMS 0x0000000662f00000, 0x0000000662f00000| Complete 
| 560|0x0000000663000000, 0x0000000663100000, 0x0000000663100000|100%| E|CS|TAMS 0x0000000663000000, 0x0000000663000000| Complete 
| 561|0x0000000663100000, 0x0000000663200000, 0x0000000663200000|100%| E|CS|TAMS 0x0000000663100000, 0x0000000663100000| Complete 
| 562|0x0000000663200000, 0x0000000663300000, 0x0000000663300000|100%| E|CS|TAMS 0x0000000663200000, 0x0000000663200000| Complete 
| 563|0x0000000663300000, 0x0000000663400000, 0x0000000663400000|100%| E|CS|TAMS 0x0000000663300000, 0x0000000663300000| Complete 
| 564|0x0000000663400000, 0x0000000663500000, 0x0000000663500000|100%| E|CS|TAMS 0x0000000663400000, 0x0000000663400000| Complete 
| 565|0x0000000663500000, 0x0000000663600000, 0x0000000663600000|100%| E|CS|TAMS 0x0000000663500000, 0x0000000663500000| Complete 
| 566|0x0000000663600000, 0x0000000663700000, 0x0000000663700000|100%| E|CS|TAMS 0x0000000663600000, 0x0000000663600000| Complete 
| 567|0x0000000663700000, 0x0000000663800000, 0x0000000663800000|100%| E|CS|TAMS 0x0000000663700000, 0x0000000663700000| Complete 
| 568|0x0000000663800000, 0x0000000663900000, 0x0000000663900000|100%| E|CS|TAMS 0x0000000663800000, 0x0000000663800000| Complete 
| 569|0x0000000663900000, 0x0000000663a00000, 0x0000000663a00000|100%| E|CS|TAMS 0x0000000663900000, 0x0000000663900000| Complete 
| 570|0x0000000663a00000, 0x0000000663b00000, 0x0000000663b00000|100%| E|CS|TAMS 0x0000000663a00000, 0x0000000663a00000| Complete 
| 571|0x0000000663b00000, 0x0000000663c00000, 0x0000000663c00000|100%| E|CS|TAMS 0x0000000663b00000, 0x0000000663b00000| Complete 
| 572|0x0000000663c00000, 0x0000000663d00000, 0x0000000663d00000|100%| E|CS|TAMS 0x0000000663c00000, 0x0000000663c00000| Complete 
| 573|0x0000000663d00000, 0x0000000663e00000, 0x0000000663e00000|100%| E|CS|TAMS 0x0000000663d00000, 0x0000000663d00000| Complete 
| 574|0x0000000663e00000, 0x0000000663f00000, 0x0000000663f00000|100%| E|CS|TAMS 0x0000000663e00000, 0x0000000663e00000| Complete 
| 575|0x0000000663f00000, 0x0000000664000000, 0x0000000664000000|100%| E|CS|TAMS 0x0000000663f00000, 0x0000000663f00000| Complete 
| 576|0x0000000664000000, 0x0000000664100000, 0x0000000664100000|100%| E|CS|TAMS 0x0000000664000000, 0x0000000664000000| Complete 
| 577|0x0000000664100000, 0x0000000664200000, 0x0000000664200000|100%| E|CS|TAMS 0x0000000664100000, 0x0000000664100000| Complete 
| 578|0x0000000664200000, 0x0000000664300000, 0x0000000664300000|100%| E|CS|TAMS 0x0000000664200000, 0x0000000664200000| Complete 
| 579|0x0000000664300000, 0x0000000664400000, 0x0000000664400000|100%| E|CS|TAMS 0x0000000664300000, 0x0000000664300000| Complete 
| 580|0x0000000664400000, 0x0000000664500000, 0x0000000664500000|100%| E|CS|TAMS 0x0000000664400000, 0x0000000664400000| Complete 
| 581|0x0000000664500000, 0x0000000664600000, 0x0000000664600000|100%| E|CS|TAMS 0x0000000664500000, 0x0000000664500000| Complete 
| 582|0x0000000664600000, 0x0000000664700000, 0x0000000664700000|100%| E|CS|TAMS 0x0000000664600000, 0x0000000664600000| Complete 
| 583|0x0000000664700000, 0x0000000664800000, 0x0000000664800000|100%| E|CS|TAMS 0x0000000664700000, 0x0000000664700000| Complete 
| 584|0x0000000664800000, 0x0000000664900000, 0x0000000664900000|100%| E|CS|TAMS 0x0000000664800000, 0x0000000664800000| Complete 
| 585|0x0000000664900000, 0x0000000664a00000, 0x0000000664a00000|100%| E|CS|TAMS 0x0000000664900000, 0x0000000664900000| Complete 
| 586|0x0000000664a00000, 0x0000000664b00000, 0x0000000664b00000|100%| E|CS|TAMS 0x0000000664a00000, 0x0000000664a00000| Complete 
| 587|0x0000000664b00000, 0x0000000664c00000, 0x0000000664c00000|100%| E|CS|TAMS 0x0000000664b00000, 0x0000000664b00000| Complete 
| 588|0x0000000664c00000, 0x0000000664d00000, 0x0000000664d00000|100%| E|CS|TAMS 0x0000000664c00000, 0x0000000664c00000| Complete 
| 589|0x0000000664d00000, 0x0000000664e00000, 0x0000000664e00000|100%| E|CS|TAMS 0x0000000664d00000, 0x0000000664d00000| Complete 
| 590|0x0000000664e00000, 0x0000000664f00000, 0x0000000664f00000|100%| E|CS|TAMS 0x0000000664e00000, 0x0000000664e00000| Complete 
| 591|0x0000000664f00000, 0x0000000665000000, 0x0000000665000000|100%| E|CS|TAMS 0x0000000664f00000, 0x0000000664f00000| Complete 
| 592|0x0000000665000000, 0x0000000665100000, 0x0000000665100000|100%| E|CS|TAMS 0x0000000665000000, 0x0000000665000000| Complete 
| 593|0x0000000665100000, 0x0000000665200000, 0x0000000665200000|100%| E|CS|TAMS 0x0000000665100000, 0x0000000665100000| Complete 
| 594|0x0000000665200000, 0x0000000665300000, 0x0000000665300000|100%| E|CS|TAMS 0x0000000665200000, 0x0000000665200000| Complete 
| 595|0x0000000665300000, 0x0000000665400000, 0x0000000665400000|100%| E|CS|TAMS 0x0000000665300000, 0x0000000665300000| Complete 
| 596|0x0000000665400000, 0x0000000665500000, 0x0000000665500000|100%| E|CS|TAMS 0x0000000665400000, 0x0000000665400000| Complete 
| 597|0x0000000665500000, 0x0000000665600000, 0x0000000665600000|100%| E|  |TAMS 0x0000000665500000, 0x0000000665500000| Complete 
| 598|0x0000000665600000, 0x0000000665700000, 0x0000000665700000|100%| E|CS|TAMS 0x0000000665600000, 0x0000000665600000| Complete 
| 599|0x0000000665700000, 0x0000000665800000, 0x0000000665800000|100%| E|CS|TAMS 0x0000000665700000, 0x0000000665700000| Complete 
| 600|0x0000000665800000, 0x0000000665900000, 0x0000000665900000|100%| E|CS|TAMS 0x0000000665800000, 0x0000000665800000| Complete 
| 601|0x0000000665900000, 0x0000000665a00000, 0x0000000665a00000|100%| E|CS|TAMS 0x0000000665900000, 0x0000000665900000| Complete 
| 602|0x0000000665a00000, 0x0000000665b00000, 0x0000000665b00000|100%| E|CS|TAMS 0x0000000665a00000, 0x0000000665a00000| Complete 
| 603|0x0000000665b00000, 0x0000000665c00000, 0x0000000665c00000|100%| E|CS|TAMS 0x0000000665b00000, 0x0000000665b00000| Complete 
| 604|0x0000000665c00000, 0x0000000665d00000, 0x0000000665d00000|100%| E|CS|TAMS 0x0000000665c00000, 0x0000000665c00000| Complete 
| 605|0x0000000665d00000, 0x0000000665e00000, 0x0000000665e00000|100%| E|CS|TAMS 0x0000000665d00000, 0x0000000665d00000| Complete 
| 606|0x0000000665e00000, 0x0000000665f00000, 0x0000000665f00000|100%| E|CS|TAMS 0x0000000665e00000, 0x0000000665e00000| Complete 
| 607|0x0000000665f00000, 0x0000000666000000, 0x0000000666000000|100%| E|CS|TAMS 0x0000000665f00000, 0x0000000665f00000| Complete 
| 608|0x0000000666000000, 0x0000000666100000, 0x0000000666100000|100%| E|CS|TAMS 0x0000000666000000, 0x0000000666000000| Complete 
| 609|0x0000000666100000, 0x0000000666200000, 0x0000000666200000|100%| E|CS|TAMS 0x0000000666100000, 0x0000000666100000| Complete 
| 610|0x0000000666200000, 0x0000000666300000, 0x0000000666300000|100%| E|CS|TAMS 0x0000000666200000, 0x0000000666200000| Complete 
| 611|0x0000000666300000, 0x0000000666400000, 0x0000000666400000|100%| E|CS|TAMS 0x0000000666300000, 0x0000000666300000| Complete 
| 612|0x0000000666400000, 0x0000000666500000, 0x0000000666500000|100%| E|CS|TAMS 0x0000000666400000, 0x0000000666400000| Complete 
| 613|0x0000000666500000, 0x0000000666600000, 0x0000000666600000|100%| E|CS|TAMS 0x0000000666500000, 0x0000000666500000| Complete 
| 614|0x0000000666600000, 0x0000000666700000, 0x0000000666700000|100%| E|CS|TAMS 0x0000000666600000, 0x0000000666600000| Complete 
| 615|0x0000000666700000, 0x0000000666800000, 0x0000000666800000|100%| E|CS|TAMS 0x0000000666700000, 0x0000000666700000| Complete 
| 616|0x0000000666800000, 0x0000000666900000, 0x0000000666900000|100%| E|CS|TAMS 0x0000000666800000, 0x0000000666800000| Complete 
| 617|0x0000000666900000, 0x0000000666a00000, 0x0000000666a00000|100%| E|CS|TAMS 0x0000000666900000, 0x0000000666900000| Complete 
| 618|0x0000000666a00000, 0x0000000666b00000, 0x0000000666b00000|100%| E|CS|TAMS 0x0000000666a00000, 0x0000000666a00000| Complete 
| 619|0x0000000666b00000, 0x0000000666c00000, 0x0000000666c00000|100%| E|CS|TAMS 0x0000000666b00000, 0x0000000666b00000| Complete 
| 620|0x0000000666c00000, 0x0000000666d00000, 0x0000000666d00000|100%| E|CS|TAMS 0x0000000666c00000, 0x0000000666c00000| Complete 
| 621|0x0000000666d00000, 0x0000000666e00000, 0x0000000666e00000|100%| E|CS|TAMS 0x0000000666d00000, 0x0000000666d00000| Complete 
| 622|0x0000000666e00000, 0x0000000666f00000, 0x0000000666f00000|100%| E|CS|TAMS 0x0000000666e00000, 0x0000000666e00000| Complete 
| 623|0x0000000666f00000, 0x0000000667000000, 0x0000000667000000|100%| E|CS|TAMS 0x0000000666f00000, 0x0000000666f00000| Complete 
| 624|0x0000000667000000, 0x0000000667100000, 0x0000000667100000|100%| E|CS|TAMS 0x0000000667000000, 0x0000000667000000| Complete 
| 625|0x0000000667100000, 0x0000000667200000, 0x0000000667200000|100%| E|CS|TAMS 0x0000000667100000, 0x0000000667100000| Complete 
| 626|0x0000000667200000, 0x0000000667300000, 0x0000000667300000|100%| E|CS|TAMS 0x0000000667200000, 0x0000000667200000| Complete 
| 627|0x0000000667300000, 0x0000000667400000, 0x0000000667400000|100%| E|CS|TAMS 0x0000000667300000, 0x0000000667300000| Complete 
| 628|0x0000000667400000, 0x0000000667500000, 0x0000000667500000|100%| E|CS|TAMS 0x0000000667400000, 0x0000000667400000| Complete 
| 629|0x0000000667500000, 0x0000000667600000, 0x0000000667600000|100%| E|CS|TAMS 0x0000000667500000, 0x0000000667500000| Complete 
| 630|0x0000000667600000, 0x0000000667700000, 0x0000000667700000|100%| E|CS|TAMS 0x0000000667600000, 0x0000000667600000| Complete 
| 631|0x0000000667700000, 0x0000000667800000, 0x0000000667800000|100%| E|CS|TAMS 0x0000000667700000, 0x0000000667700000| Complete 
| 632|0x0000000667800000, 0x0000000667900000, 0x0000000667900000|100%| E|CS|TAMS 0x0000000667800000, 0x0000000667800000| Complete 
| 633|0x0000000667900000, 0x0000000667a00000, 0x0000000667a00000|100%| E|CS|TAMS 0x0000000667900000, 0x0000000667900000| Complete 
| 634|0x0000000667a00000, 0x0000000667b00000, 0x0000000667b00000|100%| E|CS|TAMS 0x0000000667a00000, 0x0000000667a00000| Complete 
| 635|0x0000000667b00000, 0x0000000667c00000, 0x0000000667c00000|100%| E|CS|TAMS 0x0000000667b00000, 0x0000000667b00000| Complete 
| 636|0x0000000667c00000, 0x0000000667d00000, 0x0000000667d00000|100%| E|CS|TAMS 0x0000000667c00000, 0x0000000667c00000| Complete 
| 637|0x0000000667d00000, 0x0000000667e00000, 0x0000000667e00000|100%| E|CS|TAMS 0x0000000667d00000, 0x0000000667d00000| Complete 
| 638|0x0000000667e00000, 0x0000000667f00000, 0x0000000667f00000|100%| E|CS|TAMS 0x0000000667e00000, 0x0000000667e00000| Complete 
| 639|0x0000000667f00000, 0x0000000668000000, 0x0000000668000000|100%| E|CS|TAMS 0x0000000667f00000, 0x0000000667f00000| Complete 
| 640|0x0000000668000000, 0x0000000668100000, 0x0000000668100000|100%| E|CS|TAMS 0x0000000668000000, 0x0000000668000000| Complete 
| 641|0x0000000668100000, 0x0000000668200000, 0x0000000668200000|100%| E|CS|TAMS 0x0000000668100000, 0x0000000668100000| Complete 
| 642|0x0000000668200000, 0x0000000668300000, 0x0000000668300000|100%| E|CS|TAMS 0x0000000668200000, 0x0000000668200000| Complete 
| 643|0x0000000668300000, 0x0000000668400000, 0x0000000668400000|100%| E|CS|TAMS 0x0000000668300000, 0x0000000668300000| Complete 

Card table byte_map: [0x000000010d644000,0x000000010e244000] _byte_map_base: 0x000000010a444000

Marking Bits (Prev, Next): (CMBitMap*) 0x0000000123019050, (CMBitMap*) 0x0000000123019018
 Prev Bits: [0x000000014e000000, 0x0000000154000000)
 Next Bits: [0x0000000148000000, 0x000000014e000000)

Polling page: 0x000000010297c000

Metaspace:

Usage:
  Non-class:     27.08 MB capacity,    26.68 MB ( 99%) used,   346.90 KB (  1%) free+waste,    64.50 KB ( <1%) overhead. 
      Class:      4.30 MB capacity,     4.04 MB ( 94%) used,   227.84 KB (  5%) free+waste,    33.12 KB ( <1%) overhead. 
       Both:     31.38 MB capacity,    30.72 MB ( 98%) used,   574.73 KB (  2%) free+waste,    97.62 KB ( <1%) overhead. 

Virtual space:
  Non-class space:       28.00 MB reserved,      27.17 MB ( 97%) committed 
      Class space:        1.00 GB reserved,       4.38 MB ( <1%) committed 
             Both:        1.03 GB reserved,      31.55 MB (  3%) committed 

Chunk freelists:
   Non-Class:  15.00 KB
       Class:  13.00 KB
        Both:  28.00 KB

MaxMetaspaceSize: unlimited
CompressedClassSpaceSize: 1.00 GB
Initial GC threshold: 20.80 MB
Current GC threshold: 35.08 MB
CDS: off

CodeHeap 'non-profiled nmethods': size=238384Kb used=6185Kb max_used=6185Kb free=232198Kb
 bounds [0x0000000130734000, 0x0000000130d44000, 0x000000013f000000]
CodeHeap 'non-nmethods': size=7376Kb used=1206Kb max_used=1206Kb free=6169Kb
 bounds [0x0000000130000000, 0x0000000130270000, 0x0000000130734000]
 total_blobs=3995 nmethods=3473 adapters=452
 compilation: enabled
              stopped_count=0, restarted_count=0
 full_count=0

Compilation events (20 events):
Event: 2.833 Thread 0x000000011300b000 nmethod 3533 0x0000000130d1b790 code [0x0000000130d1b940, 0x0000000130d1ba90]
Event: 2.833 Thread 0x000000011300b000 3534       1       java.io.ClassCache$CacheRef::getStrong (5 bytes)
Event: 2.833 Thread 0x000000011300b000 nmethod 3534 0x0000000130d1bb10 code [0x0000000130d1bcc0, 0x0000000130d1be10]
Event: 2.843 Thread 0x000000011300b000 3536       1       org.apache.skywalking.apm.dependencies.io.netty.util.internal.ObjectUtil::checkNotNull (15 bytes)
Event: 2.843 Thread 0x000000011300b000 nmethod 3536 0x0000000130d1be90 code [0x0000000130d1c040, 0x0000000130d1c1c0]
Event: 2.861 Thread 0x000000011300b000 3540       1       org.apache.skywalking.apm.agent.core.plugin.loader.AgentClassLoader$$Lambda$39/0x000000080010e840::accept (6 bytes)
Event: 2.861 Thread 0x000000011300b000 nmethod 3540 0x0000000130d1c290 code [0x0000000130d1c440, 0x0000000130d1c600]
Event: 2.861 Thread 0x000000011300b000 3542       1       java.util.zip.ZipFile$CleanableResource::<init> (65 bytes)
Event: 2.862 Thread 0x000000011300b000 nmethod 3542 0x0000000130d1c710 code [0x0000000130d1c940, 0x0000000130d1d0c0]
Event: 2.862 Thread 0x000000011300b000 3547       1       java.util.regex.Pattern::compile (498 bytes)
Event: 2.863 Thread 0x000000011300b000 nmethod 3547 0x0000000130d1d410 code [0x0000000130d1d7c0, 0x0000000130d1efc0]
Event: 2.863 Thread 0x000000011300b000 3552       1       java.util.WeakHashMap::<init> (133 bytes)
Event: 2.863 Thread 0x000000011300b000 nmethod 3552 0x0000000130d1f790 code [0x0000000130d1fa80, 0x0000000130d20540]
Event: 2.863 Thread 0x000000011300b000 3554       1       java.text.SimpleDateFormat::format (171 bytes)
Event: 2.863 Thread 0x000000011300b000 nmethod 3554 0x0000000130d20a90 code [0x0000000130d20cc0, 0x0000000130d21500]
Event: 2.863 Thread 0x000000011300b000 3553       1       java.util.regex.Pattern::sequence (645 bytes)
Event: 2.864 Thread 0x000000011300b000 nmethod 3553 0x0000000130d21890 code [0x0000000130d21d40, 0x0000000130d23520]
Event: 2.864 Thread 0x000000011300b000 3549       1       java.util.Date::getTimeImpl (27 bytes)
Event: 2.864 Thread 0x000000011300b000 nmethod 3549 0x0000000130d24090 code [0x0000000130d24240, 0x0000000130d24400]
Event: 2.864 Thread 0x000000011300b000 3551       1       java.text.DecimalFormat::expandAffix (344 bytes)

GC Heap History (18 events):
Event: 0.501 GC heap before
{Heap before GC invocations=0 (full 0):
 garbage-first heap   total 393216K, used 29696K [0x0000000640000000, 0x00000007c0000000)
  region size 1024K, 24 young (24576K), 0 survivors (0K)
 Metaspace       used 7961K, capacity 8189K, committed 8320K, reserved 1056768K
  class space    used 756K, capacity 794K, committed 896K, reserved 1048576K
}
Event: 0.513 GC heap after
{Heap after GC invocations=1 (full 0):
 garbage-first heap   total 393216K, used 14135K [0x0000000640000000, 0x00000007c0000000)
  region size 1024K, 3 young (3072K), 3 survivors (3072K)
 Metaspace       used 7961K, capacity 8189K, committed 8320K, reserved 1056768K
  class space    used 756K, capacity 794K, committed 896K, reserved 1048576K
}
Event: 0.672 GC heap before
{Heap before GC invocations=1 (full 0):
 garbage-first heap   total 393216K, used 36663K [0x0000000640000000, 0x00000007c0000000)
  region size 1024K, 19 young (19456K), 3 survivors (3072K)
 Metaspace       used 10790K, capacity 10998K, committed 11136K, reserved 1058816K
  class space    used 1038K, capacity 1092K, committed 1152K, reserved 1048576K
}
Event: 0.691 GC heap after
{Heap after GC invocations=2 (full 0):
 garbage-first heap   total 393216K, used 22975K [0x0000000640000000, 0x00000007c0000000)
  region size 1024K, 3 young (3072K), 3 survivors (3072K)
 Metaspace       used 10790K, capacity 10998K, committed 11136K, reserved 1058816K
  class space    used 1038K, capacity 1092K, committed 1152K, reserved 1048576K
}
Event: 0.950 GC heap before
{Heap before GC invocations=2 (full 0):
 garbage-first heap   total 393216K, used 68031K [0x0000000640000000, 0x00000007c0000000)
  region size 1024K, 39 young (39936K), 3 survivors (3072K)
 Metaspace       used 10998K, capacity 11209K, committed 11392K, reserved 1058816K
  class space    used 1055K, capacity 1097K, committed 1152K, reserved 1048576K
}
Event: 0.965 GC heap after
{Heap after GC invocations=3 (full 0):
 garbage-first heap   total 393216K, used 25600K [0x0000000640000000, 0x00000007c0000000)
  region size 1024K, 5 young (5120K), 5 survivors (5120K)
 Metaspace       used 10998K, capacity 11209K, committed 11392K, reserved 1058816K
  class space    used 1055K, capacity 1097K, committed 1152K, reserved 1048576K
}
Event: 1.105 GC heap before
{Heap before GC invocations=3 (full 0):
 garbage-first heap   total 393216K, used 74752K [0x0000000640000000, 0x00000007c0000000)
  region size 1024K, 53 young (54272K), 5 survivors (5120K)
 Metaspace       used 11680K, capacity 11937K, committed 12160K, reserved 1060864K
  class space    used 1222K, capacity 1297K, committed 1408K, reserved 1048576K
}
Event: 1.118 GC heap after
{Heap after GC invocations=4 (full 0):
 garbage-first heap   total 393216K, used 26592K [0x0000000640000000, 0x00000007c0000000)
  region size 1024K, 1 young (1024K), 1 survivors (1024K)
 Metaspace       used 11680K, capacity 11937K, committed 12160K, reserved 1060864K
  class space    used 1222K, capacity 1297K, committed 1408K, reserved 1048576K
}
Event: 1.342 GC heap before
{Heap before GC invocations=4 (full 0):
 garbage-first heap   total 393216K, used 99296K [0x0000000640000000, 0x00000007c0000000)
  region size 1024K, 72 young (73728K), 1 survivors (1024K)
 Metaspace       used 13201K, capacity 13482K, committed 13696K, reserved 1060864K
  class space    used 1527K, capacity 1620K, committed 1664K, reserved 1048576K
}
Event: 1.344 GC heap after
{Heap after GC invocations=5 (full 0):
 garbage-first heap   total 659456K, used 27108K [0x0000000640000000, 0x00000007c0000000)
  region size 1024K, 2 young (2048K), 2 survivors (2048K)
 Metaspace       used 13201K, capacity 13482K, committed 13696K, reserved 1060864K
  class space    used 1527K, capacity 1620K, committed 1664K, reserved 1048576K
}
Event: 1.621 GC heap before
{Heap before GC invocations=5 (full 0):
 garbage-first heap   total 659456K, used 134628K [0x0000000640000000, 0x00000007c0000000)
  region size 1024K, 107 young (109568K), 2 survivors (2048K)
 Metaspace       used 16429K, capacity 16786K, committed 17024K, reserved 1064960K
  class space    used 2184K, capacity 2305K, committed 2432K, reserved 1048576K
}
Event: 1.626 GC heap after
{Heap after GC invocations=6 (full 0):
 garbage-first heap   total 659456K, used 27899K [0x0000000640000000, 0x00000007c0000000)
  region size 1024K, 3 young (3072K), 3 survivors (3072K)
 Metaspace       used 16429K, capacity 16786K, committed 17024K, reserved 1064960K
  class space    used 2184K, capacity 2305K, committed 2432K, reserved 1048576K
}
Event: 2.287 GC heap before
{Heap before GC invocations=6 (full 0):
 garbage-first heap   total 659456K, used 209147K [0x0000000640000000, 0x00000007c0000000)
  region size 1024K, 180 young (184320K), 3 survivors (3072K)
 Metaspace       used 20172K, capacity 20587K, committed 20864K, reserved 1067008K
  class space    used 2712K, capacity 2866K, committed 2944K, reserved 1048576K
}
Event: 2.292 GC heap after
{Heap after GC invocations=7 (full 0):
 garbage-first heap   total 659456K, used 33593K [0x0000000640000000, 0x00000007c0000000)
  region size 1024K, 8 young (8192K), 8 survivors (8192K)
 Metaspace       used 20172K, capacity 20587K, committed 20864K, reserved 1067008K
  class space    used 2712K, capacity 2866K, committed 2944K, reserved 1048576K
}
Event: 2.308 GC heap before
{Heap before GC invocations=7 (full 0):
 garbage-first heap   total 659456K, used 42809K [0x0000000640000000, 0x00000007c0000000)
  region size 1024K, 18 young (18432K), 8 survivors (8192K)
 Metaspace       used 20837K, capacity 21195K, committed 21296K, reserved 1067008K
  class space    used 2764K, capacity 2898K, committed 2944K, reserved 1048576K
}
Event: 2.313 GC heap after
{Heap after GC invocations=8 (full 0):
 garbage-first heap   total 659456K, used 33920K [0x0000000640000000, 0x00000007c0000000)
  region size 1024K, 9 young (9216K), 9 survivors (9216K)
 Metaspace       used 20837K, capacity 21195K, committed 21296K, reserved 1067008K
  class space    used 2764K, capacity 2898K, committed 2944K, reserved 1048576K
}
Event: 2.734 GC heap before
{Heap before GC invocations=9 (full 0):
 garbage-first heap   total 659456K, used 238720K [0x0000000640000000, 0x00000007c0000000)
  region size 1024K, 210 young (215040K), 9 survivors (9216K)
 Metaspace       used 28039K, capacity 28587K, committed 28976K, reserved 1075200K
  class space    used 3685K, capacity 3888K, committed 3968K, reserved 1048576K
}
Event: 2.753 GC heap after
{Heap after GC invocations=10 (full 0):
 garbage-first heap   total 659456K, used 35162K [0x0000000640000000, 0x00000007c0000000)
  region size 1024K, 11 young (11264K), 11 survivors (11264K)
 Metaspace       used 28039K, capacity 28587K, committed 28976K, reserved 1075200K
  class space    used 3685K, capacity 3888K, committed 3968K, reserved 1048576K
}

Deoptimization events (20 events):
Event: 2.120 Thread 0x000000012301e800 DEOPT PACKING pc=0x00000001309922e4 sp=0x000000016d7a1d20
Event: 2.120 Thread 0x000000012301e800 DEOPT UNPACKING pc=0x000000013003527c sp=0x000000016d7a1b80 mode 0
Event: 2.272 Thread 0x000000012301e800 DEOPT PACKING pc=0x00000001309da9a0 sp=0x000000016d7a0c60
Event: 2.272 Thread 0x000000012301e800 DEOPT UNPACKING pc=0x000000013003527c sp=0x000000016d7a0a70 mode 3
Event: 2.501 Thread 0x00000001245a9000 DEOPT PACKING pc=0x000000013094f044 sp=0x0000000309ca0120
Event: 2.501 Thread 0x00000001245a9000 DEOPT UNPACKING pc=0x000000013003527c sp=0x0000000309c9ff50 mode 3
Event: 2.502 Thread 0x00000001245a9000 DEOPT PACKING pc=0x0000000130957870 sp=0x0000000309c9fef0
Event: 2.502 Thread 0x00000001245a9000 DEOPT UNPACKING pc=0x000000013003527c sp=0x0000000309c9fd70 mode 3
Event: 2.635 Thread 0x000000012301e800 DEOPT PACKING pc=0x00000001307fdcb8 sp=0x000000016d7a1db0
Event: 2.635 Thread 0x000000012301e800 DEOPT UNPACKING pc=0x000000013003527c sp=0x000000016d7a1bc0 mode 3
Event: 2.684 Thread 0x00000001245a9000 DEOPT PACKING pc=0x0000000130bb6ad0 sp=0x0000000309ca1ef0
Event: 2.684 Thread 0x00000001245a9000 DEOPT UNPACKING pc=0x000000013003527c sp=0x0000000309ca1d00 mode 3
Event: 2.779 Thread 0x0000000125234800 DEOPT PACKING pc=0x000000013095f440 sp=0x000000030aaf4ce0
Event: 2.779 Thread 0x0000000125234800 DEOPT UNPACKING pc=0x000000013003527c sp=0x000000030aaf4b80 mode 3
Event: 2.794 Thread 0x000000012301e800 DEOPT PACKING pc=0x0000000130bf8ba8 sp=0x000000016d79f840
Event: 2.794 Thread 0x000000012301e800 DEOPT UNPACKING pc=0x000000013003527c sp=0x000000016d79f610 mode 3
Event: 2.826 Thread 0x000000012301e800 DEOPT PACKING pc=0x0000000130c22548 sp=0x000000016d79f270
Event: 2.826 Thread 0x000000012301e800 DEOPT UNPACKING pc=0x000000013003527c sp=0x000000016d79f0b0 mode 3
Event: 2.826 Thread 0x000000012301e800 DEOPT PACKING pc=0x0000000130be641c sp=0x000000016d79f3b0
Event: 2.826 Thread 0x000000012301e800 DEOPT UNPACKING pc=0x000000013003527c sp=0x000000016d79f1c0 mode 3

Classes redefined (0 events):
No events

Internal exceptions (20 events):
Event: 2.446 Thread 0x000000012301e800 Exception <a 'java/lang/NoSuchMethodError'{0x0000000665999350}: 'void java.lang.invoke.DirectMethodHandle$Holder.invokeSpecial(java.lang.Object, java.lang.Object)'> (0x0000000665999350) thrown at [src/hotspot/share/interpreter/linkResolver.cpp, line 773]
Event: 2.492 Thread 0x000000012301e800 Exception <a 'java/lang/IncompatibleClassChangeError'{0x0000000663992430}: Found class java.lang.Object, but interface was expected> (0x0000000663992430) thrown at [src/hotspot/share/interpreter/linkResolver.cpp, line 839]
Event: 2.495 Thread 0x00000001245a9000 Exception <a 'java/lang/NoSuchFieldError'{0x00000006636bb5d0}: REQUESTED_API_VERSION> (0x00000006636bb5d0) thrown at [src/hotspot/share/interpreter/linkResolver.cpp, line 974]
Event: 2.501 Thread 0x00000001245a9000 Exception <a 'java/lang/NoSuchMethodError'{0x00000006630b9e50}: 'int java.lang.invoke.DirectMethodHandle$Holder.invokeSpecialIFC(java.lang.Object, java.lang.Object, int)'> (0x00000006630b9e50) thrown at [src/hotspot/share/interpreter/linkResolver.cpp, line 773]
Event: 2.525 Thread 0x000000012301e800 Exception <a 'java/lang/NoSuchMethodError'{0x0000000661f35558}: 'java.lang.Object java.lang.invoke.DirectMethodHandle$Holder.invokeStatic(java.lang.Object, java.lang.Object, java.lang.Object, java.lang.Object, java.lang.Object, java.lang.Object, java.lang.Object, java.lang.Object, java.lang.Object, java.lang.Object, java.lang.Object, int)'> (0x0000000661f35558) thrown at [src/hotspot/share/interpreter/linkResolver.cpp, line 773]
Event: 2.526 Thread 0x000000012301e800 Exception <a 'java/lang/NoSuchMethodError'{0x0000000661e24a70}: 'java.lang.Object java.lang.invoke.DirectMethodHandle$Holder.invokeStatic(java.lang.Object, java.lang.Object, java.lang.Object, java.lang.Object, java.lang.Object, java.lang.Object, java.lang.Object, java.lang.Object, java.lang.Object, java.lang.Object, java.lang.Object, int, int)'> (0x0000000661e24a70) thrown at [src/hotspot/share/interpreter/linkResolver.cpp, line 773]
Event: 2.528 Thread 0x000000012301e800 Exception <a 'java/lang/NoSuchMethodError'{0x0000000661e98b30}: 'java.lang.Object java.lang.invoke.DirectMethodHandle$Holder.invokeStatic(java.lang.Object, java.lang.Object, java.lang.Object, java.lang.Object, java.lang.Object, java.lang.Object, java.lang.Object, java.lang.Object, java.lang.Object, java.lang.Object, java.lang.Object, int, int, java.lang.Object)'> (0x0000000661e98b30) thrown at [src/hotspot/share/interpreter/linkResolver.cpp, line 773]
Event: 2.528 Thread 0x000000012301e800 Exception <a 'java/lang/NoSuchMethodError'{0x0000000661d8f528}: 'java.lang.Object java.lang.invoke.DirectMethodHandle$Holder.invokeStatic(java.lang.Object, java.lang.Object, java.lang.Object, java.lang.Object, java.lang.Object, java.lang.Object, java.lang.Object, java.lang.Object, java.lang.Object, java.lang.Object, java.lang.Object, int, int, java.lang.Object, java.lang.Object)'> (0x0000000661d8f528) thrown at [src/hotspot/share/interpreter/linkResolver.cpp, line 773]
Event: 2.571 Thread 0x000000012301e800 Exception <a 'java/lang/NoSuchMethodError'{0x00000006608b3bb8}: 'int java.lang.invoke.DirectMethodHandle$Holder.invokeSpecialIFC(java.lang.Object, java.lang.Object, java.lang.Object)'> (0x00000006608b3bb8) thrown at [src/hotspot/share/interpreter/linkResolver.cpp, line 773]
Event: 2.606 Thread 0x000000012301e800 Exception <a 'java/lang/ClassNotFoundException'{0x000000065fa43d78}: javax/management/remote/rmi/RMIServerImpl_Skel> (0x000000065fa43d78) thrown at [src/hotspot/share/classfile/systemDictionary.cpp, line 230]
Event: 2.679 Thread 0x000000012301e800 Exception <a 'java/lang/ClassNotFoundException'{0x000000065cd6c200}: javax/smartcardio/CardPermission> (0x000000065cd6c200) thrown at [src/hotspot/share/classfile/systemDictionary.cpp, line 230]
Event: 2.680 Thread 0x000000012301e800 Exception <a 'java/io/FileNotFoundException'{0x000000065cd9fe38}> (0x000000065cd9fe38) thrown at [src/hotspot/share/prims/jni.cpp, line 617]
Event: 2.776 Thread 0x0000000125234800 Exception <a 'java/lang/NoSuchMethodError'{0x0000000666ff01a0}: 'java.lang.Object java.lang.invoke.DirectMethodHandle$Holder.invokeStatic(java.lang.Object, java.lang.Object, java.lang.Object, java.lang.Object, java.lang.Object, java.lang.Object, java.lang.Object, java.lang.Object, java.lang.Object, java.lang.Object, java.lang.Object, java.lang.Object, java.lang.Object, int)'> (0x0000000666ff01a0) thrown at [src/hotspot/share/interpreter/linkResolver.cpp, line 773]
Event: 2.777 Thread 0x0000000125234800 Exception <a 'java/lang/NoSuchMethodError'{0x0000000666d52c28}: 'java.lang.Object java.lang.invoke.DirectMethodHandle$Holder.invokeStatic(java.lang.Object, java.lang.Object, java.lang.Object, java.lang.Object, java.lang.Object, java.lang.Object, java.lang.Object, java.lang.Object, java.lang.Object, java.lang.Object, java.lang.Object, java.lang.Object, java.lang.Object, int, int)'> (0x0000000666d52c28) thrown at [src/hotspot/share/interpreter/linkResolver.cpp, line 773]
Event: 2.777 Thread 0x0000000125234800 Exception <a 'java/lang/NoSuchMethodError'{0x0000000666c44428}: 'java.lang.Object java.lang.invoke.DelegatingMethodHandle$Holder.reinvoke_L(java.lang.Object, int, java.lang.Object)'> (0x0000000666c44428) thrown at [src/hotspot/share/interpreter/linkResolver.cpp, line 773]
Event: 2.799 Thread 0x0000000125234800 Exception <a 'java/lang/NoSuchMethodError'{0x0000000665494a28}: <clinit>> (0x0000000665494a28) thrown at [src/hotspot/share/prims/jni.cpp, line 1372]
Event: 2.814 Thread 0x0000000111427800 Exception <a 'java/lang/NoSuchMethodError'{0x00000006647420c8}: 'java.lang.Object java.lang.invoke.Invokers$Holder.linkToTargetMethod(java.lang.Object, long, java.lang.Object)'> (0x00000006647420c8) thrown at [src/hotspot/share/interpreter/linkResolver.cpp, line 773]
Event: 2.817 Thread 0x0000000125234800 Exception <a 'java/lang/ClassNotFoundException'{0x000000066419c130}: javax/management/remote/rmi/RMIConnectionImpl_Skel> (0x000000066419c130) thrown at [src/hotspot/share/classfile/systemDictionary.cpp, line 230]
Event: 2.825 Thread 0x0000000125234800 Exception <a 'java/lang/reflect/InvocationTargetException'{0x0000000663cebda0}> (0x0000000663cebda0) thrown at [src/hotspot/share/runtime/reflection.cpp, line 1245]
Event: 2.830 Thread 0x0000000125234800 Exception <a 'java/lang/NoSuchMethodError'{0x00000006637d7370}: <clinit>> (0x00000006637d7370) thrown at [src/hotspot/share/prims/jni.cpp, line 1372]

Events (20 events):
Event: 2.860 loading class org/apache/skywalking/apm/dependencies/io/netty/handler/codec/http2/Http2Stream$State
Event: 2.860 loading class org/apache/skywalking/apm/dependencies/io/netty/handler/codec/http2/Http2Stream$State done
Event: 2.861 loading class org/apache/skywalking/apm/plugin/spring/webflux/v6/DispatcherHandlerHandleMethodInterceptor
Event: 2.861 loading class org/apache/skywalking/apm/plugin/spring/webflux/v6/DispatcherHandlerHandleMethodInterceptor done
Event: 2.861 loading class org/apache/skywalking/apm/dependencies/io/netty/handler/codec/http2/DefaultHttp2Connection$DefaultStream$PropertyMap
Event: 2.861 loading class org/apache/skywalking/apm/dependencies/io/netty/handler/codec/http2/DefaultHttp2Connection$DefaultStream$PropertyMap done
Event: 2.862 loading class org/apache/skywalking/apm/dependencies/io/netty/handler/codec/http2/DefaultHttp2Connection$ActiveStreams
Event: 2.862 loading class org/apache/skywalking/apm/dependencies/io/netty/handler/codec/http2/DefaultHttp2Connection$ActiveStreams done
Event: 2.862 loading class org/apache/skywalking/apm/dependencies/io/netty/handler/codec/http2/DefaultHttp2Connection$DefaultEndpoint
Event: 2.862 loading class org/apache/skywalking/apm/dependencies/io/netty/handler/codec/http2/DefaultHttp2Connection$DefaultEndpoint done
Event: 2.863 loading class org/apache/skywalking/apm/dependencies/io/netty/handler/codec/http2/Http2Connection$Endpoint
Event: 2.863 loading class org/apache/skywalking/apm/dependencies/io/netty/handler/codec/http2/Http2Connection$Endpoint done
Event: 2.863 loading class org/apache/skywalking/apm/dependencies/io/netty/handler/codec/http2/WeightedFairQueueByteDistributor
Event: 2.863 loading class org/apache/skywalking/apm/dependencies/io/netty/handler/codec/http2/WeightedFairQueueByteDistributor done
Event: 2.864 loading class org/apache/skywalking/apm/dependencies/io/netty/handler/codec/http2/StreamByteDistributor
Event: 2.864 loading class org/apache/skywalking/apm/dependencies/io/netty/handler/codec/http2/StreamByteDistributor done
Event: 2.865 loading class org/apache/skywalking/apm/dependencies/io/netty/handler/codec/http2/WeightedFairQueueByteDistributor$StateOnlyComparator
Event: 2.865 loading class org/apache/skywalking/apm/dependencies/io/netty/handler/codec/http2/WeightedFairQueueByteDistributor$StateOnlyComparator done
Event: 2.865 loading class org/apache/skywalking/apm/agent/core/plugin/interceptor/enhance/InstanceMethodsAroundInterceptor
Event: 2.865 loading class org/apache/skywalking/apm/agent/core/plugin/interceptor/enhance/InstanceMethodsAroundInterceptor done


Dynamic libraries:
0x0000000102928000 	/opt/homebrew/Cellar/openjdk@11/11.0.25/libexec/openjdk.jdk/Contents/Home/lib/jli/libjli.dylib
0x000000019d0ad000 	/System/Library/Frameworks/Cocoa.framework/Versions/A/Cocoa
0x0000000184fe3000 	/System/Library/Frameworks/AppKit.framework/Versions/C/AppKit
0x000000018829b000 	/System/Library/Frameworks/CoreData.framework/Versions/A/CoreData
0x000000018261d000 	/System/Library/Frameworks/Foundation.framework/Versions/C/Foundation
0x000000018efa1000 	/usr/lib/libSystem.B.dylib
0x0000000186420000 	/System/Library/PrivateFrameworks/UIFoundation.framework/Versions/A/UIFoundation
0x000000022a11b000 	/System/Library/PrivateFrameworks/CollectionViewCore.framework/Versions/A/CollectionViewCore
0x000000019622d000 	/System/Library/PrivateFrameworks/RemoteViewServices.framework/Versions/A/RemoteViewServices
0x000000018cc27000 	/System/Library/PrivateFrameworks/XCTTargetBootstrap.framework/Versions/A/XCTTargetBootstrap
0x0000000191687000 	/System/Library/PrivateFrameworks/InternationalSupport.framework/Versions/A/InternationalSupport
0x00000001916e6000 	/System/Library/PrivateFrameworks/UserActivity.framework/Versions/A/UserActivity
0x000000025599f000 	/System/Library/PrivateFrameworks/UIIntelligenceSupport.framework/Versions/A/UIIntelligenceSupport
0x00000002204e4000 	/System/Library/Frameworks/SwiftUICore.framework/Versions/A/SwiftUICore
0x000000025a950000 	/System/Library/PrivateFrameworks/WritingTools.framework/Versions/A/WritingTools
0x00000002599a3000 	/System/Library/PrivateFrameworks/WindowManagement.framework/Versions/A/WindowManagement
0x0000000182277000 	/System/Library/Frameworks/SystemConfiguration.framework/Versions/A/SystemConfiguration
0x0000000190ad0000 	/usr/lib/libspindump.dylib
0x00000001865d2000 	/System/Library/Frameworks/UniformTypeIdentifiers.framework/Versions/A/UniformTypeIdentifiers
0x000000018e39f000 	/usr/lib/libbsm.0.dylib
0x000000018a6e9000 	/usr/lib/libapp_launch_measurement.dylib
0x0000000189ae5000 	/System/Library/PrivateFrameworks/CoreAnalytics.framework/Versions/A/CoreAnalytics
0x000000018a6ed000 	/System/Library/PrivateFrameworks/CoreAutoLayout.framework/Versions/A/CoreAutoLayout
0x000000018c270000 	/System/Library/Frameworks/Metal.framework/Versions/A/Metal
0x000000018d46e000 	/usr/lib/liblangid.dylib
0x000000018cc2d000 	/System/Library/PrivateFrameworks/CoreSVG.framework/Versions/A/CoreSVG
0x0000000186ff3000 	/System/Library/PrivateFrameworks/SkyLight.framework/Versions/A/SkyLight
0x0000000187520000 	/System/Library/Frameworks/CoreGraphics.framework/Versions/A/CoreGraphics
0x0000000196906000 	/System/Library/Frameworks/Accelerate.framework/Versions/A/Accelerate
0x0000000190902000 	/System/Library/PrivateFrameworks/IconServices.framework/Versions/A/IconServices
0x000000018c24d000 	/System/Library/Frameworks/IOSurface.framework/Versions/A/IOSurface
0x0000000189b17000 	/usr/lib/libDiagnosticMessagesClient.dylib
0x000000018eee5000 	/usr/lib/libz.1.dylib
0x000000019a792000 	/System/Library/Frameworks/ApplicationServices.framework/Versions/A/ApplicationServices
0x000000018cc12000 	/System/Library/PrivateFrameworks/DFRFoundation.framework/Versions/A/DFRFoundation
0x000000018484d000 	/usr/lib/libicucore.A.dylib
0x0000000192800000 	/System/Library/Frameworks/AudioToolbox.framework/Versions/A/AudioToolbox
0x0000000191697000 	/System/Library/PrivateFrameworks/DataDetectorsCore.framework/Versions/A/DataDetectorsCore
0x00000001acd2d000 	/System/Library/PrivateFrameworks/TextInput.framework/Versions/A/TextInput
0x0000000186f3f000 	/usr/lib/libMobileGestalt.dylib
0x000000018c90a000 	/System/Library/Frameworks/Carbon.framework/Versions/A/Frameworks/HIToolbox.framework/Versions/A/HIToolbox
0x0000000189fe8000 	/System/Library/Frameworks/QuartzCore.framework/Versions/A/QuartzCore
0x0000000184456000 	/System/Library/Frameworks/Security.framework/Versions/A/Security
0x0000000196268000 	/System/Library/Frameworks/Carbon.framework/Versions/A/Frameworks/SpeechRecognition.framework/Versions/A/SpeechRecognition
0x000000018a402000 	/System/Library/PrivateFrameworks/CoreUI.framework/Versions/A/CoreUI
0x0000000183d0a000 	/System/Library/Frameworks/CoreAudio.framework/Versions/A/CoreAudio
0x0000000189c03000 	/System/Library/Frameworks/DiskArbitration.framework/Versions/A/DiskArbitration
0x0000000190f43000 	/System/Library/PrivateFrameworks/MultitouchSupport.framework/Versions/A/MultitouchSupport
0x0000000186f3d000 	/usr/lib/libenergytrace.dylib
0x00000001a1715000 	/System/Library/PrivateFrameworks/RenderBox.framework/Versions/A/RenderBox
0x0000000184e93000 	/System/Library/Frameworks/IOKit.framework/Versions/A/IOKit
0x000000019665c000 	/System/Library/Frameworks/CoreServices.framework/Versions/A/CoreServices
0x000000018a67a000 	/System/Library/PrivateFrameworks/PerformanceAnalysis.framework/Versions/A/PerformanceAnalysis
0x00000001de29d000 	/System/Library/Frameworks/OpenGL.framework/Versions/A/OpenGL
0x000000018a737000 	/usr/lib/libxml2.2.dylib
0x000000018e284000 	/System/Library/PrivateFrameworks/MobileKeyBag.framework/Versions/A/MobileKeyBag
0x0000000180fe8000 	/usr/lib/libobjc.A.dylib
0x00000001812d5000 	/usr/lib/libc++.1.dylib
0x00000001965dc000 	/System/Library/Frameworks/Accessibility.framework/Versions/A/Accessibility
0x0000000187c3f000 	/System/Library/Frameworks/ColorSync.framework/Versions/A/ColorSync
0x000000018142b000 	/System/Library/Frameworks/CoreFoundation.framework/Versions/A/CoreFoundation
0x000000018cfeb000 	/System/Library/Frameworks/CoreImage.framework/Versions/A/CoreImage
0x0000000183afa000 	/System/Library/Frameworks/CoreText.framework/Versions/A/CoreText
0x00000001df804000 	/System/Library/Frameworks/CoreTransferable.framework/Versions/A/CoreTransferable
0x00000001dfda3000 	/System/Library/Frameworks/DeveloperToolsSupport.framework/Versions/A/DeveloperToolsSupport
0x000000018cc69000 	/System/Library/Frameworks/ImageIO.framework/Versions/A/ImageIO
0x00000002210fe000 	/System/Library/Frameworks/Symbols.framework/Versions/A/Symbols
0x000000018efa6000 	/System/Library/PrivateFrameworks/SoftLinking.framework/Versions/A/SoftLinking
0x00000001beba2000 	/usr/lib/swift/libswiftAccelerate.dylib
0x0000000192161000 	/usr/lib/swift/libswiftCore.dylib
0x00000001a94ae000 	/usr/lib/swift/libswiftCoreFoundation.dylib
0x00000001a950b000 	/usr/lib/swift/libswiftCoreImage.dylib
0x00000001a6c5a000 	/usr/lib/swift/libswiftDarwin.dylib
0x0000000198116000 	/usr/lib/swift/libswiftDispatch.dylib
0x00000001a950c000 	/usr/lib/swift/libswiftIOKit.dylib
0x00000001b5d39000 	/usr/lib/swift/libswiftMetal.dylib
0x00000001c4037000 	/usr/lib/swift/libswiftOSLog.dylib
0x000000019acfd000 	/usr/lib/swift/libswiftObjectiveC.dylib
0x0000000261b38000 	/usr/lib/swift/libswiftObservation.dylib
0x00000001ba664000 	/usr/lib/swift/libswiftQuartzCore.dylib
0x00000001beb93000 	/usr/lib/swift/libswiftUniformTypeIdentifiers.dylib
0x00000001a94c0000 	/usr/lib/swift/libswiftXPC.dylib
0x0000000261c2e000 	/usr/lib/swift/libswift_Builtin_float.dylib
0x0000000261c33000 	/usr/lib/swift/libswift_Concurrency.dylib
0x0000000261d9b000 	/usr/lib/swift/libswift_StringProcessing.dylib
0x0000000261e4e000 	/usr/lib/swift/libswift_errno.dylib
0x0000000261e50000 	/usr/lib/swift/libswift_math.dylib
0x0000000261e53000 	/usr/lib/swift/libswift_signal.dylib
0x0000000261e54000 	/usr/lib/swift/libswift_stdio.dylib
0x0000000261e55000 	/usr/lib/swift/libswift_time.dylib
0x000000019ad01000 	/usr/lib/swift/libswiftos.dylib
0x00000001acc84000 	/usr/lib/swift/libswiftsimd.dylib
0x0000000261e56000 	/usr/lib/swift/libswiftsys_time.dylib
0x0000000261e57000 	/usr/lib/swift/libswiftunistd.dylib
0x000000018f152000 	/usr/lib/libcompression.dylib
0x00000001915df000 	/System/Library/PrivateFrameworks/TextureIO.framework/Versions/A/TextureIO
0x0000000190593000 	/usr/lib/libate.dylib
0x000000018ef9b000 	/usr/lib/system/libcache.dylib
0x000000018ef54000 	/usr/lib/system/libcommonCrypto.dylib
0x000000018ef81000 	/usr/lib/system/libcompiler_rt.dylib
0x000000018ef76000 	/usr/lib/system/libcopyfile.dylib
0x0000000181127000 	/usr/lib/system/libcorecrypto.dylib
0x0000000181209000 	/usr/lib/system/libdispatch.dylib
0x00000001813c6000 	/usr/lib/system/libdyld.dylib
0x000000018ef91000 	/usr/lib/system/libkeymgr.dylib
0x000000018ef33000 	/usr/lib/system/libmacho.dylib
0x000000018e378000 	/usr/lib/system/libquarantine.dylib
0x000000018ef8e000 	/usr/lib/system/libremovefile.dylib
0x0000000186fb8000 	/usr/lib/system/libsystem_asl.dylib
0x00000001810bc000 	/usr/lib/system/libsystem_blocks.dylib
0x0000000181253000 	/usr/lib/system/libsystem_c.dylib
0x000000018ef85000 	/usr/lib/system/libsystem_collections.dylib
0x000000018d45b000 	/usr/lib/system/libsystem_configuration.dylib
0x000000018c21e000 	/usr/lib/system/libsystem_containermanager.dylib
0x000000018ea87000 	/usr/lib/system/libsystem_coreservices.dylib
0x0000000184b11000 	/usr/lib/system/libsystem_darwin.dylib
0x0000000261f9a000 	/usr/lib/system/libsystem_darwindirectory.dylib
0x000000018ef92000 	/usr/lib/system/libsystem_dnssd.dylib
0x0000000261f9e000 	/usr/lib/system/libsystem_eligibility.dylib
0x0000000181250000 	/usr/lib/system/libsystem_featureflags.dylib
0x00000001813fb000 	/usr/lib/system/libsystem_info.dylib
0x000000018eef4000 	/usr/lib/system/libsystem_m.dylib
0x00000001811c7000 	/usr/lib/system/libsystem_malloc.dylib
0x0000000186f22000 	/usr/lib/system/libsystem_networkextension.dylib
0x0000000184f74000 	/usr/lib/system/libsystem_notify.dylib
0x000000018d460000 	/usr/lib/system/libsystem_sandbox.dylib
0x0000000261fa5000 	/usr/lib/system/libsystem_sanitizers.dylib
0x000000018ef8a000 	/usr/lib/system/libsystem_secinit.dylib
0x000000018137e000 	/usr/lib/system/libsystem_kernel.dylib
0x00000001813f3000 	/usr/lib/system/libsystem_platform.dylib
0x00000001813b9000 	/usr/lib/system/libsystem_pthread.dylib
0x0000000188ac1000 	/usr/lib/system/libsystem_symptoms.dylib
0x000000018110b000 	/usr/lib/system/libsystem_trace.dylib
0x000000018ef62000 	/usr/lib/system/libunwind.dylib
0x00000001810c0000 	/usr/lib/system/libxpc.dylib
0x0000000181363000 	/usr/lib/libc++abi.dylib
0x000000018ef6e000 	/usr/lib/liboah.dylib
0x0000000184e12000 	/System/Library/PrivateFrameworks/CoreServicesInternal.framework/Versions/A/CoreServicesInternal
0x000000018efa3000 	/usr/lib/libfakelink.dylib
0x000000019a243000 	/System/Library/PrivateFrameworks/DiskImages.framework/Versions/A/DiskImages
0x00000001a6787000 	/System/Library/Frameworks/NetFS.framework/Versions/A/NetFS
0x0000000186b59000 	/System/Library/Frameworks/CFNetwork.framework/Versions/A/CFNetwork
0x000000018a6b1000 	/System/Library/Frameworks/CoreServices.framework/Versions/A/Frameworks/FSEvents.framework/Versions/A/FSEvents
0x0000000184b1c000 	/System/Library/Frameworks/CoreServices.framework/Versions/A/Frameworks/CarbonCore.framework/Versions/A/CarbonCore
0x0000000189b79000 	/System/Library/Frameworks/CoreServices.framework/Versions/A/Frameworks/Metadata.framework/Versions/A/Metadata
0x000000018ea8e000 	/System/Library/Frameworks/CoreServices.framework/Versions/A/Frameworks/OSServices.framework/Versions/A/OSServices
0x000000018f081000 	/System/Library/Frameworks/CoreServices.framework/Versions/A/Frameworks/SearchKit.framework/Versions/A/SearchKit
0x0000000188a3b000 	/System/Library/Frameworks/CoreServices.framework/Versions/A/Frameworks/AE.framework/Versions/A/AE
0x0000000181920000 	/System/Library/Frameworks/CoreServices.framework/Versions/A/Frameworks/LaunchServices.framework/Versions/A/LaunchServices
0x00000001903e5000 	/System/Library/Frameworks/CoreServices.framework/Versions/A/Frameworks/DictionaryServices.framework/Versions/A/DictionaryServices
0x000000018a6bf000 	/System/Library/Frameworks/CoreServices.framework/Versions/A/Frameworks/SharedFileList.framework/Versions/A/SharedFileList
0x000000018f11c000 	/usr/lib/libapple_nghttp2.dylib
0x00000001886a3000 	/usr/lib/libsqlite3.dylib
0x0000000192e6c000 	/System/Library/Frameworks/GSS.framework/Versions/A/GSS
0x00000001889d4000 	/System/Library/PrivateFrameworks/RunningBoardServices.framework/Versions/A/RunningBoardServices
0x0000000188aca000 	/System/Library/Frameworks/Network.framework/Versions/A/Network
0x000000018ef37000 	/usr/lib/system/libkxld.dylib
0x0000000260f6c000 	/usr/lib/libCoreEntitlements.dylib
0x000000023f760000 	/System/Library/PrivateFrameworks/MessageSecurity.framework/Versions/A/MessageSecurity
0x0000000188689000 	/System/Library/PrivateFrameworks/ProtocolBuffer.framework/Versions/A/ProtocolBuffer
0x000000018ea6f000 	/System/Library/PrivateFrameworks/AppleFSCompression.framework/Versions/A/AppleFSCompression
0x000000018e387000 	/usr/lib/libcoretls.dylib
0x000000019045c000 	/usr/lib/libcoretls_cfhelpers.dylib
0x000000018f14c000 	/usr/lib/libpam.2.dylib
0x00000001904cf000 	/usr/lib/libxar.1.dylib
0x000000018eff8000 	/usr/lib/libarchive.2.dylib
0x000000019455d000 	/System/Library/Frameworks/Combine.framework/Versions/A/Combine
0x000000022a13f000 	/System/Library/PrivateFrameworks/CollectionsInternal.framework/Versions/A/CollectionsInternal
0x0000000247663000 	/System/Library/PrivateFrameworks/ReflectionInternal.framework/Versions/A/ReflectionInternal
0x00000002482fb000 	/System/Library/PrivateFrameworks/RuntimeInternal.framework/Versions/A/RuntimeInternal
0x0000000261bb5000 	/usr/lib/swift/libswiftSystem.dylib
0x000000018d469000 	/System/Library/PrivateFrameworks/AppleSystemInfo.framework/Versions/A/AppleSystemInfo
0x00000001a93a1000 	/System/Library/PrivateFrameworks/LoggingSupport.framework/Versions/A/LoggingSupport
0x000000018a8c1000 	/System/Library/PrivateFrameworks/UserManagement.framework/Versions/A/UserManagement
0x0000000186a8e000 	/usr/lib/libboringssl.dylib
0x0000000188ab0000 	/usr/lib/libdns_services.dylib
0x00000001a8590000 	/usr/lib/libquic.dylib
0x00000001920f1000 	/usr/lib/libusrtcp.dylib
0x00000001cb6c0000 	/System/Library/PrivateFrameworks/InternalSwiftProtobuf.framework/Versions/A/InternalSwiftProtobuf
0x0000000261b00000 	/usr/lib/swift/libswiftDistributed.dylib
0x0000000186b58000 	/usr/lib/libnetwork.dylib
0x000000018f0f6000 	/System/Library/PrivateFrameworks/AppleSauce.framework/Versions/A/AppleSauce
0x0000000182114000 	/System/Library/PrivateFrameworks/Lexicon.framework/Versions/A/Lexicon
0x0000000239581000 	/System/Library/PrivateFrameworks/IO80211.framework/Versions/A/IO80211
0x00000001983b5000 	/System/Library/PrivateFrameworks/FrontBoardServices.framework/Versions/A/FrontBoardServices
0x000000018e2af000 	/System/Library/Frameworks/SecurityFoundation.framework/Versions/A/SecurityFoundation
0x000000018d590000 	/System/Library/PrivateFrameworks/LinguisticData.framework/Versions/A/LinguisticData
0x000000018e083000 	/System/Library/PrivateFrameworks/IOMobileFramebuffer.framework/Versions/A/IOMobileFramebuffer
0x00000001888ef000 	/System/Library/PrivateFrameworks/BaseBoard.framework/Versions/A/BaseBoard
0x0000000198481000 	/System/Library/PrivateFrameworks/BoardServices.framework/Versions/A/BoardServices
0x000000018e2a1000 	/System/Library/PrivateFrameworks/AssertionServices.framework/Versions/A/AssertionServices
0x000000019a07f000 	/System/Library/PrivateFrameworks/BackBoardServices.framework/Versions/A/BackBoardServices
0x000000018c67d000 	/System/Library/PrivateFrameworks/FontServices.framework/libFontParser.dylib
0x0000000186fd1000 	/System/Library/PrivateFrameworks/TCC.framework/Versions/A/TCC
0x000000019db24000 	/System/Library/PrivateFrameworks/IOSurfaceAccelerator.framework/Versions/A/IOSurfaceAccelerator
0x0000000190f41000 	/System/Library/PrivateFrameworks/WatchdogClient.framework/Versions/A/WatchdogClient
0x0000000183627000 	/System/Library/Frameworks/CoreDisplay.framework/Versions/A/CoreDisplay
0x000000018c512000 	/System/Library/Frameworks/CoreMedia.framework/Versions/A/CoreMedia
0x000000018c266000 	/System/Library/PrivateFrameworks/IOAccelerator.framework/Versions/A/IOAccelerator
0x000000018a821000 	/System/Library/Frameworks/CoreVideo.framework/Versions/A/CoreVideo
0x000000018f14a000 	/System/Library/Frameworks/MetalPerformanceShaders.framework/Versions/A/MetalPerformanceShaders
0x0000000246b8b000 	/System/Library/PrivateFrameworks/ProDisplayLibrary.framework/Versions/A/ProDisplayLibrary
0x0000000190f88000 	/System/Library/Frameworks/VideoToolbox.framework/Versions/A/VideoToolbox
0x000000018d467000 	/System/Library/PrivateFrameworks/AggregateDictionary.framework/Versions/A/AggregateDictionary
0x000000019045e000 	/System/Library/PrivateFrameworks/APFS.framework/Versions/A/APFS
0x00000002268c8000 	/System/Library/PrivateFrameworks/AppleKeyStore.framework/Versions/A/AppleKeyStore
0x00000001904de000 	/usr/lib/libutil.dylib
0x000000019043d000 	/usr/lib/liblzma.5.dylib
0x0000000189c0c000 	/System/Library/Frameworks/Accelerate.framework/Versions/A/Frameworks/vImage.framework/Versions/A/vImage
0x0000000196637000 	/System/Library/Frameworks/Accelerate.framework/Versions/A/Frameworks/vecLib.framework/Versions/A/vecLib
0x0000000190516000 	/System/Library/Frameworks/Accelerate.framework/Versions/A/Frameworks/vecLib.framework/Versions/A/libvMisc.dylib
0x0000000181d84000 	/System/Library/Frameworks/Accelerate.framework/Versions/A/Frameworks/vecLib.framework/Versions/A/libBLAS.dylib
0x0000000192a48000 	/System/Library/Frameworks/ApplicationServices.framework/Versions/A/Frameworks/ATS.framework/Versions/A/ATS
0x0000000187df7000 	/System/Library/Frameworks/ApplicationServices.framework/Versions/A/Frameworks/HIServices.framework/Versions/A/HIServices
0x0000000191567000 	/System/Library/Frameworks/ApplicationServices.framework/Versions/A/Frameworks/PrintCore.framework/Versions/A/PrintCore
0x0000000192e34000 	/System/Library/Frameworks/ApplicationServices.framework/Versions/A/Frameworks/QD.framework/Versions/A/QD
0x0000000192e2b000 	/System/Library/Frameworks/ApplicationServices.framework/Versions/A/Frameworks/ColorSyncLegacy.framework/Versions/A/ColorSyncLegacy
0x0000000192a1a000 	/System/Library/Frameworks/ApplicationServices.framework/Versions/A/Frameworks/SpeechSynthesis.framework/Versions/A/SpeechSynthesis
0x000000018e050000 	/System/Library/PrivateFrameworks/CoreEmoji.framework/Versions/A/CoreEmoji
0x0000000230bde000 	/System/Library/PrivateFrameworks/FontServices.framework/Versions/A/FontServices
0x0000000190a7a000 	/System/Library/PrivateFrameworks/OTSVG.framework/Versions/A/OTSVG
0x000000018a3b0000 	/System/Library/Frameworks/ApplicationServices.framework/Versions/A/Frameworks/ATS.framework/Versions/A/Resources/libFontRegistry.dylib
0x0000000190ac4000 	/System/Library/PrivateFrameworks/FontServices.framework/libhvf.dylib
0x0000000242bee000 	/System/Library/PrivateFrameworks/ParsingInternal.framework/Versions/A/ParsingInternal
0x0000000261b57000 	/usr/lib/swift/libswiftRegexBuilder.dylib
0x0000000261cf4000 	/usr/lib/swift/libswift_RegexParser.dylib
0x0000000190e08000 	/System/Library/PrivateFrameworks/AppleJPEG.framework/Versions/A/AppleJPEG
0x000000019088f000 	/usr/lib/libexpat.1.dylib
0x000000019143c000 	/System/Library/Frameworks/ImageIO.framework/Versions/A/Resources/libPng.dylib
0x0000000191467000 	/System/Library/Frameworks/ImageIO.framework/Versions/A/Resources/libTIFF.dylib
0x0000000191552000 	/System/Library/Frameworks/ImageIO.framework/Versions/A/Resources/libGIF.dylib
0x0000000190e4e000 	/System/Library/Frameworks/ImageIO.framework/Versions/A/Resources/libJP2.dylib
0x00000001914f8000 	/System/Library/Frameworks/ImageIO.framework/Versions/A/Resources/libJPEG.dylib
0x00000001914ef000 	/System/Library/Frameworks/ImageIO.framework/Versions/A/Resources/libRadiance.dylib
0x00000002359a6000 	/System/Library/PrivateFrameworks/GPUCompiler.framework/Versions/32023/Libraries/libllvm-flatbuffers.dylib
0x0000000230ca4000 	/System/Library/PrivateFrameworks/FramePacing.framework/Versions/A/FramePacing
0x00000001de28f000 	/System/Library/Frameworks/OpenGL.framework/Versions/A/Libraries/libCoreFSCache.dylib
0x000000023184f000 	/System/Library/PrivateFrameworks/GPUCompiler.framework/Versions/32023/Libraries/libGPUCompilerUtils.dylib
0x0000000230bdf000 	/System/Library/PrivateFrameworks/FontServices.framework/libXTFontStaticRegistryData.dylib
0x000000019be3a000 	/System/Library/PrivateFrameworks/ASEProcessing.framework/Versions/A/ASEProcessing
0x00000001c77cd000 	/System/Library/PrivateFrameworks/Symbolication.framework/Versions/A/Symbolication
0x0000000245da1000 	/System/Library/PrivateFrameworks/PhotosensitivityProcessing.framework/Versions/A/PhotosensitivityProcessing
0x0000000190a6e000 	/System/Library/PrivateFrameworks/GraphVisualizer.framework/Versions/A/GraphVisualizer
0x00000001de2ef000 	/System/Library/Frameworks/OpenGL.framework/Versions/A/Libraries/libGLU.dylib
0x00000001de2b1000 	/System/Library/Frameworks/OpenGL.framework/Versions/A/Libraries/libGFXShared.dylib
0x00000001de482000 	/System/Library/Frameworks/OpenGL.framework/Versions/A/Libraries/libGL.dylib
0x00000001de2ba000 	/System/Library/Frameworks/OpenGL.framework/Versions/A/Libraries/libGLImage.dylib
0x00000001de2ae000 	/System/Library/Frameworks/OpenGL.framework/Versions/A/Libraries/libCVMSPluginSupport.dylib
0x0000000261110000 	/usr/lib/libRosetta.dylib
0x00000001de297000 	/System/Library/Frameworks/OpenGL.framework/Versions/A/Libraries/libCoreVMClient.dylib
0x000000018d3a9000 	/System/Library/Frameworks/MetalPerformanceShaders.framework/Versions/A/Frameworks/MPSCore.framework/Versions/A/MPSCore
0x000000018e9db000 	/System/Library/Frameworks/MetalPerformanceShaders.framework/Versions/A/Frameworks/MPSImage.framework/Versions/A/MPSImage
0x000000018e42a000 	/System/Library/Frameworks/MetalPerformanceShaders.framework/Versions/A/Frameworks/MPSNeuralNetwork.framework/Versions/A/MPSNeuralNetwork
0x000000018e860000 	/System/Library/Frameworks/MetalPerformanceShaders.framework/Versions/A/Frameworks/MPSMatrix.framework/Versions/A/MPSMatrix
0x000000018e678000 	/System/Library/Frameworks/MetalPerformanceShaders.framework/Versions/A/Frameworks/MPSRayIntersector.framework/Versions/A/MPSRayIntersector
0x000000018e892000 	/System/Library/Frameworks/MetalPerformanceShaders.framework/Versions/A/Frameworks/MPSNDArray.framework/Versions/A/MPSNDArray
0x00000001e2067000 	/System/Library/Frameworks/MetalPerformanceShaders.framework/Versions/A/Frameworks/MPSFunctions.framework/Versions/A/MPSFunctions
0x00000001e204b000 	/System/Library/Frameworks/MetalPerformanceShaders.framework/Versions/A/Frameworks/MPSBenchmarkLoop.framework/Versions/A/MPSBenchmarkLoop
0x0000000181c08000 	/System/Library/PrivateFrameworks/MetalTools.framework/Versions/A/MetalTools
0x00000001adfee000 	/System/Library/PrivateFrameworks/IOAccelMemoryInfo.framework/Versions/A/IOAccelMemoryInfo
0x00000001baa60000 	/System/Library/PrivateFrameworks/kperf.framework/Versions/A/kperf
0x00000001a9485000 	/System/Library/PrivateFrameworks/GPURawCounter.framework/Versions/A/GPURawCounter
0x00000001988c8000 	/System/Library/PrivateFrameworks/CoreSymbolication.framework/Versions/A/CoreSymbolication
0x00000001a941f000 	/System/Library/PrivateFrameworks/MallocStackLogging.framework/Versions/A/MallocStackLogging
0x000000019062d000 	/System/Library/PrivateFrameworks/CrashReporterSupport.framework/Versions/A/CrashReporterSupport
0x0000000198882000 	/System/Library/PrivateFrameworks/DebugSymbols.framework/Versions/A/DebugSymbols
0x00000001b9cf8000 	/System/Library/PrivateFrameworks/OSAnalytics.framework/Versions/A/OSAnalytics
0x0000000191523000 	/System/Library/Frameworks/ApplicationServices.framework/Versions/A/Frameworks/ATSUI.framework/Versions/A/ATSUI
0x0000000192dbe000 	/usr/lib/libcups.2.dylib
0x0000000192e5a000 	/System/Library/Frameworks/Kerberos.framework/Versions/A/Kerberos
0x0000000192ac7000 	/usr/lib/libresolv.9.dylib
0x000000018efdd000 	/usr/lib/libiconv.2.dylib
0x0000000190ad7000 	/System/Library/PrivateFrameworks/Heimdal.framework/Versions/A/Heimdal
0x000000019ac58000 	/System/Library/Frameworks/Kerberos.framework/Versions/A/Libraries/libHeimdalProxy.dylib
0x00000001908aa000 	/usr/lib/libheimdal-asn1.dylib
0x000000018a684000 	/System/Library/Frameworks/OpenDirectory.framework/Versions/A/OpenDirectory
0x0000000192ec7000 	/System/Library/PrivateFrameworks/CommonAuth.framework/Versions/A/CommonAuth
0x000000018a692000 	/System/Library/Frameworks/OpenDirectory.framework/Versions/A/Frameworks/CFOpenDirectory.framework/Versions/A/CFOpenDirectory
0x000000018ef32000 	/usr/lib/libcharset.1.dylib
0x00000001de822000 	/System/Library/Frameworks/AVFAudio.framework/Versions/A/AVFAudio
0x00000001a35db000 	/System/Library/PrivateFrameworks/AXCoreUtilities.framework/Versions/A/AXCoreUtilities
0x000000023c3a0000 	/System/Library/PrivateFrameworks/IsolatedCoreAudioClient.framework/Versions/A/IsolatedCoreAudioClient
0x0000000192a01000 	/usr/lib/libAudioStatistics.dylib
0x000000018c4ea000 	/System/Library/PrivateFrameworks/caulk.framework/Versions/A/caulk
0x0000000183748000 	/System/Library/PrivateFrameworks/AudioToolboxCore.framework/Versions/A/AudioToolboxCore
0x000000019cee4000 	/System/Library/Frameworks/CoreMIDI.framework/Versions/A/CoreMIDI
0x00000001929a4000 	/System/Library/PrivateFrameworks/AudioSession.framework/Versions/A/AudioSession
0x00000001942cd000 	/System/Library/Frameworks/IOBluetooth.framework/Versions/A/IOBluetooth
0x0000000190994000 	/System/Library/PrivateFrameworks/MediaExperience.framework/Versions/A/MediaExperience
0x0000000253bec000 	/System/Library/PrivateFrameworks/Tightbeam.framework/Versions/A/Tightbeam
0x00000001bf266000 	/System/Library/PrivateFrameworks/AFKUser.framework/Versions/A/AFKUser
0x0000000190aba000 	/System/Library/PrivateFrameworks/AppServerSupport.framework/Versions/A/AppServerSupport
0x0000000192e3e000 	/System/Library/PrivateFrameworks/perfdata.framework/Versions/A/perfdata
0x00000001a8687000 	/System/Library/PrivateFrameworks/SystemPolicy.framework/Versions/A/SystemPolicy
0x0000000192cdd000 	/usr/lib/libSMC.dylib
0x0000000191406000 	/usr/lib/libAudioToolboxUtility.dylib
0x0000000192e4c000 	/usr/lib/libperfcheck.dylib
0x0000000226ead000 	/System/Library/PrivateFrameworks/AudioAnalytics.framework/Versions/A/AudioAnalytics
0x00000001d27f2000 	/System/Library/PrivateFrameworks/FeatureFlags.framework/Versions/A/FeatureFlags
0x00000001cb48c000 	/System/Library/Frameworks/OSLog.framework/Versions/A/OSLog
0x000000018ea7b000 	/usr/lib/libbz2.1.0.dylib
0x00000001a9451000 	/usr/lib/libmis.dylib
0x00000001927b7000 	/System/Library/PrivateFrameworks/AudioSession.framework/libSessionUtility.dylib
0x0000000191558000 	/System/Library/PrivateFrameworks/CMCaptureCore.framework/Versions/A/CMCaptureCore
0x00000001dfef2000 	/System/Library/Frameworks/ExtensionFoundation.framework/Versions/A/ExtensionFoundation
0x00000001989dc000 	/System/Library/PrivateFrameworks/CoreTime.framework/Versions/A/CoreTime
0x000000019078c000 	/System/Library/PrivateFrameworks/PlugInKit.framework/Versions/A/PlugInKit
0x0000000197611000 	/System/Library/PrivateFrameworks/PowerLog.framework/Versions/A/PowerLog
0x0000000197520000 	/System/Library/Frameworks/CoreBluetooth.framework/Versions/A/CoreBluetooth
0x000000019ac59000 	/System/Library/Frameworks/AudioUnit.framework/Versions/A/AudioUnit
0x000000018e113000 	/System/Library/PrivateFrameworks/CoreUtils.framework/Versions/A/CoreUtils
0x000000022daa6000 	/System/Library/PrivateFrameworks/CoreUtilsExtras.framework/Versions/A/CoreUtilsExtras
0x0000000196955000 	/System/Library/Frameworks/MediaAccessibility.framework/Versions/A/MediaAccessibility
0x00000001b18a5000 	/System/Library/PrivateFrameworks/AttributeGraph.framework/Versions/A/AttributeGraph
0x0000000260db0000 	/usr/lib/libAXSafeCategoryBundle.dylib
0x00000001a3698000 	/usr/lib/libAccessibility.dylib
0x000000018df5d000 	/System/Library/Frameworks/Accelerate.framework/Versions/A/Frameworks/vecLib.framework/Versions/A/libvDSP.dylib
0x000000018f228000 	/System/Library/Frameworks/Accelerate.framework/Versions/A/Frameworks/vecLib.framework/Versions/A/libLAPACK.dylib
0x000000018e415000 	/System/Library/Frameworks/Accelerate.framework/Versions/A/Frameworks/vecLib.framework/Versions/A/libLinearAlgebra.dylib
0x000000018f137000 	/System/Library/Frameworks/Accelerate.framework/Versions/A/Frameworks/vecLib.framework/Versions/A/libSparseBLAS.dylib
0x000000018f223000 	/System/Library/Frameworks/Accelerate.framework/Versions/A/Frameworks/vecLib.framework/Versions/A/libQuadrature.dylib
0x000000018d597000 	/System/Library/Frameworks/Accelerate.framework/Versions/A/Frameworks/vecLib.framework/Versions/A/libBNNS.dylib
0x0000000182216000 	/System/Library/Frameworks/Accelerate.framework/Versions/A/Frameworks/vecLib.framework/Versions/A/libSparse.dylib
0x000000023d903000 	/System/Library/PrivateFrameworks/MIL.framework/Versions/A/MIL
0x00000001914ea000 	/System/Library/PrivateFrameworks/GPUWrangler.framework/Versions/A/GPUWrangler
0x00000001914ca000 	/System/Library/PrivateFrameworks/IOPresentment.framework/Versions/A/IOPresentment
0x00000001914f2000 	/System/Library/PrivateFrameworks/DSExternalDisplay.framework/Versions/A/DSExternalDisplay
0x00000001cb899000 	/System/Library/PrivateFrameworks/HIDDisplay.framework/Versions/A/HIDDisplay
0x00000001a23ac000 	/System/Library/PrivateFrameworks/HID.framework/Versions/A/HID
0x000000025740e000 	/System/Library/PrivateFrameworks/VideoToolboxParavirtualizationSupport.framework/Versions/A/VideoToolboxParavirtualizationSupport
0x0000000190845000 	/System/Library/PrivateFrameworks/AppleVA.framework/Versions/A/AppleVA
0x000000019852b000 	/System/Library/PrivateFrameworks/GraphicsServices.framework/Versions/A/GraphicsServices
0x0000000193034000 	/System/Library/PrivateFrameworks/CorePhoneNumbers.framework/Versions/A/CorePhoneNumbers
0x0000000197701000 	/System/Library/PrivateFrameworks/MediaKit.framework/Versions/A/MediaKit
0x000000019764c000 	/System/Library/Frameworks/DiscRecording.framework/Versions/A/DiscRecording
0x0000000192e1e000 	/System/Library/PrivateFrameworks/NetAuth.framework/Versions/A/NetAuth
0x000000018a882000 	/System/Library/PrivateFrameworks/login.framework/Versions/A/Frameworks/loginsupport.framework/Versions/A/loginsupport
0x00000001908b5000 	/System/Library/PrivateFrameworks/IconFoundation.framework/Versions/A/IconFoundation
0x0000000190624000 	/usr/lib/libIOReport.dylib
0x0000000226ac8000 	/System/Library/PrivateFrameworks/AppleMobileFileIntegrity.framework/Versions/A/AppleMobileFileIntegrity
0x0000000261156000 	/usr/lib/libTLE.dylib
0x00000001db1fd000 	/System/Library/PrivateFrameworks/ConfigProfileHelper.framework/Versions/A/ConfigProfileHelper
0x000000018e3b1000 	/usr/lib/libmecab.dylib
0x000000018230b000 	/usr/lib/libCRFSuite.dylib
0x000000018d470000 	/System/Library/PrivateFrameworks/CoreNLP.framework/Versions/A/CoreNLP
0x000000018e412000 	/usr/lib/libgermantok.dylib
0x000000018f0ed000 	/usr/lib/libThaiTokenizer.dylib
0x000000018e37b000 	/usr/lib/libCheckFix.dylib
0x0000000189b19000 	/System/Library/PrivateFrameworks/MetadataUtilities.framework/Versions/A/MetadataUtilities
0x00000002397ca000 	/System/Library/PrivateFrameworks/InstalledContentLibrary.framework/Versions/A/InstalledContentLibrary
0x0000000184e52000 	/System/Library/PrivateFrameworks/CoreServicesStore.framework/Versions/A/CoreServicesStore
0x00000001bab6c000 	/System/Library/PrivateFrameworks/MobileSystemServices.framework/Versions/A/MobileSystemServices
0x00000001904e2000 	/usr/lib/libxslt.1.dylib
0x000000018e33d000 	/System/Library/PrivateFrameworks/BackgroundTaskManagement.framework/Versions/A/BackgroundTaskManagement
0x000000019a405000 	/usr/lib/libcurl.4.dylib
0x000000026138f000 	/usr/lib/libcrypto.46.dylib
0x00000002618dc000 	/usr/lib/libssl.48.dylib
0x000000019a0d9000 	/System/Library/Frameworks/LDAP.framework/Versions/A/LDAP
0x000000019a115000 	/System/Library/PrivateFrameworks/TrustEvaluationAgent.framework/Versions/A/TrustEvaluationAgent
0x0000000192ae0000 	/usr/lib/libsasl2.2.dylib
0x00000001a6c59000 	/usr/lib/swift/libswiftCoreGraphics.dylib
0x0000000196f8f000 	/usr/lib/swift/libswiftFoundation.dylib
0x00000001dacb4000 	/usr/lib/swift/libswiftSwiftOnoneSupport.dylib
0x00000001c7f62000 	/System/Library/PrivateFrameworks/CoreMaterial.framework/Versions/A/CoreMaterial
0x00000002483ee000 	/System/Library/PrivateFrameworks/SFSymbols.framework/Versions/A/SFSymbols
0x0000000196255000 	/System/Library/PrivateFrameworks/SpeechRecognitionCore.framework/Versions/A/SpeechRecognitionCore
0x00000001036bc000 	/opt/homebrew/Cellar/openjdk@11/11.0.25/libexec/openjdk.jdk/Contents/Home/lib/server/libjvm.dylib
0x0000000102990000 	/opt/homebrew/Cellar/openjdk@11/11.0.25/libexec/openjdk.jdk/Contents/Home/lib/libverify.dylib
0x00000001029e0000 	/opt/homebrew/Cellar/openjdk@11/11.0.25/libexec/openjdk.jdk/Contents/Home/lib/libjava.dylib
0x00000001029a8000 	/opt/homebrew/Cellar/openjdk@11/11.0.25/libexec/openjdk.jdk/Contents/Home/lib/libjimage.dylib
0x0000000102a18000 	/opt/homebrew/Cellar/openjdk@11/11.0.25/libexec/openjdk.jdk/Contents/Home/lib/libinstrument.dylib
0x0000000102aec000 	/opt/homebrew/Cellar/openjdk@11/11.0.25/libexec/openjdk.jdk/Contents/Home/lib/libzip.dylib
0x0000000102e08000 	/opt/homebrew/Cellar/openjdk@11/11.0.25/libexec/openjdk.jdk/Contents/Home/lib/libnio.dylib
0x0000000102e28000 	/opt/homebrew/Cellar/openjdk@11/11.0.25/libexec/openjdk.jdk/Contents/Home/lib/libnet.dylib
0x0000000102a4c000 	/opt/homebrew/Cellar/openjdk@11/11.0.25/libexec/openjdk.jdk/Contents/Home/lib/libmanagement.dylib
0x0000000102e4c000 	/opt/homebrew/Cellar/openjdk@11/11.0.25/libexec/openjdk.jdk/Contents/Home/lib/libmanagement_ext.dylib
0x0000000102e60000 	/opt/homebrew/Cellar/openjdk@11/11.0.25/libexec/openjdk.jdk/Contents/Home/lib/libextnet.dylib


VM Arguments:
jvm_args: -javaagent:/Users/zch/software/skywalking-agent/skywalking-agent.jar -Dskywalking.agent.service_name=anynote-file -Dskywalking.collector.backend_service=127.0.0.1:11800 -XX:TieredStopAtLevel=1 -Xverify:none -Dspring.output.ansi.enabled=always -Dcom.sun.management.jmxremote -Dspring.jmx.enabled=true -Dspring.liveBeansView.mbeanDomain -Dspring.application.admin.enabled=true -Dmanagement.endpoints.jmx.exposure.include=* -javaagent:/Applications/IntelliJ IDEA.app/Contents/lib/idea_rt.jar=51821:/Applications/IntelliJ IDEA.app/Contents/bin -Dfile.encoding=UTF-8 
java_command: com.anynote.file.AnyNoteFileApplication
java_class_path (initial): /Users/zch/code/anynote/Anynote-Cloud/anynote-modules/anynote-modules-file/target/classes:/Users/zch/.m2/repository/com/alibaba/cloud/spring-cloud-starter-alibaba-nacos-discovery/2021.0.4.0/spring-cloud-starter-alibaba-nacos-discovery-2021.0.4.0.jar:/Users/zch/.m2/repository/com/alibaba/cloud/spring-cloud-alibaba-commons/2021.0.4.0/spring-cloud-alibaba-commons-2021.0.4.0.jar:/Users/zch/.m2/repository/com/alibaba/nacos/nacos-client/2.0.4/nacos-client-2.0.4.jar:/Users/zch/.m2/repository/org/apache/httpcomponents/httpasyncclient/4.1.5/httpasyncclient-4.1.5.jar:/Users/zch/.m2/repository/org/apache/httpcomponents/httpcore/4.4.16/httpcore-4.4.16.jar:/Users/zch/.m2/repository/org/apache/httpcomponents/httpcore-nio/4.4.16/httpcore-nio-4.4.16.jar:/Users/zch/.m2/repository/org/apache/httpcomponents/httpclient/4.5.14/httpclient-4.5.14.jar:/Users/zch/.m2/repository/org/reflections/reflections/0.9.11/reflections-0.9.11.jar:/Users/zch/.m2/repository/org/javassist/javassist/3.21.0-GA/javassist-3.21.0-GA.jar:/Users/zch/.m2/repository/io/prometheus/simpleclient/0.15.0/simpleclient-0.15.0.jar:/Users/zch/.m2/repository/io/prometheus/simpleclient_tracer_otel/0.15.0/simpleclient_tracer_otel-0.15.0.jar:/Users/zch/.m2/repository/io/prometheus/simpleclient_tracer_common/0.15.0/simpleclient_tracer_common-0.15.0.jar:/Users/zch/.m2/repository/io/prometheus/simpleclient_tracer_otel_agent/0.15.0/simpleclient_tracer_otel_agent-0.15.0.jar:/Users/zch/.m2/repository/org/yaml/snakeyaml/1.30/snakeyaml-1.30.jar:/Users/zch/.m2/repository/com/alibaba/spring/spring-context-support/1.0.11/spring-context-support-1.0.11.jar:/Users/zch/.m2/repository/org/springframework/cloud/spring-cloud-commons/3.1.5/spring-cloud-commons-3.1.5.jar:/Users/zch/.m2/repository/org/springframework/security/spring-security-crypto/5.7.6/spring-security-crypto-5.7.6.jar:/Users/zch/.m2/repository/org/springframework/cloud/spring-cloud-context/3.1.5/spring-cloud-context-3.1.5.jar:/Users/zch/.m2/repositor
Launcher Type: SUN_STANDARD

[Global flags]
     bool BytecodeVerificationLocal                = false                                     {product} {command line}
     bool BytecodeVerificationRemote               = false                                     {product} {command line}
     intx CICompilerCount                          = 4                                         {product} {ergonomic}
     uint ConcGCThreads                            = 2                                         {product} {ergonomic}
     uint G1ConcRefinementThreads                  = 8                                         {product} {ergonomic}
   size_t G1HeapRegionSize                         = 1048576                                   {product} {ergonomic}
    uintx GCDrainStackTargetSize                   = 64                                        {product} {ergonomic}
   size_t InitialHeapSize                          = 402653184                                 {product} {ergonomic}
     bool ManagementServer                         = true                                      {product} {command line}
   size_t MarkStackSize                            = 4194304                                   {product} {ergonomic}
   size_t MaxHeapSize                              = 6442450944                                {product} {ergonomic}
   size_t MaxNewSize                               = 3865051136                                {product} {ergonomic}
   size_t MinHeapDeltaBytes                        = 1048576                                   {product} {ergonomic}
    uintx NonNMethodCodeHeapSize                   = 7549744                                {pd product} {ergonomic}
    uintx NonProfiledCodeHeapSize                  = 244108496                              {pd product} {ergonomic}
    uintx ProfiledCodeHeapSize                     = 0                                      {pd product} {ergonomic}
    uintx ReservedCodeCacheSize                    = 251658240                              {pd product} {ergonomic}
     bool SegmentedCodeCache                       = true                                      {product} {ergonomic}
     intx TieredStopAtLevel                        = 1                                         {product} {command line}
     bool UseCompressedClassPointers               = true                                 {lp64_product} {ergonomic}
     bool UseCompressedOops                        = true                                 {lp64_product} {ergonomic}
     bool UseG1GC                                  = true                                      {product} {ergonomic}

Logging:
Log output configuration:
 #0: stdout all=warning uptime,level,tags
 #1: stderr all=off uptime,level,tags

Environment Variables:
PATH=/Users/zch/.nvm/versions/node/v18.20.4/bin:/Users/zch/miniconda3/bin:/Users/zch/miniconda3/condabin:/Users/zch/software/apache-maven-3.9.9/bin:/opt/homebrew/bin:/opt/homebrew/sbin:/usr/local/bin:/System/Cryptexes/App/usr/bin:/usr/bin:/bin:/usr/sbin:/sbin:/var/run/com.apple.security.cryptexd/codex.system/bootstrap/usr/local/bin:/var/run/com.apple.security.cryptexd/codex.system/bootstrap/usr/bin:/var/run/com.apple.security.cryptexd/codex.system/bootstrap/usr/appleinternal/bin:/Library/Apple/usr/bin:/Users/zch/.cargo/bin:/Users/zch/.lmstudio/bin
SHELL=/bin/zsh
LC_CTYPE=zh_CN.UTF-8
TMPDIR=/var/folders/3k/c0jh496n44v4f8t5jhnw4c900000gn/T/

Signal Handlers:
SIGSEGV: [libjvm.dylib+0x701dd0], sa_mask[0]=11111111011111110111111111111111, sa_flags=SA_ONSTACK|SA_RESTART|SA_SIGINFO
SIGBUS: [libjvm.dylib+0x701dd0], sa_mask[0]=11111111011111110111111111111111, sa_flags=SA_RESTART|SA_SIGINFO
SIGFPE: [libjvm.dylib+0x701dd0], sa_mask[0]=11111111011111110111111111111111, sa_flags=SA_RESTART|SA_SIGINFO
SIGPIPE: [libjvm.dylib+0x56a09c], sa_mask[0]=11111111011111110111111111111111, sa_flags=SA_RESTART|SA_SIGINFO
SIGXFSZ: [libjvm.dylib+0x56a09c], sa_mask[0]=11111111011111110111111111111111, sa_flags=SA_RESTART|SA_SIGINFO
SIGILL: [libjvm.dylib+0x701dd0], sa_mask[0]=11111111011111110111111111111111, sa_flags=SA_RESTART|SA_SIGINFO
SIGUSR2: [libjvm.dylib+0x56a698], sa_mask[0]=00000000000000000000000000000000, sa_flags=SA_RESTART|SA_SIGINFO
SIGHUP: [libjvm.dylib+0x568e30], sa_mask[0]=11111111011111110111111111111111, sa_flags=SA_RESTART|SA_SIGINFO
SIGINT: [libjvm.dylib+0x568e30], sa_mask[0]=11111111011111110111111111111111, sa_flags=SA_RESTART|SA_SIGINFO
SIGTERM: [libjvm.dylib+0x568e30], sa_mask[0]=11111111011111110111111111111111, sa_flags=SA_RESTART|SA_SIGINFO
SIGQUIT: [libjvm.dylib+0x568e30], sa_mask[0]=11111111011111110111111111111111, sa_flags=SA_RESTART|SA_SIGINFO


---------------  S Y S T E M  ---------------

OS:uname:Darwin 24.3.0 Darwin Kernel Version 24.3.0: Thu Jan  2 20:24:23 PST 2025; root:xnu-11215.81.4~3/RELEASE_ARM64_T8122 arm64
OS uptime: 2 days 8:01 hours
rlimit (soft/hard): STACK 8176k/65520k , CORE 0k/infinity , NPROC 4000/6000 , NOFILE 10240/infinity , AS infinity/infinity , CPU infinity/infinity , DATA infinity/infinity , FSIZE infinity/infinity , MEMLOCK infinity/infinity , RSS infinity/infinity
load average:7.09 4.14 3.87

CPU:total 8 (initial active 8) 0x61:0x0:0xfa33415e:0, simd, crc, lse

Memory: 16k page, physical 25165824k(171840k free), swap 10485760k(976512k free)

vm_info: OpenJDK 64-Bit Server VM (11.0.25+0) for bsd-aarch64 JRE (11.0.25+0), built on Oct 15 2024 22:10:31 by "brew" with clang Homebrew Clang 19.1.1

END.
