#
# A fatal error has been detected by the Java Runtime Environment:
#
#  SIGSEGV (0xb) at pc=0x0000000105da911c, pid=63830, tid=90371
#
# JRE version: OpenJDK Runtime Environment Homebrew (11.0.25) (build 11.0.25+0)
# Java VM: OpenJDK 64-Bit Server VM Homebrew (11.0.25+0, mixed mode, tiered, compressed oops, g1 gc, bsd-aarch64)
# Problematic frame:
# V  [libjvm.dylib+0x69511c]  ObjectSynchronizer::inflate(Thread*, oopDesc*, ObjectSynchronizer::InflateCause)+0x18c
#
# No core dump will be written. Core dumps have been disabled. To enable core dumping, try "ulimit -c unlimited" before starting Java again
#
# If you would like to submit a bug report, please visit:
#   https://github.com/Homebrew/homebrew-core/issues
#

---------------  S U M M A R Y ------------

Command Line: -XX:TieredStopAtLevel=1 -Xverify:none -Dspring.output.ansi.enabled=always -Dcom.sun.management.jmxremote -Dspring.jmx.enabled=true -Dspring.liveBeansView.mbeanDomain -Dspring.application.admin.enabled=true -Dmanagement.endpoints.jmx.exposure.include=* -javaagent:/Applications/IntelliJ IDEA.app/Contents/lib/idea_rt.jar=58808:/Applications/IntelliJ IDEA.app/Contents/bin -Dfile.encoding=UTF-8 com.anynote.note.AnyNoteNoteApplication

Host: Mac15,12 arm64 1 MHz, 8 cores, 24G, Darwin 24.3.0
Time: Tue Mar 18 21:36:39 2025 CST elapsed time: 2827.328863 seconds (0d 0h 47m 7s)

---------------  T H R E A D  ---------------

Current thread (0x00000001247ce800):  JavaThread "NettyClientSelector_1" [_thread_in_Java, id=90371, stack(0x0000000319988000,0x0000000319b8b000)]

Stack: [0x0000000319988000,0x0000000319b8b000],  sp=0x0000000319b89d00,  free space=2055k
Native frames: (J=compiled Java code, A=aot compiled Java code, j=interpreted, Vv=VM code, C=native code)
V  [libjvm.dylib+0x69511c]  ObjectSynchronizer::inflate(Thread*, oopDesc*, ObjectSynchronizer::InflateCause)+0x18c
V  [libjvm.dylib+0x694f70]  ObjectSynchronizer::fast_exit(oopDesc*, BasicLock*, Thread*)+0x54
V  [libjvm.dylib+0x5e9130]  SharedRuntime::monitor_exit_helper(oopDesc*, BasicLock*, JavaThread*, bool)+0x44
V  [libjvm.dylib+0x12aa9c]  Runtime1::monitorexit(JavaThread*, BasicObjectLock*)+0x58
v  ~RuntimeStub::monitorexit_nofpu Runtime1 stub
C  0x0000000000000000

Java frames: (J=compiled Java code, j=interpreted, Vv=VM code)
v  ~RuntimeStub::monitorexit_nofpu Runtime1 stub
J 13552 c1 sun.nio.ch.SocketChannelImpl.getOption(Ljava/net/SocketOption;)Ljava/lang/Object; java.base@11.0.25 (140 bytes) @ 0x0000000131fbcad4 [0x0000000131fbc680+0x0000000000000454]
J 15061 c1 sun.nio.ch.SocketAdaptor.getSoLinger()I java.base@11.0.25 (8 bytes) @ 0x00000001322ff530 [0x00000001322ff4c0+0x0000000000000070]
J 15060 c1 io.netty.channel.socket.DefaultSocketChannelConfig.getSoLinger()I (18 bytes) @ 0x00000001322ff02c [0x00000001322fefc0+0x000000000000006c]
J 13692 c1 io.netty.channel.socket.nio.NioSocketChannel$NioSocketChannelUnsafe.prepareToClose()Ljava/util/concurrent/Executor; (45 bytes) @ 0x0000000132001ed4 [0x0000000132001e00+0x00000000000000d4]
J 13365 c1 io.netty.channel.AbstractChannel$AbstractUnsafe.close(Lio/netty/channel/ChannelPromise;Ljava/lang/Throwable;Ljava/nio/channels/ClosedChannelException;Z)V (218 bytes) @ 0x0000000131f69f48 [0x0000000131f69d00+0x0000000000000248]
J 15062 c1 io.netty.channel.nio.AbstractNioChannel$AbstractNioUnsafe$1.run()V (77 bytes) @ 0x00000001323000c8 [0x00000001322ffbc0+0x0000000000000508]
J 14830 c1 io.netty.util.concurrent.ScheduledFutureTask.run()V (195 bytes) @ 0x00000001322804cc [0x0000000132280000+0x00000000000004cc]
J 10545 c1 io.netty.util.concurrent.SingleThreadEventExecutor.runAllTasks(J)Z (109 bytes) @ 0x0000000131a4bf6c [0x0000000131a4be00+0x000000000000016c]
j  io.netty.channel.nio.NioEventLoop.run()V+329
j  io.netty.util.concurrent.SingleThreadEventExecutor$4.run()V+44
j  io.netty.util.internal.ThreadExecutorMap$2.run()V+11
j  java.lang.Thread.run()V+11 java.base@11.0.25
v  ~StubRoutines::call_stub

siginfo: si_signo: 11 (SIGSEGV), si_code: 2 (SEGV_ACCERR), si_addr: 0x0000000000000000

Register to memory mapping:

 x0=0x0 is NULL
 x1=0x0000000680f57680 is an oop: java.lang.Object 
{0x0000000680f57680} - klass: 'java/lang/Object'
 - ---- fields (total size 2 words):
 x2=0x0 is NULL
 x3=0x0000000000000001 is an unknown value
 x4=0x0000000680f57680 is an oop: java.lang.Object 
{0x0000000680f57680} - klass: 'java/lang/Object'
 - ---- fields (total size 2 words):
 x5=0x000000000000000c is an unknown value
 x6=0x0000000105fcc000: _ZN11PSMarkSweep17_accumulated_timeE+0 in /opt/homebrew/Cellar/openjdk@11/11.0.25/libexec/openjdk.jdk/Contents/Home/lib/server/libjvm.dylib at 0x0000000105714000
 x7=0x0000000000000134 is an unknown value
 x8=0x0 is NULL
 x9=0x0000000000001889 is an unknown value
x10=0x0 is NULL
x11=0x0000000000000001 is an unknown value
x12={method} {0x0000000117badf10} 'equals' '(Ljava/lang/Object;)Z' in 'sun/nio/ch/SocketOptionRegistry$RegistryKey'
x13=0x0000000000099e00 is an unknown value
x14=0x00000006814c62f8 is an oop: java.lang.StackTraceElement 
{0x00000006814c62f8} - klass: 'java/lang/StackTraceElement'
 - ---- fields (total size 6 words):
 - private transient strict 'declaringClassObject' 'Ljava/lang/Class;' @12  
[error occurred during error reporting (printing register info), id 0xb, SIGSEGV (0xb) at pc=0x0000000105c6d918]

Registers:
 x0=0x0000000000000000  x1=0x0000000680f57680  x2=0x0000000000000000  x3=0x0000000000000001
 x4=0x0000000680f57680  x5=0x000000000000000c  x6=0x0000000105fcc000  x7=0x0000000000000134
 x8=0x0000000000000000  x9=0x0000000000001889 x10=0x0000000000000000 x11=0x0000000000000001
x12=0x0000000117badf10 x13=0x0000000000099e00 x14=0x00000006814c62f8 x15=0x0000000800016138
x16=0x0000000000000020 x17=0x00006000039a8c00 x18=0x0000000000000000 x19=0x0000000000000000
x20=0x0000000680f57680 x21=0x00000001239ded40 x22=0x00000001247ce800 x23=0x0000000000000000
x24=0x0000000105f9fa84 x25=0x0000000000000000 x26=0x0000000127ba76c0 x27=0x0000000000000000
x28=0x00000001247ce800  fp=0x0000000319b89db0  lr=0x0000000105da9118  sp=0x0000000319b89d00
pc=0x0000000105da911c cpsr=0x0000000060001000
Top of Stack: (sp=0x0000000319b89d00)
0x0000000319b89d00:   0000000680f57828 0000000100000000
0x0000000319b89d10:   0000000319b89d60 0000000105da9c80
0x0000000319b89d20:   0000000127ba76c0 000000000000000a
0x0000000319b89d30:   0000000000000000 00000000fffffffe
0x0000000319b89d40:   0000000000000000 0000000000000000
0x0000000319b89d50:   00000001247ce800 0000000640bbc9f8
0x0000000319b89d60:   0000000319b89da0 0000000105da99dc
0x0000000319b89d70:   0000000127ba76c0 000000000000000a
0x0000000319b89d80:   0000000000000000 0000000000000000
0x0000000319b89d90:   00000001247ce800 0000000000000001
0x0000000319b89da0:   0000000680f57680 00000001247ce800
0x0000000319b89db0:   0000000319b89dd0 0000000105da8f70
0x0000000319b89dc0:   0000000680f57680 0000000319b8a130
0x0000000319b89dd0:   0000000319b89e10 0000000105cfd130
0x0000000319b89de0:   00000001247ce800 00000001247ce800
0x0000000319b89df0:   00000001247ce800 0000000000000001
0x0000000319b89e00:   0000000319b8a130 00000001247ce800
0x0000000319b89e10:   0000000319b89e40 000000010583ea9c
0x0000000319b89e20:   0000000127b9ac09 0000000105fd26f0
0x0000000319b89e30:   0000000319b8a798 00000006814c6338
0x0000000319b89e40:   0000000319b8a040 00000001300ea9f8
0x0000000319b89e50:   0000000319b89e94 000000000000ffff
0x0000000319b89e60:   0000000000000080 00000001247ceb50
0x0000000319b89e70:   0000000319b89ee0 0000000104a3f2e4
0x0000000319b89e80:   0000000000000001 00000008247ce800
0x0000000319b89e90:   0000000019b89ee0 0000000100000000
0x0000000319b89ea0:   0000000127ba76c0 000000000000000a
0x0000000319b89eb0:   0000000000000000 0000000000000000
0x0000000319b89ec0:   0000000127b9ac09 0000000105fd26f0
0x0000000319b89ed0:   0000000319b8a798 00000006814c6338
0x0000000319b89ee0:   0000000319b89f40 0000000131fb8b5c
0x0000000319b89ef0:   0000000680f57690 00000001247ce800 

Instructions: (pc=0x0000000105da911c)
0x0000000105da901c:   1f 30 00 f9 1f 44 00 f9 1f 28 00 f9 79 03 00 b4
0x0000000105da902c:   b7 02 00 f9 bf 22 00 f9 bf 2a 00 f9 b4 06 00 f9
0x0000000105da903c:   bf 2a 00 f9 bf 3a 00 f9 08 03 40 b9 a8 7e 00 b9
0x0000000105da904c:   a9 02 7f b2 bf 3b 03 d5 e8 03 17 aa 89 7e a8 c8
0x0000000105da905c:   bf 3b 03 d5 1f 01 17 eb 60 08 00 54 ff 02 08 eb
0x0000000105da906c:   20 08 00 54 bf 06 00 f9 bf 22 00 f9 bf 2a 00 f9
0x0000000105da907c:   bf 36 00 f9 bf 2e 00 f9 bf 32 00 f9 bf 46 00 f9
0x0000000105da908c:   bf 2a 00 f9 0d 00 00 14 bf 3a 00 f9 bf 2a 00 f9
0x0000000105da909c:   08 03 40 b9 a8 7e 00 b9 bf 3b 03 d5 e8 03 17 aa
0x0000000105da90ac:   9f 7e a8 c8 bf 3b 03 d5 1f 01 17 eb c0 02 00 54
0x0000000105da90bc:   ff 02 08 eb 80 02 00 54 e0 03 16 aa e1 03 15 aa
0x0000000105da90cc:   22 00 80 52 9c 05 00 94 97 02 40 f9 e0 03 17 aa
0x0000000105da90dc:   81 b9 ed 97 e0 f8 0f 36 e0 03 17 aa 7e b9 ed 97
0x0000000105da90ec:   15 00 7f d2 e0 03 15 aa fd 7b 4b a9 f4 4f 4a a9
0x0000000105da90fc:   f6 57 49 a9 f8 5f 48 a9 fa 67 47 a9 ff 03 03 91
0x0000000105da910c:   c0 03 5f d6 e0 03 17 aa 73 b9 ed 97 08 f8 7e 92
0x0000000105da911c:   08 01 40 f9 a8 02 00 f9 e0 03 17 aa 6e b9 ed 97
0x0000000105da912c:   a0 22 00 f9 bf 2a 00 f9 b4 06 00 f9 88 02 40 f9
0x0000000105da913c:   48 01 00 b4 e0 07 00 90 00 7c 3c 91 e2 07 00 b0
0x0000000105da914c:   42 10 02 91 03 05 00 90 63 e0 08 91 01 bd 80 52
0x0000000105da915c:   ce 9d ed 97 28 49 fb 97 a8 02 7f b2 bf 3b 03 d5
0x0000000105da916c:   88 02 00 f9 08 11 00 d0 08 41 0b 91 08 01 40 f9
0x0000000105da917c:   48 01 00 b4 09 11 00 d0 29 e1 2b 91 29 01 40 39
0x0000000105da918c:   3f 05 00 71 a1 00 00 54 08 15 40 f9 09 01 40 f9
0x0000000105da919c:   29 05 00 91 09 01 00 f9 c8 0f 00 f0 08 e5 43 f9
0x0000000105da91ac:   28 06 00 b4 c8 10 00 d0 08 e5 37 91 08 01 40 39
0x0000000105da91bc:   1f 05 00 71 21 01 00 54 89 0a 40 b9 ca 0f 00 f0
0x0000000105da91cc:   4a 61 2b 91 4b 09 40 b9 4a 01 40 f9 2b 21 cb 9a
0x0000000105da91dc:   6a 01 0a 8b 03 00 00 14 8a 06 40 f9 e9 03 0a aa
0x0000000105da91ec:   4a 09 40 b9 5f 05 00 71 eb 03 00 54 80 10 00 d0
0x0000000105da91fc:   00 80 27 91 0a 00 40 f9 40 01 3f d6 0a 00 40 f9
0x0000000105da920c:   4a 3d 41 f9 ea 0f 00 f9 40 05 c0 3d e0 03 82 3c 


Stack slot to memory mapping:
stack at sp + 0 slots: 0x0000000680f57828 is an oop: io.netty.channel.DefaultChannelPipeline$TailContext 
{0x0000000680f57828} - klass: 'io/netty/channel/DefaultChannelPipeline$TailContext'
 - ---- fields (total size 7 words):
 - private final 'executionMask' 'I' @12  511 (1ff)
 - private volatile 'handlerState' 'I' @16  2
 - private final 'ordered' 'Z' @20  true
 - volatile 'next' 'Lio/netty/channel/AbstractChannelHandlerContext;' @24  
[error occurred during error reporting (inspecting top of stack), id 0xb, SIGSEGV (0xb) at pc=0x0000000105c6d918]


---------------  P R O C E S S  ---------------

Threads class SMR info:
_java_thread_list=0x000060000300eb40, length=225, elements={
0x00000001220ce000, 0x00000001220cf000, 0x0000000124016800, 0x000000011204e800,
0x0000000122825000, 0x0000000122830000, 0x00000001228d5000, 0x000000012381e000,
0x00000001242d4000, 0x00000001224b7000, 0x0000000112133000, 0x000000012390a000,
0x00000001233ac000, 0x0000000122509000, 0x00000001233c2000, 0x0000000123414800,
0x0000000122a2a000, 0x000000012250d000, 0x000000012345d000, 0x00000001228d5800,
0x00000001229c1800, 0x00000001229d5000, 0x00000001229dc000, 0x0000000122996800,
0x0000000122552800, 0x0000000122596000, 0x000000012368f000, 0x0000000122676000,
0x000000012270e800, 0x0000000124606000, 0x0000000122ae2800, 0x0000000122a92800,
0x00000001229b4000, 0x00000001235fc000, 0x000000012369c000, 0x0000000122734800,
0x00000001245f3000, 0x00000001233e1800, 0x00000001226a9000, 0x0000000125090000,
0x0000000122737800, 0x0000000122794800, 0x000000013f99f800, 0x000000012474a000,
0x0000000124591000, 0x00000001245e9800, 0x000000012455b000, 0x000000012451e000,
0x0000000124599000, 0x0000000124529800, 0x0000000123524000, 0x000000012345d800,
0x000000013f98c800, 0x0000000123651000, 0x000000012347e000, 0x0000000122771000,
0x00000001226c3800, 0x000000012373e000, 0x000000012478d800, 0x00000001236ce800,
0x00000001232aa800, 0x000000012375f000, 0x000000013f9d1800, 0x00000001236b1000,
0x00000001232a7800, 0x00000001247c4000, 0x00000001247ae800, 0x00000001226b3800,
0x000000012271b800, 0x0000000122b5f000, 0x0000000122b2f000, 0x0000000124792800,
0x00000001247c8800, 0x00000001247cb800, 0x00000001247ce800, 0x0000000122b30000,
0x0000000122748000, 0x00000001247c9800, 0x0000000122650800, 0x0000000122b33000,
0x00000001247ca800, 0x000000012376d800, 0x0000000123703000, 0x00000001247d6000,
0x00000001247d6800, 0x00000001247d1800, 0x0000000122b34000, 0x00000001232f3800,
0x0000000122b87800, 0x0000000123729000, 0x0000000122b91000, 0x000000012392f800,
0x000000012261f000, 0x0000000125093800, 0x000000013fb07800, 0x000000013fb08800,
0x000000013fb0e000, 0x000000013fb09800, 0x0000000125078800, 0x000000013fb0a800,
0x00000001247cf800, 0x00000001247d4800, 0x0000000123713000, 0x00000001247d0800,
0x000000013fb0b000, 0x000000013fb0c000, 0x000000013fb0d000, 0x0000000122b91800,
0x0000000122b92800, 0x0000000123203800, 0x000000013fb19800, 0x000000013fb1a000,
0x0000000123202800, 0x0000000123204800, 0x0000000122b85000, 0x0000000122b86000,
0x000000013fb14000, 0x000000013fb1e000, 0x0000000123217000, 0x00000001247d7800,
0x00000001247d3000, 0x000000012321e000, 0x00000001247da800, 0x000000012321f000,
0x00000001247db800, 0x0000000123220000, 0x00000001247dc800, 0x00000001247dd000,
0x00000001247de000, 0x00000001247df000, 0x000000013fb22800, 0x000000013fb23800,
0x000000013fb31000, 0x0000000122ba3000, 0x0000000122bae000, 0x0000000123230800,
0x0000000122baf000, 0x000000012322c800, 0x00000001250a2800, 0x000000012383a800,
0x00000001247d9000, 0x0000000122bd0000, 0x000000016104b000, 0x000000013fb2e000,
0x00000001225b4800, 0x0000000124360800, 0x0000000123218000, 0x00000001224e9800,
0x0000000122b9d000, 0x0000000122c59000, 0x00000001234e6800, 0x0000000123228800,
0x0000000124440800, 0x00000001250a3800, 0x000000012392c000, 0x000000012383b000,
0x0000000112133800, 0x000000012383c000, 0x0000000112134800, 0x0000000125075000,
0x0000000112135800, 0x000000012383f000, 0x0000000123931800, 0x0000000123933000,
0x0000000125076800, 0x0000000124405800, 0x00000001128ff800, 0x0000000112932800,
0x0000000112136800, 0x0000000122565800, 0x000000012383e000, 0x00000001250b4000,
0x00000001250b4800, 0x000000011291d000, 0x000000011213c000, 0x000000011213d000,
0x000000011290e800, 0x0000000112a2c000, 0x00000001129ac000, 0x0000000112141000,
0x00000001129ad800, 0x0000000125072000, 0x0000000123939000, 0x000000011213a800,
0x0000000123938800, 0x000000012393a000, 0x000000012393c000, 0x000000012393d000,
0x0000000123941000, 0x00000001129b0800, 0x00000001250ac000, 0x000000011213f000,
0x00000001129b3800, 0x000000011213f800, 0x00000001129b0000, 0x00000001250ac800,
0x00000001250b6000, 0x000000011216a800, 0x000000011216b000, 0x00000001250b1800,
0x00000001129b1800, 0x000000011216e000, 0x00000001129ab000, 0x0000000112b25000,
0x0000000112141800, 0x0000000112187000, 0x0000000112188000, 0x00000001129ed800,
0x000000011216d000, 0x00000001129b4800, 0x0000000112189000, 0x0000000123947800,
0x0000000123942000, 0x00000001250ca000, 0x0000000123943000, 0x00000001250ca800,
0x0000000123948800, 0x00000001250ad800, 0x000000012393f800, 0x000000011219c800,
0x00000001129b2800, 0x00000001234e3800, 0x0000000122cae800, 0x00000001121d0800,
0x0000000122caf800
}

Java Threads: ( => current thread )
  0x00000001220ce000 JavaThread "Reference Handler" daemon [_thread_blocked, id=21251, stack(0x000000016c480000,0x000000016c683000)]
  0x00000001220cf000 JavaThread "Finalizer" daemon [_thread_blocked, id=20739, stack(0x000000016c68c000,0x000000016c88f000)]
  0x0000000124016800 JavaThread "Signal Dispatcher" daemon [_thread_blocked, id=21763, stack(0x000000016ca3c000,0x000000016cc3f000)]
  0x000000011204e800 JavaThread "Service Thread" daemon [_thread_blocked, id=32515, stack(0x000000016cc48000,0x000000016ce4b000)]
  0x0000000122825000 JavaThread "C1 CompilerThread0" daemon [_thread_blocked, id=22787, stack(0x000000016ce54000,0x000000016d057000)]
  0x0000000122830000 JavaThread "Sweeper thread" daemon [_thread_blocked, id=23299, stack(0x000000016d060000,0x000000016d263000)]
  0x00000001228d5000 JavaThread "Common-Cleaner" daemon [_thread_blocked, id=23811, stack(0x000000016d26c000,0x000000016d46f000)]
  0x000000012381e000 JavaThread "Monitor Ctrl-Break" daemon [_thread_in_native, id=31235, stack(0x000000016d478000,0x000000016d67b000)]
  0x00000001242d4000 JavaThread "RMI TCP Accept-0" daemon [_thread_in_native, id=30979, stack(0x000000016d684000,0x000000016d887000)]
  0x00000001224b7000 JavaThread "logback-2" daemon [_thread_blocked, id=42243, stack(0x000000016f538000,0x000000016f73b000)]
  0x0000000112133000 JavaThread "logback-3" daemon [_thread_blocked, id=41731, stack(0x000000016f744000,0x000000016f947000)]
  0x000000012390a000 JavaThread "Attach Listener" daemon [_thread_blocked, id=41219, stack(0x000000016fb5c000,0x000000016fd5f000)]
  0x00000001233ac000 JavaThread "RMI Scheduler(0)" daemon [_thread_blocked, id=40195, stack(0x0000000310004000,0x0000000310207000)]
  0x0000000122509000 JavaThread "logback-4" daemon [_thread_blocked, id=34823, stack(0x000000016f950000,0x000000016fb53000)]
  0x00000001233c2000 JavaThread "com.alibaba.nacos.client.identify.watcher.0" daemon [_thread_blocked, id=39687, stack(0x0000000310210000,0x0000000310413000)]
  0x0000000123414800 JavaThread "com.alibaba.nacos.client.Worker" daemon [_thread_blocked, id=36611, stack(0x000000031041c000,0x000000031061f000)]
  0x0000000122a2a000 JavaThread "logback-5" daemon [_thread_blocked, id=32779, stack(0x000000016ed08000,0x000000016ef0b000)]
  0x000000012250d000 JavaThread "logback-appender-Logstash-localhost:5044-2" daemon [_thread_blocked, id=33799, stack(0x000000016f120000,0x000000016f323000)]
  0x000000012345d000 JavaThread "logback-appender-Logstash-localhost:5044-4" daemon [_thread_in_native, id=43015, stack(0x000000016f32c000,0x000000016f52f000)]
  0x00000001228d5800 JavaThread "logback-6" daemon [_thread_blocked, id=38663, stack(0x0000000310628000,0x000000031082b000)]
  0x00000001229c1800 JavaThread "logback-7" daemon [_thread_blocked, id=36867, stack(0x0000000310834000,0x0000000310a37000)]
  0x00000001229d5000 JavaThread "nacos.publisher-com.alibaba.nacos.common.notify.SlowEvent" daemon [_thread_blocked, id=37379, stack(0x0000000310a40000,0x0000000310c43000)]
  0x00000001229dc000 JavaThread "com.alibaba.nacos.client.remote.worker" daemon [_thread_blocked, id=43523, stack(0x0000000310c4c000,0x0000000310e4f000)]
  0x0000000122996800 JavaThread "com.alibaba.nacos.client.remote.worker" daemon [_thread_blocked, id=65027, stack(0x0000000310e58000,0x000000031105b000)]
  0x0000000122552800 JavaThread "grpc-nio-worker-ELG-1-1" daemon [_thread_in_native, id=44291, stack(0x0000000311064000,0x0000000311267000)]
  0x0000000122596000 JavaThread "grpc-nio-worker-ELG-1-2" daemon [_thread_in_native, id=45059, stack(0x000000031147c000,0x000000031167f000)]
  0x000000012368f000 JavaThread "Catalina-utility-1" [_thread_blocked, id=57111, stack(0x0000000313748000,0x000000031394b000)]
  0x0000000122676000 JavaThread "Catalina-utility-2" [_thread_blocked, id=56579, stack(0x0000000313954000,0x0000000313b57000)]
  0x000000012270e800 JavaThread "container-0" [_thread_blocked, id=51715, stack(0x0000000313b60000,0x0000000313d63000)]
  0x0000000124606000 JavaThread "ClientHouseKeepingService" daemon [_thread_blocked, id=55559, stack(0x0000000313d6c000,0x0000000313f6f000)]
  0x0000000122ae2800 JavaThread "AsyncAppender-Dispatcher-Thread-15" daemon [_thread_blocked, id=52739, stack(0x0000000313f78000,0x000000031417b000)]
  0x0000000122a92800 JavaThread "AsyncAppender-Dispatcher-Thread-16" daemon [_thread_blocked, id=54787, stack(0x0000000314184000,0x0000000314387000)]
  0x00000001229b4000 JavaThread "MQClientFactoryScheduledThread" [_thread_blocked, id=54019, stack(0x0000000314390000,0x0000000314593000)]
  0x00000001235fc000 JavaThread "AsyncAppender-Dispatcher-Thread-17" daemon [_thread_blocked, id=53507, stack(0x000000031459c000,0x000000031479f000)]
  0x000000012369c000 JavaThread "PullMessageService" [_thread_blocked, id=87043, stack(0x00000003147a8000,0x00000003149ab000)]
  0x0000000122734800 JavaThread "RebalanceService" [_thread_blocked, id=66051, stack(0x00000003149b4000,0x0000000314bb7000)]
  0x00000001245f3000 JavaThread "RequestHouseKeepingService1" [_thread_blocked, id=86275, stack(0x0000000314bc0000,0x0000000314dc3000)]
  0x00000001233e1800 JavaThread "NettyClientSelector_1" [_thread_in_native, id=66819, stack(0x0000000314dcc000,0x0000000314fcf000)]
  0x00000001226a9000 JavaThread "NettyClientWorkerThread_1" [_thread_blocked, id=85763, stack(0x0000000314fd8000,0x00000003151db000)]
  0x0000000125090000 JavaThread "NettyClientWorkerThread_2" [_thread_blocked, id=85515, stack(0x00000003151e4000,0x00000003153e7000)]
  0x0000000122737800 JavaThread "lettuce-timer-3-1" daemon [_thread_blocked, id=19227, stack(0x00000003153f0000,0x00000003155f3000)]
  0x0000000122794800 JavaThread "pool-6-thread-1" [_thread_in_native, id=84487, stack(0x00000003155fc000,0x00000003157ff000)]
  0x000000013f99f800 JavaThread "I/O dispatcher 1" [_thread_in_native, id=68355, stack(0x0000000315808000,0x0000000315a0b000)]
  0x000000012474a000 JavaThread "I/O dispatcher 2" [_thread_in_native, id=83459, stack(0x0000000315a14000,0x0000000315c17000)]
  0x0000000124591000 JavaThread "I/O dispatcher 3" [_thread_in_native, id=69123, stack(0x0000000315c20000,0x0000000315e23000)]
  0x00000001245e9800 JavaThread "I/O dispatcher 4" [_thread_in_native, id=82947, stack(0x0000000315e2c000,0x000000031602f000)]
  0x000000012455b000 JavaThread "I/O dispatcher 5" [_thread_in_native, id=82435, stack(0x0000000316038000,0x000000031623b000)]
  0x000000012451e000 JavaThread "I/O dispatcher 6" [_thread_in_native, id=81923, stack(0x0000000316244000,0x0000000316447000)]
  0x0000000124599000 JavaThread "I/O dispatcher 7" [_thread_in_native, id=70403, stack(0x0000000316450000,0x0000000316653000)]
  0x0000000124529800 JavaThread "I/O dispatcher 8" [_thread_in_native, id=70915, stack(0x000000031665c000,0x000000031685f000)]
  0x0000000123524000 JavaThread "pool-7-thread-1" [_thread_in_native, id=81159, stack(0x0000000316868000,0x0000000316a6b000)]
  0x000000012345d800 JavaThread "I/O dispatcher 9" [_thread_in_native, id=71939, stack(0x0000000316a74000,0x0000000316c77000)]
  0x000000013f98c800 JavaThread "I/O dispatcher 10" [_thread_in_native, id=72451, stack(0x0000000316c80000,0x0000000316e83000)]
  0x0000000123651000 JavaThread "I/O dispatcher 11" [_thread_in_native, id=72963, stack(0x0000000316e8c000,0x000000031708f000)]
  0x000000012347e000 JavaThread "I/O dispatcher 12" [_thread_in_native, id=79875, stack(0x0000000317098000,0x000000031729b000)]
  0x0000000122771000 JavaThread "I/O dispatcher 13" [_thread_in_native, id=73987, stack(0x00000003172a4000,0x00000003174a7000)]
  0x00000001226c3800 JavaThread "I/O dispatcher 14" [_thread_in_native, id=74755, stack(0x00000003174b0000,0x00000003176b3000)]
  0x000000012373e000 JavaThread "I/O dispatcher 15" [_thread_in_native, id=75011, stack(0x00000003176bc000,0x00000003178bf000)]
  0x000000012478d800 JavaThread "I/O dispatcher 16" [_thread_in_native, id=75779, stack(0x00000003178c8000,0x0000000317acb000)]
  0x00000001236ce800 JavaThread "spring.cloud.inetutils" daemon [_thread_blocked, id=76291, stack(0x0000000317ad4000,0x0000000317cd7000)]
  0x00000001232aa800 JavaThread "ClientHouseKeepingService" daemon [_thread_blocked, id=78603, stack(0x0000000317ce0000,0x0000000317ee3000)]
  0x000000012375f000 JavaThread "MQClientFactoryScheduledThread" [_thread_blocked, id=77827, stack(0x0000000317eec000,0x00000003180ef000)]
  0x000000013f9d1800 JavaThread "CleanExpireMsgScheduledThread_1" [_thread_blocked, id=77059, stack(0x00000003180f8000,0x00000003182fb000)]
  0x00000001236b1000 JavaThread "PullMessageService" [_thread_blocked, id=87555, stack(0x0000000318304000,0x0000000318507000)]
  0x00000001232a7800 JavaThread "RebalanceService" [_thread_blocked, id=88067, stack(0x0000000318510000,0x0000000318713000)]
  0x00000001247c4000 JavaThread "NettyClientSelector_1" [_thread_in_native, id=130051, stack(0x000000031871c000,0x000000031891f000)]
  0x00000001247ae800 JavaThread "NettyClientWorkerThread_1" [_thread_blocked, id=129795, stack(0x0000000318928000,0x0000000318b2b000)]
  0x00000001226b3800 JavaThread "NettyClientWorkerThread_2" [_thread_blocked, id=89091, stack(0x0000000318b34000,0x0000000318d37000)]
  0x000000012271b800 JavaThread "NettyClientPublicExecutor_1" [_thread_blocked, id=128771, stack(0x0000000318d40000,0x0000000318f43000)]
  0x0000000122b5f000 JavaThread "ClientHouseKeepingService" daemon [_thread_blocked, id=89347, stack(0x0000000318f4c000,0x000000031914f000)]
  0x0000000122b2f000 JavaThread "MQClientFactoryScheduledThread" [_thread_blocked, id=127747, stack(0x0000000319158000,0x000000031935b000)]
  0x0000000124792800 JavaThread "CleanExpireMsgScheduledThread_1" [_thread_blocked, id=126979, stack(0x0000000319364000,0x0000000319567000)]
  0x00000001247c8800 JavaThread "PullMessageService" [_thread_blocked, id=126211, stack(0x0000000319570000,0x0000000319773000)]
  0x00000001247cb800 JavaThread "RebalanceService" [_thread_blocked, id=125699, stack(0x000000031977c000,0x000000031997f000)]
=>0x00000001247ce800 JavaThread "NettyClientSelector_1" [_thread_in_Java, id=90371, stack(0x0000000319988000,0x0000000319b8b000)]
  0x0000000122b30000 JavaThread "NettyClientWorkerThread_1" [_thread_blocked, id=91139, stack(0x0000000319b94000,0x0000000319d97000)]
  0x0000000122748000 JavaThread "NettyClientWorkerThread_2" [_thread_blocked, id=124931, stack(0x0000000319da0000,0x0000000319fa3000)]
  0x00000001247c9800 JavaThread "NettyClientPublicExecutor_1" [_thread_blocked, id=124419, stack(0x0000000319fac000,0x000000031a1af000)]
  0x0000000122650800 JavaThread "NettyClientPublicExecutor_2" [_thread_blocked, id=92419, stack(0x000000031a1b8000,0x000000031a3bb000)]
  0x0000000122b33000 JavaThread "PullMessageServiceScheduledThread" [_thread_blocked, id=92931, stack(0x000000031a3c4000,0x000000031a5c7000)]
  0x00000001247ca800 JavaThread "ClientHouseKeepingService" daemon [_thread_blocked, id=123395, stack(0x000000031a5d0000,0x000000031a7d3000)]
  0x000000012376d800 JavaThread "MQClientFactoryScheduledThread" [_thread_blocked, id=93699, stack(0x000000031a7dc000,0x000000031a9df000)]
  0x0000000123703000 JavaThread "CleanExpireMsgScheduledThread_1" [_thread_blocked, id=122627, stack(0x000000031a9e8000,0x000000031abeb000)]
  0x00000001247d6000 JavaThread "PullMessageService" [_thread_blocked, id=93955, stack(0x000000031abf4000,0x000000031adf7000)]
  0x00000001247d6800 JavaThread "RebalanceService" [_thread_blocked, id=121603, stack(0x000000031ae00000,0x000000031b003000)]
  0x00000001247d1800 JavaThread "NettyClientSelector_1" [_thread_in_native, id=121091, stack(0x000000031b00c000,0x000000031b20f000)]
  0x0000000122b34000 JavaThread "NettyClientWorkerThread_1" [_thread_blocked, id=94723, stack(0x000000031b218000,0x000000031b41b000)]
  0x00000001232f3800 JavaThread "NettyClientPublicExecutor_2" [_thread_blocked, id=95235, stack(0x000000031b424000,0x000000031b627000)]
  0x0000000122b87800 JavaThread "PullMessageServiceScheduledThread" [_thread_blocked, id=119811, stack(0x000000031b630000,0x000000031b833000)]
  0x0000000123729000 JavaThread "NettyClientWorkerThread_2" [_thread_blocked, id=119043, stack(0x000000031b83c000,0x000000031ba3f000)]
  0x0000000122b91000 JavaThread "NettyClientPublicExecutor_1" [_thread_blocked, id=118787, stack(0x000000031ba48000,0x000000031bc4b000)]
  0x000000012392f800 JavaThread "ClientHouseKeepingService" daemon [_thread_blocked, id=118019, stack(0x000000031bc54000,0x000000031be57000)]
  0x000000012261f000 JavaThread "NettyClientPublicExecutor_2" [_thread_blocked, id=96771, stack(0x000000031be60000,0x000000031c063000)]
  0x0000000125093800 JavaThread "PullMessageServiceScheduledThread" [_thread_blocked, id=97283, stack(0x000000031c06c000,0x000000031c26f000)]
  0x000000013fb07800 JavaThread "MQClientFactoryScheduledThread" [_thread_blocked, id=116995, stack(0x000000031c278000,0x000000031c47b000)]
  0x000000013fb08800 JavaThread "CleanExpireMsgScheduledThread_1" [_thread_blocked, id=116227, stack(0x000000031c484000,0x000000031c687000)]
  0x000000013fb0e000 JavaThread "PullMessageService" [_thread_blocked, id=115715, stack(0x000000031c690000,0x000000031c893000)]
  0x000000013fb09800 JavaThread "RebalanceService" [_thread_blocked, id=114947, stack(0x000000031c89c000,0x000000031ca9f000)]
  0x0000000125078800 JavaThread "NettyClientSelector_1" [_thread_in_native, id=98051, stack(0x000000031caa8000,0x000000031ccab000)]
  0x000000013fb0a800 JavaThread "NettyClientWorkerThread_1" [_thread_blocked, id=98563, stack(0x000000031ccb4000,0x000000031ceb7000)]
  0x00000001247cf800 JavaThread "NettyClientWorkerThread_2" [_thread_blocked, id=99331, stack(0x000000031cec0000,0x000000031d0c3000)]
  0x00000001247d4800 JavaThread "NettyClientPublicExecutor_3" [_thread_blocked, id=99587, stack(0x000000031d0cc000,0x000000031d2cf000)]
  0x0000000123713000 JavaThread "NettyClientPublicExecutor_1" [_thread_blocked, id=113411, stack(0x000000031d2d8000,0x000000031d4db000)]
  0x00000001247d0800 JavaThread "NettyClientPublicExecutor_4" [_thread_blocked, id=100355, stack(0x000000031d4e4000,0x000000031d6e7000)]
  0x000000013fb0b000 JavaThread "NettyClientPublicExecutor_2" [_thread_blocked, id=100867, stack(0x000000031d6f0000,0x000000031d8f3000)]
  0x000000013fb0c000 JavaThread "NettyClientPublicExecutor_3" [_thread_blocked, id=112387, stack(0x000000031d8fc000,0x000000031daff000)]
  0x000000013fb0d000 JavaThread "NettyClientPublicExecutor_4" [_thread_blocked, id=101891, stack(0x000000031db08000,0x000000031dd0b000)]
  0x0000000122b91800 JavaThread "PullMessageServiceScheduledThread" [_thread_blocked, id=111619, stack(0x000000031dd14000,0x000000031df17000)]
  0x0000000122b92800 JavaThread "NettyClientPublicExecutor_5" [_thread_blocked, id=111107, stack(0x000000031df20000,0x000000031e123000)]
  0x0000000123203800 JavaThread "nacos.publisher-com.alibaba.nacos.client.naming.event.InstancesChangeEvent" daemon [_thread_blocked, id=102659, stack(0x000000031e12c000,0x000000031e32f000)]
  0x000000013fb19800 JavaThread "com.alibaba.nacos.naming.failover" daemon [_thread_blocked, id=103171, stack(0x000000031e338000,0x000000031e53b000)]
  0x000000013fb1a000 JavaThread "com.alibaba.nacos.client.naming.security" daemon [_thread_blocked, id=110339, stack(0x000000031e544000,0x000000031e747000)]
  0x0000000123202800 JavaThread "com.alibaba.nacos.naming.push.receiver" daemon [_thread_in_native, id=104195, stack(0x000000031e750000,0x000000031e953000)]
  0x0000000123204800 JavaThread "com.alibaba.nacos.client.naming.grpc.redo.0" daemon [_thread_blocked, id=104963, stack(0x000000031e95c000,0x000000031eb5f000)]
  0x0000000122b85000 JavaThread "com.alibaba.nacos.client.remote.worker" daemon [_thread_blocked, id=109571, stack(0x000000031eb68000,0x000000031ed6b000)]
  0x0000000122b86000 JavaThread "com.alibaba.nacos.client.remote.worker" daemon [_thread_blocked, id=109315, stack(0x000000031ed74000,0x000000031ef77000)]
  0x000000013fb14000 JavaThread "grpc-nio-worker-ELG-1-3" daemon [_thread_in_native, id=108547, stack(0x000000031ef80000,0x000000031f183000)]
  0x000000013fb1e000 JavaThread "grpc-nio-worker-ELG-1-4" daemon [_thread_in_native, id=105987, stack(0x000000031f18c000,0x000000031f38f000)]
  0x0000000123217000 JavaThread "com.alibaba.nacos.client.naming.updater.0" daemon [_thread_blocked, id=133123, stack(0x000000031ffe0000,0x00000003201e3000)]
  0x00000001247d7800 JavaThread "Nacos-Watch-Task-Scheduler-1" [_thread_blocked, id=171267, stack(0x0000000320604000,0x0000000320807000)]
  0x00000001247d3000 JavaThread "http-nio-18091-exec-1" daemon [_thread_blocked, id=133891, stack(0x0000000320810000,0x0000000320a13000)]
  0x000000012321e000 JavaThread "http-nio-18091-exec-2" daemon [_thread_blocked, id=134659, stack(0x0000000320a1c000,0x0000000320c1f000)]
  0x00000001247da800 JavaThread "http-nio-18091-exec-3" daemon [_thread_blocked, id=170499, stack(0x0000000320c28000,0x0000000320e2b000)]
  0x000000012321f000 JavaThread "http-nio-18091-exec-4" daemon [_thread_blocked, id=135683, stack(0x0000000320e34000,0x0000000321037000)]
  0x00000001247db800 JavaThread "http-nio-18091-exec-5" daemon [_thread_blocked, id=169987, stack(0x0000000321040000,0x0000000321243000)]
  0x0000000123220000 JavaThread "http-nio-18091-exec-6" daemon [_thread_blocked, id=136451, stack(0x000000032124c000,0x000000032144f000)]
  0x00000001247dc800 JavaThread "http-nio-18091-exec-7" daemon [_thread_blocked, id=136963, stack(0x0000000321458000,0x000000032165b000)]
  0x00000001247dd000 JavaThread "http-nio-18091-exec-8" daemon [_thread_blocked, id=168963, stack(0x0000000321664000,0x0000000321867000)]
  0x00000001247de000 JavaThread "http-nio-18091-exec-9" daemon [_thread_blocked, id=168195, stack(0x0000000321870000,0x0000000321a73000)]
  0x00000001247df000 JavaThread "http-nio-18091-exec-10" daemon [_thread_blocked, id=167427, stack(0x0000000321a7c000,0x0000000321c7f000)]
  0x000000013fb22800 JavaThread "http-nio-18091-Poller" daemon [_thread_in_native, id=137731, stack(0x0000000321c88000,0x0000000321e8b000)]
  0x000000013fb23800 JavaThread "http-nio-18091-Acceptor" daemon [_thread_in_native, id=137987, stack(0x0000000321e94000,0x0000000322097000)]
  0x000000013fb31000 JavaThread "DestroyJavaVM" [_thread_blocked, id=4867, stack(0x000000016b62c000,0x000000016b82f000)]
  0x0000000122ba3000 JavaThread "NettyClientPublicExecutor_5" [_thread_blocked, id=161807, stack(0x0000000323724000,0x0000000323927000)]
  0x0000000122bae000 JavaThread "NettyClientPublicExecutor_6" [_thread_blocked, id=142851, stack(0x0000000323930000,0x0000000323b33000)]
  0x0000000123230800 JavaThread "mysql-cj-abandoned-connection-cleanup" daemon [_thread_blocked, id=161027, stack(0x0000000323b3c000,0x0000000323d3f000)]
  0x0000000122baf000 JavaThread "Druid-ConnectionPool-Create-53251431" daemon [_thread_blocked, id=143619, stack(0x0000000323d48000,0x0000000323f4b000)]
  0x000000012322c800 JavaThread "Druid-ConnectionPool-Destroy-53251431" daemon [_thread_blocked, id=160003, stack(0x0000000323f54000,0x0000000324157000)]
  0x00000001250a2800 JavaThread "NettyClientPublicExecutor_7" [_thread_blocked, id=158211, stack(0x0000000324784000,0x0000000324987000)]
  0x000000012383a800 JavaThread "NettyClientPublicExecutor_6" [_thread_blocked, id=157443, stack(0x0000000324990000,0x0000000324b93000)]
  0x00000001247d9000 JavaThread "boundedElastic-evictor-1" daemon [_thread_blocked, id=145155, stack(0x0000000324fb4000,0x00000003251b7000)]
  0x0000000122bd0000 JavaThread "com.alibaba.nacos.client.naming.updater.1" daemon [_thread_blocked, id=146435, stack(0x00000003255d8000,0x00000003257db000)]
  0x000000016104b000 JavaThread "lettuce-kqueueEventLoop-4-1" daemon [_thread_in_native, id=154371, stack(0x00000003257e4000,0x00000003259e7000)]
  0x000000013fb2e000 JavaThread "lettuce-eventExecutorLoop-2-1" daemon [_thread_blocked, id=154119, stack(0x00000003259f0000,0x0000000325bf3000)]
  0x00000001225b4800 JavaThread "lettuce-kqueueEventLoop-4-2" daemon [_thread_in_native, id=141319, stack(0x00000003124dc000,0x00000003126df000)]
  0x0000000124360800 JavaThread "lettuce-eventExecutorLoop-2-2" daemon [_thread_blocked, id=139787, stack(0x00000003126e8000,0x00000003128eb000)]
  0x0000000123218000 JavaThread "parallel-1" daemon [_thread_blocked, id=140807, stack(0x00000003128f4000,0x0000000312af7000)]
  0x00000001224e9800 JavaThread "com.alibaba.nacos.client.naming.updater.2" daemon [_thread_blocked, id=163847, stack(0x0000000312b00000,0x0000000312d03000)]
  0x0000000122b9d000 JavaThread "pool-13-thread-1" daemon [_thread_blocked, id=165639, stack(0x0000000313124000,0x0000000313327000)]
  0x0000000122c59000 JavaThread "parallel-2" daemon [_thread_blocked, id=172295, stack(0x000000031353c000,0x000000031373f000)]
  0x00000001234e6800 JavaThread "com.alibaba.nacos.client.naming.updater.3" daemon [_thread_blocked, id=173063, stack(0x000000031f398000,0x000000031f59b000)]
  0x0000000123228800 JavaThread "lettuce-eventExecutorLoop-2-3" daemon [_thread_blocked, id=131079, stack(0x000000031f9bc000,0x000000031fbbf000)]
  0x0000000124440800 JavaThread "parallel-3" daemon [_thread_blocked, id=107271, stack(0x000000031fbc8000,0x000000031fdcb000)]
  0x00000001250a3800 JavaThread "NettyClientPublicExecutor_3" [_thread_blocked, id=59655, stack(0x00000003203f8000,0x00000003205fb000)]
  0x000000012392c000 JavaThread "NettyClientPublicExecutor_7" [_thread_blocked, id=60167, stack(0x00000003220a0000,0x00000003222a3000)]
  0x000000012383b000 JavaThread "NettyClientPublicExecutor_8" [_thread_blocked, id=49671, stack(0x00000003222ac000,0x00000003224af000)]
  0x0000000112133800 JavaThread "NettyClientPublicExecutor_8" [_thread_blocked, id=61447, stack(0x00000003224b8000,0x00000003226bb000)]
  0x000000012383c000 JavaThread "NettyClientPublicExecutor_3" [_thread_blocked, id=60935, stack(0x0000000323518000,0x000000032371b000)]
  0x0000000112134800 JavaThread "NettyClientPublicExecutor_4" [_thread_blocked, id=61959, stack(0x0000000324b9c000,0x0000000324d9f000)]
  0x0000000125075000 JavaThread "NettyClientPublicExecutor_5" [_thread_blocked, id=47879, stack(0x0000000324da8000,0x0000000324fab000)]
  0x0000000112135800 JavaThread "NettyClientPublicExecutor_6" [_thread_blocked, id=62727, stack(0x00000003253cc000,0x00000003255cf000)]
  0x000000012383f000 JavaThread "NettyClientPublicExecutor_7" [_thread_blocked, id=47367, stack(0x0000000325bfc000,0x0000000325dff000)]
  0x0000000123931800 JavaThread "logback-8" daemon [_thread_blocked, id=172043, stack(0x0000000311aa0000,0x0000000311ca3000)]
  0x0000000123933000 JavaThread "logback-9" daemon [_thread_blocked, id=58379, stack(0x0000000311cac000,0x0000000311eaf000)]
  0x0000000125076800 JavaThread "logback-10" daemon [_thread_blocked, id=49931, stack(0x0000000313330000,0x0000000313533000)]
  0x0000000124405800 JavaThread "logback-11" daemon [_thread_blocked, id=151811, stack(0x000000032ae68000,0x000000032b06b000)]
  0x00000001128ff800 JavaThread "logback-12" daemon [_thread_blocked, id=151555, stack(0x000000032b074000,0x000000032b277000)]
  0x0000000112932800 JavaThread "NettyClientPublicExecutor_8" [_thread_blocked, id=152839, stack(0x000000031f5a4000,0x000000031f7a7000)]
  0x0000000112136800 JavaThread "NettyClientPublicExecutor_4" [_thread_blocked, id=147719, stack(0x000000031f7b0000,0x000000031f9b3000)]
  0x0000000122565800 JavaThread "ConsumeMessageThread_note_group_1" [_thread_blocked, id=153351, stack(0x00000003201ec000,0x00000003203ef000)]
  0x000000012383e000 JavaThread "NettyClientPublicExecutor_5" [_thread_blocked, id=142103, stack(0x0000000325e08000,0x000000032600b000)]
  0x00000001250b4000 JavaThread "logback-13" daemon [_thread_blocked, id=47115, stack(0x0000000328014000,0x0000000328217000)]
  0x00000001250b4800 JavaThread "logback-14" daemon [_thread_blocked, id=57871, stack(0x0000000328220000,0x0000000328423000)]
  0x000000011291d000 JavaThread "logback-15" daemon [_thread_blocked, id=174091, stack(0x000000032842c000,0x000000032862f000)]
  0x000000011213c000 JavaThread "logback-16" daemon [_thread_blocked, id=107019, stack(0x0000000329638000,0x000000032983b000)]
  0x000000011213d000 JavaThread "logback-17" daemon [_thread_blocked, id=132363, stack(0x0000000329844000,0x0000000329a47000)]
  0x000000011290e800 JavaThread "logback-18" daemon [_thread_blocked, id=132107, stack(0x000000032aa50000,0x000000032ac53000)]
  0x0000000112a2c000 JavaThread "NettyClientPublicExecutor_6" [_thread_blocked, id=139019, stack(0x000000032b280000,0x000000032b483000)]
  0x00000001129ac000 JavaThread "NettyClientPublicExecutor_7" [_thread_blocked, id=156699, stack(0x000000031fdd4000,0x000000031ffd7000)]
  0x0000000112141000 JavaThread "logback-19" daemon [_thread_blocked, id=148251, stack(0x0000000311270000,0x0000000311473000)]
  0x00000001129ad800 JavaThread "logback-20" daemon [_thread_blocked, id=152347, stack(0x0000000311894000,0x0000000311a97000)]
  0x0000000125072000 JavaThread "logback-21" daemon [_thread_blocked, id=162311, stack(0x000000016fd68000,0x000000016ff6b000)]
  0x0000000123939000 JavaThread "logback-22" daemon [_thread_blocked, id=163339, stack(0x0000000323004000,0x0000000323207000)]
  0x000000011213a800 JavaThread "logback-23" daemon [_thread_blocked, id=35591, stack(0x0000000323210000,0x0000000323413000)]
  0x0000000123938800 JavaThread "NettyClientPublicExecutor_8" [_thread_blocked, id=175367, stack(0x000000032b698000,0x000000032b89b000)]
  0x000000012393a000 JavaThread "logback-24" daemon [_thread_blocked, id=145959, stack(0x000000032b8a4000,0x000000032baa7000)]
  0x000000012393c000 JavaThread "logback-25" daemon [_thread_blocked, id=175111, stack(0x000000032bab0000,0x000000032bcb3000)]
  0x000000012393d000 JavaThread "logback-26" daemon [_thread_blocked, id=174855, stack(0x000000032bcbc000,0x000000032bebf000)]
  0x0000000123941000 JavaThread "logback-27" daemon [_thread_blocked, id=150535, stack(0x000000032bec8000,0x000000032c0cb000)]
  0x00000001129b0800 JavaThread "logback-28" daemon [_thread_blocked, id=57383, stack(0x000000032c0d4000,0x000000032c2d7000)]
  0x00000001250ac000 JavaThread "logback-29" daemon [_thread_blocked, id=177411, stack(0x000000032c2e0000,0x000000032c4e3000)]
  0x000000011213f000 JavaThread "logback-30" daemon [_thread_blocked, id=260891, stack(0x0000000312d0c000,0x0000000312f0f000)]
  0x00000001129b3800 JavaThread "logback-31" daemon [_thread_blocked, id=179459, stack(0x000000032cd1c000,0x000000032cf1f000)]
  0x000000011213f800 JavaThread "logback-32" daemon [_thread_blocked, id=258051, stack(0x000000032cf28000,0x000000032d12b000)]
  0x00000001129b0000 JavaThread "logback-33" daemon [_thread_blocked, id=180739, stack(0x000000032d134000,0x000000032d337000)]
  0x00000001250ac800 JavaThread "logback-34" daemon [_thread_blocked, id=181507, stack(0x000000032d340000,0x000000032d543000)]
  0x00000001250b6000 JavaThread "logback-35" daemon [_thread_blocked, id=165415, stack(0x000000032c6f8000,0x000000032c8fb000)]
  0x000000011216a800 JavaThread "logback-36" daemon [_thread_blocked, id=164907, stack(0x000000032c904000,0x000000032cb07000)]
  0x000000011216b000 JavaThread "logback-37" daemon [_thread_blocked, id=176411, stack(0x000000032cb10000,0x000000032cd13000)]
  0x00000001250b1800 JavaThread "logback-38" daemon [_thread_blocked, id=182275, stack(0x000000032d54c000,0x000000032d74f000)]
  0x00000001129b1800 JavaThread "logback-39" daemon [_thread_blocked, id=257539, stack(0x000000032d758000,0x000000032d95b000)]
  0x000000011216e000 JavaThread "logback-40" daemon [_thread_blocked, id=183043, stack(0x000000032d964000,0x000000032db67000)]
  0x00000001129ab000 JavaThread "logback-41" daemon [_thread_blocked, id=258839, stack(0x00000003120c4000,0x00000003122c7000)]
  0x0000000112b25000 JavaThread "logback-42" daemon [_thread_blocked, id=178967, stack(0x000000032ac5c000,0x000000032ae5f000)]
  0x0000000112141800 JavaThread "logback-43" daemon [_thread_blocked, id=253187, stack(0x000000032e7b8000,0x000000032e9bb000)]
  0x0000000112187000 JavaThread "logback-44" daemon [_thread_blocked, id=252419, stack(0x000000032e9c4000,0x000000032ebc7000)]
  0x0000000112188000 JavaThread "logback-45" daemon [_thread_blocked, id=184835, stack(0x000000032ebd0000,0x000000032edd3000)]
  0x00000001129ed800 JavaThread "logback-46" daemon [_thread_blocked, id=155227, stack(0x000000032c4ec000,0x000000032c6ef000)]
  0x000000011216d000 JavaThread "logback-47" daemon [_thread_blocked, id=259863, stack(0x000000032db70000,0x000000032dd73000)]
  0x00000001129b4800 JavaThread "NettyClientWorkerThread_3" [_thread_blocked, id=185883, stack(0x0000000311688000,0x000000031188b000)]
  0x0000000112189000 JavaThread "NettyClientWorkerThread_4" [_thread_blocked, id=46147, stack(0x00000003122d0000,0x00000003124d3000)]
  0x0000000123947800 JavaThread "NettyClientWorkerThread_3" [_thread_blocked, id=250883, stack(0x000000032f400000,0x000000032f603000)]
  0x0000000123942000 JavaThread "NettyClientWorkerThread_3" [_thread_blocked, id=187395, stack(0x000000032f60c000,0x000000032f80f000)]
  0x00000001250ca000 JavaThread "NettyClientWorkerThread_4" [_thread_blocked, id=250115, stack(0x000000032f818000,0x000000032fa1b000)]
  0x0000000123943000 JavaThread "NettyClientWorkerThread_3" [_thread_blocked, id=249347, stack(0x000000032fa24000,0x000000032fc27000)]
  0x00000001250ca800 JavaThread "NettyClientWorkerThread_4" [_thread_blocked, id=248835, stack(0x000000032fc30000,0x000000032fe33000)]
  0x0000000123948800 JavaThread "NettyClientWorkerThread_4" [_thread_blocked, id=248323, stack(0x000000032fe3c000,0x000000033003f000)]
  0x00000001250ad800 JavaThread "logback-48" daemon [_thread_blocked, id=157047, stack(0x000000032e3a0000,0x000000032e5a3000)]
  0x000000012393f800 JavaThread "NettyClientWorkerThread_3" [_thread_blocked, id=156263, stack(0x000000032eddc000,0x000000032efdf000)]
  0x000000011219c800 JavaThread "NettyClientWorkerThread_4" [_thread_blocked, id=256563, stack(0x000000032e194000,0x000000032e397000)]
  0x00000001129b2800 JavaThread "logback-49" daemon [_thread_blocked, id=178779, stack(0x000000032f1f4000,0x000000032f3f7000)]
  0x00000001234e3800 JavaThread "nacos-grpc-client-executor-1022" daemon [_thread_blocked, id=246043, stack(0x000000032b48c000,0x000000032b68f000)]
  0x0000000122cae800 JavaThread "nacos-grpc-client-executor-820" daemon [_thread_blocked, id=256151, stack(0x0000000311eb8000,0x00000003120bb000)]
  0x00000001121d0800 JavaThread "nacos-grpc-client-executor-1023" daemon [_thread_blocked, id=190499, stack(0x00000003251c0000,0x00000003253c3000)]
  0x0000000122caf800 JavaThread "nacos-grpc-client-executor-821" daemon [_thread_blocked, id=188311, stack(0x0000000312f18000,0x000000031311b000)]

Other Threads:
  0x0000000125019800 VMThread "VM Thread" [stack: 0x000000016c274000,0x000000016c477000] [id=21507]
  0x00000001242e6000 WatcherThread [stack: 0x000000016d890000,0x000000016da93000] [id=25091]
  0x000000012282d000 GCTaskThread "GC Thread#0" [stack: 0x000000016b838000,0x000000016ba3b000] [id=11523]
  0x000000012507e000 GCTaskThread "GC Thread#1" [stack: 0x000000016da9c000,0x000000016dc9f000] [id=30723]
  0x000000012381f800 GCTaskThread "GC Thread#2" [stack: 0x000000016dca8000,0x000000016deab000] [id=30467]
  0x00000001128ec800 GCTaskThread "GC Thread#3" [stack: 0x000000016deb4000,0x000000016e0b7000] [id=30211]
  0x00000001128ed000 GCTaskThread "GC Thread#4" [stack: 0x000000016e0c0000,0x000000016e2c3000] [id=26371]
  0x000000012318a800 GCTaskThread "GC Thread#5" [stack: 0x000000016e2cc000,0x000000016e4cf000] [id=26883]
  0x00000001223ea800 GCTaskThread "GC Thread#6" [stack: 0x000000016e4d8000,0x000000016e6db000] [id=27139]
  0x00000001238e6800 GCTaskThread "GC Thread#7" [stack: 0x000000016e6e4000,0x000000016e8e7000] [id=29443]
  0x000000011201e800 ConcurrentGCThread "G1 Main Marker" [stack: 0x000000016ba44000,0x000000016bc47000] [id=11779]
  0x0000000112811000 ConcurrentGCThread "G1 Conc#0" [stack: 0x000000016bc50000,0x000000016be53000] [id=14083]
  0x0000000112869800 ConcurrentGCThread "G1 Conc#1" [stack: 0x000000016ef14000,0x000000016f117000] [id=27655]
  0x00000001220ca800 ConcurrentGCThread "G1 Refine#0" [stack: 0x000000016be5c000,0x000000016c05f000] [id=13827]
  0x0000000122404000 ConcurrentGCThread "G1 Refine#1" [stack: 0x000000016e8f0000,0x000000016eaf3000] [id=29187]
  0x00000001238e9800 ConcurrentGCThread "G1 Refine#2" [stack: 0x000000016eafc000,0x000000016ecff000] [id=28675]
  0x0000000123927000 ConcurrentGCThread "G1 Refine#3" [stack: 0x0000000324160000,0x0000000324363000] [id=159491]
  0x000000011212d800 ConcurrentGCThread "G1 Refine#4" [stack: 0x000000032436c000,0x000000032456f000] [id=143875]
  0x000000011212f800 ConcurrentGCThread "G1 Refine#5" [stack: 0x0000000324578000,0x000000032477b000] [id=158979]
  0x00000001239bd000 ConcurrentGCThread "G1 Refine#6" [stack: 0x000000032df88000,0x000000032e18b000] [id=145467]
  0x0000000112832000 ConcurrentGCThread "G1 Young RemSet Sampling" [stack: 0x000000016c068000,0x000000016c26b000] [id=13315]

Threads with active compile tasks:

VM state:not at safepoint (normal execution)

VM Mutex/Monitor currently owned by a thread: None

Heap address: 0x0000000640000000, size: 6144 MB, Compressed Oops mode: Zero based, Oop shift amount: 3
Narrow klass base: 0x0000000800000000, Narrow klass shift: 0
Compressed class space size: 1073741824 Address: 0x0000000800000000

Heap:
 garbage-first heap   total 1456128K, used 542208K [0x0000000640000000, 0x00000007c0000000)
  region size 1024K, 464 young (475136K), 31 survivors (31744K)
 Metaspace       used 108111K, capacity 111756K, committed 111936K, reserved 1146880K
  class space    used 13538K, capacity 14972K, committed 14992K, reserved 1048576K
Heap Regions: E=young(eden), S=young(survivor), O=old, HS=humongous(starts), HC=humongous(continues), CS=collection set, F=free, A=archive, TAMS=top-at-mark-start (previous, next)
|   0|0x0000000640000000, 0x0000000640100000, 0x0000000640100000|100%|HS|  |TAMS 0x0000000640100000, 0x0000000640000000| Complete 
|   1|0x0000000640100000, 0x0000000640200000, 0x0000000640200000|100%|HS|  |TAMS 0x0000000640200000, 0x0000000640100000| Complete 
|   2|0x0000000640200000, 0x0000000640300000, 0x0000000640300000|100%| O|  |TAMS 0x0000000640300000, 0x0000000640200000| Untracked 
|   3|0x0000000640300000, 0x0000000640400000, 0x0000000640400000|100%|HS|  |TAMS 0x0000000640400000, 0x0000000640300000| Complete 
|   4|0x0000000640400000, 0x0000000640500000, 0x0000000640500000|100%| O|  |TAMS 0x0000000640500000, 0x0000000640400000| Untracked 
|   5|0x0000000640500000, 0x0000000640600000, 0x0000000640600000|100%| O|  |TAMS 0x0000000640600000, 0x0000000640500000| Untracked 
|   6|0x0000000640600000, 0x0000000640700000, 0x0000000640700000|100%| O|  |TAMS 0x0000000640700000, 0x0000000640600000| Untracked 
|   7|0x0000000640700000, 0x0000000640800000, 0x0000000640800000|100%| O|  |TAMS 0x0000000640800000, 0x0000000640700000| Untracked 
|   8|0x0000000640800000, 0x0000000640900000, 0x0000000640900000|100%| O|  |TAMS 0x0000000640900000, 0x0000000640800000| Untracked 
|   9|0x0000000640900000, 0x0000000640a00000, 0x0000000640a00000|100%| O|  |TAMS 0x0000000640a00000, 0x0000000640900000| Untracked 
|  10|0x0000000640a00000, 0x0000000640b00000, 0x0000000640b00000|100%| O|  |TAMS 0x0000000640b00000, 0x0000000640a00000| Untracked 
|  11|0x0000000640b00000, 0x0000000640c00000, 0x0000000640c00000|100%| O|  |TAMS 0x0000000640c00000, 0x0000000640b00000| Untracked 
|  12|0x0000000640c00000, 0x0000000640d00000, 0x0000000640d00000|100%| O|  |TAMS 0x0000000640d00000, 0x0000000640c00000| Untracked 
|  13|0x0000000640d00000, 0x0000000640e00000, 0x0000000640e00000|100%| O|  |TAMS 0x0000000640df7a00, 0x0000000640d00000| Untracked 
|  14|0x0000000640e00000, 0x0000000640f00000, 0x0000000640f00000|100%| O|  |TAMS 0x0000000640e00000, 0x0000000640e00000| Untracked 
|  15|0x0000000640f00000, 0x0000000641000000, 0x0000000641000000|100%| O|  |TAMS 0x0000000640f00000, 0x0000000640f00000| Untracked 
|  16|0x0000000641000000, 0x0000000641100000, 0x0000000641100000|100%| O|  |TAMS 0x0000000641000000, 0x0000000641000000| Untracked 
|  17|0x0000000641100000, 0x0000000641200000, 0x0000000641200000|100%| O|  |TAMS 0x0000000641100000, 0x0000000641100000| Untracked 
|  18|0x0000000641200000, 0x0000000641300000, 0x0000000641300000|100%| O|  |TAMS 0x0000000641200000, 0x0000000641200000| Untracked 
|  19|0x0000000641300000, 0x0000000641400000, 0x0000000641400000|100%| O|  |TAMS 0x0000000641300000, 0x0000000641300000| Untracked 
|  20|0x0000000641400000, 0x0000000641500000, 0x0000000641500000|100%| O|  |TAMS 0x0000000641400000, 0x0000000641400000| Untracked 
|  21|0x0000000641500000, 0x0000000641600000, 0x0000000641600000|100%| O|  |TAMS 0x0000000641500000, 0x0000000641500000| Untracked 
|  22|0x0000000641600000, 0x0000000641700000, 0x0000000641700000|100%| O|  |TAMS 0x0000000641600000, 0x0000000641600000| Untracked 
|  23|0x0000000641700000, 0x0000000641800000, 0x0000000641800000|100%| O|  |TAMS 0x0000000641700000, 0x0000000641700000| Untracked 
|  24|0x0000000641800000, 0x0000000641900000, 0x0000000641900000|100%| O|  |TAMS 0x0000000641800000, 0x0000000641800000| Untracked 
|  25|0x0000000641900000, 0x0000000641a00000, 0x0000000641a00000|100%| O|  |TAMS 0x0000000641900000, 0x0000000641900000| Untracked 
|  26|0x0000000641a00000, 0x0000000641b00000, 0x0000000641b00000|100%| O|  |TAMS 0x0000000641a00000, 0x0000000641a00000| Untracked 
|  27|0x0000000641b00000, 0x0000000641c00000, 0x0000000641c00000|100%| O|  |TAMS 0x0000000641b00000, 0x0000000641b00000| Untracked 
|  28|0x0000000641c00000, 0x0000000641d00000, 0x0000000641d00000|100%| O|  |TAMS 0x0000000641c00000, 0x0000000641c00000| Untracked 
|  29|0x0000000641d00000, 0x0000000641e00000, 0x0000000641e00000|100%| O|  |TAMS 0x0000000641d00000, 0x0000000641d00000| Untracked 
|  30|0x0000000641e00000, 0x0000000641f00000, 0x0000000641f00000|100%| O|  |TAMS 0x0000000641e00000, 0x0000000641e00000| Untracked 
|  31|0x0000000641f00000, 0x0000000642000000, 0x0000000642000000|100%| O|  |TAMS 0x0000000641f00000, 0x0000000641f00000| Untracked 
|  32|0x0000000642000000, 0x0000000642100000, 0x0000000642100000|100%| O|  |TAMS 0x0000000642000000, 0x0000000642000000| Untracked 
|  33|0x0000000642100000, 0x0000000642200000, 0x0000000642200000|100%| O|  |TAMS 0x0000000642100000, 0x0000000642100000| Untracked 
|  34|0x0000000642200000, 0x0000000642300000, 0x0000000642300000|100%| O|  |TAMS 0x0000000642200000, 0x0000000642200000| Untracked 
|  35|0x0000000642300000, 0x0000000642400000, 0x0000000642400000|100%| O|  |TAMS 0x0000000642300000, 0x0000000642300000| Untracked 
|  36|0x0000000642400000, 0x0000000642500000, 0x0000000642500000|100%| O|  |TAMS 0x0000000642400000, 0x0000000642400000| Untracked 
|  37|0x0000000642500000, 0x0000000642600000, 0x0000000642600000|100%| O|  |TAMS 0x0000000642500000, 0x0000000642500000| Untracked 
|  38|0x0000000642600000, 0x0000000642700000, 0x0000000642700000|100%| O|  |TAMS 0x0000000642600000, 0x0000000642600000| Untracked 
|  39|0x0000000642700000, 0x0000000642800000, 0x0000000642800000|100%| O|  |TAMS 0x0000000642700000, 0x0000000642700000| Untracked 
|  40|0x0000000642800000, 0x0000000642900000, 0x0000000642900000|100%| O|  |TAMS 0x0000000642800000, 0x0000000642800000| Untracked 
|  41|0x0000000642900000, 0x0000000642a00000, 0x0000000642a00000|100%| O|  |TAMS 0x0000000642900000, 0x0000000642900000| Untracked 
|  42|0x0000000642a00000, 0x0000000642b00000, 0x0000000642b00000|100%| O|  |TAMS 0x0000000642a00000, 0x0000000642a00000| Untracked 
|  43|0x0000000642b00000, 0x0000000642c00000, 0x0000000642c00000|100%| O|  |TAMS 0x0000000642b00000, 0x0000000642b00000| Untracked 
|  44|0x0000000642c00000, 0x0000000642d00000, 0x0000000642d00000|100%| O|  |TAMS 0x0000000642c00000, 0x0000000642c00000| Untracked 
|  45|0x0000000642d00000, 0x0000000642e00000, 0x0000000642e00000|100%| O|  |TAMS 0x0000000642d00000, 0x0000000642d00000| Untracked 
|  46|0x0000000642e00000, 0x0000000642f00000, 0x0000000642f00000|100%| O|  |TAMS 0x0000000642e00000, 0x0000000642e00000| Untracked 
|  47|0x0000000642f00000, 0x0000000643000000, 0x0000000643000000|100%| O|  |TAMS 0x0000000642f00000, 0x0000000642f00000| Untracked 
|  48|0x0000000643000000, 0x0000000643100000, 0x0000000643100000|100%| O|  |TAMS 0x0000000643000000, 0x0000000643000000| Untracked 
|  49|0x0000000643100000, 0x0000000643200000, 0x0000000643200000|100%| O|  |TAMS 0x0000000643100000, 0x0000000643100000| Untracked 
|  50|0x0000000643200000, 0x0000000643300000, 0x0000000643300000|100%| O|  |TAMS 0x0000000643200000, 0x0000000643200000| Untracked 
|  51|0x0000000643300000, 0x0000000643400000, 0x0000000643400000|100%| O|  |TAMS 0x0000000643300000, 0x0000000643300000| Untracked 
|  52|0x0000000643400000, 0x0000000643500000, 0x0000000643500000|100%| O|  |TAMS 0x0000000643400000, 0x0000000643400000| Untracked 
|  53|0x0000000643500000, 0x0000000643600000, 0x0000000643600000|100%| O|  |TAMS 0x0000000643500000, 0x0000000643500000| Untracked 
|  54|0x0000000643600000, 0x0000000643700000, 0x0000000643700000|100%| O|  |TAMS 0x0000000643600000, 0x0000000643600000| Untracked 
|  55|0x0000000643700000, 0x0000000643800000, 0x0000000643800000|100%| O|  |TAMS 0x0000000643700000, 0x0000000643700000| Untracked 
|  56|0x0000000643800000, 0x0000000643900000, 0x0000000643900000|100%| O|  |TAMS 0x0000000643800000, 0x0000000643800000| Untracked 
|  57|0x0000000643900000, 0x0000000643a00000, 0x0000000643a00000|100%| O|  |TAMS 0x0000000643900000, 0x0000000643900000| Untracked 
|  58|0x0000000643a00000, 0x0000000643b00000, 0x0000000643b00000|100%| O|  |TAMS 0x0000000643a00000, 0x0000000643a00000| Untracked 
|  59|0x0000000643b00000, 0x0000000643c00000, 0x0000000643c00000|100%| O|  |TAMS 0x0000000643b00000, 0x0000000643b00000| Untracked 
|  60|0x0000000643c00000, 0x0000000643d00000, 0x0000000643d00000|100%| O|  |TAMS 0x0000000643c00000, 0x0000000643c00000| Untracked 
|  61|0x0000000643d00000, 0x0000000643e00000, 0x0000000643e00000|100%| O|  |TAMS 0x0000000643d00000, 0x0000000643d00000| Untracked 
|  62|0x0000000643e00000, 0x0000000643f00000, 0x0000000643f00000|100%| O|  |TAMS 0x0000000643e00000, 0x0000000643e00000| Untracked 
|  63|0x0000000643f00000, 0x0000000644000000, 0x0000000644000000|100%| O|  |TAMS 0x0000000643f00000, 0x0000000643f00000| Untracked 
|  64|0x0000000644000000, 0x0000000644100000, 0x0000000644100000|100%| O|  |TAMS 0x0000000644000000, 0x0000000644000000| Untracked 
|  65|0x0000000644100000, 0x0000000644200000, 0x0000000644200000|100%| O|  |TAMS 0x0000000644100000, 0x0000000644100000| Untracked 
|  66|0x0000000644200000, 0x0000000644300000, 0x0000000644300000|100%| O|  |TAMS 0x0000000644200000, 0x0000000644200000| Untracked 
|  67|0x0000000644300000, 0x0000000644300000, 0x0000000644400000|  0%| F|  |TAMS 0x0000000644300000, 0x0000000644300000| Untracked 
|  68|0x0000000644400000, 0x0000000644400000, 0x0000000644500000|  0%| F|  |TAMS 0x0000000644400000, 0x0000000644400000| Untracked 
|  69|0x0000000644500000, 0x0000000644500000, 0x0000000644600000|  0%| F|  |TAMS 0x0000000644500000, 0x0000000644500000| Untracked 
|  70|0x0000000644600000, 0x0000000644600000, 0x0000000644700000|  0%| F|  |TAMS 0x0000000644600000, 0x0000000644600000| Untracked 
|  71|0x0000000644700000, 0x0000000644700000, 0x0000000644800000|  0%| F|  |TAMS 0x0000000644700000, 0x0000000644700000| Untracked 
|  72|0x0000000644800000, 0x0000000644800000, 0x0000000644900000|  0%| F|  |TAMS 0x0000000644800000, 0x0000000644800000| Untracked 
|  73|0x0000000644900000, 0x0000000644900000, 0x0000000644a00000|  0%| F|  |TAMS 0x0000000644900000, 0x0000000644900000| Untracked 
|  74|0x0000000644a00000, 0x0000000644a00000, 0x0000000644b00000|  0%| F|  |TAMS 0x0000000644a00000, 0x0000000644a00000| Untracked 
|  75|0x0000000644b00000, 0x0000000644b00000, 0x0000000644c00000|  0%| F|  |TAMS 0x0000000644b00000, 0x0000000644b00000| Untracked 
|  76|0x0000000644c00000, 0x0000000644c00000, 0x0000000644d00000|  0%| F|  |TAMS 0x0000000644c00000, 0x0000000644c00000| Untracked 
|  77|0x0000000644d00000, 0x0000000644d00000, 0x0000000644e00000|  0%| F|  |TAMS 0x0000000644d00000, 0x0000000644d00000| Untracked 
|  78|0x0000000644e00000, 0x0000000644e00000, 0x0000000644f00000|  0%| F|  |TAMS 0x0000000644e00000, 0x0000000644e00000| Untracked 
|  79|0x0000000644f00000, 0x0000000644f00000, 0x0000000645000000|  0%| F|  |TAMS 0x0000000644f00000, 0x0000000644f00000| Untracked 
|  80|0x0000000645000000, 0x0000000645000000, 0x0000000645100000|  0%| F|  |TAMS 0x0000000645000000, 0x0000000645000000| Untracked 
|  81|0x0000000645100000, 0x0000000645100000, 0x0000000645200000|  0%| F|  |TAMS 0x0000000645100000, 0x0000000645100000| Untracked 
|  82|0x0000000645200000, 0x0000000645200000, 0x0000000645300000|  0%| F|  |TAMS 0x0000000645200000, 0x0000000645200000| Untracked 
|  83|0x0000000645300000, 0x0000000645300000, 0x0000000645400000|  0%| F|  |TAMS 0x0000000645300000, 0x0000000645300000| Untracked 
|  84|0x0000000645400000, 0x0000000645400000, 0x0000000645500000|  0%| F|  |TAMS 0x0000000645400000, 0x0000000645400000| Untracked 
|  85|0x0000000645500000, 0x0000000645500000, 0x0000000645600000|  0%| F|  |TAMS 0x0000000645500000, 0x0000000645500000| Untracked 
|  86|0x0000000645600000, 0x0000000645600000, 0x0000000645700000|  0%| F|  |TAMS 0x0000000645600000, 0x0000000645600000| Untracked 
|  87|0x0000000645700000, 0x0000000645700000, 0x0000000645800000|  0%| F|  |TAMS 0x0000000645700000, 0x0000000645700000| Untracked 
|  88|0x0000000645800000, 0x0000000645800000, 0x0000000645900000|  0%| F|  |TAMS 0x0000000645800000, 0x0000000645800000| Untracked 
|  89|0x0000000645900000, 0x0000000645900000, 0x0000000645a00000|  0%| F|  |TAMS 0x0000000645900000, 0x0000000645900000| Untracked 
|  90|0x0000000645a00000, 0x0000000645a00000, 0x0000000645b00000|  0%| F|  |TAMS 0x0000000645a00000, 0x0000000645a00000| Untracked 
|  91|0x0000000645b00000, 0x0000000645b00000, 0x0000000645c00000|  0%| F|  |TAMS 0x0000000645b00000, 0x0000000645b00000| Untracked 
|  92|0x0000000645c00000, 0x0000000645c00000, 0x0000000645d00000|  0%| F|  |TAMS 0x0000000645c00000, 0x0000000645c00000| Untracked 
|  93|0x0000000645d00000, 0x0000000645d00000, 0x0000000645e00000|  0%| F|  |TAMS 0x0000000645d00000, 0x0000000645d00000| Untracked 
|  94|0x0000000645e00000, 0x0000000645e00000, 0x0000000645f00000|  0%| F|  |TAMS 0x0000000645e00000, 0x0000000645e00000| Untracked 
|  95|0x0000000645f00000, 0x0000000645f00000, 0x0000000646000000|  0%| F|  |TAMS 0x0000000645f00000, 0x0000000645f00000| Untracked 
|  96|0x0000000646000000, 0x0000000646000000, 0x0000000646100000|  0%| F|  |TAMS 0x0000000646000000, 0x0000000646000000| Untracked 
|  97|0x0000000646100000, 0x0000000646100000, 0x0000000646200000|  0%| F|  |TAMS 0x0000000646100000, 0x0000000646100000| Untracked 
|  98|0x0000000646200000, 0x0000000646200000, 0x0000000646300000|  0%| F|  |TAMS 0x0000000646200000, 0x0000000646200000| Untracked 
|  99|0x0000000646300000, 0x0000000646300000, 0x0000000646400000|  0%| F|  |TAMS 0x0000000646300000, 0x0000000646300000| Untracked 
| 100|0x0000000646400000, 0x0000000646400000, 0x0000000646500000|  0%| F|  |TAMS 0x0000000646400000, 0x0000000646400000| Untracked 
| 101|0x0000000646500000, 0x0000000646500000, 0x0000000646600000|  0%| F|  |TAMS 0x0000000646500000, 0x0000000646500000| Untracked 
| 102|0x0000000646600000, 0x0000000646600000, 0x0000000646700000|  0%| F|  |TAMS 0x0000000646600000, 0x0000000646600000| Untracked 
| 103|0x0000000646700000, 0x0000000646700000, 0x0000000646800000|  0%| F|  |TAMS 0x0000000646700000, 0x0000000646700000| Untracked 
| 104|0x0000000646800000, 0x0000000646800000, 0x0000000646900000|  0%| F|  |TAMS 0x0000000646800000, 0x0000000646800000| Untracked 
| 105|0x0000000646900000, 0x0000000646900000, 0x0000000646a00000|  0%| F|  |TAMS 0x0000000646900000, 0x0000000646900000| Untracked 
| 106|0x0000000646a00000, 0x0000000646a00000, 0x0000000646b00000|  0%| F|  |TAMS 0x0000000646a00000, 0x0000000646a00000| Untracked 
| 107|0x0000000646b00000, 0x0000000646b00000, 0x0000000646c00000|  0%| F|  |TAMS 0x0000000646b00000, 0x0000000646b00000| Untracked 
| 108|0x0000000646c00000, 0x0000000646c00000, 0x0000000646d00000|  0%| F|  |TAMS 0x0000000646c00000, 0x0000000646c00000| Untracked 
| 109|0x0000000646d00000, 0x0000000646d00000, 0x0000000646e00000|  0%| F|  |TAMS 0x0000000646d00000, 0x0000000646d00000| Untracked 
| 110|0x0000000646e00000, 0x0000000646e00000, 0x0000000646f00000|  0%| F|  |TAMS 0x0000000646e00000, 0x0000000646e00000| Untracked 
| 111|0x0000000646f00000, 0x0000000646f00000, 0x0000000647000000|  0%| F|  |TAMS 0x0000000646f00000, 0x0000000646f00000| Untracked 
| 112|0x0000000647000000, 0x0000000647000000, 0x0000000647100000|  0%| F|  |TAMS 0x0000000647000000, 0x0000000647000000| Untracked 
| 113|0x0000000647100000, 0x0000000647100000, 0x0000000647200000|  0%| F|  |TAMS 0x0000000647100000, 0x0000000647100000| Untracked 
| 114|0x0000000647200000, 0x0000000647200000, 0x0000000647300000|  0%| F|  |TAMS 0x0000000647200000, 0x0000000647200000| Untracked 
| 115|0x0000000647300000, 0x0000000647300000, 0x0000000647400000|  0%| F|  |TAMS 0x0000000647300000, 0x0000000647300000| Untracked 
| 116|0x0000000647400000, 0x0000000647400000, 0x0000000647500000|  0%| F|  |TAMS 0x0000000647400000, 0x0000000647400000| Untracked 
| 117|0x0000000647500000, 0x0000000647500000, 0x0000000647600000|  0%| F|  |TAMS 0x0000000647500000, 0x0000000647500000| Untracked 
| 118|0x0000000647600000, 0x0000000647600000, 0x0000000647700000|  0%| F|  |TAMS 0x0000000647600000, 0x0000000647600000| Untracked 
| 119|0x0000000647700000, 0x0000000647700000, 0x0000000647800000|  0%| F|  |TAMS 0x0000000647700000, 0x0000000647700000| Untracked 
| 120|0x0000000647800000, 0x0000000647800000, 0x0000000647900000|  0%| F|  |TAMS 0x0000000647800000, 0x0000000647800000| Untracked 
| 121|0x0000000647900000, 0x0000000647900000, 0x0000000647a00000|  0%| F|  |TAMS 0x0000000647900000, 0x0000000647900000| Untracked 
| 122|0x0000000647a00000, 0x0000000647a00000, 0x0000000647b00000|  0%| F|  |TAMS 0x0000000647a00000, 0x0000000647a00000| Untracked 
| 123|0x0000000647b00000, 0x0000000647b00000, 0x0000000647c00000|  0%| F|  |TAMS 0x0000000647b00000, 0x0000000647b00000| Untracked 
| 124|0x0000000647c00000, 0x0000000647c00000, 0x0000000647d00000|  0%| F|  |TAMS 0x0000000647c00000, 0x0000000647c00000| Untracked 
| 125|0x0000000647d00000, 0x0000000647d00000, 0x0000000647e00000|  0%| F|  |TAMS 0x0000000647d00000, 0x0000000647d00000| Untracked 
| 126|0x0000000647e00000, 0x0000000647e00000, 0x0000000647f00000|  0%| F|  |TAMS 0x0000000647e00000, 0x0000000647e00000| Untracked 
| 127|0x0000000647f00000, 0x0000000647f00000, 0x0000000648000000|  0%| F|  |TAMS 0x0000000647f00000, 0x0000000647f00000| Untracked 
| 128|0x0000000648000000, 0x0000000648000000, 0x0000000648100000|  0%| F|  |TAMS 0x0000000648000000, 0x0000000648000000| Untracked 
| 129|0x0000000648100000, 0x0000000648100000, 0x0000000648200000|  0%| F|  |TAMS 0x0000000648100000, 0x0000000648100000| Untracked 
| 130|0x0000000648200000, 0x0000000648200000, 0x0000000648300000|  0%| F|  |TAMS 0x0000000648200000, 0x0000000648200000| Untracked 
| 131|0x0000000648300000, 0x0000000648300000, 0x0000000648400000|  0%| F|  |TAMS 0x0000000648300000, 0x0000000648300000| Untracked 
| 132|0x0000000648400000, 0x0000000648400000, 0x0000000648500000|  0%| F|  |TAMS 0x0000000648400000, 0x0000000648400000| Untracked 
| 133|0x0000000648500000, 0x0000000648500000, 0x0000000648600000|  0%| F|  |TAMS 0x0000000648500000, 0x0000000648500000| Untracked 
| 134|0x0000000648600000, 0x0000000648600000, 0x0000000648700000|  0%| F|  |TAMS 0x0000000648600000, 0x0000000648600000| Untracked 
| 135|0x0000000648700000, 0x0000000648700000, 0x0000000648800000|  0%| F|  |TAMS 0x0000000648700000, 0x0000000648700000| Untracked 
| 136|0x0000000648800000, 0x0000000648800000, 0x0000000648900000|  0%| F|  |TAMS 0x0000000648800000, 0x0000000648800000| Untracked 
| 137|0x0000000648900000, 0x0000000648900000, 0x0000000648a00000|  0%| F|  |TAMS 0x0000000648900000, 0x0000000648900000| Untracked 
| 138|0x0000000648a00000, 0x0000000648a00000, 0x0000000648b00000|  0%| F|  |TAMS 0x0000000648a00000, 0x0000000648a00000| Untracked 
| 139|0x0000000648b00000, 0x0000000648b00000, 0x0000000648c00000|  0%| F|  |TAMS 0x0000000648b00000, 0x0000000648b00000| Untracked 
| 140|0x0000000648c00000, 0x0000000648c00000, 0x0000000648d00000|  0%| F|  |TAMS 0x0000000648c00000, 0x0000000648c00000| Untracked 
| 141|0x0000000648d00000, 0x0000000648d00000, 0x0000000648e00000|  0%| F|  |TAMS 0x0000000648d00000, 0x0000000648d00000| Untracked 
| 142|0x0000000648e00000, 0x0000000648e00000, 0x0000000648f00000|  0%| F|  |TAMS 0x0000000648e00000, 0x0000000648e00000| Untracked 
| 143|0x0000000648f00000, 0x0000000648f00000, 0x0000000649000000|  0%| F|  |TAMS 0x0000000648f00000, 0x0000000648f00000| Untracked 
| 144|0x0000000649000000, 0x0000000649000000, 0x0000000649100000|  0%| F|  |TAMS 0x0000000649000000, 0x0000000649000000| Untracked 
| 145|0x0000000649100000, 0x0000000649100000, 0x0000000649200000|  0%| F|  |TAMS 0x0000000649100000, 0x0000000649100000| Untracked 
| 146|0x0000000649200000, 0x0000000649200000, 0x0000000649300000|  0%| F|  |TAMS 0x0000000649200000, 0x0000000649200000| Untracked 
| 147|0x0000000649300000, 0x0000000649300000, 0x0000000649400000|  0%| F|  |TAMS 0x0000000649300000, 0x0000000649300000| Untracked 
| 148|0x0000000649400000, 0x0000000649400000, 0x0000000649500000|  0%| F|  |TAMS 0x0000000649400000, 0x0000000649400000| Untracked 
| 149|0x0000000649500000, 0x0000000649500000, 0x0000000649600000|  0%| F|  |TAMS 0x0000000649500000, 0x0000000649500000| Untracked 
| 150|0x0000000649600000, 0x0000000649600000, 0x0000000649700000|  0%| F|  |TAMS 0x0000000649600000, 0x0000000649600000| Untracked 
| 151|0x0000000649700000, 0x0000000649700000, 0x0000000649800000|  0%| F|  |TAMS 0x0000000649700000, 0x0000000649700000| Untracked 
| 152|0x0000000649800000, 0x0000000649800000, 0x0000000649900000|  0%| F|  |TAMS 0x0000000649800000, 0x0000000649800000| Untracked 
| 153|0x0000000649900000, 0x0000000649900000, 0x0000000649a00000|  0%| F|  |TAMS 0x0000000649900000, 0x0000000649900000| Untracked 
| 154|0x0000000649a00000, 0x0000000649a00000, 0x0000000649b00000|  0%| F|  |TAMS 0x0000000649a00000, 0x0000000649a00000| Untracked 
| 155|0x0000000649b00000, 0x0000000649b00000, 0x0000000649c00000|  0%| F|  |TAMS 0x0000000649b00000, 0x0000000649b00000| Untracked 
| 156|0x0000000649c00000, 0x0000000649c00000, 0x0000000649d00000|  0%| F|  |TAMS 0x0000000649c00000, 0x0000000649c00000| Untracked 
| 157|0x0000000649d00000, 0x0000000649d00000, 0x0000000649e00000|  0%| F|  |TAMS 0x0000000649d00000, 0x0000000649d00000| Untracked 
| 158|0x0000000649e00000, 0x0000000649e00000, 0x0000000649f00000|  0%| F|  |TAMS 0x0000000649e00000, 0x0000000649e00000| Untracked 
| 159|0x0000000649f00000, 0x0000000649f00000, 0x000000064a000000|  0%| F|  |TAMS 0x0000000649f00000, 0x0000000649f00000| Untracked 
| 160|0x000000064a000000, 0x000000064a000000, 0x000000064a100000|  0%| F|  |TAMS 0x000000064a000000, 0x000000064a000000| Untracked 
| 161|0x000000064a100000, 0x000000064a100000, 0x000000064a200000|  0%| F|  |TAMS 0x000000064a100000, 0x000000064a100000| Untracked 
| 162|0x000000064a200000, 0x000000064a200000, 0x000000064a300000|  0%| F|  |TAMS 0x000000064a200000, 0x000000064a200000| Untracked 
| 163|0x000000064a300000, 0x000000064a300000, 0x000000064a400000|  0%| F|  |TAMS 0x000000064a300000, 0x000000064a300000| Untracked 
| 164|0x000000064a400000, 0x000000064a400000, 0x000000064a500000|  0%| F|  |TAMS 0x000000064a400000, 0x000000064a400000| Untracked 
| 165|0x000000064a500000, 0x000000064a500000, 0x000000064a600000|  0%| F|  |TAMS 0x000000064a500000, 0x000000064a500000| Untracked 
| 166|0x000000064a600000, 0x000000064a600000, 0x000000064a700000|  0%| F|  |TAMS 0x000000064a600000, 0x000000064a600000| Untracked 
| 167|0x000000064a700000, 0x000000064a700000, 0x000000064a800000|  0%| F|  |TAMS 0x000000064a700000, 0x000000064a700000| Untracked 
| 168|0x000000064a800000, 0x000000064a800000, 0x000000064a900000|  0%| F|  |TAMS 0x000000064a800000, 0x000000064a800000| Untracked 
| 169|0x000000064a900000, 0x000000064a900000, 0x000000064aa00000|  0%| F|  |TAMS 0x000000064a900000, 0x000000064a900000| Untracked 
| 170|0x000000064aa00000, 0x000000064aa00000, 0x000000064ab00000|  0%| F|  |TAMS 0x000000064aa00000, 0x000000064aa00000| Untracked 
| 171|0x000000064ab00000, 0x000000064ab00000, 0x000000064ac00000|  0%| F|  |TAMS 0x000000064ab00000, 0x000000064ab00000| Untracked 
| 172|0x000000064ac00000, 0x000000064ac00000, 0x000000064ad00000|  0%| F|  |TAMS 0x000000064ac00000, 0x000000064ac00000| Untracked 
| 173|0x000000064ad00000, 0x000000064ad00000, 0x000000064ae00000|  0%| F|  |TAMS 0x000000064ad00000, 0x000000064ad00000| Untracked 
| 174|0x000000064ae00000, 0x000000064ae00000, 0x000000064af00000|  0%| F|  |TAMS 0x000000064ae00000, 0x000000064ae00000| Untracked 
| 175|0x000000064af00000, 0x000000064af00000, 0x000000064b000000|  0%| F|  |TAMS 0x000000064af00000, 0x000000064af00000| Untracked 
| 176|0x000000064b000000, 0x000000064b000000, 0x000000064b100000|  0%| F|  |TAMS 0x000000064b000000, 0x000000064b000000| Untracked 
| 177|0x000000064b100000, 0x000000064b100000, 0x000000064b200000|  0%| F|  |TAMS 0x000000064b100000, 0x000000064b100000| Untracked 
| 178|0x000000064b200000, 0x000000064b200000, 0x000000064b300000|  0%| F|  |TAMS 0x000000064b200000, 0x000000064b200000| Untracked 
| 179|0x000000064b300000, 0x000000064b300000, 0x000000064b400000|  0%| F|  |TAMS 0x000000064b300000, 0x000000064b300000| Untracked 
| 180|0x000000064b400000, 0x000000064b400000, 0x000000064b500000|  0%| F|  |TAMS 0x000000064b400000, 0x000000064b400000| Untracked 
| 181|0x000000064b500000, 0x000000064b500000, 0x000000064b600000|  0%| F|  |TAMS 0x000000064b500000, 0x000000064b500000| Untracked 
| 182|0x000000064b600000, 0x000000064b600000, 0x000000064b700000|  0%| F|  |TAMS 0x000000064b600000, 0x000000064b600000| Untracked 
| 183|0x000000064b700000, 0x000000064b700000, 0x000000064b800000|  0%| F|  |TAMS 0x000000064b700000, 0x000000064b700000| Untracked 
| 184|0x000000064b800000, 0x000000064b800000, 0x000000064b900000|  0%| F|  |TAMS 0x000000064b800000, 0x000000064b800000| Untracked 
| 185|0x000000064b900000, 0x000000064b900000, 0x000000064ba00000|  0%| F|  |TAMS 0x000000064b900000, 0x000000064b900000| Untracked 
| 186|0x000000064ba00000, 0x000000064ba00000, 0x000000064bb00000|  0%| F|  |TAMS 0x000000064ba00000, 0x000000064ba00000| Untracked 
| 187|0x000000064bb00000, 0x000000064bb00000, 0x000000064bc00000|  0%| F|  |TAMS 0x000000064bb00000, 0x000000064bb00000| Untracked 
| 188|0x000000064bc00000, 0x000000064bc00000, 0x000000064bd00000|  0%| F|  |TAMS 0x000000064bc00000, 0x000000064bc00000| Untracked 
| 189|0x000000064bd00000, 0x000000064bd00000, 0x000000064be00000|  0%| F|  |TAMS 0x000000064bd00000, 0x000000064bd00000| Untracked 
| 190|0x000000064be00000, 0x000000064be00000, 0x000000064bf00000|  0%| F|  |TAMS 0x000000064be00000, 0x000000064be00000| Untracked 
| 191|0x000000064bf00000, 0x000000064bf00000, 0x000000064c000000|  0%| F|  |TAMS 0x000000064bf00000, 0x000000064bf00000| Untracked 
| 192|0x000000064c000000, 0x000000064c000000, 0x000000064c100000|  0%| F|  |TAMS 0x000000064c000000, 0x000000064c000000| Untracked 
| 193|0x000000064c100000, 0x000000064c100000, 0x000000064c200000|  0%| F|  |TAMS 0x000000064c100000, 0x000000064c100000| Untracked 
| 194|0x000000064c200000, 0x000000064c200000, 0x000000064c300000|  0%| F|  |TAMS 0x000000064c200000, 0x000000064c200000| Untracked 
| 195|0x000000064c300000, 0x000000064c300000, 0x000000064c400000|  0%| F|  |TAMS 0x000000064c300000, 0x000000064c300000| Untracked 
| 196|0x000000064c400000, 0x000000064c400000, 0x000000064c500000|  0%| F|  |TAMS 0x000000064c400000, 0x000000064c400000| Untracked 
| 197|0x000000064c500000, 0x000000064c500000, 0x000000064c600000|  0%| F|  |TAMS 0x000000064c500000, 0x000000064c500000| Untracked 
| 198|0x000000064c600000, 0x000000064c600000, 0x000000064c700000|  0%| F|  |TAMS 0x000000064c600000, 0x000000064c600000| Untracked 
| 199|0x000000064c700000, 0x000000064c700000, 0x000000064c800000|  0%| F|  |TAMS 0x000000064c700000, 0x000000064c700000| Untracked 
| 200|0x000000064c800000, 0x000000064c800000, 0x000000064c900000|  0%| F|  |TAMS 0x000000064c800000, 0x000000064c800000| Untracked 
| 201|0x000000064c900000, 0x000000064c900000, 0x000000064ca00000|  0%| F|  |TAMS 0x000000064c900000, 0x000000064c900000| Untracked 
| 202|0x000000064ca00000, 0x000000064ca00000, 0x000000064cb00000|  0%| F|  |TAMS 0x000000064ca00000, 0x000000064ca00000| Untracked 
| 203|0x000000064cb00000, 0x000000064cb00000, 0x000000064cc00000|  0%| F|  |TAMS 0x000000064cb00000, 0x000000064cb00000| Untracked 
| 204|0x000000064cc00000, 0x000000064cc00000, 0x000000064cd00000|  0%| F|  |TAMS 0x000000064cc00000, 0x000000064cc00000| Untracked 
| 205|0x000000064cd00000, 0x000000064cd00000, 0x000000064ce00000|  0%| F|  |TAMS 0x000000064cd00000, 0x000000064cd00000| Untracked 
| 206|0x000000064ce00000, 0x000000064ce00000, 0x000000064cf00000|  0%| F|  |TAMS 0x000000064ce00000, 0x000000064ce00000| Untracked 
| 207|0x000000064cf00000, 0x000000064cf00000, 0x000000064d000000|  0%| F|  |TAMS 0x000000064cf00000, 0x000000064cf00000| Untracked 
| 208|0x000000064d000000, 0x000000064d000000, 0x000000064d100000|  0%| F|  |TAMS 0x000000064d000000, 0x000000064d000000| Untracked 
| 209|0x000000064d100000, 0x000000064d100000, 0x000000064d200000|  0%| F|  |TAMS 0x000000064d100000, 0x000000064d100000| Untracked 
| 210|0x000000064d200000, 0x000000064d200000, 0x000000064d300000|  0%| F|  |TAMS 0x000000064d200000, 0x000000064d200000| Untracked 
| 211|0x000000064d300000, 0x000000064d300000, 0x000000064d400000|  0%| F|  |TAMS 0x000000064d300000, 0x000000064d300000| Untracked 
| 212|0x000000064d400000, 0x000000064d400000, 0x000000064d500000|  0%| F|  |TAMS 0x000000064d400000, 0x000000064d400000| Untracked 
| 213|0x000000064d500000, 0x000000064d500000, 0x000000064d600000|  0%| F|  |TAMS 0x000000064d500000, 0x000000064d500000| Untracked 
| 214|0x000000064d600000, 0x000000064d600000, 0x000000064d700000|  0%| F|  |TAMS 0x000000064d600000, 0x000000064d600000| Untracked 
| 215|0x000000064d700000, 0x000000064d700000, 0x000000064d800000|  0%| F|  |TAMS 0x000000064d700000, 0x000000064d700000| Untracked 
| 216|0x000000064d800000, 0x000000064d800000, 0x000000064d900000|  0%| F|  |TAMS 0x000000064d800000, 0x000000064d800000| Untracked 
| 217|0x000000064d900000, 0x000000064d900000, 0x000000064da00000|  0%| F|  |TAMS 0x000000064d900000, 0x000000064d900000| Untracked 
| 218|0x000000064da00000, 0x000000064da00000, 0x000000064db00000|  0%| F|  |TAMS 0x000000064da00000, 0x000000064da00000| Untracked 
| 219|0x000000064db00000, 0x000000064db00000, 0x000000064dc00000|  0%| F|  |TAMS 0x000000064db00000, 0x000000064db00000| Untracked 
| 220|0x000000064dc00000, 0x000000064dc00000, 0x000000064dd00000|  0%| F|  |TAMS 0x000000064dc00000, 0x000000064dc00000| Untracked 
| 221|0x000000064dd00000, 0x000000064dd00000, 0x000000064de00000|  0%| F|  |TAMS 0x000000064dd00000, 0x000000064dd00000| Untracked 
| 222|0x000000064de00000, 0x000000064de00000, 0x000000064df00000|  0%| F|  |TAMS 0x000000064de00000, 0x000000064de00000| Untracked 
| 223|0x000000064df00000, 0x000000064df00000, 0x000000064e000000|  0%| F|  |TAMS 0x000000064df00000, 0x000000064df00000| Untracked 
| 224|0x000000064e000000, 0x000000064e000000, 0x000000064e100000|  0%| F|  |TAMS 0x000000064e000000, 0x000000064e000000| Untracked 
| 225|0x000000064e100000, 0x000000064e100000, 0x000000064e200000|  0%| F|  |TAMS 0x000000064e100000, 0x000000064e100000| Untracked 
| 226|0x000000064e200000, 0x000000064e200000, 0x000000064e300000|  0%| F|  |TAMS 0x000000064e200000, 0x000000064e200000| Untracked 
| 227|0x000000064e300000, 0x000000064e300000, 0x000000064e400000|  0%| F|  |TAMS 0x000000064e300000, 0x000000064e300000| Untracked 
| 228|0x000000064e400000, 0x000000064e400000, 0x000000064e500000|  0%| F|  |TAMS 0x000000064e400000, 0x000000064e400000| Untracked 
| 229|0x000000064e500000, 0x000000064e500000, 0x000000064e600000|  0%| F|  |TAMS 0x000000064e500000, 0x000000064e500000| Untracked 
| 230|0x000000064e600000, 0x000000064e600000, 0x000000064e700000|  0%| F|  |TAMS 0x000000064e600000, 0x000000064e600000| Untracked 
| 231|0x000000064e700000, 0x000000064e700000, 0x000000064e800000|  0%| F|  |TAMS 0x000000064e700000, 0x000000064e700000| Untracked 
| 232|0x000000064e800000, 0x000000064e800000, 0x000000064e900000|  0%| F|  |TAMS 0x000000064e800000, 0x000000064e800000| Untracked 
| 233|0x000000064e900000, 0x000000064e900000, 0x000000064ea00000|  0%| F|  |TAMS 0x000000064e900000, 0x000000064e900000| Untracked 
| 234|0x000000064ea00000, 0x000000064ea00000, 0x000000064eb00000|  0%| F|  |TAMS 0x000000064ea00000, 0x000000064ea00000| Untracked 
| 235|0x000000064eb00000, 0x000000064eb00000, 0x000000064ec00000|  0%| F|  |TAMS 0x000000064eb00000, 0x000000064eb00000| Untracked 
| 236|0x000000064ec00000, 0x000000064ec00000, 0x000000064ed00000|  0%| F|  |TAMS 0x000000064ec00000, 0x000000064ec00000| Untracked 
| 237|0x000000064ed00000, 0x000000064ed00000, 0x000000064ee00000|  0%| F|  |TAMS 0x000000064ed00000, 0x000000064ed00000| Untracked 
| 238|0x000000064ee00000, 0x000000064ee00000, 0x000000064ef00000|  0%| F|  |TAMS 0x000000064ee00000, 0x000000064ee00000| Untracked 
| 239|0x000000064ef00000, 0x000000064ef00000, 0x000000064f000000|  0%| F|  |TAMS 0x000000064ef00000, 0x000000064ef00000| Untracked 
| 240|0x000000064f000000, 0x000000064f000000, 0x000000064f100000|  0%| F|  |TAMS 0x000000064f000000, 0x000000064f000000| Untracked 
| 241|0x000000064f100000, 0x000000064f100000, 0x000000064f200000|  0%| F|  |TAMS 0x000000064f100000, 0x000000064f100000| Untracked 
| 242|0x000000064f200000, 0x000000064f200000, 0x000000064f300000|  0%| F|  |TAMS 0x000000064f200000, 0x000000064f200000| Untracked 
| 243|0x000000064f300000, 0x000000064f300000, 0x000000064f400000|  0%| F|  |TAMS 0x000000064f300000, 0x000000064f300000| Untracked 
| 244|0x000000064f400000, 0x000000064f400000, 0x000000064f500000|  0%| F|  |TAMS 0x000000064f400000, 0x000000064f400000| Untracked 
| 245|0x000000064f500000, 0x000000064f500000, 0x000000064f600000|  0%| F|  |TAMS 0x000000064f500000, 0x000000064f500000| Untracked 
| 246|0x000000064f600000, 0x000000064f600000, 0x000000064f700000|  0%| F|  |TAMS 0x000000064f600000, 0x000000064f600000| Untracked 
| 247|0x000000064f700000, 0x000000064f700000, 0x000000064f800000|  0%| F|  |TAMS 0x000000064f700000, 0x000000064f700000| Untracked 
| 248|0x000000064f800000, 0x000000064f800000, 0x000000064f900000|  0%| F|  |TAMS 0x000000064f800000, 0x000000064f800000| Untracked 
| 249|0x000000064f900000, 0x000000064f900000, 0x000000064fa00000|  0%| F|  |TAMS 0x000000064f900000, 0x000000064f900000| Untracked 
| 250|0x000000064fa00000, 0x000000064fa00000, 0x000000064fb00000|  0%| F|  |TAMS 0x000000064fa00000, 0x000000064fa00000| Untracked 
| 251|0x000000064fb00000, 0x000000064fb00000, 0x000000064fc00000|  0%| F|  |TAMS 0x000000064fb00000, 0x000000064fb00000| Untracked 
| 252|0x000000064fc00000, 0x000000064fc00000, 0x000000064fd00000|  0%| F|  |TAMS 0x000000064fc00000, 0x000000064fc00000| Untracked 
| 253|0x000000064fd00000, 0x000000064fd00000, 0x000000064fe00000|  0%| F|  |TAMS 0x000000064fd00000, 0x000000064fd00000| Untracked 
| 254|0x000000064fe00000, 0x000000064fe00000, 0x000000064ff00000|  0%| F|  |TAMS 0x000000064fe00000, 0x000000064fe00000| Untracked 
| 255|0x000000064ff00000, 0x000000064ff00000, 0x0000000650000000|  0%| F|  |TAMS 0x000000064ff00000, 0x000000064ff00000| Untracked 
| 256|0x0000000650000000, 0x0000000650000000, 0x0000000650100000|  0%| F|  |TAMS 0x0000000650000000, 0x0000000650000000| Untracked 
| 257|0x0000000650100000, 0x0000000650100000, 0x0000000650200000|  0%| F|  |TAMS 0x0000000650100000, 0x0000000650100000| Untracked 
| 258|0x0000000650200000, 0x0000000650200000, 0x0000000650300000|  0%| F|  |TAMS 0x0000000650200000, 0x0000000650200000| Untracked 
| 259|0x0000000650300000, 0x0000000650300000, 0x0000000650400000|  0%| F|  |TAMS 0x0000000650300000, 0x0000000650300000| Untracked 
| 260|0x0000000650400000, 0x0000000650400000, 0x0000000650500000|  0%| F|  |TAMS 0x0000000650400000, 0x0000000650400000| Untracked 
| 261|0x0000000650500000, 0x0000000650500000, 0x0000000650600000|  0%| F|  |TAMS 0x0000000650500000, 0x0000000650500000| Untracked 
| 262|0x0000000650600000, 0x0000000650600000, 0x0000000650700000|  0%| F|  |TAMS 0x0000000650600000, 0x0000000650600000| Untracked 
| 263|0x0000000650700000, 0x0000000650700000, 0x0000000650800000|  0%| F|  |TAMS 0x0000000650700000, 0x0000000650700000| Untracked 
| 264|0x0000000650800000, 0x0000000650800000, 0x0000000650900000|  0%| F|  |TAMS 0x0000000650800000, 0x0000000650800000| Untracked 
| 265|0x0000000650900000, 0x0000000650900000, 0x0000000650a00000|  0%| F|  |TAMS 0x0000000650900000, 0x0000000650900000| Untracked 
| 266|0x0000000650a00000, 0x0000000650a00000, 0x0000000650b00000|  0%| F|  |TAMS 0x0000000650a00000, 0x0000000650a00000| Untracked 
| 267|0x0000000650b00000, 0x0000000650b00000, 0x0000000650c00000|  0%| F|  |TAMS 0x0000000650b00000, 0x0000000650b00000| Untracked 
| 268|0x0000000650c00000, 0x0000000650c00000, 0x0000000650d00000|  0%| F|  |TAMS 0x0000000650c00000, 0x0000000650c00000| Untracked 
| 269|0x0000000650d00000, 0x0000000650d00000, 0x0000000650e00000|  0%| F|  |TAMS 0x0000000650d00000, 0x0000000650d00000| Untracked 
| 270|0x0000000650e00000, 0x0000000650e00000, 0x0000000650f00000|  0%| F|  |TAMS 0x0000000650e00000, 0x0000000650e00000| Untracked 
| 271|0x0000000650f00000, 0x0000000650f00000, 0x0000000651000000|  0%| F|  |TAMS 0x0000000650f00000, 0x0000000650f00000| Untracked 
| 272|0x0000000651000000, 0x0000000651000000, 0x0000000651100000|  0%| F|  |TAMS 0x0000000651000000, 0x0000000651000000| Untracked 
| 273|0x0000000651100000, 0x0000000651100000, 0x0000000651200000|  0%| F|  |TAMS 0x0000000651100000, 0x0000000651100000| Untracked 
| 274|0x0000000651200000, 0x0000000651200000, 0x0000000651300000|  0%| F|  |TAMS 0x0000000651200000, 0x0000000651200000| Untracked 
| 275|0x0000000651300000, 0x0000000651300000, 0x0000000651400000|  0%| F|  |TAMS 0x0000000651300000, 0x0000000651300000| Untracked 
| 276|0x0000000651400000, 0x0000000651400000, 0x0000000651500000|  0%| F|  |TAMS 0x0000000651400000, 0x0000000651400000| Untracked 
| 277|0x0000000651500000, 0x0000000651500000, 0x0000000651600000|  0%| F|  |TAMS 0x0000000651500000, 0x0000000651500000| Untracked 
| 278|0x0000000651600000, 0x0000000651600000, 0x0000000651700000|  0%| F|  |TAMS 0x0000000651600000, 0x0000000651600000| Untracked 
| 279|0x0000000651700000, 0x0000000651700000, 0x0000000651800000|  0%| F|  |TAMS 0x0000000651700000, 0x0000000651700000| Untracked 
| 280|0x0000000651800000, 0x0000000651800000, 0x0000000651900000|  0%| F|  |TAMS 0x0000000651800000, 0x0000000651800000| Untracked 
| 281|0x0000000651900000, 0x0000000651900000, 0x0000000651a00000|  0%| F|  |TAMS 0x0000000651900000, 0x0000000651900000| Untracked 
| 282|0x0000000651a00000, 0x0000000651a00000, 0x0000000651b00000|  0%| F|  |TAMS 0x0000000651a00000, 0x0000000651a00000| Untracked 
| 283|0x0000000651b00000, 0x0000000651b00000, 0x0000000651c00000|  0%| F|  |TAMS 0x0000000651b00000, 0x0000000651b00000| Untracked 
| 284|0x0000000651c00000, 0x0000000651c00000, 0x0000000651d00000|  0%| F|  |TAMS 0x0000000651c00000, 0x0000000651c00000| Untracked 
| 285|0x0000000651d00000, 0x0000000651d00000, 0x0000000651e00000|  0%| F|  |TAMS 0x0000000651d00000, 0x0000000651d00000| Untracked 
| 286|0x0000000651e00000, 0x0000000651e00000, 0x0000000651f00000|  0%| F|  |TAMS 0x0000000651e00000, 0x0000000651e00000| Untracked 
| 287|0x0000000651f00000, 0x0000000651f00000, 0x0000000652000000|  0%| F|  |TAMS 0x0000000651f00000, 0x0000000651f00000| Untracked 
| 288|0x0000000652000000, 0x0000000652000000, 0x0000000652100000|  0%| F|  |TAMS 0x0000000652000000, 0x0000000652000000| Untracked 
| 289|0x0000000652100000, 0x0000000652100000, 0x0000000652200000|  0%| F|  |TAMS 0x0000000652100000, 0x0000000652100000| Untracked 
| 290|0x0000000652200000, 0x0000000652200000, 0x0000000652300000|  0%| F|  |TAMS 0x0000000652200000, 0x0000000652200000| Untracked 
| 291|0x0000000652300000, 0x0000000652300000, 0x0000000652400000|  0%| F|  |TAMS 0x0000000652300000, 0x0000000652300000| Untracked 
| 292|0x0000000652400000, 0x0000000652400000, 0x0000000652500000|  0%| F|  |TAMS 0x0000000652400000, 0x0000000652400000| Untracked 
| 293|0x0000000652500000, 0x0000000652500000, 0x0000000652600000|  0%| F|  |TAMS 0x0000000652500000, 0x0000000652500000| Untracked 
| 294|0x0000000652600000, 0x0000000652600000, 0x0000000652700000|  0%| F|  |TAMS 0x0000000652600000, 0x0000000652600000| Untracked 
| 295|0x0000000652700000, 0x0000000652700000, 0x0000000652800000|  0%| F|  |TAMS 0x0000000652700000, 0x0000000652700000| Untracked 
| 296|0x0000000652800000, 0x0000000652800000, 0x0000000652900000|  0%| F|  |TAMS 0x0000000652800000, 0x0000000652800000| Untracked 
| 297|0x0000000652900000, 0x0000000652900000, 0x0000000652a00000|  0%| F|  |TAMS 0x0000000652900000, 0x0000000652900000| Untracked 
| 298|0x0000000652a00000, 0x0000000652a00000, 0x0000000652b00000|  0%| F|  |TAMS 0x0000000652a00000, 0x0000000652a00000| Untracked 
| 299|0x0000000652b00000, 0x0000000652b00000, 0x0000000652c00000|  0%| F|  |TAMS 0x0000000652b00000, 0x0000000652b00000| Untracked 
| 300|0x0000000652c00000, 0x0000000652c00000, 0x0000000652d00000|  0%| F|  |TAMS 0x0000000652c00000, 0x0000000652c00000| Untracked 
| 301|0x0000000652d00000, 0x0000000652d00000, 0x0000000652e00000|  0%| F|  |TAMS 0x0000000652d00000, 0x0000000652d00000| Untracked 
| 302|0x0000000652e00000, 0x0000000652e00000, 0x0000000652f00000|  0%| F|  |TAMS 0x0000000652e00000, 0x0000000652e00000| Untracked 
| 303|0x0000000652f00000, 0x0000000652f00000, 0x0000000653000000|  0%| F|  |TAMS 0x0000000652f00000, 0x0000000652f00000| Untracked 
| 304|0x0000000653000000, 0x0000000653000000, 0x0000000653100000|  0%| F|  |TAMS 0x0000000653000000, 0x0000000653000000| Untracked 
| 305|0x0000000653100000, 0x0000000653100000, 0x0000000653200000|  0%| F|  |TAMS 0x0000000653100000, 0x0000000653100000| Untracked 
| 306|0x0000000653200000, 0x0000000653200000, 0x0000000653300000|  0%| F|  |TAMS 0x0000000653200000, 0x0000000653200000| Untracked 
| 307|0x0000000653300000, 0x0000000653300000, 0x0000000653400000|  0%| F|  |TAMS 0x0000000653300000, 0x0000000653300000| Untracked 
| 308|0x0000000653400000, 0x0000000653400000, 0x0000000653500000|  0%| F|  |TAMS 0x0000000653400000, 0x0000000653400000| Untracked 
| 309|0x0000000653500000, 0x0000000653500000, 0x0000000653600000|  0%| F|  |TAMS 0x0000000653500000, 0x0000000653500000| Untracked 
| 310|0x0000000653600000, 0x0000000653600000, 0x0000000653700000|  0%| F|  |TAMS 0x0000000653600000, 0x0000000653600000| Untracked 
| 311|0x0000000653700000, 0x0000000653700000, 0x0000000653800000|  0%| F|  |TAMS 0x0000000653700000, 0x0000000653700000| Untracked 
| 312|0x0000000653800000, 0x0000000653800000, 0x0000000653900000|  0%| F|  |TAMS 0x0000000653800000, 0x0000000653800000| Untracked 
| 313|0x0000000653900000, 0x0000000653900000, 0x0000000653a00000|  0%| F|  |TAMS 0x0000000653900000, 0x0000000653900000| Untracked 
| 314|0x0000000653a00000, 0x0000000653a00000, 0x0000000653b00000|  0%| F|  |TAMS 0x0000000653a00000, 0x0000000653a00000| Untracked 
| 315|0x0000000653b00000, 0x0000000653b00000, 0x0000000653c00000|  0%| F|  |TAMS 0x0000000653b00000, 0x0000000653b00000| Untracked 
| 316|0x0000000653c00000, 0x0000000653c00000, 0x0000000653d00000|  0%| F|  |TAMS 0x0000000653c00000, 0x0000000653c00000| Untracked 
| 317|0x0000000653d00000, 0x0000000653d00000, 0x0000000653e00000|  0%| F|  |TAMS 0x0000000653d00000, 0x0000000653d00000| Untracked 
| 318|0x0000000653e00000, 0x0000000653e00000, 0x0000000653f00000|  0%| F|  |TAMS 0x0000000653e00000, 0x0000000653e00000| Untracked 
| 319|0x0000000653f00000, 0x0000000653f00000, 0x0000000654000000|  0%| F|  |TAMS 0x0000000653f00000, 0x0000000653f00000| Untracked 
| 320|0x0000000654000000, 0x0000000654000000, 0x0000000654100000|  0%| F|  |TAMS 0x0000000654000000, 0x0000000654000000| Untracked 
| 321|0x0000000654100000, 0x0000000654100000, 0x0000000654200000|  0%| F|  |TAMS 0x0000000654100000, 0x0000000654100000| Untracked 
| 322|0x0000000654200000, 0x0000000654200000, 0x0000000654300000|  0%| F|  |TAMS 0x0000000654200000, 0x0000000654200000| Untracked 
| 323|0x0000000654300000, 0x0000000654300000, 0x0000000654400000|  0%| F|  |TAMS 0x0000000654300000, 0x0000000654300000| Untracked 
| 324|0x0000000654400000, 0x0000000654400000, 0x0000000654500000|  0%| F|  |TAMS 0x0000000654400000, 0x0000000654400000| Untracked 
| 325|0x0000000654500000, 0x0000000654500000, 0x0000000654600000|  0%| F|  |TAMS 0x0000000654500000, 0x0000000654500000| Untracked 
| 326|0x0000000654600000, 0x0000000654600000, 0x0000000654700000|  0%| F|  |TAMS 0x0000000654600000, 0x0000000654600000| Untracked 
| 327|0x0000000654700000, 0x0000000654700000, 0x0000000654800000|  0%| F|  |TAMS 0x0000000654700000, 0x0000000654700000| Untracked 
| 328|0x0000000654800000, 0x0000000654800000, 0x0000000654900000|  0%| F|  |TAMS 0x0000000654800000, 0x0000000654800000| Untracked 
| 329|0x0000000654900000, 0x0000000654900000, 0x0000000654a00000|  0%| F|  |TAMS 0x0000000654900000, 0x0000000654900000| Untracked 
| 330|0x0000000654a00000, 0x0000000654a00000, 0x0000000654b00000|  0%| F|  |TAMS 0x0000000654a00000, 0x0000000654a00000| Untracked 
| 331|0x0000000654b00000, 0x0000000654b00000, 0x0000000654c00000|  0%| F|  |TAMS 0x0000000654b00000, 0x0000000654b00000| Untracked 
| 332|0x0000000654c00000, 0x0000000654c00000, 0x0000000654d00000|  0%| F|  |TAMS 0x0000000654c00000, 0x0000000654c00000| Untracked 
| 333|0x0000000654d00000, 0x0000000654d00000, 0x0000000654e00000|  0%| F|  |TAMS 0x0000000654d00000, 0x0000000654d00000| Untracked 
| 334|0x0000000654e00000, 0x0000000654e00000, 0x0000000654f00000|  0%| F|  |TAMS 0x0000000654e00000, 0x0000000654e00000| Untracked 
| 335|0x0000000654f00000, 0x0000000654f00000, 0x0000000655000000|  0%| F|  |TAMS 0x0000000654f00000, 0x0000000654f00000| Untracked 
| 336|0x0000000655000000, 0x0000000655000000, 0x0000000655100000|  0%| F|  |TAMS 0x0000000655000000, 0x0000000655000000| Untracked 
| 337|0x0000000655100000, 0x0000000655100000, 0x0000000655200000|  0%| F|  |TAMS 0x0000000655100000, 0x0000000655100000| Untracked 
| 338|0x0000000655200000, 0x0000000655200000, 0x0000000655300000|  0%| F|  |TAMS 0x0000000655200000, 0x0000000655200000| Untracked 
| 339|0x0000000655300000, 0x0000000655300000, 0x0000000655400000|  0%| F|  |TAMS 0x0000000655300000, 0x0000000655300000| Untracked 
| 340|0x0000000655400000, 0x0000000655400000, 0x0000000655500000|  0%| F|  |TAMS 0x0000000655400000, 0x0000000655400000| Untracked 
| 341|0x0000000655500000, 0x0000000655500000, 0x0000000655600000|  0%| F|  |TAMS 0x0000000655500000, 0x0000000655500000| Untracked 
| 342|0x0000000655600000, 0x0000000655600000, 0x0000000655700000|  0%| F|  |TAMS 0x0000000655600000, 0x0000000655600000| Untracked 
| 343|0x0000000655700000, 0x0000000655700000, 0x0000000655800000|  0%| F|  |TAMS 0x0000000655700000, 0x0000000655700000| Untracked 
| 344|0x0000000655800000, 0x0000000655800000, 0x0000000655900000|  0%| F|  |TAMS 0x0000000655800000, 0x0000000655800000| Untracked 
| 345|0x0000000655900000, 0x0000000655900000, 0x0000000655a00000|  0%| F|  |TAMS 0x0000000655900000, 0x0000000655900000| Untracked 
| 346|0x0000000655a00000, 0x0000000655a00000, 0x0000000655b00000|  0%| F|  |TAMS 0x0000000655a00000, 0x0000000655a00000| Untracked 
| 347|0x0000000655b00000, 0x0000000655b00000, 0x0000000655c00000|  0%| F|  |TAMS 0x0000000655b00000, 0x0000000655b00000| Untracked 
| 348|0x0000000655c00000, 0x0000000655c00000, 0x0000000655d00000|  0%| F|  |TAMS 0x0000000655c00000, 0x0000000655c00000| Untracked 
| 349|0x0000000655d00000, 0x0000000655d00000, 0x0000000655e00000|  0%| F|  |TAMS 0x0000000655d00000, 0x0000000655d00000| Untracked 
| 350|0x0000000655e00000, 0x0000000655e00000, 0x0000000655f00000|  0%| F|  |TAMS 0x0000000655e00000, 0x0000000655e00000| Untracked 
| 351|0x0000000655f00000, 0x0000000655f00000, 0x0000000656000000|  0%| F|  |TAMS 0x0000000655f00000, 0x0000000655f00000| Untracked 
| 352|0x0000000656000000, 0x0000000656000000, 0x0000000656100000|  0%| F|  |TAMS 0x0000000656000000, 0x0000000656000000| Untracked 
| 353|0x0000000656100000, 0x0000000656100000, 0x0000000656200000|  0%| F|  |TAMS 0x0000000656100000, 0x0000000656100000| Untracked 
| 354|0x0000000656200000, 0x0000000656200000, 0x0000000656300000|  0%| F|  |TAMS 0x0000000656200000, 0x0000000656200000| Untracked 
| 355|0x0000000656300000, 0x0000000656300000, 0x0000000656400000|  0%| F|  |TAMS 0x0000000656300000, 0x0000000656300000| Untracked 
| 356|0x0000000656400000, 0x0000000656400000, 0x0000000656500000|  0%| F|  |TAMS 0x0000000656400000, 0x0000000656400000| Untracked 
| 357|0x0000000656500000, 0x0000000656500000, 0x0000000656600000|  0%| F|  |TAMS 0x0000000656500000, 0x0000000656500000| Untracked 
| 358|0x0000000656600000, 0x0000000656600000, 0x0000000656700000|  0%| F|  |TAMS 0x0000000656600000, 0x0000000656600000| Untracked 
| 359|0x0000000656700000, 0x0000000656700000, 0x0000000656800000|  0%| F|  |TAMS 0x0000000656700000, 0x0000000656700000| Untracked 
| 360|0x0000000656800000, 0x0000000656800000, 0x0000000656900000|  0%| F|  |TAMS 0x0000000656800000, 0x0000000656800000| Untracked 
| 361|0x0000000656900000, 0x0000000656900000, 0x0000000656a00000|  0%| F|  |TAMS 0x0000000656900000, 0x0000000656900000| Untracked 
| 362|0x0000000656a00000, 0x0000000656a00000, 0x0000000656b00000|  0%| F|  |TAMS 0x0000000656a00000, 0x0000000656a00000| Untracked 
| 363|0x0000000656b00000, 0x0000000656b00000, 0x0000000656c00000|  0%| F|  |TAMS 0x0000000656b00000, 0x0000000656b00000| Untracked 
| 364|0x0000000656c00000, 0x0000000656c00000, 0x0000000656d00000|  0%| F|  |TAMS 0x0000000656c00000, 0x0000000656c00000| Untracked 
| 365|0x0000000656d00000, 0x0000000656d00000, 0x0000000656e00000|  0%| F|  |TAMS 0x0000000656d00000, 0x0000000656d00000| Untracked 
| 366|0x0000000656e00000, 0x0000000656e00000, 0x0000000656f00000|  0%| F|  |TAMS 0x0000000656e00000, 0x0000000656e00000| Untracked 
| 367|0x0000000656f00000, 0x0000000656f00000, 0x0000000657000000|  0%| F|  |TAMS 0x0000000656f00000, 0x0000000656f00000| Untracked 
| 368|0x0000000657000000, 0x0000000657000000, 0x0000000657100000|  0%| F|  |TAMS 0x0000000657000000, 0x0000000657000000| Untracked 
| 369|0x0000000657100000, 0x0000000657100000, 0x0000000657200000|  0%| F|  |TAMS 0x0000000657100000, 0x0000000657100000| Untracked 
| 370|0x0000000657200000, 0x0000000657200000, 0x0000000657300000|  0%| F|  |TAMS 0x0000000657200000, 0x0000000657200000| Untracked 
| 371|0x0000000657300000, 0x0000000657300000, 0x0000000657400000|  0%| F|  |TAMS 0x0000000657300000, 0x0000000657300000| Untracked 
| 372|0x0000000657400000, 0x0000000657400000, 0x0000000657500000|  0%| F|  |TAMS 0x0000000657400000, 0x0000000657400000| Untracked 
| 373|0x0000000657500000, 0x0000000657500000, 0x0000000657600000|  0%| F|  |TAMS 0x0000000657500000, 0x0000000657500000| Untracked 
| 374|0x0000000657600000, 0x0000000657600000, 0x0000000657700000|  0%| F|  |TAMS 0x0000000657600000, 0x0000000657600000| Untracked 
| 375|0x0000000657700000, 0x0000000657700000, 0x0000000657800000|  0%| F|  |TAMS 0x0000000657700000, 0x0000000657700000| Untracked 
| 376|0x0000000657800000, 0x0000000657800000, 0x0000000657900000|  0%| F|  |TAMS 0x0000000657800000, 0x0000000657800000| Untracked 
| 377|0x0000000657900000, 0x0000000657900000, 0x0000000657a00000|  0%| F|  |TAMS 0x0000000657900000, 0x0000000657900000| Untracked 
| 378|0x0000000657a00000, 0x0000000657a00000, 0x0000000657b00000|  0%| F|  |TAMS 0x0000000657a00000, 0x0000000657a00000| Untracked 
| 379|0x0000000657b00000, 0x0000000657b00000, 0x0000000657c00000|  0%| F|  |TAMS 0x0000000657b00000, 0x0000000657b00000| Untracked 
| 380|0x0000000657c00000, 0x0000000657c00000, 0x0000000657d00000|  0%| F|  |TAMS 0x0000000657c00000, 0x0000000657c00000| Untracked 
| 381|0x0000000657d00000, 0x0000000657d00000, 0x0000000657e00000|  0%| F|  |TAMS 0x0000000657d00000, 0x0000000657d00000| Untracked 
| 382|0x0000000657e00000, 0x0000000657e00000, 0x0000000657f00000|  0%| F|  |TAMS 0x0000000657e00000, 0x0000000657e00000| Untracked 
| 383|0x0000000657f00000, 0x0000000657f00000, 0x0000000658000000|  0%| F|  |TAMS 0x0000000657f00000, 0x0000000657f00000| Untracked 
| 384|0x0000000658000000, 0x0000000658000000, 0x0000000658100000|  0%| F|  |TAMS 0x0000000658000000, 0x0000000658000000| Untracked 
| 385|0x0000000658100000, 0x0000000658100000, 0x0000000658200000|  0%| F|  |TAMS 0x0000000658100000, 0x0000000658100000| Untracked 
| 386|0x0000000658200000, 0x0000000658200000, 0x0000000658300000|  0%| F|  |TAMS 0x0000000658200000, 0x0000000658200000| Untracked 
| 387|0x0000000658300000, 0x0000000658300000, 0x0000000658400000|  0%| F|  |TAMS 0x0000000658300000, 0x0000000658300000| Untracked 
| 388|0x0000000658400000, 0x0000000658400000, 0x0000000658500000|  0%| F|  |TAMS 0x0000000658400000, 0x0000000658400000| Untracked 
| 389|0x0000000658500000, 0x0000000658500000, 0x0000000658600000|  0%| F|  |TAMS 0x0000000658500000, 0x0000000658500000| Untracked 
| 390|0x0000000658600000, 0x0000000658600000, 0x0000000658700000|  0%| F|  |TAMS 0x0000000658600000, 0x0000000658600000| Untracked 
| 391|0x0000000658700000, 0x0000000658700000, 0x0000000658800000|  0%| F|  |TAMS 0x0000000658700000, 0x0000000658700000| Untracked 
| 392|0x0000000658800000, 0x0000000658800000, 0x0000000658900000|  0%| F|  |TAMS 0x0000000658800000, 0x0000000658800000| Untracked 
| 393|0x0000000658900000, 0x0000000658900000, 0x0000000658a00000|  0%| F|  |TAMS 0x0000000658900000, 0x0000000658900000| Untracked 
| 394|0x0000000658a00000, 0x0000000658a00000, 0x0000000658b00000|  0%| F|  |TAMS 0x0000000658a00000, 0x0000000658a00000| Untracked 
| 395|0x0000000658b00000, 0x0000000658b00000, 0x0000000658c00000|  0%| F|  |TAMS 0x0000000658b00000, 0x0000000658b00000| Untracked 
| 396|0x0000000658c00000, 0x0000000658c00000, 0x0000000658d00000|  0%| F|  |TAMS 0x0000000658c00000, 0x0000000658c00000| Untracked 
| 397|0x0000000658d00000, 0x0000000658d00000, 0x0000000658e00000|  0%| F|  |TAMS 0x0000000658d00000, 0x0000000658d00000| Untracked 
| 398|0x0000000658e00000, 0x0000000658e00000, 0x0000000658f00000|  0%| F|  |TAMS 0x0000000658e00000, 0x0000000658e00000| Untracked 
| 399|0x0000000658f00000, 0x0000000658f00000, 0x0000000659000000|  0%| F|  |TAMS 0x0000000658f00000, 0x0000000658f00000| Untracked 
| 400|0x0000000659000000, 0x0000000659000000, 0x0000000659100000|  0%| F|  |TAMS 0x0000000659000000, 0x0000000659000000| Untracked 
| 401|0x0000000659100000, 0x0000000659100000, 0x0000000659200000|  0%| F|  |TAMS 0x0000000659100000, 0x0000000659100000| Untracked 
| 402|0x0000000659200000, 0x0000000659200000, 0x0000000659300000|  0%| F|  |TAMS 0x0000000659200000, 0x0000000659200000| Untracked 
| 403|0x0000000659300000, 0x0000000659300000, 0x0000000659400000|  0%| F|  |TAMS 0x0000000659300000, 0x0000000659300000| Untracked 
| 404|0x0000000659400000, 0x0000000659400000, 0x0000000659500000|  0%| F|  |TAMS 0x0000000659400000, 0x0000000659400000| Untracked 
| 405|0x0000000659500000, 0x0000000659500000, 0x0000000659600000|  0%| F|  |TAMS 0x0000000659500000, 0x0000000659500000| Untracked 
| 406|0x0000000659600000, 0x0000000659600000, 0x0000000659700000|  0%| F|  |TAMS 0x0000000659600000, 0x0000000659600000| Untracked 
| 407|0x0000000659700000, 0x0000000659700000, 0x0000000659800000|  0%| F|  |TAMS 0x0000000659700000, 0x0000000659700000| Untracked 
| 408|0x0000000659800000, 0x0000000659800000, 0x0000000659900000|  0%| F|  |TAMS 0x0000000659800000, 0x0000000659800000| Untracked 
| 409|0x0000000659900000, 0x0000000659900000, 0x0000000659a00000|  0%| F|  |TAMS 0x0000000659900000, 0x0000000659900000| Untracked 
| 410|0x0000000659a00000, 0x0000000659a00000, 0x0000000659b00000|  0%| F|  |TAMS 0x0000000659a00000, 0x0000000659a00000| Untracked 
| 411|0x0000000659b00000, 0x0000000659b00000, 0x0000000659c00000|  0%| F|  |TAMS 0x0000000659b00000, 0x0000000659b00000| Untracked 
| 412|0x0000000659c00000, 0x0000000659c00000, 0x0000000659d00000|  0%| F|  |TAMS 0x0000000659c00000, 0x0000000659c00000| Untracked 
| 413|0x0000000659d00000, 0x0000000659d00000, 0x0000000659e00000|  0%| F|  |TAMS 0x0000000659d00000, 0x0000000659d00000| Untracked 
| 414|0x0000000659e00000, 0x0000000659e00000, 0x0000000659f00000|  0%| F|  |TAMS 0x0000000659e00000, 0x0000000659e00000| Untracked 
| 415|0x0000000659f00000, 0x0000000659f00000, 0x000000065a000000|  0%| F|  |TAMS 0x0000000659f00000, 0x0000000659f00000| Untracked 
| 416|0x000000065a000000, 0x000000065a000000, 0x000000065a100000|  0%| F|  |TAMS 0x000000065a000000, 0x000000065a000000| Untracked 
| 417|0x000000065a100000, 0x000000065a100000, 0x000000065a200000|  0%| F|  |TAMS 0x000000065a100000, 0x000000065a100000| Untracked 
| 418|0x000000065a200000, 0x000000065a200000, 0x000000065a300000|  0%| F|  |TAMS 0x000000065a200000, 0x000000065a200000| Untracked 
| 419|0x000000065a300000, 0x000000065a300000, 0x000000065a400000|  0%| F|  |TAMS 0x000000065a300000, 0x000000065a300000| Untracked 
| 420|0x000000065a400000, 0x000000065a400000, 0x000000065a500000|  0%| F|  |TAMS 0x000000065a400000, 0x000000065a400000| Untracked 
| 421|0x000000065a500000, 0x000000065a500000, 0x000000065a600000|  0%| F|  |TAMS 0x000000065a500000, 0x000000065a500000| Untracked 
| 422|0x000000065a600000, 0x000000065a600000, 0x000000065a700000|  0%| F|  |TAMS 0x000000065a600000, 0x000000065a600000| Untracked 
| 423|0x000000065a700000, 0x000000065a700000, 0x000000065a800000|  0%| F|  |TAMS 0x000000065a700000, 0x000000065a700000| Untracked 
| 424|0x000000065a800000, 0x000000065a800000, 0x000000065a900000|  0%| F|  |TAMS 0x000000065a800000, 0x000000065a800000| Untracked 
| 425|0x000000065a900000, 0x000000065a900000, 0x000000065aa00000|  0%| F|  |TAMS 0x000000065a900000, 0x000000065a900000| Untracked 
| 426|0x000000065aa00000, 0x000000065aa00000, 0x000000065ab00000|  0%| F|  |TAMS 0x000000065aa00000, 0x000000065aa00000| Untracked 
| 427|0x000000065ab00000, 0x000000065ab00000, 0x000000065ac00000|  0%| F|  |TAMS 0x000000065ab00000, 0x000000065ab00000| Untracked 
| 428|0x000000065ac00000, 0x000000065ac00000, 0x000000065ad00000|  0%| F|  |TAMS 0x000000065ac00000, 0x000000065ac00000| Untracked 
| 429|0x000000065ad00000, 0x000000065ad00000, 0x000000065ae00000|  0%| F|  |TAMS 0x000000065ad00000, 0x000000065ad00000| Untracked 
| 430|0x000000065ae00000, 0x000000065ae00000, 0x000000065af00000|  0%| F|  |TAMS 0x000000065ae00000, 0x000000065ae00000| Untracked 
| 431|0x000000065af00000, 0x000000065af00000, 0x000000065b000000|  0%| F|  |TAMS 0x000000065af00000, 0x000000065af00000| Untracked 
| 432|0x000000065b000000, 0x000000065b000000, 0x000000065b100000|  0%| F|  |TAMS 0x000000065b000000, 0x000000065b000000| Untracked 
| 433|0x000000065b100000, 0x000000065b100000, 0x000000065b200000|  0%| F|  |TAMS 0x000000065b100000, 0x000000065b100000| Untracked 
| 434|0x000000065b200000, 0x000000065b200000, 0x000000065b300000|  0%| F|  |TAMS 0x000000065b200000, 0x000000065b200000| Untracked 
| 435|0x000000065b300000, 0x000000065b300000, 0x000000065b400000|  0%| F|  |TAMS 0x000000065b300000, 0x000000065b300000| Untracked 
| 436|0x000000065b400000, 0x000000065b400000, 0x000000065b500000|  0%| F|  |TAMS 0x000000065b400000, 0x000000065b400000| Untracked 
| 437|0x000000065b500000, 0x000000065b500000, 0x000000065b600000|  0%| F|  |TAMS 0x000000065b500000, 0x000000065b500000| Untracked 
| 438|0x000000065b600000, 0x000000065b600000, 0x000000065b700000|  0%| F|  |TAMS 0x000000065b600000, 0x000000065b600000| Untracked 
| 439|0x000000065b700000, 0x000000065b700000, 0x000000065b800000|  0%| F|  |TAMS 0x000000065b700000, 0x000000065b700000| Untracked 
| 440|0x000000065b800000, 0x000000065b800000, 0x000000065b900000|  0%| F|  |TAMS 0x000000065b800000, 0x000000065b800000| Untracked 
| 441|0x000000065b900000, 0x000000065b900000, 0x000000065ba00000|  0%| F|  |TAMS 0x000000065b900000, 0x000000065b900000| Untracked 
| 442|0x000000065ba00000, 0x000000065ba00000, 0x000000065bb00000|  0%| F|  |TAMS 0x000000065ba00000, 0x000000065ba00000| Untracked 
| 443|0x000000065bb00000, 0x000000065bb00000, 0x000000065bc00000|  0%| F|  |TAMS 0x000000065bb00000, 0x000000065bb00000| Untracked 
| 444|0x000000065bc00000, 0x000000065bc00000, 0x000000065bd00000|  0%| F|  |TAMS 0x000000065bc00000, 0x000000065bc00000| Untracked 
| 445|0x000000065bd00000, 0x000000065bd00000, 0x000000065be00000|  0%| F|  |TAMS 0x000000065bd00000, 0x000000065bd00000| Untracked 
| 446|0x000000065be00000, 0x000000065be00000, 0x000000065bf00000|  0%| F|  |TAMS 0x000000065be00000, 0x000000065be00000| Untracked 
| 447|0x000000065bf00000, 0x000000065bf00000, 0x000000065c000000|  0%| F|  |TAMS 0x000000065bf00000, 0x000000065bf00000| Untracked 
| 448|0x000000065c000000, 0x000000065c000000, 0x000000065c100000|  0%| F|  |TAMS 0x000000065c000000, 0x000000065c000000| Untracked 
| 449|0x000000065c100000, 0x000000065c100000, 0x000000065c200000|  0%| F|  |TAMS 0x000000065c100000, 0x000000065c100000| Untracked 
| 450|0x000000065c200000, 0x000000065c200000, 0x000000065c300000|  0%| F|  |TAMS 0x000000065c200000, 0x000000065c200000| Untracked 
| 451|0x000000065c300000, 0x000000065c300000, 0x000000065c400000|  0%| F|  |TAMS 0x000000065c300000, 0x000000065c300000| Untracked 
| 452|0x000000065c400000, 0x000000065c400000, 0x000000065c500000|  0%| F|  |TAMS 0x000000065c400000, 0x000000065c400000| Untracked 
| 453|0x000000065c500000, 0x000000065c500000, 0x000000065c600000|  0%| F|  |TAMS 0x000000065c500000, 0x000000065c500000| Untracked 
| 454|0x000000065c600000, 0x000000065c600000, 0x000000065c700000|  0%| F|  |TAMS 0x000000065c600000, 0x000000065c600000| Untracked 
| 455|0x000000065c700000, 0x000000065c700000, 0x000000065c800000|  0%| F|  |TAMS 0x000000065c700000, 0x000000065c700000| Untracked 
| 456|0x000000065c800000, 0x000000065c800000, 0x000000065c900000|  0%| F|  |TAMS 0x000000065c800000, 0x000000065c800000| Untracked 
| 457|0x000000065c900000, 0x000000065c900000, 0x000000065ca00000|  0%| F|  |TAMS 0x000000065c900000, 0x000000065c900000| Untracked 
| 458|0x000000065ca00000, 0x000000065ca00000, 0x000000065cb00000|  0%| F|  |TAMS 0x000000065ca00000, 0x000000065ca00000| Untracked 
| 459|0x000000065cb00000, 0x000000065cb00000, 0x000000065cc00000|  0%| F|  |TAMS 0x000000065cb00000, 0x000000065cb00000| Untracked 
| 460|0x000000065cc00000, 0x000000065cc00000, 0x000000065cd00000|  0%| F|  |TAMS 0x000000065cc00000, 0x000000065cc00000| Untracked 
| 461|0x000000065cd00000, 0x000000065cd00000, 0x000000065ce00000|  0%| F|  |TAMS 0x000000065cd00000, 0x000000065cd00000| Untracked 
| 462|0x000000065ce00000, 0x000000065ce00000, 0x000000065cf00000|  0%| F|  |TAMS 0x000000065ce00000, 0x000000065ce00000| Untracked 
| 463|0x000000065cf00000, 0x000000065cf00000, 0x000000065d000000|  0%| F|  |TAMS 0x000000065cf00000, 0x000000065cf00000| Untracked 
| 464|0x000000065d000000, 0x000000065d000000, 0x000000065d100000|  0%| F|  |TAMS 0x000000065d000000, 0x000000065d000000| Untracked 
| 465|0x000000065d100000, 0x000000065d100000, 0x000000065d200000|  0%| F|  |TAMS 0x000000065d100000, 0x000000065d100000| Untracked 
| 466|0x000000065d200000, 0x000000065d200000, 0x000000065d300000|  0%| F|  |TAMS 0x000000065d200000, 0x000000065d200000| Untracked 
| 467|0x000000065d300000, 0x000000065d300000, 0x000000065d400000|  0%| F|  |TAMS 0x000000065d300000, 0x000000065d300000| Untracked 
| 468|0x000000065d400000, 0x000000065d400000, 0x000000065d500000|  0%| F|  |TAMS 0x000000065d400000, 0x000000065d400000| Untracked 
| 469|0x000000065d500000, 0x000000065d500000, 0x000000065d600000|  0%| F|  |TAMS 0x000000065d500000, 0x000000065d500000| Untracked 
| 470|0x000000065d600000, 0x000000065d600000, 0x000000065d700000|  0%| F|  |TAMS 0x000000065d600000, 0x000000065d600000| Untracked 
| 471|0x000000065d700000, 0x000000065d700000, 0x000000065d800000|  0%| F|  |TAMS 0x000000065d700000, 0x000000065d700000| Untracked 
| 472|0x000000065d800000, 0x000000065d800000, 0x000000065d900000|  0%| F|  |TAMS 0x000000065d800000, 0x000000065d800000| Untracked 
| 473|0x000000065d900000, 0x000000065d900000, 0x000000065da00000|  0%| F|  |TAMS 0x000000065d900000, 0x000000065d900000| Untracked 
| 474|0x000000065da00000, 0x000000065da00000, 0x000000065db00000|  0%| F|  |TAMS 0x000000065da00000, 0x000000065da00000| Untracked 
| 475|0x000000065db00000, 0x000000065db00000, 0x000000065dc00000|  0%| F|  |TAMS 0x000000065db00000, 0x000000065db00000| Untracked 
| 476|0x000000065dc00000, 0x000000065dc00000, 0x000000065dd00000|  0%| F|  |TAMS 0x000000065dc00000, 0x000000065dc00000| Untracked 
| 477|0x000000065dd00000, 0x000000065dd00000, 0x000000065de00000|  0%| F|  |TAMS 0x000000065dd00000, 0x000000065dd00000| Untracked 
| 478|0x000000065de00000, 0x000000065de00000, 0x000000065df00000|  0%| F|  |TAMS 0x000000065de00000, 0x000000065de00000| Untracked 
| 479|0x000000065df00000, 0x000000065df00000, 0x000000065e000000|  0%| F|  |TAMS 0x000000065df00000, 0x000000065df00000| Untracked 
| 480|0x000000065e000000, 0x000000065e000000, 0x000000065e100000|  0%| F|  |TAMS 0x000000065e000000, 0x000000065e000000| Untracked 
| 481|0x000000065e100000, 0x000000065e100000, 0x000000065e200000|  0%| F|  |TAMS 0x000000065e100000, 0x000000065e100000| Untracked 
| 482|0x000000065e200000, 0x000000065e200000, 0x000000065e300000|  0%| F|  |TAMS 0x000000065e200000, 0x000000065e200000| Untracked 
| 483|0x000000065e300000, 0x000000065e300000, 0x000000065e400000|  0%| F|  |TAMS 0x000000065e300000, 0x000000065e300000| Untracked 
| 484|0x000000065e400000, 0x000000065e400000, 0x000000065e500000|  0%| F|  |TAMS 0x000000065e400000, 0x000000065e400000| Untracked 
| 485|0x000000065e500000, 0x000000065e500000, 0x000000065e600000|  0%| F|  |TAMS 0x000000065e500000, 0x000000065e500000| Untracked 
| 486|0x000000065e600000, 0x000000065e600000, 0x000000065e700000|  0%| F|  |TAMS 0x000000065e600000, 0x000000065e600000| Untracked 
| 487|0x000000065e700000, 0x000000065e700000, 0x000000065e800000|  0%| F|  |TAMS 0x000000065e700000, 0x000000065e700000| Untracked 
| 488|0x000000065e800000, 0x000000065e800000, 0x000000065e900000|  0%| F|  |TAMS 0x000000065e800000, 0x000000065e800000| Untracked 
| 489|0x000000065e900000, 0x000000065e900000, 0x000000065ea00000|  0%| F|  |TAMS 0x000000065e900000, 0x000000065e900000| Untracked 
| 490|0x000000065ea00000, 0x000000065ea00000, 0x000000065eb00000|  0%| F|  |TAMS 0x000000065ea00000, 0x000000065ea00000| Untracked 
| 491|0x000000065eb00000, 0x000000065eb00000, 0x000000065ec00000|  0%| F|  |TAMS 0x000000065eb00000, 0x000000065eb00000| Untracked 
| 492|0x000000065ec00000, 0x000000065ec00000, 0x000000065ed00000|  0%| F|  |TAMS 0x000000065ec00000, 0x000000065ec00000| Untracked 
| 493|0x000000065ed00000, 0x000000065ed00000, 0x000000065ee00000|  0%| F|  |TAMS 0x000000065ed00000, 0x000000065ed00000| Untracked 
| 494|0x000000065ee00000, 0x000000065ee00000, 0x000000065ef00000|  0%| F|  |TAMS 0x000000065ee00000, 0x000000065ee00000| Untracked 
| 495|0x000000065ef00000, 0x000000065ef00000, 0x000000065f000000|  0%| F|  |TAMS 0x000000065ef00000, 0x000000065ef00000| Untracked 
| 496|0x000000065f000000, 0x000000065f000000, 0x000000065f100000|  0%| F|  |TAMS 0x000000065f000000, 0x000000065f000000| Untracked 
| 497|0x000000065f100000, 0x000000065f100000, 0x000000065f200000|  0%| F|  |TAMS 0x000000065f100000, 0x000000065f100000| Untracked 
| 498|0x000000065f200000, 0x000000065f200000, 0x000000065f300000|  0%| F|  |TAMS 0x000000065f200000, 0x000000065f200000| Untracked 
| 499|0x000000065f300000, 0x000000065f300000, 0x000000065f400000|  0%| F|  |TAMS 0x000000065f300000, 0x000000065f300000| Untracked 
| 500|0x000000065f400000, 0x000000065f400000, 0x000000065f500000|  0%| F|  |TAMS 0x000000065f400000, 0x000000065f400000| Untracked 
| 501|0x000000065f500000, 0x000000065f500000, 0x000000065f600000|  0%| F|  |TAMS 0x000000065f500000, 0x000000065f500000| Untracked 
| 502|0x000000065f600000, 0x000000065f600000, 0x000000065f700000|  0%| F|  |TAMS 0x000000065f600000, 0x000000065f600000| Untracked 
| 503|0x000000065f700000, 0x000000065f700000, 0x000000065f800000|  0%| F|  |TAMS 0x000000065f700000, 0x000000065f700000| Untracked 
| 504|0x000000065f800000, 0x000000065f800000, 0x000000065f900000|  0%| F|  |TAMS 0x000000065f800000, 0x000000065f800000| Untracked 
| 505|0x000000065f900000, 0x000000065f900000, 0x000000065fa00000|  0%| F|  |TAMS 0x000000065f900000, 0x000000065f900000| Untracked 
| 506|0x000000065fa00000, 0x000000065fa00000, 0x000000065fb00000|  0%| F|  |TAMS 0x000000065fa00000, 0x000000065fa00000| Untracked 
| 507|0x000000065fb00000, 0x000000065fb00000, 0x000000065fc00000|  0%| F|  |TAMS 0x000000065fb00000, 0x000000065fb00000| Untracked 
| 508|0x000000065fc00000, 0x000000065fc00000, 0x000000065fd00000|  0%| F|  |TAMS 0x000000065fc00000, 0x000000065fc00000| Untracked 
| 509|0x000000065fd00000, 0x000000065fd00000, 0x000000065fe00000|  0%| F|  |TAMS 0x000000065fd00000, 0x000000065fd00000| Untracked 
| 510|0x000000065fe00000, 0x000000065fe00000, 0x000000065ff00000|  0%| F|  |TAMS 0x000000065fe00000, 0x000000065fe00000| Untracked 
| 511|0x000000065ff00000, 0x000000065ff00000, 0x0000000660000000|  0%| F|  |TAMS 0x000000065ff00000, 0x000000065ff00000| Untracked 
| 512|0x0000000660000000, 0x0000000660000000, 0x0000000660100000|  0%| F|  |TAMS 0x0000000660000000, 0x0000000660000000| Untracked 
| 513|0x0000000660100000, 0x0000000660100000, 0x0000000660200000|  0%| F|  |TAMS 0x0000000660100000, 0x0000000660100000| Untracked 
| 514|0x0000000660200000, 0x0000000660200000, 0x0000000660300000|  0%| F|  |TAMS 0x0000000660200000, 0x0000000660200000| Untracked 
| 515|0x0000000660300000, 0x0000000660300000, 0x0000000660400000|  0%| F|  |TAMS 0x0000000660300000, 0x0000000660300000| Untracked 
| 516|0x0000000660400000, 0x0000000660400000, 0x0000000660500000|  0%| F|  |TAMS 0x0000000660400000, 0x0000000660400000| Untracked 
| 517|0x0000000660500000, 0x0000000660500000, 0x0000000660600000|  0%| F|  |TAMS 0x0000000660500000, 0x0000000660500000| Untracked 
| 518|0x0000000660600000, 0x0000000660600000, 0x0000000660700000|  0%| F|  |TAMS 0x0000000660600000, 0x0000000660600000| Untracked 
| 519|0x0000000660700000, 0x0000000660700000, 0x0000000660800000|  0%| F|  |TAMS 0x0000000660700000, 0x0000000660700000| Untracked 
| 520|0x0000000660800000, 0x0000000660800000, 0x0000000660900000|  0%| F|  |TAMS 0x0000000660800000, 0x0000000660800000| Untracked 
| 521|0x0000000660900000, 0x0000000660900000, 0x0000000660a00000|  0%| F|  |TAMS 0x0000000660900000, 0x0000000660900000| Untracked 
| 522|0x0000000660a00000, 0x0000000660a00000, 0x0000000660b00000|  0%| F|  |TAMS 0x0000000660a00000, 0x0000000660a00000| Untracked 
| 523|0x0000000660b00000, 0x0000000660b00000, 0x0000000660c00000|  0%| F|  |TAMS 0x0000000660b00000, 0x0000000660b00000| Untracked 
| 524|0x0000000660c00000, 0x0000000660c00000, 0x0000000660d00000|  0%| F|  |TAMS 0x0000000660c00000, 0x0000000660c00000| Untracked 
| 525|0x0000000660d00000, 0x0000000660d00000, 0x0000000660e00000|  0%| F|  |TAMS 0x0000000660d00000, 0x0000000660d00000| Untracked 
| 526|0x0000000660e00000, 0x0000000660e00000, 0x0000000660f00000|  0%| F|  |TAMS 0x0000000660e00000, 0x0000000660e00000| Untracked 
| 527|0x0000000660f00000, 0x0000000660f00000, 0x0000000661000000|  0%| F|  |TAMS 0x0000000660f00000, 0x0000000660f00000| Untracked 
| 528|0x0000000661000000, 0x0000000661000000, 0x0000000661100000|  0%| F|  |TAMS 0x0000000661000000, 0x0000000661000000| Untracked 
| 529|0x0000000661100000, 0x0000000661100000, 0x0000000661200000|  0%| F|  |TAMS 0x0000000661100000, 0x0000000661100000| Untracked 
| 530|0x0000000661200000, 0x0000000661200000, 0x0000000661300000|  0%| F|  |TAMS 0x0000000661200000, 0x0000000661200000| Untracked 
| 531|0x0000000661300000, 0x0000000661300000, 0x0000000661400000|  0%| F|  |TAMS 0x0000000661300000, 0x0000000661300000| Untracked 
| 532|0x0000000661400000, 0x0000000661400000, 0x0000000661500000|  0%| F|  |TAMS 0x0000000661400000, 0x0000000661400000| Untracked 
| 533|0x0000000661500000, 0x0000000661500000, 0x0000000661600000|  0%| F|  |TAMS 0x0000000661500000, 0x0000000661500000| Untracked 
| 534|0x0000000661600000, 0x0000000661600000, 0x0000000661700000|  0%| F|  |TAMS 0x0000000661600000, 0x0000000661600000| Untracked 
| 535|0x0000000661700000, 0x0000000661700000, 0x0000000661800000|  0%| F|  |TAMS 0x0000000661700000, 0x0000000661700000| Untracked 
| 536|0x0000000661800000, 0x0000000661800000, 0x0000000661900000|  0%| F|  |TAMS 0x0000000661800000, 0x0000000661800000| Untracked 
| 537|0x0000000661900000, 0x0000000661900000, 0x0000000661a00000|  0%| F|  |TAMS 0x0000000661900000, 0x0000000661900000| Untracked 
| 538|0x0000000661a00000, 0x0000000661a80000, 0x0000000661b00000| 50%| S|CS|TAMS 0x0000000661a00000, 0x0000000661a00000| Complete 
| 539|0x0000000661b00000, 0x0000000661c00000, 0x0000000661c00000|100%| S|CS|TAMS 0x0000000661b00000, 0x0000000661b00000| Complete 
| 540|0x0000000661c00000, 0x0000000661d00000, 0x0000000661d00000|100%| S|CS|TAMS 0x0000000661c00000, 0x0000000661c00000| Complete 
| 541|0x0000000661d00000, 0x0000000661e00000, 0x0000000661e00000|100%| S|CS|TAMS 0x0000000661d00000, 0x0000000661d00000| Complete 
| 542|0x0000000661e00000, 0x0000000661f00000, 0x0000000661f00000|100%| S|CS|TAMS 0x0000000661e00000, 0x0000000661e00000| Complete 
| 543|0x0000000661f00000, 0x0000000662000000, 0x0000000662000000|100%| S|CS|TAMS 0x0000000661f00000, 0x0000000661f00000| Complete 
| 544|0x0000000662000000, 0x0000000662100000, 0x0000000662100000|100%| S|CS|TAMS 0x0000000662000000, 0x0000000662000000| Complete 
| 545|0x0000000662100000, 0x0000000662200000, 0x0000000662200000|100%| S|CS|TAMS 0x0000000662100000, 0x0000000662100000| Complete 
| 546|0x0000000662200000, 0x0000000662300000, 0x0000000662300000|100%| S|CS|TAMS 0x0000000662200000, 0x0000000662200000| Complete 
| 547|0x0000000662300000, 0x0000000662400000, 0x0000000662400000|100%| S|CS|TAMS 0x0000000662300000, 0x0000000662300000| Complete 
| 548|0x0000000662400000, 0x0000000662500000, 0x0000000662500000|100%| S|CS|TAMS 0x0000000662400000, 0x0000000662400000| Complete 
| 549|0x0000000662500000, 0x0000000662600000, 0x0000000662600000|100%| S|CS|TAMS 0x0000000662500000, 0x0000000662500000| Complete 
| 550|0x0000000662600000, 0x0000000662700000, 0x0000000662700000|100%| S|CS|TAMS 0x0000000662600000, 0x0000000662600000| Complete 
| 551|0x0000000662700000, 0x0000000662800000, 0x0000000662800000|100%| S|CS|TAMS 0x0000000662700000, 0x0000000662700000| Complete 
| 552|0x0000000662800000, 0x0000000662900000, 0x0000000662900000|100%| S|CS|TAMS 0x0000000662800000, 0x0000000662800000| Complete 
| 553|0x0000000662900000, 0x0000000662a00000, 0x0000000662a00000|100%| S|CS|TAMS 0x0000000662900000, 0x0000000662900000| Complete 
| 554|0x0000000662a00000, 0x0000000662b00000, 0x0000000662b00000|100%| S|CS|TAMS 0x0000000662a00000, 0x0000000662a00000| Complete 
| 555|0x0000000662b00000, 0x0000000662c00000, 0x0000000662c00000|100%| S|CS|TAMS 0x0000000662b00000, 0x0000000662b00000| Complete 
| 556|0x0000000662c00000, 0x0000000662d00000, 0x0000000662d00000|100%| S|CS|TAMS 0x0000000662c00000, 0x0000000662c00000| Complete 
| 557|0x0000000662d00000, 0x0000000662e00000, 0x0000000662e00000|100%| S|CS|TAMS 0x0000000662d00000, 0x0000000662d00000| Complete 
| 558|0x0000000662e00000, 0x0000000662f00000, 0x0000000662f00000|100%| S|CS|TAMS 0x0000000662e00000, 0x0000000662e00000| Complete 
| 559|0x0000000662f00000, 0x0000000663000000, 0x0000000663000000|100%| S|CS|TAMS 0x0000000662f00000, 0x0000000662f00000| Complete 
| 560|0x0000000663000000, 0x0000000663100000, 0x0000000663100000|100%| S|CS|TAMS 0x0000000663000000, 0x0000000663000000| Complete 
| 561|0x0000000663100000, 0x0000000663200000, 0x0000000663200000|100%| S|CS|TAMS 0x0000000663100000, 0x0000000663100000| Complete 
| 562|0x0000000663200000, 0x0000000663300000, 0x0000000663300000|100%| S|CS|TAMS 0x0000000663200000, 0x0000000663200000| Complete 
| 563|0x0000000663300000, 0x0000000663400000, 0x0000000663400000|100%| S|CS|TAMS 0x0000000663300000, 0x0000000663300000| Complete 
| 564|0x0000000663400000, 0x0000000663500000, 0x0000000663500000|100%| S|CS|TAMS 0x0000000663400000, 0x0000000663400000| Complete 
| 565|0x0000000663500000, 0x0000000663600000, 0x0000000663600000|100%| S|CS|TAMS 0x0000000663500000, 0x0000000663500000| Complete 
| 566|0x0000000663600000, 0x0000000663700000, 0x0000000663700000|100%| S|CS|TAMS 0x0000000663600000, 0x0000000663600000| Complete 
| 567|0x0000000663700000, 0x0000000663800000, 0x0000000663800000|100%| S|CS|TAMS 0x0000000663700000, 0x0000000663700000| Complete 
| 568|0x0000000663800000, 0x0000000663800000, 0x0000000663900000|  0%| F|  |TAMS 0x0000000663800000, 0x0000000663800000| Untracked 
| 569|0x0000000663900000, 0x0000000663900000, 0x0000000663a00000|  0%| F|  |TAMS 0x0000000663900000, 0x0000000663900000| Untracked 
| 570|0x0000000663a00000, 0x0000000663a00000, 0x0000000663b00000|  0%| F|  |TAMS 0x0000000663a00000, 0x0000000663a00000| Untracked 
| 571|0x0000000663b00000, 0x0000000663b00000, 0x0000000663c00000|  0%| F|  |TAMS 0x0000000663b00000, 0x0000000663b00000| Untracked 
| 572|0x0000000663c00000, 0x0000000663c00000, 0x0000000663d00000|  0%| F|  |TAMS 0x0000000663c00000, 0x0000000663c00000| Untracked 
| 573|0x0000000663d00000, 0x0000000663d00000, 0x0000000663e00000|  0%| F|  |TAMS 0x0000000663d00000, 0x0000000663d00000| Untracked 
| 574|0x0000000663e00000, 0x0000000663e00000, 0x0000000663f00000|  0%| F|  |TAMS 0x0000000663e00000, 0x0000000663e00000| Untracked 
| 575|0x0000000663f00000, 0x0000000663f00000, 0x0000000664000000|  0%| F|  |TAMS 0x0000000663f00000, 0x0000000663f00000| Untracked 
| 576|0x0000000664000000, 0x0000000664000000, 0x0000000664100000|  0%| F|  |TAMS 0x0000000664000000, 0x0000000664000000| Untracked 
| 577|0x0000000664100000, 0x0000000664100000, 0x0000000664200000|  0%| F|  |TAMS 0x0000000664100000, 0x0000000664100000| Untracked 
| 578|0x0000000664200000, 0x0000000664200000, 0x0000000664300000|  0%| F|  |TAMS 0x0000000664200000, 0x0000000664200000| Untracked 
| 579|0x0000000664300000, 0x0000000664300000, 0x0000000664400000|  0%| F|  |TAMS 0x0000000664300000, 0x0000000664300000| Untracked 
| 580|0x0000000664400000, 0x0000000664400000, 0x0000000664500000|  0%| F|  |TAMS 0x0000000664400000, 0x0000000664400000| Untracked 
| 581|0x0000000664500000, 0x0000000664500000, 0x0000000664600000|  0%| F|  |TAMS 0x0000000664500000, 0x0000000664500000| Untracked 
| 582|0x0000000664600000, 0x0000000664600000, 0x0000000664700000|  0%| F|  |TAMS 0x0000000664600000, 0x0000000664600000| Untracked 
| 583|0x0000000664700000, 0x0000000664700000, 0x0000000664800000|  0%| F|  |TAMS 0x0000000664700000, 0x0000000664700000| Untracked 
| 584|0x0000000664800000, 0x0000000664800000, 0x0000000664900000|  0%| F|  |TAMS 0x0000000664800000, 0x0000000664800000| Untracked 
| 585|0x0000000664900000, 0x0000000664900000, 0x0000000664a00000|  0%| F|  |TAMS 0x0000000664900000, 0x0000000664900000| Untracked 
| 586|0x0000000664a00000, 0x0000000664a00000, 0x0000000664b00000|  0%| F|  |TAMS 0x0000000664a00000, 0x0000000664a00000| Untracked 
| 587|0x0000000664b00000, 0x0000000664b00000, 0x0000000664c00000|  0%| F|  |TAMS 0x0000000664b00000, 0x0000000664b00000| Untracked 
| 588|0x0000000664c00000, 0x0000000664c00000, 0x0000000664d00000|  0%| F|  |TAMS 0x0000000664c00000, 0x0000000664c00000| Untracked 
| 589|0x0000000664d00000, 0x0000000664d00000, 0x0000000664e00000|  0%| F|  |TAMS 0x0000000664d00000, 0x0000000664d00000| Untracked 
| 590|0x0000000664e00000, 0x0000000664e00000, 0x0000000664f00000|  0%| F|  |TAMS 0x0000000664e00000, 0x0000000664e00000| Untracked 
| 591|0x0000000664f00000, 0x0000000664f00000, 0x0000000665000000|  0%| F|  |TAMS 0x0000000664f00000, 0x0000000664f00000| Untracked 
| 592|0x0000000665000000, 0x0000000665000000, 0x0000000665100000|  0%| F|  |TAMS 0x0000000665000000, 0x0000000665000000| Untracked 
| 593|0x0000000665100000, 0x0000000665100000, 0x0000000665200000|  0%| F|  |TAMS 0x0000000665100000, 0x0000000665100000| Untracked 
| 594|0x0000000665200000, 0x0000000665200000, 0x0000000665300000|  0%| F|  |TAMS 0x0000000665200000, 0x0000000665200000| Untracked 
| 595|0x0000000665300000, 0x0000000665300000, 0x0000000665400000|  0%| F|  |TAMS 0x0000000665300000, 0x0000000665300000| Untracked 
| 596|0x0000000665400000, 0x0000000665400000, 0x0000000665500000|  0%| F|  |TAMS 0x0000000665400000, 0x0000000665400000| Untracked 
| 597|0x0000000665500000, 0x0000000665500000, 0x0000000665600000|  0%| F|  |TAMS 0x0000000665500000, 0x0000000665500000| Untracked 
| 598|0x0000000665600000, 0x0000000665600000, 0x0000000665700000|  0%| F|  |TAMS 0x0000000665600000, 0x0000000665600000| Untracked 
| 599|0x0000000665700000, 0x0000000665800000, 0x0000000665800000|100%| S|CS|TAMS 0x0000000665700000, 0x0000000665700000| Complete 
| 600|0x0000000665800000, 0x0000000665800000, 0x0000000665900000|  0%| F|  |TAMS 0x0000000665800000, 0x0000000665800000| Untracked 
| 601|0x0000000665900000, 0x0000000665900000, 0x0000000665a00000|  0%| F|  |TAMS 0x0000000665900000, 0x0000000665900000| Untracked 
| 602|0x0000000665a00000, 0x0000000665a00000, 0x0000000665b00000|  0%| F|  |TAMS 0x0000000665a00000, 0x0000000665a00000| Untracked 
| 603|0x0000000665b00000, 0x0000000665b00000, 0x0000000665c00000|  0%| F|  |TAMS 0x0000000665b00000, 0x0000000665b00000| Untracked 
| 604|0x0000000665c00000, 0x0000000665c00000, 0x0000000665d00000|  0%| F|  |TAMS 0x0000000665c00000, 0x0000000665c00000| Untracked 
| 605|0x0000000665d00000, 0x0000000665d00000, 0x0000000665e00000|  0%| F|  |TAMS 0x0000000665d00000, 0x0000000665d00000| Untracked 
| 606|0x0000000665e00000, 0x0000000665e00000, 0x0000000665f00000|  0%| F|  |TAMS 0x0000000665e00000, 0x0000000665e00000| Untracked 
| 607|0x0000000665f00000, 0x0000000665f00000, 0x0000000666000000|  0%| F|  |TAMS 0x0000000665f00000, 0x0000000665f00000| Untracked 
| 608|0x0000000666000000, 0x0000000666000000, 0x0000000666100000|  0%| F|  |TAMS 0x0000000666000000, 0x0000000666000000| Untracked 
| 609|0x0000000666100000, 0x0000000666100000, 0x0000000666200000|  0%| F|  |TAMS 0x0000000666100000, 0x0000000666100000| Untracked 
| 610|0x0000000666200000, 0x0000000666200000, 0x0000000666300000|  0%| F|  |TAMS 0x0000000666200000, 0x0000000666200000| Untracked 
| 611|0x0000000666300000, 0x0000000666300000, 0x0000000666400000|  0%| F|  |TAMS 0x0000000666300000, 0x0000000666300000| Untracked 
| 612|0x0000000666400000, 0x0000000666400000, 0x0000000666500000|  0%| F|  |TAMS 0x0000000666400000, 0x0000000666400000| Untracked 
| 613|0x0000000666500000, 0x0000000666500000, 0x0000000666600000|  0%| F|  |TAMS 0x0000000666500000, 0x0000000666500000| Untracked 
| 614|0x0000000666600000, 0x0000000666600000, 0x0000000666700000|  0%| F|  |TAMS 0x0000000666600000, 0x0000000666600000| Untracked 
| 615|0x0000000666700000, 0x0000000666700000, 0x0000000666800000|  0%| F|  |TAMS 0x0000000666700000, 0x0000000666700000| Untracked 
| 616|0x0000000666800000, 0x0000000666800000, 0x0000000666900000|  0%| F|  |TAMS 0x0000000666800000, 0x0000000666800000| Untracked 
| 617|0x0000000666900000, 0x0000000666900000, 0x0000000666a00000|  0%| F|  |TAMS 0x0000000666900000, 0x0000000666900000| Untracked 
| 618|0x0000000666a00000, 0x0000000666a00000, 0x0000000666b00000|  0%| F|  |TAMS 0x0000000666a00000, 0x0000000666a00000| Untracked 
| 619|0x0000000666b00000, 0x0000000666b00000, 0x0000000666c00000|  0%| F|  |TAMS 0x0000000666b00000, 0x0000000666b00000| Untracked 
| 620|0x0000000666c00000, 0x0000000666c00000, 0x0000000666d00000|  0%| F|  |TAMS 0x0000000666c00000, 0x0000000666c00000| Untracked 
| 621|0x0000000666d00000, 0x0000000666d00000, 0x0000000666e00000|  0%| F|  |TAMS 0x0000000666d00000, 0x0000000666d00000| Untracked 
| 622|0x0000000666e00000, 0x0000000666e00000, 0x0000000666f00000|  0%| F|  |TAMS 0x0000000666e00000, 0x0000000666e00000| Untracked 
| 623|0x0000000666f00000, 0x0000000666f00000, 0x0000000667000000|  0%| F|  |TAMS 0x0000000666f00000, 0x0000000666f00000| Untracked 
| 624|0x0000000667000000, 0x0000000667000000, 0x0000000667100000|  0%| F|  |TAMS 0x0000000667000000, 0x0000000667000000| Untracked 
| 625|0x0000000667100000, 0x0000000667100000, 0x0000000667200000|  0%| F|  |TAMS 0x0000000667100000, 0x0000000667100000| Untracked 
| 626|0x0000000667200000, 0x0000000667200000, 0x0000000667300000|  0%| F|  |TAMS 0x0000000667200000, 0x0000000667200000| Untracked 
| 627|0x0000000667300000, 0x0000000667300000, 0x0000000667400000|  0%| F|  |TAMS 0x0000000667300000, 0x0000000667300000| Untracked 
| 628|0x0000000667400000, 0x0000000667400000, 0x0000000667500000|  0%| F|  |TAMS 0x0000000667400000, 0x0000000667400000| Untracked 
| 629|0x0000000667500000, 0x0000000667500000, 0x0000000667600000|  0%| F|  |TAMS 0x0000000667500000, 0x0000000667500000| Untracked 
| 630|0x0000000667600000, 0x0000000667600000, 0x0000000667700000|  0%| F|  |TAMS 0x0000000667600000, 0x0000000667600000| Untracked 
| 631|0x0000000667700000, 0x0000000667700000, 0x0000000667800000|  0%| F|  |TAMS 0x0000000667700000, 0x0000000667700000| Untracked 
| 632|0x0000000667800000, 0x0000000667800000, 0x0000000667900000|  0%| F|  |TAMS 0x0000000667800000, 0x0000000667800000| Untracked 
| 633|0x0000000667900000, 0x0000000667900000, 0x0000000667a00000|  0%| F|  |TAMS 0x0000000667900000, 0x0000000667900000| Untracked 
| 634|0x0000000667a00000, 0x0000000667a00000, 0x0000000667b00000|  0%| F|  |TAMS 0x0000000667a00000, 0x0000000667a00000| Untracked 
| 635|0x0000000667b00000, 0x0000000667b00000, 0x0000000667c00000|  0%| F|  |TAMS 0x0000000667b00000, 0x0000000667b00000| Untracked 
| 636|0x0000000667c00000, 0x0000000667c00000, 0x0000000667d00000|  0%| F|  |TAMS 0x0000000667c00000, 0x0000000667c00000| Untracked 
| 637|0x0000000667d00000, 0x0000000667d00000, 0x0000000667e00000|  0%| F|  |TAMS 0x0000000667d00000, 0x0000000667d00000| Untracked 
| 638|0x0000000667e00000, 0x0000000667e00000, 0x0000000667f00000|  0%| F|  |TAMS 0x0000000667e00000, 0x0000000667e00000| Untracked 
| 639|0x0000000667f00000, 0x0000000667f00000, 0x0000000668000000|  0%| F|  |TAMS 0x0000000667f00000, 0x0000000667f00000| Untracked 
| 640|0x0000000668000000, 0x0000000668000000, 0x0000000668100000|  0%| F|  |TAMS 0x0000000668000000, 0x0000000668000000| Untracked 
| 641|0x0000000668100000, 0x0000000668100000, 0x0000000668200000|  0%| F|  |TAMS 0x0000000668100000, 0x0000000668100000| Untracked 
| 642|0x0000000668200000, 0x0000000668200000, 0x0000000668300000|  0%| F|  |TAMS 0x0000000668200000, 0x0000000668200000| Untracked 
| 643|0x0000000668300000, 0x0000000668300000, 0x0000000668400000|  0%| F|  |TAMS 0x0000000668300000, 0x0000000668300000| Untracked 
| 644|0x0000000668400000, 0x0000000668400000, 0x0000000668500000|  0%| F|  |TAMS 0x0000000668400000, 0x0000000668400000| Untracked 
| 645|0x0000000668500000, 0x0000000668500000, 0x0000000668600000|  0%| F|  |TAMS 0x0000000668500000, 0x0000000668500000| Untracked 
| 646|0x0000000668600000, 0x0000000668600000, 0x0000000668700000|  0%| F|  |TAMS 0x0000000668600000, 0x0000000668600000| Untracked 
| 647|0x0000000668700000, 0x0000000668700000, 0x0000000668800000|  0%| F|  |TAMS 0x0000000668700000, 0x0000000668700000| Untracked 
| 648|0x0000000668800000, 0x0000000668800000, 0x0000000668900000|  0%| F|  |TAMS 0x0000000668800000, 0x0000000668800000| Untracked 
| 649|0x0000000668900000, 0x0000000668900000, 0x0000000668a00000|  0%| F|  |TAMS 0x0000000668900000, 0x0000000668900000| Untracked 
| 650|0x0000000668a00000, 0x0000000668a00000, 0x0000000668b00000|  0%| F|  |TAMS 0x0000000668a00000, 0x0000000668a00000| Untracked 
| 651|0x0000000668b00000, 0x0000000668b00000, 0x0000000668c00000|  0%| F|  |TAMS 0x0000000668b00000, 0x0000000668b00000| Untracked 
| 652|0x0000000668c00000, 0x0000000668c00000, 0x0000000668d00000|  0%| F|  |TAMS 0x0000000668c00000, 0x0000000668c00000| Untracked 
| 653|0x0000000668d00000, 0x0000000668d00000, 0x0000000668e00000|  0%| F|  |TAMS 0x0000000668d00000, 0x0000000668d00000| Untracked 
| 654|0x0000000668e00000, 0x0000000668e00000, 0x0000000668f00000|  0%| F|  |TAMS 0x0000000668e00000, 0x0000000668e00000| Untracked 
| 655|0x0000000668f00000, 0x0000000668f00000, 0x0000000669000000|  0%| F|  |TAMS 0x0000000668f00000, 0x0000000668f00000| Untracked 
| 656|0x0000000669000000, 0x0000000669000000, 0x0000000669100000|  0%| F|  |TAMS 0x0000000669000000, 0x0000000669000000| Untracked 
| 657|0x0000000669100000, 0x0000000669100000, 0x0000000669200000|  0%| F|  |TAMS 0x0000000669100000, 0x0000000669100000| Untracked 
| 658|0x0000000669200000, 0x0000000669200000, 0x0000000669300000|  0%| F|  |TAMS 0x0000000669200000, 0x0000000669200000| Untracked 
| 659|0x0000000669300000, 0x0000000669300000, 0x0000000669400000|  0%| F|  |TAMS 0x0000000669300000, 0x0000000669300000| Untracked 
| 660|0x0000000669400000, 0x0000000669400000, 0x0000000669500000|  0%| F|  |TAMS 0x0000000669400000, 0x0000000669400000| Untracked 
| 661|0x0000000669500000, 0x0000000669500000, 0x0000000669600000|  0%| F|  |TAMS 0x0000000669500000, 0x0000000669500000| Untracked 
| 662|0x0000000669600000, 0x0000000669600000, 0x0000000669700000|  0%| F|  |TAMS 0x0000000669600000, 0x0000000669600000| Untracked 
| 663|0x0000000669700000, 0x0000000669700000, 0x0000000669800000|  0%| F|  |TAMS 0x0000000669700000, 0x0000000669700000| Untracked 
| 664|0x0000000669800000, 0x0000000669800000, 0x0000000669900000|  0%| F|  |TAMS 0x0000000669800000, 0x0000000669800000| Untracked 
| 665|0x0000000669900000, 0x0000000669900000, 0x0000000669a00000|  0%| F|  |TAMS 0x0000000669900000, 0x0000000669900000| Untracked 
| 666|0x0000000669a00000, 0x0000000669a00000, 0x0000000669b00000|  0%| F|  |TAMS 0x0000000669a00000, 0x0000000669a00000| Untracked 
| 667|0x0000000669b00000, 0x0000000669b00000, 0x0000000669c00000|  0%| F|  |TAMS 0x0000000669b00000, 0x0000000669b00000| Untracked 
| 668|0x0000000669c00000, 0x0000000669c00000, 0x0000000669d00000|  0%| F|  |TAMS 0x0000000669c00000, 0x0000000669c00000| Untracked 
| 669|0x0000000669d00000, 0x0000000669d00000, 0x0000000669e00000|  0%| F|  |TAMS 0x0000000669d00000, 0x0000000669d00000| Untracked 
| 670|0x0000000669e00000, 0x0000000669e00000, 0x0000000669f00000|  0%| F|  |TAMS 0x0000000669e00000, 0x0000000669e00000| Untracked 
| 671|0x0000000669f00000, 0x0000000669f00000, 0x000000066a000000|  0%| F|  |TAMS 0x0000000669f00000, 0x0000000669f00000| Untracked 
| 672|0x000000066a000000, 0x000000066a000000, 0x000000066a100000|  0%| F|  |TAMS 0x000000066a000000, 0x000000066a000000| Untracked 
| 673|0x000000066a100000, 0x000000066a100000, 0x000000066a200000|  0%| F|  |TAMS 0x000000066a100000, 0x000000066a100000| Untracked 
| 674|0x000000066a200000, 0x000000066a200000, 0x000000066a300000|  0%| F|  |TAMS 0x000000066a200000, 0x000000066a200000| Untracked 
| 675|0x000000066a300000, 0x000000066a300000, 0x000000066a400000|  0%| F|  |TAMS 0x000000066a300000, 0x000000066a300000| Untracked 
| 676|0x000000066a400000, 0x000000066a400000, 0x000000066a500000|  0%| F|  |TAMS 0x000000066a400000, 0x000000066a400000| Untracked 
| 677|0x000000066a500000, 0x000000066a500000, 0x000000066a600000|  0%| F|  |TAMS 0x000000066a500000, 0x000000066a500000| Untracked 
| 678|0x000000066a600000, 0x000000066a600000, 0x000000066a700000|  0%| F|  |TAMS 0x000000066a600000, 0x000000066a600000| Untracked 
| 679|0x000000066a700000, 0x000000066a700000, 0x000000066a800000|  0%| F|  |TAMS 0x000000066a700000, 0x000000066a700000| Untracked 
| 680|0x000000066a800000, 0x000000066a800000, 0x000000066a900000|  0%| F|  |TAMS 0x000000066a800000, 0x000000066a800000| Untracked 
| 681|0x000000066a900000, 0x000000066a900000, 0x000000066aa00000|  0%| F|  |TAMS 0x000000066a900000, 0x000000066a900000| Untracked 
| 682|0x000000066aa00000, 0x000000066aa00000, 0x000000066ab00000|  0%| F|  |TAMS 0x000000066aa00000, 0x000000066aa00000| Untracked 
| 683|0x000000066ab00000, 0x000000066ab00000, 0x000000066ac00000|  0%| F|  |TAMS 0x000000066ab00000, 0x000000066ab00000| Untracked 
| 684|0x000000066ac00000, 0x000000066ac00000, 0x000000066ad00000|  0%| F|  |TAMS 0x000000066ac00000, 0x000000066ac00000| Untracked 
| 685|0x000000066ad00000, 0x000000066ad00000, 0x000000066ae00000|  0%| F|  |TAMS 0x000000066ad00000, 0x000000066ad00000| Untracked 
| 686|0x000000066ae00000, 0x000000066ae00000, 0x000000066af00000|  0%| F|  |TAMS 0x000000066ae00000, 0x000000066ae00000| Untracked 
| 687|0x000000066af00000, 0x000000066af00000, 0x000000066b000000|  0%| F|  |TAMS 0x000000066af00000, 0x000000066af00000| Untracked 
| 688|0x000000066b000000, 0x000000066b000000, 0x000000066b100000|  0%| F|  |TAMS 0x000000066b000000, 0x000000066b000000| Untracked 
| 689|0x000000066b100000, 0x000000066b100000, 0x000000066b200000|  0%| F|  |TAMS 0x000000066b100000, 0x000000066b100000| Untracked 
| 690|0x000000066b200000, 0x000000066b200000, 0x000000066b300000|  0%| F|  |TAMS 0x000000066b200000, 0x000000066b200000| Untracked 
| 691|0x000000066b300000, 0x000000066b300000, 0x000000066b400000|  0%| F|  |TAMS 0x000000066b300000, 0x000000066b300000| Untracked 
| 692|0x000000066b400000, 0x000000066b400000, 0x000000066b500000|  0%| F|  |TAMS 0x000000066b400000, 0x000000066b400000| Untracked 
| 693|0x000000066b500000, 0x000000066b500000, 0x000000066b600000|  0%| F|  |TAMS 0x000000066b500000, 0x000000066b500000| Untracked 
| 694|0x000000066b600000, 0x000000066b600000, 0x000000066b700000|  0%| F|  |TAMS 0x000000066b600000, 0x000000066b600000| Untracked 
| 695|0x000000066b700000, 0x000000066b700000, 0x000000066b800000|  0%| F|  |TAMS 0x000000066b700000, 0x000000066b700000| Untracked 
| 696|0x000000066b800000, 0x000000066b800000, 0x000000066b900000|  0%| F|  |TAMS 0x000000066b800000, 0x000000066b800000| Untracked 
| 697|0x000000066b900000, 0x000000066b900000, 0x000000066ba00000|  0%| F|  |TAMS 0x000000066b900000, 0x000000066b900000| Untracked 
| 698|0x000000066ba00000, 0x000000066ba00000, 0x000000066bb00000|  0%| F|  |TAMS 0x000000066ba00000, 0x000000066ba00000| Untracked 
| 699|0x000000066bb00000, 0x000000066bb00000, 0x000000066bc00000|  0%| F|  |TAMS 0x000000066bb00000, 0x000000066bb00000| Untracked 
| 700|0x000000066bc00000, 0x000000066bc00000, 0x000000066bd00000|  0%| F|  |TAMS 0x000000066bc00000, 0x000000066bc00000| Untracked 
| 701|0x000000066bd00000, 0x000000066bd00000, 0x000000066be00000|  0%| F|  |TAMS 0x000000066bd00000, 0x000000066bd00000| Untracked 
| 702|0x000000066be00000, 0x000000066be00000, 0x000000066bf00000|  0%| F|  |TAMS 0x000000066be00000, 0x000000066be00000| Untracked 
| 703|0x000000066bf00000, 0x000000066bf00000, 0x000000066c000000|  0%| F|  |TAMS 0x000000066bf00000, 0x000000066bf00000| Untracked 
| 704|0x000000066c000000, 0x000000066c000000, 0x000000066c100000|  0%| F|  |TAMS 0x000000066c000000, 0x000000066c000000| Untracked 
| 705|0x000000066c100000, 0x000000066c100000, 0x000000066c200000|  0%| F|  |TAMS 0x000000066c100000, 0x000000066c100000| Untracked 
| 706|0x000000066c200000, 0x000000066c200000, 0x000000066c300000|  0%| F|  |TAMS 0x000000066c200000, 0x000000066c200000| Untracked 
| 707|0x000000066c300000, 0x000000066c300000, 0x000000066c400000|  0%| F|  |TAMS 0x000000066c300000, 0x000000066c300000| Untracked 
| 708|0x000000066c400000, 0x000000066c400000, 0x000000066c500000|  0%| F|  |TAMS 0x000000066c400000, 0x000000066c400000| Untracked 
| 709|0x000000066c500000, 0x000000066c500000, 0x000000066c600000|  0%| F|  |TAMS 0x000000066c500000, 0x000000066c500000| Untracked 
| 710|0x000000066c600000, 0x000000066c600000, 0x000000066c700000|  0%| F|  |TAMS 0x000000066c600000, 0x000000066c600000| Untracked 
| 711|0x000000066c700000, 0x000000066c700000, 0x000000066c800000|  0%| F|  |TAMS 0x000000066c700000, 0x000000066c700000| Untracked 
| 712|0x000000066c800000, 0x000000066c800000, 0x000000066c900000|  0%| F|  |TAMS 0x000000066c800000, 0x000000066c800000| Untracked 
| 713|0x000000066c900000, 0x000000066c900000, 0x000000066ca00000|  0%| F|  |TAMS 0x000000066c900000, 0x000000066c900000| Untracked 
| 714|0x000000066ca00000, 0x000000066ca00000, 0x000000066cb00000|  0%| F|  |TAMS 0x000000066ca00000, 0x000000066ca00000| Untracked 
| 715|0x000000066cb00000, 0x000000066cb00000, 0x000000066cc00000|  0%| F|  |TAMS 0x000000066cb00000, 0x000000066cb00000| Untracked 
| 716|0x000000066cc00000, 0x000000066cc00000, 0x000000066cd00000|  0%| F|  |TAMS 0x000000066cc00000, 0x000000066cc00000| Untracked 
| 717|0x000000066cd00000, 0x000000066cd00000, 0x000000066ce00000|  0%| F|  |TAMS 0x000000066cd00000, 0x000000066cd00000| Untracked 
| 718|0x000000066ce00000, 0x000000066ce00000, 0x000000066cf00000|  0%| F|  |TAMS 0x000000066ce00000, 0x000000066ce00000| Untracked 
| 719|0x000000066cf00000, 0x000000066cf00000, 0x000000066d000000|  0%| F|  |TAMS 0x000000066cf00000, 0x000000066cf00000| Untracked 
| 720|0x000000066d000000, 0x000000066d000000, 0x000000066d100000|  0%| F|  |TAMS 0x000000066d000000, 0x000000066d000000| Untracked 
| 721|0x000000066d100000, 0x000000066d100000, 0x000000066d200000|  0%| F|  |TAMS 0x000000066d100000, 0x000000066d100000| Untracked 
| 722|0x000000066d200000, 0x000000066d200000, 0x000000066d300000|  0%| F|  |TAMS 0x000000066d200000, 0x000000066d200000| Untracked 
| 723|0x000000066d300000, 0x000000066d300000, 0x000000066d400000|  0%| F|  |TAMS 0x000000066d300000, 0x000000066d300000| Untracked 
| 724|0x000000066d400000, 0x000000066d400000, 0x000000066d500000|  0%| F|  |TAMS 0x000000066d400000, 0x000000066d400000| Untracked 
| 725|0x000000066d500000, 0x000000066d500000, 0x000000066d600000|  0%| F|  |TAMS 0x000000066d500000, 0x000000066d500000| Untracked 
| 726|0x000000066d600000, 0x000000066d600000, 0x000000066d700000|  0%| F|  |TAMS 0x000000066d600000, 0x000000066d600000| Untracked 
| 727|0x000000066d700000, 0x000000066d700000, 0x000000066d800000|  0%| F|  |TAMS 0x000000066d700000, 0x000000066d700000| Untracked 
| 728|0x000000066d800000, 0x000000066d800000, 0x000000066d900000|  0%| F|  |TAMS 0x000000066d800000, 0x000000066d800000| Untracked 
| 729|0x000000066d900000, 0x000000066d900000, 0x000000066da00000|  0%| F|  |TAMS 0x000000066d900000, 0x000000066d900000| Untracked 
| 730|0x000000066da00000, 0x000000066da00000, 0x000000066db00000|  0%| F|  |TAMS 0x000000066da00000, 0x000000066da00000| Untracked 
| 731|0x000000066db00000, 0x000000066db00000, 0x000000066dc00000|  0%| F|  |TAMS 0x000000066db00000, 0x000000066db00000| Untracked 
| 732|0x000000066dc00000, 0x000000066dc00000, 0x000000066dd00000|  0%| F|  |TAMS 0x000000066dc00000, 0x000000066dc00000| Untracked 
| 733|0x000000066dd00000, 0x000000066dd00000, 0x000000066de00000|  0%| F|  |TAMS 0x000000066dd00000, 0x000000066dd00000| Untracked 
| 734|0x000000066de00000, 0x000000066de00000, 0x000000066df00000|  0%| F|  |TAMS 0x000000066de00000, 0x000000066de00000| Untracked 
| 735|0x000000066df00000, 0x000000066df00000, 0x000000066e000000|  0%| F|  |TAMS 0x000000066df00000, 0x000000066df00000| Untracked 
| 736|0x000000066e000000, 0x000000066e000000, 0x000000066e100000|  0%| F|  |TAMS 0x000000066e000000, 0x000000066e000000| Untracked 
| 737|0x000000066e100000, 0x000000066e100000, 0x000000066e200000|  0%| F|  |TAMS 0x000000066e100000, 0x000000066e100000| Untracked 
| 738|0x000000066e200000, 0x000000066e200000, 0x000000066e300000|  0%| F|  |TAMS 0x000000066e200000, 0x000000066e200000| Untracked 
| 739|0x000000066e300000, 0x000000066e300000, 0x000000066e400000|  0%| F|  |TAMS 0x000000066e300000, 0x000000066e300000| Untracked 
| 740|0x000000066e400000, 0x000000066e400000, 0x000000066e500000|  0%| F|  |TAMS 0x000000066e400000, 0x000000066e400000| Untracked 
| 741|0x000000066e500000, 0x000000066e500000, 0x000000066e600000|  0%| F|  |TAMS 0x000000066e500000, 0x000000066e500000| Untracked 
| 742|0x000000066e600000, 0x000000066e600000, 0x000000066e700000|  0%| F|  |TAMS 0x000000066e600000, 0x000000066e600000| Untracked 
| 743|0x000000066e700000, 0x000000066e700000, 0x000000066e800000|  0%| F|  |TAMS 0x000000066e700000, 0x000000066e700000| Untracked 
| 744|0x000000066e800000, 0x000000066e800000, 0x000000066e900000|  0%| F|  |TAMS 0x000000066e800000, 0x000000066e800000| Untracked 
| 745|0x000000066e900000, 0x000000066e900000, 0x000000066ea00000|  0%| F|  |TAMS 0x000000066e900000, 0x000000066e900000| Untracked 
| 746|0x000000066ea00000, 0x000000066ea00000, 0x000000066eb00000|  0%| F|  |TAMS 0x000000066ea00000, 0x000000066ea00000| Untracked 
| 747|0x000000066eb00000, 0x000000066eb00000, 0x000000066ec00000|  0%| F|  |TAMS 0x000000066eb00000, 0x000000066eb00000| Untracked 
| 748|0x000000066ec00000, 0x000000066ec00000, 0x000000066ed00000|  0%| F|  |TAMS 0x000000066ec00000, 0x000000066ec00000| Untracked 
| 749|0x000000066ed00000, 0x000000066ed00000, 0x000000066ee00000|  0%| F|  |TAMS 0x000000066ed00000, 0x000000066ed00000| Untracked 
| 750|0x000000066ee00000, 0x000000066ee00000, 0x000000066ef00000|  0%| F|  |TAMS 0x000000066ee00000, 0x000000066ee00000| Untracked 
| 751|0x000000066ef00000, 0x000000066ef00000, 0x000000066f000000|  0%| F|  |TAMS 0x000000066ef00000, 0x000000066ef00000| Untracked 
| 752|0x000000066f000000, 0x000000066f000000, 0x000000066f100000|  0%| F|  |TAMS 0x000000066f000000, 0x000000066f000000| Untracked 
| 753|0x000000066f100000, 0x000000066f100000, 0x000000066f200000|  0%| F|  |TAMS 0x000000066f100000, 0x000000066f100000| Untracked 
| 754|0x000000066f200000, 0x000000066f200000, 0x000000066f300000|  0%| F|  |TAMS 0x000000066f200000, 0x000000066f200000| Untracked 
| 755|0x000000066f300000, 0x000000066f300000, 0x000000066f400000|  0%| F|  |TAMS 0x000000066f300000, 0x000000066f300000| Untracked 
| 756|0x000000066f400000, 0x000000066f400000, 0x000000066f500000|  0%| F|  |TAMS 0x000000066f400000, 0x000000066f400000| Untracked 
| 757|0x000000066f500000, 0x000000066f500000, 0x000000066f600000|  0%| F|  |TAMS 0x000000066f500000, 0x000000066f500000| Untracked 
| 758|0x000000066f600000, 0x000000066f600000, 0x000000066f700000|  0%| F|  |TAMS 0x000000066f600000, 0x000000066f600000| Untracked 
| 759|0x000000066f700000, 0x000000066f700000, 0x000000066f800000|  0%| F|  |TAMS 0x000000066f700000, 0x000000066f700000| Untracked 
| 760|0x000000066f800000, 0x000000066f800000, 0x000000066f900000|  0%| F|  |TAMS 0x000000066f800000, 0x000000066f800000| Untracked 
| 761|0x000000066f900000, 0x000000066f900000, 0x000000066fa00000|  0%| F|  |TAMS 0x000000066f900000, 0x000000066f900000| Untracked 
| 762|0x000000066fa00000, 0x000000066fa00000, 0x000000066fb00000|  0%| F|  |TAMS 0x000000066fa00000, 0x000000066fa00000| Untracked 
| 763|0x000000066fb00000, 0x000000066fb00000, 0x000000066fc00000|  0%| F|  |TAMS 0x000000066fb00000, 0x000000066fb00000| Untracked 
| 764|0x000000066fc00000, 0x000000066fc00000, 0x000000066fd00000|  0%| F|  |TAMS 0x000000066fc00000, 0x000000066fc00000| Untracked 
| 765|0x000000066fd00000, 0x000000066fd00000, 0x000000066fe00000|  0%| F|  |TAMS 0x000000066fd00000, 0x000000066fd00000| Untracked 
| 766|0x000000066fe00000, 0x000000066fe00000, 0x000000066ff00000|  0%| F|  |TAMS 0x000000066fe00000, 0x000000066fe00000| Untracked 
| 767|0x000000066ff00000, 0x000000066ff00000, 0x0000000670000000|  0%| F|  |TAMS 0x000000066ff00000, 0x000000066ff00000| Untracked 
| 768|0x0000000670000000, 0x0000000670000000, 0x0000000670100000|  0%| F|  |TAMS 0x0000000670000000, 0x0000000670000000| Untracked 
| 769|0x0000000670100000, 0x0000000670100000, 0x0000000670200000|  0%| F|  |TAMS 0x0000000670100000, 0x0000000670100000| Untracked 
| 770|0x0000000670200000, 0x0000000670200000, 0x0000000670300000|  0%| F|  |TAMS 0x0000000670200000, 0x0000000670200000| Untracked 
| 771|0x0000000670300000, 0x0000000670300000, 0x0000000670400000|  0%| F|  |TAMS 0x0000000670300000, 0x0000000670300000| Untracked 
| 772|0x0000000670400000, 0x0000000670400000, 0x0000000670500000|  0%| F|  |TAMS 0x0000000670400000, 0x0000000670400000| Untracked 
| 773|0x0000000670500000, 0x0000000670500000, 0x0000000670600000|  0%| F|  |TAMS 0x0000000670500000, 0x0000000670500000| Untracked 
| 774|0x0000000670600000, 0x0000000670600000, 0x0000000670700000|  0%| F|  |TAMS 0x0000000670600000, 0x0000000670600000| Untracked 
| 775|0x0000000670700000, 0x0000000670700000, 0x0000000670800000|  0%| F|  |TAMS 0x0000000670700000, 0x0000000670700000| Untracked 
| 776|0x0000000670800000, 0x0000000670800000, 0x0000000670900000|  0%| F|  |TAMS 0x0000000670800000, 0x0000000670800000| Untracked 
| 777|0x0000000670900000, 0x0000000670900000, 0x0000000670a00000|  0%| F|  |TAMS 0x0000000670900000, 0x0000000670900000| Untracked 
| 778|0x0000000670a00000, 0x0000000670a00000, 0x0000000670b00000|  0%| F|  |TAMS 0x0000000670a00000, 0x0000000670a00000| Untracked 
| 779|0x0000000670b00000, 0x0000000670b00000, 0x0000000670c00000|  0%| F|  |TAMS 0x0000000670b00000, 0x0000000670b00000| Untracked 
| 780|0x0000000670c00000, 0x0000000670c00000, 0x0000000670d00000|  0%| F|  |TAMS 0x0000000670c00000, 0x0000000670c00000| Untracked 
| 781|0x0000000670d00000, 0x0000000670d00000, 0x0000000670e00000|  0%| F|  |TAMS 0x0000000670d00000, 0x0000000670d00000| Untracked 
| 782|0x0000000670e00000, 0x0000000670e00000, 0x0000000670f00000|  0%| F|  |TAMS 0x0000000670e00000, 0x0000000670e00000| Untracked 
| 783|0x0000000670f00000, 0x0000000670f00000, 0x0000000671000000|  0%| F|  |TAMS 0x0000000670f00000, 0x0000000670f00000| Untracked 
| 784|0x0000000671000000, 0x0000000671000000, 0x0000000671100000|  0%| F|  |TAMS 0x0000000671000000, 0x0000000671000000| Untracked 
| 785|0x0000000671100000, 0x0000000671100000, 0x0000000671200000|  0%| F|  |TAMS 0x0000000671100000, 0x0000000671100000| Untracked 
| 786|0x0000000671200000, 0x0000000671200000, 0x0000000671300000|  0%| F|  |TAMS 0x0000000671200000, 0x0000000671200000| Untracked 
| 787|0x0000000671300000, 0x0000000671300000, 0x0000000671400000|  0%| F|  |TAMS 0x0000000671300000, 0x0000000671300000| Untracked 
| 788|0x0000000671400000, 0x0000000671400000, 0x0000000671500000|  0%| F|  |TAMS 0x0000000671400000, 0x0000000671400000| Untracked 
| 789|0x0000000671500000, 0x0000000671500000, 0x0000000671600000|  0%| F|  |TAMS 0x0000000671500000, 0x0000000671500000| Untracked 
| 790|0x0000000671600000, 0x0000000671600000, 0x0000000671700000|  0%| F|  |TAMS 0x0000000671600000, 0x0000000671600000| Untracked 
| 791|0x0000000671700000, 0x0000000671700000, 0x0000000671800000|  0%| F|  |TAMS 0x0000000671700000, 0x0000000671700000| Untracked 
| 792|0x0000000671800000, 0x0000000671800000, 0x0000000671900000|  0%| F|  |TAMS 0x0000000671800000, 0x0000000671800000| Untracked 
| 793|0x0000000671900000, 0x0000000671900000, 0x0000000671a00000|  0%| F|  |TAMS 0x0000000671900000, 0x0000000671900000| Untracked 
| 794|0x0000000671a00000, 0x0000000671a00000, 0x0000000671b00000|  0%| F|  |TAMS 0x0000000671a00000, 0x0000000671a00000| Untracked 
| 795|0x0000000671b00000, 0x0000000671b00000, 0x0000000671c00000|  0%| F|  |TAMS 0x0000000671b00000, 0x0000000671b00000| Untracked 
| 796|0x0000000671c00000, 0x0000000671c00000, 0x0000000671d00000|  0%| F|  |TAMS 0x0000000671c00000, 0x0000000671c00000| Untracked 
| 797|0x0000000671d00000, 0x0000000671d00000, 0x0000000671e00000|  0%| F|  |TAMS 0x0000000671d00000, 0x0000000671d00000| Untracked 
| 798|0x0000000671e00000, 0x0000000671e00000, 0x0000000671f00000|  0%| F|  |TAMS 0x0000000671e00000, 0x0000000671e00000| Untracked 
| 799|0x0000000671f00000, 0x0000000671f00000, 0x0000000672000000|  0%| F|  |TAMS 0x0000000671f00000, 0x0000000671f00000| Untracked 
| 800|0x0000000672000000, 0x0000000672000000, 0x0000000672100000|  0%| F|  |TAMS 0x0000000672000000, 0x0000000672000000| Untracked 
| 801|0x0000000672100000, 0x0000000672100000, 0x0000000672200000|  0%| F|  |TAMS 0x0000000672100000, 0x0000000672100000| Untracked 
| 802|0x0000000672200000, 0x0000000672200000, 0x0000000672300000|  0%| F|  |TAMS 0x0000000672200000, 0x0000000672200000| Untracked 
| 803|0x0000000672300000, 0x0000000672300000, 0x0000000672400000|  0%| F|  |TAMS 0x0000000672300000, 0x0000000672300000| Untracked 
| 804|0x0000000672400000, 0x0000000672400000, 0x0000000672500000|  0%| F|  |TAMS 0x0000000672400000, 0x0000000672400000| Untracked 
| 805|0x0000000672500000, 0x0000000672500000, 0x0000000672600000|  0%| F|  |TAMS 0x0000000672500000, 0x0000000672500000| Untracked 
| 806|0x0000000672600000, 0x0000000672600000, 0x0000000672700000|  0%| F|  |TAMS 0x0000000672600000, 0x0000000672600000| Untracked 
| 807|0x0000000672700000, 0x0000000672700000, 0x0000000672800000|  0%| F|  |TAMS 0x0000000672700000, 0x0000000672700000| Untracked 
| 808|0x0000000672800000, 0x0000000672800000, 0x0000000672900000|  0%| F|  |TAMS 0x0000000672800000, 0x0000000672800000| Untracked 
| 809|0x0000000672900000, 0x0000000672900000, 0x0000000672a00000|  0%| F|  |TAMS 0x0000000672900000, 0x0000000672900000| Untracked 
| 810|0x0000000672a00000, 0x0000000672a00000, 0x0000000672b00000|  0%| F|  |TAMS 0x0000000672a00000, 0x0000000672a00000| Untracked 
| 811|0x0000000672b00000, 0x0000000672b00000, 0x0000000672c00000|  0%| F|  |TAMS 0x0000000672b00000, 0x0000000672b00000| Untracked 
| 812|0x0000000672c00000, 0x0000000672c00000, 0x0000000672d00000|  0%| F|  |TAMS 0x0000000672c00000, 0x0000000672c00000| Untracked 
| 813|0x0000000672d00000, 0x0000000672d00000, 0x0000000672e00000|  0%| F|  |TAMS 0x0000000672d00000, 0x0000000672d00000| Untracked 
| 814|0x0000000672e00000, 0x0000000672e00000, 0x0000000672f00000|  0%| F|  |TAMS 0x0000000672e00000, 0x0000000672e00000| Untracked 
| 815|0x0000000672f00000, 0x0000000672f00000, 0x0000000673000000|  0%| F|  |TAMS 0x0000000672f00000, 0x0000000672f00000| Untracked 
| 816|0x0000000673000000, 0x0000000673000000, 0x0000000673100000|  0%| F|  |TAMS 0x0000000673000000, 0x0000000673000000| Untracked 
| 817|0x0000000673100000, 0x0000000673100000, 0x0000000673200000|  0%| F|  |TAMS 0x0000000673100000, 0x0000000673100000| Untracked 
| 818|0x0000000673200000, 0x0000000673200000, 0x0000000673300000|  0%| F|  |TAMS 0x0000000673200000, 0x0000000673200000| Untracked 
| 819|0x0000000673300000, 0x0000000673300000, 0x0000000673400000|  0%| F|  |TAMS 0x0000000673300000, 0x0000000673300000| Untracked 
| 820|0x0000000673400000, 0x0000000673400000, 0x0000000673500000|  0%| F|  |TAMS 0x0000000673400000, 0x0000000673400000| Untracked 
| 821|0x0000000673500000, 0x0000000673500000, 0x0000000673600000|  0%| F|  |TAMS 0x0000000673500000, 0x0000000673500000| Untracked 
| 822|0x0000000673600000, 0x0000000673600000, 0x0000000673700000|  0%| F|  |TAMS 0x0000000673600000, 0x0000000673600000| Untracked 
| 823|0x0000000673700000, 0x0000000673700000, 0x0000000673800000|  0%| F|  |TAMS 0x0000000673700000, 0x0000000673700000| Untracked 
| 824|0x0000000673800000, 0x0000000673800000, 0x0000000673900000|  0%| F|  |TAMS 0x0000000673800000, 0x0000000673800000| Untracked 
| 825|0x0000000673900000, 0x0000000673900000, 0x0000000673a00000|  0%| F|  |TAMS 0x0000000673900000, 0x0000000673900000| Untracked 
| 826|0x0000000673a00000, 0x0000000673a00000, 0x0000000673b00000|  0%| F|  |TAMS 0x0000000673a00000, 0x0000000673a00000| Untracked 
| 827|0x0000000673b00000, 0x0000000673b00000, 0x0000000673c00000|  0%| F|  |TAMS 0x0000000673b00000, 0x0000000673b00000| Untracked 
| 828|0x0000000673c00000, 0x0000000673c00000, 0x0000000673d00000|  0%| F|  |TAMS 0x0000000673c00000, 0x0000000673c00000| Untracked 
| 829|0x0000000673d00000, 0x0000000673d00000, 0x0000000673e00000|  0%| F|  |TAMS 0x0000000673d00000, 0x0000000673d00000| Untracked 
| 830|0x0000000673e00000, 0x0000000673e00000, 0x0000000673f00000|  0%| F|  |TAMS 0x0000000673e00000, 0x0000000673e00000| Untracked 
| 831|0x0000000673f00000, 0x0000000673f00000, 0x0000000674000000|  0%| F|  |TAMS 0x0000000673f00000, 0x0000000673f00000| Untracked 
| 832|0x0000000674000000, 0x0000000674000000, 0x0000000674100000|  0%| F|  |TAMS 0x0000000674000000, 0x0000000674000000| Untracked 
| 833|0x0000000674100000, 0x0000000674100000, 0x0000000674200000|  0%| F|  |TAMS 0x0000000674100000, 0x0000000674100000| Untracked 
| 834|0x0000000674200000, 0x0000000674200000, 0x0000000674300000|  0%| F|  |TAMS 0x0000000674200000, 0x0000000674200000| Untracked 
| 835|0x0000000674300000, 0x0000000674300000, 0x0000000674400000|  0%| F|  |TAMS 0x0000000674300000, 0x0000000674300000| Untracked 
| 836|0x0000000674400000, 0x0000000674400000, 0x0000000674500000|  0%| F|  |TAMS 0x0000000674400000, 0x0000000674400000| Untracked 
| 837|0x0000000674500000, 0x0000000674500000, 0x0000000674600000|  0%| F|  |TAMS 0x0000000674500000, 0x0000000674500000| Untracked 
| 838|0x0000000674600000, 0x0000000674600000, 0x0000000674700000|  0%| F|  |TAMS 0x0000000674600000, 0x0000000674600000| Untracked 
| 839|0x0000000674700000, 0x0000000674700000, 0x0000000674800000|  0%| F|  |TAMS 0x0000000674700000, 0x0000000674700000| Untracked 
| 840|0x0000000674800000, 0x0000000674800000, 0x0000000674900000|  0%| F|  |TAMS 0x0000000674800000, 0x0000000674800000| Untracked 
| 841|0x0000000674900000, 0x0000000674900000, 0x0000000674a00000|  0%| F|  |TAMS 0x0000000674900000, 0x0000000674900000| Untracked 
| 842|0x0000000674a00000, 0x0000000674a00000, 0x0000000674b00000|  0%| F|  |TAMS 0x0000000674a00000, 0x0000000674a00000| Untracked 
| 843|0x0000000674b00000, 0x0000000674b00000, 0x0000000674c00000|  0%| F|  |TAMS 0x0000000674b00000, 0x0000000674b00000| Untracked 
| 844|0x0000000674c00000, 0x0000000674c00000, 0x0000000674d00000|  0%| F|  |TAMS 0x0000000674c00000, 0x0000000674c00000| Untracked 
| 845|0x0000000674d00000, 0x0000000674d00000, 0x0000000674e00000|  0%| F|  |TAMS 0x0000000674d00000, 0x0000000674d00000| Untracked 
| 846|0x0000000674e00000, 0x0000000674e00000, 0x0000000674f00000|  0%| F|  |TAMS 0x0000000674e00000, 0x0000000674e00000| Untracked 
| 847|0x0000000674f00000, 0x0000000674f00000, 0x0000000675000000|  0%| F|  |TAMS 0x0000000674f00000, 0x0000000674f00000| Untracked 
| 848|0x0000000675000000, 0x0000000675000000, 0x0000000675100000|  0%| F|  |TAMS 0x0000000675000000, 0x0000000675000000| Untracked 
| 849|0x0000000675100000, 0x0000000675100000, 0x0000000675200000|  0%| F|  |TAMS 0x0000000675100000, 0x0000000675100000| Untracked 
| 850|0x0000000675200000, 0x0000000675200000, 0x0000000675300000|  0%| F|  |TAMS 0x0000000675200000, 0x0000000675200000| Untracked 
| 851|0x0000000675300000, 0x0000000675300000, 0x0000000675400000|  0%| F|  |TAMS 0x0000000675300000, 0x0000000675300000| Untracked 
| 852|0x0000000675400000, 0x0000000675400000, 0x0000000675500000|  0%| F|  |TAMS 0x0000000675400000, 0x0000000675400000| Untracked 
| 853|0x0000000675500000, 0x0000000675500000, 0x0000000675600000|  0%| F|  |TAMS 0x0000000675500000, 0x0000000675500000| Untracked 
| 854|0x0000000675600000, 0x0000000675600000, 0x0000000675700000|  0%| F|  |TAMS 0x0000000675600000, 0x0000000675600000| Untracked 
| 855|0x0000000675700000, 0x0000000675700000, 0x0000000675800000|  0%| F|  |TAMS 0x0000000675700000, 0x0000000675700000| Untracked 
| 856|0x0000000675800000, 0x0000000675800000, 0x0000000675900000|  0%| F|  |TAMS 0x0000000675800000, 0x0000000675800000| Untracked 
| 857|0x0000000675900000, 0x0000000675900000, 0x0000000675a00000|  0%| F|  |TAMS 0x0000000675900000, 0x0000000675900000| Untracked 
| 858|0x0000000675a00000, 0x0000000675a00000, 0x0000000675b00000|  0%| F|  |TAMS 0x0000000675a00000, 0x0000000675a00000| Untracked 
| 859|0x0000000675b00000, 0x0000000675b00000, 0x0000000675c00000|  0%| F|  |TAMS 0x0000000675b00000, 0x0000000675b00000| Untracked 
| 860|0x0000000675c00000, 0x0000000675c00000, 0x0000000675d00000|  0%| F|  |TAMS 0x0000000675c00000, 0x0000000675c00000| Untracked 
| 861|0x0000000675d00000, 0x0000000675d00000, 0x0000000675e00000|  0%| F|  |TAMS 0x0000000675d00000, 0x0000000675d00000| Untracked 
| 862|0x0000000675e00000, 0x0000000675e00000, 0x0000000675f00000|  0%| F|  |TAMS 0x0000000675e00000, 0x0000000675e00000| Untracked 
| 863|0x0000000675f00000, 0x0000000675f00000, 0x0000000676000000|  0%| F|  |TAMS 0x0000000675f00000, 0x0000000675f00000| Untracked 
| 864|0x0000000676000000, 0x0000000676000000, 0x0000000676100000|  0%| F|  |TAMS 0x0000000676000000, 0x0000000676000000| Untracked 
| 865|0x0000000676100000, 0x0000000676100000, 0x0000000676200000|  0%| F|  |TAMS 0x0000000676100000, 0x0000000676100000| Untracked 
| 866|0x0000000676200000, 0x0000000676200000, 0x0000000676300000|  0%| F|  |TAMS 0x0000000676200000, 0x0000000676200000| Untracked 
| 867|0x0000000676300000, 0x0000000676300000, 0x0000000676400000|  0%| F|  |TAMS 0x0000000676300000, 0x0000000676300000| Untracked 
| 868|0x0000000676400000, 0x0000000676400000, 0x0000000676500000|  0%| F|  |TAMS 0x0000000676400000, 0x0000000676400000| Untracked 
| 869|0x0000000676500000, 0x0000000676500000, 0x0000000676600000|  0%| F|  |TAMS 0x0000000676500000, 0x0000000676500000| Untracked 
| 870|0x0000000676600000, 0x0000000676600000, 0x0000000676700000|  0%| F|  |TAMS 0x0000000676600000, 0x0000000676600000| Untracked 
| 871|0x0000000676700000, 0x0000000676700000, 0x0000000676800000|  0%| F|  |TAMS 0x0000000676700000, 0x0000000676700000| Untracked 
| 872|0x0000000676800000, 0x0000000676800000, 0x0000000676900000|  0%| F|  |TAMS 0x0000000676800000, 0x0000000676800000| Untracked 
| 873|0x0000000676900000, 0x0000000676900000, 0x0000000676a00000|  0%| F|  |TAMS 0x0000000676900000, 0x0000000676900000| Untracked 
| 874|0x0000000676a00000, 0x0000000676a00000, 0x0000000676b00000|  0%| F|  |TAMS 0x0000000676a00000, 0x0000000676a00000| Untracked 
| 875|0x0000000676b00000, 0x0000000676b00000, 0x0000000676c00000|  0%| F|  |TAMS 0x0000000676b00000, 0x0000000676b00000| Untracked 
| 876|0x0000000676c00000, 0x0000000676c00000, 0x0000000676d00000|  0%| F|  |TAMS 0x0000000676c00000, 0x0000000676c00000| Untracked 
| 877|0x0000000676d00000, 0x0000000676d00000, 0x0000000676e00000|  0%| F|  |TAMS 0x0000000676d00000, 0x0000000676d00000| Untracked 
| 878|0x0000000676e00000, 0x0000000676e00000, 0x0000000676f00000|  0%| F|  |TAMS 0x0000000676e00000, 0x0000000676e00000| Untracked 
| 879|0x0000000676f00000, 0x0000000676f00000, 0x0000000677000000|  0%| F|  |TAMS 0x0000000676f00000, 0x0000000676f00000| Untracked 
| 880|0x0000000677000000, 0x0000000677000000, 0x0000000677100000|  0%| F|  |TAMS 0x0000000677000000, 0x0000000677000000| Untracked 
| 881|0x0000000677100000, 0x0000000677100000, 0x0000000677200000|  0%| F|  |TAMS 0x0000000677100000, 0x0000000677100000| Untracked 
| 882|0x0000000677200000, 0x0000000677200000, 0x0000000677300000|  0%| F|  |TAMS 0x0000000677200000, 0x0000000677200000| Untracked 
| 883|0x0000000677300000, 0x0000000677300000, 0x0000000677400000|  0%| F|  |TAMS 0x0000000677300000, 0x0000000677300000| Untracked 
| 884|0x0000000677400000, 0x0000000677400000, 0x0000000677500000|  0%| F|  |TAMS 0x0000000677400000, 0x0000000677400000| Untracked 
| 885|0x0000000677500000, 0x0000000677500000, 0x0000000677600000|  0%| F|  |TAMS 0x0000000677500000, 0x0000000677500000| Untracked 
| 886|0x0000000677600000, 0x0000000677600000, 0x0000000677700000|  0%| F|  |TAMS 0x0000000677600000, 0x0000000677600000| Untracked 
| 887|0x0000000677700000, 0x0000000677700000, 0x0000000677800000|  0%| F|  |TAMS 0x0000000677700000, 0x0000000677700000| Untracked 
| 888|0x0000000677800000, 0x0000000677800000, 0x0000000677900000|  0%| F|  |TAMS 0x0000000677800000, 0x0000000677800000| Untracked 
| 889|0x0000000677900000, 0x0000000677900000, 0x0000000677a00000|  0%| F|  |TAMS 0x0000000677900000, 0x0000000677900000| Untracked 
| 890|0x0000000677a00000, 0x0000000677a00000, 0x0000000677b00000|  0%| F|  |TAMS 0x0000000677a00000, 0x0000000677a00000| Untracked 
| 891|0x0000000677b00000, 0x0000000677b00000, 0x0000000677c00000|  0%| F|  |TAMS 0x0000000677b00000, 0x0000000677b00000| Untracked 
| 892|0x0000000677c00000, 0x0000000677c00000, 0x0000000677d00000|  0%| F|  |TAMS 0x0000000677c00000, 0x0000000677c00000| Untracked 
| 893|0x0000000677d00000, 0x0000000677d00000, 0x0000000677e00000|  0%| F|  |TAMS 0x0000000677d00000, 0x0000000677d00000| Untracked 
| 894|0x0000000677e00000, 0x0000000677e00000, 0x0000000677f00000|  0%| F|  |TAMS 0x0000000677e00000, 0x0000000677e00000| Untracked 
| 895|0x0000000677f00000, 0x0000000677f00000, 0x0000000678000000|  0%| F|  |TAMS 0x0000000677f00000, 0x0000000677f00000| Untracked 
| 896|0x0000000678000000, 0x0000000678000000, 0x0000000678100000|  0%| F|  |TAMS 0x0000000678000000, 0x0000000678000000| Untracked 
| 897|0x0000000678100000, 0x0000000678100000, 0x0000000678200000|  0%| F|  |TAMS 0x0000000678100000, 0x0000000678100000| Untracked 
| 898|0x0000000678200000, 0x0000000678200000, 0x0000000678300000|  0%| F|  |TAMS 0x0000000678200000, 0x0000000678200000| Untracked 
| 899|0x0000000678300000, 0x0000000678300000, 0x0000000678400000|  0%| F|  |TAMS 0x0000000678300000, 0x0000000678300000| Untracked 
| 900|0x0000000678400000, 0x0000000678400000, 0x0000000678500000|  0%| F|  |TAMS 0x0000000678400000, 0x0000000678400000| Untracked 
| 901|0x0000000678500000, 0x0000000678500000, 0x0000000678600000|  0%| F|  |TAMS 0x0000000678500000, 0x0000000678500000| Untracked 
| 902|0x0000000678600000, 0x0000000678600000, 0x0000000678700000|  0%| F|  |TAMS 0x0000000678600000, 0x0000000678600000| Untracked 
| 903|0x0000000678700000, 0x0000000678700000, 0x0000000678800000|  0%| F|  |TAMS 0x0000000678700000, 0x0000000678700000| Untracked 
| 904|0x0000000678800000, 0x0000000678800000, 0x0000000678900000|  0%| F|  |TAMS 0x0000000678800000, 0x0000000678800000| Untracked 
| 905|0x0000000678900000, 0x0000000678900000, 0x0000000678a00000|  0%| F|  |TAMS 0x0000000678900000, 0x0000000678900000| Untracked 
| 906|0x0000000678a00000, 0x0000000678a00000, 0x0000000678b00000|  0%| F|  |TAMS 0x0000000678a00000, 0x0000000678a00000| Untracked 
| 907|0x0000000678b00000, 0x0000000678b00000, 0x0000000678c00000|  0%| F|  |TAMS 0x0000000678b00000, 0x0000000678b00000| Untracked 
| 908|0x0000000678c00000, 0x0000000678c00000, 0x0000000678d00000|  0%| F|  |TAMS 0x0000000678c00000, 0x0000000678c00000| Untracked 
| 909|0x0000000678d00000, 0x0000000678d00000, 0x0000000678e00000|  0%| F|  |TAMS 0x0000000678d00000, 0x0000000678d00000| Untracked 
| 910|0x0000000678e00000, 0x0000000678e00000, 0x0000000678f00000|  0%| F|  |TAMS 0x0000000678e00000, 0x0000000678e00000| Untracked 
| 911|0x0000000678f00000, 0x0000000678f00000, 0x0000000679000000|  0%| F|  |TAMS 0x0000000678f00000, 0x0000000678f00000| Untracked 
| 912|0x0000000679000000, 0x0000000679000000, 0x0000000679100000|  0%| F|  |TAMS 0x0000000679000000, 0x0000000679000000| Untracked 
| 913|0x0000000679100000, 0x0000000679100000, 0x0000000679200000|  0%| F|  |TAMS 0x0000000679100000, 0x0000000679100000| Untracked 
| 914|0x0000000679200000, 0x0000000679200000, 0x0000000679300000|  0%| F|  |TAMS 0x0000000679200000, 0x0000000679200000| Untracked 
| 915|0x0000000679300000, 0x0000000679300000, 0x0000000679400000|  0%| F|  |TAMS 0x0000000679300000, 0x0000000679300000| Untracked 
| 916|0x0000000679400000, 0x0000000679400000, 0x0000000679500000|  0%| F|  |TAMS 0x0000000679400000, 0x0000000679400000| Untracked 
| 917|0x0000000679500000, 0x0000000679500000, 0x0000000679600000|  0%| F|  |TAMS 0x0000000679500000, 0x0000000679500000| Untracked 
| 918|0x0000000679600000, 0x0000000679600000, 0x0000000679700000|  0%| F|  |TAMS 0x0000000679600000, 0x0000000679600000| Untracked 
| 919|0x0000000679700000, 0x0000000679700000, 0x0000000679800000|  0%| F|  |TAMS 0x0000000679700000, 0x0000000679700000| Untracked 
| 920|0x0000000679800000, 0x0000000679800000, 0x0000000679900000|  0%| F|  |TAMS 0x0000000679800000, 0x0000000679800000| Untracked 
| 921|0x0000000679900000, 0x0000000679900000, 0x0000000679a00000|  0%| F|  |TAMS 0x0000000679900000, 0x0000000679900000| Untracked 
| 922|0x0000000679a00000, 0x0000000679a00000, 0x0000000679b00000|  0%| F|  |TAMS 0x0000000679a00000, 0x0000000679a00000| Untracked 
| 923|0x0000000679b00000, 0x0000000679b00000, 0x0000000679c00000|  0%| F|  |TAMS 0x0000000679b00000, 0x0000000679b00000| Untracked 
| 924|0x0000000679c00000, 0x0000000679c00000, 0x0000000679d00000|  0%| F|  |TAMS 0x0000000679c00000, 0x0000000679c00000| Untracked 
| 925|0x0000000679d00000, 0x0000000679d00000, 0x0000000679e00000|  0%| F|  |TAMS 0x0000000679d00000, 0x0000000679d00000| Untracked 
| 926|0x0000000679e00000, 0x0000000679e00000, 0x0000000679f00000|  0%| F|  |TAMS 0x0000000679e00000, 0x0000000679e00000| Untracked 
| 927|0x0000000679f00000, 0x0000000679f00000, 0x000000067a000000|  0%| F|  |TAMS 0x0000000679f00000, 0x0000000679f00000| Untracked 
| 928|0x000000067a000000, 0x000000067a000000, 0x000000067a100000|  0%| F|  |TAMS 0x000000067a000000, 0x000000067a000000| Untracked 
| 929|0x000000067a100000, 0x000000067a100000, 0x000000067a200000|  0%| F|  |TAMS 0x000000067a100000, 0x000000067a100000| Untracked 
| 930|0x000000067a200000, 0x000000067a200000, 0x000000067a300000|  0%| F|  |TAMS 0x000000067a200000, 0x000000067a200000| Untracked 
| 931|0x000000067a300000, 0x000000067a300000, 0x000000067a400000|  0%| F|  |TAMS 0x000000067a300000, 0x000000067a300000| Untracked 
| 932|0x000000067a400000, 0x000000067a400000, 0x000000067a500000|  0%| F|  |TAMS 0x000000067a400000, 0x000000067a400000| Untracked 
| 933|0x000000067a500000, 0x000000067a500000, 0x000000067a600000|  0%| F|  |TAMS 0x000000067a500000, 0x000000067a500000| Untracked 
| 934|0x000000067a600000, 0x000000067a600000, 0x000000067a700000|  0%| F|  |TAMS 0x000000067a600000, 0x000000067a600000| Untracked 
| 935|0x000000067a700000, 0x000000067a700000, 0x000000067a800000|  0%| F|  |TAMS 0x000000067a700000, 0x000000067a700000| Untracked 
| 936|0x000000067a800000, 0x000000067a800000, 0x000000067a900000|  0%| F|  |TAMS 0x000000067a800000, 0x000000067a800000| Untracked 
| 937|0x000000067a900000, 0x000000067a900000, 0x000000067aa00000|  0%| F|  |TAMS 0x000000067a900000, 0x000000067a900000| Untracked 
| 938|0x000000067aa00000, 0x000000067aa00000, 0x000000067ab00000|  0%| F|  |TAMS 0x000000067aa00000, 0x000000067aa00000| Untracked 
| 939|0x000000067ab00000, 0x000000067ab00000, 0x000000067ac00000|  0%| F|  |TAMS 0x000000067ab00000, 0x000000067ab00000| Untracked 
| 940|0x000000067ac00000, 0x000000067ac00000, 0x000000067ad00000|  0%| F|  |TAMS 0x000000067ac00000, 0x000000067ac00000| Untracked 
| 941|0x000000067ad00000, 0x000000067ad00000, 0x000000067ae00000|  0%| F|  |TAMS 0x000000067ad00000, 0x000000067ad00000| Untracked 
| 942|0x000000067ae00000, 0x000000067ae00000, 0x000000067af00000|  0%| F|  |TAMS 0x000000067ae00000, 0x000000067ae00000| Untracked 
| 943|0x000000067af00000, 0x000000067af00000, 0x000000067b000000|  0%| F|  |TAMS 0x000000067af00000, 0x000000067af00000| Untracked 
| 944|0x000000067b000000, 0x000000067b000000, 0x000000067b100000|  0%| F|  |TAMS 0x000000067b000000, 0x000000067b000000| Untracked 
| 945|0x000000067b100000, 0x000000067b100000, 0x000000067b200000|  0%| F|  |TAMS 0x000000067b100000, 0x000000067b100000| Untracked 
| 946|0x000000067b200000, 0x000000067b200000, 0x000000067b300000|  0%| F|  |TAMS 0x000000067b200000, 0x000000067b200000| Untracked 
| 947|0x000000067b300000, 0x000000067b300000, 0x000000067b400000|  0%| F|  |TAMS 0x000000067b300000, 0x000000067b300000| Untracked 
| 948|0x000000067b400000, 0x000000067b400000, 0x000000067b500000|  0%| F|  |TAMS 0x000000067b400000, 0x000000067b400000| Untracked 
| 949|0x000000067b500000, 0x000000067b500000, 0x000000067b600000|  0%| F|  |TAMS 0x000000067b500000, 0x000000067b500000| Untracked 
| 950|0x000000067b600000, 0x000000067b600000, 0x000000067b700000|  0%| F|  |TAMS 0x000000067b600000, 0x000000067b600000| Untracked 
| 951|0x000000067b700000, 0x000000067b700000, 0x000000067b800000|  0%| F|  |TAMS 0x000000067b700000, 0x000000067b700000| Untracked 
| 952|0x000000067b800000, 0x000000067b800000, 0x000000067b900000|  0%| F|  |TAMS 0x000000067b800000, 0x000000067b800000| Untracked 
| 953|0x000000067b900000, 0x000000067b900000, 0x000000067ba00000|  0%| F|  |TAMS 0x000000067b900000, 0x000000067b900000| Untracked 
| 954|0x000000067ba00000, 0x000000067ba00000, 0x000000067bb00000|  0%| F|  |TAMS 0x000000067ba00000, 0x000000067ba00000| Untracked 
| 955|0x000000067bb00000, 0x000000067bb00000, 0x000000067bc00000|  0%| F|  |TAMS 0x000000067bb00000, 0x000000067bb00000| Untracked 
| 956|0x000000067bc00000, 0x000000067bc00000, 0x000000067bd00000|  0%| F|  |TAMS 0x000000067bc00000, 0x000000067bc00000| Untracked 
| 957|0x000000067bd00000, 0x000000067bd00000, 0x000000067be00000|  0%| F|  |TAMS 0x000000067bd00000, 0x000000067bd00000| Untracked 
| 958|0x000000067be00000, 0x000000067be00000, 0x000000067bf00000|  0%| F|  |TAMS 0x000000067be00000, 0x000000067be00000| Untracked 
| 959|0x000000067bf00000, 0x000000067bf00000, 0x000000067c000000|  0%| F|  |TAMS 0x000000067bf00000, 0x000000067bf00000| Untracked 
| 960|0x000000067c000000, 0x000000067c000000, 0x000000067c100000|  0%| F|  |TAMS 0x000000067c000000, 0x000000067c000000| Untracked 
| 961|0x000000067c100000, 0x000000067c100000, 0x000000067c200000|  0%| F|  |TAMS 0x000000067c100000, 0x000000067c100000| Untracked 
| 962|0x000000067c200000, 0x000000067c200000, 0x000000067c300000|  0%| F|  |TAMS 0x000000067c200000, 0x000000067c200000| Untracked 
| 963|0x000000067c300000, 0x000000067c300000, 0x000000067c400000|  0%| F|  |TAMS 0x000000067c300000, 0x000000067c300000| Untracked 
| 964|0x000000067c400000, 0x000000067c400000, 0x000000067c500000|  0%| F|  |TAMS 0x000000067c400000, 0x000000067c400000| Untracked 
| 965|0x000000067c500000, 0x000000067c500000, 0x000000067c600000|  0%| F|  |TAMS 0x000000067c500000, 0x000000067c500000| Untracked 
| 966|0x000000067c600000, 0x000000067c600000, 0x000000067c700000|  0%| F|  |TAMS 0x000000067c600000, 0x000000067c600000| Untracked 
| 967|0x000000067c700000, 0x000000067c700000, 0x000000067c800000|  0%| F|  |TAMS 0x000000067c700000, 0x000000067c700000| Untracked 
| 968|0x000000067c800000, 0x000000067c800000, 0x000000067c900000|  0%| F|  |TAMS 0x000000067c800000, 0x000000067c800000| Untracked 
| 969|0x000000067c900000, 0x000000067c900000, 0x000000067ca00000|  0%| F|  |TAMS 0x000000067c900000, 0x000000067c900000| Untracked 
| 970|0x000000067ca00000, 0x000000067ca00000, 0x000000067cb00000|  0%| F|  |TAMS 0x000000067ca00000, 0x000000067ca00000| Untracked 
| 971|0x000000067cb00000, 0x000000067cb00000, 0x000000067cc00000|  0%| F|  |TAMS 0x000000067cb00000, 0x000000067cb00000| Untracked 
| 972|0x000000067cc00000, 0x000000067cc00000, 0x000000067cd00000|  0%| F|  |TAMS 0x000000067cc00000, 0x000000067cc00000| Untracked 
| 973|0x000000067cd00000, 0x000000067cd00000, 0x000000067ce00000|  0%| F|  |TAMS 0x000000067cd00000, 0x000000067cd00000| Untracked 
| 974|0x000000067ce00000, 0x000000067ce00000, 0x000000067cf00000|  0%| F|  |TAMS 0x000000067ce00000, 0x000000067ce00000| Untracked 
| 975|0x000000067cf00000, 0x000000067cf00000, 0x000000067d000000|  0%| F|  |TAMS 0x000000067cf00000, 0x000000067cf00000| Untracked 
| 976|0x000000067d000000, 0x000000067d000000, 0x000000067d100000|  0%| F|  |TAMS 0x000000067d000000, 0x000000067d000000| Untracked 
| 977|0x000000067d100000, 0x000000067d100000, 0x000000067d200000|  0%| F|  |TAMS 0x000000067d100000, 0x000000067d100000| Untracked 
| 978|0x000000067d200000, 0x000000067d200000, 0x000000067d300000|  0%| F|  |TAMS 0x000000067d200000, 0x000000067d200000| Untracked 
| 979|0x000000067d300000, 0x000000067d300000, 0x000000067d400000|  0%| F|  |TAMS 0x000000067d300000, 0x000000067d300000| Untracked 
| 980|0x000000067d400000, 0x000000067d400000, 0x000000067d500000|  0%| F|  |TAMS 0x000000067d400000, 0x000000067d400000| Untracked 
| 981|0x000000067d500000, 0x000000067d500000, 0x000000067d600000|  0%| F|  |TAMS 0x000000067d500000, 0x000000067d500000| Untracked 
| 982|0x000000067d600000, 0x000000067d600000, 0x000000067d700000|  0%| F|  |TAMS 0x000000067d600000, 0x000000067d600000| Untracked 
| 983|0x000000067d700000, 0x000000067d700000, 0x000000067d800000|  0%| F|  |TAMS 0x000000067d700000, 0x000000067d700000| Untracked 
| 984|0x000000067d800000, 0x000000067d800000, 0x000000067d900000|  0%| F|  |TAMS 0x000000067d800000, 0x000000067d800000| Untracked 
| 985|0x000000067d900000, 0x000000067d900000, 0x000000067da00000|  0%| F|  |TAMS 0x000000067d900000, 0x000000067d900000| Untracked 
| 986|0x000000067da00000, 0x000000067da00000, 0x000000067db00000|  0%| F|  |TAMS 0x000000067da00000, 0x000000067da00000| Untracked 
| 987|0x000000067db00000, 0x000000067db00000, 0x000000067dc00000|  0%| F|  |TAMS 0x000000067db00000, 0x000000067db00000| Untracked 
| 988|0x000000067dc00000, 0x000000067dc00000, 0x000000067dd00000|  0%| F|  |TAMS 0x000000067dc00000, 0x000000067dc00000| Untracked 
| 989|0x000000067dd00000, 0x000000067de00000, 0x000000067de00000|100%| E|  |TAMS 0x000000067dd00000, 0x000000067dd00000| Complete 
| 990|0x000000067de00000, 0x000000067df00000, 0x000000067df00000|100%| E|CS|TAMS 0x000000067de00000, 0x000000067de00000| Complete 
| 991|0x000000067df00000, 0x000000067e000000, 0x000000067e000000|100%| E|CS|TAMS 0x000000067df00000, 0x000000067df00000| Complete 
| 992|0x000000067e000000, 0x000000067e100000, 0x000000067e100000|100%| E|CS|TAMS 0x000000067e000000, 0x000000067e000000| Complete 
| 993|0x000000067e100000, 0x000000067e200000, 0x000000067e200000|100%| E|CS|TAMS 0x000000067e100000, 0x000000067e100000| Complete 
| 994|0x000000067e200000, 0x000000067e300000, 0x000000067e300000|100%| E|CS|TAMS 0x000000067e200000, 0x000000067e200000| Complete 
| 995|0x000000067e300000, 0x000000067e400000, 0x000000067e400000|100%| E|CS|TAMS 0x000000067e300000, 0x000000067e300000| Complete 
| 996|0x000000067e400000, 0x000000067e500000, 0x000000067e500000|100%| E|CS|TAMS 0x000000067e400000, 0x000000067e400000| Complete 
| 997|0x000000067e500000, 0x000000067e600000, 0x000000067e600000|100%| E|CS|TAMS 0x000000067e500000, 0x000000067e500000| Complete 
| 998|0x000000067e600000, 0x000000067e700000, 0x000000067e700000|100%| E|CS|TAMS 0x000000067e600000, 0x000000067e600000| Complete 
| 999|0x000000067e700000, 0x000000067e800000, 0x000000067e800000|100%| E|CS|TAMS 0x000000067e700000, 0x000000067e700000| Complete 
|1000|0x000000067e800000, 0x000000067e900000, 0x000000067e900000|100%| E|CS|TAMS 0x000000067e800000, 0x000000067e800000| Complete 
|1001|0x000000067e900000, 0x000000067ea00000, 0x000000067ea00000|100%| E|CS|TAMS 0x000000067e900000, 0x000000067e900000| Complete 
|1002|0x000000067ea00000, 0x000000067eb00000, 0x000000067eb00000|100%| E|CS|TAMS 0x000000067ea00000, 0x000000067ea00000| Complete 
|1003|0x000000067eb00000, 0x000000067ec00000, 0x000000067ec00000|100%| E|CS|TAMS 0x000000067eb00000, 0x000000067eb00000| Complete 
|1004|0x000000067ec00000, 0x000000067ed00000, 0x000000067ed00000|100%| E|CS|TAMS 0x000000067ec00000, 0x000000067ec00000| Complete 
|1005|0x000000067ed00000, 0x000000067ee00000, 0x000000067ee00000|100%| E|CS|TAMS 0x000000067ed00000, 0x000000067ed00000| Complete 
|1006|0x000000067ee00000, 0x000000067ef00000, 0x000000067ef00000|100%| E|CS|TAMS 0x000000067ee00000, 0x000000067ee00000| Complete 
|1007|0x000000067ef00000, 0x000000067f000000, 0x000000067f000000|100%| E|CS|TAMS 0x000000067ef00000, 0x000000067ef00000| Complete 
|1008|0x000000067f000000, 0x000000067f100000, 0x000000067f100000|100%| E|CS|TAMS 0x000000067f000000, 0x000000067f000000| Complete 
|1009|0x000000067f100000, 0x000000067f200000, 0x000000067f200000|100%| E|CS|TAMS 0x000000067f100000, 0x000000067f100000| Complete 
|1010|0x000000067f200000, 0x000000067f300000, 0x000000067f300000|100%| E|CS|TAMS 0x000000067f200000, 0x000000067f200000| Complete 
|1011|0x000000067f300000, 0x000000067f400000, 0x000000067f400000|100%| E|CS|TAMS 0x000000067f300000, 0x000000067f300000| Complete 
|1012|0x000000067f400000, 0x000000067f500000, 0x000000067f500000|100%| E|CS|TAMS 0x000000067f400000, 0x000000067f400000| Complete 
|1013|0x000000067f500000, 0x000000067f600000, 0x000000067f600000|100%| E|CS|TAMS 0x000000067f500000, 0x000000067f500000| Complete 
|1014|0x000000067f600000, 0x000000067f700000, 0x000000067f700000|100%| E|CS|TAMS 0x000000067f600000, 0x000000067f600000| Complete 
|1015|0x000000067f700000, 0x000000067f800000, 0x000000067f800000|100%| E|CS|TAMS 0x000000067f700000, 0x000000067f700000| Complete 
|1016|0x000000067f800000, 0x000000067f900000, 0x000000067f900000|100%| E|CS|TAMS 0x000000067f800000, 0x000000067f800000| Complete 
|1017|0x000000067f900000, 0x000000067fa00000, 0x000000067fa00000|100%| E|CS|TAMS 0x000000067f900000, 0x000000067f900000| Complete 
|1018|0x000000067fa00000, 0x000000067fb00000, 0x000000067fb00000|100%| E|CS|TAMS 0x000000067fa00000, 0x000000067fa00000| Complete 
|1019|0x000000067fb00000, 0x000000067fc00000, 0x000000067fc00000|100%| E|CS|TAMS 0x000000067fb00000, 0x000000067fb00000| Complete 
|1020|0x000000067fc00000, 0x000000067fd00000, 0x000000067fd00000|100%| E|CS|TAMS 0x000000067fc00000, 0x000000067fc00000| Complete 
|1021|0x000000067fd00000, 0x000000067fe00000, 0x000000067fe00000|100%| E|CS|TAMS 0x000000067fd00000, 0x000000067fd00000| Complete 
|1022|0x000000067fe00000, 0x000000067ff00000, 0x000000067ff00000|100%| E|CS|TAMS 0x000000067fe00000, 0x000000067fe00000| Complete 
|1023|0x000000067ff00000, 0x0000000680000000, 0x0000000680000000|100%| E|CS|TAMS 0x000000067ff00000, 0x000000067ff00000| Complete 
|1024|0x0000000680000000, 0x0000000680100000, 0x0000000680100000|100%| E|CS|TAMS 0x0000000680000000, 0x0000000680000000| Complete 
|1025|0x0000000680100000, 0x0000000680200000, 0x0000000680200000|100%| E|CS|TAMS 0x0000000680100000, 0x0000000680100000| Complete 
|1026|0x0000000680200000, 0x0000000680300000, 0x0000000680300000|100%| E|CS|TAMS 0x0000000680200000, 0x0000000680200000| Complete 
|1027|0x0000000680300000, 0x0000000680400000, 0x0000000680400000|100%| E|CS|TAMS 0x0000000680300000, 0x0000000680300000| Complete 
|1028|0x0000000680400000, 0x0000000680500000, 0x0000000680500000|100%| E|CS|TAMS 0x0000000680400000, 0x0000000680400000| Complete 
|1029|0x0000000680500000, 0x0000000680600000, 0x0000000680600000|100%| E|CS|TAMS 0x0000000680500000, 0x0000000680500000| Complete 
|1030|0x0000000680600000, 0x0000000680700000, 0x0000000680700000|100%| E|CS|TAMS 0x0000000680600000, 0x0000000680600000| Complete 
|1031|0x0000000680700000, 0x0000000680800000, 0x0000000680800000|100%| E|CS|TAMS 0x0000000680700000, 0x0000000680700000| Complete 
|1032|0x0000000680800000, 0x0000000680900000, 0x0000000680900000|100%| E|CS|TAMS 0x0000000680800000, 0x0000000680800000| Complete 
|1033|0x0000000680900000, 0x0000000680a00000, 0x0000000680a00000|100%| E|CS|TAMS 0x0000000680900000, 0x0000000680900000| Complete 
|1034|0x0000000680a00000, 0x0000000680b00000, 0x0000000680b00000|100%| E|CS|TAMS 0x0000000680a00000, 0x0000000680a00000| Complete 
|1035|0x0000000680b00000, 0x0000000680c00000, 0x0000000680c00000|100%| E|CS|TAMS 0x0000000680b00000, 0x0000000680b00000| Complete 
|1036|0x0000000680c00000, 0x0000000680d00000, 0x0000000680d00000|100%| E|CS|TAMS 0x0000000680c00000, 0x0000000680c00000| Complete 
|1037|0x0000000680d00000, 0x0000000680e00000, 0x0000000680e00000|100%| E|CS|TAMS 0x0000000680d00000, 0x0000000680d00000| Complete 
|1038|0x0000000680e00000, 0x0000000680f00000, 0x0000000680f00000|100%| E|CS|TAMS 0x0000000680e00000, 0x0000000680e00000| Complete 
|1039|0x0000000680f00000, 0x0000000681000000, 0x0000000681000000|100%| E|CS|TAMS 0x0000000680f00000, 0x0000000680f00000| Complete 
|1040|0x0000000681000000, 0x0000000681100000, 0x0000000681100000|100%| E|CS|TAMS 0x0000000681000000, 0x0000000681000000| Complete 
|1041|0x0000000681100000, 0x0000000681200000, 0x0000000681200000|100%| E|CS|TAMS 0x0000000681100000, 0x0000000681100000| Complete 
|1042|0x0000000681200000, 0x0000000681300000, 0x0000000681300000|100%| E|CS|TAMS 0x0000000681200000, 0x0000000681200000| Complete 
|1043|0x0000000681300000, 0x0000000681400000, 0x0000000681400000|100%| E|CS|TAMS 0x0000000681300000, 0x0000000681300000| Complete 
|1044|0x0000000681400000, 0x0000000681500000, 0x0000000681500000|100%| E|CS|TAMS 0x0000000681400000, 0x0000000681400000| Complete 
|1045|0x0000000681500000, 0x0000000681600000, 0x0000000681600000|100%| E|CS|TAMS 0x0000000681500000, 0x0000000681500000| Complete 
|1046|0x0000000681600000, 0x0000000681700000, 0x0000000681700000|100%| E|CS|TAMS 0x0000000681600000, 0x0000000681600000| Complete 
|1047|0x0000000681700000, 0x0000000681800000, 0x0000000681800000|100%| E|CS|TAMS 0x0000000681700000, 0x0000000681700000| Complete 
|1048|0x0000000681800000, 0x0000000681900000, 0x0000000681900000|100%| E|CS|TAMS 0x0000000681800000, 0x0000000681800000| Complete 
|1049|0x0000000681900000, 0x0000000681a00000, 0x0000000681a00000|100%| E|CS|TAMS 0x0000000681900000, 0x0000000681900000| Complete 
|1050|0x0000000681a00000, 0x0000000681b00000, 0x0000000681b00000|100%| E|CS|TAMS 0x0000000681a00000, 0x0000000681a00000| Complete 
|1051|0x0000000681b00000, 0x0000000681c00000, 0x0000000681c00000|100%| E|CS|TAMS 0x0000000681b00000, 0x0000000681b00000| Complete 
|1052|0x0000000681c00000, 0x0000000681d00000, 0x0000000681d00000|100%| E|CS|TAMS 0x0000000681c00000, 0x0000000681c00000| Complete 
|1053|0x0000000681d00000, 0x0000000681e00000, 0x0000000681e00000|100%| E|CS|TAMS 0x0000000681d00000, 0x0000000681d00000| Complete 
|1054|0x0000000681e00000, 0x0000000681f00000, 0x0000000681f00000|100%| E|CS|TAMS 0x0000000681e00000, 0x0000000681e00000| Complete 
|1055|0x0000000681f00000, 0x0000000682000000, 0x0000000682000000|100%| E|CS|TAMS 0x0000000681f00000, 0x0000000681f00000| Complete 
|1056|0x0000000682000000, 0x0000000682100000, 0x0000000682100000|100%| E|CS|TAMS 0x0000000682000000, 0x0000000682000000| Complete 
|1057|0x0000000682100000, 0x0000000682200000, 0x0000000682200000|100%| E|CS|TAMS 0x0000000682100000, 0x0000000682100000| Complete 
|1058|0x0000000682200000, 0x0000000682300000, 0x0000000682300000|100%| E|CS|TAMS 0x0000000682200000, 0x0000000682200000| Complete 
|1059|0x0000000682300000, 0x0000000682400000, 0x0000000682400000|100%| E|CS|TAMS 0x0000000682300000, 0x0000000682300000| Complete 
|1060|0x0000000682400000, 0x0000000682500000, 0x0000000682500000|100%| E|CS|TAMS 0x0000000682400000, 0x0000000682400000| Complete 
|1061|0x0000000682500000, 0x0000000682600000, 0x0000000682600000|100%| E|CS|TAMS 0x0000000682500000, 0x0000000682500000| Complete 
|1062|0x0000000682600000, 0x0000000682700000, 0x0000000682700000|100%| E|CS|TAMS 0x0000000682600000, 0x0000000682600000| Complete 
|1063|0x0000000682700000, 0x0000000682800000, 0x0000000682800000|100%| E|CS|TAMS 0x0000000682700000, 0x0000000682700000| Complete 
|1064|0x0000000682800000, 0x0000000682900000, 0x0000000682900000|100%| E|CS|TAMS 0x0000000682800000, 0x0000000682800000| Complete 
|1065|0x0000000682900000, 0x0000000682a00000, 0x0000000682a00000|100%| E|CS|TAMS 0x0000000682900000, 0x0000000682900000| Complete 
|1066|0x0000000682a00000, 0x0000000682b00000, 0x0000000682b00000|100%| E|CS|TAMS 0x0000000682a00000, 0x0000000682a00000| Complete 
|1067|0x0000000682b00000, 0x0000000682c00000, 0x0000000682c00000|100%| E|CS|TAMS 0x0000000682b00000, 0x0000000682b00000| Complete 
|1068|0x0000000682c00000, 0x0000000682d00000, 0x0000000682d00000|100%| E|CS|TAMS 0x0000000682c00000, 0x0000000682c00000| Complete 
|1069|0x0000000682d00000, 0x0000000682e00000, 0x0000000682e00000|100%| E|CS|TAMS 0x0000000682d00000, 0x0000000682d00000| Complete 
|1070|0x0000000682e00000, 0x0000000682f00000, 0x0000000682f00000|100%| E|CS|TAMS 0x0000000682e00000, 0x0000000682e00000| Complete 
|1071|0x0000000682f00000, 0x0000000683000000, 0x0000000683000000|100%| E|CS|TAMS 0x0000000682f00000, 0x0000000682f00000| Complete 
|1072|0x0000000683000000, 0x0000000683100000, 0x0000000683100000|100%| E|CS|TAMS 0x0000000683000000, 0x0000000683000000| Complete 
|1073|0x0000000683100000, 0x0000000683200000, 0x0000000683200000|100%| E|CS|TAMS 0x0000000683100000, 0x0000000683100000| Complete 
|1074|0x0000000683200000, 0x0000000683300000, 0x0000000683300000|100%| E|CS|TAMS 0x0000000683200000, 0x0000000683200000| Complete 
|1075|0x0000000683300000, 0x0000000683400000, 0x0000000683400000|100%| E|CS|TAMS 0x0000000683300000, 0x0000000683300000| Complete 
|1076|0x0000000683400000, 0x0000000683500000, 0x0000000683500000|100%| E|CS|TAMS 0x0000000683400000, 0x0000000683400000| Complete 
|1077|0x0000000683500000, 0x0000000683600000, 0x0000000683600000|100%| E|CS|TAMS 0x0000000683500000, 0x0000000683500000| Complete 
|1078|0x0000000683600000, 0x0000000683700000, 0x0000000683700000|100%| E|CS|TAMS 0x0000000683600000, 0x0000000683600000| Complete 
|1079|0x0000000683700000, 0x0000000683800000, 0x0000000683800000|100%| E|CS|TAMS 0x0000000683700000, 0x0000000683700000| Complete 
|1080|0x0000000683800000, 0x0000000683900000, 0x0000000683900000|100%| E|CS|TAMS 0x0000000683800000, 0x0000000683800000| Complete 
|1081|0x0000000683900000, 0x0000000683a00000, 0x0000000683a00000|100%| E|CS|TAMS 0x0000000683900000, 0x0000000683900000| Complete 
|1082|0x0000000683a00000, 0x0000000683b00000, 0x0000000683b00000|100%| E|CS|TAMS 0x0000000683a00000, 0x0000000683a00000| Complete 
|1083|0x0000000683b00000, 0x0000000683c00000, 0x0000000683c00000|100%| E|CS|TAMS 0x0000000683b00000, 0x0000000683b00000| Complete 
|1084|0x0000000683c00000, 0x0000000683d00000, 0x0000000683d00000|100%| E|CS|TAMS 0x0000000683c00000, 0x0000000683c00000| Complete 
|1085|0x0000000683d00000, 0x0000000683e00000, 0x0000000683e00000|100%| E|CS|TAMS 0x0000000683d00000, 0x0000000683d00000| Complete 
|1086|0x0000000683e00000, 0x0000000683f00000, 0x0000000683f00000|100%| E|CS|TAMS 0x0000000683e00000, 0x0000000683e00000| Complete 
|1087|0x0000000683f00000, 0x0000000684000000, 0x0000000684000000|100%| E|CS|TAMS 0x0000000683f00000, 0x0000000683f00000| Complete 
|1088|0x0000000684000000, 0x0000000684100000, 0x0000000684100000|100%| E|CS|TAMS 0x0000000684000000, 0x0000000684000000| Complete 
|1089|0x0000000684100000, 0x0000000684200000, 0x0000000684200000|100%| E|CS|TAMS 0x0000000684100000, 0x0000000684100000| Complete 
|1090|0x0000000684200000, 0x0000000684300000, 0x0000000684300000|100%| E|CS|TAMS 0x0000000684200000, 0x0000000684200000| Complete 
|1091|0x0000000684300000, 0x0000000684400000, 0x0000000684400000|100%| E|CS|TAMS 0x0000000684300000, 0x0000000684300000| Complete 
|1092|0x0000000684400000, 0x0000000684500000, 0x0000000684500000|100%| E|CS|TAMS 0x0000000684400000, 0x0000000684400000| Complete 
|1093|0x0000000684500000, 0x0000000684600000, 0x0000000684600000|100%| E|CS|TAMS 0x0000000684500000, 0x0000000684500000| Complete 
|1094|0x0000000684600000, 0x0000000684700000, 0x0000000684700000|100%| E|CS|TAMS 0x0000000684600000, 0x0000000684600000| Complete 
|1095|0x0000000684700000, 0x0000000684800000, 0x0000000684800000|100%| E|CS|TAMS 0x0000000684700000, 0x0000000684700000| Complete 
|1096|0x0000000684800000, 0x0000000684900000, 0x0000000684900000|100%| E|CS|TAMS 0x0000000684800000, 0x0000000684800000| Complete 
|1097|0x0000000684900000, 0x0000000684a00000, 0x0000000684a00000|100%| E|CS|TAMS 0x0000000684900000, 0x0000000684900000| Complete 
|1098|0x0000000684a00000, 0x0000000684b00000, 0x0000000684b00000|100%| E|CS|TAMS 0x0000000684a00000, 0x0000000684a00000| Complete 
|1099|0x0000000684b00000, 0x0000000684c00000, 0x0000000684c00000|100%| E|CS|TAMS 0x0000000684b00000, 0x0000000684b00000| Complete 
|1100|0x0000000684c00000, 0x0000000684d00000, 0x0000000684d00000|100%| E|CS|TAMS 0x0000000684c00000, 0x0000000684c00000| Complete 
|1101|0x0000000684d00000, 0x0000000684e00000, 0x0000000684e00000|100%| E|CS|TAMS 0x0000000684d00000, 0x0000000684d00000| Complete 
|1102|0x0000000684e00000, 0x0000000684f00000, 0x0000000684f00000|100%| E|CS|TAMS 0x0000000684e00000, 0x0000000684e00000| Complete 
|1103|0x0000000684f00000, 0x0000000685000000, 0x0000000685000000|100%| E|CS|TAMS 0x0000000684f00000, 0x0000000684f00000| Complete 
|1104|0x0000000685000000, 0x0000000685100000, 0x0000000685100000|100%| E|CS|TAMS 0x0000000685000000, 0x0000000685000000| Complete 
|1105|0x0000000685100000, 0x0000000685200000, 0x0000000685200000|100%| E|CS|TAMS 0x0000000685100000, 0x0000000685100000| Complete 
|1106|0x0000000685200000, 0x0000000685300000, 0x0000000685300000|100%| E|CS|TAMS 0x0000000685200000, 0x0000000685200000| Complete 
|1107|0x0000000685300000, 0x0000000685400000, 0x0000000685400000|100%| E|CS|TAMS 0x0000000685300000, 0x0000000685300000| Complete 
|1108|0x0000000685400000, 0x0000000685500000, 0x0000000685500000|100%| E|CS|TAMS 0x0000000685400000, 0x0000000685400000| Complete 
|1109|0x0000000685500000, 0x0000000685600000, 0x0000000685600000|100%| E|CS|TAMS 0x0000000685500000, 0x0000000685500000| Complete 
|1110|0x0000000685600000, 0x0000000685700000, 0x0000000685700000|100%| E|CS|TAMS 0x0000000685600000, 0x0000000685600000| Complete 
|1111|0x0000000685700000, 0x0000000685800000, 0x0000000685800000|100%| E|CS|TAMS 0x0000000685700000, 0x0000000685700000| Complete 
|1112|0x0000000685800000, 0x0000000685900000, 0x0000000685900000|100%| E|CS|TAMS 0x0000000685800000, 0x0000000685800000| Complete 
|1113|0x0000000685900000, 0x0000000685a00000, 0x0000000685a00000|100%| E|CS|TAMS 0x0000000685900000, 0x0000000685900000| Complete 
|1114|0x0000000685a00000, 0x0000000685b00000, 0x0000000685b00000|100%| E|CS|TAMS 0x0000000685a00000, 0x0000000685a00000| Complete 
|1115|0x0000000685b00000, 0x0000000685c00000, 0x0000000685c00000|100%| E|CS|TAMS 0x0000000685b00000, 0x0000000685b00000| Complete 
|1116|0x0000000685c00000, 0x0000000685d00000, 0x0000000685d00000|100%| E|CS|TAMS 0x0000000685c00000, 0x0000000685c00000| Complete 
|1117|0x0000000685d00000, 0x0000000685e00000, 0x0000000685e00000|100%| E|CS|TAMS 0x0000000685d00000, 0x0000000685d00000| Complete 
|1118|0x0000000685e00000, 0x0000000685f00000, 0x0000000685f00000|100%| E|CS|TAMS 0x0000000685e00000, 0x0000000685e00000| Complete 
|1119|0x0000000685f00000, 0x0000000686000000, 0x0000000686000000|100%| E|CS|TAMS 0x0000000685f00000, 0x0000000685f00000| Complete 
|1120|0x0000000686000000, 0x0000000686100000, 0x0000000686100000|100%| E|CS|TAMS 0x0000000686000000, 0x0000000686000000| Complete 
|1121|0x0000000686100000, 0x0000000686200000, 0x0000000686200000|100%| E|CS|TAMS 0x0000000686100000, 0x0000000686100000| Complete 
|1122|0x0000000686200000, 0x0000000686300000, 0x0000000686300000|100%| E|CS|TAMS 0x0000000686200000, 0x0000000686200000| Complete 
|1123|0x0000000686300000, 0x0000000686400000, 0x0000000686400000|100%| E|CS|TAMS 0x0000000686300000, 0x0000000686300000| Complete 
|1124|0x0000000686400000, 0x0000000686500000, 0x0000000686500000|100%| E|CS|TAMS 0x0000000686400000, 0x0000000686400000| Complete 
|1125|0x0000000686500000, 0x0000000686600000, 0x0000000686600000|100%| E|CS|TAMS 0x0000000686500000, 0x0000000686500000| Complete 
|1126|0x0000000686600000, 0x0000000686700000, 0x0000000686700000|100%| E|CS|TAMS 0x0000000686600000, 0x0000000686600000| Complete 
|1127|0x0000000686700000, 0x0000000686800000, 0x0000000686800000|100%| E|CS|TAMS 0x0000000686700000, 0x0000000686700000| Complete 
|1128|0x0000000686800000, 0x0000000686900000, 0x0000000686900000|100%| E|CS|TAMS 0x0000000686800000, 0x0000000686800000| Complete 
|1129|0x0000000686900000, 0x0000000686a00000, 0x0000000686a00000|100%| E|CS|TAMS 0x0000000686900000, 0x0000000686900000| Complete 
|1130|0x0000000686a00000, 0x0000000686b00000, 0x0000000686b00000|100%| E|CS|TAMS 0x0000000686a00000, 0x0000000686a00000| Complete 
|1131|0x0000000686b00000, 0x0000000686c00000, 0x0000000686c00000|100%| E|CS|TAMS 0x0000000686b00000, 0x0000000686b00000| Complete 
|1132|0x0000000686c00000, 0x0000000686d00000, 0x0000000686d00000|100%| E|CS|TAMS 0x0000000686c00000, 0x0000000686c00000| Complete 
|1133|0x0000000686d00000, 0x0000000686e00000, 0x0000000686e00000|100%| E|CS|TAMS 0x0000000686d00000, 0x0000000686d00000| Complete 
|1134|0x0000000686e00000, 0x0000000686f00000, 0x0000000686f00000|100%| E|CS|TAMS 0x0000000686e00000, 0x0000000686e00000| Complete 
|1135|0x0000000686f00000, 0x0000000687000000, 0x0000000687000000|100%| E|CS|TAMS 0x0000000686f00000, 0x0000000686f00000| Complete 
|1136|0x0000000687000000, 0x0000000687100000, 0x0000000687100000|100%| E|CS|TAMS 0x0000000687000000, 0x0000000687000000| Complete 
|1137|0x0000000687100000, 0x0000000687200000, 0x0000000687200000|100%| E|CS|TAMS 0x0000000687100000, 0x0000000687100000| Complete 
|1138|0x0000000687200000, 0x0000000687300000, 0x0000000687300000|100%| E|CS|TAMS 0x0000000687200000, 0x0000000687200000| Complete 
|1139|0x0000000687300000, 0x0000000687400000, 0x0000000687400000|100%| E|CS|TAMS 0x0000000687300000, 0x0000000687300000| Complete 
|1140|0x0000000687400000, 0x0000000687500000, 0x0000000687500000|100%| E|CS|TAMS 0x0000000687400000, 0x0000000687400000| Complete 
|1141|0x0000000687500000, 0x0000000687600000, 0x0000000687600000|100%| E|CS|TAMS 0x0000000687500000, 0x0000000687500000| Complete 
|1142|0x0000000687600000, 0x0000000687700000, 0x0000000687700000|100%| E|CS|TAMS 0x0000000687600000, 0x0000000687600000| Complete 
|1143|0x0000000687700000, 0x0000000687800000, 0x0000000687800000|100%| E|CS|TAMS 0x0000000687700000, 0x0000000687700000| Complete 
|1144|0x0000000687800000, 0x0000000687900000, 0x0000000687900000|100%| E|CS|TAMS 0x0000000687800000, 0x0000000687800000| Complete 
|1145|0x0000000687900000, 0x0000000687a00000, 0x0000000687a00000|100%| E|CS|TAMS 0x0000000687900000, 0x0000000687900000| Complete 
|1146|0x0000000687a00000, 0x0000000687b00000, 0x0000000687b00000|100%| E|CS|TAMS 0x0000000687a00000, 0x0000000687a00000| Complete 
|1147|0x0000000687b00000, 0x0000000687c00000, 0x0000000687c00000|100%| E|CS|TAMS 0x0000000687b00000, 0x0000000687b00000| Complete 
|1148|0x0000000687c00000, 0x0000000687d00000, 0x0000000687d00000|100%| E|CS|TAMS 0x0000000687c00000, 0x0000000687c00000| Complete 
|1149|0x0000000687d00000, 0x0000000687e00000, 0x0000000687e00000|100%| E|CS|TAMS 0x0000000687d00000, 0x0000000687d00000| Complete 
|1150|0x0000000687e00000, 0x0000000687f00000, 0x0000000687f00000|100%| E|CS|TAMS 0x0000000687e00000, 0x0000000687e00000| Complete 
|1151|0x0000000687f00000, 0x0000000688000000, 0x0000000688000000|100%| E|CS|TAMS 0x0000000687f00000, 0x0000000687f00000| Complete 
|1152|0x0000000688000000, 0x0000000688100000, 0x0000000688100000|100%| E|CS|TAMS 0x0000000688000000, 0x0000000688000000| Complete 
|1153|0x0000000688100000, 0x0000000688200000, 0x0000000688200000|100%| E|CS|TAMS 0x0000000688100000, 0x0000000688100000| Complete 
|1154|0x0000000688200000, 0x0000000688300000, 0x0000000688300000|100%| E|CS|TAMS 0x0000000688200000, 0x0000000688200000| Complete 
|1155|0x0000000688300000, 0x0000000688400000, 0x0000000688400000|100%| E|CS|TAMS 0x0000000688300000, 0x0000000688300000| Complete 
|1156|0x0000000688400000, 0x0000000688500000, 0x0000000688500000|100%| E|CS|TAMS 0x0000000688400000, 0x0000000688400000| Complete 
|1157|0x0000000688500000, 0x0000000688600000, 0x0000000688600000|100%| E|CS|TAMS 0x0000000688500000, 0x0000000688500000| Complete 
|1158|0x0000000688600000, 0x0000000688700000, 0x0000000688700000|100%| E|CS|TAMS 0x0000000688600000, 0x0000000688600000| Complete 
|1159|0x0000000688700000, 0x0000000688800000, 0x0000000688800000|100%| E|CS|TAMS 0x0000000688700000, 0x0000000688700000| Complete 
|1160|0x0000000688800000, 0x0000000688900000, 0x0000000688900000|100%| E|CS|TAMS 0x0000000688800000, 0x0000000688800000| Complete 
|1161|0x0000000688900000, 0x0000000688a00000, 0x0000000688a00000|100%| E|CS|TAMS 0x0000000688900000, 0x0000000688900000| Complete 
|1162|0x0000000688a00000, 0x0000000688b00000, 0x0000000688b00000|100%| E|CS|TAMS 0x0000000688a00000, 0x0000000688a00000| Complete 
|1163|0x0000000688b00000, 0x0000000688c00000, 0x0000000688c00000|100%| E|CS|TAMS 0x0000000688b00000, 0x0000000688b00000| Complete 
|1164|0x0000000688c00000, 0x0000000688d00000, 0x0000000688d00000|100%| E|CS|TAMS 0x0000000688c00000, 0x0000000688c00000| Complete 
|1165|0x0000000688d00000, 0x0000000688e00000, 0x0000000688e00000|100%| E|CS|TAMS 0x0000000688d00000, 0x0000000688d00000| Complete 
|1166|0x0000000688e00000, 0x0000000688f00000, 0x0000000688f00000|100%| E|CS|TAMS 0x0000000688e00000, 0x0000000688e00000| Complete 
|1167|0x0000000688f00000, 0x0000000689000000, 0x0000000689000000|100%| E|CS|TAMS 0x0000000688f00000, 0x0000000688f00000| Complete 
|1168|0x0000000689000000, 0x0000000689100000, 0x0000000689100000|100%| E|CS|TAMS 0x0000000689000000, 0x0000000689000000| Complete 
|1169|0x0000000689100000, 0x0000000689200000, 0x0000000689200000|100%| E|CS|TAMS 0x0000000689100000, 0x0000000689100000| Complete 
|1170|0x0000000689200000, 0x0000000689300000, 0x0000000689300000|100%| E|CS|TAMS 0x0000000689200000, 0x0000000689200000| Complete 
|1171|0x0000000689300000, 0x0000000689400000, 0x0000000689400000|100%| E|CS|TAMS 0x0000000689300000, 0x0000000689300000| Complete 
|1172|0x0000000689400000, 0x0000000689500000, 0x0000000689500000|100%| E|CS|TAMS 0x0000000689400000, 0x0000000689400000| Complete 
|1173|0x0000000689500000, 0x0000000689600000, 0x0000000689600000|100%| E|CS|TAMS 0x0000000689500000, 0x0000000689500000| Complete 
|1174|0x0000000689600000, 0x0000000689700000, 0x0000000689700000|100%| E|CS|TAMS 0x0000000689600000, 0x0000000689600000| Complete 
|1175|0x0000000689700000, 0x0000000689800000, 0x0000000689800000|100%| E|CS|TAMS 0x0000000689700000, 0x0000000689700000| Complete 
|1176|0x0000000689800000, 0x0000000689900000, 0x0000000689900000|100%| E|CS|TAMS 0x0000000689800000, 0x0000000689800000| Complete 
|1177|0x0000000689900000, 0x0000000689a00000, 0x0000000689a00000|100%| E|CS|TAMS 0x0000000689900000, 0x0000000689900000| Complete 
|1178|0x0000000689a00000, 0x0000000689b00000, 0x0000000689b00000|100%| E|CS|TAMS 0x0000000689a00000, 0x0000000689a00000| Complete 
|1179|0x0000000689b00000, 0x0000000689c00000, 0x0000000689c00000|100%| E|CS|TAMS 0x0000000689b00000, 0x0000000689b00000| Complete 
|1180|0x0000000689c00000, 0x0000000689d00000, 0x0000000689d00000|100%| E|CS|TAMS 0x0000000689c00000, 0x0000000689c00000| Complete 
|1181|0x0000000689d00000, 0x0000000689e00000, 0x0000000689e00000|100%| E|CS|TAMS 0x0000000689d00000, 0x0000000689d00000| Complete 
|1182|0x0000000689e00000, 0x0000000689f00000, 0x0000000689f00000|100%| E|CS|TAMS 0x0000000689e00000, 0x0000000689e00000| Complete 
|1183|0x0000000689f00000, 0x000000068a000000, 0x000000068a000000|100%| E|CS|TAMS 0x0000000689f00000, 0x0000000689f00000| Complete 
|1184|0x000000068a000000, 0x000000068a100000, 0x000000068a100000|100%| E|CS|TAMS 0x000000068a000000, 0x000000068a000000| Complete 
|1185|0x000000068a100000, 0x000000068a200000, 0x000000068a200000|100%| E|CS|TAMS 0x000000068a100000, 0x000000068a100000| Complete 
|1186|0x000000068a200000, 0x000000068a300000, 0x000000068a300000|100%| E|CS|TAMS 0x000000068a200000, 0x000000068a200000| Complete 
|1187|0x000000068a300000, 0x000000068a400000, 0x000000068a400000|100%| E|CS|TAMS 0x000000068a300000, 0x000000068a300000| Complete 
|1188|0x000000068a400000, 0x000000068a500000, 0x000000068a500000|100%| E|CS|TAMS 0x000000068a400000, 0x000000068a400000| Complete 
|1189|0x000000068a500000, 0x000000068a600000, 0x000000068a600000|100%| E|CS|TAMS 0x000000068a500000, 0x000000068a500000| Complete 
|1190|0x000000068a600000, 0x000000068a700000, 0x000000068a700000|100%| E|CS|TAMS 0x000000068a600000, 0x000000068a600000| Complete 
|1191|0x000000068a700000, 0x000000068a800000, 0x000000068a800000|100%| E|CS|TAMS 0x000000068a700000, 0x000000068a700000| Complete 
|1192|0x000000068a800000, 0x000000068a900000, 0x000000068a900000|100%| E|CS|TAMS 0x000000068a800000, 0x000000068a800000| Complete 
|1193|0x000000068a900000, 0x000000068aa00000, 0x000000068aa00000|100%| E|CS|TAMS 0x000000068a900000, 0x000000068a900000| Complete 
|1194|0x000000068aa00000, 0x000000068ab00000, 0x000000068ab00000|100%| E|CS|TAMS 0x000000068aa00000, 0x000000068aa00000| Complete 
|1195|0x000000068ab00000, 0x000000068ac00000, 0x000000068ac00000|100%| E|CS|TAMS 0x000000068ab00000, 0x000000068ab00000| Complete 
|1196|0x000000068ac00000, 0x000000068ad00000, 0x000000068ad00000|100%| E|CS|TAMS 0x000000068ac00000, 0x000000068ac00000| Complete 
|1197|0x000000068ad00000, 0x000000068ae00000, 0x000000068ae00000|100%| E|CS|TAMS 0x000000068ad00000, 0x000000068ad00000| Complete 
|1198|0x000000068ae00000, 0x000000068af00000, 0x000000068af00000|100%| E|CS|TAMS 0x000000068ae00000, 0x000000068ae00000| Complete 
|1199|0x000000068af00000, 0x000000068b000000, 0x000000068b000000|100%| E|CS|TAMS 0x000000068af00000, 0x000000068af00000| Complete 
|1200|0x000000068b000000, 0x000000068b100000, 0x000000068b100000|100%| E|CS|TAMS 0x000000068b000000, 0x000000068b000000| Complete 
|1201|0x000000068b100000, 0x000000068b200000, 0x000000068b200000|100%| E|CS|TAMS 0x000000068b100000, 0x000000068b100000| Complete 
|1202|0x000000068b200000, 0x000000068b300000, 0x000000068b300000|100%| E|CS|TAMS 0x000000068b200000, 0x000000068b200000| Complete 
|1203|0x000000068b300000, 0x000000068b400000, 0x000000068b400000|100%| E|CS|TAMS 0x000000068b300000, 0x000000068b300000| Complete 
|1204|0x000000068b400000, 0x000000068b500000, 0x000000068b500000|100%| E|CS|TAMS 0x000000068b400000, 0x000000068b400000| Complete 
|1205|0x000000068b500000, 0x000000068b600000, 0x000000068b600000|100%| E|CS|TAMS 0x000000068b500000, 0x000000068b500000| Complete 
|1206|0x000000068b600000, 0x000000068b700000, 0x000000068b700000|100%| E|CS|TAMS 0x000000068b600000, 0x000000068b600000| Complete 
|1207|0x000000068b700000, 0x000000068b800000, 0x000000068b800000|100%| E|CS|TAMS 0x000000068b700000, 0x000000068b700000| Complete 
|1208|0x000000068b800000, 0x000000068b900000, 0x000000068b900000|100%| E|CS|TAMS 0x000000068b800000, 0x000000068b800000| Complete 
|1209|0x000000068b900000, 0x000000068ba00000, 0x000000068ba00000|100%| E|CS|TAMS 0x000000068b900000, 0x000000068b900000| Complete 
|1210|0x000000068ba00000, 0x000000068bb00000, 0x000000068bb00000|100%| E|CS|TAMS 0x000000068ba00000, 0x000000068ba00000| Complete 
|1211|0x000000068bb00000, 0x000000068bc00000, 0x000000068bc00000|100%| E|CS|TAMS 0x000000068bb00000, 0x000000068bb00000| Complete 
|1212|0x000000068bc00000, 0x000000068bd00000, 0x000000068bd00000|100%| E|CS|TAMS 0x000000068bc00000, 0x000000068bc00000| Complete 
|1213|0x000000068bd00000, 0x000000068be00000, 0x000000068be00000|100%| E|CS|TAMS 0x000000068bd00000, 0x000000068bd00000| Complete 
|1214|0x000000068be00000, 0x000000068bf00000, 0x000000068bf00000|100%| E|CS|TAMS 0x000000068be00000, 0x000000068be00000| Complete 
|1215|0x000000068bf00000, 0x000000068c000000, 0x000000068c000000|100%| E|CS|TAMS 0x000000068bf00000, 0x000000068bf00000| Complete 
|1216|0x000000068c000000, 0x000000068c100000, 0x000000068c100000|100%| E|CS|TAMS 0x000000068c000000, 0x000000068c000000| Complete 
|1217|0x000000068c100000, 0x000000068c200000, 0x000000068c200000|100%| E|CS|TAMS 0x000000068c100000, 0x000000068c100000| Complete 
|1218|0x000000068c200000, 0x000000068c300000, 0x000000068c300000|100%| E|CS|TAMS 0x000000068c200000, 0x000000068c200000| Complete 
|1219|0x000000068c300000, 0x000000068c400000, 0x000000068c400000|100%| E|CS|TAMS 0x000000068c300000, 0x000000068c300000| Complete 
|1220|0x000000068c400000, 0x000000068c500000, 0x000000068c500000|100%| E|CS|TAMS 0x000000068c400000, 0x000000068c400000| Complete 
|1221|0x000000068c500000, 0x000000068c600000, 0x000000068c600000|100%| E|CS|TAMS 0x000000068c500000, 0x000000068c500000| Complete 
|1222|0x000000068c600000, 0x000000068c700000, 0x000000068c700000|100%| E|CS|TAMS 0x000000068c600000, 0x000000068c600000| Complete 
|1223|0x000000068c700000, 0x000000068c800000, 0x000000068c800000|100%| E|CS|TAMS 0x000000068c700000, 0x000000068c700000| Complete 
|1224|0x000000068c800000, 0x000000068c900000, 0x000000068c900000|100%| E|CS|TAMS 0x000000068c800000, 0x000000068c800000| Complete 
|1225|0x000000068c900000, 0x000000068ca00000, 0x000000068ca00000|100%| E|CS|TAMS 0x000000068c900000, 0x000000068c900000| Complete 
|1226|0x000000068ca00000, 0x000000068cb00000, 0x000000068cb00000|100%| E|CS|TAMS 0x000000068ca00000, 0x000000068ca00000| Complete 
|1227|0x000000068cb00000, 0x000000068cc00000, 0x000000068cc00000|100%| E|CS|TAMS 0x000000068cb00000, 0x000000068cb00000| Complete 
|1228|0x000000068cc00000, 0x000000068cd00000, 0x000000068cd00000|100%| E|CS|TAMS 0x000000068cc00000, 0x000000068cc00000| Complete 
|1229|0x000000068cd00000, 0x000000068ce00000, 0x000000068ce00000|100%| E|CS|TAMS 0x000000068cd00000, 0x000000068cd00000| Complete 
|1230|0x000000068ce00000, 0x000000068cf00000, 0x000000068cf00000|100%| E|CS|TAMS 0x000000068ce00000, 0x000000068ce00000| Complete 
|1231|0x000000068cf00000, 0x000000068d000000, 0x000000068d000000|100%| E|CS|TAMS 0x000000068cf00000, 0x000000068cf00000| Complete 
|1232|0x000000068d000000, 0x000000068d100000, 0x000000068d100000|100%| E|CS|TAMS 0x000000068d000000, 0x000000068d000000| Complete 
|1233|0x000000068d100000, 0x000000068d200000, 0x000000068d200000|100%| E|CS|TAMS 0x000000068d100000, 0x000000068d100000| Complete 
|1234|0x000000068d200000, 0x000000068d300000, 0x000000068d300000|100%| E|CS|TAMS 0x000000068d200000, 0x000000068d200000| Complete 
|1235|0x000000068d300000, 0x000000068d400000, 0x000000068d400000|100%| E|CS|TAMS 0x000000068d300000, 0x000000068d300000| Complete 
|1236|0x000000068d400000, 0x000000068d500000, 0x000000068d500000|100%| E|CS|TAMS 0x000000068d400000, 0x000000068d400000| Complete 
|1237|0x000000068d500000, 0x000000068d600000, 0x000000068d600000|100%| E|CS|TAMS 0x000000068d500000, 0x000000068d500000| Complete 
|1238|0x000000068d600000, 0x000000068d700000, 0x000000068d700000|100%| E|CS|TAMS 0x000000068d600000, 0x000000068d600000| Complete 
|1239|0x000000068d700000, 0x000000068d800000, 0x000000068d800000|100%| E|CS|TAMS 0x000000068d700000, 0x000000068d700000| Complete 
|1240|0x000000068d800000, 0x000000068d900000, 0x000000068d900000|100%| E|CS|TAMS 0x000000068d800000, 0x000000068d800000| Complete 
|1241|0x000000068d900000, 0x000000068da00000, 0x000000068da00000|100%| E|CS|TAMS 0x000000068d900000, 0x000000068d900000| Complete 
|1242|0x000000068da00000, 0x000000068db00000, 0x000000068db00000|100%| E|CS|TAMS 0x000000068da00000, 0x000000068da00000| Complete 
|1243|0x000000068db00000, 0x000000068dc00000, 0x000000068dc00000|100%| E|CS|TAMS 0x000000068db00000, 0x000000068db00000| Complete 
|1244|0x000000068dc00000, 0x000000068dd00000, 0x000000068dd00000|100%| E|CS|TAMS 0x000000068dc00000, 0x000000068dc00000| Complete 
|1245|0x000000068dd00000, 0x000000068de00000, 0x000000068de00000|100%| E|CS|TAMS 0x000000068dd00000, 0x000000068dd00000| Complete 
|1246|0x000000068de00000, 0x000000068df00000, 0x000000068df00000|100%| E|CS|TAMS 0x000000068de00000, 0x000000068de00000| Complete 
|1247|0x000000068df00000, 0x000000068e000000, 0x000000068e000000|100%| E|CS|TAMS 0x000000068df00000, 0x000000068df00000| Complete 
|1248|0x000000068e000000, 0x000000068e100000, 0x000000068e100000|100%| E|CS|TAMS 0x000000068e000000, 0x000000068e000000| Complete 
|1249|0x000000068e100000, 0x000000068e200000, 0x000000068e200000|100%| E|CS|TAMS 0x000000068e100000, 0x000000068e100000| Complete 
|1250|0x000000068e200000, 0x000000068e300000, 0x000000068e300000|100%| E|CS|TAMS 0x000000068e200000, 0x000000068e200000| Complete 
|1251|0x000000068e300000, 0x000000068e400000, 0x000000068e400000|100%| E|CS|TAMS 0x000000068e300000, 0x000000068e300000| Complete 
|1252|0x000000068e400000, 0x000000068e500000, 0x000000068e500000|100%| E|CS|TAMS 0x000000068e400000, 0x000000068e400000| Complete 
|1253|0x000000068e500000, 0x000000068e600000, 0x000000068e600000|100%| E|CS|TAMS 0x000000068e500000, 0x000000068e500000| Complete 
|1254|0x000000068e600000, 0x000000068e700000, 0x000000068e700000|100%| E|CS|TAMS 0x000000068e600000, 0x000000068e600000| Complete 
|1255|0x000000068e700000, 0x000000068e800000, 0x000000068e800000|100%| E|CS|TAMS 0x000000068e700000, 0x000000068e700000| Complete 
|1256|0x000000068e800000, 0x000000068e900000, 0x000000068e900000|100%| E|CS|TAMS 0x000000068e800000, 0x000000068e800000| Complete 
|1257|0x000000068e900000, 0x000000068ea00000, 0x000000068ea00000|100%| E|CS|TAMS 0x000000068e900000, 0x000000068e900000| Complete 
|1258|0x000000068ea00000, 0x000000068eb00000, 0x000000068eb00000|100%| E|CS|TAMS 0x000000068ea00000, 0x000000068ea00000| Complete 
|1259|0x000000068eb00000, 0x000000068ec00000, 0x000000068ec00000|100%| E|CS|TAMS 0x000000068eb00000, 0x000000068eb00000| Complete 
|1260|0x000000068ec00000, 0x000000068ed00000, 0x000000068ed00000|100%| E|CS|TAMS 0x000000068ec00000, 0x000000068ec00000| Complete 
|1261|0x000000068ed00000, 0x000000068ee00000, 0x000000068ee00000|100%| E|CS|TAMS 0x000000068ed00000, 0x000000068ed00000| Complete 
|1262|0x000000068ee00000, 0x000000068ef00000, 0x000000068ef00000|100%| E|CS|TAMS 0x000000068ee00000, 0x000000068ee00000| Complete 
|1263|0x000000068ef00000, 0x000000068f000000, 0x000000068f000000|100%| E|CS|TAMS 0x000000068ef00000, 0x000000068ef00000| Complete 
|1264|0x000000068f000000, 0x000000068f100000, 0x000000068f100000|100%| E|CS|TAMS 0x000000068f000000, 0x000000068f000000| Complete 
|1265|0x000000068f100000, 0x000000068f200000, 0x000000068f200000|100%| E|CS|TAMS 0x000000068f100000, 0x000000068f100000| Complete 
|1266|0x000000068f200000, 0x000000068f300000, 0x000000068f300000|100%| E|CS|TAMS 0x000000068f200000, 0x000000068f200000| Complete 
|1267|0x000000068f300000, 0x000000068f400000, 0x000000068f400000|100%| E|CS|TAMS 0x000000068f300000, 0x000000068f300000| Complete 
|1268|0x000000068f400000, 0x000000068f500000, 0x000000068f500000|100%| E|CS|TAMS 0x000000068f400000, 0x000000068f400000| Complete 
|1269|0x000000068f500000, 0x000000068f600000, 0x000000068f600000|100%| E|CS|TAMS 0x000000068f500000, 0x000000068f500000| Complete 
|1270|0x000000068f600000, 0x000000068f700000, 0x000000068f700000|100%| E|CS|TAMS 0x000000068f600000, 0x000000068f600000| Complete 
|1271|0x000000068f700000, 0x000000068f800000, 0x000000068f800000|100%| E|CS|TAMS 0x000000068f700000, 0x000000068f700000| Complete 
|1272|0x000000068f800000, 0x000000068f900000, 0x000000068f900000|100%| E|CS|TAMS 0x000000068f800000, 0x000000068f800000| Complete 
|1273|0x000000068f900000, 0x000000068fa00000, 0x000000068fa00000|100%| E|CS|TAMS 0x000000068f900000, 0x000000068f900000| Complete 
|1274|0x000000068fa00000, 0x000000068fb00000, 0x000000068fb00000|100%| E|CS|TAMS 0x000000068fa00000, 0x000000068fa00000| Complete 
|1275|0x000000068fb00000, 0x000000068fc00000, 0x000000068fc00000|100%| E|CS|TAMS 0x000000068fb00000, 0x000000068fb00000| Complete 
|1276|0x000000068fc00000, 0x000000068fd00000, 0x000000068fd00000|100%| E|CS|TAMS 0x000000068fc00000, 0x000000068fc00000| Complete 
|1277|0x000000068fd00000, 0x000000068fe00000, 0x000000068fe00000|100%| E|CS|TAMS 0x000000068fd00000, 0x000000068fd00000| Complete 
|1278|0x000000068fe00000, 0x000000068ff00000, 0x000000068ff00000|100%| E|CS|TAMS 0x000000068fe00000, 0x000000068fe00000| Complete 
|1279|0x000000068ff00000, 0x0000000690000000, 0x0000000690000000|100%| E|CS|TAMS 0x000000068ff00000, 0x000000068ff00000| Complete 
|1280|0x0000000690000000, 0x0000000690100000, 0x0000000690100000|100%| E|CS|TAMS 0x0000000690000000, 0x0000000690000000| Complete 
|1281|0x0000000690100000, 0x0000000690200000, 0x0000000690200000|100%| E|CS|TAMS 0x0000000690100000, 0x0000000690100000| Complete 
|1282|0x0000000690200000, 0x0000000690300000, 0x0000000690300000|100%| E|CS|TAMS 0x0000000690200000, 0x0000000690200000| Complete 
|1283|0x0000000690300000, 0x0000000690400000, 0x0000000690400000|100%| E|CS|TAMS 0x0000000690300000, 0x0000000690300000| Complete 
|1284|0x0000000690400000, 0x0000000690500000, 0x0000000690500000|100%| E|CS|TAMS 0x0000000690400000, 0x0000000690400000| Complete 
|1285|0x0000000690500000, 0x0000000690600000, 0x0000000690600000|100%| E|CS|TAMS 0x0000000690500000, 0x0000000690500000| Complete 
|1286|0x0000000690600000, 0x0000000690700000, 0x0000000690700000|100%| E|CS|TAMS 0x0000000690600000, 0x0000000690600000| Complete 
|1287|0x0000000690700000, 0x0000000690800000, 0x0000000690800000|100%| E|CS|TAMS 0x0000000690700000, 0x0000000690700000| Complete 
|1288|0x0000000690800000, 0x0000000690900000, 0x0000000690900000|100%| E|CS|TAMS 0x0000000690800000, 0x0000000690800000| Complete 
|1289|0x0000000690900000, 0x0000000690a00000, 0x0000000690a00000|100%| E|CS|TAMS 0x0000000690900000, 0x0000000690900000| Complete 
|1290|0x0000000690a00000, 0x0000000690b00000, 0x0000000690b00000|100%| E|CS|TAMS 0x0000000690a00000, 0x0000000690a00000| Complete 
|1291|0x0000000690b00000, 0x0000000690c00000, 0x0000000690c00000|100%| E|CS|TAMS 0x0000000690b00000, 0x0000000690b00000| Complete 
|1292|0x0000000690c00000, 0x0000000690d00000, 0x0000000690d00000|100%| E|CS|TAMS 0x0000000690c00000, 0x0000000690c00000| Complete 
|1293|0x0000000690d00000, 0x0000000690e00000, 0x0000000690e00000|100%| E|CS|TAMS 0x0000000690d00000, 0x0000000690d00000| Complete 
|1294|0x0000000690e00000, 0x0000000690f00000, 0x0000000690f00000|100%| E|CS|TAMS 0x0000000690e00000, 0x0000000690e00000| Complete 
|1295|0x0000000690f00000, 0x0000000691000000, 0x0000000691000000|100%| E|CS|TAMS 0x0000000690f00000, 0x0000000690f00000| Complete 
|1296|0x0000000691000000, 0x0000000691100000, 0x0000000691100000|100%| E|CS|TAMS 0x0000000691000000, 0x0000000691000000| Complete 
|1297|0x0000000691100000, 0x0000000691200000, 0x0000000691200000|100%| E|CS|TAMS 0x0000000691100000, 0x0000000691100000| Complete 
|1298|0x0000000691200000, 0x0000000691300000, 0x0000000691300000|100%| E|CS|TAMS 0x0000000691200000, 0x0000000691200000| Complete 
|1299|0x0000000691300000, 0x0000000691400000, 0x0000000691400000|100%| E|CS|TAMS 0x0000000691300000, 0x0000000691300000| Complete 
|1300|0x0000000691400000, 0x0000000691500000, 0x0000000691500000|100%| E|CS|TAMS 0x0000000691400000, 0x0000000691400000| Complete 
|1301|0x0000000691500000, 0x0000000691600000, 0x0000000691600000|100%| E|CS|TAMS 0x0000000691500000, 0x0000000691500000| Complete 
|1302|0x0000000691600000, 0x0000000691700000, 0x0000000691700000|100%| E|CS|TAMS 0x0000000691600000, 0x0000000691600000| Complete 
|1303|0x0000000691700000, 0x0000000691800000, 0x0000000691800000|100%| E|CS|TAMS 0x0000000691700000, 0x0000000691700000| Complete 
|1304|0x0000000691800000, 0x0000000691900000, 0x0000000691900000|100%| E|CS|TAMS 0x0000000691800000, 0x0000000691800000| Complete 
|1305|0x0000000691900000, 0x0000000691a00000, 0x0000000691a00000|100%| E|CS|TAMS 0x0000000691900000, 0x0000000691900000| Complete 
|1306|0x0000000691a00000, 0x0000000691b00000, 0x0000000691b00000|100%| E|CS|TAMS 0x0000000691a00000, 0x0000000691a00000| Complete 
|1307|0x0000000691b00000, 0x0000000691c00000, 0x0000000691c00000|100%| E|CS|TAMS 0x0000000691b00000, 0x0000000691b00000| Complete 
|1308|0x0000000691c00000, 0x0000000691d00000, 0x0000000691d00000|100%| E|CS|TAMS 0x0000000691c00000, 0x0000000691c00000| Complete 
|1309|0x0000000691d00000, 0x0000000691e00000, 0x0000000691e00000|100%| E|CS|TAMS 0x0000000691d00000, 0x0000000691d00000| Complete 
|1310|0x0000000691e00000, 0x0000000691f00000, 0x0000000691f00000|100%| E|CS|TAMS 0x0000000691e00000, 0x0000000691e00000| Complete 
|1311|0x0000000691f00000, 0x0000000692000000, 0x0000000692000000|100%| E|CS|TAMS 0x0000000691f00000, 0x0000000691f00000| Complete 
|1312|0x0000000692000000, 0x0000000692100000, 0x0000000692100000|100%| E|CS|TAMS 0x0000000692000000, 0x0000000692000000| Complete 
|1313|0x0000000692100000, 0x0000000692200000, 0x0000000692200000|100%| E|CS|TAMS 0x0000000692100000, 0x0000000692100000| Complete 
|1314|0x0000000692200000, 0x0000000692300000, 0x0000000692300000|100%| E|CS|TAMS 0x0000000692200000, 0x0000000692200000| Complete 
|1315|0x0000000692300000, 0x0000000692400000, 0x0000000692400000|100%| E|CS|TAMS 0x0000000692300000, 0x0000000692300000| Complete 
|1316|0x0000000692400000, 0x0000000692500000, 0x0000000692500000|100%| E|CS|TAMS 0x0000000692400000, 0x0000000692400000| Complete 
|1317|0x0000000692500000, 0x0000000692600000, 0x0000000692600000|100%| E|CS|TAMS 0x0000000692500000, 0x0000000692500000| Complete 
|1318|0x0000000692600000, 0x0000000692700000, 0x0000000692700000|100%| E|CS|TAMS 0x0000000692600000, 0x0000000692600000| Complete 
|1319|0x0000000692700000, 0x0000000692800000, 0x0000000692800000|100%| E|CS|TAMS 0x0000000692700000, 0x0000000692700000| Complete 
|1320|0x0000000692800000, 0x0000000692900000, 0x0000000692900000|100%| E|CS|TAMS 0x0000000692800000, 0x0000000692800000| Complete 
|1321|0x0000000692900000, 0x0000000692a00000, 0x0000000692a00000|100%| E|CS|TAMS 0x0000000692900000, 0x0000000692900000| Complete 
|1322|0x0000000692a00000, 0x0000000692b00000, 0x0000000692b00000|100%| E|CS|TAMS 0x0000000692a00000, 0x0000000692a00000| Complete 
|1323|0x0000000692b00000, 0x0000000692c00000, 0x0000000692c00000|100%| E|CS|TAMS 0x0000000692b00000, 0x0000000692b00000| Complete 
|1324|0x0000000692c00000, 0x0000000692d00000, 0x0000000692d00000|100%| E|CS|TAMS 0x0000000692c00000, 0x0000000692c00000| Complete 
|1325|0x0000000692d00000, 0x0000000692e00000, 0x0000000692e00000|100%| E|CS|TAMS 0x0000000692d00000, 0x0000000692d00000| Complete 
|1326|0x0000000692e00000, 0x0000000692f00000, 0x0000000692f00000|100%| E|CS|TAMS 0x0000000692e00000, 0x0000000692e00000| Complete 
|1327|0x0000000692f00000, 0x0000000693000000, 0x0000000693000000|100%| E|CS|TAMS 0x0000000692f00000, 0x0000000692f00000| Complete 
|1328|0x0000000693000000, 0x0000000693100000, 0x0000000693100000|100%| E|CS|TAMS 0x0000000693000000, 0x0000000693000000| Complete 
|1329|0x0000000693100000, 0x0000000693200000, 0x0000000693200000|100%| E|CS|TAMS 0x0000000693100000, 0x0000000693100000| Complete 
|1330|0x0000000693200000, 0x0000000693300000, 0x0000000693300000|100%| E|CS|TAMS 0x0000000693200000, 0x0000000693200000| Complete 
|1331|0x0000000693300000, 0x0000000693400000, 0x0000000693400000|100%| E|CS|TAMS 0x0000000693300000, 0x0000000693300000| Complete 
|1332|0x0000000693400000, 0x0000000693500000, 0x0000000693500000|100%| E|CS|TAMS 0x0000000693400000, 0x0000000693400000| Complete 
|1333|0x0000000693500000, 0x0000000693600000, 0x0000000693600000|100%| E|CS|TAMS 0x0000000693500000, 0x0000000693500000| Complete 
|1334|0x0000000693600000, 0x0000000693700000, 0x0000000693700000|100%| E|CS|TAMS 0x0000000693600000, 0x0000000693600000| Complete 
|1335|0x0000000693700000, 0x0000000693800000, 0x0000000693800000|100%| E|CS|TAMS 0x0000000693700000, 0x0000000693700000| Complete 
|1336|0x0000000693800000, 0x0000000693900000, 0x0000000693900000|100%| E|CS|TAMS 0x0000000693800000, 0x0000000693800000| Complete 
|1337|0x0000000693900000, 0x0000000693a00000, 0x0000000693a00000|100%| E|CS|TAMS 0x0000000693900000, 0x0000000693900000| Complete 
|1338|0x0000000693a00000, 0x0000000693b00000, 0x0000000693b00000|100%| E|CS|TAMS 0x0000000693a00000, 0x0000000693a00000| Complete 
|1339|0x0000000693b00000, 0x0000000693c00000, 0x0000000693c00000|100%| E|CS|TAMS 0x0000000693b00000, 0x0000000693b00000| Complete 
|1340|0x0000000693c00000, 0x0000000693d00000, 0x0000000693d00000|100%| E|CS|TAMS 0x0000000693c00000, 0x0000000693c00000| Complete 
|1341|0x0000000693d00000, 0x0000000693e00000, 0x0000000693e00000|100%| E|CS|TAMS 0x0000000693d00000, 0x0000000693d00000| Complete 
|1342|0x0000000693e00000, 0x0000000693f00000, 0x0000000693f00000|100%| E|CS|TAMS 0x0000000693e00000, 0x0000000693e00000| Complete 
|1343|0x0000000693f00000, 0x0000000694000000, 0x0000000694000000|100%| E|CS|TAMS 0x0000000693f00000, 0x0000000693f00000| Complete 
|1344|0x0000000694000000, 0x0000000694100000, 0x0000000694100000|100%| E|CS|TAMS 0x0000000694000000, 0x0000000694000000| Complete 
|1345|0x0000000694100000, 0x0000000694200000, 0x0000000694200000|100%| E|CS|TAMS 0x0000000694100000, 0x0000000694100000| Complete 
|1346|0x0000000694200000, 0x0000000694300000, 0x0000000694300000|100%| E|CS|TAMS 0x0000000694200000, 0x0000000694200000| Complete 
|1347|0x0000000694300000, 0x0000000694400000, 0x0000000694400000|100%| E|CS|TAMS 0x0000000694300000, 0x0000000694300000| Complete 
|1348|0x0000000694400000, 0x0000000694500000, 0x0000000694500000|100%| E|CS|TAMS 0x0000000694400000, 0x0000000694400000| Complete 
|1349|0x0000000694500000, 0x0000000694600000, 0x0000000694600000|100%| E|CS|TAMS 0x0000000694500000, 0x0000000694500000| Complete 
|1350|0x0000000694600000, 0x0000000694700000, 0x0000000694700000|100%| E|CS|TAMS 0x0000000694600000, 0x0000000694600000| Complete 
|1351|0x0000000694700000, 0x0000000694800000, 0x0000000694800000|100%| E|CS|TAMS 0x0000000694700000, 0x0000000694700000| Complete 
|1352|0x0000000694800000, 0x0000000694900000, 0x0000000694900000|100%| E|CS|TAMS 0x0000000694800000, 0x0000000694800000| Complete 
|1353|0x0000000694900000, 0x0000000694a00000, 0x0000000694a00000|100%| E|CS|TAMS 0x0000000694900000, 0x0000000694900000| Complete 
|1354|0x0000000694a00000, 0x0000000694b00000, 0x0000000694b00000|100%| E|CS|TAMS 0x0000000694a00000, 0x0000000694a00000| Complete 
|1355|0x0000000694b00000, 0x0000000694c00000, 0x0000000694c00000|100%| E|CS|TAMS 0x0000000694b00000, 0x0000000694b00000| Complete 
|1356|0x0000000694c00000, 0x0000000694d00000, 0x0000000694d00000|100%| E|CS|TAMS 0x0000000694c00000, 0x0000000694c00000| Complete 
|1357|0x0000000694d00000, 0x0000000694e00000, 0x0000000694e00000|100%| E|CS|TAMS 0x0000000694d00000, 0x0000000694d00000| Complete 
|1358|0x0000000694e00000, 0x0000000694f00000, 0x0000000694f00000|100%| E|CS|TAMS 0x0000000694e00000, 0x0000000694e00000| Complete 
|1359|0x0000000694f00000, 0x0000000695000000, 0x0000000695000000|100%| E|CS|TAMS 0x0000000694f00000, 0x0000000694f00000| Complete 
|1360|0x0000000695000000, 0x0000000695100000, 0x0000000695100000|100%| E|CS|TAMS 0x0000000695000000, 0x0000000695000000| Complete 
|1361|0x0000000695100000, 0x0000000695200000, 0x0000000695200000|100%| E|CS|TAMS 0x0000000695100000, 0x0000000695100000| Complete 
|1362|0x0000000695200000, 0x0000000695300000, 0x0000000695300000|100%| E|CS|TAMS 0x0000000695200000, 0x0000000695200000| Complete 
|1363|0x0000000695300000, 0x0000000695400000, 0x0000000695400000|100%| E|CS|TAMS 0x0000000695300000, 0x0000000695300000| Complete 
|1364|0x0000000695400000, 0x0000000695500000, 0x0000000695500000|100%| E|CS|TAMS 0x0000000695400000, 0x0000000695400000| Complete 
|1365|0x0000000695500000, 0x0000000695600000, 0x0000000695600000|100%| E|CS|TAMS 0x0000000695500000, 0x0000000695500000| Complete 
|1366|0x0000000695600000, 0x0000000695700000, 0x0000000695700000|100%| E|CS|TAMS 0x0000000695600000, 0x0000000695600000| Complete 
|1367|0x0000000695700000, 0x0000000695800000, 0x0000000695800000|100%| E|CS|TAMS 0x0000000695700000, 0x0000000695700000| Complete 
|1368|0x0000000695800000, 0x0000000695900000, 0x0000000695900000|100%| E|CS|TAMS 0x0000000695800000, 0x0000000695800000| Complete 
|1369|0x0000000695900000, 0x0000000695a00000, 0x0000000695a00000|100%| E|CS|TAMS 0x0000000695900000, 0x0000000695900000| Complete 
|1370|0x0000000695a00000, 0x0000000695b00000, 0x0000000695b00000|100%| E|CS|TAMS 0x0000000695a00000, 0x0000000695a00000| Complete 
|1371|0x0000000695b00000, 0x0000000695c00000, 0x0000000695c00000|100%| E|CS|TAMS 0x0000000695b00000, 0x0000000695b00000| Complete 
|1372|0x0000000695c00000, 0x0000000695d00000, 0x0000000695d00000|100%| E|CS|TAMS 0x0000000695c00000, 0x0000000695c00000| Complete 
|1373|0x0000000695d00000, 0x0000000695e00000, 0x0000000695e00000|100%| E|CS|TAMS 0x0000000695d00000, 0x0000000695d00000| Complete 
|1374|0x0000000695e00000, 0x0000000695f00000, 0x0000000695f00000|100%| E|CS|TAMS 0x0000000695e00000, 0x0000000695e00000| Complete 
|1375|0x0000000695f00000, 0x0000000696000000, 0x0000000696000000|100%| E|CS|TAMS 0x0000000695f00000, 0x0000000695f00000| Complete 
|1376|0x0000000696000000, 0x0000000696100000, 0x0000000696100000|100%| E|CS|TAMS 0x0000000696000000, 0x0000000696000000| Complete 
|1377|0x0000000696100000, 0x0000000696200000, 0x0000000696200000|100%| E|CS|TAMS 0x0000000696100000, 0x0000000696100000| Complete 
|1378|0x0000000696200000, 0x0000000696300000, 0x0000000696300000|100%| E|CS|TAMS 0x0000000696200000, 0x0000000696200000| Complete 
|1379|0x0000000696300000, 0x0000000696400000, 0x0000000696400000|100%| E|CS|TAMS 0x0000000696300000, 0x0000000696300000| Complete 
|1380|0x0000000696400000, 0x0000000696500000, 0x0000000696500000|100%| E|CS|TAMS 0x0000000696400000, 0x0000000696400000| Complete 
|1381|0x0000000696500000, 0x0000000696600000, 0x0000000696600000|100%| E|CS|TAMS 0x0000000696500000, 0x0000000696500000| Complete 
|1382|0x0000000696600000, 0x0000000696700000, 0x0000000696700000|100%| E|CS|TAMS 0x0000000696600000, 0x0000000696600000| Complete 
|1383|0x0000000696700000, 0x0000000696800000, 0x0000000696800000|100%| E|CS|TAMS 0x0000000696700000, 0x0000000696700000| Complete 
|1384|0x0000000696800000, 0x0000000696900000, 0x0000000696900000|100%| E|CS|TAMS 0x0000000696800000, 0x0000000696800000| Complete 
|1385|0x0000000696900000, 0x0000000696a00000, 0x0000000696a00000|100%| E|CS|TAMS 0x0000000696900000, 0x0000000696900000| Complete 
|1386|0x0000000696a00000, 0x0000000696b00000, 0x0000000696b00000|100%| E|CS|TAMS 0x0000000696a00000, 0x0000000696a00000| Complete 
|1387|0x0000000696b00000, 0x0000000696c00000, 0x0000000696c00000|100%| E|CS|TAMS 0x0000000696b00000, 0x0000000696b00000| Complete 
|1388|0x0000000696c00000, 0x0000000696d00000, 0x0000000696d00000|100%| E|CS|TAMS 0x0000000696c00000, 0x0000000696c00000| Complete 
|1389|0x0000000696d00000, 0x0000000696e00000, 0x0000000696e00000|100%| E|CS|TAMS 0x0000000696d00000, 0x0000000696d00000| Complete 
|1390|0x0000000696e00000, 0x0000000696f00000, 0x0000000696f00000|100%| E|CS|TAMS 0x0000000696e00000, 0x0000000696e00000| Complete 
|1391|0x0000000696f00000, 0x0000000697000000, 0x0000000697000000|100%| E|CS|TAMS 0x0000000696f00000, 0x0000000696f00000| Complete 
|1392|0x0000000697000000, 0x0000000697100000, 0x0000000697100000|100%| E|CS|TAMS 0x0000000697000000, 0x0000000697000000| Complete 
|1393|0x0000000697100000, 0x0000000697200000, 0x0000000697200000|100%| E|CS|TAMS 0x0000000697100000, 0x0000000697100000| Complete 
|1394|0x0000000697200000, 0x0000000697300000, 0x0000000697300000|100%| E|CS|TAMS 0x0000000697200000, 0x0000000697200000| Complete 
|1395|0x0000000697300000, 0x0000000697400000, 0x0000000697400000|100%| E|CS|TAMS 0x0000000697300000, 0x0000000697300000| Complete 
|1396|0x0000000697400000, 0x0000000697500000, 0x0000000697500000|100%| E|CS|TAMS 0x0000000697400000, 0x0000000697400000| Complete 
|1397|0x0000000697500000, 0x0000000697600000, 0x0000000697600000|100%| E|CS|TAMS 0x0000000697500000, 0x0000000697500000| Complete 
|1398|0x0000000697600000, 0x0000000697700000, 0x0000000697700000|100%| E|CS|TAMS 0x0000000697600000, 0x0000000697600000| Complete 
|1399|0x0000000697700000, 0x0000000697800000, 0x0000000697800000|100%| E|CS|TAMS 0x0000000697700000, 0x0000000697700000| Complete 
|1400|0x0000000697800000, 0x0000000697900000, 0x0000000697900000|100%| E|CS|TAMS 0x0000000697800000, 0x0000000697800000| Complete 
|1401|0x0000000697900000, 0x0000000697a00000, 0x0000000697a00000|100%| E|CS|TAMS 0x0000000697900000, 0x0000000697900000| Complete 
|1402|0x0000000697a00000, 0x0000000697b00000, 0x0000000697b00000|100%| E|CS|TAMS 0x0000000697a00000, 0x0000000697a00000| Complete 
|1403|0x0000000697b00000, 0x0000000697c00000, 0x0000000697c00000|100%| E|CS|TAMS 0x0000000697b00000, 0x0000000697b00000| Complete 
|1404|0x0000000697c00000, 0x0000000697d00000, 0x0000000697d00000|100%| E|CS|TAMS 0x0000000697c00000, 0x0000000697c00000| Complete 
|1405|0x0000000697d00000, 0x0000000697e00000, 0x0000000697e00000|100%| E|CS|TAMS 0x0000000697d00000, 0x0000000697d00000| Complete 
|1406|0x0000000697e00000, 0x0000000697f00000, 0x0000000697f00000|100%| E|CS|TAMS 0x0000000697e00000, 0x0000000697e00000| Complete 
|1407|0x0000000697f00000, 0x0000000698000000, 0x0000000698000000|100%| E|CS|TAMS 0x0000000697f00000, 0x0000000697f00000| Complete 
|1408|0x0000000698000000, 0x0000000698100000, 0x0000000698100000|100%| E|CS|TAMS 0x0000000698000000, 0x0000000698000000| Complete 
|1409|0x0000000698100000, 0x0000000698200000, 0x0000000698200000|100%| E|CS|TAMS 0x0000000698100000, 0x0000000698100000| Complete 
|1410|0x0000000698200000, 0x0000000698300000, 0x0000000698300000|100%| E|CS|TAMS 0x0000000698200000, 0x0000000698200000| Complete 
|1411|0x0000000698300000, 0x0000000698400000, 0x0000000698400000|100%| E|CS|TAMS 0x0000000698300000, 0x0000000698300000| Complete 
|1412|0x0000000698400000, 0x0000000698500000, 0x0000000698500000|100%| E|CS|TAMS 0x0000000698400000, 0x0000000698400000| Complete 
|1413|0x0000000698500000, 0x0000000698600000, 0x0000000698600000|100%| E|CS|TAMS 0x0000000698500000, 0x0000000698500000| Complete 
|1414|0x0000000698600000, 0x0000000698700000, 0x0000000698700000|100%| E|CS|TAMS 0x0000000698600000, 0x0000000698600000| Complete 
|1415|0x0000000698700000, 0x0000000698800000, 0x0000000698800000|100%| E|CS|TAMS 0x0000000698700000, 0x0000000698700000| Complete 
|1416|0x0000000698800000, 0x0000000698900000, 0x0000000698900000|100%| E|CS|TAMS 0x0000000698800000, 0x0000000698800000| Complete 
|1417|0x0000000698900000, 0x0000000698a00000, 0x0000000698a00000|100%| E|CS|TAMS 0x0000000698900000, 0x0000000698900000| Complete 
|1418|0x0000000698a00000, 0x0000000698b00000, 0x0000000698b00000|100%| E|CS|TAMS 0x0000000698a00000, 0x0000000698a00000| Complete 
|1419|0x0000000698b00000, 0x0000000698c00000, 0x0000000698c00000|100%| E|CS|TAMS 0x0000000698b00000, 0x0000000698b00000| Complete 
|1420|0x0000000698c00000, 0x0000000698d00000, 0x0000000698d00000|100%| E|CS|TAMS 0x0000000698c00000, 0x0000000698c00000| Complete 
|1421|0x0000000698d00000, 0x0000000698e00000, 0x0000000698e00000|100%| E|CS|TAMS 0x0000000698d00000, 0x0000000698d00000| Complete 

Card table byte_map: [0x000000010f69c000,0x000000011029c000] _byte_map_base: 0x000000010c49c000

Marking Bits (Prev, Next): (CMBitMap*) 0x000000011201dc18, (CMBitMap*) 0x000000011201dc50
 Prev Bits: [0x0000000150000000, 0x0000000156000000)
 Next Bits: [0x0000000156000000, 0x000000015c000000)

Polling page: 0x00000001048f0000

Metaspace:

Usage:
  Non-class:     94.52 MB capacity,    92.36 MB ( 98%) used,     1.76 MB (  2%) free+waste,   411.81 KB ( <1%) overhead. 
      Class:     14.62 MB capacity,    13.22 MB ( 90%) used,     1.19 MB (  8%) free+waste,   211.00 KB (  1%) overhead. 
       Both:    109.14 MB capacity,   105.58 MB ( 97%) used,     2.95 MB (  3%) free+waste,   622.81 KB ( <1%) overhead. 

Virtual space:
  Non-class space:       96.00 MB reserved,      94.67 MB ( 99%) committed 
      Class space:        1.00 GB reserved,      14.64 MB (  1%) committed 
             Both:        1.09 GB reserved,     109.31 MB ( 10%) committed 

Chunk freelists:
   Non-Class:  32.00 KB
       Class:  4.00 KB
        Both:  36.00 KB

MaxMetaspaceSize: unlimited
CompressedClassSpaceSize: 1.00 GB
Initial GC threshold: 20.80 MB
Current GC threshold: 123.66 MB
CDS: off

CodeHeap 'non-profiled nmethods': size=238384Kb used=28956Kb max_used=28956Kb free=209427Kb
 bounds [0x0000000130734000, 0x0000000132384000, 0x000000013f000000]
CodeHeap 'non-nmethods': size=7376Kb used=1445Kb max_used=1445Kb free=5930Kb
 bounds [0x0000000130000000, 0x0000000130270000, 0x0000000130734000]
 total_blobs=15737 nmethods=14902 adapters=765
 compilation: enabled
              stopped_count=0, restarted_count=0
 full_count=0

Compilation events (20 events):
Event: 2588.751 Thread 0x0000000122825000 15332       1       org.springframework.boot.context.config.DelegatingApplicationListener::onApplicationEvent (95 bytes)
Event: 2588.755 Thread 0x0000000122825000 nmethod 15332 0x0000000132373110 code [0x0000000132373380, 0x0000000132373af0]
Event: 2590.339 Thread 0x0000000122825000 15333       1       java.util.LinkedList::getLast (22 bytes)
Event: 2590.339 Thread 0x0000000122825000 nmethod 15333 0x0000000132373e90 code [0x0000000132374040, 0x0000000132374240]
Event: 2727.730 Thread 0x0000000122825000 15336       1       com.alibaba.nacos.client.naming.core.ServiceInfoUpdateService::access$100 (5 bytes)
Event: 2727.731 Thread 0x0000000122825000 nmethod 15336 0x0000000132374310 code [0x00000001323744c0, 0x00000001323745d0]
Event: 2733.206 Thread 0x0000000122825000 15337       1       sun.misc.Unsafe::objectFieldOffset (8 bytes)
Event: 2733.206 Thread 0x0000000122825000 nmethod 15337 0x0000000132374690 code [0x0000000132374840, 0x0000000132374a70]
Event: 2733.206 Thread 0x0000000122825000 15338       1       com.alibaba.nacos.shaded.com.google.gson.internal.$Gson$Types::resolve (14 bytes)
Event: 2733.207 Thread 0x0000000122825000 nmethod 15338 0x0000000132374b90 code [0x0000000132374d40, 0x0000000132374f80]
Event: 2733.207 Thread 0x0000000122825000 15339       1       com.alibaba.nacos.shaded.com.google.gson.internal.bind.ReflectiveTypeAdapterFactory$1::writeField (29 bytes)
Event: 2733.208 Thread 0x0000000122825000 nmethod 15339 0x0000000132375090 code [0x0000000132375280, 0x0000000132375510]
Event: 2733.208 Thread 0x0000000122825000 15340       1       com.alibaba.nacos.shaded.com.google.gson.internal.bind.ReflectiveTypeAdapterFactory$1::write (55 bytes)
Event: 2733.209 Thread 0x0000000122825000 nmethod 15340 0x0000000132375690 code [0x0000000132375880, 0x0000000132375d00]
Event: 2812.490 Thread 0x0000000122825000 15342       1       org.apache.rocketmq.common.stats.StatsSnapshot::getSum (5 bytes)
Event: 2812.491 Thread 0x0000000122825000 nmethod 15342 0x0000000132375f10 code [0x00000001323760c0, 0x0000000132376210]
Event: 2812.491 Thread 0x0000000122825000 15343       1       org.apache.rocketmq.common.stats.StatsSnapshot::getTps (5 bytes)
Event: 2812.491 Thread 0x0000000122825000 nmethod 15343 0x0000000132376290 code [0x0000000132376440, 0x0000000132376590]
Event: 2815.301 Thread 0x0000000122825000 15344 % !   1       io.netty.channel.nio.NioEventLoop::run @ 2 (591 bytes)
Event: 2815.307 Thread 0x0000000122825000 nmethod 15344% 0x0000000132376610 code [0x0000000132376cc0, 0x0000000132378f80]

GC Heap History (20 events):
Event: 1.438 GC heap before
{Heap before GC invocations=7 (full 0):
 garbage-first heap   total 716800K, used 38782K [0x0000000640000000, 0x00000007c0000000)
  region size 1024K, 25 young (25600K), 7 survivors (7168K)
 Metaspace       used 34542K, capacity 35502K, committed 35712K, reserved 1081344K
  class space    used 4357K, capacity 4779K, committed 4816K, reserved 1048576K
}
Event: 1.440 GC heap after
{Heap after GC invocations=8 (full 0):
 garbage-first heap   total 716800K, used 22358K [0x0000000640000000, 0x00000007c0000000)
  region size 1024K, 8 young (8192K), 8 survivors (8192K)
 Metaspace       used 34542K, capacity 35502K, committed 35712K, reserved 1081344K
  class space    used 4357K, capacity 4779K, committed 4816K, reserved 1048576K
}
Event: 1.972 GC heap before
{Heap before GC invocations=9 (full 0):
 garbage-first heap   total 716800K, used 205654K [0x0000000640000000, 0x00000007c0000000)
  region size 1024K, 188 young (192512K), 8 survivors (8192K)
 Metaspace       used 45316K, capacity 46355K, committed 46784K, reserved 1089536K
  class space    used 5684K, capacity 6128K, committed 6160K, reserved 1048576K
}
Event: 1.977 GC heap after
{Heap after GC invocations=10 (full 0):
 garbage-first heap   total 716800K, used 28813K [0x0000000640000000, 0x00000007c0000000)
  region size 1024K, 15 young (15360K), 15 survivors (15360K)
 Metaspace       used 45316K, capacity 46355K, committed 46784K, reserved 1089536K
  class space    used 5684K, capacity 6128K, committed 6160K, reserved 1048576K
}
Event: 2.599 GC heap before
{Heap before GC invocations=10 (full 0):
 garbage-first heap   total 716800K, used 306317K [0x0000000640000000, 0x00000007c0000000)
  region size 1024K, 286 young (292864K), 15 survivors (15360K)
 Metaspace       used 55478K, capacity 56926K, committed 57152K, reserved 1099776K
  class space    used 7104K, capacity 7705K, committed 7824K, reserved 1048576K
}
Event: 2.606 GC heap after
{Heap after GC invocations=11 (full 0):
 garbage-first heap   total 716800K, used 37133K [0x0000000640000000, 0x00000007c0000000)
  region size 1024K, 23 young (23552K), 23 survivors (23552K)
 Metaspace       used 55478K, capacity 56926K, committed 57152K, reserved 1099776K
  class space    used 7104K, capacity 7705K, committed 7824K, reserved 1048576K
}
Event: 2.754 GC heap before
{Heap before GC invocations=11 (full 0):
 garbage-first heap   total 716800K, used 119053K [0x0000000640000000, 0x00000007c0000000)
  region size 1024K, 99 young (101376K), 23 survivors (23552K)
 Metaspace       used 58466K, capacity 59899K, committed 59968K, reserved 1101824K
  class space    used 7433K, capacity 8041K, committed 8080K, reserved 1048576K
}
Event: 2.770 GC heap after
{Heap after GC invocations=12 (full 0):
 garbage-first heap   total 860160K, used 39831K [0x0000000640000000, 0x00000007c0000000)
  region size 1024K, 25 young (25600K), 25 survivors (25600K)
 Metaspace       used 58466K, capacity 59899K, committed 59968K, reserved 1101824K
  class space    used 7433K, capacity 8041K, committed 8080K, reserved 1048576K
}
Event: 6.332 GC heap before
{Heap before GC invocations=13 (full 0):
 garbage-first heap   total 860160K, used 530327K [0x0000000640000000, 0x00000007c0000000)
  region size 1024K, 504 young (516096K), 25 survivors (25600K)
 Metaspace       used 73647K, capacity 75670K, committed 75840K, reserved 1116160K
  class space    used 9350K, capacity 10111K, committed 10128K, reserved 1048576K
}
Event: 6.449 GC heap after
{Heap after GC invocations=14 (full 0):
 garbage-first heap   total 860160K, used 53726K [0x0000000640000000, 0x00000007c0000000)
  region size 1024K, 39 young (39936K), 39 survivors (39936K)
 Metaspace       used 73647K, capacity 75670K, committed 75840K, reserved 1116160K
  class space    used 9350K, capacity 10111K, committed 10128K, reserved 1048576K
}
Event: 7.505 GC heap before
{Heap before GC invocations=15 (full 0):
 garbage-first heap   total 860160K, used 529886K [0x0000000640000000, 0x00000007c0000000)
  region size 1024K, 504 young (516096K), 39 survivors (39936K)
 Metaspace       used 83411K, capacity 85715K, committed 85824K, reserved 1124352K
  class space    used 10468K, capacity 11364K, committed 11408K, reserved 1048576K
}
Event: 7.521 GC heap after
{Heap after GC invocations=16 (full 0):
 garbage-first heap   total 860160K, used 71956K [0x0000000640000000, 0x00000007c0000000)
  region size 1024K, 50 young (51200K), 50 survivors (51200K)
 Metaspace       used 83411K, capacity 85715K, committed 85824K, reserved 1124352K
  class space    used 10468K, capacity 11364K, committed 11408K, reserved 1048576K
}
Event: 9.095 GC heap before
{Heap before GC invocations=16 (full 0):
 garbage-first heap   total 860160K, used 535828K [0x0000000640000000, 0x00000007c0000000)
  region size 1024K, 504 young (516096K), 50 survivors (51200K)
 Metaspace       used 92275K, capacity 95314K, committed 95680K, reserved 1132544K
  class space    used 11717K, capacity 12953K, committed 13072K, reserved 1048576K
}
Event: 9.114 GC heap after
{Heap after GC invocations=17 (full 0):
 garbage-first heap   total 860160K, used 88902K [0x0000000640000000, 0x00000007c0000000)
  region size 1024K, 39 young (39936K), 39 survivors (39936K)
 Metaspace       used 92275K, capacity 95314K, committed 95680K, reserved 1132544K
  class space    used 11717K, capacity 12953K, committed 13072K, reserved 1048576K
}
Event: 442.398 GC heap before
{Heap before GC invocations=17 (full 0):
 garbage-first heap   total 860160K, used 564038K [0x0000000640000000, 0x00000007c0000000)
  region size 1024K, 504 young (516096K), 39 survivors (39936K)
 Metaspace       used 107736K, capacity 111338K, committed 111424K, reserved 1146880K
  class space    used 13523K, capacity 14922K, committed 14992K, reserved 1048576K
}
Event: 442.454 GC heap after
{Heap after GC invocations=18 (full 0):
 garbage-first heap   total 1456128K, used 99328K [0x0000000640000000, 0x00000007c0000000)
  region size 1024K, 30 young (30720K), 30 survivors (30720K)
 Metaspace       used 107736K, capacity 111338K, committed 111424K, reserved 1146880K
  class space    used 13523K, capacity 14922K, committed 14992K, reserved 1048576K
}
Event: 918.081 GC heap before
{Heap before GC invocations=18 (full 0):
 garbage-first heap   total 1456128K, used 941056K [0x0000000640000000, 0x00000007c0000000)
  region size 1024K, 853 young (873472K), 30 survivors (30720K)
 Metaspace       used 107770K, capacity 111402K, committed 111680K, reserved 1146880K
  class space    used 13524K, capacity 14922K, committed 14992K, reserved 1048576K
}
Event: 918.117 GC heap after
{Heap after GC invocations=19 (full 0):
 garbage-first heap   total 1456128K, used 99840K [0x0000000640000000, 0x00000007c0000000)
  region size 1024K, 31 young (31744K), 31 survivors (31744K)
 Metaspace       used 107770K, capacity 111402K, committed 111680K, reserved 1146880K
  class space    used 13524K, capacity 14922K, committed 14992K, reserved 1048576K
}
Event: 1702.776 GC heap before
{Heap before GC invocations=19 (full 0):
 garbage-first heap   total 1456128K, used 940544K [0x0000000640000000, 0x00000007c0000000)
  region size 1024K, 853 young (873472K), 31 survivors (31744K)
 Metaspace       used 108094K, capacity 111735K, committed 111936K, reserved 1146880K
  class space    used 13535K, capacity 14968K, committed 14992K, reserved 1048576K
}
Event: 1702.814 GC heap after
{Heap after GC invocations=20 (full 0):
 garbage-first heap   total 1456128K, used 99840K [0x0000000640000000, 0x00000007c0000000)
  region size 1024K, 31 young (31744K), 31 survivors (31744K)
 Metaspace       used 108094K, capacity 111735K, committed 111936K, reserved 1146880K
  class space    used 13535K, capacity 14968K, committed 14992K, reserved 1048576K
}

Deoptimization events (20 events):
Event: 331.002 Thread 0x00000001232a7800 DEOPT PACKING pc=0x0000000131e8d2bc sp=0x0000000318712360
Event: 331.002 Thread 0x00000001232a7800 DEOPT UNPACKING pc=0x000000013003527c sp=0x0000000318712170 mode 3
Event: 331.026 Thread 0x00000001247d6800 DEOPT PACKING pc=0x0000000131e8d2bc sp=0x000000031b002360
Event: 331.026 Thread 0x00000001247d6800 DEOPT UNPACKING pc=0x000000013003527c sp=0x000000031b002170 mode 3
Event: 331.040 Thread 0x000000013fb09800 DEOPT PACKING pc=0x0000000131e8d2bc sp=0x000000031ca9e360
Event: 331.041 Thread 0x000000013fb09800 DEOPT UNPACKING pc=0x000000013003527c sp=0x000000031ca9e170 mode 3
Event: 333.099 Thread 0x000000012375f000 DEOPT PACKING pc=0x0000000131e2eef4 sp=0x00000003180ee260
Event: 333.099 Thread 0x000000012375f000 DEOPT UNPACKING pc=0x000000013003527c sp=0x00000003180ee060 mode 3
Event: 333.100 Thread 0x000000012376d800 DEOPT PACKING pc=0x0000000131e2eef4 sp=0x000000031a9de260
Event: 333.100 Thread 0x000000012376d800 DEOPT UNPACKING pc=0x000000013003527c sp=0x000000031a9de060 mode 3
Event: 333.102 Thread 0x0000000122b2f000 DEOPT PACKING pc=0x0000000131e2eef4 sp=0x000000031935a260
Event: 333.102 Thread 0x0000000122b2f000 DEOPT UNPACKING pc=0x000000013003527c sp=0x000000031935a060 mode 3
Event: 333.104 Thread 0x000000013fb07800 DEOPT PACKING pc=0x0000000131e2eef4 sp=0x000000031c47a260
Event: 333.104 Thread 0x000000013fb07800 DEOPT UNPACKING pc=0x000000013003527c sp=0x000000031c47a060 mode 3
Event: 1029.199 Thread 0x000000012322c800 DEOPT PACKING pc=0x0000000131a89f2c sp=0x0000000324155f90
Event: 1029.199 Thread 0x000000012322c800 DEOPT UNPACKING pc=0x000000013003527c sp=0x0000000324155dd0 mode 3
Event: 1281.053 Thread 0x00000001247c4000 DEOPT PACKING pc=0x0000000132030acc sp=0x000000031891e3a0
Event: 1281.053 Thread 0x00000001247c4000 DEOPT UNPACKING pc=0x000000013003527c sp=0x000000031891e0f0 mode 3
Event: 1281.054 Thread 0x00000001247c4000 DEOPT PACKING pc=0x00000001320039a8 sp=0x000000031891e3e0
Event: 1281.054 Thread 0x00000001247c4000 DEOPT UNPACKING pc=0x000000013003527c sp=0x000000031891e190 mode 3

Classes redefined (0 events):
No events

Internal exceptions (20 events):
Event: 2777.940 Thread 0x000000012345d000 Exception <a 'java/net/SocketTimeoutException'{0x000000069845b7a0}: Read timed out> (0x000000069845b7a0) thrown at [src/hotspot/share/prims/jni.cpp, line 638]
Event: 2782.941 Thread 0x000000012345d000 Exception <a 'java/net/SocketTimeoutException'{0x000000069845bac0}: Read timed out> (0x000000069845bac0) thrown at [src/hotspot/share/prims/jni.cpp, line 638]
Event: 2782.944 Thread 0x00000001233c2000 Exception <a 'java/io/FileNotFoundException'{0x000000067fdd34b8}> (0x000000067fdd34b8) thrown at [src/hotspot/share/prims/jni.cpp, line 617]
Event: 2782.944 Thread 0x00000001233c2000 Exception <a 'java/io/FileNotFoundException'{0x000000067fdd3a38}> (0x000000067fdd3a38) thrown at [src/hotspot/share/prims/jni.cpp, line 617]
Event: 2787.944 Thread 0x000000012345d000 Exception <a 'java/net/SocketTimeoutException'{0x000000069845bde0}: Read timed out> (0x000000069845bde0) thrown at [src/hotspot/share/prims/jni.cpp, line 638]
Event: 2792.947 Thread 0x000000012345d000 Exception <a 'java/net/SocketTimeoutException'{0x000000069845c100}: Read timed out> (0x000000069845c100) thrown at [src/hotspot/share/prims/jni.cpp, line 638]
Event: 2792.983 Thread 0x00000001233c2000 Exception <a 'java/io/FileNotFoundException'{0x000000067fde4550}> (0x000000067fde4550) thrown at [src/hotspot/share/prims/jni.cpp, line 617]
Event: 2792.983 Thread 0x00000001233c2000 Exception <a 'java/io/FileNotFoundException'{0x000000067fde4ad0}> (0x000000067fde4ad0) thrown at [src/hotspot/share/prims/jni.cpp, line 617]
Event: 2797.952 Thread 0x000000012345d000 Exception <a 'java/net/SocketTimeoutException'{0x000000069845c420}: Read timed out> (0x000000069845c420) thrown at [src/hotspot/share/prims/jni.cpp, line 638]
Event: 2802.957 Thread 0x000000012345d000 Exception <a 'java/net/SocketTimeoutException'{0x000000069845c740}: Read timed out> (0x000000069845c740) thrown at [src/hotspot/share/prims/jni.cpp, line 638]
Event: 2803.039 Thread 0x00000001233c2000 Exception <a 'java/io/FileNotFoundException'{0x000000067fdf55e8}> (0x000000067fdf55e8) thrown at [src/hotspot/share/prims/jni.cpp, line 617]
Event: 2803.039 Thread 0x00000001233c2000 Exception <a 'java/io/FileNotFoundException'{0x000000067fdf5b68}> (0x000000067fdf5b68) thrown at [src/hotspot/share/prims/jni.cpp, line 617]
Event: 2807.961 Thread 0x000000012345d000 Exception <a 'java/net/SocketTimeoutException'{0x000000069845ca60}: Read timed out> (0x000000069845ca60) thrown at [src/hotspot/share/prims/jni.cpp, line 638]
Event: 2812.965 Thread 0x000000012345d000 Exception <a 'java/net/SocketTimeoutException'{0x000000069845cd80}: Read timed out> (0x000000069845cd80) thrown at [src/hotspot/share/prims/jni.cpp, line 638]
Event: 2813.078 Thread 0x00000001233c2000 Exception <a 'java/io/FileNotFoundException'{0x000000067e206ea8}> (0x000000067e206ea8) thrown at [src/hotspot/share/prims/jni.cpp, line 617]
Event: 2813.078 Thread 0x00000001233c2000 Exception <a 'java/io/FileNotFoundException'{0x000000067e207428}> (0x000000067e207428) thrown at [src/hotspot/share/prims/jni.cpp, line 617]
Event: 2817.969 Thread 0x000000012345d000 Exception <a 'java/net/SocketTimeoutException'{0x000000069845d0a0}: Read timed out> (0x000000069845d0a0) thrown at [src/hotspot/share/prims/jni.cpp, line 638]
Event: 2822.974 Thread 0x000000012345d000 Exception <a 'java/net/SocketTimeoutException'{0x000000069845d3c0}: Read timed out> (0x000000069845d3c0) thrown at [src/hotspot/share/prims/jni.cpp, line 638]
Event: 2823.119 Thread 0x00000001233c2000 Exception <a 'java/io/FileNotFoundException'{0x000000067e217f40}> (0x000000067e217f40) thrown at [src/hotspot/share/prims/jni.cpp, line 617]
Event: 2823.119 Thread 0x00000001233c2000 Exception <a 'java/io/FileNotFoundException'{0x000000067e2184c0}> (0x000000067e2184c0) thrown at [src/hotspot/share/prims/jni.cpp, line 617]

Events (20 events):
Event: 2819.059 Protecting memory [0x000000032b48c000,0x000000032b498000] with protection modes 3
Event: 2819.059 Thread 0x00000001234e3800 Thread exited: 0x00000001234e3800
Event: 2819.070 Thread 0x00000001234e3800 Thread added: 0x00000001234e3800
Event: 2819.070 Protecting memory [0x000000032b48c000,0x000000032b498000] with protection modes 0
Event: 2819.257 Protecting memory [0x0000000311eb8000,0x0000000311ec4000] with protection modes 3
Event: 2819.257 Thread 0x00000001121d0800 Thread exited: 0x00000001121d0800
Event: 2819.260 Protecting memory [0x000000032e5ac000,0x000000032e5b8000] with protection modes 3
Event: 2819.260 Thread 0x0000000122cae800 Thread exited: 0x0000000122cae800
Event: 2819.264 Thread 0x0000000122cae800 Thread added: 0x0000000122cae800
Event: 2819.264 Protecting memory [0x0000000311eb8000,0x0000000311ec4000] with protection modes 0
Event: 2822.159 Executing VM operation: RevokeBias
Event: 2822.159 Executing VM operation: RevokeBias done
Event: 2824.064 Protecting memory [0x00000003251c0000,0x00000003251cc000] with protection modes 3
Event: 2824.064 Thread 0x0000000122caf800 Thread exited: 0x0000000122caf800
Event: 2824.076 Thread 0x00000001121d0800 Thread added: 0x00000001121d0800
Event: 2824.076 Protecting memory [0x00000003251c0000,0x00000003251cc000] with protection modes 0
Event: 2824.258 Protecting memory [0x0000000312f18000,0x0000000312f24000] with protection modes 3
Event: 2824.258 Thread 0x00000003228c4000 Thread exited: 0x00000003228c4000
Event: 2824.269 Thread 0x0000000122caf800 Thread added: 0x0000000122caf800
Event: 2824.269 Protecting memory [0x0000000312f18000,0x0000000312f24000] with protection modes 0


Dynamic libraries:
0x000000010489c000 	/opt/homebrew/Cellar/openjdk@11/11.0.25/libexec/openjdk.jdk/Contents/Home/lib/jli/libjli.dylib
0x00000001aac7d000 	/System/Library/Frameworks/Cocoa.framework/Versions/A/Cocoa
0x0000000192bb3000 	/System/Library/Frameworks/AppKit.framework/Versions/C/AppKit
0x0000000195e6b000 	/System/Library/Frameworks/CoreData.framework/Versions/A/CoreData
0x00000001901ed000 	/System/Library/Frameworks/Foundation.framework/Versions/C/Foundation
0x000000019cb71000 	/usr/lib/libSystem.B.dylib
0x0000000193ff0000 	/System/Library/PrivateFrameworks/UIFoundation.framework/Versions/A/UIFoundation
0x0000000237ceb000 	/System/Library/PrivateFrameworks/CollectionViewCore.framework/Versions/A/CollectionViewCore
0x00000001a3dfd000 	/System/Library/PrivateFrameworks/RemoteViewServices.framework/Versions/A/RemoteViewServices
0x000000019a7f7000 	/System/Library/PrivateFrameworks/XCTTargetBootstrap.framework/Versions/A/XCTTargetBootstrap
0x000000019f257000 	/System/Library/PrivateFrameworks/InternationalSupport.framework/Versions/A/InternationalSupport
0x000000019f2b6000 	/System/Library/PrivateFrameworks/UserActivity.framework/Versions/A/UserActivity
0x000000026356f000 	/System/Library/PrivateFrameworks/UIIntelligenceSupport.framework/Versions/A/UIIntelligenceSupport
0x000000022e0b4000 	/System/Library/Frameworks/SwiftUICore.framework/Versions/A/SwiftUICore
0x0000000268520000 	/System/Library/PrivateFrameworks/WritingTools.framework/Versions/A/WritingTools
0x0000000267573000 	/System/Library/PrivateFrameworks/WindowManagement.framework/Versions/A/WindowManagement
0x000000018fe47000 	/System/Library/Frameworks/SystemConfiguration.framework/Versions/A/SystemConfiguration
0x000000019e6a0000 	/usr/lib/libspindump.dylib
0x00000001941a2000 	/System/Library/Frameworks/UniformTypeIdentifiers.framework/Versions/A/UniformTypeIdentifiers
0x000000019bf6f000 	/usr/lib/libbsm.0.dylib
0x00000001982b9000 	/usr/lib/libapp_launch_measurement.dylib
0x00000001976b5000 	/System/Library/PrivateFrameworks/CoreAnalytics.framework/Versions/A/CoreAnalytics
0x00000001982bd000 	/System/Library/PrivateFrameworks/CoreAutoLayout.framework/Versions/A/CoreAutoLayout
0x0000000199e40000 	/System/Library/Frameworks/Metal.framework/Versions/A/Metal
0x000000019b03e000 	/usr/lib/liblangid.dylib
0x000000019a7fd000 	/System/Library/PrivateFrameworks/CoreSVG.framework/Versions/A/CoreSVG
0x0000000194bc3000 	/System/Library/PrivateFrameworks/SkyLight.framework/Versions/A/SkyLight
0x00000001950f0000 	/System/Library/Frameworks/CoreGraphics.framework/Versions/A/CoreGraphics
0x00000001a44d6000 	/System/Library/Frameworks/Accelerate.framework/Versions/A/Accelerate
0x000000019e4d2000 	/System/Library/PrivateFrameworks/IconServices.framework/Versions/A/IconServices
0x0000000199e1d000 	/System/Library/Frameworks/IOSurface.framework/Versions/A/IOSurface
0x00000001976e7000 	/usr/lib/libDiagnosticMessagesClient.dylib
0x000000019cab5000 	/usr/lib/libz.1.dylib
0x00000001a8362000 	/System/Library/Frameworks/ApplicationServices.framework/Versions/A/ApplicationServices
0x000000019a7e2000 	/System/Library/PrivateFrameworks/DFRFoundation.framework/Versions/A/DFRFoundation
0x000000019241d000 	/usr/lib/libicucore.A.dylib
0x00000001a03d0000 	/System/Library/Frameworks/AudioToolbox.framework/Versions/A/AudioToolbox
0x000000019f267000 	/System/Library/PrivateFrameworks/DataDetectorsCore.framework/Versions/A/DataDetectorsCore
0x00000001ba8fd000 	/System/Library/PrivateFrameworks/TextInput.framework/Versions/A/TextInput
0x0000000194b0f000 	/usr/lib/libMobileGestalt.dylib
0x000000019a4da000 	/System/Library/Frameworks/Carbon.framework/Versions/A/Frameworks/HIToolbox.framework/Versions/A/HIToolbox
0x0000000197bb8000 	/System/Library/Frameworks/QuartzCore.framework/Versions/A/QuartzCore
0x0000000192026000 	/System/Library/Frameworks/Security.framework/Versions/A/Security
0x00000001a3e38000 	/System/Library/Frameworks/Carbon.framework/Versions/A/Frameworks/SpeechRecognition.framework/Versions/A/SpeechRecognition
0x0000000197fd2000 	/System/Library/PrivateFrameworks/CoreUI.framework/Versions/A/CoreUI
0x00000001918da000 	/System/Library/Frameworks/CoreAudio.framework/Versions/A/CoreAudio
0x00000001977d3000 	/System/Library/Frameworks/DiskArbitration.framework/Versions/A/DiskArbitration
0x000000019eb13000 	/System/Library/PrivateFrameworks/MultitouchSupport.framework/Versions/A/MultitouchSupport
0x0000000194b0d000 	/usr/lib/libenergytrace.dylib
0x00000001af2e5000 	/System/Library/PrivateFrameworks/RenderBox.framework/Versions/A/RenderBox
0x0000000192a63000 	/System/Library/Frameworks/IOKit.framework/Versions/A/IOKit
0x00000001a422c000 	/System/Library/Frameworks/CoreServices.framework/Versions/A/CoreServices
0x000000019824a000 	/System/Library/PrivateFrameworks/PerformanceAnalysis.framework/Versions/A/PerformanceAnalysis
0x00000001ebe6d000 	/System/Library/Frameworks/OpenGL.framework/Versions/A/OpenGL
0x0000000198307000 	/usr/lib/libxml2.2.dylib
0x000000019be54000 	/System/Library/PrivateFrameworks/MobileKeyBag.framework/Versions/A/MobileKeyBag
0x000000018ebb8000 	/usr/lib/libobjc.A.dylib
0x000000018eea5000 	/usr/lib/libc++.1.dylib
0x00000001a41ac000 	/System/Library/Frameworks/Accessibility.framework/Versions/A/Accessibility
0x000000019580f000 	/System/Library/Frameworks/ColorSync.framework/Versions/A/ColorSync
0x000000018effb000 	/System/Library/Frameworks/CoreFoundation.framework/Versions/A/CoreFoundation
0x000000019abbb000 	/System/Library/Frameworks/CoreImage.framework/Versions/A/CoreImage
0x00000001916ca000 	/System/Library/Frameworks/CoreText.framework/Versions/A/CoreText
0x00000001ed3d4000 	/System/Library/Frameworks/CoreTransferable.framework/Versions/A/CoreTransferable
0x00000001ed973000 	/System/Library/Frameworks/DeveloperToolsSupport.framework/Versions/A/DeveloperToolsSupport
0x000000019a839000 	/System/Library/Frameworks/ImageIO.framework/Versions/A/ImageIO
0x000000022ecce000 	/System/Library/Frameworks/Symbols.framework/Versions/A/Symbols
0x000000019cb76000 	/System/Library/PrivateFrameworks/SoftLinking.framework/Versions/A/SoftLinking
0x00000001cc772000 	/usr/lib/swift/libswiftAccelerate.dylib
0x000000019fd31000 	/usr/lib/swift/libswiftCore.dylib
0x00000001b707e000 	/usr/lib/swift/libswiftCoreFoundation.dylib
0x00000001b70db000 	/usr/lib/swift/libswiftCoreImage.dylib
0x00000001b482a000 	/usr/lib/swift/libswiftDarwin.dylib
0x00000001a5ce6000 	/usr/lib/swift/libswiftDispatch.dylib
0x00000001b70dc000 	/usr/lib/swift/libswiftIOKit.dylib
0x00000001c3909000 	/usr/lib/swift/libswiftMetal.dylib
0x00000001d1c07000 	/usr/lib/swift/libswiftOSLog.dylib
0x00000001a88cd000 	/usr/lib/swift/libswiftObjectiveC.dylib
0x000000026f708000 	/usr/lib/swift/libswiftObservation.dylib
0x00000001c8234000 	/usr/lib/swift/libswiftQuartzCore.dylib
0x00000001cc763000 	/usr/lib/swift/libswiftUniformTypeIdentifiers.dylib
0x00000001b7090000 	/usr/lib/swift/libswiftXPC.dylib
0x000000026f7fe000 	/usr/lib/swift/libswift_Builtin_float.dylib
0x000000026f803000 	/usr/lib/swift/libswift_Concurrency.dylib
0x000000026f96b000 	/usr/lib/swift/libswift_StringProcessing.dylib
0x000000026fa1e000 	/usr/lib/swift/libswift_errno.dylib
0x000000026fa20000 	/usr/lib/swift/libswift_math.dylib
0x000000026fa23000 	/usr/lib/swift/libswift_signal.dylib
0x000000026fa24000 	/usr/lib/swift/libswift_stdio.dylib
0x000000026fa25000 	/usr/lib/swift/libswift_time.dylib
0x00000001a88d1000 	/usr/lib/swift/libswiftos.dylib
0x00000001ba854000 	/usr/lib/swift/libswiftsimd.dylib
0x000000026fa26000 	/usr/lib/swift/libswiftsys_time.dylib
0x000000026fa27000 	/usr/lib/swift/libswiftunistd.dylib
0x000000019cd22000 	/usr/lib/libcompression.dylib
0x000000019f1af000 	/System/Library/PrivateFrameworks/TextureIO.framework/Versions/A/TextureIO
0x000000019e163000 	/usr/lib/libate.dylib
0x000000019cb6b000 	/usr/lib/system/libcache.dylib
0x000000019cb24000 	/usr/lib/system/libcommonCrypto.dylib
0x000000019cb51000 	/usr/lib/system/libcompiler_rt.dylib
0x000000019cb46000 	/usr/lib/system/libcopyfile.dylib
0x000000018ecf7000 	/usr/lib/system/libcorecrypto.dylib
0x000000018edd9000 	/usr/lib/system/libdispatch.dylib
0x000000018ef96000 	/usr/lib/system/libdyld.dylib
0x000000019cb61000 	/usr/lib/system/libkeymgr.dylib
0x000000019cb03000 	/usr/lib/system/libmacho.dylib
0x000000019bf48000 	/usr/lib/system/libquarantine.dylib
0x000000019cb5e000 	/usr/lib/system/libremovefile.dylib
0x0000000194b88000 	/usr/lib/system/libsystem_asl.dylib
0x000000018ec8c000 	/usr/lib/system/libsystem_blocks.dylib
0x000000018ee23000 	/usr/lib/system/libsystem_c.dylib
0x000000019cb55000 	/usr/lib/system/libsystem_collections.dylib
0x000000019b02b000 	/usr/lib/system/libsystem_configuration.dylib
0x0000000199dee000 	/usr/lib/system/libsystem_containermanager.dylib
0x000000019c657000 	/usr/lib/system/libsystem_coreservices.dylib
0x00000001926e1000 	/usr/lib/system/libsystem_darwin.dylib
0x000000026fb6a000 	/usr/lib/system/libsystem_darwindirectory.dylib
0x000000019cb62000 	/usr/lib/system/libsystem_dnssd.dylib
0x000000026fb6e000 	/usr/lib/system/libsystem_eligibility.dylib
0x000000018ee20000 	/usr/lib/system/libsystem_featureflags.dylib
0x000000018efcb000 	/usr/lib/system/libsystem_info.dylib
0x000000019cac4000 	/usr/lib/system/libsystem_m.dylib
0x000000018ed97000 	/usr/lib/system/libsystem_malloc.dylib
0x0000000194af2000 	/usr/lib/system/libsystem_networkextension.dylib
0x0000000192b44000 	/usr/lib/system/libsystem_notify.dylib
0x000000019b030000 	/usr/lib/system/libsystem_sandbox.dylib
0x000000026fb75000 	/usr/lib/system/libsystem_sanitizers.dylib
0x000000019cb5a000 	/usr/lib/system/libsystem_secinit.dylib
0x000000018ef4e000 	/usr/lib/system/libsystem_kernel.dylib
0x000000018efc3000 	/usr/lib/system/libsystem_platform.dylib
0x000000018ef89000 	/usr/lib/system/libsystem_pthread.dylib
0x0000000196691000 	/usr/lib/system/libsystem_symptoms.dylib
0x000000018ecdb000 	/usr/lib/system/libsystem_trace.dylib
0x000000019cb32000 	/usr/lib/system/libunwind.dylib
0x000000018ec90000 	/usr/lib/system/libxpc.dylib
0x000000018ef33000 	/usr/lib/libc++abi.dylib
0x000000019cb3e000 	/usr/lib/liboah.dylib
0x00000001929e2000 	/System/Library/PrivateFrameworks/CoreServicesInternal.framework/Versions/A/CoreServicesInternal
0x000000019cb73000 	/usr/lib/libfakelink.dylib
0x00000001a7e13000 	/System/Library/PrivateFrameworks/DiskImages.framework/Versions/A/DiskImages
0x00000001b4357000 	/System/Library/Frameworks/NetFS.framework/Versions/A/NetFS
0x0000000194729000 	/System/Library/Frameworks/CFNetwork.framework/Versions/A/CFNetwork
0x0000000198281000 	/System/Library/Frameworks/CoreServices.framework/Versions/A/Frameworks/FSEvents.framework/Versions/A/FSEvents
0x00000001926ec000 	/System/Library/Frameworks/CoreServices.framework/Versions/A/Frameworks/CarbonCore.framework/Versions/A/CarbonCore
0x0000000197749000 	/System/Library/Frameworks/CoreServices.framework/Versions/A/Frameworks/Metadata.framework/Versions/A/Metadata
0x000000019c65e000 	/System/Library/Frameworks/CoreServices.framework/Versions/A/Frameworks/OSServices.framework/Versions/A/OSServices
0x000000019cc51000 	/System/Library/Frameworks/CoreServices.framework/Versions/A/Frameworks/SearchKit.framework/Versions/A/SearchKit
0x000000019660b000 	/System/Library/Frameworks/CoreServices.framework/Versions/A/Frameworks/AE.framework/Versions/A/AE
0x000000018f4f0000 	/System/Library/Frameworks/CoreServices.framework/Versions/A/Frameworks/LaunchServices.framework/Versions/A/LaunchServices
0x000000019dfb5000 	/System/Library/Frameworks/CoreServices.framework/Versions/A/Frameworks/DictionaryServices.framework/Versions/A/DictionaryServices
0x000000019828f000 	/System/Library/Frameworks/CoreServices.framework/Versions/A/Frameworks/SharedFileList.framework/Versions/A/SharedFileList
0x000000019ccec000 	/usr/lib/libapple_nghttp2.dylib
0x0000000196273000 	/usr/lib/libsqlite3.dylib
0x00000001a0a3c000 	/System/Library/Frameworks/GSS.framework/Versions/A/GSS
0x00000001965a4000 	/System/Library/PrivateFrameworks/RunningBoardServices.framework/Versions/A/RunningBoardServices
0x000000019669a000 	/System/Library/Frameworks/Network.framework/Versions/A/Network
0x000000019cb07000 	/usr/lib/system/libkxld.dylib
0x000000026eb3c000 	/usr/lib/libCoreEntitlements.dylib
0x000000024d330000 	/System/Library/PrivateFrameworks/MessageSecurity.framework/Versions/A/MessageSecurity
0x0000000196259000 	/System/Library/PrivateFrameworks/ProtocolBuffer.framework/Versions/A/ProtocolBuffer
0x000000019c63f000 	/System/Library/PrivateFrameworks/AppleFSCompression.framework/Versions/A/AppleFSCompression
0x000000019bf57000 	/usr/lib/libcoretls.dylib
0x000000019e02c000 	/usr/lib/libcoretls_cfhelpers.dylib
0x000000019cd1c000 	/usr/lib/libpam.2.dylib
0x000000019e09f000 	/usr/lib/libxar.1.dylib
0x000000019cbc8000 	/usr/lib/libarchive.2.dylib
0x00000001a212d000 	/System/Library/Frameworks/Combine.framework/Versions/A/Combine
0x0000000237d0f000 	/System/Library/PrivateFrameworks/CollectionsInternal.framework/Versions/A/CollectionsInternal
0x0000000255233000 	/System/Library/PrivateFrameworks/ReflectionInternal.framework/Versions/A/ReflectionInternal
0x0000000255ecb000 	/System/Library/PrivateFrameworks/RuntimeInternal.framework/Versions/A/RuntimeInternal
0x000000026f785000 	/usr/lib/swift/libswiftSystem.dylib
0x000000019b039000 	/System/Library/PrivateFrameworks/AppleSystemInfo.framework/Versions/A/AppleSystemInfo
0x00000001b6f71000 	/System/Library/PrivateFrameworks/LoggingSupport.framework/Versions/A/LoggingSupport
0x0000000198491000 	/System/Library/PrivateFrameworks/UserManagement.framework/Versions/A/UserManagement
0x000000019465e000 	/usr/lib/libboringssl.dylib
0x0000000196680000 	/usr/lib/libdns_services.dylib
0x00000001b6160000 	/usr/lib/libquic.dylib
0x000000019fcc1000 	/usr/lib/libusrtcp.dylib
0x00000001d9290000 	/System/Library/PrivateFrameworks/InternalSwiftProtobuf.framework/Versions/A/InternalSwiftProtobuf
0x000000026f6d0000 	/usr/lib/swift/libswiftDistributed.dylib
0x0000000194728000 	/usr/lib/libnetwork.dylib
0x000000019ccc6000 	/System/Library/PrivateFrameworks/AppleSauce.framework/Versions/A/AppleSauce
0x000000018fce4000 	/System/Library/PrivateFrameworks/Lexicon.framework/Versions/A/Lexicon
0x0000000247151000 	/System/Library/PrivateFrameworks/IO80211.framework/Versions/A/IO80211
0x00000001a5f85000 	/System/Library/PrivateFrameworks/FrontBoardServices.framework/Versions/A/FrontBoardServices
0x000000019be7f000 	/System/Library/Frameworks/SecurityFoundation.framework/Versions/A/SecurityFoundation
0x000000019b160000 	/System/Library/PrivateFrameworks/LinguisticData.framework/Versions/A/LinguisticData
0x000000019bc53000 	/System/Library/PrivateFrameworks/IOMobileFramebuffer.framework/Versions/A/IOMobileFramebuffer
0x00000001964bf000 	/System/Library/PrivateFrameworks/BaseBoard.framework/Versions/A/BaseBoard
0x00000001a6051000 	/System/Library/PrivateFrameworks/BoardServices.framework/Versions/A/BoardServices
0x000000019be71000 	/System/Library/PrivateFrameworks/AssertionServices.framework/Versions/A/AssertionServices
0x00000001a7c4f000 	/System/Library/PrivateFrameworks/BackBoardServices.framework/Versions/A/BackBoardServices
0x000000019a24d000 	/System/Library/PrivateFrameworks/FontServices.framework/libFontParser.dylib
0x0000000194ba1000 	/System/Library/PrivateFrameworks/TCC.framework/Versions/A/TCC
0x00000001ab6f4000 	/System/Library/PrivateFrameworks/IOSurfaceAccelerator.framework/Versions/A/IOSurfaceAccelerator
0x000000019eb11000 	/System/Library/PrivateFrameworks/WatchdogClient.framework/Versions/A/WatchdogClient
0x00000001911f7000 	/System/Library/Frameworks/CoreDisplay.framework/Versions/A/CoreDisplay
0x000000019a0e2000 	/System/Library/Frameworks/CoreMedia.framework/Versions/A/CoreMedia
0x0000000199e36000 	/System/Library/PrivateFrameworks/IOAccelerator.framework/Versions/A/IOAccelerator
0x00000001983f1000 	/System/Library/Frameworks/CoreVideo.framework/Versions/A/CoreVideo
0x000000019cd1a000 	/System/Library/Frameworks/MetalPerformanceShaders.framework/Versions/A/MetalPerformanceShaders
0x000000025475b000 	/System/Library/PrivateFrameworks/ProDisplayLibrary.framework/Versions/A/ProDisplayLibrary
0x000000019eb58000 	/System/Library/Frameworks/VideoToolbox.framework/Versions/A/VideoToolbox
0x000000019b037000 	/System/Library/PrivateFrameworks/AggregateDictionary.framework/Versions/A/AggregateDictionary
0x000000019e02e000 	/System/Library/PrivateFrameworks/APFS.framework/Versions/A/APFS
0x0000000234498000 	/System/Library/PrivateFrameworks/AppleKeyStore.framework/Versions/A/AppleKeyStore
0x000000019e0ae000 	/usr/lib/libutil.dylib
0x000000019e00d000 	/usr/lib/liblzma.5.dylib
0x00000001977dc000 	/System/Library/Frameworks/Accelerate.framework/Versions/A/Frameworks/vImage.framework/Versions/A/vImage
0x00000001a4207000 	/System/Library/Frameworks/Accelerate.framework/Versions/A/Frameworks/vecLib.framework/Versions/A/vecLib
0x000000019e0e6000 	/System/Library/Frameworks/Accelerate.framework/Versions/A/Frameworks/vecLib.framework/Versions/A/libvMisc.dylib
0x000000018f954000 	/System/Library/Frameworks/Accelerate.framework/Versions/A/Frameworks/vecLib.framework/Versions/A/libBLAS.dylib
0x00000001a0618000 	/System/Library/Frameworks/ApplicationServices.framework/Versions/A/Frameworks/ATS.framework/Versions/A/ATS
0x00000001959c7000 	/System/Library/Frameworks/ApplicationServices.framework/Versions/A/Frameworks/HIServices.framework/Versions/A/HIServices
0x000000019f137000 	/System/Library/Frameworks/ApplicationServices.framework/Versions/A/Frameworks/PrintCore.framework/Versions/A/PrintCore
0x00000001a0a04000 	/System/Library/Frameworks/ApplicationServices.framework/Versions/A/Frameworks/QD.framework/Versions/A/QD
0x00000001a09fb000 	/System/Library/Frameworks/ApplicationServices.framework/Versions/A/Frameworks/ColorSyncLegacy.framework/Versions/A/ColorSyncLegacy
0x00000001a05ea000 	/System/Library/Frameworks/ApplicationServices.framework/Versions/A/Frameworks/SpeechSynthesis.framework/Versions/A/SpeechSynthesis
0x000000019bc20000 	/System/Library/PrivateFrameworks/CoreEmoji.framework/Versions/A/CoreEmoji
0x000000023e7ae000 	/System/Library/PrivateFrameworks/FontServices.framework/Versions/A/FontServices
0x000000019e64a000 	/System/Library/PrivateFrameworks/OTSVG.framework/Versions/A/OTSVG
0x0000000197f80000 	/System/Library/Frameworks/ApplicationServices.framework/Versions/A/Frameworks/ATS.framework/Versions/A/Resources/libFontRegistry.dylib
0x000000019e694000 	/System/Library/PrivateFrameworks/FontServices.framework/libhvf.dylib
0x00000002507be000 	/System/Library/PrivateFrameworks/ParsingInternal.framework/Versions/A/ParsingInternal
0x000000026f727000 	/usr/lib/swift/libswiftRegexBuilder.dylib
0x000000026f8c4000 	/usr/lib/swift/libswift_RegexParser.dylib
0x000000019e9d8000 	/System/Library/PrivateFrameworks/AppleJPEG.framework/Versions/A/AppleJPEG
0x000000019e45f000 	/usr/lib/libexpat.1.dylib
0x000000019f00c000 	/System/Library/Frameworks/ImageIO.framework/Versions/A/Resources/libPng.dylib
0x000000019f037000 	/System/Library/Frameworks/ImageIO.framework/Versions/A/Resources/libTIFF.dylib
0x000000019f122000 	/System/Library/Frameworks/ImageIO.framework/Versions/A/Resources/libGIF.dylib
0x000000019ea1e000 	/System/Library/Frameworks/ImageIO.framework/Versions/A/Resources/libJP2.dylib
0x000000019f0c8000 	/System/Library/Frameworks/ImageIO.framework/Versions/A/Resources/libJPEG.dylib
0x000000019f0bf000 	/System/Library/Frameworks/ImageIO.framework/Versions/A/Resources/libRadiance.dylib
0x0000000243576000 	/System/Library/PrivateFrameworks/GPUCompiler.framework/Versions/32023/Libraries/libllvm-flatbuffers.dylib
0x000000023e874000 	/System/Library/PrivateFrameworks/FramePacing.framework/Versions/A/FramePacing
0x00000001ebe5f000 	/System/Library/Frameworks/OpenGL.framework/Versions/A/Libraries/libCoreFSCache.dylib
0x000000023f41f000 	/System/Library/PrivateFrameworks/GPUCompiler.framework/Versions/32023/Libraries/libGPUCompilerUtils.dylib
0x000000023e7af000 	/System/Library/PrivateFrameworks/FontServices.framework/libXTFontStaticRegistryData.dylib
0x00000001a9a0a000 	/System/Library/PrivateFrameworks/ASEProcessing.framework/Versions/A/ASEProcessing
0x00000001d539d000 	/System/Library/PrivateFrameworks/Symbolication.framework/Versions/A/Symbolication
0x0000000253971000 	/System/Library/PrivateFrameworks/PhotosensitivityProcessing.framework/Versions/A/PhotosensitivityProcessing
0x000000019e63e000 	/System/Library/PrivateFrameworks/GraphVisualizer.framework/Versions/A/GraphVisualizer
0x00000001ebebf000 	/System/Library/Frameworks/OpenGL.framework/Versions/A/Libraries/libGLU.dylib
0x00000001ebe81000 	/System/Library/Frameworks/OpenGL.framework/Versions/A/Libraries/libGFXShared.dylib
0x00000001ec052000 	/System/Library/Frameworks/OpenGL.framework/Versions/A/Libraries/libGL.dylib
0x00000001ebe8a000 	/System/Library/Frameworks/OpenGL.framework/Versions/A/Libraries/libGLImage.dylib
0x00000001ebe7e000 	/System/Library/Frameworks/OpenGL.framework/Versions/A/Libraries/libCVMSPluginSupport.dylib
0x000000026ece0000 	/usr/lib/libRosetta.dylib
0x00000001ebe67000 	/System/Library/Frameworks/OpenGL.framework/Versions/A/Libraries/libCoreVMClient.dylib
0x000000019af79000 	/System/Library/Frameworks/MetalPerformanceShaders.framework/Versions/A/Frameworks/MPSCore.framework/Versions/A/MPSCore
0x000000019c5ab000 	/System/Library/Frameworks/MetalPerformanceShaders.framework/Versions/A/Frameworks/MPSImage.framework/Versions/A/MPSImage
0x000000019bffa000 	/System/Library/Frameworks/MetalPerformanceShaders.framework/Versions/A/Frameworks/MPSNeuralNetwork.framework/Versions/A/MPSNeuralNetwork
0x000000019c430000 	/System/Library/Frameworks/MetalPerformanceShaders.framework/Versions/A/Frameworks/MPSMatrix.framework/Versions/A/MPSMatrix
0x000000019c248000 	/System/Library/Frameworks/MetalPerformanceShaders.framework/Versions/A/Frameworks/MPSRayIntersector.framework/Versions/A/MPSRayIntersector
0x000000019c462000 	/System/Library/Frameworks/MetalPerformanceShaders.framework/Versions/A/Frameworks/MPSNDArray.framework/Versions/A/MPSNDArray
0x00000001efc37000 	/System/Library/Frameworks/MetalPerformanceShaders.framework/Versions/A/Frameworks/MPSFunctions.framework/Versions/A/MPSFunctions
0x00000001efc1b000 	/System/Library/Frameworks/MetalPerformanceShaders.framework/Versions/A/Frameworks/MPSBenchmarkLoop.framework/Versions/A/MPSBenchmarkLoop
0x000000018f7d8000 	/System/Library/PrivateFrameworks/MetalTools.framework/Versions/A/MetalTools
0x00000001bbbbe000 	/System/Library/PrivateFrameworks/IOAccelMemoryInfo.framework/Versions/A/IOAccelMemoryInfo
0x00000001c8630000 	/System/Library/PrivateFrameworks/kperf.framework/Versions/A/kperf
0x00000001b7055000 	/System/Library/PrivateFrameworks/GPURawCounter.framework/Versions/A/GPURawCounter
0x00000001a6498000 	/System/Library/PrivateFrameworks/CoreSymbolication.framework/Versions/A/CoreSymbolication
0x00000001b6fef000 	/System/Library/PrivateFrameworks/MallocStackLogging.framework/Versions/A/MallocStackLogging
0x000000019e1fd000 	/System/Library/PrivateFrameworks/CrashReporterSupport.framework/Versions/A/CrashReporterSupport
0x00000001a6452000 	/System/Library/PrivateFrameworks/DebugSymbols.framework/Versions/A/DebugSymbols
0x00000001c78c8000 	/System/Library/PrivateFrameworks/OSAnalytics.framework/Versions/A/OSAnalytics
0x000000019f0f3000 	/System/Library/Frameworks/ApplicationServices.framework/Versions/A/Frameworks/ATSUI.framework/Versions/A/ATSUI
0x00000001a098e000 	/usr/lib/libcups.2.dylib
0x00000001a0a2a000 	/System/Library/Frameworks/Kerberos.framework/Versions/A/Kerberos
0x00000001a0697000 	/usr/lib/libresolv.9.dylib
0x000000019cbad000 	/usr/lib/libiconv.2.dylib
0x000000019e6a7000 	/System/Library/PrivateFrameworks/Heimdal.framework/Versions/A/Heimdal
0x00000001a8828000 	/System/Library/Frameworks/Kerberos.framework/Versions/A/Libraries/libHeimdalProxy.dylib
0x000000019e47a000 	/usr/lib/libheimdal-asn1.dylib
0x0000000198254000 	/System/Library/Frameworks/OpenDirectory.framework/Versions/A/OpenDirectory
0x00000001a0a97000 	/System/Library/PrivateFrameworks/CommonAuth.framework/Versions/A/CommonAuth
0x0000000198262000 	/System/Library/Frameworks/OpenDirectory.framework/Versions/A/Frameworks/CFOpenDirectory.framework/Versions/A/CFOpenDirectory
0x000000019cb02000 	/usr/lib/libcharset.1.dylib
0x00000001ec3f2000 	/System/Library/Frameworks/AVFAudio.framework/Versions/A/AVFAudio
0x00000001b11ab000 	/System/Library/PrivateFrameworks/AXCoreUtilities.framework/Versions/A/AXCoreUtilities
0x0000000249f70000 	/System/Library/PrivateFrameworks/IsolatedCoreAudioClient.framework/Versions/A/IsolatedCoreAudioClient
0x00000001a05d1000 	/usr/lib/libAudioStatistics.dylib
0x000000019a0ba000 	/System/Library/PrivateFrameworks/caulk.framework/Versions/A/caulk
0x0000000191318000 	/System/Library/PrivateFrameworks/AudioToolboxCore.framework/Versions/A/AudioToolboxCore
0x00000001aaab4000 	/System/Library/Frameworks/CoreMIDI.framework/Versions/A/CoreMIDI
0x00000001a0574000 	/System/Library/PrivateFrameworks/AudioSession.framework/Versions/A/AudioSession
0x00000001a1e9d000 	/System/Library/Frameworks/IOBluetooth.framework/Versions/A/IOBluetooth
0x000000019e564000 	/System/Library/PrivateFrameworks/MediaExperience.framework/Versions/A/MediaExperience
0x00000002617bc000 	/System/Library/PrivateFrameworks/Tightbeam.framework/Versions/A/Tightbeam
0x00000001cce36000 	/System/Library/PrivateFrameworks/AFKUser.framework/Versions/A/AFKUser
0x000000019e68a000 	/System/Library/PrivateFrameworks/AppServerSupport.framework/Versions/A/AppServerSupport
0x00000001a0a0e000 	/System/Library/PrivateFrameworks/perfdata.framework/Versions/A/perfdata
0x00000001b6257000 	/System/Library/PrivateFrameworks/SystemPolicy.framework/Versions/A/SystemPolicy
0x00000001a08ad000 	/usr/lib/libSMC.dylib
0x000000019efd6000 	/usr/lib/libAudioToolboxUtility.dylib
0x00000001a0a1c000 	/usr/lib/libperfcheck.dylib
0x0000000234a7d000 	/System/Library/PrivateFrameworks/AudioAnalytics.framework/Versions/A/AudioAnalytics
0x00000001e03c2000 	/System/Library/PrivateFrameworks/FeatureFlags.framework/Versions/A/FeatureFlags
0x00000001d905c000 	/System/Library/Frameworks/OSLog.framework/Versions/A/OSLog
0x000000019c64b000 	/usr/lib/libbz2.1.0.dylib
0x00000001b7021000 	/usr/lib/libmis.dylib
0x00000001a0387000 	/System/Library/PrivateFrameworks/AudioSession.framework/libSessionUtility.dylib
0x000000019f128000 	/System/Library/PrivateFrameworks/CMCaptureCore.framework/Versions/A/CMCaptureCore
0x00000001edac2000 	/System/Library/Frameworks/ExtensionFoundation.framework/Versions/A/ExtensionFoundation
0x00000001a65ac000 	/System/Library/PrivateFrameworks/CoreTime.framework/Versions/A/CoreTime
0x000000019e35c000 	/System/Library/PrivateFrameworks/PlugInKit.framework/Versions/A/PlugInKit
0x00000001a51e1000 	/System/Library/PrivateFrameworks/PowerLog.framework/Versions/A/PowerLog
0x00000001a50f0000 	/System/Library/Frameworks/CoreBluetooth.framework/Versions/A/CoreBluetooth
0x00000001a8829000 	/System/Library/Frameworks/AudioUnit.framework/Versions/A/AudioUnit
0x000000019bce3000 	/System/Library/PrivateFrameworks/CoreUtils.framework/Versions/A/CoreUtils
0x000000023b676000 	/System/Library/PrivateFrameworks/CoreUtilsExtras.framework/Versions/A/CoreUtilsExtras
0x00000001a4525000 	/System/Library/Frameworks/MediaAccessibility.framework/Versions/A/MediaAccessibility
0x00000001bf475000 	/System/Library/PrivateFrameworks/AttributeGraph.framework/Versions/A/AttributeGraph
0x000000026e980000 	/usr/lib/libAXSafeCategoryBundle.dylib
0x00000001b1268000 	/usr/lib/libAccessibility.dylib
0x000000019bb2d000 	/System/Library/Frameworks/Accelerate.framework/Versions/A/Frameworks/vecLib.framework/Versions/A/libvDSP.dylib
0x000000019cdf8000 	/System/Library/Frameworks/Accelerate.framework/Versions/A/Frameworks/vecLib.framework/Versions/A/libLAPACK.dylib
0x000000019bfe5000 	/System/Library/Frameworks/Accelerate.framework/Versions/A/Frameworks/vecLib.framework/Versions/A/libLinearAlgebra.dylib
0x000000019cd07000 	/System/Library/Frameworks/Accelerate.framework/Versions/A/Frameworks/vecLib.framework/Versions/A/libSparseBLAS.dylib
0x000000019cdf3000 	/System/Library/Frameworks/Accelerate.framework/Versions/A/Frameworks/vecLib.framework/Versions/A/libQuadrature.dylib
0x000000019b167000 	/System/Library/Frameworks/Accelerate.framework/Versions/A/Frameworks/vecLib.framework/Versions/A/libBNNS.dylib
0x000000018fde6000 	/System/Library/Frameworks/Accelerate.framework/Versions/A/Frameworks/vecLib.framework/Versions/A/libSparse.dylib
0x000000024b4d3000 	/System/Library/PrivateFrameworks/MIL.framework/Versions/A/MIL
0x000000019f0ba000 	/System/Library/PrivateFrameworks/GPUWrangler.framework/Versions/A/GPUWrangler
0x000000019f09a000 	/System/Library/PrivateFrameworks/IOPresentment.framework/Versions/A/IOPresentment
0x000000019f0c2000 	/System/Library/PrivateFrameworks/DSExternalDisplay.framework/Versions/A/DSExternalDisplay
0x00000001d9469000 	/System/Library/PrivateFrameworks/HIDDisplay.framework/Versions/A/HIDDisplay
0x00000001aff7c000 	/System/Library/PrivateFrameworks/HID.framework/Versions/A/HID
0x0000000264fde000 	/System/Library/PrivateFrameworks/VideoToolboxParavirtualizationSupport.framework/Versions/A/VideoToolboxParavirtualizationSupport
0x000000019e415000 	/System/Library/PrivateFrameworks/AppleVA.framework/Versions/A/AppleVA
0x00000001a60fb000 	/System/Library/PrivateFrameworks/GraphicsServices.framework/Versions/A/GraphicsServices
0x00000001a0c04000 	/System/Library/PrivateFrameworks/CorePhoneNumbers.framework/Versions/A/CorePhoneNumbers
0x00000001a52d1000 	/System/Library/PrivateFrameworks/MediaKit.framework/Versions/A/MediaKit
0x00000001a521c000 	/System/Library/Frameworks/DiscRecording.framework/Versions/A/DiscRecording
0x00000001a09ee000 	/System/Library/PrivateFrameworks/NetAuth.framework/Versions/A/NetAuth
0x0000000198452000 	/System/Library/PrivateFrameworks/login.framework/Versions/A/Frameworks/loginsupport.framework/Versions/A/loginsupport
0x000000019e485000 	/System/Library/PrivateFrameworks/IconFoundation.framework/Versions/A/IconFoundation
0x000000019e1f4000 	/usr/lib/libIOReport.dylib
0x0000000234698000 	/System/Library/PrivateFrameworks/AppleMobileFileIntegrity.framework/Versions/A/AppleMobileFileIntegrity
0x000000026ed26000 	/usr/lib/libTLE.dylib
0x00000001e8dcd000 	/System/Library/PrivateFrameworks/ConfigProfileHelper.framework/Versions/A/ConfigProfileHelper
0x000000019bf81000 	/usr/lib/libmecab.dylib
0x000000018fedb000 	/usr/lib/libCRFSuite.dylib
0x000000019b040000 	/System/Library/PrivateFrameworks/CoreNLP.framework/Versions/A/CoreNLP
0x000000019bfe2000 	/usr/lib/libgermantok.dylib
0x000000019ccbd000 	/usr/lib/libThaiTokenizer.dylib
0x000000019bf4b000 	/usr/lib/libCheckFix.dylib
0x00000001976e9000 	/System/Library/PrivateFrameworks/MetadataUtilities.framework/Versions/A/MetadataUtilities
0x000000024739a000 	/System/Library/PrivateFrameworks/InstalledContentLibrary.framework/Versions/A/InstalledContentLibrary
0x0000000192a22000 	/System/Library/PrivateFrameworks/CoreServicesStore.framework/Versions/A/CoreServicesStore
0x00000001c873c000 	/System/Library/PrivateFrameworks/MobileSystemServices.framework/Versions/A/MobileSystemServices
0x000000019e0b2000 	/usr/lib/libxslt.1.dylib
0x000000019bf0d000 	/System/Library/PrivateFrameworks/BackgroundTaskManagement.framework/Versions/A/BackgroundTaskManagement
0x00000001a7fd5000 	/usr/lib/libcurl.4.dylib
0x000000026ef5f000 	/usr/lib/libcrypto.46.dylib
0x000000026f4ac000 	/usr/lib/libssl.48.dylib
0x00000001a7ca9000 	/System/Library/Frameworks/LDAP.framework/Versions/A/LDAP
0x00000001a7ce5000 	/System/Library/PrivateFrameworks/TrustEvaluationAgent.framework/Versions/A/TrustEvaluationAgent
0x00000001a06b0000 	/usr/lib/libsasl2.2.dylib
0x00000001b4829000 	/usr/lib/swift/libswiftCoreGraphics.dylib
0x00000001a4b5f000 	/usr/lib/swift/libswiftFoundation.dylib
0x00000001e8884000 	/usr/lib/swift/libswiftSwiftOnoneSupport.dylib
0x00000001d5b32000 	/System/Library/PrivateFrameworks/CoreMaterial.framework/Versions/A/CoreMaterial
0x0000000255fbe000 	/System/Library/PrivateFrameworks/SFSymbols.framework/Versions/A/SFSymbols
0x00000001a3e25000 	/System/Library/PrivateFrameworks/SpeechRecognitionCore.framework/Versions/A/SpeechRecognitionCore
0x0000000105714000 	/opt/homebrew/Cellar/openjdk@11/11.0.25/libexec/openjdk.jdk/Contents/Home/lib/server/libjvm.dylib
0x0000000104904000 	/opt/homebrew/Cellar/openjdk@11/11.0.25/libexec/openjdk.jdk/Contents/Home/lib/libverify.dylib
0x0000000104954000 	/opt/homebrew/Cellar/openjdk@11/11.0.25/libexec/openjdk.jdk/Contents/Home/lib/libjava.dylib
0x000000010491c000 	/opt/homebrew/Cellar/openjdk@11/11.0.25/libexec/openjdk.jdk/Contents/Home/lib/libjimage.dylib
0x000000010498c000 	/opt/homebrew/Cellar/openjdk@11/11.0.25/libexec/openjdk.jdk/Contents/Home/lib/libinstrument.dylib
0x0000000104a00000 	/opt/homebrew/Cellar/openjdk@11/11.0.25/libexec/openjdk.jdk/Contents/Home/lib/libzip.dylib
0x0000000104a38000 	/opt/homebrew/Cellar/openjdk@11/11.0.25/libexec/openjdk.jdk/Contents/Home/lib/libnio.dylib
0x0000000104a7c000 	/opt/homebrew/Cellar/openjdk@11/11.0.25/libexec/openjdk.jdk/Contents/Home/lib/libnet.dylib
0x0000000104a18000 	/opt/homebrew/Cellar/openjdk@11/11.0.25/libexec/openjdk.jdk/Contents/Home/lib/libextnet.dylib
0x0000000104a58000 	/opt/homebrew/Cellar/openjdk@11/11.0.25/libexec/openjdk.jdk/Contents/Home/lib/libmanagement.dylib
0x0000000104aa0000 	/opt/homebrew/Cellar/openjdk@11/11.0.25/libexec/openjdk.jdk/Contents/Home/lib/libmanagement_ext.dylib
0x0000000105638000 	/opt/homebrew/Cellar/openjdk@11/11.0.25/libexec/openjdk.jdk/Contents/Home/lib/libsunec.dylib
0x000000010561c000 	/private/var/folders/3k/c0jh496n44v4f8t5jhnw4c900000gn/T/libnetty_resolver_dns_native_macos_aarch_6416059526255380552169.dylib
0x0000000105680000 	/private/var/folders/3k/c0jh496n44v4f8t5jhnw4c900000gn/T/libnetty_transport_native_kqueue_aarch_6414132389327041336021.dylib


VM Arguments:
jvm_args: -XX:TieredStopAtLevel=1 -Xverify:none -Dspring.output.ansi.enabled=always -Dcom.sun.management.jmxremote -Dspring.jmx.enabled=true -Dspring.liveBeansView.mbeanDomain -Dspring.application.admin.enabled=true -Dmanagement.endpoints.jmx.exposure.include=* -javaagent:/Applications/IntelliJ IDEA.app/Contents/lib/idea_rt.jar=58808:/Applications/IntelliJ IDEA.app/Contents/bin -Dfile.encoding=UTF-8 
java_command: com.anynote.note.AnyNoteNoteApplication
java_class_path (initial): /Users/zch/code/anynote/Anynote-Cloud/anynote-modules/anynote-modules-note/target/classes:/Users/zch/.m2/repository/com/alibaba/cloud/spring-cloud-starter-alibaba-nacos-discovery/2021.0.4.0/spring-cloud-starter-alibaba-nacos-discovery-2021.0.4.0.jar:/Users/zch/.m2/repository/com/alibaba/cloud/spring-cloud-alibaba-commons/2021.0.4.0/spring-cloud-alibaba-commons-2021.0.4.0.jar:/Users/zch/.m2/repository/com/alibaba/nacos/nacos-client/2.0.4/nacos-client-2.0.4.jar:/Users/zch/.m2/repository/com/fasterxml/jackson/core/jackson-core/2.13.4/jackson-core-2.13.4.jar:/Users/zch/.m2/repository/org/apache/httpcomponents/httpasyncclient/4.1.5/httpasyncclient-4.1.5.jar:/Users/zch/.m2/repository/org/apache/httpcomponents/httpcore/4.4.16/httpcore-4.4.16.jar:/Users/zch/.m2/repository/org/apache/httpcomponents/httpcore-nio/4.4.16/httpcore-nio-4.4.16.jar:/Users/zch/.m2/repository/org/apache/httpcomponents/httpclient/4.5.14/httpclient-4.5.14.jar:/Users/zch/.m2/repository/org/reflections/reflections/0.9.11/reflections-0.9.11.jar:/Users/zch/.m2/repository/com/google/guava/guava/20.0/guava-20.0.jar:/Users/zch/.m2/repository/org/javassist/javassist/3.21.0-GA/javassist-3.21.0-GA.jar:/Users/zch/.m2/repository/io/prometheus/simpleclient/0.15.0/simpleclient-0.15.0.jar:/Users/zch/.m2/repository/io/prometheus/simpleclient_tracer_otel/0.15.0/simpleclient_tracer_otel-0.15.0.jar:/Users/zch/.m2/repository/io/prometheus/simpleclient_tracer_common/0.15.0/simpleclient_tracer_common-0.15.0.jar:/Users/zch/.m2/repository/io/prometheus/simpleclient_tracer_otel_agent/0.15.0/simpleclient_tracer_otel_agent-0.15.0.jar:/Users/zch/.m2/repository/org/yaml/snakeyaml/1.30/snakeyaml-1.30.jar:/Users/zch/.m2/repository/com/alibaba/spring/spring-context-support/1.0.11/spring-context-support-1.0.11.jar:/Users/zch/.m2/repository/org/springframework/cloud/spring-cloud-commons/3.1.5/spring-cloud-commons-3.1.5.jar:/Users/zch/.m2/repository/org/springframework/security/spring-security-crypto/5.7.6/s
Launcher Type: SUN_STANDARD

[Global flags]
     bool BytecodeVerificationLocal                = false                                     {product} {command line}
     bool BytecodeVerificationRemote               = false                                     {product} {command line}
     intx CICompilerCount                          = 4                                         {product} {ergonomic}
     uint ConcGCThreads                            = 2                                         {product} {ergonomic}
     uint G1ConcRefinementThreads                  = 8                                         {product} {ergonomic}
   size_t G1HeapRegionSize                         = 1048576                                   {product} {ergonomic}
    uintx GCDrainStackTargetSize                   = 64                                        {product} {ergonomic}
   size_t InitialHeapSize                          = 402653184                                 {product} {ergonomic}
     bool ManagementServer                         = true                                      {product} {command line}
   size_t MarkStackSize                            = 4194304                                   {product} {ergonomic}
   size_t MaxHeapSize                              = 6442450944                                {product} {ergonomic}
   size_t MaxNewSize                               = 3865051136                                {product} {ergonomic}
   size_t MinHeapDeltaBytes                        = 1048576                                   {product} {ergonomic}
    uintx NonNMethodCodeHeapSize                   = 7549744                                {pd product} {ergonomic}
    uintx NonProfiledCodeHeapSize                  = 244108496                              {pd product} {ergonomic}
    uintx ProfiledCodeHeapSize                     = 0                                      {pd product} {ergonomic}
    uintx ReservedCodeCacheSize                    = 251658240                              {pd product} {ergonomic}
     bool SegmentedCodeCache                       = true                                      {product} {ergonomic}
     intx TieredStopAtLevel                        = 1                                         {product} {command line}
     bool UseCompressedClassPointers               = true                                 {lp64_product} {ergonomic}
     bool UseCompressedOops                        = true                                 {lp64_product} {ergonomic}
     bool UseG1GC                                  = true                                      {product} {ergonomic}

Logging:
Log output configuration:
 #0: stdout all=warning uptime,level,tags
 #1: stderr all=off uptime,level,tags

Environment Variables:
PATH=/Users/zch/.nvm/versions/node/v18.20.4/bin:/Users/zch/miniconda3/bin:/Users/zch/miniconda3/condabin:/Users/zch/software/apache-maven-3.9.9/bin:/opt/homebrew/bin:/opt/homebrew/sbin:/usr/local/bin:/System/Cryptexes/App/usr/bin:/usr/bin:/bin:/usr/sbin:/sbin:/var/run/com.apple.security.cryptexd/codex.system/bootstrap/usr/local/bin:/var/run/com.apple.security.cryptexd/codex.system/bootstrap/usr/bin:/var/run/com.apple.security.cryptexd/codex.system/bootstrap/usr/appleinternal/bin:/Library/Apple/usr/bin:/Users/zch/.cargo/bin:/Users/zch/.lmstudio/bin
SHELL=/bin/zsh
LC_CTYPE=zh_CN.UTF-8
TMPDIR=/var/folders/3k/c0jh496n44v4f8t5jhnw4c900000gn/T/

Signal Handlers:
SIGSEGV: [libjvm.dylib+0x701dd0], sa_mask[0]=11111111011111110111111111111111, sa_flags=SA_ONSTACK|SA_RESTART|SA_SIGINFO
SIGBUS: [libjvm.dylib+0x701dd0], sa_mask[0]=11111111011111110111111111111111, sa_flags=SA_RESTART|SA_SIGINFO
SIGFPE: [libjvm.dylib+0x701dd0], sa_mask[0]=11111111011111110111111111111111, sa_flags=SA_RESTART|SA_SIGINFO
SIGPIPE: [libjvm.dylib+0x56a09c], sa_mask[0]=11111111011111110111111111111111, sa_flags=SA_RESTART|SA_SIGINFO
SIGXFSZ: [libjvm.dylib+0x56a09c], sa_mask[0]=11111111011111110111111111111111, sa_flags=SA_RESTART|SA_SIGINFO
SIGILL: [libjvm.dylib+0x701dd0], sa_mask[0]=11111111011111110111111111111111, sa_flags=SA_RESTART|SA_SIGINFO
SIGUSR2: [libjvm.dylib+0x56a698], sa_mask[0]=00000000000000000000000000000000, sa_flags=SA_RESTART|SA_SIGINFO
SIGHUP: [libjvm.dylib+0x568e30], sa_mask[0]=11111111011111110111111111111111, sa_flags=SA_RESTART|SA_SIGINFO
SIGINT: [libjvm.dylib+0x568e30], sa_mask[0]=11111111011111110111111111111111, sa_flags=SA_RESTART|SA_SIGINFO
SIGTERM: [libjvm.dylib+0x568e30], sa_mask[0]=11111111011111110111111111111111, sa_flags=SA_RESTART|SA_SIGINFO
SIGQUIT: [libjvm.dylib+0x568e30], sa_mask[0]=11111111011111110111111111111111, sa_flags=SA_RESTART|SA_SIGINFO


---------------  S Y S T E M  ---------------

OS:uname:Darwin 24.3.0 Darwin Kernel Version 24.3.0: Thu Jan  2 20:24:23 PST 2025; root:xnu-11215.81.4~3/RELEASE_ARM64_T8122 arm64
OS uptime: 4 days 9:40 hours
rlimit (soft/hard): STACK 8176k/65520k , CORE 0k/infinity , NPROC 4000/6000 , NOFILE 10240/infinity , AS infinity/infinity , CPU infinity/infinity , DATA infinity/infinity , FSIZE infinity/infinity , MEMLOCK infinity/infinity , RSS infinity/infinity
load average:3.99 5.49 8.30

CPU:total 8 (initial active 8) 0x61:0x0:0xfa33415e:0, simd, crc, lse

Memory: 16k page, physical 25165824k(80976k free), swap 18874368k(866752k free)

vm_info: OpenJDK 64-Bit Server VM (11.0.25+0) for bsd-aarch64 JRE (11.0.25+0), built on Oct 15 2024 22:10:31 by "brew" with clang Homebrew Clang 19.1.1

END.
