#
# A fatal error has been detected by the Java Runtime Environment:
#
#  SIGSEGV (0xb) at pc=0x00000001059e911c, pid=79640, tid=44803
#
# JRE version: OpenJDK Runtime Environment Homebrew (11.0.25) (build 11.0.25+0)
# Java VM: OpenJDK 64-Bit Server VM Homebrew (11.0.25+0, mixed mode, tiered, compressed oops, g1 gc, bsd-aarch64)
# Problematic frame:
# V  [libjvm.dylib+0x69511c]  ObjectSynchronizer::inflate(Thread*, oopDesc*, ObjectSynchronizer::InflateCause)+0x18c
#
# No core dump will be written. Core dumps have been disabled. To enable core dumping, try "ulimit -c unlimited" before starting Java again
#
# If you would like to submit a bug report, please visit:
#   https://github.com/Homebrew/homebrew-core/issues
#

---------------  S U M M A R Y ------------

Command Line: -javaagent:/Users/zch/software/skywalking-agent/skywalking-agent.jar -Dskywalking.agent.service_name=anynote-admin -Dskywalking.collector.backend_service=127.0.0.1:11800 -XX:TieredStopAtLevel=1 -Xverify:none -Dspring.output.ansi.enabled=always -Dcom.sun.management.jmxremote -Dspring.jmx.enabled=true -Dspring.liveBeansView.mbeanDomain -Dspring.application.admin.enabled=true -Dmanagement.endpoints.jmx.exposure.include=* -javaagent:/Applications/IntelliJ IDEA.app/Contents/lib/idea_rt.jar=63193:/Applications/IntelliJ IDEA.app/Contents/bin -Dfile.encoding=UTF-8 com.anynote.admin.AnyNoteAdminApplication

Host: Mac15,12 arm64 1 MHz, 8 cores, 24G, Darwin 24.4.0
Time: Wed Apr 16 18:55:25 2025 CST elapsed time: 6.475297 seconds (0d 0h 0m 6s)

---------------  T H R E A D  ---------------

Current thread (0x00000001159e9000):  JavaThread "grpc-nio-worker-ELG-1-4" daemon [_thread_in_Java, id=44803, stack(0x0000000319aa0000,0x0000000319ca3000)]

Stack: [0x0000000319aa0000,0x0000000319ca3000],  sp=0x0000000319ca08b0,  free space=2050k
Native frames: (J=compiled Java code, A=aot compiled Java code, j=interpreted, Vv=VM code, C=native code)
V  [libjvm.dylib+0x69511c]  ObjectSynchronizer::inflate(Thread*, oopDesc*, ObjectSynchronizer::InflateCause)+0x18c
V  [libjvm.dylib+0x694f70]  ObjectSynchronizer::fast_exit(oopDesc*, BasicLock*, Thread*)+0x54
V  [libjvm.dylib+0x5e9130]  SharedRuntime::monitor_exit_helper(oopDesc*, BasicLock*, JavaThread*, bool)+0x44
V  [libjvm.dylib+0x12aa9c]  Runtime1::monitorexit(JavaThread*, BasicObjectLock*)+0x58
v  ~RuntimeStub::monitorexit_nofpu Runtime1 stub
J 1374 c1 jdk.internal.loader.URLClassPath.getResource(Ljava/lang/String;Z)Ljdk/internal/loader/Resource; java.base@11.0.25 (74 bytes) @ 0x000000013a17f744 [0x000000013a17f6c0+0x0000000000000084]
J 1527 c1 jdk.internal.loader.BuiltinClassLoader.findClassOnClassPathOrNull(Ljava/lang/String;)Ljava/lang/Class; java.base@11.0.25 (64 bytes) @ 0x000000013a1ce198 [0x000000013a1ce0c0+0x00000000000000d8]
J 1369 c1 jdk.internal.loader.BuiltinClassLoader.loadClassOrNull(Ljava/lang/String;Z)Ljava/lang/Class; java.base@11.0.25 (143 bytes) @ 0x000000013a17c810 [0x000000013a17c3c0+0x0000000000000450]
J 1411 c1 jdk.internal.loader.ClassLoaders$AppClassLoader.loadClass(Ljava/lang/String;Z)Ljava/lang/Class; java.base@11.0.25 (40 bytes) @ 0x000000013a195af0 [0x000000013a1959c0+0x0000000000000130]
J 1410 c1 java.lang.ClassLoader.loadClass(Ljava/lang/String;)Ljava/lang/Class; java.base@11.0.25 (7 bytes) @ 0x000000013a1955a8 [0x000000013a195540+0x0000000000000068]
v  ~StubRoutines::call_stub
V  [libjvm.dylib+0x32be34]  JavaCalls::call_helper(JavaValue*, methodHandle const&, JavaCallArguments*, Thread*)+0x2d8
V  [libjvm.dylib+0x32b1a4]  JavaCalls::call_virtual(JavaValue*, Klass*, Symbol*, Symbol*, JavaCallArguments*, Thread*)+0xec
V  [libjvm.dylib+0x32b2fc]  JavaCalls::call_virtual(JavaValue*, Handle, Klass*, Symbol*, Symbol*, Handle, Thread*)+0x68
V  [libjvm.dylib+0x699128]  SystemDictionary::load_instance_class(Symbol*, Handle, Thread*)+0xf0
V  [libjvm.dylib+0x698474]  SystemDictionary::resolve_instance_class_or_null(Symbol*, Handle, Handle, Thread*)+0x424
V  [libjvm.dylib+0x697c3c]  SystemDictionary::resolve_or_fail(Symbol*, Handle, Handle, bool, Thread*)+0x24
V  [libjvm.dylib+0x1f2d48]  ConstantPool::klass_at_impl(constantPoolHandle const&, int, bool, Thread*)+0x124
V  [libjvm.dylib+0x1f3624]  ConstantPool::klass_at(int, Thread*)+0x64
V  [libjvm.dylib+0x3234a0]  InterpreterRuntime::anewarray(JavaThread*, ConstantPool*, int, int)+0x68
j  org.apache.skywalking.apm.dependencies.io.netty.buffer.CompositeByteBuf.newCompArray(II)[Lorg/apache/skywalking/apm/dependencies/io/netty/buffer/CompositeByteBuf$Component;+12
j  org.apache.skywalking.apm.dependencies.io.netty.buffer.CompositeByteBuf.<init>(Lorg/apache/skywalking/apm/dependencies/io/netty/buffer/ByteBufAllocator;ZII)V+70
j  org.apache.skywalking.apm.dependencies.io.netty.buffer.CompositeByteBuf.<init>(Lorg/apache/skywalking/apm/dependencies/io/netty/buffer/ByteBufAllocator;ZI)V+5
j  org.apache.skywalking.apm.dependencies.io.netty.buffer.AbstractByteBufAllocator.compositeDirectBuffer(I)Lorg/apache/skywalking/apm/dependencies/io/netty/buffer/CompositeByteBuf;+7
j  org.apache.skywalking.apm.dependencies.io.netty.buffer.AbstractByteBufAllocator.compositeBuffer(I)Lorg/apache/skywalking/apm/dependencies/io/netty/buffer/CompositeByteBuf;+9
j  org.apache.skywalking.apm.dependencies.io.netty.channel.AbstractCoalescingBufferQueue.composeIntoComposite(Lorg/apache/skywalking/apm/dependencies/io/netty/buffer/ByteBufAllocator;Lorg/apache/skywalking/apm/dependencies/io/netty/buffer/ByteBuf;Lorg/apache/skywalking/apm/dependencies/io/netty/buffer/ByteBuf;)Lorg/apache/skywalking/apm/dependencies/io/netty/buffer/ByteBuf;+7
j  org.apache.skywalking.apm.dependencies.io.netty.channel.CoalescingBufferQueue.compose(Lorg/apache/skywalking/apm/dependencies/io/netty/buffer/ByteBufAllocator;Lorg/apache/skywalking/apm/dependencies/io/netty/buffer/ByteBuf;Lorg/apache/skywalking/apm/dependencies/io/netty/buffer/ByteBuf;)Lorg/apache/skywalking/apm/dependencies/io/netty/buffer/ByteBuf;+28
j  org.apache.skywalking.apm.dependencies.io.netty.channel.AbstractCoalescingBufferQueue.remove(Lorg/apache/skywalking/apm/dependencies/io/netty/buffer/ByteBufAllocator;ILorg/apache/skywalking/apm/dependencies/io/netty/channel/ChannelPromise;)Lorg/apache/skywalking/apm/dependencies/io/netty/buffer/ByteBuf;+217
j  org.apache.skywalking.apm.dependencies.io.netty.channel.CoalescingBufferQueue.remove(ILorg/apache/skywalking/apm/dependencies/io/netty/channel/ChannelPromise;)Lorg/apache/skywalking/apm/dependencies/io/netty/buffer/ByteBuf;+12
j  org.apache.skywalking.apm.dependencies.io.netty.handler.codec.http2.DefaultHttp2ConnectionEncoder$FlowControlledData.write(Lorg/apache/skywalking/apm/dependencies/io/netty/channel/ChannelHandlerContext;I)V+110
j  org.apache.skywalking.apm.dependencies.io.netty.handler.codec.http2.DefaultHttp2RemoteFlowController$FlowState.writeAllocatedBytes(I)I+106
j  org.apache.skywalking.apm.dependencies.io.netty.handler.codec.http2.DefaultHttp2RemoteFlowController$WritabilityMonitor.write(Lorg/apache/skywalking/apm/dependencies/io/netty/handler/codec/http2/Http2Stream;I)V+9
j  org.apache.skywalking.apm.dependencies.io.netty.handler.codec.http2.WeightedFairQueueByteDistributor$State.write(ILorg/apache/skywalking/apm/dependencies/io/netty/handler/codec/http2/StreamByteDistributor$Writer;)V+27
j  org.apache.skywalking.apm.dependencies.io.netty.handler.codec.http2.WeightedFairQueueByteDistributor.distribute(ILorg/apache/skywalking/apm/dependencies/io/netty/handler/codec/http2/StreamByteDistributor$Writer;Lorg/apache/skywalking/apm/dependencies/io/netty/handler/codec/http2/WeightedFairQueueByteDistributor$State;)I+21
j  org.apache.skywalking.apm.dependencies.io.netty.handler.codec.http2.WeightedFairQueueByteDistributor.distributeToChildren(ILorg/apache/skywalking/apm/dependencies/io/netty/handler/codec/http2/StreamByteDistributor$Writer;Lorg/apache/skywalking/apm/dependencies/io/netty/handler/codec/http2/WeightedFairQueueByteDistributor$State;)I+178
j  org.apache.skywalking.apm.dependencies.io.netty.handler.codec.http2.WeightedFairQueueByteDistributor.distribute(ILorg/apache/skywalking/apm/dependencies/io/netty/handler/codec/http2/StreamByteDistributor$Writer;)Z+28
j  org.apache.skywalking.apm.dependencies.io.netty.handler.codec.http2.DefaultHttp2RemoteFlowController$WritabilityMonitor.writePendingBytes()V+30
j  org.apache.skywalking.apm.dependencies.io.netty.handler.codec.http2.DefaultHttp2RemoteFlowController.writePendingBytes()V+4
j  org.apache.skywalking.apm.dependencies.io.netty.handler.codec.http2.Http2ConnectionHandler.flush(Lorg/apache/skywalking/apm/dependencies/io/netty/channel/ChannelHandlerContext;)V+9
j  org.apache.skywalking.apm.dependencies.io.netty.channel.AbstractChannelHandlerContext.invokeFlush0()V+49
j  org.apache.skywalking.apm.dependencies.io.netty.channel.AbstractChannelHandlerContext.invokeFlush()V+8
j  org.apache.skywalking.apm.dependencies.io.netty.channel.AbstractChannelHandlerContext.flush()Lorg/apache/skywalking/apm/dependencies/io/netty/channel/ChannelHandlerContext;+23
j  org.apache.skywalking.apm.dependencies.io.netty.channel.DefaultChannelPipeline.flush()Lorg/apache/skywalking/apm/dependencies/io/netty/channel/ChannelPipeline;+4
j  org.apache.skywalking.apm.dependencies.io.netty.channel.AbstractChannel.flush()Lorg/apache/skywalking/apm/dependencies/io/netty/channel/Channel;+4
j  org.apache.skywalking.apm.dependencies.io.grpc.netty.WriteQueue.flush()V+103
j  org.apache.skywalking.apm.dependencies.io.grpc.netty.WriteQueue.access$000(Lorg/apache/skywalking/apm/dependencies/io/grpc/netty/WriteQueue;)V+1
j  org.apache.skywalking.apm.dependencies.io.grpc.netty.WriteQueue$1.run()V+4
j  org.apache.skywalking.apm.dependencies.io.netty.util.concurrent.AbstractEventExecutor.runTask(Ljava/lang/Runnable;)V+1
j  org.apache.skywalking.apm.dependencies.io.netty.util.concurrent.AbstractEventExecutor.safeExecute(Ljava/lang/Runnable;)V+1
j  org.apache.skywalking.apm.dependencies.io.netty.util.concurrent.SingleThreadEventExecutor.runAllTasks(J)Z+42
j  org.apache.skywalking.apm.dependencies.io.netty.channel.nio.NioEventLoop.run()V+286
j  org.apache.skywalking.apm.dependencies.io.netty.util.concurrent.SingleThreadEventExecutor$4.run()V+44
j  org.apache.skywalking.apm.dependencies.io.netty.util.internal.ThreadExecutorMap$2.run()V+11
j  org.apache.skywalking.apm.dependencies.io.netty.util.concurrent.FastThreadLocalRunnable.run()V+4
j  java.lang.Thread.run()V+11 java.base@11.0.25
v  ~StubRoutines::call_stub
V  [libjvm.dylib+0x32be34]  JavaCalls::call_helper(JavaValue*, methodHandle const&, JavaCallArguments*, Thread*)+0x2d8
V  [libjvm.dylib+0x32b1a4]  JavaCalls::call_virtual(JavaValue*, Klass*, Symbol*, Symbol*, JavaCallArguments*, Thread*)+0xec
V  [libjvm.dylib+0x32b26c]  JavaCalls::call_virtual(JavaValue*, Handle, Klass*, Symbol*, Symbol*, Thread*)+0x64
V  [libjvm.dylib+0x3bb90c]  thread_entry(JavaThread*, Thread*)+0x78
V  [libjvm.dylib+0x6bbf68]  JavaThread::thread_main_inner()+0x80
V  [libjvm.dylib+0x6bbdac]  JavaThread::run()+0x190
V  [libjvm.dylib+0x6b9aac]  Thread::call_run()+0x7c
V  [libjvm.dylib+0x567b7c]  thread_native_entry(Thread*)+0x118
C  [libsystem_pthread.dylib+0x6c0c]  _pthread_start+0x88

Java frames: (J=compiled Java code, j=interpreted, Vv=VM code)
v  ~RuntimeStub::monitorexit_nofpu Runtime1 stub
J 326 c1 java.util.zip.ZipFile.getEntry(Ljava/lang/String;Ljava/util/function/Function;)Ljava/util/zip/ZipEntry; java.base@11.0.25 (73 bytes) @ 0x0000000139f9e964 [0x0000000139f9e700+0x0000000000000264]
J 712 c1 java.util.jar.JarFile.getEntry(Ljava/lang/String;)Ljava/util/zip/ZipEntry; java.base@11.0.25 (22 bytes) @ 0x000000013a048054 [0x000000013a047f80+0x00000000000000d4]
J 715 c1 jdk.internal.loader.URLClassPath$JarLoader.getResource(Ljava/lang/String;Z)Ljdk/internal/loader/Resource; java.base@11.0.25 (65 bytes) @ 0x000000013a0487d4 [0x000000013a048740+0x0000000000000094]
J 1374 c1 jdk.internal.loader.URLClassPath.getResource(Ljava/lang/String;Z)Ljdk/internal/loader/Resource; java.base@11.0.25 (74 bytes) @ 0x000000013a17f744 [0x000000013a17f6c0+0x0000000000000084]
J 1527 c1 jdk.internal.loader.BuiltinClassLoader.findClassOnClassPathOrNull(Ljava/lang/String;)Ljava/lang/Class; java.base@11.0.25 (64 bytes) @ 0x000000013a1ce198 [0x000000013a1ce0c0+0x00000000000000d8]
J 1369 c1 jdk.internal.loader.BuiltinClassLoader.loadClassOrNull(Ljava/lang/String;Z)Ljava/lang/Class; java.base@11.0.25 (143 bytes) @ 0x000000013a17c810 [0x000000013a17c3c0+0x0000000000000450]
J 1411 c1 jdk.internal.loader.ClassLoaders$AppClassLoader.loadClass(Ljava/lang/String;Z)Ljava/lang/Class; java.base@11.0.25 (40 bytes) @ 0x000000013a195af0 [0x000000013a1959c0+0x0000000000000130]
J 1410 c1 java.lang.ClassLoader.loadClass(Ljava/lang/String;)Ljava/lang/Class; java.base@11.0.25 (7 bytes) @ 0x000000013a1955a8 [0x000000013a195540+0x0000000000000068]
v  ~StubRoutines::call_stub
j  org.apache.skywalking.apm.dependencies.io.netty.buffer.CompositeByteBuf.newCompArray(II)[Lorg/apache/skywalking/apm/dependencies/io/netty/buffer/CompositeByteBuf$Component;+12
j  org.apache.skywalking.apm.dependencies.io.netty.buffer.CompositeByteBuf.<init>(Lorg/apache/skywalking/apm/dependencies/io/netty/buffer/ByteBufAllocator;ZII)V+70
j  org.apache.skywalking.apm.dependencies.io.netty.buffer.CompositeByteBuf.<init>(Lorg/apache/skywalking/apm/dependencies/io/netty/buffer/ByteBufAllocator;ZI)V+5
j  org.apache.skywalking.apm.dependencies.io.netty.buffer.AbstractByteBufAllocator.compositeDirectBuffer(I)Lorg/apache/skywalking/apm/dependencies/io/netty/buffer/CompositeByteBuf;+7
j  org.apache.skywalking.apm.dependencies.io.netty.buffer.AbstractByteBufAllocator.compositeBuffer(I)Lorg/apache/skywalking/apm/dependencies/io/netty/buffer/CompositeByteBuf;+9
j  org.apache.skywalking.apm.dependencies.io.netty.channel.AbstractCoalescingBufferQueue.composeIntoComposite(Lorg/apache/skywalking/apm/dependencies/io/netty/buffer/ByteBufAllocator;Lorg/apache/skywalking/apm/dependencies/io/netty/buffer/ByteBuf;Lorg/apache/skywalking/apm/dependencies/io/netty/buffer/ByteBuf;)Lorg/apache/skywalking/apm/dependencies/io/netty/buffer/ByteBuf;+7
j  org.apache.skywalking.apm.dependencies.io.netty.channel.CoalescingBufferQueue.compose(Lorg/apache/skywalking/apm/dependencies/io/netty/buffer/ByteBufAllocator;Lorg/apache/skywalking/apm/dependencies/io/netty/buffer/ByteBuf;Lorg/apache/skywalking/apm/dependencies/io/netty/buffer/ByteBuf;)Lorg/apache/skywalking/apm/dependencies/io/netty/buffer/ByteBuf;+28
j  org.apache.skywalking.apm.dependencies.io.netty.channel.AbstractCoalescingBufferQueue.remove(Lorg/apache/skywalking/apm/dependencies/io/netty/buffer/ByteBufAllocator;ILorg/apache/skywalking/apm/dependencies/io/netty/channel/ChannelPromise;)Lorg/apache/skywalking/apm/dependencies/io/netty/buffer/ByteBuf;+217
j  org.apache.skywalking.apm.dependencies.io.netty.channel.CoalescingBufferQueue.remove(ILorg/apache/skywalking/apm/dependencies/io/netty/channel/ChannelPromise;)Lorg/apache/skywalking/apm/dependencies/io/netty/buffer/ByteBuf;+12
j  org.apache.skywalking.apm.dependencies.io.netty.handler.codec.http2.DefaultHttp2ConnectionEncoder$FlowControlledData.write(Lorg/apache/skywalking/apm/dependencies/io/netty/channel/ChannelHandlerContext;I)V+110
j  org.apache.skywalking.apm.dependencies.io.netty.handler.codec.http2.DefaultHttp2RemoteFlowController$FlowState.writeAllocatedBytes(I)I+106
j  org.apache.skywalking.apm.dependencies.io.netty.handler.codec.http2.DefaultHttp2RemoteFlowController$WritabilityMonitor.write(Lorg/apache/skywalking/apm/dependencies/io/netty/handler/codec/http2/Http2Stream;I)V+9
j  org.apache.skywalking.apm.dependencies.io.netty.handler.codec.http2.WeightedFairQueueByteDistributor$State.write(ILorg/apache/skywalking/apm/dependencies/io/netty/handler/codec/http2/StreamByteDistributor$Writer;)V+27
j  org.apache.skywalking.apm.dependencies.io.netty.handler.codec.http2.WeightedFairQueueByteDistributor.distribute(ILorg/apache/skywalking/apm/dependencies/io/netty/handler/codec/http2/StreamByteDistributor$Writer;Lorg/apache/skywalking/apm/dependencies/io/netty/handler/codec/http2/WeightedFairQueueByteDistributor$State;)I+21
j  org.apache.skywalking.apm.dependencies.io.netty.handler.codec.http2.WeightedFairQueueByteDistributor.distributeToChildren(ILorg/apache/skywalking/apm/dependencies/io/netty/handler/codec/http2/StreamByteDistributor$Writer;Lorg/apache/skywalking/apm/dependencies/io/netty/handler/codec/http2/WeightedFairQueueByteDistributor$State;)I+178
j  org.apache.skywalking.apm.dependencies.io.netty.handler.codec.http2.WeightedFairQueueByteDistributor.distribute(ILorg/apache/skywalking/apm/dependencies/io/netty/handler/codec/http2/StreamByteDistributor$Writer;)Z+28
j  org.apache.skywalking.apm.dependencies.io.netty.handler.codec.http2.DefaultHttp2RemoteFlowController$WritabilityMonitor.writePendingBytes()V+30
j  org.apache.skywalking.apm.dependencies.io.netty.handler.codec.http2.DefaultHttp2RemoteFlowController.writePendingBytes()V+4
j  org.apache.skywalking.apm.dependencies.io.netty.handler.codec.http2.Http2ConnectionHandler.flush(Lorg/apache/skywalking/apm/dependencies/io/netty/channel/ChannelHandlerContext;)V+9
j  org.apache.skywalking.apm.dependencies.io.netty.channel.AbstractChannelHandlerContext.invokeFlush0()V+49
j  org.apache.skywalking.apm.dependencies.io.netty.channel.AbstractChannelHandlerContext.invokeFlush()V+8
j  org.apache.skywalking.apm.dependencies.io.netty.channel.AbstractChannelHandlerContext.flush()Lorg/apache/skywalking/apm/dependencies/io/netty/channel/ChannelHandlerContext;+23
j  org.apache.skywalking.apm.dependencies.io.netty.channel.DefaultChannelPipeline.flush()Lorg/apache/skywalking/apm/dependencies/io/netty/channel/ChannelPipeline;+4
j  org.apache.skywalking.apm.dependencies.io.netty.channel.AbstractChannel.flush()Lorg/apache/skywalking/apm/dependencies/io/netty/channel/Channel;+4
j  org.apache.skywalking.apm.dependencies.io.grpc.netty.WriteQueue.flush()V+103
j  org.apache.skywalking.apm.dependencies.io.grpc.netty.WriteQueue.access$000(Lorg/apache/skywalking/apm/dependencies/io/grpc/netty/WriteQueue;)V+1
j  org.apache.skywalking.apm.dependencies.io.grpc.netty.WriteQueue$1.run()V+4
j  org.apache.skywalking.apm.dependencies.io.netty.util.concurrent.AbstractEventExecutor.runTask(Ljava/lang/Runnable;)V+1
j  org.apache.skywalking.apm.dependencies.io.netty.util.concurrent.AbstractEventExecutor.safeExecute(Ljava/lang/Runnable;)V+1
j  org.apache.skywalking.apm.dependencies.io.netty.util.concurrent.SingleThreadEventExecutor.runAllTasks(J)Z+42
j  org.apache.skywalking.apm.dependencies.io.netty.channel.nio.NioEventLoop.run()V+286
j  org.apache.skywalking.apm.dependencies.io.netty.util.concurrent.SingleThreadEventExecutor$4.run()V+44
j  org.apache.skywalking.apm.dependencies.io.netty.util.internal.ThreadExecutorMap$2.run()V+11
j  org.apache.skywalking.apm.dependencies.io.netty.util.concurrent.FastThreadLocalRunnable.run()V+4
j  java.lang.Thread.run()V+11 java.base@11.0.25
v  ~StubRoutines::call_stub

siginfo: si_signo: 11 (SIGSEGV), si_code: 2 (SEGV_ACCERR), si_addr: 0x0000000000000000

Register to memory mapping:

 x0=0x0 is NULL
 x1=0x000000064086b4c0 is an oop: java.util.jar.JarFile 
{0x000000064086b4c0} - klass: 'java/util/jar/JarFile'
 - ---- fields (total size 8 words):
 - private 'lastEntryPos' 'I' @12  13851 (361b)
 - private volatile 'closeRequested' 'Z' @16  false
 - private final 'name' 'Ljava/lang/String;' @20  "/Users/zch/.m2/repository/org/springframework/spring-core/5.3.24/spring-core-5.3.24.jar"{0x0000000640ae9bf8} (c815d37f)
 - private final synchronized 'zc' 'Ljava/util/zip/ZipCoder;' @24  a 'java/util/zip/ZipCoder$UTF8'{0x0000000640a63bb0} (c814c776)
 - private final synchronized 'res' 'Ljava/util/zip/ZipFile$CleanableResource;' @28  a 'java/util/zip/ZipFile$CleanableResource'{0x000000064086b500} (c810d6a0)
 - private 'lastEntryName' 'Ljava/lang/String;' @32  "org/springframework/core/PrioritizedParameterNameDiscoverer.class"{0x00000006532500f0} (ca64a01e)
 - private final 'versionFeature' 'I' @36  11 (b)
 - private 'jvInitialized' 'Z' @40  false
 - private 'verify' 'Z' @41  false
 - private 'isMultiRelease' 'Z' @42  false
 - private 'hasClassPathAttribute' 'Z' @43  false
 - private volatile 'hasCheckedSpecialAttributes' 'Z' @44  true
 - private strict 'manRef' 'Ljava/lang/ref/SoftReference;' @48  a 'java/lang/ref/SoftReference'{0x0000000656b63c78} (cad6c78f)
 - private 'manEntry' 'Ljava/util/jar/JarEntry;' @52  a 'java/util/jar/JarFile$JarFileEntry'{0x000000064086b868} (c810d70d)
 - private 'jv' 'Ljava/util/jar/JarVerifier;' @56  
[error occurred during error reporting (printing register info), id 0xb, SIGSEGV (0xb) at pc=0x00000001058ad918]

Registers:
 x0=0x0000000000000000  x1=0x000000064086b4c0  x2=0x0000000000000000  x3=0x0000000000000001
 x4=0x00000000f500a05c  x5=0x000000064086b6b8  x6=0x00000006533cbb88  x7=0x692f736569636e65
 x8=0x0000000000000000  x9=0x0000000000001889 x10=0x0000000000000000 x11=0x432f726566667562
x12=0x657469736f706d6f x13=0x00000000000007fd x14=0x000000009960605a x15=0x0000000099405ffb
x16=0x0000000000000020 x17=0x000060000059aa30 x18=0x0000000000000000 x19=0x0000000000000000
x20=0x000000064086b4c0 x21=0x0000000138169d40 x22=0x00000001159e9000 x23=0x0000000000000000
x24=0x0000000105bdfa84 x25=0x0000000000000000 x26=0x00006000034965a8 x27=0x0000000000000000
x28=0x00000001159e9000  fp=0x0000000319ca0960  lr=0x00000001059e9118  sp=0x0000000319ca08b0
pc=0x00000001059e911c cpsr=0x0000000060001000
Top of Stack: (sp=0x0000000319ca08b0)
0x0000000319ca08b0:   00000001159e9000 00000001159e9000
0x0000000319ca08c0:   00000001159e9000 0000000000000001
0x0000000319ca08d0:   0000000319ca0900 0000000105413d80
0x0000000319ca08e0:   00006000034965c8 0000000000000001
0x0000000319ca08f0:   0000000000000000 0000000000000000
0x0000000319ca0900:   0000000319ca0900 00000001054139f8
0x0000000319ca0910:   0000000319ca09d0 00000001059e90ec
0x0000000319ca0920:   00006000034965a8 000000000000000c
0x0000000319ca0930:   0000000139835680 0000000000000000
0x0000000319ca0940:   00000001159e9000 0000000000000001
0x0000000319ca0950:   000000064086b4c0 00000001159e9000
0x0000000319ca0960:   0000000319ca0980 00000001059e8f70
0x0000000319ca0970:   000000064086b4c0 0000000319ca0c78
0x0000000319ca0980:   0000000319ca09c0 000000010593d130
0x0000000319ca0990:   00000001159e9000 00000001159e9000
0x0000000319ca09a0:   00000001159e9000 0000000000000001
0x0000000319ca09b0:   0000000319ca0c78 00000001159e9000
0x0000000319ca09c0:   0000000319ca09f0 000000010547ea9c
0x0000000319ca09d0:   0000000319ca1368 0000000319ca1288
0x0000000319ca09e0:   0000000319ca10b0 00000006533cbc30
0x0000000319ca09f0:   0000000319ca0bf0 00000001398ea9f8
0x0000000319ca0a00:   0000000640ae8278 0000000319ca0db8
0x0000000319ca0a10:   0000000319ca0a50 000000010593d140
0x0000000319ca0a20:   00000001159e9000 00000001159e9000
0x0000000319ca0a30:   00000001159e9000 0000000000000001
0x0000000319ca0a40:   0000000319ca0db8 00000001159e9000
0x0000000319ca0a50:   0000000319ca0a80 000000010547ea9c
0x0000000319ca0a60:   0000000319ca1368 0000000319ca1288
0x0000000319ca0a70:   0000000319ca10b0 00000006533cbb50
0x0000000319ca0a80:   0000000319ca0c80 00000001398ea9f8
0x0000000319ca0a90:   000000009960605a 0000000099405ffb
0x0000000319ca0aa0:   00000006533cb75a 00000006533cb722 

Instructions: (pc=0x00000001059e911c)
0x00000001059e901c:   1f 30 00 f9 1f 44 00 f9 1f 28 00 f9 79 03 00 b4
0x00000001059e902c:   b7 02 00 f9 bf 22 00 f9 bf 2a 00 f9 b4 06 00 f9
0x00000001059e903c:   bf 2a 00 f9 bf 3a 00 f9 08 03 40 b9 a8 7e 00 b9
0x00000001059e904c:   a9 02 7f b2 bf 3b 03 d5 e8 03 17 aa 89 7e a8 c8
0x00000001059e905c:   bf 3b 03 d5 1f 01 17 eb 60 08 00 54 ff 02 08 eb
0x00000001059e906c:   20 08 00 54 bf 06 00 f9 bf 22 00 f9 bf 2a 00 f9
0x00000001059e907c:   bf 36 00 f9 bf 2e 00 f9 bf 32 00 f9 bf 46 00 f9
0x00000001059e908c:   bf 2a 00 f9 0d 00 00 14 bf 3a 00 f9 bf 2a 00 f9
0x00000001059e909c:   08 03 40 b9 a8 7e 00 b9 bf 3b 03 d5 e8 03 17 aa
0x00000001059e90ac:   9f 7e a8 c8 bf 3b 03 d5 1f 01 17 eb c0 02 00 54
0x00000001059e90bc:   ff 02 08 eb 80 02 00 54 e0 03 16 aa e1 03 15 aa
0x00000001059e90cc:   22 00 80 52 9c 05 00 94 97 02 40 f9 e0 03 17 aa
0x00000001059e90dc:   81 b9 ed 97 e0 f8 0f 36 e0 03 17 aa 7e b9 ed 97
0x00000001059e90ec:   15 00 7f d2 e0 03 15 aa fd 7b 4b a9 f4 4f 4a a9
0x00000001059e90fc:   f6 57 49 a9 f8 5f 48 a9 fa 67 47 a9 ff 03 03 91
0x00000001059e910c:   c0 03 5f d6 e0 03 17 aa 73 b9 ed 97 08 f8 7e 92
0x00000001059e911c:   08 01 40 f9 a8 02 00 f9 e0 03 17 aa 6e b9 ed 97
0x00000001059e912c:   a0 22 00 f9 bf 2a 00 f9 b4 06 00 f9 88 02 40 f9
0x00000001059e913c:   48 01 00 b4 e0 07 00 90 00 7c 3c 91 e2 07 00 b0
0x00000001059e914c:   42 10 02 91 03 05 00 90 63 e0 08 91 01 bd 80 52
0x00000001059e915c:   ce 9d ed 97 28 49 fb 97 a8 02 7f b2 bf 3b 03 d5
0x00000001059e916c:   88 02 00 f9 08 11 00 d0 08 41 0b 91 08 01 40 f9
0x00000001059e917c:   48 01 00 b4 09 11 00 d0 29 e1 2b 91 29 01 40 39
0x00000001059e918c:   3f 05 00 71 a1 00 00 54 08 15 40 f9 09 01 40 f9
0x00000001059e919c:   29 05 00 91 09 01 00 f9 c8 0f 00 f0 08 e5 43 f9
0x00000001059e91ac:   28 06 00 b4 c8 10 00 d0 08 e5 37 91 08 01 40 39
0x00000001059e91bc:   1f 05 00 71 21 01 00 54 89 0a 40 b9 ca 0f 00 f0
0x00000001059e91cc:   4a 61 2b 91 4b 09 40 b9 4a 01 40 f9 2b 21 cb 9a
0x00000001059e91dc:   6a 01 0a 8b 03 00 00 14 8a 06 40 f9 e9 03 0a aa
0x00000001059e91ec:   4a 09 40 b9 5f 05 00 71 eb 03 00 54 80 10 00 d0
0x00000001059e91fc:   00 80 27 91 0a 00 40 f9 40 01 3f d6 0a 00 40 f9
0x00000001059e920c:   4a 3d 41 f9 ea 0f 00 f9 40 05 c0 3d e0 03 82 3c 


Stack slot to memory mapping:
stack at sp + 0 slots: 0x00000001159e9000 is a thread
stack at sp + 1 slots: 0x00000001159e9000 is a thread
stack at sp + 2 slots: 0x00000001159e9000 is a thread
stack at sp + 3 slots: 0x0000000000000001 is an unknown value
stack at sp + 4 slots: 0x0000000319ca0900 is pointing into the stack for thread: 0x00000001159e9000
stack at sp + 5 slots: 0x0000000105413d80: _ZL17update_heuristicsP7oopDescb+0x1c in /opt/homebrew/Cellar/openjdk@11/11.0.25/libexec/openjdk.jdk/Contents/Home/lib/server/libjvm.dylib at 0x0000000105354000
stack at sp + 6 slots: 0x00006000034965c8 points into unknown readable memory: 0x0000000640ae8278 | 78 82 ae 40 06 00 00 00
stack at sp + 7 slots: 0x0000000000000001 is an unknown value


---------------  P R O C E S S  ---------------

Threads class SMR info:
_java_thread_list=0x0000600000b0f380, length=29, elements={
0x000000013900d000, 0x0000000135837800, 0x000000013780a000, 0x0000000137812000,
0x0000000137817000, 0x0000000137817800, 0x0000000137818800, 0x0000000136812800,
0x00000001163b9000, 0x000000013934c800, 0x00000001370d3800, 0x00000001380d8800,
0x0000000138153000, 0x0000000138153800, 0x00000001159e8000, 0x00000001163d0800,
0x0000000138a40000, 0x00000001370cd800, 0x0000000138147000, 0x00000001159ed000,
0x00000001380d7800, 0x00000001163dd000, 0x0000000137b54000, 0x00000001370ce800,
0x000000013934a000, 0x00000001163f2800, 0x00000001159ee800, 0x0000000138a43800,
0x00000001159e9000
}

Java Threads: ( => current thread )
  0x000000013900d000 JavaThread "main" [_thread_blocked, id=5891, stack(0x000000016bbdc000,0x000000016bddf000)]
  0x0000000135837800 JavaThread "Reference Handler" daemon [_thread_blocked, id=16643, stack(0x000000016ca30000,0x000000016cc33000)]
  0x000000013780a000 JavaThread "Finalizer" daemon [_thread_blocked, id=16899, stack(0x000000016cc3c000,0x000000016ce3f000)]
  0x0000000137812000 JavaThread "Signal Dispatcher" daemon [_thread_blocked, id=21763, stack(0x000000016cf60000,0x000000016d163000)]
  0x0000000137817000 JavaThread "Service Thread" daemon [_thread_blocked, id=22531, stack(0x000000016d16c000,0x000000016d36f000)]
  0x0000000137817800 JavaThread "C1 CompilerThread0" daemon [_thread_blocked, id=32259, stack(0x000000016d378000,0x000000016d57b000)]
  0x0000000137818800 JavaThread "Sweeper thread" daemon [_thread_blocked, id=23043, stack(0x000000016d584000,0x000000016d787000)]
  0x0000000136812800 JavaThread "Common-Cleaner" daemon [_thread_blocked, id=30979, stack(0x000000016d790000,0x000000016d993000)]
  0x00000001163b9000 JavaThread "SkywalkingAgent-LogFileWriter" daemon [_thread_blocked, id=29699, stack(0x000000016ec08000,0x000000016ee0b000)]
  0x000000013934c800 JavaThread "DataCarrier.DEFAULT.Consumer.0.Thread" daemon [_thread_blocked, id=28419, stack(0x000000016f020000,0x000000016f223000)]
  0x00000001370d3800 JavaThread "SkywalkingAgent-5-JVMService-produce-0" daemon [_thread_blocked, id=27139, stack(0x000000016f22c000,0x000000016f42f000)]
  0x00000001380d8800 JavaThread "SkywalkingAgent-6-JVMService-consume-0" daemon [_thread_blocked, id=32771, stack(0x000000016f438000,0x000000016f63b000)]
  0x0000000138153000 JavaThread "SkywalkingAgent-7-ServiceManagementClient-0" daemon [_thread_blocked, id=43011, stack(0x000000016f644000,0x000000016f847000)]
  0x0000000138153800 JavaThread "SkywalkingAgent-1-CommandService-0" daemon [_thread_blocked, id=33539, stack(0x000000016f850000,0x000000016fa53000)]
  0x00000001159e8000 JavaThread "SkywalkingAgent-8-ProfileGetTaskService-0" daemon [_thread_blocked, id=33795, stack(0x000000016fa5c000,0x000000016fc5f000)]
  0x00000001163d0800 JavaThread "SkywalkingAgent-9-ProfileSendSnapshotService-0" daemon [_thread_blocked, id=34051, stack(0x000000016fc68000,0x000000016fe6b000)]
  0x0000000138a40000 JavaThread "SkywalkingAgent-10-MeterReportService-0" daemon [_thread_blocked, id=34307, stack(0x0000000318004000,0x0000000318207000)]
  0x00000001370cd800 JavaThread "DataCarrier.gRPC-log.Consumer.0.Thread" daemon [_thread_blocked, id=34563, stack(0x0000000318210000,0x0000000318413000)]
  0x0000000138147000 JavaThread "SkywalkingAgent-11-ConfigurationDiscoveryService-0" daemon [_thread_blocked, id=35331, stack(0x000000031841c000,0x000000031861f000)]
  0x00000001159ed000 JavaThread "SkywalkingAgent-12-GRPCChannelManager-0" daemon [_thread_blocked, id=35843, stack(0x0000000318628000,0x000000031882b000)]
  0x00000001380d7800 JavaThread "Monitor Ctrl-Break" daemon [_thread_in_native, id=36355, stack(0x0000000318834000,0x0000000318a37000)]
  0x00000001163dd000 JavaThread "grpc-nio-worker-ELG-1-1" daemon [_thread_in_native, id=39683, stack(0x0000000318a40000,0x0000000318c43000)]
  0x0000000137b54000 JavaThread "grpc-default-executor-0" daemon [_thread_blocked, id=38915, stack(0x0000000318c4c000,0x0000000318e4f000)]
  0x00000001370ce800 JavaThread "grpc-nio-worker-ELG-1-2" daemon [_thread_in_native, id=38403, stack(0x0000000318e58000,0x000000031905b000)]
  0x000000013934a000 JavaThread "grpc-default-executor-1" daemon [_thread_blocked, id=38147, stack(0x0000000319064000,0x0000000319267000)]
  0x00000001163f2800 JavaThread "RMI TCP Accept-0" daemon [_thread_in_native, id=43523, stack(0x0000000319270000,0x0000000319473000)]
  0x00000001159ee800 JavaThread "grpc-nio-worker-ELG-1-3" daemon [_thread_in_native, id=44291, stack(0x000000031947c000,0x000000031967f000)]
  0x0000000138a43800 JavaThread "grpc-default-executor-2" daemon [_thread_blocked, id=64771, stack(0x0000000319688000,0x000000031988b000)]
=>0x00000001159e9000 JavaThread "grpc-nio-worker-ELG-1-4" daemon [_thread_in_Java, id=44803, stack(0x0000000319aa0000,0x0000000319ca3000)]

Other Threads:
  0x0000000137809000 VMThread "VM Thread" [stack: 0x000000016c824000,0x000000016ca27000] [id=21507]
  0x00000001370d2800 WatcherThread [stack: 0x0000000319894000,0x0000000319a97000] [id=64259]
  0x000000013900e800 GCTaskThread "GC Thread#0" [stack: 0x000000016bde8000,0x000000016bfeb000] [id=15107]
  0x000000011586d000 GCTaskThread "GC Thread#1" [stack: 0x000000016d99c000,0x000000016db9f000] [id=23555]
  0x00000001370a6000 GCTaskThread "GC Thread#2" [stack: 0x000000016dba8000,0x000000016ddab000] [id=23811]
  0x0000000115959000 GCTaskThread "GC Thread#3" [stack: 0x000000016ddb4000,0x000000016dfb7000] [id=24323]
  0x000000011595a000 GCTaskThread "GC Thread#4" [stack: 0x000000016dfc0000,0x000000016e1c3000] [id=24579]
  0x000000011595a800 GCTaskThread "GC Thread#5" [stack: 0x000000016e1cc000,0x000000016e3cf000] [id=30211]
  0x00000001388d9800 GCTaskThread "GC Thread#6" [stack: 0x000000016e3d8000,0x000000016e5db000] [id=29955]
  0x0000000138961000 GCTaskThread "GC Thread#7" [stack: 0x000000016e5e4000,0x000000016e7e7000] [id=25603]
  0x000000011581e800 ConcurrentGCThread "G1 Main Marker" [stack: 0x000000016bff4000,0x000000016c1f7000] [id=14595]
  0x000000011581f000 ConcurrentGCThread "G1 Conc#0" [stack: 0x000000016c200000,0x000000016c403000] [id=12035]
  0x0000000135ae5000 ConcurrentGCThread "G1 Conc#1" [stack: 0x000000016ee14000,0x000000016f017000] [id=29187]
  0x00000001388c4000 ConcurrentGCThread "G1 Refine#0" [stack: 0x000000016c40c000,0x000000016c60f000] [id=12291]
  0x00000001370a6800 ConcurrentGCThread "G1 Refine#1" [stack: 0x000000016e7f0000,0x000000016e9f3000] [id=26115]
  0x0000000139117800 ConcurrentGCThread "G1 Refine#2" [stack: 0x000000016e9fc000,0x000000016ebff000] [id=26627]
  0x000000013800d800 ConcurrentGCThread "G1 Young RemSet Sampling" [stack: 0x000000016c618000,0x000000016c81b000] [id=12547]

Threads with active compile tasks:

VM state:not at safepoint (normal execution)

VM Mutex/Monitor currently owned by a thread: None

Heap address: 0x0000000640000000, size: 6144 MB, Compressed Oops mode: Zero based, Oop shift amount: 3
Narrow klass base: 0x0000000800000000, Narrow klass shift: 0
Compressed class space size: 1073741824 Address: 0x0000000800000000

Heap:
 garbage-first heap   total 393216K, used 103585K [0x0000000640000000, 0x00000007c0000000)
  region size 1024K, 92 young (94208K), 14 survivors (14336K)
 Metaspace       used 33742K, capacity 34403K, committed 34608K, reserved 1079296K
  class space    used 4457K, capacity 4655K, committed 4736K, reserved 1048576K
Heap Regions: E=young(eden), S=young(survivor), O=old, HS=humongous(starts), HC=humongous(continues), CS=collection set, F=free, A=archive, TAMS=top-at-mark-start (previous, next)
|   0|0x0000000640000000, 0x0000000640100000, 0x0000000640100000|100%|HS|  |TAMS 0x0000000640100000, 0x0000000640000000| Complete 
|   1|0x0000000640100000, 0x0000000640100000, 0x0000000640200000|  0%| F|  |TAMS 0x0000000640100000, 0x0000000640100000| Untracked 
|   2|0x0000000640200000, 0x0000000640300000, 0x0000000640300000|100%|HS|  |TAMS 0x0000000640300000, 0x0000000640200000| Complete 
|   3|0x0000000640300000, 0x0000000640400000, 0x0000000640400000|100%|HC|  |TAMS 0x0000000640400000, 0x0000000640300000| Complete 
|   4|0x0000000640400000, 0x0000000640400000, 0x0000000640500000|  0%| F|  |TAMS 0x0000000640400000, 0x0000000640400000| Untracked 
|   5|0x0000000640500000, 0x0000000640500000, 0x0000000640600000|  0%| F|  |TAMS 0x0000000640500000, 0x0000000640500000| Untracked 
|   6|0x0000000640600000, 0x0000000640700000, 0x0000000640700000|100%| O|  |TAMS 0x0000000640700000, 0x0000000640600000| Untracked 
|   7|0x0000000640700000, 0x0000000640800000, 0x0000000640800000|100%| O|  |TAMS 0x0000000640800000, 0x0000000640700000| Untracked 
|   8|0x0000000640800000, 0x0000000640900000, 0x0000000640900000|100%| O|  |TAMS 0x0000000640900000, 0x0000000640800000| Untracked 
|   9|0x0000000640900000, 0x0000000640a00000, 0x0000000640a00000|100%| O|  |TAMS 0x0000000640a00000, 0x0000000640900000| Untracked 
|  10|0x0000000640a00000, 0x0000000640b00000, 0x0000000640b00000|100%| O|  |TAMS 0x0000000640b00000, 0x0000000640a00000| Untracked 
|  11|0x0000000640b00000, 0x0000000640b00000, 0x0000000640c00000|  0%| F|  |TAMS 0x0000000640b00000, 0x0000000640b00000| Untracked 
|  12|0x0000000640c00000, 0x0000000640c00000, 0x0000000640d00000|  0%| F|  |TAMS 0x0000000640c00000, 0x0000000640c00000| Untracked 
|  13|0x0000000640d00000, 0x0000000640d00000, 0x0000000640e00000|  0%| F|  |TAMS 0x0000000640d00000, 0x0000000640d00000| Untracked 
|  14|0x0000000640e00000, 0x0000000640e00000, 0x0000000640f00000|  0%| F|  |TAMS 0x0000000640e00000, 0x0000000640e00000| Untracked 
|  15|0x0000000640f00000, 0x0000000641000000, 0x0000000641000000|100%| O|  |TAMS 0x0000000641000000, 0x0000000640f00000| Untracked 
|  16|0x0000000641000000, 0x0000000641100000, 0x0000000641100000|100%| O|  |TAMS 0x0000000641100000, 0x0000000641000000| Untracked 
|  17|0x0000000641100000, 0x0000000641169600, 0x0000000641200000| 41%| O|  |TAMS 0x0000000641169600, 0x0000000641100000| Untracked 
|  18|0x0000000641200000, 0x0000000641200000, 0x0000000641300000|  0%| F|  |TAMS 0x0000000641200000, 0x0000000641200000| Untracked 
|  19|0x0000000641300000, 0x0000000641300000, 0x0000000641400000|  0%| F|  |TAMS 0x0000000641300000, 0x0000000641300000| Untracked 
|  20|0x0000000641400000, 0x0000000641400000, 0x0000000641500000|  0%| F|  |TAMS 0x0000000641400000, 0x0000000641400000| Untracked 
|  21|0x0000000641500000, 0x0000000641500000, 0x0000000641600000|  0%| F|  |TAMS 0x0000000641500000, 0x0000000641500000| Untracked 
|  22|0x0000000641600000, 0x0000000641600000, 0x0000000641700000|  0%| F|  |TAMS 0x0000000641600000, 0x0000000641600000| Untracked 
|  23|0x0000000641700000, 0x0000000641700000, 0x0000000641800000|  0%| F|  |TAMS 0x0000000641700000, 0x0000000641700000| Untracked 
|  24|0x0000000641800000, 0x0000000641800000, 0x0000000641900000|  0%| F|  |TAMS 0x0000000641800000, 0x0000000641800000| Untracked 
|  25|0x0000000641900000, 0x0000000641900000, 0x0000000641a00000|  0%| F|  |TAMS 0x0000000641900000, 0x0000000641900000| Untracked 
|  26|0x0000000641a00000, 0x0000000641a00000, 0x0000000641b00000|  0%| F|  |TAMS 0x0000000641a00000, 0x0000000641a00000| Untracked 
|  27|0x0000000641b00000, 0x0000000641b00000, 0x0000000641c00000|  0%| F|  |TAMS 0x0000000641b00000, 0x0000000641b00000| Untracked 
|  28|0x0000000641c00000, 0x0000000641c00000, 0x0000000641d00000|  0%| F|  |TAMS 0x0000000641c00000, 0x0000000641c00000| Untracked 
|  29|0x0000000641d00000, 0x0000000641d00000, 0x0000000641e00000|  0%| F|  |TAMS 0x0000000641d00000, 0x0000000641d00000| Untracked 
|  30|0x0000000641e00000, 0x0000000641e00000, 0x0000000641f00000|  0%| F|  |TAMS 0x0000000641e00000, 0x0000000641e00000| Untracked 
|  31|0x0000000641f00000, 0x0000000641f00000, 0x0000000642000000|  0%| F|  |TAMS 0x0000000641f00000, 0x0000000641f00000| Untracked 
|  32|0x0000000642000000, 0x0000000642000000, 0x0000000642100000|  0%| F|  |TAMS 0x0000000642000000, 0x0000000642000000| Untracked 
|  33|0x0000000642100000, 0x0000000642100000, 0x0000000642200000|  0%| F|  |TAMS 0x0000000642100000, 0x0000000642100000| Untracked 
|  34|0x0000000642200000, 0x0000000642200000, 0x0000000642300000|  0%| F|  |TAMS 0x0000000642200000, 0x0000000642200000| Untracked 
|  35|0x0000000642300000, 0x0000000642300000, 0x0000000642400000|  0%| F|  |TAMS 0x0000000642300000, 0x0000000642300000| Untracked 
|  36|0x0000000642400000, 0x0000000642400000, 0x0000000642500000|  0%| F|  |TAMS 0x0000000642400000, 0x0000000642400000| Untracked 
|  37|0x0000000642500000, 0x0000000642500000, 0x0000000642600000|  0%| F|  |TAMS 0x0000000642500000, 0x0000000642500000| Untracked 
|  38|0x0000000642600000, 0x0000000642600000, 0x0000000642700000|  0%| F|  |TAMS 0x0000000642600000, 0x0000000642600000| Untracked 
|  39|0x0000000642700000, 0x0000000642700000, 0x0000000642800000|  0%| F|  |TAMS 0x0000000642700000, 0x0000000642700000| Untracked 
|  40|0x0000000642800000, 0x0000000642800000, 0x0000000642900000|  0%| F|  |TAMS 0x0000000642800000, 0x0000000642800000| Untracked 
|  41|0x0000000642900000, 0x0000000642900000, 0x0000000642a00000|  0%| F|  |TAMS 0x0000000642900000, 0x0000000642900000| Untracked 
|  42|0x0000000642a00000, 0x0000000642a00000, 0x0000000642b00000|  0%| F|  |TAMS 0x0000000642a00000, 0x0000000642a00000| Untracked 
|  43|0x0000000642b00000, 0x0000000642b00000, 0x0000000642c00000|  0%| F|  |TAMS 0x0000000642b00000, 0x0000000642b00000| Untracked 
|  44|0x0000000642c00000, 0x0000000642c00000, 0x0000000642d00000|  0%| F|  |TAMS 0x0000000642c00000, 0x0000000642c00000| Untracked 
|  45|0x0000000642d00000, 0x0000000642d00000, 0x0000000642e00000|  0%| F|  |TAMS 0x0000000642d00000, 0x0000000642d00000| Untracked 
|  46|0x0000000642e00000, 0x0000000642e00000, 0x0000000642f00000|  0%| F|  |TAMS 0x0000000642e00000, 0x0000000642e00000| Untracked 
|  47|0x0000000642f00000, 0x0000000642f00000, 0x0000000643000000|  0%| F|  |TAMS 0x0000000642f00000, 0x0000000642f00000| Untracked 
|  48|0x0000000643000000, 0x0000000643000000, 0x0000000643100000|  0%| F|  |TAMS 0x0000000643000000, 0x0000000643000000| Untracked 
|  49|0x0000000643100000, 0x0000000643100000, 0x0000000643200000|  0%| F|  |TAMS 0x0000000643100000, 0x0000000643100000| Untracked 
|  50|0x0000000643200000, 0x0000000643200000, 0x0000000643300000|  0%| F|  |TAMS 0x0000000643200000, 0x0000000643200000| Untracked 
|  51|0x0000000643300000, 0x0000000643300000, 0x0000000643400000|  0%| F|  |TAMS 0x0000000643300000, 0x0000000643300000| Untracked 
|  52|0x0000000643400000, 0x0000000643400000, 0x0000000643500000|  0%| F|  |TAMS 0x0000000643400000, 0x0000000643400000| Untracked 
|  53|0x0000000643500000, 0x0000000643500000, 0x0000000643600000|  0%| F|  |TAMS 0x0000000643500000, 0x0000000643500000| Untracked 
|  54|0x0000000643600000, 0x0000000643600000, 0x0000000643700000|  0%| F|  |TAMS 0x0000000643600000, 0x0000000643600000| Untracked 
|  55|0x0000000643700000, 0x0000000643700000, 0x0000000643800000|  0%| F|  |TAMS 0x0000000643700000, 0x0000000643700000| Untracked 
|  56|0x0000000643800000, 0x0000000643800000, 0x0000000643900000|  0%| F|  |TAMS 0x0000000643800000, 0x0000000643800000| Untracked 
|  57|0x0000000643900000, 0x0000000643900000, 0x0000000643a00000|  0%| F|  |TAMS 0x0000000643900000, 0x0000000643900000| Untracked 
|  58|0x0000000643a00000, 0x0000000643a00000, 0x0000000643b00000|  0%| F|  |TAMS 0x0000000643a00000, 0x0000000643a00000| Untracked 
|  59|0x0000000643b00000, 0x0000000643b00000, 0x0000000643c00000|  0%| F|  |TAMS 0x0000000643b00000, 0x0000000643b00000| Untracked 
|  60|0x0000000643c00000, 0x0000000643c00000, 0x0000000643d00000|  0%| F|  |TAMS 0x0000000643c00000, 0x0000000643c00000| Untracked 
|  61|0x0000000643d00000, 0x0000000643d00000, 0x0000000643e00000|  0%| F|  |TAMS 0x0000000643d00000, 0x0000000643d00000| Untracked 
|  62|0x0000000643e00000, 0x0000000643e00000, 0x0000000643f00000|  0%| F|  |TAMS 0x0000000643e00000, 0x0000000643e00000| Untracked 
|  63|0x0000000643f00000, 0x0000000643f00000, 0x0000000644000000|  0%| F|  |TAMS 0x0000000643f00000, 0x0000000643f00000| Untracked 
|  64|0x0000000644000000, 0x0000000644000000, 0x0000000644100000|  0%| F|  |TAMS 0x0000000644000000, 0x0000000644000000| Untracked 
|  65|0x0000000644100000, 0x0000000644100000, 0x0000000644200000|  0%| F|  |TAMS 0x0000000644100000, 0x0000000644100000| Untracked 
|  66|0x0000000644200000, 0x0000000644200000, 0x0000000644300000|  0%| F|  |TAMS 0x0000000644200000, 0x0000000644200000| Untracked 
|  67|0x0000000644300000, 0x0000000644300000, 0x0000000644400000|  0%| F|  |TAMS 0x0000000644300000, 0x0000000644300000| Untracked 
|  68|0x0000000644400000, 0x0000000644400000, 0x0000000644500000|  0%| F|  |TAMS 0x0000000644400000, 0x0000000644400000| Untracked 
|  69|0x0000000644500000, 0x0000000644500000, 0x0000000644600000|  0%| F|  |TAMS 0x0000000644500000, 0x0000000644500000| Untracked 
|  70|0x0000000644600000, 0x0000000644600000, 0x0000000644700000|  0%| F|  |TAMS 0x0000000644600000, 0x0000000644600000| Untracked 
|  71|0x0000000644700000, 0x0000000644700000, 0x0000000644800000|  0%| F|  |TAMS 0x0000000644700000, 0x0000000644700000| Untracked 
|  72|0x0000000644800000, 0x0000000644800000, 0x0000000644900000|  0%| F|  |TAMS 0x0000000644800000, 0x0000000644800000| Untracked 
|  73|0x0000000644900000, 0x0000000644900000, 0x0000000644a00000|  0%| F|  |TAMS 0x0000000644900000, 0x0000000644900000| Untracked 
|  74|0x0000000644a00000, 0x0000000644a00000, 0x0000000644b00000|  0%| F|  |TAMS 0x0000000644a00000, 0x0000000644a00000| Untracked 
|  75|0x0000000644b00000, 0x0000000644b00000, 0x0000000644c00000|  0%| F|  |TAMS 0x0000000644b00000, 0x0000000644b00000| Untracked 
|  76|0x0000000644c00000, 0x0000000644c00000, 0x0000000644d00000|  0%| F|  |TAMS 0x0000000644c00000, 0x0000000644c00000| Untracked 
|  77|0x0000000644d00000, 0x0000000644d00000, 0x0000000644e00000|  0%| F|  |TAMS 0x0000000644d00000, 0x0000000644d00000| Untracked 
|  78|0x0000000644e00000, 0x0000000644e00000, 0x0000000644f00000|  0%| F|  |TAMS 0x0000000644e00000, 0x0000000644e00000| Untracked 
|  79|0x0000000644f00000, 0x0000000644f00000, 0x0000000645000000|  0%| F|  |TAMS 0x0000000644f00000, 0x0000000644f00000| Untracked 
|  80|0x0000000645000000, 0x0000000645000000, 0x0000000645100000|  0%| F|  |TAMS 0x0000000645000000, 0x0000000645000000| Untracked 
|  81|0x0000000645100000, 0x0000000645100000, 0x0000000645200000|  0%| F|  |TAMS 0x0000000645100000, 0x0000000645100000| Untracked 
|  82|0x0000000645200000, 0x0000000645200000, 0x0000000645300000|  0%| F|  |TAMS 0x0000000645200000, 0x0000000645200000| Untracked 
|  83|0x0000000645300000, 0x0000000645300000, 0x0000000645400000|  0%| F|  |TAMS 0x0000000645300000, 0x0000000645300000| Untracked 
|  84|0x0000000645400000, 0x0000000645400000, 0x0000000645500000|  0%| F|  |TAMS 0x0000000645400000, 0x0000000645400000| Untracked 
|  85|0x0000000645500000, 0x0000000645500000, 0x0000000645600000|  0%| F|  |TAMS 0x0000000645500000, 0x0000000645500000| Untracked 
|  86|0x0000000645600000, 0x0000000645600000, 0x0000000645700000|  0%| F|  |TAMS 0x0000000645600000, 0x0000000645600000| Untracked 
|  87|0x0000000645700000, 0x0000000645700000, 0x0000000645800000|  0%| F|  |TAMS 0x0000000645700000, 0x0000000645700000| Untracked 
|  88|0x0000000645800000, 0x0000000645800000, 0x0000000645900000|  0%| F|  |TAMS 0x0000000645800000, 0x0000000645800000| Untracked 
|  89|0x0000000645900000, 0x0000000645900000, 0x0000000645a00000|  0%| F|  |TAMS 0x0000000645900000, 0x0000000645900000| Untracked 
|  90|0x0000000645a00000, 0x0000000645a00000, 0x0000000645b00000|  0%| F|  |TAMS 0x0000000645a00000, 0x0000000645a00000| Untracked 
|  91|0x0000000645b00000, 0x0000000645b00000, 0x0000000645c00000|  0%| F|  |TAMS 0x0000000645b00000, 0x0000000645b00000| Untracked 
|  92|0x0000000645c00000, 0x0000000645c00000, 0x0000000645d00000|  0%| F|  |TAMS 0x0000000645c00000, 0x0000000645c00000| Untracked 
|  93|0x0000000645d00000, 0x0000000645d00000, 0x0000000645e00000|  0%| F|  |TAMS 0x0000000645d00000, 0x0000000645d00000| Untracked 
|  94|0x0000000645e00000, 0x0000000645e00000, 0x0000000645f00000|  0%| F|  |TAMS 0x0000000645e00000, 0x0000000645e00000| Untracked 
|  95|0x0000000645f00000, 0x0000000645f00000, 0x0000000646000000|  0%| F|  |TAMS 0x0000000645f00000, 0x0000000645f00000| Untracked 
|  96|0x0000000646000000, 0x0000000646000000, 0x0000000646100000|  0%| F|  |TAMS 0x0000000646000000, 0x0000000646000000| Untracked 
|  97|0x0000000646100000, 0x0000000646100000, 0x0000000646200000|  0%| F|  |TAMS 0x0000000646100000, 0x0000000646100000| Untracked 
|  98|0x0000000646200000, 0x0000000646200000, 0x0000000646300000|  0%| F|  |TAMS 0x0000000646200000, 0x0000000646200000| Untracked 
|  99|0x0000000646300000, 0x0000000646300000, 0x0000000646400000|  0%| F|  |TAMS 0x0000000646300000, 0x0000000646300000| Untracked 
| 100|0x0000000646400000, 0x0000000646400000, 0x0000000646500000|  0%| F|  |TAMS 0x0000000646400000, 0x0000000646400000| Untracked 
| 101|0x0000000646500000, 0x0000000646500000, 0x0000000646600000|  0%| F|  |TAMS 0x0000000646500000, 0x0000000646500000| Untracked 
| 102|0x0000000646600000, 0x0000000646600000, 0x0000000646700000|  0%| F|  |TAMS 0x0000000646600000, 0x0000000646600000| Untracked 
| 103|0x0000000646700000, 0x0000000646700000, 0x0000000646800000|  0%| F|  |TAMS 0x0000000646700000, 0x0000000646700000| Untracked 
| 104|0x0000000646800000, 0x0000000646800000, 0x0000000646900000|  0%| F|  |TAMS 0x0000000646800000, 0x0000000646800000| Untracked 
| 105|0x0000000646900000, 0x0000000646900000, 0x0000000646a00000|  0%| F|  |TAMS 0x0000000646900000, 0x0000000646900000| Untracked 
| 106|0x0000000646a00000, 0x0000000646a00000, 0x0000000646b00000|  0%| F|  |TAMS 0x0000000646a00000, 0x0000000646a00000| Untracked 
| 107|0x0000000646b00000, 0x0000000646b00000, 0x0000000646c00000|  0%| F|  |TAMS 0x0000000646b00000, 0x0000000646b00000| Untracked 
| 108|0x0000000646c00000, 0x0000000646c00000, 0x0000000646d00000|  0%| F|  |TAMS 0x0000000646c00000, 0x0000000646c00000| Untracked 
| 109|0x0000000646d00000, 0x0000000646d00000, 0x0000000646e00000|  0%| F|  |TAMS 0x0000000646d00000, 0x0000000646d00000| Untracked 
| 110|0x0000000646e00000, 0x0000000646e00000, 0x0000000646f00000|  0%| F|  |TAMS 0x0000000646e00000, 0x0000000646e00000| Untracked 
| 111|0x0000000646f00000, 0x0000000646f00000, 0x0000000647000000|  0%| F|  |TAMS 0x0000000646f00000, 0x0000000646f00000| Untracked 
| 112|0x0000000647000000, 0x0000000647000000, 0x0000000647100000|  0%| F|  |TAMS 0x0000000647000000, 0x0000000647000000| Untracked 
| 113|0x0000000647100000, 0x0000000647100000, 0x0000000647200000|  0%| F|  |TAMS 0x0000000647100000, 0x0000000647100000| Untracked 
| 114|0x0000000647200000, 0x0000000647200000, 0x0000000647300000|  0%| F|  |TAMS 0x0000000647200000, 0x0000000647200000| Untracked 
| 115|0x0000000647300000, 0x0000000647300000, 0x0000000647400000|  0%| F|  |TAMS 0x0000000647300000, 0x0000000647300000| Untracked 
| 116|0x0000000647400000, 0x0000000647400000, 0x0000000647500000|  0%| F|  |TAMS 0x0000000647400000, 0x0000000647400000| Untracked 
| 117|0x0000000647500000, 0x0000000647500000, 0x0000000647600000|  0%| F|  |TAMS 0x0000000647500000, 0x0000000647500000| Untracked 
| 118|0x0000000647600000, 0x0000000647600000, 0x0000000647700000|  0%| F|  |TAMS 0x0000000647600000, 0x0000000647600000| Untracked 
| 119|0x0000000647700000, 0x0000000647700000, 0x0000000647800000|  0%| F|  |TAMS 0x0000000647700000, 0x0000000647700000| Untracked 
| 120|0x0000000647800000, 0x0000000647800000, 0x0000000647900000|  0%| F|  |TAMS 0x0000000647800000, 0x0000000647800000| Untracked 
| 121|0x0000000647900000, 0x0000000647900000, 0x0000000647a00000|  0%| F|  |TAMS 0x0000000647900000, 0x0000000647900000| Untracked 
| 122|0x0000000647a00000, 0x0000000647a00000, 0x0000000647b00000|  0%| F|  |TAMS 0x0000000647a00000, 0x0000000647a00000| Untracked 
| 123|0x0000000647b00000, 0x0000000647b00000, 0x0000000647c00000|  0%| F|  |TAMS 0x0000000647b00000, 0x0000000647b00000| Untracked 
| 124|0x0000000647c00000, 0x0000000647c00000, 0x0000000647d00000|  0%| F|  |TAMS 0x0000000647c00000, 0x0000000647c00000| Untracked 
| 125|0x0000000647d00000, 0x0000000647d00000, 0x0000000647e00000|  0%| F|  |TAMS 0x0000000647d00000, 0x0000000647d00000| Untracked 
| 126|0x0000000647e00000, 0x0000000647e00000, 0x0000000647f00000|  0%| F|  |TAMS 0x0000000647e00000, 0x0000000647e00000| Untracked 
| 127|0x0000000647f00000, 0x0000000647f00000, 0x0000000648000000|  0%| F|  |TAMS 0x0000000647f00000, 0x0000000647f00000| Untracked 
| 128|0x0000000648000000, 0x0000000648000000, 0x0000000648100000|  0%| F|  |TAMS 0x0000000648000000, 0x0000000648000000| Untracked 
| 129|0x0000000648100000, 0x0000000648100000, 0x0000000648200000|  0%| F|  |TAMS 0x0000000648100000, 0x0000000648100000| Untracked 
| 130|0x0000000648200000, 0x0000000648200000, 0x0000000648300000|  0%| F|  |TAMS 0x0000000648200000, 0x0000000648200000| Untracked 
| 131|0x0000000648300000, 0x0000000648300000, 0x0000000648400000|  0%| F|  |TAMS 0x0000000648300000, 0x0000000648300000| Untracked 
| 132|0x0000000648400000, 0x0000000648400000, 0x0000000648500000|  0%| F|  |TAMS 0x0000000648400000, 0x0000000648400000| Untracked 
| 133|0x0000000648500000, 0x0000000648500000, 0x0000000648600000|  0%| F|  |TAMS 0x0000000648500000, 0x0000000648500000| Untracked 
| 134|0x0000000648600000, 0x0000000648600000, 0x0000000648700000|  0%| F|  |TAMS 0x0000000648600000, 0x0000000648600000| Untracked 
| 135|0x0000000648700000, 0x0000000648700000, 0x0000000648800000|  0%| F|  |TAMS 0x0000000648700000, 0x0000000648700000| Untracked 
| 136|0x0000000648800000, 0x0000000648800000, 0x0000000648900000|  0%| F|  |TAMS 0x0000000648800000, 0x0000000648800000| Untracked 
| 137|0x0000000648900000, 0x0000000648900000, 0x0000000648a00000|  0%| F|  |TAMS 0x0000000648900000, 0x0000000648900000| Untracked 
| 138|0x0000000648a00000, 0x0000000648a00000, 0x0000000648b00000|  0%| F|  |TAMS 0x0000000648a00000, 0x0000000648a00000| Untracked 
| 139|0x0000000648b00000, 0x0000000648b00000, 0x0000000648c00000|  0%| F|  |TAMS 0x0000000648b00000, 0x0000000648b00000| Untracked 
| 140|0x0000000648c00000, 0x0000000648c00000, 0x0000000648d00000|  0%| F|  |TAMS 0x0000000648c00000, 0x0000000648c00000| Untracked 
| 141|0x0000000648d00000, 0x0000000648d00000, 0x0000000648e00000|  0%| F|  |TAMS 0x0000000648d00000, 0x0000000648d00000| Untracked 
| 142|0x0000000648e00000, 0x0000000648e00000, 0x0000000648f00000|  0%| F|  |TAMS 0x0000000648e00000, 0x0000000648e00000| Untracked 
| 143|0x0000000648f00000, 0x0000000648f00000, 0x0000000649000000|  0%| F|  |TAMS 0x0000000648f00000, 0x0000000648f00000| Untracked 
| 144|0x0000000649000000, 0x0000000649000000, 0x0000000649100000|  0%| F|  |TAMS 0x0000000649000000, 0x0000000649000000| Untracked 
| 145|0x0000000649100000, 0x0000000649100000, 0x0000000649200000|  0%| F|  |TAMS 0x0000000649100000, 0x0000000649100000| Untracked 
| 146|0x0000000649200000, 0x0000000649200000, 0x0000000649300000|  0%| F|  |TAMS 0x0000000649200000, 0x0000000649200000| Untracked 
| 147|0x0000000649300000, 0x0000000649300000, 0x0000000649400000|  0%| F|  |TAMS 0x0000000649300000, 0x0000000649300000| Untracked 
| 148|0x0000000649400000, 0x0000000649400000, 0x0000000649500000|  0%| F|  |TAMS 0x0000000649400000, 0x0000000649400000| Untracked 
| 149|0x0000000649500000, 0x0000000649500000, 0x0000000649600000|  0%| F|  |TAMS 0x0000000649500000, 0x0000000649500000| Untracked 
| 150|0x0000000649600000, 0x0000000649600000, 0x0000000649700000|  0%| F|  |TAMS 0x0000000649600000, 0x0000000649600000| Untracked 
| 151|0x0000000649700000, 0x0000000649700000, 0x0000000649800000|  0%| F|  |TAMS 0x0000000649700000, 0x0000000649700000| Untracked 
| 152|0x0000000649800000, 0x0000000649800000, 0x0000000649900000|  0%| F|  |TAMS 0x0000000649800000, 0x0000000649800000| Untracked 
| 153|0x0000000649900000, 0x0000000649900000, 0x0000000649a00000|  0%| F|  |TAMS 0x0000000649900000, 0x0000000649900000| Untracked 
| 154|0x0000000649a00000, 0x0000000649a00000, 0x0000000649b00000|  0%| F|  |TAMS 0x0000000649a00000, 0x0000000649a00000| Untracked 
| 155|0x0000000649b00000, 0x0000000649b00000, 0x0000000649c00000|  0%| F|  |TAMS 0x0000000649b00000, 0x0000000649b00000| Untracked 
| 156|0x0000000649c00000, 0x0000000649c00000, 0x0000000649d00000|  0%| F|  |TAMS 0x0000000649c00000, 0x0000000649c00000| Untracked 
| 157|0x0000000649d00000, 0x0000000649d00000, 0x0000000649e00000|  0%| F|  |TAMS 0x0000000649d00000, 0x0000000649d00000| Untracked 
| 158|0x0000000649e00000, 0x0000000649e00000, 0x0000000649f00000|  0%| F|  |TAMS 0x0000000649e00000, 0x0000000649e00000| Untracked 
| 159|0x0000000649f00000, 0x0000000649f00000, 0x000000064a000000|  0%| F|  |TAMS 0x0000000649f00000, 0x0000000649f00000| Untracked 
| 160|0x000000064a000000, 0x000000064a000000, 0x000000064a100000|  0%| F|  |TAMS 0x000000064a000000, 0x000000064a000000| Untracked 
| 161|0x000000064a100000, 0x000000064a100000, 0x000000064a200000|  0%| F|  |TAMS 0x000000064a100000, 0x000000064a100000| Untracked 
| 162|0x000000064a200000, 0x000000064a200000, 0x000000064a300000|  0%| F|  |TAMS 0x000000064a200000, 0x000000064a200000| Untracked 
| 163|0x000000064a300000, 0x000000064a300000, 0x000000064a400000|  0%| F|  |TAMS 0x000000064a300000, 0x000000064a300000| Untracked 
| 164|0x000000064a400000, 0x000000064a400000, 0x000000064a500000|  0%| F|  |TAMS 0x000000064a400000, 0x000000064a400000| Untracked 
| 165|0x000000064a500000, 0x000000064a500000, 0x000000064a600000|  0%| F|  |TAMS 0x000000064a500000, 0x000000064a500000| Untracked 
| 166|0x000000064a600000, 0x000000064a600000, 0x000000064a700000|  0%| F|  |TAMS 0x000000064a600000, 0x000000064a600000| Untracked 
| 167|0x000000064a700000, 0x000000064a700000, 0x000000064a800000|  0%| F|  |TAMS 0x000000064a700000, 0x000000064a700000| Untracked 
| 168|0x000000064a800000, 0x000000064a800000, 0x000000064a900000|  0%| F|  |TAMS 0x000000064a800000, 0x000000064a800000| Untracked 
| 169|0x000000064a900000, 0x000000064a900000, 0x000000064aa00000|  0%| F|  |TAMS 0x000000064a900000, 0x000000064a900000| Untracked 
| 170|0x000000064aa00000, 0x000000064aa00000, 0x000000064ab00000|  0%| F|  |TAMS 0x000000064aa00000, 0x000000064aa00000| Untracked 
| 171|0x000000064ab00000, 0x000000064ab00000, 0x000000064ac00000|  0%| F|  |TAMS 0x000000064ab00000, 0x000000064ab00000| Untracked 
| 172|0x000000064ac00000, 0x000000064ac00000, 0x000000064ad00000|  0%| F|  |TAMS 0x000000064ac00000, 0x000000064ac00000| Untracked 
| 173|0x000000064ad00000, 0x000000064ad00000, 0x000000064ae00000|  0%| F|  |TAMS 0x000000064ad00000, 0x000000064ad00000| Untracked 
| 174|0x000000064ae00000, 0x000000064ae00000, 0x000000064af00000|  0%| F|  |TAMS 0x000000064ae00000, 0x000000064ae00000| Untracked 
| 175|0x000000064af00000, 0x000000064af00000, 0x000000064b000000|  0%| F|  |TAMS 0x000000064af00000, 0x000000064af00000| Untracked 
| 176|0x000000064b000000, 0x000000064b000000, 0x000000064b100000|  0%| F|  |TAMS 0x000000064b000000, 0x000000064b000000| Untracked 
| 177|0x000000064b100000, 0x000000064b100000, 0x000000064b200000|  0%| F|  |TAMS 0x000000064b100000, 0x000000064b100000| Untracked 
| 178|0x000000064b200000, 0x000000064b200000, 0x000000064b300000|  0%| F|  |TAMS 0x000000064b200000, 0x000000064b200000| Untracked 
| 179|0x000000064b300000, 0x000000064b300000, 0x000000064b400000|  0%| F|  |TAMS 0x000000064b300000, 0x000000064b300000| Untracked 
| 180|0x000000064b400000, 0x000000064b400000, 0x000000064b500000|  0%| F|  |TAMS 0x000000064b400000, 0x000000064b400000| Untracked 
| 181|0x000000064b500000, 0x000000064b500000, 0x000000064b600000|  0%| F|  |TAMS 0x000000064b500000, 0x000000064b500000| Untracked 
| 182|0x000000064b600000, 0x000000064b600000, 0x000000064b700000|  0%| F|  |TAMS 0x000000064b600000, 0x000000064b600000| Untracked 
| 183|0x000000064b700000, 0x000000064b700000, 0x000000064b800000|  0%| F|  |TAMS 0x000000064b700000, 0x000000064b700000| Untracked 
| 184|0x000000064b800000, 0x000000064b800000, 0x000000064b900000|  0%| F|  |TAMS 0x000000064b800000, 0x000000064b800000| Untracked 
| 185|0x000000064b900000, 0x000000064b900000, 0x000000064ba00000|  0%| F|  |TAMS 0x000000064b900000, 0x000000064b900000| Untracked 
| 186|0x000000064ba00000, 0x000000064ba00000, 0x000000064bb00000|  0%| F|  |TAMS 0x000000064ba00000, 0x000000064ba00000| Untracked 
| 187|0x000000064bb00000, 0x000000064bb00000, 0x000000064bc00000|  0%| F|  |TAMS 0x000000064bb00000, 0x000000064bb00000| Untracked 
| 188|0x000000064bc00000, 0x000000064bc00000, 0x000000064bd00000|  0%| F|  |TAMS 0x000000064bc00000, 0x000000064bc00000| Untracked 
| 189|0x000000064bd00000, 0x000000064bd00000, 0x000000064be00000|  0%| F|  |TAMS 0x000000064bd00000, 0x000000064bd00000| Untracked 
| 190|0x000000064be00000, 0x000000064be00000, 0x000000064bf00000|  0%| F|  |TAMS 0x000000064be00000, 0x000000064be00000| Untracked 
| 191|0x000000064bf00000, 0x000000064bf00000, 0x000000064c000000|  0%| F|  |TAMS 0x000000064bf00000, 0x000000064bf00000| Untracked 
| 192|0x000000064c000000, 0x000000064c0befb0, 0x000000064c100000| 74%| S|CS|TAMS 0x000000064c000000, 0x000000064c000000| Complete 
| 193|0x000000064c100000, 0x000000064c200000, 0x000000064c200000|100%| S|CS|TAMS 0x000000064c100000, 0x000000064c100000| Complete 
| 194|0x000000064c200000, 0x000000064c300000, 0x000000064c300000|100%| S|CS|TAMS 0x000000064c200000, 0x000000064c200000| Complete 
| 195|0x000000064c300000, 0x000000064c400000, 0x000000064c400000|100%| S|CS|TAMS 0x000000064c300000, 0x000000064c300000| Complete 
| 196|0x000000064c400000, 0x000000064c500000, 0x000000064c500000|100%| S|CS|TAMS 0x000000064c400000, 0x000000064c400000| Complete 
| 197|0x000000064c500000, 0x000000064c600000, 0x000000064c600000|100%| S|CS|TAMS 0x000000064c500000, 0x000000064c500000| Complete 
| 198|0x000000064c600000, 0x000000064c700000, 0x000000064c700000|100%| S|CS|TAMS 0x000000064c600000, 0x000000064c600000| Complete 
| 199|0x000000064c700000, 0x000000064c800000, 0x000000064c800000|100%| S|CS|TAMS 0x000000064c700000, 0x000000064c700000| Complete 
| 200|0x000000064c800000, 0x000000064c900000, 0x000000064c900000|100%| S|CS|TAMS 0x000000064c800000, 0x000000064c800000| Complete 
| 201|0x000000064c900000, 0x000000064ca00000, 0x000000064ca00000|100%| S|CS|TAMS 0x000000064c900000, 0x000000064c900000| Complete 
| 202|0x000000064ca00000, 0x000000064cb00000, 0x000000064cb00000|100%| S|CS|TAMS 0x000000064ca00000, 0x000000064ca00000| Complete 
| 203|0x000000064cb00000, 0x000000064cc00000, 0x000000064cc00000|100%| S|CS|TAMS 0x000000064cb00000, 0x000000064cb00000| Complete 
| 204|0x000000064cc00000, 0x000000064cd00000, 0x000000064cd00000|100%| S|CS|TAMS 0x000000064cc00000, 0x000000064cc00000| Complete 
| 205|0x000000064cd00000, 0x000000064ce00000, 0x000000064ce00000|100%| S|CS|TAMS 0x000000064cd00000, 0x000000064cd00000| Complete 
| 206|0x000000064ce00000, 0x000000064ce00000, 0x000000064cf00000|  0%| F|  |TAMS 0x000000064ce00000, 0x000000064ce00000| Untracked 
| 207|0x000000064cf00000, 0x000000064cf00000, 0x000000064d000000|  0%| F|  |TAMS 0x000000064cf00000, 0x000000064cf00000| Untracked 
| 208|0x000000064d000000, 0x000000064d000000, 0x000000064d100000|  0%| F|  |TAMS 0x000000064d000000, 0x000000064d000000| Untracked 
| 209|0x000000064d100000, 0x000000064d100000, 0x000000064d200000|  0%| F|  |TAMS 0x000000064d100000, 0x000000064d100000| Untracked 
| 210|0x000000064d200000, 0x000000064d200000, 0x000000064d300000|  0%| F|  |TAMS 0x000000064d200000, 0x000000064d200000| Untracked 
| 211|0x000000064d300000, 0x000000064d300000, 0x000000064d400000|  0%| F|  |TAMS 0x000000064d300000, 0x000000064d300000| Untracked 
| 212|0x000000064d400000, 0x000000064d400000, 0x000000064d500000|  0%| F|  |TAMS 0x000000064d400000, 0x000000064d400000| Untracked 
| 213|0x000000064d500000, 0x000000064d500000, 0x000000064d600000|  0%| F|  |TAMS 0x000000064d500000, 0x000000064d500000| Untracked 
| 214|0x000000064d600000, 0x000000064d600000, 0x000000064d700000|  0%| F|  |TAMS 0x000000064d600000, 0x000000064d600000| Untracked 
| 215|0x000000064d700000, 0x000000064d700000, 0x000000064d800000|  0%| F|  |TAMS 0x000000064d700000, 0x000000064d700000| Untracked 
| 216|0x000000064d800000, 0x000000064d800000, 0x000000064d900000|  0%| F|  |TAMS 0x000000064d800000, 0x000000064d800000| Untracked 
| 217|0x000000064d900000, 0x000000064d900000, 0x000000064da00000|  0%| F|  |TAMS 0x000000064d900000, 0x000000064d900000| Untracked 
| 218|0x000000064da00000, 0x000000064da00000, 0x000000064db00000|  0%| F|  |TAMS 0x000000064da00000, 0x000000064da00000| Untracked 
| 219|0x000000064db00000, 0x000000064db00000, 0x000000064dc00000|  0%| F|  |TAMS 0x000000064db00000, 0x000000064db00000| Untracked 
| 220|0x000000064dc00000, 0x000000064dc00000, 0x000000064dd00000|  0%| F|  |TAMS 0x000000064dc00000, 0x000000064dc00000| Untracked 
| 221|0x000000064dd00000, 0x000000064dd00000, 0x000000064de00000|  0%| F|  |TAMS 0x000000064dd00000, 0x000000064dd00000| Untracked 
| 222|0x000000064de00000, 0x000000064de00000, 0x000000064df00000|  0%| F|  |TAMS 0x000000064de00000, 0x000000064de00000| Untracked 
| 223|0x000000064df00000, 0x000000064df00000, 0x000000064e000000|  0%| F|  |TAMS 0x000000064df00000, 0x000000064df00000| Untracked 
| 224|0x000000064e000000, 0x000000064e000000, 0x000000064e100000|  0%| F|  |TAMS 0x000000064e000000, 0x000000064e000000| Untracked 
| 225|0x000000064e100000, 0x000000064e100000, 0x000000064e200000|  0%| F|  |TAMS 0x000000064e100000, 0x000000064e100000| Untracked 
| 226|0x000000064e200000, 0x000000064e200000, 0x000000064e300000|  0%| F|  |TAMS 0x000000064e200000, 0x000000064e200000| Untracked 
| 227|0x000000064e300000, 0x000000064e300000, 0x000000064e400000|  0%| F|  |TAMS 0x000000064e300000, 0x000000064e300000| Untracked 
| 228|0x000000064e400000, 0x000000064e400000, 0x000000064e500000|  0%| F|  |TAMS 0x000000064e400000, 0x000000064e400000| Untracked 
| 229|0x000000064e500000, 0x000000064e500000, 0x000000064e600000|  0%| F|  |TAMS 0x000000064e500000, 0x000000064e500000| Untracked 
| 230|0x000000064e600000, 0x000000064e600000, 0x000000064e700000|  0%| F|  |TAMS 0x000000064e600000, 0x000000064e600000| Untracked 
| 231|0x000000064e700000, 0x000000064e700000, 0x000000064e800000|  0%| F|  |TAMS 0x000000064e700000, 0x000000064e700000| Untracked 
| 232|0x000000064e800000, 0x000000064e800000, 0x000000064e900000|  0%| F|  |TAMS 0x000000064e800000, 0x000000064e800000| Untracked 
| 233|0x000000064e900000, 0x000000064e900000, 0x000000064ea00000|  0%| F|  |TAMS 0x000000064e900000, 0x000000064e900000| Untracked 
| 234|0x000000064ea00000, 0x000000064ea00000, 0x000000064eb00000|  0%| F|  |TAMS 0x000000064ea00000, 0x000000064ea00000| Untracked 
| 235|0x000000064eb00000, 0x000000064eb00000, 0x000000064ec00000|  0%| F|  |TAMS 0x000000064eb00000, 0x000000064eb00000| Untracked 
| 236|0x000000064ec00000, 0x000000064ec00000, 0x000000064ed00000|  0%| F|  |TAMS 0x000000064ec00000, 0x000000064ec00000| Untracked 
| 237|0x000000064ed00000, 0x000000064ed00000, 0x000000064ee00000|  0%| F|  |TAMS 0x000000064ed00000, 0x000000064ed00000| Untracked 
| 238|0x000000064ee00000, 0x000000064ee00000, 0x000000064ef00000|  0%| F|  |TAMS 0x000000064ee00000, 0x000000064ee00000| Untracked 
| 239|0x000000064ef00000, 0x000000064ef00000, 0x000000064f000000|  0%| F|  |TAMS 0x000000064ef00000, 0x000000064ef00000| Untracked 
| 240|0x000000064f000000, 0x000000064f000000, 0x000000064f100000|  0%| F|  |TAMS 0x000000064f000000, 0x000000064f000000| Untracked 
| 241|0x000000064f100000, 0x000000064f100000, 0x000000064f200000|  0%| F|  |TAMS 0x000000064f100000, 0x000000064f100000| Untracked 
| 242|0x000000064f200000, 0x000000064f200000, 0x000000064f300000|  0%| F|  |TAMS 0x000000064f200000, 0x000000064f200000| Untracked 
| 243|0x000000064f300000, 0x000000064f300000, 0x000000064f400000|  0%| F|  |TAMS 0x000000064f300000, 0x000000064f300000| Untracked 
| 244|0x000000064f400000, 0x000000064f400000, 0x000000064f500000|  0%| F|  |TAMS 0x000000064f400000, 0x000000064f400000| Untracked 
| 245|0x000000064f500000, 0x000000064f500000, 0x000000064f600000|  0%| F|  |TAMS 0x000000064f500000, 0x000000064f500000| Untracked 
| 246|0x000000064f600000, 0x000000064f600000, 0x000000064f700000|  0%| F|  |TAMS 0x000000064f600000, 0x000000064f600000| Untracked 
| 247|0x000000064f700000, 0x000000064f700000, 0x000000064f800000|  0%| F|  |TAMS 0x000000064f700000, 0x000000064f700000| Untracked 
| 248|0x000000064f800000, 0x000000064f800000, 0x000000064f900000|  0%| F|  |TAMS 0x000000064f800000, 0x000000064f800000| Untracked 
| 249|0x000000064f900000, 0x000000064f900000, 0x000000064fa00000|  0%| F|  |TAMS 0x000000064f900000, 0x000000064f900000| Untracked 
| 250|0x000000064fa00000, 0x000000064fa00000, 0x000000064fb00000|  0%| F|  |TAMS 0x000000064fa00000, 0x000000064fa00000| Untracked 
| 251|0x000000064fb00000, 0x000000064fb00000, 0x000000064fc00000|  0%| F|  |TAMS 0x000000064fb00000, 0x000000064fb00000| Untracked 
| 252|0x000000064fc00000, 0x000000064fc00000, 0x000000064fd00000|  0%| F|  |TAMS 0x000000064fc00000, 0x000000064fc00000| Untracked 
| 253|0x000000064fd00000, 0x000000064fd00000, 0x000000064fe00000|  0%| F|  |TAMS 0x000000064fd00000, 0x000000064fd00000| Untracked 
| 254|0x000000064fe00000, 0x000000064fe00000, 0x000000064ff00000|  0%| F|  |TAMS 0x000000064fe00000, 0x000000064fe00000| Untracked 
| 255|0x000000064ff00000, 0x000000064ff00000, 0x0000000650000000|  0%| F|  |TAMS 0x000000064ff00000, 0x000000064ff00000| Untracked 
| 256|0x0000000650000000, 0x0000000650000000, 0x0000000650100000|  0%| F|  |TAMS 0x0000000650000000, 0x0000000650000000| Untracked 
| 257|0x0000000650100000, 0x0000000650100000, 0x0000000650200000|  0%| F|  |TAMS 0x0000000650100000, 0x0000000650100000| Untracked 
| 258|0x0000000650200000, 0x0000000650200000, 0x0000000650300000|  0%| F|  |TAMS 0x0000000650200000, 0x0000000650200000| Untracked 
| 259|0x0000000650300000, 0x0000000650300000, 0x0000000650400000|  0%| F|  |TAMS 0x0000000650300000, 0x0000000650300000| Untracked 
| 260|0x0000000650400000, 0x0000000650400000, 0x0000000650500000|  0%| F|  |TAMS 0x0000000650400000, 0x0000000650400000| Untracked 
| 261|0x0000000650500000, 0x0000000650500000, 0x0000000650600000|  0%| F|  |TAMS 0x0000000650500000, 0x0000000650500000| Untracked 
| 262|0x0000000650600000, 0x0000000650600000, 0x0000000650700000|  0%| F|  |TAMS 0x0000000650600000, 0x0000000650600000| Untracked 
| 263|0x0000000650700000, 0x0000000650700000, 0x0000000650800000|  0%| F|  |TAMS 0x0000000650700000, 0x0000000650700000| Untracked 
| 264|0x0000000650800000, 0x0000000650800000, 0x0000000650900000|  0%| F|  |TAMS 0x0000000650800000, 0x0000000650800000| Untracked 
| 265|0x0000000650900000, 0x0000000650900000, 0x0000000650a00000|  0%| F|  |TAMS 0x0000000650900000, 0x0000000650900000| Untracked 
| 266|0x0000000650a00000, 0x0000000650a00000, 0x0000000650b00000|  0%| F|  |TAMS 0x0000000650a00000, 0x0000000650a00000| Untracked 
| 267|0x0000000650b00000, 0x0000000650b00000, 0x0000000650c00000|  0%| F|  |TAMS 0x0000000650b00000, 0x0000000650b00000| Untracked 
| 268|0x0000000650c00000, 0x0000000650c00000, 0x0000000650d00000|  0%| F|  |TAMS 0x0000000650c00000, 0x0000000650c00000| Untracked 
| 269|0x0000000650d00000, 0x0000000650d00000, 0x0000000650e00000|  0%| F|  |TAMS 0x0000000650d00000, 0x0000000650d00000| Untracked 
| 270|0x0000000650e00000, 0x0000000650e00000, 0x0000000650f00000|  0%| F|  |TAMS 0x0000000650e00000, 0x0000000650e00000| Untracked 
| 271|0x0000000650f00000, 0x0000000650f00000, 0x0000000651000000|  0%| F|  |TAMS 0x0000000650f00000, 0x0000000650f00000| Untracked 
| 272|0x0000000651000000, 0x0000000651000000, 0x0000000651100000|  0%| F|  |TAMS 0x0000000651000000, 0x0000000651000000| Untracked 
| 273|0x0000000651100000, 0x0000000651100000, 0x0000000651200000|  0%| F|  |TAMS 0x0000000651100000, 0x0000000651100000| Untracked 
| 274|0x0000000651200000, 0x0000000651200000, 0x0000000651300000|  0%| F|  |TAMS 0x0000000651200000, 0x0000000651200000| Untracked 
| 275|0x0000000651300000, 0x0000000651300000, 0x0000000651400000|  0%| F|  |TAMS 0x0000000651300000, 0x0000000651300000| Untracked 
| 276|0x0000000651400000, 0x0000000651400000, 0x0000000651500000|  0%| F|  |TAMS 0x0000000651400000, 0x0000000651400000| Untracked 
| 277|0x0000000651500000, 0x0000000651500000, 0x0000000651600000|  0%| F|  |TAMS 0x0000000651500000, 0x0000000651500000| Untracked 
| 278|0x0000000651600000, 0x0000000651600000, 0x0000000651700000|  0%| F|  |TAMS 0x0000000651600000, 0x0000000651600000| Untracked 
| 279|0x0000000651700000, 0x0000000651700000, 0x0000000651800000|  0%| F|  |TAMS 0x0000000651700000, 0x0000000651700000| Untracked 
| 280|0x0000000651800000, 0x0000000651800000, 0x0000000651900000|  0%| F|  |TAMS 0x0000000651800000, 0x0000000651800000| Untracked 
| 281|0x0000000651900000, 0x0000000651900000, 0x0000000651a00000|  0%| F|  |TAMS 0x0000000651900000, 0x0000000651900000| Untracked 
| 282|0x0000000651a00000, 0x0000000651a00000, 0x0000000651b00000|  0%| F|  |TAMS 0x0000000651a00000, 0x0000000651a00000| Untracked 
| 283|0x0000000651b00000, 0x0000000651b00000, 0x0000000651c00000|  0%| F|  |TAMS 0x0000000651b00000, 0x0000000651b00000| Untracked 
| 284|0x0000000651c00000, 0x0000000651c00000, 0x0000000651d00000|  0%| F|  |TAMS 0x0000000651c00000, 0x0000000651c00000| Untracked 
| 285|0x0000000651d00000, 0x0000000651d00000, 0x0000000651e00000|  0%| F|  |TAMS 0x0000000651d00000, 0x0000000651d00000| Untracked 
| 286|0x0000000651e00000, 0x0000000651e00000, 0x0000000651f00000|  0%| F|  |TAMS 0x0000000651e00000, 0x0000000651e00000| Untracked 
| 287|0x0000000651f00000, 0x0000000651f00000, 0x0000000652000000|  0%| F|  |TAMS 0x0000000651f00000, 0x0000000651f00000| Untracked 
| 288|0x0000000652000000, 0x0000000652000000, 0x0000000652100000|  0%| F|  |TAMS 0x0000000652000000, 0x0000000652000000| Untracked 
| 289|0x0000000652100000, 0x0000000652100000, 0x0000000652200000|  0%| F|  |TAMS 0x0000000652100000, 0x0000000652100000| Untracked 
| 290|0x0000000652200000, 0x0000000652200000, 0x0000000652300000|  0%| F|  |TAMS 0x0000000652200000, 0x0000000652200000| Untracked 
| 291|0x0000000652300000, 0x0000000652300000, 0x0000000652400000|  0%| F|  |TAMS 0x0000000652300000, 0x0000000652300000| Untracked 
| 292|0x0000000652400000, 0x0000000652400000, 0x0000000652500000|  0%| F|  |TAMS 0x0000000652400000, 0x0000000652400000| Untracked 
| 293|0x0000000652500000, 0x0000000652500000, 0x0000000652600000|  0%| F|  |TAMS 0x0000000652500000, 0x0000000652500000| Untracked 
| 294|0x0000000652600000, 0x0000000652600000, 0x0000000652700000|  0%| F|  |TAMS 0x0000000652600000, 0x0000000652600000| Untracked 
| 295|0x0000000652700000, 0x0000000652700000, 0x0000000652800000|  0%| F|  |TAMS 0x0000000652700000, 0x0000000652700000| Untracked 
| 296|0x0000000652800000, 0x0000000652800000, 0x0000000652900000|  0%| F|  |TAMS 0x0000000652800000, 0x0000000652800000| Untracked 
| 297|0x0000000652900000, 0x0000000652900000, 0x0000000652a00000|  0%| F|  |TAMS 0x0000000652900000, 0x0000000652900000| Untracked 
| 298|0x0000000652a00000, 0x0000000652a00000, 0x0000000652b00000|  0%| F|  |TAMS 0x0000000652a00000, 0x0000000652a00000| Untracked 
| 299|0x0000000652b00000, 0x0000000652b00000, 0x0000000652c00000|  0%| F|  |TAMS 0x0000000652b00000, 0x0000000652b00000| Untracked 
| 300|0x0000000652c00000, 0x0000000652c00000, 0x0000000652d00000|  0%| F|  |TAMS 0x0000000652c00000, 0x0000000652c00000| Untracked 
| 301|0x0000000652d00000, 0x0000000652d00000, 0x0000000652e00000|  0%| F|  |TAMS 0x0000000652d00000, 0x0000000652d00000| Untracked 
| 302|0x0000000652e00000, 0x0000000652e00000, 0x0000000652f00000|  0%| F|  |TAMS 0x0000000652e00000, 0x0000000652e00000| Untracked 
| 303|0x0000000652f00000, 0x0000000652f00000, 0x0000000653000000|  0%| F|  |TAMS 0x0000000652f00000, 0x0000000652f00000| Untracked 
| 304|0x0000000653000000, 0x0000000653000000, 0x0000000653100000|  0%| F|  |TAMS 0x0000000653000000, 0x0000000653000000| Untracked 
| 305|0x0000000653100000, 0x0000000653100000, 0x0000000653200000|  0%| F|  |TAMS 0x0000000653100000, 0x0000000653100000| Untracked 
| 306|0x0000000653200000, 0x0000000653280800, 0x0000000653300000| 50%| E|  |TAMS 0x0000000653200000, 0x0000000653200000| Complete 
| 307|0x0000000653300000, 0x0000000653400000, 0x0000000653400000|100%| E|CS|TAMS 0x0000000653300000, 0x0000000653300000| Complete 
| 308|0x0000000653400000, 0x0000000653500000, 0x0000000653500000|100%| E|CS|TAMS 0x0000000653400000, 0x0000000653400000| Complete 
| 309|0x0000000653500000, 0x0000000653600000, 0x0000000653600000|100%| E|CS|TAMS 0x0000000653500000, 0x0000000653500000| Complete 
| 310|0x0000000653600000, 0x0000000653700000, 0x0000000653700000|100%| E|CS|TAMS 0x0000000653600000, 0x0000000653600000| Complete 
| 311|0x0000000653700000, 0x0000000653800000, 0x0000000653800000|100%| E|CS|TAMS 0x0000000653700000, 0x0000000653700000| Complete 
| 312|0x0000000653800000, 0x0000000653900000, 0x0000000653900000|100%| E|CS|TAMS 0x0000000653800000, 0x0000000653800000| Complete 
| 313|0x0000000653900000, 0x0000000653a00000, 0x0000000653a00000|100%| E|CS|TAMS 0x0000000653900000, 0x0000000653900000| Complete 
| 314|0x0000000653a00000, 0x0000000653b00000, 0x0000000653b00000|100%| E|CS|TAMS 0x0000000653a00000, 0x0000000653a00000| Complete 
| 315|0x0000000653b00000, 0x0000000653c00000, 0x0000000653c00000|100%| E|CS|TAMS 0x0000000653b00000, 0x0000000653b00000| Complete 
| 316|0x0000000653c00000, 0x0000000653d00000, 0x0000000653d00000|100%| E|CS|TAMS 0x0000000653c00000, 0x0000000653c00000| Complete 
| 317|0x0000000653d00000, 0x0000000653e00000, 0x0000000653e00000|100%| E|CS|TAMS 0x0000000653d00000, 0x0000000653d00000| Complete 
| 318|0x0000000653e00000, 0x0000000653f00000, 0x0000000653f00000|100%| E|CS|TAMS 0x0000000653e00000, 0x0000000653e00000| Complete 
| 319|0x0000000653f00000, 0x0000000654000000, 0x0000000654000000|100%| E|CS|TAMS 0x0000000653f00000, 0x0000000653f00000| Complete 
| 320|0x0000000654000000, 0x0000000654100000, 0x0000000654100000|100%| E|CS|TAMS 0x0000000654000000, 0x0000000654000000| Complete 
| 321|0x0000000654100000, 0x0000000654200000, 0x0000000654200000|100%| E|CS|TAMS 0x0000000654100000, 0x0000000654100000| Complete 
| 322|0x0000000654200000, 0x0000000654300000, 0x0000000654300000|100%| E|CS|TAMS 0x0000000654200000, 0x0000000654200000| Complete 
| 323|0x0000000654300000, 0x0000000654400000, 0x0000000654400000|100%| E|CS|TAMS 0x0000000654300000, 0x0000000654300000| Complete 
| 324|0x0000000654400000, 0x0000000654500000, 0x0000000654500000|100%| E|CS|TAMS 0x0000000654400000, 0x0000000654400000| Complete 
| 325|0x0000000654500000, 0x0000000654600000, 0x0000000654600000|100%| E|CS|TAMS 0x0000000654500000, 0x0000000654500000| Complete 
| 326|0x0000000654600000, 0x0000000654700000, 0x0000000654700000|100%| E|CS|TAMS 0x0000000654600000, 0x0000000654600000| Complete 
| 327|0x0000000654700000, 0x0000000654800000, 0x0000000654800000|100%| E|CS|TAMS 0x0000000654700000, 0x0000000654700000| Complete 
| 328|0x0000000654800000, 0x0000000654900000, 0x0000000654900000|100%| E|CS|TAMS 0x0000000654800000, 0x0000000654800000| Complete 
| 329|0x0000000654900000, 0x0000000654a00000, 0x0000000654a00000|100%| E|CS|TAMS 0x0000000654900000, 0x0000000654900000| Complete 
| 330|0x0000000654a00000, 0x0000000654b00000, 0x0000000654b00000|100%| E|CS|TAMS 0x0000000654a00000, 0x0000000654a00000| Complete 
| 331|0x0000000654b00000, 0x0000000654c00000, 0x0000000654c00000|100%| E|CS|TAMS 0x0000000654b00000, 0x0000000654b00000| Complete 
| 332|0x0000000654c00000, 0x0000000654d00000, 0x0000000654d00000|100%| E|CS|TAMS 0x0000000654c00000, 0x0000000654c00000| Complete 
| 333|0x0000000654d00000, 0x0000000654e00000, 0x0000000654e00000|100%| E|CS|TAMS 0x0000000654d00000, 0x0000000654d00000| Complete 
| 334|0x0000000654e00000, 0x0000000654f00000, 0x0000000654f00000|100%| E|CS|TAMS 0x0000000654e00000, 0x0000000654e00000| Complete 
| 335|0x0000000654f00000, 0x0000000655000000, 0x0000000655000000|100%| E|CS|TAMS 0x0000000654f00000, 0x0000000654f00000| Complete 
| 336|0x0000000655000000, 0x0000000655100000, 0x0000000655100000|100%| E|CS|TAMS 0x0000000655000000, 0x0000000655000000| Complete 
| 337|0x0000000655100000, 0x0000000655200000, 0x0000000655200000|100%| E|CS|TAMS 0x0000000655100000, 0x0000000655100000| Complete 
| 338|0x0000000655200000, 0x0000000655300000, 0x0000000655300000|100%| E|CS|TAMS 0x0000000655200000, 0x0000000655200000| Complete 
| 339|0x0000000655300000, 0x0000000655400000, 0x0000000655400000|100%| E|CS|TAMS 0x0000000655300000, 0x0000000655300000| Complete 
| 340|0x0000000655400000, 0x0000000655500000, 0x0000000655500000|100%| E|CS|TAMS 0x0000000655400000, 0x0000000655400000| Complete 
| 341|0x0000000655500000, 0x0000000655600000, 0x0000000655600000|100%| E|CS|TAMS 0x0000000655500000, 0x0000000655500000| Complete 
| 342|0x0000000655600000, 0x0000000655700000, 0x0000000655700000|100%| E|CS|TAMS 0x0000000655600000, 0x0000000655600000| Complete 
| 343|0x0000000655700000, 0x0000000655800000, 0x0000000655800000|100%| E|CS|TAMS 0x0000000655700000, 0x0000000655700000| Complete 
| 344|0x0000000655800000, 0x0000000655900000, 0x0000000655900000|100%| E|CS|TAMS 0x0000000655800000, 0x0000000655800000| Complete 
| 345|0x0000000655900000, 0x0000000655a00000, 0x0000000655a00000|100%| E|CS|TAMS 0x0000000655900000, 0x0000000655900000| Complete 
| 346|0x0000000655a00000, 0x0000000655b00000, 0x0000000655b00000|100%| E|CS|TAMS 0x0000000655a00000, 0x0000000655a00000| Complete 
| 347|0x0000000655b00000, 0x0000000655c00000, 0x0000000655c00000|100%| E|CS|TAMS 0x0000000655b00000, 0x0000000655b00000| Complete 
| 348|0x0000000655c00000, 0x0000000655d00000, 0x0000000655d00000|100%| E|CS|TAMS 0x0000000655c00000, 0x0000000655c00000| Complete 
| 349|0x0000000655d00000, 0x0000000655e00000, 0x0000000655e00000|100%| E|CS|TAMS 0x0000000655d00000, 0x0000000655d00000| Complete 
| 350|0x0000000655e00000, 0x0000000655f00000, 0x0000000655f00000|100%| E|CS|TAMS 0x0000000655e00000, 0x0000000655e00000| Complete 
| 351|0x0000000655f00000, 0x0000000656000000, 0x0000000656000000|100%| E|CS|TAMS 0x0000000655f00000, 0x0000000655f00000| Complete 
| 352|0x0000000656000000, 0x0000000656100000, 0x0000000656100000|100%| E|CS|TAMS 0x0000000656000000, 0x0000000656000000| Complete 
| 353|0x0000000656100000, 0x0000000656200000, 0x0000000656200000|100%| E|CS|TAMS 0x0000000656100000, 0x0000000656100000| Complete 
| 354|0x0000000656200000, 0x0000000656300000, 0x0000000656300000|100%| E|CS|TAMS 0x0000000656200000, 0x0000000656200000| Complete 
| 355|0x0000000656300000, 0x0000000656400000, 0x0000000656400000|100%| E|CS|TAMS 0x0000000656300000, 0x0000000656300000| Complete 
| 356|0x0000000656400000, 0x0000000656500000, 0x0000000656500000|100%| E|CS|TAMS 0x0000000656400000, 0x0000000656400000| Complete 
| 357|0x0000000656500000, 0x0000000656600000, 0x0000000656600000|100%| E|CS|TAMS 0x0000000656500000, 0x0000000656500000| Complete 
| 358|0x0000000656600000, 0x0000000656700000, 0x0000000656700000|100%| E|CS|TAMS 0x0000000656600000, 0x0000000656600000| Complete 
| 359|0x0000000656700000, 0x0000000656800000, 0x0000000656800000|100%| E|CS|TAMS 0x0000000656700000, 0x0000000656700000| Complete 
| 360|0x0000000656800000, 0x0000000656900000, 0x0000000656900000|100%| E|CS|TAMS 0x0000000656800000, 0x0000000656800000| Complete 
| 361|0x0000000656900000, 0x0000000656a00000, 0x0000000656a00000|100%| E|CS|TAMS 0x0000000656900000, 0x0000000656900000| Complete 
| 362|0x0000000656a00000, 0x0000000656b00000, 0x0000000656b00000|100%| E|CS|TAMS 0x0000000656a00000, 0x0000000656a00000| Complete 
| 363|0x0000000656b00000, 0x0000000656c00000, 0x0000000656c00000|100%| E|CS|TAMS 0x0000000656b00000, 0x0000000656b00000| Complete 
| 364|0x0000000656c00000, 0x0000000656d00000, 0x0000000656d00000|100%| E|CS|TAMS 0x0000000656c00000, 0x0000000656c00000| Complete 
| 365|0x0000000656d00000, 0x0000000656e00000, 0x0000000656e00000|100%| E|CS|TAMS 0x0000000656d00000, 0x0000000656d00000| Complete 
| 366|0x0000000656e00000, 0x0000000656f00000, 0x0000000656f00000|100%| E|CS|TAMS 0x0000000656e00000, 0x0000000656e00000| Complete 
| 367|0x0000000656f00000, 0x0000000657000000, 0x0000000657000000|100%| E|CS|TAMS 0x0000000656f00000, 0x0000000656f00000| Complete 
| 368|0x0000000657000000, 0x0000000657100000, 0x0000000657100000|100%| E|CS|TAMS 0x0000000657000000, 0x0000000657000000| Complete 
| 369|0x0000000657100000, 0x0000000657200000, 0x0000000657200000|100%| E|CS|TAMS 0x0000000657100000, 0x0000000657100000| Complete 
| 370|0x0000000657200000, 0x0000000657300000, 0x0000000657300000|100%| E|CS|TAMS 0x0000000657200000, 0x0000000657200000| Complete 
| 371|0x0000000657300000, 0x0000000657400000, 0x0000000657400000|100%| E|CS|TAMS 0x0000000657300000, 0x0000000657300000| Complete 
| 372|0x0000000657400000, 0x0000000657500000, 0x0000000657500000|100%| E|CS|TAMS 0x0000000657400000, 0x0000000657400000| Complete 
| 373|0x0000000657500000, 0x0000000657600000, 0x0000000657600000|100%| E|CS|TAMS 0x0000000657500000, 0x0000000657500000| Complete 
| 374|0x0000000657600000, 0x0000000657700000, 0x0000000657700000|100%| E|CS|TAMS 0x0000000657600000, 0x0000000657600000| Complete 
| 375|0x0000000657700000, 0x0000000657800000, 0x0000000657800000|100%| E|CS|TAMS 0x0000000657700000, 0x0000000657700000| Complete 
| 376|0x0000000657800000, 0x0000000657900000, 0x0000000657900000|100%| E|CS|TAMS 0x0000000657800000, 0x0000000657800000| Complete 
| 377|0x0000000657900000, 0x0000000657a00000, 0x0000000657a00000|100%| E|CS|TAMS 0x0000000657900000, 0x0000000657900000| Complete 
| 378|0x0000000657a00000, 0x0000000657b00000, 0x0000000657b00000|100%| E|CS|TAMS 0x0000000657a00000, 0x0000000657a00000| Complete 
| 379|0x0000000657b00000, 0x0000000657c00000, 0x0000000657c00000|100%| E|CS|TAMS 0x0000000657b00000, 0x0000000657b00000| Complete 
| 380|0x0000000657c00000, 0x0000000657d00000, 0x0000000657d00000|100%| E|CS|TAMS 0x0000000657c00000, 0x0000000657c00000| Complete 
| 381|0x0000000657d00000, 0x0000000657e00000, 0x0000000657e00000|100%| E|CS|TAMS 0x0000000657d00000, 0x0000000657d00000| Complete 
| 382|0x0000000657e00000, 0x0000000657f00000, 0x0000000657f00000|100%| E|CS|TAMS 0x0000000657e00000, 0x0000000657e00000| Complete 
| 383|0x0000000657f00000, 0x0000000658000000, 0x0000000658000000|100%| E|CS|TAMS 0x0000000657f00000, 0x0000000657f00000| Complete 

Card table byte_map: [0x000000010e6dc000,0x000000010f2dc000] _byte_map_base: 0x000000010b4dc000

Marking Bits (Prev, Next): (CMBitMap*) 0x000000011581dc50, (CMBitMap*) 0x000000011581dc18
 Prev Bits: [0x0000000158000000, 0x000000015e000000)
 Next Bits: [0x0000000148800000, 0x000000014e800000)

Polling page: 0x0000000104340000

Metaspace:

Usage:
  Non-class:     29.05 MB capacity,    28.60 MB ( 98%) used,   403.77 KB (  1%) free+waste,    59.44 KB ( <1%) overhead. 
      Class:      4.55 MB capacity,     4.35 MB ( 96%) used,   167.92 KB (  4%) free+waste,    29.50 KB ( <1%) overhead. 
       Both:     33.60 MB capacity,    32.95 MB ( 98%) used,   571.69 KB (  2%) free+waste,    88.94 KB ( <1%) overhead. 

Virtual space:
  Non-class space:       30.00 MB reserved,      29.17 MB ( 97%) committed 
      Class space:        1.00 GB reserved,       4.62 MB ( <1%) committed 
             Both:        1.03 GB reserved,      33.80 MB (  3%) committed 

Chunk freelists:
   Non-Class:  60.00 KB
       Class:  17.00 KB
        Both:  77.00 KB

MaxMetaspaceSize: unlimited
CompressedClassSpaceSize: 1.00 GB
Initial GC threshold: 20.80 MB
Current GC threshold: 35.08 MB
CDS: off

CodeHeap 'non-profiled nmethods': size=238384Kb used=6079Kb max_used=6079Kb free=232304Kb
 bounds [0x0000000139f34000, 0x000000013a524000, 0x0000000148800000]
CodeHeap 'non-nmethods': size=7376Kb used=1211Kb max_used=1211Kb free=6164Kb
 bounds [0x0000000139800000, 0x0000000139a70000, 0x0000000139f34000]
 total_blobs=3984 nmethods=3460 adapters=454
 compilation: enabled
              stopped_count=0, restarted_count=0
 full_count=0

Compilation events (20 events):
Event: 6.469 Thread 0x0000000137817800 3570       1       java.util.concurrent.atomic.AtomicInteger::get (5 bytes)
Event: 6.469 Thread 0x0000000137817800 nmethod 3570 0x000000013a51f290 code [0x000000013a51f440, 0x000000013a51f590]
Event: 6.469 Thread 0x0000000137817800 3567       1       org.apache.skywalking.apm.dependencies.net.bytebuddy.description.method.MethodList$Explicit::<init> (10 bytes)
Event: 6.469 Thread 0x0000000137817800 nmethod 3567 0x000000013a51f610 code [0x000000013a51f7c0, 0x000000013a51f950]
Event: 6.469 Thread 0x0000000137817800 3568       1       org.apache.skywalking.apm.dependencies.net.bytebuddy.description.method.MethodList$AbstractBase::wrap (6 bytes)
Event: 6.469 Thread 0x0000000137817800 nmethod 3568 0x000000013a51fa10 code [0x000000013a51fbc0, 0x000000013a51fd90]
Event: 6.469 Thread 0x0000000137817800 3569       1       org.apache.skywalking.apm.dependencies.net.bytebuddy.description.method.MethodList$AbstractBase::wrap (9 bytes)
Event: 6.469 Thread 0x0000000137817800 nmethod 3569 0x000000013a51fe90 code [0x000000013a520040, 0x000000013a520210]
Event: 6.469 Thread 0x0000000137817800 3565   !   1       java.lang.invoke.MethodHandleNatives::linkMethodHandleConstant (50 bytes)
Event: 6.469 Thread 0x0000000137817800 nmethod 3565 0x000000013a520310 code [0x000000013a520500, 0x000000013a5206e0]
Event: 6.469 Thread 0x0000000137817800 3566       1       java.lang.invoke.MethodHandles$Lookup::linkMethodHandleConstant (220 bytes)
Event: 6.470 Thread 0x0000000137817800 nmethod 3566 0x000000013a520f90 code [0x000000013a521300, 0x000000013a522050]
Event: 6.470 Thread 0x0000000137817800 3571       1       org.apache.skywalking.apm.dependencies.io.netty.util.AsciiString::length (5 bytes)
Event: 6.470 Thread 0x0000000137817800 nmethod 3571 0x000000013a522790 code [0x000000013a522940, 0x000000013a522a90]
Event: 6.470 Thread 0x0000000137817800 3574       1       org.apache.skywalking.apm.dependencies.com.google.protobuf.UnsafeUtil::putByte (14 bytes)
Event: 6.470 Thread 0x0000000137817800 nmethod 3574 0x000000013a522b10 code [0x000000013a522cc0, 0x000000013a522e10]
Event: 6.470 Thread 0x0000000137817800 3575       1       org.apache.skywalking.apm.dependencies.com.google.protobuf.UnsafeUtil$JvmMemoryAccessor::putByte (12 bytes)
Event: 6.470 Thread 0x0000000137817800 nmethod 3575 0x000000013a522f10 code [0x000000013a5230c0, 0x000000013a523210]
Event: 6.470 Thread 0x0000000137817800 3576       1       sun.misc.Unsafe::putByte (11 bytes)
Event: 6.470 Thread 0x0000000137817800 nmethod 3576 0x000000013a523310 code [0x000000013a5234c0, 0x000000013a523610]

GC Heap History (12 events):
Event: 0.327 GC heap before
{Heap before GC invocations=0 (full 0):
 garbage-first heap   total 393216K, used 29696K [0x0000000640000000, 0x00000007c0000000)
  region size 1024K, 24 young (24576K), 0 survivors (0K)
 Metaspace       used 10787K, capacity 10988K, committed 11136K, reserved 1058816K
  class space    used 1038K, capacity 1092K, committed 1152K, reserved 1048576K
}
Event: 0.331 GC heap after
{Heap after GC invocations=1 (full 0):
 garbage-first heap   total 393216K, used 11633K [0x0000000640000000, 0x00000007c0000000)
  region size 1024K, 3 young (3072K), 3 survivors (3072K)
 Metaspace       used 10787K, capacity 10988K, committed 11136K, reserved 1058816K
  class space    used 1038K, capacity 1092K, committed 1152K, reserved 1048576K
}
Event: 0.380 GC heap before
{Heap before GC invocations=1 (full 0):
 garbage-first heap   total 393216K, used 34161K [0x0000000640000000, 0x00000007c0000000)
  region size 1024K, 19 young (19456K), 3 survivors (3072K)
 Metaspace       used 10878K, capacity 11122K, committed 11392K, reserved 1058816K
  class space    used 1047K, capacity 1093K, committed 1152K, reserved 1048576K
}
Event: 0.382 GC heap after
{Heap after GC invocations=2 (full 0):
 garbage-first heap   total 393216K, used 15916K [0x0000000640000000, 0x00000007c0000000)
  region size 1024K, 3 young (3072K), 3 survivors (3072K)
 Metaspace       used 10878K, capacity 11122K, committed 11392K, reserved 1058816K
  class space    used 1047K, capacity 1093K, committed 1152K, reserved 1048576K
}
Event: 5.164 GC heap before
{Heap before GC invocations=2 (full 0):
 garbage-first heap   total 393216K, used 58924K [0x0000000640000000, 0x00000007c0000000)
  region size 1024K, 45 young (46080K), 3 survivors (3072K)
 Metaspace       used 11830K, capacity 12055K, committed 12416K, reserved 1060864K
  class space    used 1294K, capacity 1361K, committed 1408K, reserved 1048576K
}
Event: 5.167 GC heap after
{Heap after GC invocations=3 (full 0):
 garbage-first heap   total 393216K, used 17677K [0x0000000640000000, 0x00000007c0000000)
  region size 1024K, 4 young (4096K), 4 survivors (4096K)
 Metaspace       used 11830K, capacity 12055K, committed 12416K, reserved 1060864K
  class space    used 1294K, capacity 1361K, committed 1408K, reserved 1048576K
}
Event: 6.008 GC heap before
{Heap before GC invocations=3 (full 0):
 garbage-first heap   total 393216K, used 249101K [0x0000000640000000, 0x00000007c0000000)
  region size 1024K, 230 young (235520K), 4 survivors (4096K)
 Metaspace       used 19648K, capacity 20004K, committed 20224K, reserved 1067008K
  class space    used 2652K, capacity 2779K, committed 2816K, reserved 1048576K
}
Event: 6.018 GC heap after
{Heap after GC invocations=4 (full 0):
 garbage-first heap   total 393216K, used 24618K [0x0000000640000000, 0x00000007c0000000)
  region size 1024K, 11 young (11264K), 11 survivors (11264K)
 Metaspace       used 19648K, capacity 20004K, committed 20224K, reserved 1067008K
  class space    used 2652K, capacity 2779K, committed 2816K, reserved 1048576K
}
Event: 6.057 GC heap before
{Heap before GC invocations=4 (full 0):
 garbage-first heap   total 393216K, used 38954K [0x0000000640000000, 0x00000007c0000000)
  region size 1024K, 26 young (26624K), 11 survivors (11264K)
 Metaspace       used 20820K, capacity 21186K, committed 21296K, reserved 1067008K
  class space    used 2769K, capacity 2898K, committed 2944K, reserved 1048576K
}
Event: 6.068 GC heap after
{Heap after GC invocations=5 (full 0):
 garbage-first heap   total 393216K, used 24997K [0x0000000640000000, 0x00000007c0000000)
  region size 1024K, 11 young (11264K), 11 survivors (11264K)
 Metaspace       used 20820K, capacity 21186K, committed 21296K, reserved 1067008K
  class space    used 2769K, capacity 2898K, committed 2944K, reserved 1048576K
}
Event: 6.322 GC heap before
{Heap before GC invocations=6 (full 0):
 garbage-first heap   total 393216K, used 194981K [0x0000000640000000, 0x00000007c0000000)
  region size 1024K, 178 young (182272K), 11 survivors (11264K)
 Metaspace       used 29754K, capacity 30306K, committed 30384K, reserved 1075200K
  class space    used 3875K, capacity 4080K, committed 4096K, reserved 1048576K
}
Event: 6.329 GC heap after
{Heap after GC invocations=7 (full 0):
 garbage-first heap   total 393216K, used 24737K [0x0000000640000000, 0x00000007c0000000)
  region size 1024K, 14 young (14336K), 14 survivors (14336K)
 Metaspace       used 29754K, capacity 30306K, committed 30384K, reserved 1075200K
  class space    used 3875K, capacity 4080K, committed 4096K, reserved 1048576K
}

Deoptimization events (20 events):
Event: 6.146 Thread 0x000000013900d000 DEOPT PACKING pc=0x000000013a04c8f8 sp=0x000000016bddc620
Event: 6.146 Thread 0x000000013900d000 DEOPT UNPACKING pc=0x000000013983527c sp=0x000000016bddc410 mode 3
Event: 6.175 Thread 0x00000001159ed000 DEOPT PACKING pc=0x000000013a119fc4 sp=0x0000000318828120
Event: 6.175 Thread 0x00000001159ed000 DEOPT UNPACKING pc=0x000000013983527c sp=0x0000000318827f50 mode 3
Event: 6.176 Thread 0x00000001159ed000 DEOPT PACKING pc=0x000000013a123370 sp=0x0000000318827ef0
Event: 6.176 Thread 0x00000001159ed000 DEOPT UNPACKING pc=0x000000013983527c sp=0x0000000318827d70 mode 3
Event: 6.255 Thread 0x00000001159ed000 DEOPT PACKING pc=0x000000013a3958d0 sp=0x0000000318829ef0
Event: 6.255 Thread 0x00000001159ed000 DEOPT UNPACKING pc=0x000000013983527c sp=0x0000000318829d00 mode 3
Event: 6.304 Thread 0x000000013900d000 DEOPT PACKING pc=0x000000013a1ab5b8 sp=0x000000016bddddb0
Event: 6.304 Thread 0x000000013900d000 DEOPT UNPACKING pc=0x000000013983527c sp=0x000000016bdddbc0 mode 3
Event: 6.358 Thread 0x000000013900d000 DEOPT PACKING pc=0x000000013a3d9128 sp=0x000000016bddb840
Event: 6.358 Thread 0x000000013900d000 DEOPT UNPACKING pc=0x000000013983527c sp=0x000000016bddb610 mode 3
Event: 6.368 Thread 0x000000013900d000 DEOPT PACKING pc=0x000000013a412bc8 sp=0x000000016bddb270
Event: 6.368 Thread 0x000000013900d000 DEOPT UNPACKING pc=0x000000013983527c sp=0x000000016bddb0b0 mode 3
Event: 6.368 Thread 0x000000013900d000 DEOPT PACKING pc=0x000000013a3c131c sp=0x000000016bddb3b0
Event: 6.368 Thread 0x000000013900d000 DEOPT UNPACKING pc=0x000000013983527c sp=0x000000016bddb1c0 mode 3
Event: 6.406 Thread 0x000000013900d000 DEOPT PACKING pc=0x000000013a429348 sp=0x000000016bddb1f0
Event: 6.406 Thread 0x000000013900d000 DEOPT UNPACKING pc=0x000000013983527c sp=0x000000016bddb080 mode 3
Event: 6.413 Thread 0x000000013900d000 DEOPT PACKING pc=0x000000013a3afc94 sp=0x000000016bddb270
Event: 6.413 Thread 0x000000013900d000 DEOPT UNPACKING pc=0x000000013983527c sp=0x000000016bddb080 mode 0

Classes redefined (0 events):
No events

Internal exceptions (20 events):
Event: 6.083 Thread 0x000000013900d000 Exception <a 'java/lang/NoSuchMethodError'{0x0000000657b31468}: 'java.lang.Object java.lang.invoke.Invokers$Holder.invokeExact_MT(java.lang.Object, java.lang.Object, java.lang.Object, java.lang.Object, java.lang.Object, java.lang.Object, java.lang.Object)'> (0x0000000657b31468) thrown at [src/hotspot/share/interpreter/linkResolver.cpp, line 773]
Event: 6.085 Thread 0x000000013900d000 Exception <a 'java/lang/NoSuchMethodError'{0x000000065791c048}: 'java.lang.Object java.lang.invoke.DirectMethodHandle$Holder.invokeStatic(java.lang.Object, java.lang.Object, int, int)'> (0x000000065791c048) thrown at [src/hotspot/share/interpreter/linkResolver.cpp, line 773]
Event: 6.094 Thread 0x000000013900d000 Exception <a 'java/lang/NoSuchMethodError'{0x00000006576c2420}: 'java.lang.Object java.lang.invoke.DirectMethodHandle$Holder.invokeStatic(java.lang.Object, java.lang.Object, java.lang.Object, java.lang.Object, java.lang.Object, java.lang.Object, java.lang.Object, java.lang.Object, java.lang.Object, int)'> (0x00000006576c2420) thrown at [src/hotspot/share/interpreter/linkResolver.cpp, line 773]
Event: 6.097 Thread 0x000000013900d000 Exception <a 'java/lang/NoSuchMethodError'{0x00000006575326a8}: 'java.lang.Object java.lang.invoke.DirectMethodHandle$Holder.invokeStatic(java.lang.Object, java.lang.Object, java.lang.Object, java.lang.Object, java.lang.Object, java.lang.Object, java.lang.Object, java.lang.Object, java.lang.Object, int, int)'> (0x00000006575326a8) thrown at [src/hotspot/share/interpreter/linkResolver.cpp, line 773]
Event: 6.099 Thread 0x000000013900d000 Exception <a 'java/lang/NoSuchMethodError'{0x00000006575a31e0}: 'java.lang.Object java.lang.invoke.DirectMethodHandle$Holder.invokeStatic(java.lang.Object, java.lang.Object, java.lang.Object, java.lang.Object, java.lang.Object, java.lang.Object, java.lang.Object, java.lang.Object, java.lang.Object, int, int, java.lang.Object)'> (0x00000006575a31e0) thrown at [src/hotspot/share/interpreter/linkResolver.cpp, line 773]
Event: 6.138 Thread 0x000000013900d000 Exception <a 'java/lang/NoSuchMethodError'{0x0000000655b682f0}: 'void java.lang.invoke.DirectMethodHandle$Holder.invokeSpecial(java.lang.Object, java.lang.Object)'> (0x0000000655b682f0) thrown at [src/hotspot/share/interpreter/linkResolver.cpp, line 773]
Event: 6.162 Thread 0x00000001159ed000 Exception <a 'java/lang/NoSuchFieldError'{0x000000065497d750}: REQUESTED_API_VERSION> (0x000000065497d750) thrown at [src/hotspot/share/interpreter/linkResolver.cpp, line 974]
Event: 6.175 Thread 0x00000001159ed000 Exception <a 'java/lang/NoSuchMethodError'{0x0000000653ab23e0}: 'int java.lang.invoke.DirectMethodHandle$Holder.invokeSpecialIFC(java.lang.Object, java.lang.Object, int)'> (0x0000000653ab23e0) thrown at [src/hotspot/share/interpreter/linkResolver.cpp, line 773]
Event: 6.179 Thread 0x000000013900d000 Exception <a 'java/lang/IncompatibleClassChangeError'{0x00000006539ddd00}: Found class java.lang.Object, but interface was expected> (0x00000006539ddd00) thrown at [src/hotspot/share/interpreter/linkResolver.cpp, line 839]
Event: 6.222 Thread 0x000000013900d000 Exception <a 'java/lang/NoSuchMethodError'{0x0000000652206e68}: 'java.lang.Object java.lang.invoke.DirectMethodHandle$Holder.invokeStatic(java.lang.Object, java.lang.Object, java.lang.Object, java.lang.Object, java.lang.Object, java.lang.Object, java.lang.Object, java.lang.Object, java.lang.Object, java.lang.Object, java.lang.Object, int)'> (0x0000000652206e68) thrown at [src/hotspot/share/interpreter/linkResolver.cpp, line 773]
Event: 6.224 Thread 0x000000013900d000 Exception <a 'java/lang/NoSuchMethodError'{0x0000000652279070}: 'java.lang.Object java.lang.invoke.DirectMethodHandle$Holder.invokeStatic(java.lang.Object, java.lang.Object, java.lang.Object, java.lang.Object, java.lang.Object, java.lang.Object, java.lang.Object, java.lang.Object, java.lang.Object, java.lang.Object, java.lang.Object, int, int)'> (0x0000000652279070) thrown at [src/hotspot/share/interpreter/linkResolver.cpp, line 773]
Event: 6.228 Thread 0x000000013900d000 Exception <a 'java/lang/NoSuchMethodError'{0x000000065216cd50}: 'java.lang.Object java.lang.invoke.DirectMethodHandle$Holder.invokeStatic(java.lang.Object, java.lang.Object, java.lang.Object, java.lang.Object, java.lang.Object, java.lang.Object, java.lang.Object, java.lang.Object, java.lang.Object, java.lang.Object, java.lang.Object, int, int, java.lang.Object)'> (0x000000065216cd50) thrown at [src/hotspot/share/interpreter/linkResolver.cpp, line 773]
Event: 6.237 Thread 0x000000013900d000 Exception <a 'java/lang/NoSuchMethodError'{0x0000000651c62ae8}: 'java.lang.Object java.lang.invoke.DirectMethodHandle$Holder.invokeStatic(java.lang.Object, java.lang.Object, java.lang.Object, java.lang.Object, java.lang.Object, java.lang.Object, java.lang.Object, java.lang.Object, java.lang.Object, java.lang.Object, java.lang.Object, int, int, java.lang.Object, java.lang.Object)'> (0x0000000651c62ae8) thrown at [src/hotspot/share/interpreter/linkResolver.cpp, line 773]
Event: 6.266 Thread 0x000000013900d000 Exception <a 'java/lang/NoSuchMethodError'{0x00000006504b4bf0}: 'int java.lang.invoke.DirectMethodHandle$Holder.invokeSpecialIFC(java.lang.Object, java.lang.Object, java.lang.Object)'> (0x00000006504b4bf0) thrown at [src/hotspot/share/interpreter/linkResolver.cpp, line 773]
Event: 6.291 Thread 0x000000013900d000 Exception <a 'java/lang/ClassNotFoundException'{0x000000064f06ecf8}: javax/management/remote/rmi/RMIServerImpl_Skel> (0x000000064f06ecf8) thrown at [src/hotspot/share/classfile/systemDictionary.cpp, line 230]
Event: 6.332 Thread 0x000000013900d000 Exception <a 'java/lang/ClassNotFoundException'{0x0000000657d41be8}: javax/smartcardio/CardPermission> (0x0000000657d41be8) thrown at [src/hotspot/share/classfile/systemDictionary.cpp, line 230]
Event: 6.333 Thread 0x000000013900d000 Exception <a 'java/io/FileNotFoundException'{0x0000000657d75410}> (0x0000000657d75410) thrown at [src/hotspot/share/prims/jni.cpp, line 617]
Event: 6.343 Thread 0x0000000137b54000 Exception <a 'java/lang/NoSuchMethodError'{0x00000006572a6a18}: 'java.lang.Object java.lang.invoke.DirectMethodHandle$Holder.invokeStaticInit(java.lang.Object, java.lang.Object, long, java.lang.Object)'> (0x00000006572a6a18) thrown at [src/hotspot/share/interpreter/linkResolver.cpp, line 773]
Event: 6.343 Thread 0x0000000137b54000 Exception <a 'java/lang/NoSuchMethodError'{0x00000006572b2930}: 'java.lang.Object java.lang.invoke.Invokers$Holder.linkToTargetMethod(java.lang.Object, long, java.lang.Object)'> (0x00000006572b2930) thrown at [src/hotspot/share/interpreter/linkResolver.cpp, line 773]
Event: 6.466 Thread 0x000000013900d000 Exception <a 'java/lang/NoSuchMethodError'{0x00000006538a4fb8}: 'java.lang.Object java.lang.invoke.DirectMethodHandle$Holder.invokeSpecialIFC(java.lang.Object, java.lang.Object, java.lang.Object, java.lang.Object)'> (0x00000006538a4fb8) thrown at [src/hotspot/share/interpreter/linkResolver.cpp, line 773]

Events (20 events):
Event: 6.472 loading class org/apache/skywalking/apm/dependencies/io/netty/channel/CoalescingBufferQueue
Event: 6.472 loading class org/apache/skywalking/apm/dependencies/io/netty/channel/CoalescingBufferQueue done
Event: 6.472 loading class org/apache/skywalking/apm/dependencies/io/netty/channel/AbstractCoalescingBufferQueue
Event: 6.472 loading class org/apache/skywalking/apm/dependencies/io/netty/channel/AbstractCoalescingBufferQueue done
Event: 6.472 loading class org/springframework/cloud/bootstrap/RefreshBootstrapRegistryInitializer
Event: 6.472 loading class org/springframework/cloud/bootstrap/RefreshBootstrapRegistryInitializer done
Event: 6.473 loading class org/apache/skywalking/apm/dependencies/io/netty/channel/DelegatingChannelPromiseNotifier
Event: 6.473 loading class org/apache/skywalking/apm/dependencies/io/netty/channel/DelegatingChannelPromiseNotifier done
Event: 6.473 loading class org/springframework/beans/BeanUtils
Event: 6.473 loading class org/springframework/beans/BeanUtils done
Event: 6.474 loading class org/apache/skywalking/apm/dependencies/io/netty/buffer/CompositeByteBuf$1
Event: 6.474 loading class org/apache/skywalking/apm/dependencies/io/netty/buffer/CompositeByteBuf$1 done
Event: 6.474 loading class org/apache/skywalking/apm/dependencies/io/netty/buffer/CompositeByteBuf$ByteWrapper
Event: 6.474 loading class org/apache/skywalking/apm/dependencies/io/netty/buffer/CompositeByteBuf$ByteWrapper done
Event: 6.474 loading class org/springframework/core/DefaultParameterNameDiscoverer
Event: 6.474 loading class org/springframework/core/DefaultParameterNameDiscoverer done
Event: 6.474 loading class org/apache/skywalking/apm/dependencies/io/netty/buffer/CompositeByteBuf$2
Event: 6.474 loading class org/apache/skywalking/apm/dependencies/io/netty/buffer/CompositeByteBuf$2 done
Event: 6.474 loading class org/apache/skywalking/apm/dependencies/io/netty/buffer/CompositeByteBuf$Component
Event: 6.474 loading class org/apache/skywalking/apm/dependencies/io/netty/buffer/CompositeByteBuf$Component done


Dynamic libraries:
0x00000001042ec000 	/opt/homebrew/Cellar/openjdk@11/11.0.25/libexec/openjdk.jdk/Contents/Home/lib/jli/libjli.dylib
0x00000001a02ab000 	/System/Library/Frameworks/Cocoa.framework/Versions/A/Cocoa
0x0000000187afb000 	/System/Library/Frameworks/AppKit.framework/Versions/C/AppKit
0x000000018ade3000 	/System/Library/Frameworks/CoreData.framework/Versions/A/CoreData
0x0000000185172000 	/System/Library/Frameworks/Foundation.framework/Versions/C/Foundation
0x0000000191d50000 	/usr/lib/libSystem.B.dylib
0x0000000188f89000 	/System/Library/PrivateFrameworks/UIFoundation.framework/Versions/A/UIFoundation
0x0000000232044000 	/System/Library/PrivateFrameworks/CollectionViewCore.framework/Versions/A/CollectionViewCore
0x00000001992ed000 	/System/Library/PrivateFrameworks/RemoteViewServices.framework/Versions/A/RemoteViewServices
0x000000018f8ec000 	/System/Library/PrivateFrameworks/XCTTargetBootstrap.framework/Versions/A/XCTTargetBootstrap
0x00000001944ca000 	/System/Library/PrivateFrameworks/InternationalSupport.framework/Versions/A/InternationalSupport
0x0000000194821000 	/System/Library/PrivateFrameworks/UserActivity.framework/Versions/A/UserActivity
0x000000026021f000 	/System/Library/PrivateFrameworks/UIIntelligenceSupport.framework/Versions/A/UIIntelligenceSupport
0x00000001ea407000 	/System/Library/Frameworks/SwiftUICore.framework/Versions/A/SwiftUICore
0x000000026525a000 	/System/Library/PrivateFrameworks/WritingTools.framework/Versions/A/WritingTools
0x00000002642a5000 	/System/Library/PrivateFrameworks/WindowManagement.framework/Versions/A/WindowManagement
0x0000000184dd6000 	/System/Library/Frameworks/SystemConfiguration.framework/Versions/A/SystemConfiguration
0x0000000193931000 	/usr/lib/libspindump.dylib
0x000000018913b000 	/System/Library/Frameworks/UniformTypeIdentifiers.framework/Versions/A/UniformTypeIdentifiers
0x0000000191144000 	/usr/lib/libbsm.0.dylib
0x000000018d375000 	/usr/lib/libapp_launch_measurement.dylib
0x000000018c71e000 	/System/Library/PrivateFrameworks/CoreAnalytics.framework/Versions/A/CoreAnalytics
0x000000018d379000 	/System/Library/PrivateFrameworks/CoreAutoLayout.framework/Versions/A/CoreAutoLayout
0x000000018ef08000 	/System/Library/Frameworks/Metal.framework/Versions/A/Metal
0x000000019012a000 	/usr/lib/liblangid.dylib
0x000000018f8f2000 	/System/Library/PrivateFrameworks/CoreSVG.framework/Versions/A/CoreSVG
0x0000000189b5e000 	/System/Library/PrivateFrameworks/SkyLight.framework/Versions/A/SkyLight
0x000000018a083000 	/System/Library/Frameworks/CoreGraphics.framework/Versions/A/CoreGraphics
0x00000001999cc000 	/System/Library/Frameworks/Accelerate.framework/Versions/A/Accelerate
0x0000000193774000 	/System/Library/PrivateFrameworks/IconServices.framework/Versions/A/IconServices
0x000000018eee5000 	/System/Library/Frameworks/IOSurface.framework/Versions/A/IOSurface
0x000000018c74f000 	/usr/lib/libDiagnosticMessagesClient.dylib
0x0000000191c9a000 	/usr/lib/libz.1.dylib
0x000000019d8d6000 	/System/Library/Frameworks/ApplicationServices.framework/Versions/A/ApplicationServices
0x000000018f8d7000 	/System/Library/PrivateFrameworks/DFRFoundation.framework/Versions/A/DFRFoundation
0x0000000187361000 	/usr/lib/libicucore.A.dylib
0x00000001958a5000 	/System/Library/Frameworks/AudioToolbox.framework/Versions/A/AudioToolbox
0x00000001947d2000 	/System/Library/PrivateFrameworks/DataDetectorsCore.framework/Versions/A/DataDetectorsCore
0x00000001b040f000 	/System/Library/PrivateFrameworks/TextInput.framework/Versions/A/TextInput
0x0000000189aaa000 	/usr/lib/libMobileGestalt.dylib
0x000000018f5d0000 	/System/Library/Frameworks/Carbon.framework/Versions/A/Frameworks/HIToolbox.framework/Versions/A/HIToolbox
0x000000018cc56000 	/System/Library/Frameworks/QuartzCore.framework/Versions/A/QuartzCore
0x0000000186f58000 	/System/Library/Frameworks/Security.framework/Versions/A/Security
0x0000000199329000 	/System/Library/Frameworks/Carbon.framework/Versions/A/Frameworks/SpeechRecognition.framework/Versions/A/SpeechRecognition
0x000000018d07d000 	/System/Library/PrivateFrameworks/CoreUI.framework/Versions/A/CoreUI
0x0000000186825000 	/System/Library/Frameworks/CoreAudio.framework/Versions/A/CoreAudio
0x000000018c83d000 	/System/Library/Frameworks/DiskArbitration.framework/Versions/A/DiskArbitration
0x0000000193d97000 	/System/Library/PrivateFrameworks/MultitouchSupport.framework/Versions/A/MultitouchSupport
0x0000000189aa8000 	/usr/lib/libenergytrace.dylib
0x00000001a4a54000 	/System/Library/PrivateFrameworks/RenderBox.framework/Versions/A/RenderBox
0x00000001879ab000 	/System/Library/Frameworks/IOKit.framework/Versions/A/IOKit
0x0000000199720000 	/System/Library/Frameworks/CoreServices.framework/Versions/A/CoreServices
0x000000018d306000 	/System/Library/PrivateFrameworks/PerformanceAnalysis.framework/Versions/A/PerformanceAnalysis
0x00000001e3df9000 	/System/Library/Frameworks/OpenGL.framework/Versions/A/OpenGL
0x000000018d3c3000 	/usr/lib/libxml2.2.dylib
0x0000000191028000 	/System/Library/PrivateFrameworks/MobileKeyBag.framework/Versions/A/MobileKeyBag
0x0000000183a00000 	/usr/lib/libobjc.A.dylib
0x0000000183d0c000 	/usr/lib/libc++.1.dylib
0x00000001996a1000 	/System/Library/Frameworks/Accessibility.framework/Versions/A/Accessibility
0x000000018a7b4000 	/System/Library/Frameworks/ColorSync.framework/Versions/A/ColorSync
0x0000000183e68000 	/System/Library/Frameworks/CoreFoundation.framework/Versions/A/CoreFoundation
0x000000018fcac000 	/System/Library/Frameworks/CoreImage.framework/Versions/A/CoreImage
0x0000000186606000 	/System/Library/Frameworks/CoreText.framework/Versions/A/CoreText
0x00000001e5336000 	/System/Library/Frameworks/CoreTransferable.framework/Versions/A/CoreTransferable
0x00000001e58ba000 	/System/Library/Frameworks/DataDetection.framework/Versions/A/DataDetection
0x00000001e58bd000 	/System/Library/Frameworks/DeveloperToolsSupport.framework/Versions/A/DeveloperToolsSupport
0x000000018f92d000 	/System/Library/Frameworks/ImageIO.framework/Versions/A/ImageIO
0x00000001eafae000 	/System/Library/Frameworks/Symbols.framework/Versions/A/Symbols
0x00000001d7613000 	/System/Library/PrivateFrameworks/FeatureFlags.framework/Versions/A/FeatureFlags
0x0000000191d55000 	/System/Library/PrivateFrameworks/SoftLinking.framework/Versions/A/SoftLinking
0x00000001c2fe5000 	/usr/lib/swift/libswiftAccelerate.dylib
0x000000019523b000 	/usr/lib/swift/libswiftCore.dylib
0x00000001acad9000 	/usr/lib/swift/libswiftCoreFoundation.dylib
0x00000001acb33000 	/usr/lib/swift/libswiftCoreImage.dylib
0x00000001a9efd000 	/usr/lib/swift/libswiftDarwin.dylib
0x000000026ca79000 	/usr/lib/swift/libswiftDataDetection.dylib
0x000000019b215000 	/usr/lib/swift/libswiftDispatch.dylib
0x00000001acb34000 	/usr/lib/swift/libswiftIOKit.dylib
0x00000001b962b000 	/usr/lib/swift/libswiftMetal.dylib
0x00000001c8511000 	/usr/lib/swift/libswiftOSLog.dylib
0x000000019de7b000 	/usr/lib/swift/libswiftObjectiveC.dylib
0x000000026caa6000 	/usr/lib/swift/libswiftObservation.dylib
0x00000001be9b6000 	/usr/lib/swift/libswiftQuartzCore.dylib
0x00000001c2fd6000 	/usr/lib/swift/libswiftUniformTypeIdentifiers.dylib
0x00000001acaeb000 	/usr/lib/swift/libswiftXPC.dylib
0x000000026cb8c000 	/usr/lib/swift/libswift_Builtin_float.dylib
0x000000026cb8f000 	/usr/lib/swift/libswift_Concurrency.dylib
0x000000026ccee000 	/usr/lib/swift/libswift_StringProcessing.dylib
0x000000026cd81000 	/usr/lib/swift/libswift_errno.dylib
0x000000026cd83000 	/usr/lib/swift/libswift_math.dylib
0x000000026cd86000 	/usr/lib/swift/libswift_signal.dylib
0x000000026cd87000 	/usr/lib/swift/libswift_stdio.dylib
0x000000026cd88000 	/usr/lib/swift/libswift_time.dylib
0x000000019de7f000 	/usr/lib/swift/libswiftos.dylib
0x00000001b0366000 	/usr/lib/swift/libswiftsimd.dylib
0x000000026cd89000 	/usr/lib/swift/libswiftsys_time.dylib
0x000000026cd8a000 	/usr/lib/swift/libswiftunistd.dylib
0x0000000191f69000 	/usr/lib/libcompression.dylib
0x000000019442a000 	/System/Library/PrivateFrameworks/TextureIO.framework/Versions/A/TextureIO
0x0000000193414000 	/usr/lib/libate.dylib
0x0000000191d4a000 	/usr/lib/system/libcache.dylib
0x0000000191d05000 	/usr/lib/system/libcommonCrypto.dylib
0x0000000191d30000 	/usr/lib/system/libcompiler_rt.dylib
0x0000000191d25000 	/usr/lib/system/libcopyfile.dylib
0x0000000183b5a000 	/usr/lib/system/libcorecrypto.dylib
0x0000000183c40000 	/usr/lib/system/libdispatch.dylib
0x0000000183e00000 	/usr/lib/system/libdyld.dylib
0x0000000191d40000 	/usr/lib/system/libkeymgr.dylib
0x0000000191ce8000 	/usr/lib/system/libmacho.dylib
0x000000019111d000 	/usr/lib/system/libquarantine.dylib
0x0000000191d3d000 	/usr/lib/system/libremovefile.dylib
0x0000000189b24000 	/usr/lib/system/libsystem_asl.dylib
0x0000000183aef000 	/usr/lib/system/libsystem_blocks.dylib
0x0000000183c8a000 	/usr/lib/system/libsystem_c.dylib
0x0000000191d34000 	/usr/lib/system/libsystem_collections.dylib
0x0000000190117000 	/usr/lib/system/libsystem_configuration.dylib
0x000000018eeb4000 	/usr/lib/system/libsystem_containermanager.dylib
0x000000019182c000 	/usr/lib/system/libsystem_coreservices.dylib
0x000000018762d000 	/usr/lib/system/libsystem_darwin.dylib
0x000000026cebf000 	/usr/lib/system/libsystem_darwindirectory.dylib
0x0000000191d41000 	/usr/lib/system/libsystem_dnssd.dylib
0x000000026cec3000 	/usr/lib/system/libsystem_eligibility.dylib
0x0000000183c87000 	/usr/lib/system/libsystem_featureflags.dylib
0x0000000183e38000 	/usr/lib/system/libsystem_info.dylib
0x0000000191ca9000 	/usr/lib/system/libsystem_m.dylib
0x0000000183bf9000 	/usr/lib/system/libsystem_malloc.dylib
0x0000000189a8d000 	/usr/lib/system/libsystem_networkextension.dylib
0x0000000187a8e000 	/usr/lib/system/libsystem_notify.dylib
0x000000019011c000 	/usr/lib/system/libsystem_sandbox.dylib
0x000000026cecb000 	/usr/lib/system/libsystem_sanitizers.dylib
0x0000000191d39000 	/usr/lib/system/libsystem_secinit.dylib
0x0000000183db7000 	/usr/lib/system/libsystem_kernel.dylib
0x0000000183e30000 	/usr/lib/system/libsystem_platform.dylib
0x0000000183df3000 	/usr/lib/system/libsystem_pthread.dylib
0x000000018b67d000 	/usr/lib/system/libsystem_symptoms.dylib
0x0000000183b3e000 	/usr/lib/system/libsystem_trace.dylib
0x0000000191d13000 	/usr/lib/system/libunwind.dylib
0x0000000183af3000 	/usr/lib/system/libxpc.dylib
0x0000000183d99000 	/usr/lib/libc++abi.dylib
0x000000026ba9e000 	/usr/lib/libRosetta.dylib
0x000000018792b000 	/System/Library/PrivateFrameworks/CoreServicesInternal.framework/Versions/A/CoreServicesInternal
0x0000000191d1d000 	/usr/lib/liboah.dylib
0x0000000191d52000 	/usr/lib/libfakelink.dylib
0x000000019d38b000 	/System/Library/PrivateFrameworks/DiskImages.framework/Versions/A/DiskImages
0x00000001a9a27000 	/System/Library/Frameworks/NetFS.framework/Versions/A/NetFS
0x00000001896c3000 	/System/Library/Frameworks/CFNetwork.framework/Versions/A/CFNetwork
0x000000018d33d000 	/System/Library/Frameworks/CoreServices.framework/Versions/A/Frameworks/FSEvents.framework/Versions/A/FSEvents
0x0000000187638000 	/System/Library/Frameworks/CoreServices.framework/Versions/A/Frameworks/CarbonCore.framework/Versions/A/CarbonCore
0x000000018c7b2000 	/System/Library/Frameworks/CoreServices.framework/Versions/A/Frameworks/Metadata.framework/Versions/A/Metadata
0x0000000191833000 	/System/Library/Frameworks/CoreServices.framework/Versions/A/Frameworks/OSServices.framework/Versions/A/OSServices
0x0000000191e9f000 	/System/Library/Frameworks/CoreServices.framework/Versions/A/Frameworks/SearchKit.framework/Versions/A/SearchKit
0x000000018b5f8000 	/System/Library/Frameworks/CoreServices.framework/Versions/A/Frameworks/AE.framework/Versions/A/AE
0x00000001843a7000 	/System/Library/Frameworks/CoreServices.framework/Versions/A/Frameworks/LaunchServices.framework/Versions/A/LaunchServices
0x0000000193269000 	/System/Library/Frameworks/CoreServices.framework/Versions/A/Frameworks/DictionaryServices.framework/Versions/A/DictionaryServices
0x000000018d34b000 	/System/Library/Frameworks/CoreServices.framework/Versions/A/Frameworks/SharedFileList.framework/Versions/A/SharedFileList
0x0000000191f34000 	/usr/lib/libapple_nghttp2.dylib
0x000000018b259000 	/usr/lib/libsqlite3.dylib
0x0000000195f1d000 	/System/Library/Frameworks/GSS.framework/Versions/A/GSS
0x000000018b58f000 	/System/Library/PrivateFrameworks/RunningBoardServices.framework/Versions/A/RunningBoardServices
0x000000018b686000 	/System/Library/Frameworks/Network.framework/Versions/A/Network
0x0000000191cec000 	/usr/lib/system/libkxld.dylib
0x000000022de69000 	/System/Library/PrivateFrameworks/AppleKeyStore.framework/Versions/A/AppleKeyStore
0x000000026b8f7000 	/usr/lib/libCoreEntitlements.dylib
0x0000000248d82000 	/System/Library/PrivateFrameworks/MessageSecurity.framework/Versions/A/MessageSecurity
0x000000018b23e000 	/System/Library/PrivateFrameworks/ProtocolBuffer.framework/Versions/A/ProtocolBuffer
0x0000000191813000 	/System/Library/PrivateFrameworks/AppleFSCompression.framework/Versions/A/AppleFSCompression
0x000000019112c000 	/usr/lib/libcoretls.dylib
0x00000001932df000 	/usr/lib/libcoretls_cfhelpers.dylib
0x0000000191f63000 	/usr/lib/libpam.2.dylib
0x0000000193353000 	/usr/lib/libxar.1.dylib
0x0000000191da7000 	/usr/lib/libarchive.2.dylib
0x000000019761c000 	/System/Library/Frameworks/Combine.framework/Versions/A/Combine
0x0000000232068000 	/System/Library/PrivateFrameworks/CollectionsInternal.framework/Versions/A/CollectionsInternal
0x0000000251ada000 	/System/Library/PrivateFrameworks/ReflectionInternal.framework/Versions/A/ReflectionInternal
0x0000000252780000 	/System/Library/PrivateFrameworks/RuntimeInternal.framework/Versions/A/RuntimeInternal
0x000000026cb1d000 	/usr/lib/swift/libswiftSystem.dylib
0x0000000190125000 	/System/Library/PrivateFrameworks/AppleSystemInfo.framework/Versions/A/AppleSystemInfo
0x00000001ac9c5000 	/System/Library/PrivateFrameworks/LoggingSupport.framework/Versions/A/LoggingSupport
0x000000019a6d9000 	/System/Library/PrivateFrameworks/PowerLog.framework/Versions/A/PowerLog
0x00000001ea2cc000 	/System/Library/Frameworks/SwiftData.framework/Versions/A/SwiftData
0x000000018d54d000 	/System/Library/PrivateFrameworks/UserManagement.framework/Versions/A/UserManagement
0x00000001895f2000 	/usr/lib/libboringssl.dylib
0x000000018b66c000 	/usr/lib/libdns_services.dylib
0x00000001abb80000 	/usr/lib/libquic.dylib
0x00000001951ca000 	/usr/lib/libusrtcp.dylib
0x00000001d0314000 	/System/Library/PrivateFrameworks/InternalSwiftProtobuf.framework/Versions/A/InternalSwiftProtobuf
0x000000026ca7a000 	/usr/lib/swift/libswiftDistributed.dylib
0x000000026cb13000 	/usr/lib/swift/libswiftSynchronization.dylib
0x00000001896c2000 	/usr/lib/libnetwork.dylib
0x00000001bd609000 	/System/Library/PrivateFrameworks/OSAnalytics.framework/Versions/A/OSAnalytics
0x0000000191f0f000 	/System/Library/PrivateFrameworks/AppleSauce.framework/Versions/A/AppleSauce
0x000000019b9a9000 	/System/Library/PrivateFrameworks/CoreSymbolication.framework/Versions/A/CoreSymbolication
0x00000001cc044000 	/System/Library/PrivateFrameworks/Symbolication.framework/Versions/A/Symbolication
0x000000019b985000 	/System/Library/PrivateFrameworks/DebugSymbols.framework/Versions/A/DebugSymbols
0x000000026b7c2000 	/usr/lib/libAppleArchive.dylib
0x000000019181f000 	/usr/lib/libbz2.1.0.dylib
0x00000001932c0000 	/usr/lib/liblzma.5.dylib
0x0000000190e22000 	/System/Library/PrivateFrameworks/IOMobileFramebuffer.framework/Versions/A/IOMobileFramebuffer
0x00000001aca4e000 	/System/Library/PrivateFrameworks/MallocStackLogging.framework/Versions/A/MallocStackLogging
0x00000001934ae000 	/System/Library/PrivateFrameworks/CrashReporterSupport.framework/Versions/A/CrashReporterSupport
0x0000000184c6a000 	/System/Library/PrivateFrameworks/Lexicon.framework/Versions/A/Lexicon
0x00000002412c3000 	/System/Library/PrivateFrameworks/IO80211.framework/Versions/A/IO80211
0x000000019b4ac000 	/System/Library/PrivateFrameworks/FrontBoardServices.framework/Versions/A/FrontBoardServices
0x0000000191054000 	/System/Library/Frameworks/SecurityFoundation.framework/Versions/A/SecurityFoundation
0x00000001911b6000 	/usr/lib/libgermantok.dylib
0x0000000190249000 	/System/Library/PrivateFrameworks/LinguisticData.framework/Versions/A/LinguisticData
0x000000018b4aa000 	/System/Library/PrivateFrameworks/BaseBoard.framework/Versions/A/BaseBoard
0x000000019b579000 	/System/Library/PrivateFrameworks/BoardServices.framework/Versions/A/BoardServices
0x0000000191045000 	/System/Library/PrivateFrameworks/AssertionServices.framework/Versions/A/AssertionServices
0x000000019d1c6000 	/System/Library/PrivateFrameworks/BackBoardServices.framework/Versions/A/BackBoardServices
0x000000018f2fe000 	/System/Library/PrivateFrameworks/FontServices.framework/libFontParser.dylib
0x0000000189b3c000 	/System/Library/PrivateFrameworks/TCC.framework/Versions/A/TCC
0x00000001a0d40000 	/System/Library/PrivateFrameworks/IOSurfaceAccelerator.framework/Versions/A/IOSurfaceAccelerator
0x0000000193d95000 	/System/Library/PrivateFrameworks/WatchdogClient.framework/Versions/A/WatchdogClient
0x000000018612d000 	/System/Library/Frameworks/CoreDisplay.framework/Versions/A/CoreDisplay
0x000000018f1a3000 	/System/Library/Frameworks/CoreMedia.framework/Versions/A/CoreMedia
0x000000018eefe000 	/System/Library/PrivateFrameworks/IOAccelerator.framework/Versions/A/IOAccelerator
0x000000018d4ad000 	/System/Library/Frameworks/CoreVideo.framework/Versions/A/CoreVideo
0x0000000191f61000 	/System/Library/Frameworks/MetalPerformanceShaders.framework/Versions/A/MetalPerformanceShaders
0x0000000250e56000 	/System/Library/PrivateFrameworks/ProDisplayLibrary.framework/Versions/A/ProDisplayLibrary
0x0000000193ddd000 	/System/Library/Frameworks/VideoToolbox.framework/Versions/A/VideoToolbox
0x0000000190123000 	/System/Library/PrivateFrameworks/AggregateDictionary.framework/Versions/A/AggregateDictionary
0x00000001932e1000 	/System/Library/PrivateFrameworks/APFS.framework/Versions/A/APFS
0x0000000193362000 	/usr/lib/libutil.dylib
0x000000025b99f000 	/System/Library/PrivateFrameworks/SwiftASN1Internal.framework/Versions/A/SwiftASN1Internal
0x000000018c846000 	/System/Library/Frameworks/Accelerate.framework/Versions/A/Frameworks/vImage.framework/Versions/A/vImage
0x00000001996fb000 	/System/Library/Frameworks/Accelerate.framework/Versions/A/Frameworks/vecLib.framework/Versions/A/vecLib
0x000000019339a000 	/System/Library/Frameworks/Accelerate.framework/Versions/A/Frameworks/vecLib.framework/Versions/A/libvMisc.dylib
0x000000018481e000 	/System/Library/Frameworks/Accelerate.framework/Versions/A/Frameworks/vecLib.framework/Versions/A/libBLAS.dylib
0x0000000195af4000 	/System/Library/Frameworks/ApplicationServices.framework/Versions/A/Frameworks/ATS.framework/Versions/A/ATS
0x000000018a96a000 	/System/Library/Frameworks/ApplicationServices.framework/Versions/A/Frameworks/HIServices.framework/Versions/A/HIServices
0x00000001943b3000 	/System/Library/Frameworks/ApplicationServices.framework/Versions/A/Frameworks/PrintCore.framework/Versions/A/PrintCore
0x0000000195ee7000 	/System/Library/Frameworks/ApplicationServices.framework/Versions/A/Frameworks/QD.framework/Versions/A/QD
0x0000000195ede000 	/System/Library/Frameworks/ApplicationServices.framework/Versions/A/Frameworks/ColorSyncLegacy.framework/Versions/A/ColorSyncLegacy
0x0000000195ac6000 	/System/Library/Frameworks/ApplicationServices.framework/Versions/A/Frameworks/SpeechSynthesis.framework/Versions/A/SpeechSynthesis
0x0000000190def000 	/System/Library/PrivateFrameworks/CoreEmoji.framework/Versions/A/CoreEmoji
0x000000023840b000 	/System/Library/PrivateFrameworks/FontServices.framework/Versions/A/FontServices
0x00000001938e6000 	/System/Library/PrivateFrameworks/OTSVG.framework/Versions/A/OTSVG
0x000000018d02b000 	/System/Library/Frameworks/ApplicationServices.framework/Versions/A/Frameworks/ATS.framework/Versions/A/Resources/libFontRegistry.dylib
0x000000026be7e000 	/usr/lib/libhvf.dylib
0x000000024cd86000 	/System/Library/PrivateFrameworks/ParsingInternal.framework/Versions/A/ParsingInternal
0x000000026cac3000 	/usr/lib/swift/libswiftRegexBuilder.dylib
0x000000026cc4b000 	/usr/lib/swift/libswift_RegexParser.dylib
0x0000000193c5e000 	/System/Library/PrivateFrameworks/AppleJPEG.framework/Versions/A/AppleJPEG
0x0000000193703000 	/usr/lib/libexpat.1.dylib
0x0000000194289000 	/System/Library/Frameworks/ImageIO.framework/Versions/A/Resources/libPng.dylib
0x00000001942b4000 	/System/Library/Frameworks/ImageIO.framework/Versions/A/Resources/libTIFF.dylib
0x000000019439e000 	/System/Library/Frameworks/ImageIO.framework/Versions/A/Resources/libGIF.dylib
0x0000000193ca4000 	/System/Library/Frameworks/ImageIO.framework/Versions/A/Resources/libJP2.dylib
0x0000000194345000 	/System/Library/Frameworks/ImageIO.framework/Versions/A/Resources/libJPEG.dylib
0x000000019433c000 	/System/Library/Frameworks/ImageIO.framework/Versions/A/Resources/libRadiance.dylib
0x000000023d0d9000 	/System/Library/PrivateFrameworks/GPUCompiler.framework/Versions/32023/Libraries/libllvm-flatbuffers.dylib
0x00000002384d6000 	/System/Library/PrivateFrameworks/FramePacing.framework/Versions/A/FramePacing
0x00000001e3deb000 	/System/Library/Frameworks/OpenGL.framework/Versions/A/Libraries/libCoreFSCache.dylib
0x000000023904a000 	/System/Library/PrivateFrameworks/GPUCompiler.framework/Versions/32023/Libraries/libGPUCompilerUtils.dylib
0x000000023840c000 	/System/Library/PrivateFrameworks/FontServices.framework/libXTFontStaticRegistryData.dylib
0x000000019efc2000 	/System/Library/PrivateFrameworks/ASEProcessing.framework/Versions/A/ASEProcessing
0x000000024ffdb000 	/System/Library/PrivateFrameworks/PhotosensitivityProcessing.framework/Versions/A/PhotosensitivityProcessing
0x00000001938da000 	/System/Library/PrivateFrameworks/GraphVisualizer.framework/Versions/A/GraphVisualizer
0x00000001e3e49000 	/System/Library/Frameworks/OpenGL.framework/Versions/A/Libraries/libGLU.dylib
0x00000001e3e0d000 	/System/Library/Frameworks/OpenGL.framework/Versions/A/Libraries/libGFXShared.dylib
0x00000001e3fd5000 	/System/Library/Frameworks/OpenGL.framework/Versions/A/Libraries/libGL.dylib
0x00000001e3e16000 	/System/Library/Frameworks/OpenGL.framework/Versions/A/Libraries/libGLImage.dylib
0x00000001e3e0a000 	/System/Library/Frameworks/OpenGL.framework/Versions/A/Libraries/libCVMSPluginSupport.dylib
0x00000001e3df3000 	/System/Library/Frameworks/OpenGL.framework/Versions/A/Libraries/libCoreVMClient.dylib
0x0000000190067000 	/System/Library/Frameworks/MetalPerformanceShaders.framework/Versions/A/Frameworks/MPSCore.framework/Versions/A/MPSCore
0x000000019177e000 	/System/Library/Frameworks/MetalPerformanceShaders.framework/Versions/A/Frameworks/MPSImage.framework/Versions/A/MPSImage
0x00000001911ce000 	/System/Library/Frameworks/MetalPerformanceShaders.framework/Versions/A/Frameworks/MPSNeuralNetwork.framework/Versions/A/MPSNeuralNetwork
0x0000000191605000 	/System/Library/Frameworks/MetalPerformanceShaders.framework/Versions/A/Frameworks/MPSMatrix.framework/Versions/A/MPSMatrix
0x000000019141a000 	/System/Library/Frameworks/MetalPerformanceShaders.framework/Versions/A/Frameworks/MPSRayIntersector.framework/Versions/A/MPSRayIntersector
0x0000000191637000 	/System/Library/Frameworks/MetalPerformanceShaders.framework/Versions/A/Frameworks/MPSNDArray.framework/Versions/A/MPSNDArray
0x00000001e76ce000 	/System/Library/Frameworks/MetalPerformanceShaders.framework/Versions/A/Frameworks/MPSFunctions.framework/Versions/A/MPSFunctions
0x00000001e76b0000 	/System/Library/Frameworks/MetalPerformanceShaders.framework/Versions/A/Frameworks/MPSBenchmarkLoop.framework/Versions/A/MPSBenchmarkLoop
0x0000000184699000 	/System/Library/PrivateFrameworks/MetalTools.framework/Versions/A/MetalTools
0x00000001b170b000 	/System/Library/PrivateFrameworks/IOAccelMemoryInfo.framework/Versions/A/IOAccelMemoryInfo
0x00000001bedab000 	/System/Library/PrivateFrameworks/kperf.framework/Versions/A/kperf
0x00000001acab4000 	/System/Library/PrivateFrameworks/GPURawCounter.framework/Versions/A/GPURawCounter
0x0000000194370000 	/System/Library/Frameworks/ApplicationServices.framework/Versions/A/Frameworks/ATSUI.framework/Versions/A/ATSUI
0x0000000195e72000 	/usr/lib/libcups.2.dylib
0x0000000195f0c000 	/System/Library/Frameworks/Kerberos.framework/Versions/A/Kerberos
0x0000000195b72000 	/usr/lib/libresolv.9.dylib
0x0000000191d8c000 	/usr/lib/libiconv.2.dylib
0x0000000193938000 	/System/Library/PrivateFrameworks/Heimdal.framework/Versions/A/Heimdal
0x000000019ddd2000 	/System/Library/Frameworks/Kerberos.framework/Versions/A/Libraries/libHeimdalProxy.dylib
0x000000019371d000 	/usr/lib/libheimdal-asn1.dylib
0x000000018d310000 	/System/Library/Frameworks/OpenDirectory.framework/Versions/A/OpenDirectory
0x0000000195f6f000 	/System/Library/PrivateFrameworks/CommonAuth.framework/Versions/A/CommonAuth
0x000000018d31e000 	/System/Library/Frameworks/OpenDirectory.framework/Versions/A/Frameworks/CFOpenDirectory.framework/Versions/A/CFOpenDirectory
0x0000000191ce7000 	/usr/lib/libcharset.1.dylib
0x00000001e4371000 	/System/Library/Frameworks/AVFAudio.framework/Versions/A/AVFAudio
0x00000001a641d000 	/System/Library/PrivateFrameworks/AXCoreUtilities.framework/Versions/A/AXCoreUtilities
0x0000000244a0b000 	/System/Library/PrivateFrameworks/IsolatedCoreAudioClient.framework/Versions/A/IsolatedCoreAudioClient
0x0000000195aad000 	/usr/lib/libAudioStatistics.dylib
0x000000018f17b000 	/System/Library/PrivateFrameworks/caulk.framework/Versions/A/caulk
0x000000018624e000 	/System/Library/PrivateFrameworks/AudioToolboxCore.framework/Versions/A/AudioToolboxCore
0x00000001a00d9000 	/System/Library/Frameworks/CoreMIDI.framework/Versions/A/CoreMIDI
0x0000000195a50000 	/System/Library/PrivateFrameworks/AudioSession.framework/Versions/A/AudioSession
0x0000000197384000 	/System/Library/Frameworks/IOBluetooth.framework/Versions/A/IOBluetooth
0x0000000193807000 	/System/Library/PrivateFrameworks/MediaExperience.framework/Versions/A/MediaExperience
0x000000025e49e000 	/System/Library/PrivateFrameworks/Tightbeam.framework/Versions/A/Tightbeam
0x0000000232b25000 	/System/Library/PrivateFrameworks/CoreAudioOrchestration.framework/Versions/A/CoreAudioOrchestration
0x00000001c36a0000 	/System/Library/PrivateFrameworks/AFKUser.framework/Versions/A/AFKUser
0x00000001acab8000 	/usr/lib/swift/libswiftCoreAudio.dylib
0x0000000193927000 	/System/Library/PrivateFrameworks/AppServerSupport.framework/Versions/A/AppServerSupport
0x0000000195ef0000 	/System/Library/PrivateFrameworks/perfdata.framework/Versions/A/perfdata
0x00000001abc79000 	/System/Library/PrivateFrameworks/SystemPolicy.framework/Versions/A/SystemPolicy
0x0000000195d91000 	/usr/lib/libSMC.dylib
0x0000000194253000 	/usr/lib/libAudioToolboxUtility.dylib
0x0000000195efe000 	/usr/lib/libperfcheck.dylib
0x000000022ec23000 	/System/Library/PrivateFrameworks/AudioAnalytics.framework/Versions/A/AudioAnalytics
0x00000001d00dd000 	/System/Library/Frameworks/OSLog.framework/Versions/A/OSLog
0x00000001aca80000 	/usr/lib/libmis.dylib
0x000000019585e000 	/System/Library/PrivateFrameworks/AudioSession.framework/libSessionUtility.dylib
0x00000001943a4000 	/System/Library/PrivateFrameworks/CMCaptureCore.framework/Versions/A/CMCaptureCore
0x00000001e5a0a000 	/System/Library/Frameworks/ExtensionFoundation.framework/Versions/A/ExtensionFoundation
0x000000019bab6000 	/System/Library/PrivateFrameworks/CoreTime.framework/Versions/A/CoreTime
0x0000000193602000 	/System/Library/PrivateFrameworks/PlugInKit.framework/Versions/A/PlugInKit
0x000000019a5e3000 	/System/Library/Frameworks/CoreBluetooth.framework/Versions/A/CoreBluetooth
0x000000019ddd3000 	/System/Library/Frameworks/AudioUnit.framework/Versions/A/AudioUnit
0x0000000190eb3000 	/System/Library/PrivateFrameworks/CoreUtils.framework/Versions/A/CoreUtils
0x0000000235a92000 	/System/Library/PrivateFrameworks/CoreUtilsExtras.framework/Versions/A/CoreUtilsExtras
0x0000000199a1c000 	/System/Library/Frameworks/MediaAccessibility.framework/Versions/A/MediaAccessibility
0x00000001b5076000 	/System/Library/PrivateFrameworks/AttributeGraph.framework/Versions/A/AttributeGraph
0x000000026b740000 	/usr/lib/libAXSafeCategoryBundle.dylib
0x00000001a64d9000 	/usr/lib/libAccessibility.dylib
0x0000000190cfd000 	/System/Library/Frameworks/Accelerate.framework/Versions/A/Frameworks/vecLib.framework/Versions/A/libvDSP.dylib
0x000000019203f000 	/System/Library/Frameworks/Accelerate.framework/Versions/A/Frameworks/vecLib.framework/Versions/A/libLAPACK.dylib
0x00000001911b9000 	/System/Library/Frameworks/Accelerate.framework/Versions/A/Frameworks/vecLib.framework/Versions/A/libLinearAlgebra.dylib
0x0000000191f4e000 	/System/Library/Frameworks/Accelerate.framework/Versions/A/Frameworks/vecLib.framework/Versions/A/libSparseBLAS.dylib
0x000000019203a000 	/System/Library/Frameworks/Accelerate.framework/Versions/A/Frameworks/vecLib.framework/Versions/A/libQuadrature.dylib
0x0000000190250000 	/System/Library/Frameworks/Accelerate.framework/Versions/A/Frameworks/vecLib.framework/Versions/A/libBNNS.dylib
0x0000000184d76000 	/System/Library/Frameworks/Accelerate.framework/Versions/A/Frameworks/vecLib.framework/Versions/A/libSparse.dylib
0x0000000246176000 	/System/Library/PrivateFrameworks/MIL.framework/Versions/A/MIL
0x0000000194337000 	/System/Library/PrivateFrameworks/GPUWrangler.framework/Versions/A/GPUWrangler
0x0000000194317000 	/System/Library/PrivateFrameworks/IOPresentment.framework/Versions/A/IOPresentment
0x000000019433f000 	/System/Library/PrivateFrameworks/DSExternalDisplay.framework/Versions/A/DSExternalDisplay
0x00000001d04e2000 	/System/Library/PrivateFrameworks/HIDDisplay.framework/Versions/A/HIDDisplay
0x00000001a56f4000 	/System/Library/PrivateFrameworks/HID.framework/Versions/A/HID
0x0000000261cd4000 	/System/Library/PrivateFrameworks/VideoToolboxParavirtualizationSupport.framework/Versions/A/VideoToolboxParavirtualizationSupport
0x00000001936ba000 	/System/Library/PrivateFrameworks/AppleVA.framework/Versions/A/AppleVA
0x000000019b626000 	/System/Library/PrivateFrameworks/GraphicsServices.framework/Versions/A/GraphicsServices
0x00000001960e1000 	/System/Library/PrivateFrameworks/CorePhoneNumbers.framework/Versions/A/CorePhoneNumbers
0x000000019a7ca000 	/System/Library/PrivateFrameworks/MediaKit.framework/Versions/A/MediaKit
0x000000019a715000 	/System/Library/Frameworks/DiscRecording.framework/Versions/A/DiscRecording
0x0000000195ed1000 	/System/Library/PrivateFrameworks/NetAuth.framework/Versions/A/NetAuth
0x000000018d50e000 	/System/Library/PrivateFrameworks/login.framework/Versions/A/Frameworks/loginsupport.framework/Versions/A/loginsupport
0x0000000193727000 	/System/Library/PrivateFrameworks/IconFoundation.framework/Versions/A/IconFoundation
0x00000001934a5000 	/usr/lib/libIOReport.dylib
0x000000022e835000 	/System/Library/PrivateFrameworks/AppleMobileFileIntegrity.framework/Versions/A/AppleMobileFileIntegrity
0x000000026bafd000 	/usr/lib/libTLE.dylib
0x00000001e0e48000 	/System/Library/PrivateFrameworks/ConfigProfileHelper.framework/Versions/A/ConfigProfileHelper
0x0000000191156000 	/usr/lib/libmecab.dylib
0x0000000184e6a000 	/usr/lib/libCRFSuite.dylib
0x000000019012c000 	/System/Library/PrivateFrameworks/CoreNLP.framework/Versions/A/CoreNLP
0x0000000191f07000 	/usr/lib/libThaiTokenizer.dylib
0x0000000191120000 	/usr/lib/libCheckFix.dylib
0x000000018c751000 	/System/Library/PrivateFrameworks/MetadataUtilities.framework/Versions/A/MetadataUtilities
0x0000000241b7e000 	/System/Library/PrivateFrameworks/InstalledContentLibrary.framework/Versions/A/InstalledContentLibrary
0x000000018796a000 	/System/Library/PrivateFrameworks/CoreServicesStore.framework/Versions/A/CoreServicesStore
0x00000001beeb4000 	/System/Library/PrivateFrameworks/MobileSystemServices.framework/Versions/A/MobileSystemServices
0x0000000193366000 	/usr/lib/libxslt.1.dylib
0x00000001910e3000 	/System/Library/PrivateFrameworks/BackgroundTaskManagement.framework/Versions/A/BackgroundTaskManagement
0x000000019d549000 	/usr/lib/libcurl.4.dylib
0x000000026bd31000 	/usr/lib/libcrypto.46.dylib
0x000000026c858000 	/usr/lib/libssl.48.dylib
0x000000019d222000 	/System/Library/Frameworks/LDAP.framework/Versions/A/LDAP
0x000000019d25e000 	/System/Library/PrivateFrameworks/TrustEvaluationAgent.framework/Versions/A/TrustEvaluationAgent
0x0000000195b8f000 	/usr/lib/libsasl2.2.dylib
0x00000001a9efc000 	/usr/lib/swift/libswiftCoreGraphics.dylib
0x000000019a04b000 	/usr/lib/swift/libswiftFoundation.dylib
0x00000001e08d2000 	/usr/lib/swift/libswiftSwiftOnoneSupport.dylib
0x00000001cc7f5000 	/System/Library/PrivateFrameworks/CoreMaterial.framework/Versions/A/CoreMaterial
0x0000000252877000 	/System/Library/PrivateFrameworks/SFSymbols.framework/Versions/A/SFSymbols
0x0000000199316000 	/System/Library/PrivateFrameworks/SpeechRecognitionCore.framework/Versions/A/SpeechRecognitionCore
0x0000000105354000 	/opt/homebrew/Cellar/openjdk@11/11.0.25/libexec/openjdk.jdk/Contents/Home/lib/server/libjvm.dylib
0x0000000104354000 	/opt/homebrew/Cellar/openjdk@11/11.0.25/libexec/openjdk.jdk/Contents/Home/lib/libverify.dylib
0x00000001043a4000 	/opt/homebrew/Cellar/openjdk@11/11.0.25/libexec/openjdk.jdk/Contents/Home/lib/libjava.dylib
0x000000010436c000 	/opt/homebrew/Cellar/openjdk@11/11.0.25/libexec/openjdk.jdk/Contents/Home/lib/libjimage.dylib
0x00000001043dc000 	/opt/homebrew/Cellar/openjdk@11/11.0.25/libexec/openjdk.jdk/Contents/Home/lib/libinstrument.dylib
0x0000000104450000 	/opt/homebrew/Cellar/openjdk@11/11.0.25/libexec/openjdk.jdk/Contents/Home/lib/libzip.dylib
0x000000010465c000 	/opt/homebrew/Cellar/openjdk@11/11.0.25/libexec/openjdk.jdk/Contents/Home/lib/libnio.dylib
0x00000001046a0000 	/opt/homebrew/Cellar/openjdk@11/11.0.25/libexec/openjdk.jdk/Contents/Home/lib/libnet.dylib
0x000000010467c000 	/opt/homebrew/Cellar/openjdk@11/11.0.25/libexec/openjdk.jdk/Contents/Home/lib/libmanagement.dylib
0x00000001046c4000 	/opt/homebrew/Cellar/openjdk@11/11.0.25/libexec/openjdk.jdk/Contents/Home/lib/libmanagement_ext.dylib
0x000000011200c000 	/opt/homebrew/Cellar/openjdk@11/11.0.25/libexec/openjdk.jdk/Contents/Home/lib/libextnet.dylib


VM Arguments:
jvm_args: -javaagent:/Users/zch/software/skywalking-agent/skywalking-agent.jar -Dskywalking.agent.service_name=anynote-admin -Dskywalking.collector.backend_service=127.0.0.1:11800 -XX:TieredStopAtLevel=1 -Xverify:none -Dspring.output.ansi.enabled=always -Dcom.sun.management.jmxremote -Dspring.jmx.enabled=true -Dspring.liveBeansView.mbeanDomain -Dspring.application.admin.enabled=true -Dmanagement.endpoints.jmx.exposure.include=* -javaagent:/Applications/IntelliJ IDEA.app/Contents/lib/idea_rt.jar=63193:/Applications/IntelliJ IDEA.app/Contents/bin -Dfile.encoding=UTF-8 
java_command: com.anynote.admin.AnyNoteAdminApplication
java_class_path (initial): /Users/zch/code/anynote/Anynote-Cloud/anynote-admin/target/classes:/Users/zch/.m2/repository/net/logstash/logback/logstash-logback-encoder/6.6/logstash-logback-encoder-6.6.jar:/Users/zch/.m2/repository/com/fasterxml/jackson/core/jackson-databind/2.13.4.2/jackson-databind-2.13.4.2.jar:/Users/zch/.m2/repository/com/fasterxml/jackson/core/jackson-annotations/2.13.4/jackson-annotations-2.13.4.jar:/Users/zch/.m2/repository/com/fasterxml/jackson/core/jackson-core/2.13.4/jackson-core-2.13.4.jar:/Users/zch/.m2/repository/org/springframework/boot/spring-boot-starter-web/2.7.7/spring-boot-starter-web-2.7.7.jar:/Users/zch/.m2/repository/org/springframework/boot/spring-boot-starter/2.7.7/spring-boot-starter-2.7.7.jar:/Users/zch/.m2/repository/org/springframework/boot/spring-boot/2.7.7/spring-boot-2.7.7.jar:/Users/zch/.m2/repository/org/springframework/boot/spring-boot-autoconfigure/2.7.7/spring-boot-autoconfigure-2.7.7.jar:/Users/zch/.m2/repository/org/springframework/boot/spring-boot-starter-logging/2.7.7/spring-boot-starter-logging-2.7.7.jar:/Users/zch/.m2/repository/ch/qos/logback/logback-classic/1.2.11/logback-classic-1.2.11.jar:/Users/zch/.m2/repository/ch/qos/logback/logback-core/1.2.11/logback-core-1.2.11.jar:/Users/zch/.m2/repository/org/slf4j/slf4j-api/1.7.36/slf4j-api-1.7.36.jar:/Users/zch/.m2/repository/org/apache/logging/log4j/log4j-to-slf4j/2.17.2/log4j-to-slf4j-2.17.2.jar:/Users/zch/.m2/repository/org/apache/logging/log4j/log4j-api/2.17.2/log4j-api-2.17.2.jar:/Users/zch/.m2/repository/org/slf4j/jul-to-slf4j/1.7.36/jul-to-slf4j-1.7.36.jar:/Users/zch/.m2/repository/jakarta/annotation/jakarta.annotation-api/1.3.5/jakarta.annotation-api-1.3.5.jar:/Users/zch/.m2/repository/org/springframework/spring-core/5.3.24/spring-core-5.3.24.jar:/Users/zch/.m2/repository/org/springframework/spring-jcl/5.3.24/spring-jcl-5.3.24.jar:/Users/zch/.m2/repository/org/yaml/snakeyaml/1.30/snakeyaml-1.30.jar:/Users/zch/.m2/repository/org/springframework/boot/spri
Launcher Type: SUN_STANDARD

[Global flags]
     bool BytecodeVerificationLocal                = false                                     {product} {command line}
     bool BytecodeVerificationRemote               = false                                     {product} {command line}
     intx CICompilerCount                          = 4                                         {product} {ergonomic}
     uint ConcGCThreads                            = 2                                         {product} {ergonomic}
     uint G1ConcRefinementThreads                  = 8                                         {product} {ergonomic}
   size_t G1HeapRegionSize                         = 1048576                                   {product} {ergonomic}
    uintx GCDrainStackTargetSize                   = 64                                        {product} {ergonomic}
   size_t InitialHeapSize                          = 402653184                                 {product} {ergonomic}
     bool ManagementServer                         = true                                      {product} {command line}
   size_t MarkStackSize                            = 4194304                                   {product} {ergonomic}
   size_t MaxHeapSize                              = 6442450944                                {product} {ergonomic}
   size_t MaxNewSize                               = 3865051136                                {product} {ergonomic}
   size_t MinHeapDeltaBytes                        = 1048576                                   {product} {ergonomic}
    uintx NonNMethodCodeHeapSize                   = 7549744                                {pd product} {ergonomic}
    uintx NonProfiledCodeHeapSize                  = 244108496                              {pd product} {ergonomic}
    uintx ProfiledCodeHeapSize                     = 0                                      {pd product} {ergonomic}
    uintx ReservedCodeCacheSize                    = 251658240                              {pd product} {ergonomic}
     bool SegmentedCodeCache                       = true                                      {product} {ergonomic}
     intx TieredStopAtLevel                        = 1                                         {product} {command line}
     bool UseCompressedClassPointers               = true                                 {lp64_product} {ergonomic}
     bool UseCompressedOops                        = true                                 {lp64_product} {ergonomic}
     bool UseG1GC                                  = true                                      {product} {ergonomic}

Logging:
Log output configuration:
 #0: stdout all=warning uptime,level,tags
 #1: stderr all=off uptime,level,tags

Environment Variables:
PATH=/Users/zch/.nvm/versions/node/v18.20.4/bin:/Users/zch/miniconda3/bin:/Users/zch/miniconda3/condabin:/Users/zch/software/apache-maven-3.9.9/bin:/opt/homebrew/bin:/opt/homebrew/sbin:/usr/local/bin:/System/Cryptexes/App/usr/bin:/usr/bin:/bin:/usr/sbin:/sbin:/var/run/com.apple.security.cryptexd/codex.system/bootstrap/usr/local/bin:/var/run/com.apple.security.cryptexd/codex.system/bootstrap/usr/bin:/var/run/com.apple.security.cryptexd/codex.system/bootstrap/usr/appleinternal/bin:/Library/Apple/usr/bin:/Users/zch/.cargo/bin:/Users/zch/.lmstudio/bin
SHELL=/bin/zsh
LC_CTYPE=zh_CN.UTF-8
TMPDIR=/var/folders/3k/c0jh496n44v4f8t5jhnw4c900000gn/T/

Signal Handlers:
SIGSEGV: [libjvm.dylib+0x701dd0], sa_mask[0]=11111111011111110111111111111111, sa_flags=SA_ONSTACK|SA_RESTART|SA_SIGINFO
SIGBUS: [libjvm.dylib+0x701dd0], sa_mask[0]=11111111011111110111111111111111, sa_flags=SA_RESTART|SA_SIGINFO
SIGFPE: [libjvm.dylib+0x701dd0], sa_mask[0]=11111111011111110111111111111111, sa_flags=SA_RESTART|SA_SIGINFO
SIGPIPE: [libjvm.dylib+0x56a09c], sa_mask[0]=11111111011111110111111111111111, sa_flags=SA_RESTART|SA_SIGINFO
SIGXFSZ: [libjvm.dylib+0x56a09c], sa_mask[0]=11111111011111110111111111111111, sa_flags=SA_RESTART|SA_SIGINFO
SIGILL: [libjvm.dylib+0x701dd0], sa_mask[0]=11111111011111110111111111111111, sa_flags=SA_RESTART|SA_SIGINFO
SIGUSR2: [libjvm.dylib+0x56a698], sa_mask[0]=00000000000000000000000000000000, sa_flags=SA_RESTART|SA_SIGINFO
SIGHUP: [libjvm.dylib+0x568e30], sa_mask[0]=11111111011111110111111111111111, sa_flags=SA_RESTART|SA_SIGINFO
SIGINT: [libjvm.dylib+0x568e30], sa_mask[0]=11111111011111110111111111111111, sa_flags=SA_RESTART|SA_SIGINFO
SIGTERM: [libjvm.dylib+0x568e30], sa_mask[0]=11111111011111110111111111111111, sa_flags=SA_RESTART|SA_SIGINFO
SIGQUIT: [libjvm.dylib+0x568e30], sa_mask[0]=11111111011111110111111111111111, sa_flags=SA_RESTART|SA_SIGINFO


---------------  S Y S T E M  ---------------

OS:uname:Darwin 24.4.0 Darwin Kernel Version 24.4.0: Wed Mar 19 21:18:00 PDT 2025; root:xnu-11417.101.15~1/RELEASE_ARM64_T8122 arm64
OS uptime: 0 days 20:36 hours
rlimit (soft/hard): STACK 8176k/65520k , CORE 0k/infinity , NPROC 4000/6000 , NOFILE 10240/infinity , AS infinity/infinity , CPU infinity/infinity , DATA infinity/infinity , FSIZE infinity/infinity , MEMLOCK infinity/infinity , RSS infinity/infinity
load average:7.34 4.96 4.09

CPU:total 8 (initial active 8) 0x61:0x0:0xfa33415e:0, simd, crc, lse

Memory: 16k page, physical 25165824k(172752k free), swap 11534336k(341504k free)

vm_info: OpenJDK 64-Bit Server VM (11.0.25+0) for bsd-aarch64 JRE (11.0.25+0), built on Oct 15 2024 22:10:31 by "brew" with clang Homebrew Clang 19.1.1

END.
