#
# A fatal error has been detected by the Java Runtime Environment:
#
#  SIGSEGV (0xb) at pc=0x000000010228511c, pid=22873, tid=49667
#
# JRE version: OpenJDK Runtime Environment Homebrew (11.0.25) (build 11.0.25+0)
# Java VM: OpenJDK 64-Bit Server VM Homebrew (11.0.25+0, mixed mode, tiered, compressed oops, g1 gc, bsd-aarch64)
# Problematic frame:
# V  [libjvm.dylib+0x69511c]  ObjectSynchronizer::inflate(Thread*, oopDesc*, ObjectSynchronizer::InflateCause)+0x18c
#
# No core dump will be written. Core dumps have been disabled. To enable core dumping, try "ulimit -c unlimited" before starting Java again
#
# If you would like to submit a bug report, please visit:
#   https://github.com/Homebrew/homebrew-core/issues
#

---------------  S U M M A R Y ------------

Command Line: -agentlib:jdwp=transport=dt_socket,address=127.0.0.1:51854,suspend=y,server=n -XX:TieredStopAtLevel=1 -Xverify:none -Dspring.output.ansi.enabled=always -Dcom.sun.management.jmxremote -Dspring.jmx.enabled=true -Dspring.liveBeansView.mbeanDomain -Dspring.application.admin.enabled=true -Dmanagement.endpoints.jmx.exposure.include=* -javaagent:/Users/zch/Library/Caches/JetBrains/IntelliJIdea2024.2/captureAgent/debugger-agent.jar=file:/private/var/folders/3k/c0jh496n44v4f8t5jhnw4c900000gn/T/capture.props -Dkotlinx.coroutines.debug.enable.creation.stack.trace=false -Ddebugger.agent.enable.coroutines=true -Dfile.encoding=UTF-8 com.anynote.file.AnyNoteFileApplication

Host: Mac15,12 arm64 1 MHz, 8 cores, 24G, Darwin 24.3.0
Time: Fri Feb 21 15:30:42 2025 CST elapsed time: 1.525046 seconds (0d 0h 0m 1s)

---------------  T H R E A D  ---------------

Current thread (0x000000013645b800):  JavaThread "Thread-8" [_thread_in_Java, id=49667, stack(0x000000017ea74000,0x000000017ec77000)]

Stack: [0x000000017ea74000,0x000000017ec77000],  sp=0x000000017ec75480,  free space=2053k
Native frames: (J=compiled Java code, A=aot compiled Java code, j=interpreted, Vv=VM code, C=native code)
V  [libjvm.dylib+0x69511c]  ObjectSynchronizer::inflate(Thread*, oopDesc*, ObjectSynchronizer::InflateCause)+0x18c
V  [libjvm.dylib+0x694f70]  ObjectSynchronizer::fast_exit(oopDesc*, BasicLock*, Thread*)+0x54
V  [libjvm.dylib+0x5e9130]  SharedRuntime::monitor_exit_helper(oopDesc*, BasicLock*, JavaThread*, bool)+0x44
V  [libjvm.dylib+0x12aa9c]  Runtime1::monitorexit(JavaThread*, BasicObjectLock*)+0x58
v  ~RuntimeStub::monitorexit_nofpu Runtime1 stub
C  0x0000000640a377a8

Java frames: (J=compiled Java code, j=interpreted, Vv=VM code)
v  ~RuntimeStub::monitorexit_nofpu Runtime1 stub
J 304 c1 java.util.zip.ZipFile.getEntry(Ljava/lang/String;Ljava/util/function/Function;)Ljava/util/zip/ZipEntry; java.base@11.0.25 (73 bytes) @ 0x000000010b70d4ac [0x000000010b70d240+0x000000000000026c]
J 1217 c1 java.util.jar.JarFile.getEntry(Ljava/lang/String;)Ljava/util/zip/ZipEntry; java.base@11.0.25 (22 bytes) @ 0x000000010b8b4854 [0x000000010b8b4780+0x00000000000000d4]
J 1220 c1 jdk.internal.loader.URLClassPath$JarLoader.getResource(Ljava/lang/String;Z)Ljdk/internal/loader/Resource; java.base@11.0.25 (65 bytes) @ 0x000000010b8b1ed4 [0x000000010b8b1e40+0x0000000000000094]
J 1194 c1 jdk.internal.loader.URLClassPath.getResource(Ljava/lang/String;Z)Ljdk/internal/loader/Resource; java.base@11.0.25 (74 bytes) @ 0x000000010b8a8948 [0x000000010b8a88c0+0x0000000000000088]
J 1302 c1 jdk.internal.loader.BuiltinClassLoader.findClassOnClassPathOrNull(Ljava/lang/String;)Ljava/lang/Class; java.base@11.0.25 (64 bytes) @ 0x000000010b8e2e14 [0x000000010b8e2d40+0x00000000000000d4]
J 3082 c1 jdk.internal.loader.BuiltinClassLoader.loadClassOrNull(Ljava/lang/String;Z)Ljava/lang/Class; java.base@11.0.25 (143 bytes) @ 0x000000010bbd51f8 [0x000000010bbd4d80+0x0000000000000478]
J 1253 c1 jdk.internal.loader.ClassLoaders$AppClassLoader.loadClass(Ljava/lang/String;Z)Ljava/lang/Class; java.base@11.0.25 (40 bytes) @ 0x000000010b8c8fe4 [0x000000010b8c8ec0+0x0000000000000124]
J 1248 c1 java.lang.ClassLoader.loadClass(Ljava/lang/String;)Ljava/lang/Class; java.base@11.0.25 (7 bytes) @ 0x000000010b8c56bc [0x000000010b8c5640+0x000000000000007c]
v  ~StubRoutines::call_stub
J 1063  java.lang.Class.forName0(Ljava/lang/String;ZLjava/lang/ClassLoader;Ljava/lang/Class;)Ljava/lang/Class; java.base@11.0.25 (0 bytes) @ 0x000000010b8687f8 [0x000000010b868740+0x00000000000000b8]
J 1180 c1 java.lang.Class.forName(Ljava/lang/String;ZLjava/lang/ClassLoader;)Ljava/lang/Class; java.base@11.0.25 (47 bytes) @ 0x000000010b89eb8c [0x000000010b89ea80+0x000000000000010c]
j  org.springframework.boot.autoconfigure.condition.FilteringSpringBootCondition.resolve(Ljava/lang/String;Ljava/lang/ClassLoader;)Ljava/lang/Class;+7
j  org.springframework.boot.autoconfigure.condition.FilteringSpringBootCondition$ClassNameFilter.isPresent(Ljava/lang/String;Ljava/lang/ClassLoader;)Z+10
j  org.springframework.boot.autoconfigure.condition.FilteringSpringBootCondition$ClassNameFilter$2.matches(Ljava/lang/String;Ljava/lang/ClassLoader;)Z+2
j  org.springframework.boot.autoconfigure.condition.OnClassCondition$StandardOutcomesResolver.getOutcome(Ljava/lang/String;Ljava/lang/ClassLoader;)Lorg/springframework/boot/autoconfigure/condition/ConditionOutcome;+5
j  org.springframework.boot.autoconfigure.condition.OnClassCondition$StandardOutcomesResolver.getOutcome(Ljava/lang/String;)Lorg/springframework/boot/autoconfigure/condition/ConditionOutcome;+15
j  org.springframework.boot.autoconfigure.condition.OnClassCondition$StandardOutcomesResolver.getOutcomes([Ljava/lang/String;IILorg/springframework/boot/autoconfigure/AutoConfigurationMetadata;)[Lorg/springframework/boot/autoconfigure/condition/ConditionOutcome;+55
j  org.springframework.boot.autoconfigure.condition.OnClassCondition$StandardOutcomesResolver.resolveOutcomes()[Lorg/springframework/boot/autoconfigure/condition/ConditionOutcome;+17
j  org.springframework.boot.autoconfigure.condition.OnClassCondition$ThreadedOutcomesResolver.lambda$new$0(Lorg/springframework/boot/autoconfigure/condition/OnClassCondition$OutcomesResolver;)V+2
j  org.springframework.boot.autoconfigure.condition.OnClassCondition$ThreadedOutcomesResolver$$Lambda$492.run()V+8
j  java.lang.Thread.run()V+11 java.base@11.0.25
v  ~StubRoutines::call_stub

siginfo: si_signo: 11 (SIGSEGV), si_code: 2 (SEGV_ACCERR), si_addr: 0x0000000000000000

Register to memory mapping:

 x0=0x0 is NULL
 x1=0x0000000640529560 is an oop: java.util.jar.JarFile 
{0x0000000640529560} - klass: 'java/util/jar/JarFile'
 - ---- fields (total size 8 words):
 - private 'lastEntryPos' 'I' @12  4063 (fdf)
 - private volatile 'closeRequested' 'Z' @16  false
 - private final 'name' 'Ljava/lang/String;' @20  "/Users/zch/.m2/repository/org/springframework/data/spring-data-redis/2.7.6/spring-data-redis-2.7.6.jar"{0x0000000640364a68} (c806c94d)
 - private final synchronized 'zc' 'Ljava/util/zip/ZipCoder;' @24  a 'java/util/zip/ZipCoder$UTF8'{0x0000000640aa3d10} (c81547a2)
 - private final synchronized 'res' 'Ljava/util/zip/ZipFile$CleanableResource;' @28  a 'java/util/zip/ZipFile$CleanableResource'{0x00000006405e6680} (c80bccd0)
 - private 'lastEntryName' 'Ljava/lang/String;' @32  "org/springframework/data/redis/repository/configuration/EnableRedisRepositories.class"{0x0000000656a2fae0} (cad45f5c)
 - private final 'versionFeature' 'I' @36  11 (b)
 - private 'jvInitialized' 'Z' @40  false
 - private 'verify' 'Z' @41  false
 - private 'isMultiRelease' 'Z' @42  false
 - private 'hasClassPathAttribute' 'Z' @43  false
 - private volatile 'hasCheckedSpecialAttributes' 'Z' @44  true
 - private strict 'manRef' 'Ljava/lang/ref/SoftReference;' @48  a 'java/lang/ref/SoftReference'{0x0000000656c2fc60} (cad85f8c)
 - private 'manEntry' 'Ljava/util/jar/JarEntry;' @52  a 'java/util/jar/JarFile$JarFileEntry'{0x00000006405e69d8} (c80bcd3b)
 - private 'jv' 'Ljava/util/jar/JarVerifier;' @56  
[error occurred during error reporting (printing register info), id 0xb, SIGSEGV (0xb) at pc=0x0000000102149918]

Registers:
 x0=0x0000000000000000  x1=0x0000000640529560  x2=0x0000000000000000  x3=0x0000000000000001
 x4=0x00000000fb61baf3  x5=0x000000064064ddf0  x6=0x0000000000000fe8  x7=0x0000000000000ea3
 x8=0x0000000000000000  x9=0x0000000000001889 x10=0x0000000000000000 x11=0x000000065698a260
x12=0x000000010180ec48 x13=0x00000000000007fd x14=0x00000000cee0c068 x15=0x00000000cec0bffb
x16=0x0000000000000020 x17=0x00006000003fb780 x18=0x0000000000000000 x19=0x0000000000000000
x20=0x0000000640529560 x21=0x0000000150816a80 x22=0x000000013645b800 x23=0x0000000000000000
x24=0x000000010247ba84 x25=0x0000000000000000 x26=0x000060000324a690 x27=0x0000000000000000
x28=0x000000013645b800  fp=0x000000017ec75530  lr=0x0000000102285118  sp=0x000000017ec75480
pc=0x000000010228511c cpsr=0x0000000060001000
Top of Stack: (sp=0x000000017ec75480)
0x000000017ec75480:   000000017ec754f0 0000000656989ed0
0x000000017ec75490:   0000000100000000 00006000ffffffff
0x000000017ec754a0:   0000600003c78000 0000000000000019
0x000000017ec754b0:   00000001024a9000 00000000bc8bc6bc
0x000000017ec754c0:   0000000000000000 0000000000000000
0x000000017ec754d0:   0000000656989e00 ffffffff03c78000
0x000000017ec754e0:   0000000145f6aa20 0000600000c998e0
0x000000017ec754f0:   000060000324a690 000000000000000c
0x000000017ec75500:   000000010afad680 0000000000000000
0x000000017ec75510:   000000013645b800 0000000000000001
0x000000017ec75520:   0000000640529560 000000013645b800
0x000000017ec75530:   000000017ec75550 0000000102284f70
0x000000017ec75540:   0000000640529560 000000017ec75850
0x000000017ec75550:   000000017ec75590 00000001021d9130
0x000000017ec75560:   000000013645b800 000000013645b800
0x000000017ec75570:   000000013645b800 0000000000000001
0x000000017ec75580:   000000017ec75850 000000013645b800
0x000000017ec75590:   000000017ec755c0 0000000101d1aa9c
0x000000017ec755a0:   000000017ec75fd8 000000017ec75ef8
0x000000017ec755b0:   000000017ec75d20 000000065698a310
0x000000017ec755c0:   000000017ec757c0 000000010b06cbf8
0x000000017ec755d0:   000000017ec755f0 000000013645b800
0x000000017ec755e0:   0000000000000000 000000013645b800
0x000000017ec755f0:   000000017ec75640 000000013645b800
0x000000017ec75600:   0000007b0000006e 00006000023fb380
0x000000017ec75610:   000000010000000d 000000065698a108
0x000000017ec75620:   000000065698a118 000000065698a1b0
0x000000017ec75630:   0000000145f6ed08 000000013645bb50
0x000000017ec75640:   000000017ec756a0 0000000100f5bd1c
0x000000017ec75650:   000000017ec75e00 000000010b715204
0x000000017ec75660:   000060000324a690 000000000000000c
0x000000017ec75670:   000000017ec75e00 000000010b70ab70 

Instructions: (pc=0x000000010228511c)
0x000000010228501c:   1f 30 00 f9 1f 44 00 f9 1f 28 00 f9 79 03 00 b4
0x000000010228502c:   b7 02 00 f9 bf 22 00 f9 bf 2a 00 f9 b4 06 00 f9
0x000000010228503c:   bf 2a 00 f9 bf 3a 00 f9 08 03 40 b9 a8 7e 00 b9
0x000000010228504c:   a9 02 7f b2 bf 3b 03 d5 e8 03 17 aa 89 7e a8 c8
0x000000010228505c:   bf 3b 03 d5 1f 01 17 eb 60 08 00 54 ff 02 08 eb
0x000000010228506c:   20 08 00 54 bf 06 00 f9 bf 22 00 f9 bf 2a 00 f9
0x000000010228507c:   bf 36 00 f9 bf 2e 00 f9 bf 32 00 f9 bf 46 00 f9
0x000000010228508c:   bf 2a 00 f9 0d 00 00 14 bf 3a 00 f9 bf 2a 00 f9
0x000000010228509c:   08 03 40 b9 a8 7e 00 b9 bf 3b 03 d5 e8 03 17 aa
0x00000001022850ac:   9f 7e a8 c8 bf 3b 03 d5 1f 01 17 eb c0 02 00 54
0x00000001022850bc:   ff 02 08 eb 80 02 00 54 e0 03 16 aa e1 03 15 aa
0x00000001022850cc:   22 00 80 52 9c 05 00 94 97 02 40 f9 e0 03 17 aa
0x00000001022850dc:   81 b9 ed 97 e0 f8 0f 36 e0 03 17 aa 7e b9 ed 97
0x00000001022850ec:   15 00 7f d2 e0 03 15 aa fd 7b 4b a9 f4 4f 4a a9
0x00000001022850fc:   f6 57 49 a9 f8 5f 48 a9 fa 67 47 a9 ff 03 03 91
0x000000010228510c:   c0 03 5f d6 e0 03 17 aa 73 b9 ed 97 08 f8 7e 92
0x000000010228511c:   08 01 40 f9 a8 02 00 f9 e0 03 17 aa 6e b9 ed 97
0x000000010228512c:   a0 22 00 f9 bf 2a 00 f9 b4 06 00 f9 88 02 40 f9
0x000000010228513c:   48 01 00 b4 e0 07 00 90 00 7c 3c 91 e2 07 00 b0
0x000000010228514c:   42 10 02 91 03 05 00 90 63 e0 08 91 01 bd 80 52
0x000000010228515c:   ce 9d ed 97 28 49 fb 97 a8 02 7f b2 bf 3b 03 d5
0x000000010228516c:   88 02 00 f9 08 11 00 d0 08 41 0b 91 08 01 40 f9
0x000000010228517c:   48 01 00 b4 09 11 00 d0 29 e1 2b 91 29 01 40 39
0x000000010228518c:   3f 05 00 71 a1 00 00 54 08 15 40 f9 09 01 40 f9
0x000000010228519c:   29 05 00 91 09 01 00 f9 c8 0f 00 f0 08 e5 43 f9
0x00000001022851ac:   28 06 00 b4 c8 10 00 d0 08 e5 37 91 08 01 40 39
0x00000001022851bc:   1f 05 00 71 21 01 00 54 89 0a 40 b9 ca 0f 00 f0
0x00000001022851cc:   4a 61 2b 91 4b 09 40 b9 4a 01 40 f9 2b 21 cb 9a
0x00000001022851dc:   6a 01 0a 8b 03 00 00 14 8a 06 40 f9 e9 03 0a aa
0x00000001022851ec:   4a 09 40 b9 5f 05 00 71 eb 03 00 54 80 10 00 d0
0x00000001022851fc:   00 80 27 91 0a 00 40 f9 40 01 3f d6 0a 00 40 f9
0x000000010228520c:   4a 3d 41 f9 ea 0f 00 f9 40 05 c0 3d e0 03 82 3c 


Stack slot to memory mapping:
stack at sp + 0 slots: 0x000000017ec754f0 is pointing into the stack for thread: 0x000000013645b800
stack at sp + 1 slots: 0x0000000656989ed0 is an oop: java.lang.String 
{0x0000000656989ed0} - klass: 'java/lang/String'
 - string: "/Users/zch/code/anynote/Anynote-Cloud/anynote-api/anynote-api-system/target/classes/com/couchbase/client/java/Cluster.class"
stack at sp + 2 slots: 0x0000000100000000 is an unknown value
stack at sp + 3 slots: 0x00006000ffffffff is an unknown value
stack at sp + 4 slots: 0x0000600003c78000 points into unknown readable memory: 0x0000000000000000 | 00 00 00 00 00 00 00 00
stack at sp + 5 slots: 0x0000000000000019 is an unknown value
stack at sp + 6 slots: 0x00000001024a9000: _ZN14NMethodSweeper8_currentE+0x8 in /opt/homebrew/Cellar/openjdk@11/11.0.25/libexec/openjdk.jdk/Contents/Home/lib/server/libjvm.dylib at 0x0000000101bf0000
stack at sp + 7 slots: 0x00000000bc8bc6bc is an unknown value


---------------  P R O C E S S  ---------------

Threads class SMR info:
_java_thread_list=0x0000600000c83080, length=44, elements={
0x0000000151008800, 0x000000013604a000, 0x0000000146016000, 0x0000000146032000,
0x000000014602e000, 0x0000000146023000, 0x0000000146024000, 0x0000000147913800,
0x000000015101e000, 0x000000015101e800, 0x000000015080a000, 0x0000000136340000,
0x0000000150265000, 0x0000000147a0a800, 0x00000001363f8000, 0x0000000147c81000,
0x0000000147d04000, 0x00000001502af000, 0x0000000150262000, 0x000000013643b000,
0x0000000136425800, 0x00000001363c4000, 0x000000014703c800, 0x0000000146458000,
0x0000000146380800, 0x0000000147cf6800, 0x0000000136483000, 0x0000000147d17000,
0x0000000136061000, 0x0000000150253000, 0x000000013648e000, 0x0000000150845000,
0x0000000147d22800, 0x0000000147d27800, 0x0000000146479000, 0x0000000147d4e000,
0x00000001502a7800, 0x000000015028e000, 0x0000000150325800, 0x0000000150304800,
0x0000000150326800, 0x000000015031c000, 0x000000015031d000, 0x000000013645b800
}

Java Threads: ( => current thread )
  0x0000000151008800 JavaThread "main" [_thread_blocked, id=4867, stack(0x000000016f038000,0x000000016f23b000)]
  0x000000013604a000 JavaThread "Reference Handler" daemon [_thread_blocked, id=16899, stack(0x0000000178004000,0x0000000178207000)]
  0x0000000146016000 JavaThread "Finalizer" daemon [_thread_blocked, id=20995, stack(0x0000000178210000,0x0000000178413000)]
  0x0000000146032000 JavaThread "Signal Dispatcher" daemon [_thread_blocked, id=21763, stack(0x000000017841c000,0x000000017861f000)]
  0x000000014602e000 JavaThread "Service Thread" daemon [_thread_blocked, id=22275, stack(0x0000000178628000,0x000000017882b000)]
  0x0000000146023000 JavaThread "C1 CompilerThread0" daemon [_thread_blocked, id=32003, stack(0x0000000178834000,0x0000000178a37000)]
  0x0000000146024000 JavaThread "Sweeper thread" daemon [_thread_blocked, id=31491, stack(0x0000000178a40000,0x0000000178c43000)]
  0x0000000147913800 JavaThread "Common-Cleaner" daemon [_thread_blocked, id=23299, stack(0x0000000178c4c000,0x0000000178e4f000)]
  0x000000015101e000 JavaThread "JDWP Transport Listener: dt_socket" daemon [_thread_blocked, id=23555, stack(0x0000000178e58000,0x000000017905b000)]
  0x000000015101e800 JavaThread "JDWP Event Helper Thread" daemon [_thread_blocked, id=24067, stack(0x0000000179064000,0x0000000179267000)]
  0x000000015080a000 JavaThread "JDWP Command Reader" daemon [_thread_in_native, id=29955, stack(0x0000000179270000,0x0000000179473000)]
  0x0000000136340000 JavaThread "RMI TCP Accept-0" daemon [_thread_in_native, id=27139, stack(0x000000017a4dc000,0x000000017a6df000)]
  0x0000000150265000 JavaThread "logback-1" daemon [_thread_blocked, id=33031, stack(0x000000017ab00000,0x000000017ad03000)]
  0x0000000147a0a800 JavaThread "logback-2" daemon [_thread_blocked, id=42499, stack(0x000000017ad0c000,0x000000017af0f000)]
  0x00000001363f8000 JavaThread "logback-3" daemon [_thread_blocked, id=41475, stack(0x000000017b124000,0x000000017b327000)]
  0x0000000147c81000 JavaThread "com.alibaba.nacos.client.identify.watcher.0" daemon [_thread_blocked, id=41735, stack(0x000000017af18000,0x000000017b11b000)]
  0x0000000147d04000 JavaThread "com.alibaba.nacos.client.Worker" daemon [_thread_blocked, id=41219, stack(0x000000017b330000,0x000000017b533000)]
  0x00000001502af000 JavaThread "logback-4" daemon [_thread_blocked, id=40967, stack(0x000000017b53c000,0x000000017b73f000)]
  0x0000000150262000 JavaThread "logback-5" daemon [_thread_blocked, id=35843, stack(0x000000017b748000,0x000000017b94b000)]
  0x000000013643b000 JavaThread "nacos.publisher-com.alibaba.nacos.common.notify.SlowEvent" daemon [_thread_blocked, id=36355, stack(0x000000017b954000,0x000000017bb57000)]
  0x0000000136425800 JavaThread "com.alibaba.nacos.client.remote.worker" daemon [_thread_blocked, id=40451, stack(0x000000017bb60000,0x000000017bd63000)]
  0x00000001363c4000 JavaThread "com.alibaba.nacos.client.remote.worker" daemon [_thread_blocked, id=37379, stack(0x000000017bd6c000,0x000000017bf6f000)]
  0x000000014703c800 JavaThread "Attach Listener" daemon [_thread_blocked, id=39427, stack(0x000000017bf78000,0x000000017c17b000)]
  0x0000000146458000 JavaThread "grpc-nio-worker-ELG-1-1" daemon [_thread_in_native, id=38147, stack(0x000000017c184000,0x000000017c387000)]
  0x0000000146380800 JavaThread "grpc-default-executor-0" daemon [_thread_blocked, id=38659, stack(0x000000017c390000,0x000000017c593000)]
  0x0000000147cf6800 JavaThread "grpc-nio-worker-ELG-1-2" daemon [_thread_in_native, id=43779, stack(0x000000017c59c000,0x000000017c79f000)]
  0x0000000136483000 JavaThread "nacos-grpc-client-executor-0" daemon [_thread_blocked, id=65027, stack(0x000000017c7a8000,0x000000017c9ab000)]
  0x0000000147d17000 JavaThread "nacos-grpc-client-executor-1" daemon [_thread_blocked, id=44291, stack(0x000000017c9b4000,0x000000017cbb7000)]
  0x0000000136061000 JavaThread "nacos-grpc-client-executor-2" daemon [_thread_blocked, id=63747, stack(0x000000017cbc0000,0x000000017cdc3000)]
  0x0000000150253000 JavaThread "RMI TCP Connection(1)-127.0.0.1" daemon [_thread_in_native, id=44547, stack(0x000000017cdcc000,0x000000017cfcf000)]
  0x000000013648e000 JavaThread "nacos-grpc-client-executor-3" daemon [_thread_blocked, id=44803, stack(0x000000017cfd8000,0x000000017d1db000)]
  0x0000000150845000 JavaThread "RMI Scheduler(0)" daemon [_thread_blocked, id=62211, stack(0x000000017d1e4000,0x000000017d3e7000)]
  0x0000000147d22800 JavaThread "nacos-grpc-client-executor-4" daemon [_thread_blocked, id=45571, stack(0x000000017d3f0000,0x000000017d5f3000)]
  0x0000000147d27800 JavaThread "nacos-grpc-client-executor-5" daemon [_thread_blocked, id=60931, stack(0x000000017d808000,0x000000017da0b000)]
  0x0000000146479000 JavaThread "nacos-grpc-client-executor-6" daemon [_thread_blocked, id=61191, stack(0x000000017d5fc000,0x000000017d7ff000)]
  0x0000000147d4e000 JavaThread "nacos-grpc-client-executor-7" daemon [_thread_blocked, id=60163, stack(0x000000017da14000,0x000000017dc17000)]
  0x00000001502a7800 JavaThread "nacos-grpc-client-executor-8" daemon [_thread_blocked, id=46339, stack(0x000000017dc20000,0x000000017de23000)]
  0x000000015028e000 JavaThread "nacos-grpc-client-executor-9" daemon [_thread_blocked, id=59395, stack(0x000000017de2c000,0x000000017e02f000)]
  0x0000000150325800 JavaThread "nacos-grpc-client-executor-10" daemon [_thread_blocked, id=59139, stack(0x000000017e038000,0x000000017e23b000)]
  0x0000000150304800 JavaThread "nacos-grpc-client-executor-11" daemon [_thread_blocked, id=47875, stack(0x000000017e244000,0x000000017e447000)]
  0x0000000150326800 JavaThread "nacos-grpc-client-executor-12" daemon [_thread_blocked, id=48131, stack(0x000000017e450000,0x000000017e653000)]
  0x000000015031c000 JavaThread "nacos-grpc-client-executor-13" daemon [_thread_blocked, id=48643, stack(0x000000017e65c000,0x000000017e85f000)]
  0x000000015031d000 JavaThread "nacos-grpc-client-executor-14" daemon [_thread_blocked, id=57859, stack(0x000000017e868000,0x000000017ea6b000)]
=>0x000000013645b800 JavaThread "Thread-8" [_thread_in_Java, id=49667, stack(0x000000017ea74000,0x000000017ec77000)]

Other Threads:
  0x0000000150022000 VMThread "VM Thread" [stack: 0x000000016fc80000,0x000000016fe83000] [id=21507]
  0x0000000146332000 WatcherThread [stack: 0x000000017a6e8000,0x000000017a8eb000] [id=26627]
  0x000000014601e000 GCTaskThread "GC Thread#0" [stack: 0x000000016f244000,0x000000016f447000] [id=12291]
  0x0000000151013800 GCTaskThread "GC Thread#1" [stack: 0x000000017947c000,0x000000017967f000] [id=24835]
  0x0000000147008800 GCTaskThread "GC Thread#2" [stack: 0x0000000179688000,0x000000017988b000] [id=25347]
  0x0000000147c28000 GCTaskThread "GC Thread#3" [stack: 0x0000000179894000,0x0000000179a97000] [id=25603]
  0x000000015020d800 GCTaskThread "GC Thread#4" [stack: 0x0000000179aa0000,0x0000000179ca3000] [id=29187]
  0x000000015020e800 GCTaskThread "GC Thread#5" [stack: 0x0000000179cac000,0x0000000179eaf000] [id=28675]
  0x000000015020f000 GCTaskThread "GC Thread#6" [stack: 0x0000000179eb8000,0x000000017a0bb000] [id=28163]
  0x0000000150210000 GCTaskThread "GC Thread#7" [stack: 0x000000017a0c4000,0x000000017a2c7000] [id=27907]
  0x000000013601e000 ConcurrentGCThread "G1 Main Marker" [stack: 0x000000016f450000,0x000000016f653000] [id=12803]
  0x0000000151011000 ConcurrentGCThread "G1 Conc#0" [stack: 0x000000016f65c000,0x000000016f85f000] [id=15363]
  0x0000000146372800 ConcurrentGCThread "G1 Conc#1" [stack: 0x000000017a8f4000,0x000000017aaf7000] [id=43271]
  0x0000000147900000 ConcurrentGCThread "G1 Refine#0" [stack: 0x000000016f868000,0x000000016fa6b000] [id=14851]
  0x0000000150844000 ConcurrentGCThread "G1 Refine#1" [stack: 0x000000017a2d0000,0x000000017a4d3000] [id=27651]
  0x0000000151012000 ConcurrentGCThread "G1 Young RemSet Sampling" [stack: 0x000000016fa74000,0x000000016fc77000] [id=14595]

Threads with active compile tasks:

VM state:not at safepoint (normal execution)

VM Mutex/Monitor currently owned by a thread: None

Heap address: 0x0000000640000000, size: 6144 MB, Compressed Oops mode: Zero based, Oop shift amount: 3
Narrow klass base: 0x0000000800000000, Narrow klass shift: 0
Compressed class space size: 1073741824 Address: 0x0000000800000000

Heap:
 garbage-first heap   total 472064K, used 120047K [0x0000000640000000, 0x00000007c0000000)
  region size 1024K, 107 young (109568K), 7 survivors (7168K)
 Metaspace       used 42994K, capacity 44062K, committed 44336K, reserved 1087488K
  class space    used 5311K, capacity 5739K, committed 5760K, reserved 1048576K
Heap Regions: E=young(eden), S=young(survivor), O=old, HS=humongous(starts), HC=humongous(continues), CS=collection set, F=free, A=archive, TAMS=top-at-mark-start (previous, next)
|   0|0x0000000640000000, 0x0000000640100000, 0x0000000640100000|100%|HS|  |TAMS 0x0000000640100000, 0x0000000640000000| Complete 
|   1|0x0000000640100000, 0x0000000640200000, 0x0000000640200000|100%| O|  |TAMS 0x0000000640200000, 0x0000000640100000| Untracked 
|   2|0x0000000640200000, 0x0000000640300000, 0x0000000640300000|100%|HS|  |TAMS 0x0000000640300000, 0x0000000640200000| Complete 
|   3|0x0000000640300000, 0x0000000640400000, 0x0000000640400000|100%| O|  |TAMS 0x0000000640400000, 0x0000000640300000| Untracked 
|   4|0x0000000640400000, 0x0000000640500000, 0x0000000640500000|100%| O|  |TAMS 0x0000000640500000, 0x0000000640400000| Untracked 
|   5|0x0000000640500000, 0x0000000640600000, 0x0000000640600000|100%| O|  |TAMS 0x0000000640600000, 0x0000000640500000| Untracked 
|   6|0x0000000640600000, 0x0000000640700000, 0x0000000640700000|100%| O|  |TAMS 0x0000000640700000, 0x0000000640600000| Untracked 
|   7|0x0000000640700000, 0x0000000640800000, 0x0000000640800000|100%| O|  |TAMS 0x0000000640800000, 0x0000000640700000| Untracked 
|   8|0x0000000640800000, 0x0000000640900000, 0x0000000640900000|100%| O|  |TAMS 0x0000000640900000, 0x0000000640800000| Untracked 
|   9|0x0000000640900000, 0x0000000640a00000, 0x0000000640a00000|100%| O|  |TAMS 0x0000000640a00000, 0x0000000640900000| Untracked 
|  10|0x0000000640a00000, 0x0000000640b00000, 0x0000000640b00000|100%| O|  |TAMS 0x0000000640b00000, 0x0000000640a00000| Untracked 
|  11|0x0000000640b00000, 0x0000000640b61a00, 0x0000000640c00000| 38%| O|  |TAMS 0x0000000640b61a00, 0x0000000640b00000| Untracked 
|  12|0x0000000640c00000, 0x0000000640c00000, 0x0000000640d00000|  0%| F|  |TAMS 0x0000000640c00000, 0x0000000640c00000| Untracked 
|  13|0x0000000640d00000, 0x0000000640d00000, 0x0000000640e00000|  0%| F|  |TAMS 0x0000000640d00000, 0x0000000640d00000| Untracked 
|  14|0x0000000640e00000, 0x0000000640e00000, 0x0000000640f00000|  0%| F|  |TAMS 0x0000000640e00000, 0x0000000640e00000| Untracked 
|  15|0x0000000640f00000, 0x0000000640f00000, 0x0000000641000000|  0%| F|  |TAMS 0x0000000640f00000, 0x0000000640f00000| Untracked 
|  16|0x0000000641000000, 0x0000000641000000, 0x0000000641100000|  0%| F|  |TAMS 0x0000000641000000, 0x0000000641000000| Untracked 
|  17|0x0000000641100000, 0x0000000641100000, 0x0000000641200000|  0%| F|  |TAMS 0x0000000641100000, 0x0000000641100000| Untracked 
|  18|0x0000000641200000, 0x0000000641200000, 0x0000000641300000|  0%| F|  |TAMS 0x0000000641200000, 0x0000000641200000| Untracked 
|  19|0x0000000641300000, 0x0000000641300000, 0x0000000641400000|  0%| F|  |TAMS 0x0000000641300000, 0x0000000641300000| Untracked 
|  20|0x0000000641400000, 0x0000000641400000, 0x0000000641500000|  0%| F|  |TAMS 0x0000000641400000, 0x0000000641400000| Untracked 
|  21|0x0000000641500000, 0x0000000641500000, 0x0000000641600000|  0%| F|  |TAMS 0x0000000641500000, 0x0000000641500000| Untracked 
|  22|0x0000000641600000, 0x0000000641600000, 0x0000000641700000|  0%| F|  |TAMS 0x0000000641600000, 0x0000000641600000| Untracked 
|  23|0x0000000641700000, 0x0000000641700000, 0x0000000641800000|  0%| F|  |TAMS 0x0000000641700000, 0x0000000641700000| Untracked 
|  24|0x0000000641800000, 0x0000000641800000, 0x0000000641900000|  0%| F|  |TAMS 0x0000000641800000, 0x0000000641800000| Untracked 
|  25|0x0000000641900000, 0x0000000641900000, 0x0000000641a00000|  0%| F|  |TAMS 0x0000000641900000, 0x0000000641900000| Untracked 
|  26|0x0000000641a00000, 0x0000000641a00000, 0x0000000641b00000|  0%| F|  |TAMS 0x0000000641a00000, 0x0000000641a00000| Untracked 
|  27|0x0000000641b00000, 0x0000000641b00000, 0x0000000641c00000|  0%| F|  |TAMS 0x0000000641b00000, 0x0000000641b00000| Untracked 
|  28|0x0000000641c00000, 0x0000000641c00000, 0x0000000641d00000|  0%| F|  |TAMS 0x0000000641c00000, 0x0000000641c00000| Untracked 
|  29|0x0000000641d00000, 0x0000000641d00000, 0x0000000641e00000|  0%| F|  |TAMS 0x0000000641d00000, 0x0000000641d00000| Untracked 
|  30|0x0000000641e00000, 0x0000000641e00000, 0x0000000641f00000|  0%| F|  |TAMS 0x0000000641e00000, 0x0000000641e00000| Untracked 
|  31|0x0000000641f00000, 0x0000000641f00000, 0x0000000642000000|  0%| F|  |TAMS 0x0000000641f00000, 0x0000000641f00000| Untracked 
|  32|0x0000000642000000, 0x0000000642000000, 0x0000000642100000|  0%| F|  |TAMS 0x0000000642000000, 0x0000000642000000| Untracked 
|  33|0x0000000642100000, 0x0000000642100000, 0x0000000642200000|  0%| F|  |TAMS 0x0000000642100000, 0x0000000642100000| Untracked 
|  34|0x0000000642200000, 0x0000000642200000, 0x0000000642300000|  0%| F|  |TAMS 0x0000000642200000, 0x0000000642200000| Untracked 
|  35|0x0000000642300000, 0x0000000642300000, 0x0000000642400000|  0%| F|  |TAMS 0x0000000642300000, 0x0000000642300000| Untracked 
|  36|0x0000000642400000, 0x0000000642400000, 0x0000000642500000|  0%| F|  |TAMS 0x0000000642400000, 0x0000000642400000| Untracked 
|  37|0x0000000642500000, 0x0000000642500000, 0x0000000642600000|  0%| F|  |TAMS 0x0000000642500000, 0x0000000642500000| Untracked 
|  38|0x0000000642600000, 0x0000000642600000, 0x0000000642700000|  0%| F|  |TAMS 0x0000000642600000, 0x0000000642600000| Untracked 
|  39|0x0000000642700000, 0x0000000642700000, 0x0000000642800000|  0%| F|  |TAMS 0x0000000642700000, 0x0000000642700000| Untracked 
|  40|0x0000000642800000, 0x0000000642800000, 0x0000000642900000|  0%| F|  |TAMS 0x0000000642800000, 0x0000000642800000| Untracked 
|  41|0x0000000642900000, 0x0000000642900000, 0x0000000642a00000|  0%| F|  |TAMS 0x0000000642900000, 0x0000000642900000| Untracked 
|  42|0x0000000642a00000, 0x0000000642a00000, 0x0000000642b00000|  0%| F|  |TAMS 0x0000000642a00000, 0x0000000642a00000| Untracked 
|  43|0x0000000642b00000, 0x0000000642b00000, 0x0000000642c00000|  0%| F|  |TAMS 0x0000000642b00000, 0x0000000642b00000| Untracked 
|  44|0x0000000642c00000, 0x0000000642c00000, 0x0000000642d00000|  0%| F|  |TAMS 0x0000000642c00000, 0x0000000642c00000| Untracked 
|  45|0x0000000642d00000, 0x0000000642d00000, 0x0000000642e00000|  0%| F|  |TAMS 0x0000000642d00000, 0x0000000642d00000| Untracked 
|  46|0x0000000642e00000, 0x0000000642e00000, 0x0000000642f00000|  0%| F|  |TAMS 0x0000000642e00000, 0x0000000642e00000| Untracked 
|  47|0x0000000642f00000, 0x0000000642f00000, 0x0000000643000000|  0%| F|  |TAMS 0x0000000642f00000, 0x0000000642f00000| Untracked 
|  48|0x0000000643000000, 0x0000000643000000, 0x0000000643100000|  0%| F|  |TAMS 0x0000000643000000, 0x0000000643000000| Untracked 
|  49|0x0000000643100000, 0x0000000643100000, 0x0000000643200000|  0%| F|  |TAMS 0x0000000643100000, 0x0000000643100000| Untracked 
|  50|0x0000000643200000, 0x0000000643200000, 0x0000000643300000|  0%| F|  |TAMS 0x0000000643200000, 0x0000000643200000| Untracked 
|  51|0x0000000643300000, 0x0000000643300000, 0x0000000643400000|  0%| F|  |TAMS 0x0000000643300000, 0x0000000643300000| Untracked 
|  52|0x0000000643400000, 0x0000000643400000, 0x0000000643500000|  0%| F|  |TAMS 0x0000000643400000, 0x0000000643400000| Untracked 
|  53|0x0000000643500000, 0x0000000643500000, 0x0000000643600000|  0%| F|  |TAMS 0x0000000643500000, 0x0000000643500000| Untracked 
|  54|0x0000000643600000, 0x0000000643600000, 0x0000000643700000|  0%| F|  |TAMS 0x0000000643600000, 0x0000000643600000| Untracked 
|  55|0x0000000643700000, 0x0000000643700000, 0x0000000643800000|  0%| F|  |TAMS 0x0000000643700000, 0x0000000643700000| Untracked 
|  56|0x0000000643800000, 0x0000000643800000, 0x0000000643900000|  0%| F|  |TAMS 0x0000000643800000, 0x0000000643800000| Untracked 
|  57|0x0000000643900000, 0x0000000643900000, 0x0000000643a00000|  0%| F|  |TAMS 0x0000000643900000, 0x0000000643900000| Untracked 
|  58|0x0000000643a00000, 0x0000000643a00000, 0x0000000643b00000|  0%| F|  |TAMS 0x0000000643a00000, 0x0000000643a00000| Untracked 
|  59|0x0000000643b00000, 0x0000000643b00000, 0x0000000643c00000|  0%| F|  |TAMS 0x0000000643b00000, 0x0000000643b00000| Untracked 
|  60|0x0000000643c00000, 0x0000000643c00000, 0x0000000643d00000|  0%| F|  |TAMS 0x0000000643c00000, 0x0000000643c00000| Untracked 
|  61|0x0000000643d00000, 0x0000000643d00000, 0x0000000643e00000|  0%| F|  |TAMS 0x0000000643d00000, 0x0000000643d00000| Untracked 
|  62|0x0000000643e00000, 0x0000000643e00000, 0x0000000643f00000|  0%| F|  |TAMS 0x0000000643e00000, 0x0000000643e00000| Untracked 
|  63|0x0000000643f00000, 0x0000000643f00000, 0x0000000644000000|  0%| F|  |TAMS 0x0000000643f00000, 0x0000000643f00000| Untracked 
|  64|0x0000000644000000, 0x0000000644000000, 0x0000000644100000|  0%| F|  |TAMS 0x0000000644000000, 0x0000000644000000| Untracked 
|  65|0x0000000644100000, 0x0000000644100000, 0x0000000644200000|  0%| F|  |TAMS 0x0000000644100000, 0x0000000644100000| Untracked 
|  66|0x0000000644200000, 0x0000000644200000, 0x0000000644300000|  0%| F|  |TAMS 0x0000000644200000, 0x0000000644200000| Untracked 
|  67|0x0000000644300000, 0x0000000644300000, 0x0000000644400000|  0%| F|  |TAMS 0x0000000644300000, 0x0000000644300000| Untracked 
|  68|0x0000000644400000, 0x0000000644400000, 0x0000000644500000|  0%| F|  |TAMS 0x0000000644400000, 0x0000000644400000| Untracked 
|  69|0x0000000644500000, 0x0000000644500000, 0x0000000644600000|  0%| F|  |TAMS 0x0000000644500000, 0x0000000644500000| Untracked 
|  70|0x0000000644600000, 0x0000000644600000, 0x0000000644700000|  0%| F|  |TAMS 0x0000000644600000, 0x0000000644600000| Untracked 
|  71|0x0000000644700000, 0x0000000644700000, 0x0000000644800000|  0%| F|  |TAMS 0x0000000644700000, 0x0000000644700000| Untracked 
|  72|0x0000000644800000, 0x0000000644800000, 0x0000000644900000|  0%| F|  |TAMS 0x0000000644800000, 0x0000000644800000| Untracked 
|  73|0x0000000644900000, 0x0000000644900000, 0x0000000644a00000|  0%| F|  |TAMS 0x0000000644900000, 0x0000000644900000| Untracked 
|  74|0x0000000644a00000, 0x0000000644a00000, 0x0000000644b00000|  0%| F|  |TAMS 0x0000000644a00000, 0x0000000644a00000| Untracked 
|  75|0x0000000644b00000, 0x0000000644b00000, 0x0000000644c00000|  0%| F|  |TAMS 0x0000000644b00000, 0x0000000644b00000| Untracked 
|  76|0x0000000644c00000, 0x0000000644c00000, 0x0000000644d00000|  0%| F|  |TAMS 0x0000000644c00000, 0x0000000644c00000| Untracked 
|  77|0x0000000644d00000, 0x0000000644d00000, 0x0000000644e00000|  0%| F|  |TAMS 0x0000000644d00000, 0x0000000644d00000| Untracked 
|  78|0x0000000644e00000, 0x0000000644e00000, 0x0000000644f00000|  0%| F|  |TAMS 0x0000000644e00000, 0x0000000644e00000| Untracked 
|  79|0x0000000644f00000, 0x0000000644f00000, 0x0000000645000000|  0%| F|  |TAMS 0x0000000644f00000, 0x0000000644f00000| Untracked 
|  80|0x0000000645000000, 0x0000000645000000, 0x0000000645100000|  0%| F|  |TAMS 0x0000000645000000, 0x0000000645000000| Untracked 
|  81|0x0000000645100000, 0x0000000645100000, 0x0000000645200000|  0%| F|  |TAMS 0x0000000645100000, 0x0000000645100000| Untracked 
|  82|0x0000000645200000, 0x0000000645200000, 0x0000000645300000|  0%| F|  |TAMS 0x0000000645200000, 0x0000000645200000| Untracked 
|  83|0x0000000645300000, 0x0000000645300000, 0x0000000645400000|  0%| F|  |TAMS 0x0000000645300000, 0x0000000645300000| Untracked 
|  84|0x0000000645400000, 0x0000000645400000, 0x0000000645500000|  0%| F|  |TAMS 0x0000000645400000, 0x0000000645400000| Untracked 
|  85|0x0000000645500000, 0x0000000645500000, 0x0000000645600000|  0%| F|  |TAMS 0x0000000645500000, 0x0000000645500000| Untracked 
|  86|0x0000000645600000, 0x0000000645600000, 0x0000000645700000|  0%| F|  |TAMS 0x0000000645600000, 0x0000000645600000| Untracked 
|  87|0x0000000645700000, 0x0000000645700000, 0x0000000645800000|  0%| F|  |TAMS 0x0000000645700000, 0x0000000645700000| Untracked 
|  88|0x0000000645800000, 0x0000000645800000, 0x0000000645900000|  0%| F|  |TAMS 0x0000000645800000, 0x0000000645800000| Untracked 
|  89|0x0000000645900000, 0x0000000645900000, 0x0000000645a00000|  0%| F|  |TAMS 0x0000000645900000, 0x0000000645900000| Untracked 
|  90|0x0000000645a00000, 0x0000000645a00000, 0x0000000645b00000|  0%| F|  |TAMS 0x0000000645a00000, 0x0000000645a00000| Untracked 
|  91|0x0000000645b00000, 0x0000000645b00000, 0x0000000645c00000|  0%| F|  |TAMS 0x0000000645b00000, 0x0000000645b00000| Untracked 
|  92|0x0000000645c00000, 0x0000000645c00000, 0x0000000645d00000|  0%| F|  |TAMS 0x0000000645c00000, 0x0000000645c00000| Untracked 
|  93|0x0000000645d00000, 0x0000000645d00000, 0x0000000645e00000|  0%| F|  |TAMS 0x0000000645d00000, 0x0000000645d00000| Untracked 
|  94|0x0000000645e00000, 0x0000000645e00000, 0x0000000645f00000|  0%| F|  |TAMS 0x0000000645e00000, 0x0000000645e00000| Untracked 
|  95|0x0000000645f00000, 0x0000000645f00000, 0x0000000646000000|  0%| F|  |TAMS 0x0000000645f00000, 0x0000000645f00000| Untracked 
|  96|0x0000000646000000, 0x0000000646000000, 0x0000000646100000|  0%| F|  |TAMS 0x0000000646000000, 0x0000000646000000| Untracked 
|  97|0x0000000646100000, 0x0000000646100000, 0x0000000646200000|  0%| F|  |TAMS 0x0000000646100000, 0x0000000646100000| Untracked 
|  98|0x0000000646200000, 0x0000000646200000, 0x0000000646300000|  0%| F|  |TAMS 0x0000000646200000, 0x0000000646200000| Untracked 
|  99|0x0000000646300000, 0x0000000646300000, 0x0000000646400000|  0%| F|  |TAMS 0x0000000646300000, 0x0000000646300000| Untracked 
| 100|0x0000000646400000, 0x0000000646400000, 0x0000000646500000|  0%| F|  |TAMS 0x0000000646400000, 0x0000000646400000| Untracked 
| 101|0x0000000646500000, 0x0000000646500000, 0x0000000646600000|  0%| F|  |TAMS 0x0000000646500000, 0x0000000646500000| Untracked 
| 102|0x0000000646600000, 0x0000000646600000, 0x0000000646700000|  0%| F|  |TAMS 0x0000000646600000, 0x0000000646600000| Untracked 
| 103|0x0000000646700000, 0x0000000646700000, 0x0000000646800000|  0%| F|  |TAMS 0x0000000646700000, 0x0000000646700000| Untracked 
| 104|0x0000000646800000, 0x0000000646800000, 0x0000000646900000|  0%| F|  |TAMS 0x0000000646800000, 0x0000000646800000| Untracked 
| 105|0x0000000646900000, 0x0000000646900000, 0x0000000646a00000|  0%| F|  |TAMS 0x0000000646900000, 0x0000000646900000| Untracked 
| 106|0x0000000646a00000, 0x0000000646a00000, 0x0000000646b00000|  0%| F|  |TAMS 0x0000000646a00000, 0x0000000646a00000| Untracked 
| 107|0x0000000646b00000, 0x0000000646b00000, 0x0000000646c00000|  0%| F|  |TAMS 0x0000000646b00000, 0x0000000646b00000| Untracked 
| 108|0x0000000646c00000, 0x0000000646c00000, 0x0000000646d00000|  0%| F|  |TAMS 0x0000000646c00000, 0x0000000646c00000| Untracked 
| 109|0x0000000646d00000, 0x0000000646d00000, 0x0000000646e00000|  0%| F|  |TAMS 0x0000000646d00000, 0x0000000646d00000| Untracked 
| 110|0x0000000646e00000, 0x0000000646e00000, 0x0000000646f00000|  0%| F|  |TAMS 0x0000000646e00000, 0x0000000646e00000| Untracked 
| 111|0x0000000646f00000, 0x0000000646f00000, 0x0000000647000000|  0%| F|  |TAMS 0x0000000646f00000, 0x0000000646f00000| Untracked 
| 112|0x0000000647000000, 0x0000000647000000, 0x0000000647100000|  0%| F|  |TAMS 0x0000000647000000, 0x0000000647000000| Untracked 
| 113|0x0000000647100000, 0x0000000647100000, 0x0000000647200000|  0%| F|  |TAMS 0x0000000647100000, 0x0000000647100000| Untracked 
| 114|0x0000000647200000, 0x0000000647200000, 0x0000000647300000|  0%| F|  |TAMS 0x0000000647200000, 0x0000000647200000| Untracked 
| 115|0x0000000647300000, 0x0000000647300000, 0x0000000647400000|  0%| F|  |TAMS 0x0000000647300000, 0x0000000647300000| Untracked 
| 116|0x0000000647400000, 0x0000000647400000, 0x0000000647500000|  0%| F|  |TAMS 0x0000000647400000, 0x0000000647400000| Untracked 
| 117|0x0000000647500000, 0x0000000647500000, 0x0000000647600000|  0%| F|  |TAMS 0x0000000647500000, 0x0000000647500000| Untracked 
| 118|0x0000000647600000, 0x0000000647600000, 0x0000000647700000|  0%| F|  |TAMS 0x0000000647600000, 0x0000000647600000| Untracked 
| 119|0x0000000647700000, 0x0000000647700000, 0x0000000647800000|  0%| F|  |TAMS 0x0000000647700000, 0x0000000647700000| Untracked 
| 120|0x0000000647800000, 0x0000000647800000, 0x0000000647900000|  0%| F|  |TAMS 0x0000000647800000, 0x0000000647800000| Untracked 
| 121|0x0000000647900000, 0x0000000647900000, 0x0000000647a00000|  0%| F|  |TAMS 0x0000000647900000, 0x0000000647900000| Untracked 
| 122|0x0000000647a00000, 0x0000000647a00000, 0x0000000647b00000|  0%| F|  |TAMS 0x0000000647a00000, 0x0000000647a00000| Untracked 
| 123|0x0000000647b00000, 0x0000000647b00000, 0x0000000647c00000|  0%| F|  |TAMS 0x0000000647b00000, 0x0000000647b00000| Untracked 
| 124|0x0000000647c00000, 0x0000000647c00000, 0x0000000647d00000|  0%| F|  |TAMS 0x0000000647c00000, 0x0000000647c00000| Untracked 
| 125|0x0000000647d00000, 0x0000000647d00000, 0x0000000647e00000|  0%| F|  |TAMS 0x0000000647d00000, 0x0000000647d00000| Untracked 
| 126|0x0000000647e00000, 0x0000000647e00000, 0x0000000647f00000|  0%| F|  |TAMS 0x0000000647e00000, 0x0000000647e00000| Untracked 
| 127|0x0000000647f00000, 0x0000000647f00000, 0x0000000648000000|  0%| F|  |TAMS 0x0000000647f00000, 0x0000000647f00000| Untracked 
| 128|0x0000000648000000, 0x0000000648000000, 0x0000000648100000|  0%| F|  |TAMS 0x0000000648000000, 0x0000000648000000| Untracked 
| 129|0x0000000648100000, 0x0000000648100000, 0x0000000648200000|  0%| F|  |TAMS 0x0000000648100000, 0x0000000648100000| Untracked 
| 130|0x0000000648200000, 0x0000000648200000, 0x0000000648300000|  0%| F|  |TAMS 0x0000000648200000, 0x0000000648200000| Untracked 
| 131|0x0000000648300000, 0x0000000648300000, 0x0000000648400000|  0%| F|  |TAMS 0x0000000648300000, 0x0000000648300000| Untracked 
| 132|0x0000000648400000, 0x0000000648400000, 0x0000000648500000|  0%| F|  |TAMS 0x0000000648400000, 0x0000000648400000| Untracked 
| 133|0x0000000648500000, 0x0000000648500000, 0x0000000648600000|  0%| F|  |TAMS 0x0000000648500000, 0x0000000648500000| Untracked 
| 134|0x0000000648600000, 0x0000000648600000, 0x0000000648700000|  0%| F|  |TAMS 0x0000000648600000, 0x0000000648600000| Untracked 
| 135|0x0000000648700000, 0x0000000648700000, 0x0000000648800000|  0%| F|  |TAMS 0x0000000648700000, 0x0000000648700000| Untracked 
| 136|0x0000000648800000, 0x0000000648800000, 0x0000000648900000|  0%| F|  |TAMS 0x0000000648800000, 0x0000000648800000| Untracked 
| 137|0x0000000648900000, 0x0000000648900000, 0x0000000648a00000|  0%| F|  |TAMS 0x0000000648900000, 0x0000000648900000| Untracked 
| 138|0x0000000648a00000, 0x0000000648a00000, 0x0000000648b00000|  0%| F|  |TAMS 0x0000000648a00000, 0x0000000648a00000| Untracked 
| 139|0x0000000648b00000, 0x0000000648b00000, 0x0000000648c00000|  0%| F|  |TAMS 0x0000000648b00000, 0x0000000648b00000| Untracked 
| 140|0x0000000648c00000, 0x0000000648c00000, 0x0000000648d00000|  0%| F|  |TAMS 0x0000000648c00000, 0x0000000648c00000| Untracked 
| 141|0x0000000648d00000, 0x0000000648d00000, 0x0000000648e00000|  0%| F|  |TAMS 0x0000000648d00000, 0x0000000648d00000| Untracked 
| 142|0x0000000648e00000, 0x0000000648e00000, 0x0000000648f00000|  0%| F|  |TAMS 0x0000000648e00000, 0x0000000648e00000| Untracked 
| 143|0x0000000648f00000, 0x0000000648f00000, 0x0000000649000000|  0%| F|  |TAMS 0x0000000648f00000, 0x0000000648f00000| Untracked 
| 144|0x0000000649000000, 0x0000000649000000, 0x0000000649100000|  0%| F|  |TAMS 0x0000000649000000, 0x0000000649000000| Untracked 
| 145|0x0000000649100000, 0x0000000649100000, 0x0000000649200000|  0%| F|  |TAMS 0x0000000649100000, 0x0000000649100000| Untracked 
| 146|0x0000000649200000, 0x0000000649200000, 0x0000000649300000|  0%| F|  |TAMS 0x0000000649200000, 0x0000000649200000| Untracked 
| 147|0x0000000649300000, 0x0000000649300000, 0x0000000649400000|  0%| F|  |TAMS 0x0000000649300000, 0x0000000649300000| Untracked 
| 148|0x0000000649400000, 0x0000000649400000, 0x0000000649500000|  0%| F|  |TAMS 0x0000000649400000, 0x0000000649400000| Untracked 
| 149|0x0000000649500000, 0x0000000649500000, 0x0000000649600000|  0%| F|  |TAMS 0x0000000649500000, 0x0000000649500000| Untracked 
| 150|0x0000000649600000, 0x0000000649600000, 0x0000000649700000|  0%| F|  |TAMS 0x0000000649600000, 0x0000000649600000| Untracked 
| 151|0x0000000649700000, 0x0000000649700000, 0x0000000649800000|  0%| F|  |TAMS 0x0000000649700000, 0x0000000649700000| Untracked 
| 152|0x0000000649800000, 0x0000000649800000, 0x0000000649900000|  0%| F|  |TAMS 0x0000000649800000, 0x0000000649800000| Untracked 
| 153|0x0000000649900000, 0x0000000649900000, 0x0000000649a00000|  0%| F|  |TAMS 0x0000000649900000, 0x0000000649900000| Untracked 
| 154|0x0000000649a00000, 0x0000000649a00000, 0x0000000649b00000|  0%| F|  |TAMS 0x0000000649a00000, 0x0000000649a00000| Untracked 
| 155|0x0000000649b00000, 0x0000000649b00000, 0x0000000649c00000|  0%| F|  |TAMS 0x0000000649b00000, 0x0000000649b00000| Untracked 
| 156|0x0000000649c00000, 0x0000000649c00000, 0x0000000649d00000|  0%| F|  |TAMS 0x0000000649c00000, 0x0000000649c00000| Untracked 
| 157|0x0000000649d00000, 0x0000000649d00000, 0x0000000649e00000|  0%| F|  |TAMS 0x0000000649d00000, 0x0000000649d00000| Untracked 
| 158|0x0000000649e00000, 0x0000000649e00000, 0x0000000649f00000|  0%| F|  |TAMS 0x0000000649e00000, 0x0000000649e00000| Untracked 
| 159|0x0000000649f00000, 0x0000000649f00000, 0x000000064a000000|  0%| F|  |TAMS 0x0000000649f00000, 0x0000000649f00000| Untracked 
| 160|0x000000064a000000, 0x000000064a000000, 0x000000064a100000|  0%| F|  |TAMS 0x000000064a000000, 0x000000064a000000| Untracked 
| 161|0x000000064a100000, 0x000000064a100000, 0x000000064a200000|  0%| F|  |TAMS 0x000000064a100000, 0x000000064a100000| Untracked 
| 162|0x000000064a200000, 0x000000064a200000, 0x000000064a300000|  0%| F|  |TAMS 0x000000064a200000, 0x000000064a200000| Untracked 
| 163|0x000000064a300000, 0x000000064a300000, 0x000000064a400000|  0%| F|  |TAMS 0x000000064a300000, 0x000000064a300000| Untracked 
| 164|0x000000064a400000, 0x000000064a400000, 0x000000064a500000|  0%| F|  |TAMS 0x000000064a400000, 0x000000064a400000| Untracked 
| 165|0x000000064a500000, 0x000000064a500000, 0x000000064a600000|  0%| F|  |TAMS 0x000000064a500000, 0x000000064a500000| Untracked 
| 166|0x000000064a600000, 0x000000064a600000, 0x000000064a700000|  0%| F|  |TAMS 0x000000064a600000, 0x000000064a600000| Untracked 
| 167|0x000000064a700000, 0x000000064a700000, 0x000000064a800000|  0%| F|  |TAMS 0x000000064a700000, 0x000000064a700000| Untracked 
| 168|0x000000064a800000, 0x000000064a800000, 0x000000064a900000|  0%| F|  |TAMS 0x000000064a800000, 0x000000064a800000| Untracked 
| 169|0x000000064a900000, 0x000000064a900000, 0x000000064aa00000|  0%| F|  |TAMS 0x000000064a900000, 0x000000064a900000| Untracked 
| 170|0x000000064aa00000, 0x000000064aa00000, 0x000000064ab00000|  0%| F|  |TAMS 0x000000064aa00000, 0x000000064aa00000| Untracked 
| 171|0x000000064ab00000, 0x000000064ab00000, 0x000000064ac00000|  0%| F|  |TAMS 0x000000064ab00000, 0x000000064ab00000| Untracked 
| 172|0x000000064ac00000, 0x000000064ac00000, 0x000000064ad00000|  0%| F|  |TAMS 0x000000064ac00000, 0x000000064ac00000| Untracked 
| 173|0x000000064ad00000, 0x000000064ad00000, 0x000000064ae00000|  0%| F|  |TAMS 0x000000064ad00000, 0x000000064ad00000| Untracked 
| 174|0x000000064ae00000, 0x000000064ae00000, 0x000000064af00000|  0%| F|  |TAMS 0x000000064ae00000, 0x000000064ae00000| Untracked 
| 175|0x000000064af00000, 0x000000064af00000, 0x000000064b000000|  0%| F|  |TAMS 0x000000064af00000, 0x000000064af00000| Untracked 
| 176|0x000000064b000000, 0x000000064b000000, 0x000000064b100000|  0%| F|  |TAMS 0x000000064b000000, 0x000000064b000000| Untracked 
| 177|0x000000064b100000, 0x000000064b100000, 0x000000064b200000|  0%| F|  |TAMS 0x000000064b100000, 0x000000064b100000| Untracked 
| 178|0x000000064b200000, 0x000000064b200000, 0x000000064b300000|  0%| F|  |TAMS 0x000000064b200000, 0x000000064b200000| Untracked 
| 179|0x000000064b300000, 0x000000064b300000, 0x000000064b400000|  0%| F|  |TAMS 0x000000064b300000, 0x000000064b300000| Untracked 
| 180|0x000000064b400000, 0x000000064b400000, 0x000000064b500000|  0%| F|  |TAMS 0x000000064b400000, 0x000000064b400000| Untracked 
| 181|0x000000064b500000, 0x000000064b500000, 0x000000064b600000|  0%| F|  |TAMS 0x000000064b500000, 0x000000064b500000| Untracked 
| 182|0x000000064b600000, 0x000000064b600000, 0x000000064b700000|  0%| F|  |TAMS 0x000000064b600000, 0x000000064b600000| Untracked 
| 183|0x000000064b700000, 0x000000064b700000, 0x000000064b800000|  0%| F|  |TAMS 0x000000064b700000, 0x000000064b700000| Untracked 
| 184|0x000000064b800000, 0x000000064b800000, 0x000000064b900000|  0%| F|  |TAMS 0x000000064b800000, 0x000000064b800000| Untracked 
| 185|0x000000064b900000, 0x000000064b900000, 0x000000064ba00000|  0%| F|  |TAMS 0x000000064b900000, 0x000000064b900000| Untracked 
| 186|0x000000064ba00000, 0x000000064ba00000, 0x000000064bb00000|  0%| F|  |TAMS 0x000000064ba00000, 0x000000064ba00000| Untracked 
| 187|0x000000064bb00000, 0x000000064bb00000, 0x000000064bc00000|  0%| F|  |TAMS 0x000000064bb00000, 0x000000064bb00000| Untracked 
| 188|0x000000064bc00000, 0x000000064bc00000, 0x000000064bd00000|  0%| F|  |TAMS 0x000000064bc00000, 0x000000064bc00000| Untracked 
| 189|0x000000064bd00000, 0x000000064bd00000, 0x000000064be00000|  0%| F|  |TAMS 0x000000064bd00000, 0x000000064bd00000| Untracked 
| 190|0x000000064be00000, 0x000000064be00000, 0x000000064bf00000|  0%| F|  |TAMS 0x000000064be00000, 0x000000064be00000| Untracked 
| 191|0x000000064bf00000, 0x000000064bf00000, 0x000000064c000000|  0%| F|  |TAMS 0x000000064bf00000, 0x000000064bf00000| Untracked 
| 192|0x000000064c000000, 0x000000064c000000, 0x000000064c100000|  0%| F|  |TAMS 0x000000064c000000, 0x000000064c000000| Untracked 
| 193|0x000000064c100000, 0x000000064c100000, 0x000000064c200000|  0%| F|  |TAMS 0x000000064c100000, 0x000000064c100000| Untracked 
| 194|0x000000064c200000, 0x000000064c200000, 0x000000064c300000|  0%| F|  |TAMS 0x000000064c200000, 0x000000064c200000| Untracked 
| 195|0x000000064c300000, 0x000000064c300000, 0x000000064c400000|  0%| F|  |TAMS 0x000000064c300000, 0x000000064c300000| Untracked 
| 196|0x000000064c400000, 0x000000064c400000, 0x000000064c500000|  0%| F|  |TAMS 0x000000064c400000, 0x000000064c400000| Untracked 
| 197|0x000000064c500000, 0x000000064c500000, 0x000000064c600000|  0%| F|  |TAMS 0x000000064c500000, 0x000000064c500000| Untracked 
| 198|0x000000064c600000, 0x000000064c600000, 0x000000064c700000|  0%| F|  |TAMS 0x000000064c600000, 0x000000064c600000| Untracked 
| 199|0x000000064c700000, 0x000000064c700000, 0x000000064c800000|  0%| F|  |TAMS 0x000000064c700000, 0x000000064c700000| Untracked 
| 200|0x000000064c800000, 0x000000064c800000, 0x000000064c900000|  0%| F|  |TAMS 0x000000064c800000, 0x000000064c800000| Untracked 
| 201|0x000000064c900000, 0x000000064c900000, 0x000000064ca00000|  0%| F|  |TAMS 0x000000064c900000, 0x000000064c900000| Untracked 
| 202|0x000000064ca00000, 0x000000064ca00000, 0x000000064cb00000|  0%| F|  |TAMS 0x000000064ca00000, 0x000000064ca00000| Untracked 
| 203|0x000000064cb00000, 0x000000064cb00000, 0x000000064cc00000|  0%| F|  |TAMS 0x000000064cb00000, 0x000000064cb00000| Untracked 
| 204|0x000000064cc00000, 0x000000064cc00000, 0x000000064cd00000|  0%| F|  |TAMS 0x000000064cc00000, 0x000000064cc00000| Untracked 
| 205|0x000000064cd00000, 0x000000064cd00000, 0x000000064ce00000|  0%| F|  |TAMS 0x000000064cd00000, 0x000000064cd00000| Untracked 
| 206|0x000000064ce00000, 0x000000064ce00000, 0x000000064cf00000|  0%| F|  |TAMS 0x000000064ce00000, 0x000000064ce00000| Untracked 
| 207|0x000000064cf00000, 0x000000064cf00000, 0x000000064d000000|  0%| F|  |TAMS 0x000000064cf00000, 0x000000064cf00000| Untracked 
| 208|0x000000064d000000, 0x000000064d000000, 0x000000064d100000|  0%| F|  |TAMS 0x000000064d000000, 0x000000064d000000| Untracked 
| 209|0x000000064d100000, 0x000000064d100000, 0x000000064d200000|  0%| F|  |TAMS 0x000000064d100000, 0x000000064d100000| Untracked 
| 210|0x000000064d200000, 0x000000064d200000, 0x000000064d300000|  0%| F|  |TAMS 0x000000064d200000, 0x000000064d200000| Untracked 
| 211|0x000000064d300000, 0x000000064d300000, 0x000000064d400000|  0%| F|  |TAMS 0x000000064d300000, 0x000000064d300000| Untracked 
| 212|0x000000064d400000, 0x000000064d400000, 0x000000064d500000|  0%| F|  |TAMS 0x000000064d400000, 0x000000064d400000| Untracked 
| 213|0x000000064d500000, 0x000000064d500000, 0x000000064d600000|  0%| F|  |TAMS 0x000000064d500000, 0x000000064d500000| Untracked 
| 214|0x000000064d600000, 0x000000064d600000, 0x000000064d700000|  0%| F|  |TAMS 0x000000064d600000, 0x000000064d600000| Untracked 
| 215|0x000000064d700000, 0x000000064d700000, 0x000000064d800000|  0%| F|  |TAMS 0x000000064d700000, 0x000000064d700000| Untracked 
| 216|0x000000064d800000, 0x000000064d800000, 0x000000064d900000|  0%| F|  |TAMS 0x000000064d800000, 0x000000064d800000| Untracked 
| 217|0x000000064d900000, 0x000000064d900000, 0x000000064da00000|  0%| F|  |TAMS 0x000000064d900000, 0x000000064d900000| Untracked 
| 218|0x000000064da00000, 0x000000064da00000, 0x000000064db00000|  0%| F|  |TAMS 0x000000064da00000, 0x000000064da00000| Untracked 
| 219|0x000000064db00000, 0x000000064db00000, 0x000000064dc00000|  0%| F|  |TAMS 0x000000064db00000, 0x000000064db00000| Untracked 
| 220|0x000000064dc00000, 0x000000064dc00000, 0x000000064dd00000|  0%| F|  |TAMS 0x000000064dc00000, 0x000000064dc00000| Untracked 
| 221|0x000000064dd00000, 0x000000064dd00000, 0x000000064de00000|  0%| F|  |TAMS 0x000000064dd00000, 0x000000064dd00000| Untracked 
| 222|0x000000064de00000, 0x000000064de00000, 0x000000064df00000|  0%| F|  |TAMS 0x000000064de00000, 0x000000064de00000| Untracked 
| 223|0x000000064df00000, 0x000000064df00000, 0x000000064e000000|  0%| F|  |TAMS 0x000000064df00000, 0x000000064df00000| Untracked 
| 224|0x000000064e000000, 0x000000064e000000, 0x000000064e100000|  0%| F|  |TAMS 0x000000064e000000, 0x000000064e000000| Untracked 
| 225|0x000000064e100000, 0x000000064e100000, 0x000000064e200000|  0%| F|  |TAMS 0x000000064e100000, 0x000000064e100000| Untracked 
| 226|0x000000064e200000, 0x000000064e200000, 0x000000064e300000|  0%| F|  |TAMS 0x000000064e200000, 0x000000064e200000| Untracked 
| 227|0x000000064e300000, 0x000000064e300000, 0x000000064e400000|  0%| F|  |TAMS 0x000000064e300000, 0x000000064e300000| Untracked 
| 228|0x000000064e400000, 0x000000064e400000, 0x000000064e500000|  0%| F|  |TAMS 0x000000064e400000, 0x000000064e400000| Untracked 
| 229|0x000000064e500000, 0x000000064e500000, 0x000000064e600000|  0%| F|  |TAMS 0x000000064e500000, 0x000000064e500000| Untracked 
| 230|0x000000064e600000, 0x000000064e600000, 0x000000064e700000|  0%| F|  |TAMS 0x000000064e600000, 0x000000064e600000| Untracked 
| 231|0x000000064e700000, 0x000000064e700000, 0x000000064e800000|  0%| F|  |TAMS 0x000000064e700000, 0x000000064e700000| Untracked 
| 232|0x000000064e800000, 0x000000064e800000, 0x000000064e900000|  0%| F|  |TAMS 0x000000064e800000, 0x000000064e800000| Untracked 
| 233|0x000000064e900000, 0x000000064e900000, 0x000000064ea00000|  0%| F|  |TAMS 0x000000064e900000, 0x000000064e900000| Untracked 
| 234|0x000000064ea00000, 0x000000064ea00000, 0x000000064eb00000|  0%| F|  |TAMS 0x000000064ea00000, 0x000000064ea00000| Untracked 
| 235|0x000000064eb00000, 0x000000064eb00000, 0x000000064ec00000|  0%| F|  |TAMS 0x000000064eb00000, 0x000000064eb00000| Untracked 
| 236|0x000000064ec00000, 0x000000064ec00000, 0x000000064ed00000|  0%| F|  |TAMS 0x000000064ec00000, 0x000000064ec00000| Untracked 
| 237|0x000000064ed00000, 0x000000064ed00000, 0x000000064ee00000|  0%| F|  |TAMS 0x000000064ed00000, 0x000000064ed00000| Untracked 
| 238|0x000000064ee00000, 0x000000064ee00000, 0x000000064ef00000|  0%| F|  |TAMS 0x000000064ee00000, 0x000000064ee00000| Untracked 
| 239|0x000000064ef00000, 0x000000064ef00000, 0x000000064f000000|  0%| F|  |TAMS 0x000000064ef00000, 0x000000064ef00000| Untracked 
| 240|0x000000064f000000, 0x000000064f000000, 0x000000064f100000|  0%| F|  |TAMS 0x000000064f000000, 0x000000064f000000| Untracked 
| 241|0x000000064f100000, 0x000000064f100000, 0x000000064f200000|  0%| F|  |TAMS 0x000000064f100000, 0x000000064f100000| Untracked 
| 242|0x000000064f200000, 0x000000064f200000, 0x000000064f300000|  0%| F|  |TAMS 0x000000064f200000, 0x000000064f200000| Untracked 
| 243|0x000000064f300000, 0x000000064f300000, 0x000000064f400000|  0%| F|  |TAMS 0x000000064f300000, 0x000000064f300000| Untracked 
| 244|0x000000064f400000, 0x000000064f400000, 0x000000064f500000|  0%| F|  |TAMS 0x000000064f400000, 0x000000064f400000| Untracked 
| 245|0x000000064f500000, 0x000000064f500000, 0x000000064f600000|  0%| F|  |TAMS 0x000000064f500000, 0x000000064f500000| Untracked 
| 246|0x000000064f600000, 0x000000064f600000, 0x000000064f700000|  0%| F|  |TAMS 0x000000064f600000, 0x000000064f600000| Untracked 
| 247|0x000000064f700000, 0x000000064f700000, 0x000000064f800000|  0%| F|  |TAMS 0x000000064f700000, 0x000000064f700000| Untracked 
| 248|0x000000064f800000, 0x000000064f800000, 0x000000064f900000|  0%| F|  |TAMS 0x000000064f800000, 0x000000064f800000| Untracked 
| 249|0x000000064f900000, 0x000000064f900000, 0x000000064fa00000|  0%| F|  |TAMS 0x000000064f900000, 0x000000064f900000| Untracked 
| 250|0x000000064fa00000, 0x000000064fa00000, 0x000000064fb00000|  0%| F|  |TAMS 0x000000064fa00000, 0x000000064fa00000| Untracked 
| 251|0x000000064fb00000, 0x000000064fb00000, 0x000000064fc00000|  0%| F|  |TAMS 0x000000064fb00000, 0x000000064fb00000| Untracked 
| 252|0x000000064fc00000, 0x000000064fc00000, 0x000000064fd00000|  0%| F|  |TAMS 0x000000064fc00000, 0x000000064fc00000| Untracked 
| 253|0x000000064fd00000, 0x000000064fd00000, 0x000000064fe00000|  0%| F|  |TAMS 0x000000064fd00000, 0x000000064fd00000| Untracked 
| 254|0x000000064fe00000, 0x000000064fe00000, 0x000000064ff00000|  0%| F|  |TAMS 0x000000064fe00000, 0x000000064fe00000| Untracked 
| 255|0x000000064ff00000, 0x000000064ff00000, 0x0000000650000000|  0%| F|  |TAMS 0x000000064ff00000, 0x000000064ff00000| Untracked 
| 256|0x0000000650000000, 0x0000000650000000, 0x0000000650100000|  0%| F|  |TAMS 0x0000000650000000, 0x0000000650000000| Untracked 
| 257|0x0000000650100000, 0x0000000650100000, 0x0000000650200000|  0%| F|  |TAMS 0x0000000650100000, 0x0000000650100000| Untracked 
| 258|0x0000000650200000, 0x0000000650200000, 0x0000000650300000|  0%| F|  |TAMS 0x0000000650200000, 0x0000000650200000| Untracked 
| 259|0x0000000650300000, 0x0000000650300000, 0x0000000650400000|  0%| F|  |TAMS 0x0000000650300000, 0x0000000650300000| Untracked 
| 260|0x0000000650400000, 0x0000000650400000, 0x0000000650500000|  0%| F|  |TAMS 0x0000000650400000, 0x0000000650400000| Untracked 
| 261|0x0000000650500000, 0x0000000650500000, 0x0000000650600000|  0%| F|  |TAMS 0x0000000650500000, 0x0000000650500000| Untracked 
| 262|0x0000000650600000, 0x0000000650600000, 0x0000000650700000|  0%| F|  |TAMS 0x0000000650600000, 0x0000000650600000| Untracked 
| 263|0x0000000650700000, 0x0000000650700000, 0x0000000650800000|  0%| F|  |TAMS 0x0000000650700000, 0x0000000650700000| Untracked 
| 264|0x0000000650800000, 0x0000000650800000, 0x0000000650900000|  0%| F|  |TAMS 0x0000000650800000, 0x0000000650800000| Untracked 
| 265|0x0000000650900000, 0x0000000650900000, 0x0000000650a00000|  0%| F|  |TAMS 0x0000000650900000, 0x0000000650900000| Untracked 
| 266|0x0000000650a00000, 0x0000000650a00000, 0x0000000650b00000|  0%| F|  |TAMS 0x0000000650a00000, 0x0000000650a00000| Untracked 
| 267|0x0000000650b00000, 0x0000000650b00000, 0x0000000650c00000|  0%| F|  |TAMS 0x0000000650b00000, 0x0000000650b00000| Untracked 
| 268|0x0000000650c00000, 0x0000000650c00000, 0x0000000650d00000|  0%| F|  |TAMS 0x0000000650c00000, 0x0000000650c00000| Untracked 
| 269|0x0000000650d00000, 0x0000000650d00000, 0x0000000650e00000|  0%| F|  |TAMS 0x0000000650d00000, 0x0000000650d00000| Untracked 
| 270|0x0000000650e00000, 0x0000000650e00000, 0x0000000650f00000|  0%| F|  |TAMS 0x0000000650e00000, 0x0000000650e00000| Untracked 
| 271|0x0000000650f00000, 0x0000000650f00000, 0x0000000651000000|  0%| F|  |TAMS 0x0000000650f00000, 0x0000000650f00000| Untracked 
| 272|0x0000000651000000, 0x0000000651000000, 0x0000000651100000|  0%| F|  |TAMS 0x0000000651000000, 0x0000000651000000| Untracked 
| 273|0x0000000651100000, 0x0000000651100000, 0x0000000651200000|  0%| F|  |TAMS 0x0000000651100000, 0x0000000651100000| Untracked 
| 274|0x0000000651200000, 0x0000000651200000, 0x0000000651300000|  0%| F|  |TAMS 0x0000000651200000, 0x0000000651200000| Untracked 
| 275|0x0000000651300000, 0x0000000651300000, 0x0000000651400000|  0%| F|  |TAMS 0x0000000651300000, 0x0000000651300000| Untracked 
| 276|0x0000000651400000, 0x0000000651400000, 0x0000000651500000|  0%| F|  |TAMS 0x0000000651400000, 0x0000000651400000| Untracked 
| 277|0x0000000651500000, 0x0000000651500000, 0x0000000651600000|  0%| F|  |TAMS 0x0000000651500000, 0x0000000651500000| Untracked 
| 278|0x0000000651600000, 0x0000000651600000, 0x0000000651700000|  0%| F|  |TAMS 0x0000000651600000, 0x0000000651600000| Untracked 
| 279|0x0000000651700000, 0x0000000651700000, 0x0000000651800000|  0%| F|  |TAMS 0x0000000651700000, 0x0000000651700000| Untracked 
| 280|0x0000000651800000, 0x0000000651800000, 0x0000000651900000|  0%| F|  |TAMS 0x0000000651800000, 0x0000000651800000| Untracked 
| 281|0x0000000651900000, 0x0000000651900000, 0x0000000651a00000|  0%| F|  |TAMS 0x0000000651900000, 0x0000000651900000| Untracked 
| 282|0x0000000651a00000, 0x0000000651a00000, 0x0000000651b00000|  0%| F|  |TAMS 0x0000000651a00000, 0x0000000651a00000| Untracked 
| 283|0x0000000651b00000, 0x0000000651b00000, 0x0000000651c00000|  0%| F|  |TAMS 0x0000000651b00000, 0x0000000651b00000| Untracked 
| 284|0x0000000651c00000, 0x0000000651c00000, 0x0000000651d00000|  0%| F|  |TAMS 0x0000000651c00000, 0x0000000651c00000| Untracked 
| 285|0x0000000651d00000, 0x0000000651d00000, 0x0000000651e00000|  0%| F|  |TAMS 0x0000000651d00000, 0x0000000651d00000| Untracked 
| 286|0x0000000651e00000, 0x0000000651e00000, 0x0000000651f00000|  0%| F|  |TAMS 0x0000000651e00000, 0x0000000651e00000| Untracked 
| 287|0x0000000651f00000, 0x0000000651f00000, 0x0000000652000000|  0%| F|  |TAMS 0x0000000651f00000, 0x0000000651f00000| Untracked 
| 288|0x0000000652000000, 0x0000000652000000, 0x0000000652100000|  0%| F|  |TAMS 0x0000000652000000, 0x0000000652000000| Untracked 
| 289|0x0000000652100000, 0x0000000652100000, 0x0000000652200000|  0%| F|  |TAMS 0x0000000652100000, 0x0000000652100000| Untracked 
| 290|0x0000000652200000, 0x0000000652200000, 0x0000000652300000|  0%| F|  |TAMS 0x0000000652200000, 0x0000000652200000| Untracked 
| 291|0x0000000652300000, 0x0000000652300000, 0x0000000652400000|  0%| F|  |TAMS 0x0000000652300000, 0x0000000652300000| Untracked 
| 292|0x0000000652400000, 0x0000000652400000, 0x0000000652500000|  0%| F|  |TAMS 0x0000000652400000, 0x0000000652400000| Untracked 
| 293|0x0000000652500000, 0x0000000652500000, 0x0000000652600000|  0%| F|  |TAMS 0x0000000652500000, 0x0000000652500000| Untracked 
| 294|0x0000000652600000, 0x0000000652600000, 0x0000000652700000|  0%| F|  |TAMS 0x0000000652600000, 0x0000000652600000| Untracked 
| 295|0x0000000652700000, 0x0000000652700000, 0x0000000652800000|  0%| F|  |TAMS 0x0000000652700000, 0x0000000652700000| Untracked 
| 296|0x0000000652800000, 0x0000000652800000, 0x0000000652900000|  0%| F|  |TAMS 0x0000000652800000, 0x0000000652800000| Untracked 
| 297|0x0000000652900000, 0x0000000652900000, 0x0000000652a00000|  0%| F|  |TAMS 0x0000000652900000, 0x0000000652900000| Untracked 
| 298|0x0000000652a00000, 0x0000000652a00000, 0x0000000652b00000|  0%| F|  |TAMS 0x0000000652a00000, 0x0000000652a00000| Untracked 
| 299|0x0000000652b00000, 0x0000000652b00000, 0x0000000652c00000|  0%| F|  |TAMS 0x0000000652b00000, 0x0000000652b00000| Untracked 
| 300|0x0000000652c00000, 0x0000000652c00000, 0x0000000652d00000|  0%| F|  |TAMS 0x0000000652c00000, 0x0000000652c00000| Untracked 
| 301|0x0000000652d00000, 0x0000000652d00000, 0x0000000652e00000|  0%| F|  |TAMS 0x0000000652d00000, 0x0000000652d00000| Untracked 
| 302|0x0000000652e00000, 0x0000000652e00000, 0x0000000652f00000|  0%| F|  |TAMS 0x0000000652e00000, 0x0000000652e00000| Untracked 
| 303|0x0000000652f00000, 0x0000000652f00000, 0x0000000653000000|  0%| F|  |TAMS 0x0000000652f00000, 0x0000000652f00000| Untracked 
| 304|0x0000000653000000, 0x0000000653000000, 0x0000000653100000|  0%| F|  |TAMS 0x0000000653000000, 0x0000000653000000| Untracked 
| 305|0x0000000653100000, 0x0000000653100000, 0x0000000653200000|  0%| F|  |TAMS 0x0000000653100000, 0x0000000653100000| Untracked 
| 306|0x0000000653200000, 0x0000000653200000, 0x0000000653300000|  0%| F|  |TAMS 0x0000000653200000, 0x0000000653200000| Untracked 
| 307|0x0000000653300000, 0x0000000653300000, 0x0000000653400000|  0%| F|  |TAMS 0x0000000653300000, 0x0000000653300000| Untracked 
| 308|0x0000000653400000, 0x0000000653400000, 0x0000000653500000|  0%| F|  |TAMS 0x0000000653400000, 0x0000000653400000| Untracked 
| 309|0x0000000653500000, 0x0000000653500000, 0x0000000653600000|  0%| F|  |TAMS 0x0000000653500000, 0x0000000653500000| Untracked 
| 310|0x0000000653600000, 0x0000000653600000, 0x0000000653700000|  0%| F|  |TAMS 0x0000000653600000, 0x0000000653600000| Untracked 
| 311|0x0000000653700000, 0x0000000653700000, 0x0000000653800000|  0%| F|  |TAMS 0x0000000653700000, 0x0000000653700000| Untracked 
| 312|0x0000000653800000, 0x0000000653800000, 0x0000000653900000|  0%| F|  |TAMS 0x0000000653800000, 0x0000000653800000| Untracked 
| 313|0x0000000653900000, 0x0000000653900000, 0x0000000653a00000|  0%| F|  |TAMS 0x0000000653900000, 0x0000000653900000| Untracked 
| 314|0x0000000653a00000, 0x0000000653a00000, 0x0000000653b00000|  0%| F|  |TAMS 0x0000000653a00000, 0x0000000653a00000| Untracked 
| 315|0x0000000653b00000, 0x0000000653b00000, 0x0000000653c00000|  0%| F|  |TAMS 0x0000000653b00000, 0x0000000653b00000| Untracked 
| 316|0x0000000653c00000, 0x0000000653c00000, 0x0000000653d00000|  0%| F|  |TAMS 0x0000000653c00000, 0x0000000653c00000| Untracked 
| 317|0x0000000653d00000, 0x0000000653d00000, 0x0000000653e00000|  0%| F|  |TAMS 0x0000000653d00000, 0x0000000653d00000| Untracked 
| 318|0x0000000653e00000, 0x0000000653e00000, 0x0000000653f00000|  0%| F|  |TAMS 0x0000000653e00000, 0x0000000653e00000| Untracked 
| 319|0x0000000653f00000, 0x0000000653f00000, 0x0000000654000000|  0%| F|  |TAMS 0x0000000653f00000, 0x0000000653f00000| Untracked 
| 320|0x0000000654000000, 0x0000000654000000, 0x0000000654100000|  0%| F|  |TAMS 0x0000000654000000, 0x0000000654000000| Untracked 
| 321|0x0000000654100000, 0x0000000654100000, 0x0000000654200000|  0%| F|  |TAMS 0x0000000654100000, 0x0000000654100000| Untracked 
| 322|0x0000000654200000, 0x0000000654200000, 0x0000000654300000|  0%| F|  |TAMS 0x0000000654200000, 0x0000000654200000| Untracked 
| 323|0x0000000654300000, 0x0000000654300000, 0x0000000654400000|  0%| F|  |TAMS 0x0000000654300000, 0x0000000654300000| Untracked 
| 324|0x0000000654400000, 0x0000000654400000, 0x0000000654500000|  0%| F|  |TAMS 0x0000000654400000, 0x0000000654400000| Untracked 
| 325|0x0000000654500000, 0x0000000654500000, 0x0000000654600000|  0%| F|  |TAMS 0x0000000654500000, 0x0000000654500000| Untracked 
| 326|0x0000000654600000, 0x0000000654600000, 0x0000000654700000|  0%| F|  |TAMS 0x0000000654600000, 0x0000000654600000| Untracked 
| 327|0x0000000654700000, 0x0000000654700000, 0x0000000654800000|  0%| F|  |TAMS 0x0000000654700000, 0x0000000654700000| Untracked 
| 328|0x0000000654800000, 0x0000000654800000, 0x0000000654900000|  0%| F|  |TAMS 0x0000000654800000, 0x0000000654800000| Untracked 
| 329|0x0000000654900000, 0x0000000654900000, 0x0000000654a00000|  0%| F|  |TAMS 0x0000000654900000, 0x0000000654900000| Untracked 
| 330|0x0000000654a00000, 0x0000000654a00000, 0x0000000654b00000|  0%| F|  |TAMS 0x0000000654a00000, 0x0000000654a00000| Untracked 
| 331|0x0000000654b00000, 0x0000000654b00000, 0x0000000654c00000|  0%| F|  |TAMS 0x0000000654b00000, 0x0000000654b00000| Untracked 
| 332|0x0000000654c00000, 0x0000000654c00000, 0x0000000654d00000|  0%| F|  |TAMS 0x0000000654c00000, 0x0000000654c00000| Untracked 
| 333|0x0000000654d00000, 0x0000000654d00000, 0x0000000654e00000|  0%| F|  |TAMS 0x0000000654d00000, 0x0000000654d00000| Untracked 
| 334|0x0000000654e00000, 0x0000000654e00000, 0x0000000654f00000|  0%| F|  |TAMS 0x0000000654e00000, 0x0000000654e00000| Untracked 
| 335|0x0000000654f00000, 0x0000000654f00000, 0x0000000655000000|  0%| F|  |TAMS 0x0000000654f00000, 0x0000000654f00000| Untracked 
| 336|0x0000000655000000, 0x0000000655000000, 0x0000000655100000|  0%| F|  |TAMS 0x0000000655000000, 0x0000000655000000| Untracked 
| 337|0x0000000655100000, 0x0000000655100000, 0x0000000655200000|  0%| F|  |TAMS 0x0000000655100000, 0x0000000655100000| Untracked 
| 338|0x0000000655200000, 0x0000000655200000, 0x0000000655300000|  0%| F|  |TAMS 0x0000000655200000, 0x0000000655200000| Untracked 
| 339|0x0000000655300000, 0x00000006553da400, 0x0000000655400000| 85%| S|CS|TAMS 0x0000000655300000, 0x0000000655300000| Complete 
| 340|0x0000000655400000, 0x0000000655500000, 0x0000000655500000|100%| S|CS|TAMS 0x0000000655400000, 0x0000000655400000| Complete 
| 341|0x0000000655500000, 0x0000000655600000, 0x0000000655600000|100%| S|CS|TAMS 0x0000000655500000, 0x0000000655500000| Complete 
| 342|0x0000000655600000, 0x0000000655700000, 0x0000000655700000|100%| S|CS|TAMS 0x0000000655600000, 0x0000000655600000| Complete 
| 343|0x0000000655700000, 0x0000000655800000, 0x0000000655800000|100%| S|CS|TAMS 0x0000000655700000, 0x0000000655700000| Complete 
| 344|0x0000000655800000, 0x0000000655900000, 0x0000000655900000|100%| S|CS|TAMS 0x0000000655800000, 0x0000000655800000| Complete 
| 345|0x0000000655900000, 0x0000000655a00000, 0x0000000655a00000|100%| S|CS|TAMS 0x0000000655900000, 0x0000000655900000| Complete 
| 346|0x0000000655a00000, 0x0000000655a00000, 0x0000000655b00000|  0%| F|  |TAMS 0x0000000655a00000, 0x0000000655a00000| Untracked 
| 347|0x0000000655b00000, 0x0000000655b00000, 0x0000000655c00000|  0%| F|  |TAMS 0x0000000655b00000, 0x0000000655b00000| Untracked 
| 348|0x0000000655c00000, 0x0000000655c00000, 0x0000000655d00000|  0%| F|  |TAMS 0x0000000655c00000, 0x0000000655c00000| Untracked 
| 349|0x0000000655d00000, 0x0000000655d00000, 0x0000000655e00000|  0%| F|  |TAMS 0x0000000655d00000, 0x0000000655d00000| Untracked 
| 350|0x0000000655e00000, 0x0000000655e00000, 0x0000000655f00000|  0%| F|  |TAMS 0x0000000655e00000, 0x0000000655e00000| Untracked 
| 351|0x0000000655f00000, 0x0000000655f00000, 0x0000000656000000|  0%| F|  |TAMS 0x0000000655f00000, 0x0000000655f00000| Untracked 
| 352|0x0000000656000000, 0x0000000656000000, 0x0000000656100000|  0%| F|  |TAMS 0x0000000656000000, 0x0000000656000000| Untracked 
| 353|0x0000000656100000, 0x0000000656100000, 0x0000000656200000|  0%| F|  |TAMS 0x0000000656100000, 0x0000000656100000| Untracked 
| 354|0x0000000656200000, 0x0000000656200000, 0x0000000656300000|  0%| F|  |TAMS 0x0000000656200000, 0x0000000656200000| Untracked 
| 355|0x0000000656300000, 0x0000000656300000, 0x0000000656400000|  0%| F|  |TAMS 0x0000000656300000, 0x0000000656300000| Untracked 
| 356|0x0000000656400000, 0x0000000656400000, 0x0000000656500000|  0%| F|  |TAMS 0x0000000656400000, 0x0000000656400000| Untracked 
| 357|0x0000000656500000, 0x0000000656500000, 0x0000000656600000|  0%| F|  |TAMS 0x0000000656500000, 0x0000000656500000| Untracked 
| 358|0x0000000656600000, 0x0000000656600000, 0x0000000656700000|  0%| F|  |TAMS 0x0000000656600000, 0x0000000656600000| Untracked 
| 359|0x0000000656700000, 0x0000000656700000, 0x0000000656800000|  0%| F|  |TAMS 0x0000000656700000, 0x0000000656700000| Untracked 
| 360|0x0000000656800000, 0x0000000656800000, 0x0000000656900000|  0%| F|  |TAMS 0x0000000656800000, 0x0000000656800000| Untracked 
| 361|0x0000000656900000, 0x0000000656a00000, 0x0000000656a00000|100%| E|  |TAMS 0x0000000656900000, 0x0000000656900000| Complete 
| 362|0x0000000656a00000, 0x0000000656b00000, 0x0000000656b00000|100%| E|CS|TAMS 0x0000000656a00000, 0x0000000656a00000| Complete 
| 363|0x0000000656b00000, 0x0000000656c00000, 0x0000000656c00000|100%| E|CS|TAMS 0x0000000656b00000, 0x0000000656b00000| Complete 
| 364|0x0000000656c00000, 0x0000000656d00000, 0x0000000656d00000|100%| E|CS|TAMS 0x0000000656c00000, 0x0000000656c00000| Complete 
| 365|0x0000000656d00000, 0x0000000656e00000, 0x0000000656e00000|100%| E|CS|TAMS 0x0000000656d00000, 0x0000000656d00000| Complete 
| 366|0x0000000656e00000, 0x0000000656f00000, 0x0000000656f00000|100%| E|CS|TAMS 0x0000000656e00000, 0x0000000656e00000| Complete 
| 367|0x0000000656f00000, 0x0000000657000000, 0x0000000657000000|100%| E|CS|TAMS 0x0000000656f00000, 0x0000000656f00000| Complete 
| 368|0x0000000657000000, 0x0000000657100000, 0x0000000657100000|100%| E|CS|TAMS 0x0000000657000000, 0x0000000657000000| Complete 
| 369|0x0000000657100000, 0x0000000657200000, 0x0000000657200000|100%| E|CS|TAMS 0x0000000657100000, 0x0000000657100000| Complete 
| 370|0x0000000657200000, 0x0000000657300000, 0x0000000657300000|100%| E|CS|TAMS 0x0000000657200000, 0x0000000657200000| Complete 
| 371|0x0000000657300000, 0x0000000657400000, 0x0000000657400000|100%| E|CS|TAMS 0x0000000657300000, 0x0000000657300000| Complete 
| 372|0x0000000657400000, 0x0000000657500000, 0x0000000657500000|100%| E|CS|TAMS 0x0000000657400000, 0x0000000657400000| Complete 
| 373|0x0000000657500000, 0x0000000657600000, 0x0000000657600000|100%| E|CS|TAMS 0x0000000657500000, 0x0000000657500000| Complete 
| 374|0x0000000657600000, 0x0000000657700000, 0x0000000657700000|100%| E|CS|TAMS 0x0000000657600000, 0x0000000657600000| Complete 
| 375|0x0000000657700000, 0x0000000657800000, 0x0000000657800000|100%| E|CS|TAMS 0x0000000657700000, 0x0000000657700000| Complete 
| 376|0x0000000657800000, 0x0000000657900000, 0x0000000657900000|100%| E|CS|TAMS 0x0000000657800000, 0x0000000657800000| Complete 
| 377|0x0000000657900000, 0x0000000657a00000, 0x0000000657a00000|100%| E|CS|TAMS 0x0000000657900000, 0x0000000657900000| Complete 
| 378|0x0000000657a00000, 0x0000000657b00000, 0x0000000657b00000|100%| E|CS|TAMS 0x0000000657a00000, 0x0000000657a00000| Complete 
| 379|0x0000000657b00000, 0x0000000657c00000, 0x0000000657c00000|100%| E|CS|TAMS 0x0000000657b00000, 0x0000000657b00000| Complete 
| 380|0x0000000657c00000, 0x0000000657d00000, 0x0000000657d00000|100%| E|CS|TAMS 0x0000000657c00000, 0x0000000657c00000| Complete 
| 381|0x0000000657d00000, 0x0000000657e00000, 0x0000000657e00000|100%| E|CS|TAMS 0x0000000657d00000, 0x0000000657d00000| Complete 
| 382|0x0000000657e00000, 0x0000000657f00000, 0x0000000657f00000|100%| E|CS|TAMS 0x0000000657e00000, 0x0000000657e00000| Complete 
| 383|0x0000000657f00000, 0x0000000658000000, 0x0000000658000000|100%| E|CS|TAMS 0x0000000657f00000, 0x0000000657f00000| Complete 
| 384|0x0000000658000000, 0x0000000658100000, 0x0000000658100000|100%| E|CS|TAMS 0x0000000658000000, 0x0000000658000000| Complete 
| 385|0x0000000658100000, 0x0000000658200000, 0x0000000658200000|100%| E|CS|TAMS 0x0000000658100000, 0x0000000658100000| Complete 
| 386|0x0000000658200000, 0x0000000658300000, 0x0000000658300000|100%| E|CS|TAMS 0x0000000658200000, 0x0000000658200000| Complete 
| 387|0x0000000658300000, 0x0000000658400000, 0x0000000658400000|100%| E|CS|TAMS 0x0000000658300000, 0x0000000658300000| Complete 
| 388|0x0000000658400000, 0x0000000658500000, 0x0000000658500000|100%| E|CS|TAMS 0x0000000658400000, 0x0000000658400000| Complete 
| 389|0x0000000658500000, 0x0000000658600000, 0x0000000658600000|100%| E|CS|TAMS 0x0000000658500000, 0x0000000658500000| Complete 
| 390|0x0000000658600000, 0x0000000658700000, 0x0000000658700000|100%| E|CS|TAMS 0x0000000658600000, 0x0000000658600000| Complete 
| 391|0x0000000658700000, 0x0000000658800000, 0x0000000658800000|100%| E|CS|TAMS 0x0000000658700000, 0x0000000658700000| Complete 
| 392|0x0000000658800000, 0x0000000658900000, 0x0000000658900000|100%| E|CS|TAMS 0x0000000658800000, 0x0000000658800000| Complete 
| 393|0x0000000658900000, 0x0000000658a00000, 0x0000000658a00000|100%| E|CS|TAMS 0x0000000658900000, 0x0000000658900000| Complete 
| 394|0x0000000658a00000, 0x0000000658b00000, 0x0000000658b00000|100%| E|CS|TAMS 0x0000000658a00000, 0x0000000658a00000| Complete 
| 395|0x0000000658b00000, 0x0000000658c00000, 0x0000000658c00000|100%| E|CS|TAMS 0x0000000658b00000, 0x0000000658b00000| Complete 
| 396|0x0000000658c00000, 0x0000000658d00000, 0x0000000658d00000|100%| E|CS|TAMS 0x0000000658c00000, 0x0000000658c00000| Complete 
| 397|0x0000000658d00000, 0x0000000658e00000, 0x0000000658e00000|100%| E|CS|TAMS 0x0000000658d00000, 0x0000000658d00000| Complete 
| 398|0x0000000658e00000, 0x0000000658f00000, 0x0000000658f00000|100%| E|CS|TAMS 0x0000000658e00000, 0x0000000658e00000| Complete 
| 399|0x0000000658f00000, 0x0000000659000000, 0x0000000659000000|100%| E|CS|TAMS 0x0000000658f00000, 0x0000000658f00000| Complete 
| 400|0x0000000659000000, 0x0000000659100000, 0x0000000659100000|100%| E|CS|TAMS 0x0000000659000000, 0x0000000659000000| Complete 
| 401|0x0000000659100000, 0x0000000659200000, 0x0000000659200000|100%| E|CS|TAMS 0x0000000659100000, 0x0000000659100000| Complete 
| 402|0x0000000659200000, 0x0000000659300000, 0x0000000659300000|100%| E|CS|TAMS 0x0000000659200000, 0x0000000659200000| Complete 
| 403|0x0000000659300000, 0x0000000659400000, 0x0000000659400000|100%| E|CS|TAMS 0x0000000659300000, 0x0000000659300000| Complete 
| 404|0x0000000659400000, 0x0000000659500000, 0x0000000659500000|100%| E|CS|TAMS 0x0000000659400000, 0x0000000659400000| Complete 
| 405|0x0000000659500000, 0x0000000659600000, 0x0000000659600000|100%| E|CS|TAMS 0x0000000659500000, 0x0000000659500000| Complete 
| 406|0x0000000659600000, 0x0000000659700000, 0x0000000659700000|100%| E|CS|TAMS 0x0000000659600000, 0x0000000659600000| Complete 
| 407|0x0000000659700000, 0x0000000659800000, 0x0000000659800000|100%| E|CS|TAMS 0x0000000659700000, 0x0000000659700000| Complete 
| 408|0x0000000659800000, 0x0000000659900000, 0x0000000659900000|100%| E|CS|TAMS 0x0000000659800000, 0x0000000659800000| Complete 
| 409|0x0000000659900000, 0x0000000659a00000, 0x0000000659a00000|100%| E|CS|TAMS 0x0000000659900000, 0x0000000659900000| Complete 
| 410|0x0000000659a00000, 0x0000000659b00000, 0x0000000659b00000|100%| E|CS|TAMS 0x0000000659a00000, 0x0000000659a00000| Complete 
| 411|0x0000000659b00000, 0x0000000659c00000, 0x0000000659c00000|100%| E|CS|TAMS 0x0000000659b00000, 0x0000000659b00000| Complete 
| 412|0x0000000659c00000, 0x0000000659d00000, 0x0000000659d00000|100%| E|CS|TAMS 0x0000000659c00000, 0x0000000659c00000| Complete 
| 413|0x0000000659d00000, 0x0000000659e00000, 0x0000000659e00000|100%| E|CS|TAMS 0x0000000659d00000, 0x0000000659d00000| Complete 
| 414|0x0000000659e00000, 0x0000000659f00000, 0x0000000659f00000|100%| E|CS|TAMS 0x0000000659e00000, 0x0000000659e00000| Complete 
| 415|0x0000000659f00000, 0x000000065a000000, 0x000000065a000000|100%| E|CS|TAMS 0x0000000659f00000, 0x0000000659f00000| Complete 
| 416|0x000000065a000000, 0x000000065a100000, 0x000000065a100000|100%| E|CS|TAMS 0x000000065a000000, 0x000000065a000000| Complete 
| 417|0x000000065a100000, 0x000000065a200000, 0x000000065a200000|100%| E|CS|TAMS 0x000000065a100000, 0x000000065a100000| Complete 
| 418|0x000000065a200000, 0x000000065a300000, 0x000000065a300000|100%| E|CS|TAMS 0x000000065a200000, 0x000000065a200000| Complete 
| 419|0x000000065a300000, 0x000000065a400000, 0x000000065a400000|100%| E|CS|TAMS 0x000000065a300000, 0x000000065a300000| Complete 
| 420|0x000000065a400000, 0x000000065a500000, 0x000000065a500000|100%| E|CS|TAMS 0x000000065a400000, 0x000000065a400000| Complete 
| 421|0x000000065a500000, 0x000000065a600000, 0x000000065a600000|100%| E|CS|TAMS 0x000000065a500000, 0x000000065a500000| Complete 
| 422|0x000000065a600000, 0x000000065a700000, 0x000000065a700000|100%| E|CS|TAMS 0x000000065a600000, 0x000000065a600000| Complete 
| 423|0x000000065a700000, 0x000000065a800000, 0x000000065a800000|100%| E|CS|TAMS 0x000000065a700000, 0x000000065a700000| Complete 
| 424|0x000000065a800000, 0x000000065a900000, 0x000000065a900000|100%| E|CS|TAMS 0x000000065a800000, 0x000000065a800000| Complete 
| 425|0x000000065a900000, 0x000000065aa00000, 0x000000065aa00000|100%| E|CS|TAMS 0x000000065a900000, 0x000000065a900000| Complete 
| 426|0x000000065aa00000, 0x000000065ab00000, 0x000000065ab00000|100%| E|CS|TAMS 0x000000065aa00000, 0x000000065aa00000| Complete 
| 427|0x000000065ab00000, 0x000000065ac00000, 0x000000065ac00000|100%| E|CS|TAMS 0x000000065ab00000, 0x000000065ab00000| Complete 
| 428|0x000000065ac00000, 0x000000065ad00000, 0x000000065ad00000|100%| E|CS|TAMS 0x000000065ac00000, 0x000000065ac00000| Complete 
| 429|0x000000065ad00000, 0x000000065ae00000, 0x000000065ae00000|100%| E|CS|TAMS 0x000000065ad00000, 0x000000065ad00000| Complete 
| 430|0x000000065ae00000, 0x000000065af00000, 0x000000065af00000|100%| E|CS|TAMS 0x000000065ae00000, 0x000000065ae00000| Complete 
| 431|0x000000065af00000, 0x000000065b000000, 0x000000065b000000|100%| E|CS|TAMS 0x000000065af00000, 0x000000065af00000| Complete 
| 432|0x000000065b000000, 0x000000065b100000, 0x000000065b100000|100%| E|CS|TAMS 0x000000065b000000, 0x000000065b000000| Complete 
| 433|0x000000065b100000, 0x000000065b200000, 0x000000065b200000|100%| E|CS|TAMS 0x000000065b100000, 0x000000065b100000| Complete 
| 434|0x000000065b200000, 0x000000065b300000, 0x000000065b300000|100%| E|CS|TAMS 0x000000065b200000, 0x000000065b200000| Complete 
| 435|0x000000065b300000, 0x000000065b400000, 0x000000065b400000|100%| E|CS|TAMS 0x000000065b300000, 0x000000065b300000| Complete 
| 436|0x000000065b400000, 0x000000065b500000, 0x000000065b500000|100%| E|CS|TAMS 0x000000065b400000, 0x000000065b400000| Complete 
| 437|0x000000065b500000, 0x000000065b600000, 0x000000065b600000|100%| E|CS|TAMS 0x000000065b500000, 0x000000065b500000| Complete 
| 438|0x000000065b600000, 0x000000065b700000, 0x000000065b700000|100%| E|CS|TAMS 0x000000065b600000, 0x000000065b600000| Complete 
| 439|0x000000065b700000, 0x000000065b800000, 0x000000065b800000|100%| E|CS|TAMS 0x000000065b700000, 0x000000065b700000| Complete 
| 440|0x000000065b800000, 0x000000065b900000, 0x000000065b900000|100%| E|CS|TAMS 0x000000065b800000, 0x000000065b800000| Complete 
| 441|0x000000065b900000, 0x000000065ba00000, 0x000000065ba00000|100%| E|CS|TAMS 0x000000065b900000, 0x000000065b900000| Complete 
| 442|0x000000065ba00000, 0x000000065bb00000, 0x000000065bb00000|100%| E|CS|TAMS 0x000000065ba00000, 0x000000065ba00000| Complete 
| 443|0x000000065bb00000, 0x000000065bc00000, 0x000000065bc00000|100%| E|CS|TAMS 0x000000065bb00000, 0x000000065bb00000| Complete 
| 444|0x000000065bc00000, 0x000000065bd00000, 0x000000065bd00000|100%| E|CS|TAMS 0x000000065bc00000, 0x000000065bc00000| Complete 
| 445|0x000000065bd00000, 0x000000065be00000, 0x000000065be00000|100%| E|CS|TAMS 0x000000065bd00000, 0x000000065bd00000| Complete 
| 446|0x000000065be00000, 0x000000065bf00000, 0x000000065bf00000|100%| E|CS|TAMS 0x000000065be00000, 0x000000065be00000| Complete 
| 447|0x000000065bf00000, 0x000000065c000000, 0x000000065c000000|100%| E|CS|TAMS 0x000000065bf00000, 0x000000065bf00000| Complete 
| 448|0x000000065c000000, 0x000000065c100000, 0x000000065c100000|100%| E|CS|TAMS 0x000000065c000000, 0x000000065c000000| Complete 
| 449|0x000000065c100000, 0x000000065c200000, 0x000000065c200000|100%| E|CS|TAMS 0x000000065c100000, 0x000000065c100000| Complete 
| 450|0x000000065c200000, 0x000000065c300000, 0x000000065c300000|100%| E|CS|TAMS 0x000000065c200000, 0x000000065c200000| Complete 
| 451|0x000000065c300000, 0x000000065c400000, 0x000000065c400000|100%| E|CS|TAMS 0x000000065c300000, 0x000000065c300000| Complete 
| 452|0x000000065c400000, 0x000000065c500000, 0x000000065c500000|100%| E|CS|TAMS 0x000000065c400000, 0x000000065c400000| Complete 
| 453|0x000000065c500000, 0x000000065c600000, 0x000000065c600000|100%| E|CS|TAMS 0x000000065c500000, 0x000000065c500000| Complete 
| 454|0x000000065c600000, 0x000000065c700000, 0x000000065c700000|100%| E|CS|TAMS 0x000000065c600000, 0x000000065c600000| Complete 
| 455|0x000000065c700000, 0x000000065c800000, 0x000000065c800000|100%| E|CS|TAMS 0x000000065c700000, 0x000000065c700000| Complete 
| 456|0x000000065c800000, 0x000000065c900000, 0x000000065c900000|100%| E|CS|TAMS 0x000000065c800000, 0x000000065c800000| Complete 
| 457|0x000000065c900000, 0x000000065ca00000, 0x000000065ca00000|100%| E|CS|TAMS 0x000000065c900000, 0x000000065c900000| Complete 
| 458|0x000000065ca00000, 0x000000065cb00000, 0x000000065cb00000|100%| E|CS|TAMS 0x000000065ca00000, 0x000000065ca00000| Complete 
| 459|0x000000065cb00000, 0x000000065cc00000, 0x000000065cc00000|100%| E|CS|TAMS 0x000000065cb00000, 0x000000065cb00000| Complete 
| 460|0x000000065cc00000, 0x000000065cd00000, 0x000000065cd00000|100%| E|CS|TAMS 0x000000065cc00000, 0x000000065cc00000| Complete 

Card table byte_map: [0x000000011ab78000,0x000000011b778000] _byte_map_base: 0x0000000117978000

Marking Bits (Prev, Next): (CMBitMap*) 0x000000013601d818, (CMBitMap*) 0x000000013601d850
 Prev Bits: [0x000000011c378000, 0x0000000122378000)
 Next Bits: [0x0000000122378000, 0x0000000128378000)

Polling page: 0x0000000100ee4000

Metaspace:

Usage:
  Non-class:     37.42 MB capacity,    36.80 MB ( 98%) used,   513.97 KB (  1%) free+waste,   125.88 KB ( <1%) overhead. 
      Class:      5.60 MB capacity,     5.19 MB ( 93%) used,   365.21 KB (  6%) free+waste,    62.75 KB (  1%) overhead. 
       Both:     43.03 MB capacity,    41.99 MB ( 98%) used,   879.18 KB (  2%) free+waste,   188.62 KB ( <1%) overhead. 

Virtual space:
  Non-class space:       38.00 MB reserved,      37.67 MB (>99%) committed 
      Class space:        1.00 GB reserved,       5.62 MB ( <1%) committed 
             Both:        1.04 GB reserved,      43.30 MB (  4%) committed 

Chunk freelists:
   Non-Class:  61.00 KB
       Class:  21.00 KB
        Both:  82.00 KB

MaxMetaspaceSize: unlimited
CompressedClassSpaceSize: 1.00 GB
Initial GC threshold: 20.80 MB
Current GC threshold: 58.83 MB
CDS: off

CodeHeap 'non-profiled nmethods': size=238384Kb used=6747Kb max_used=6747Kb free=231636Kb
 bounds [0x000000010b6ac000, 0x000000010bd4c000, 0x0000000119f78000]
CodeHeap 'non-nmethods': size=7376Kb used=1293Kb max_used=1293Kb free=6083Kb
 bounds [0x000000010af78000, 0x000000010b1e8000, 0x000000010b6ac000]
 total_blobs=4304 nmethods=3727 adapters=516
 compilation: enabled
              stopped_count=0, restarted_count=0
 full_count=0

Compilation events (20 events):
Event: 1.502 Thread 0x0000000146023000 3854       1       org.springframework.boot.context.properties.bind.BindConverter::convert (14 bytes)
Event: 1.502 Thread 0x0000000146023000 nmethod 3854 0x000000010bd3dd10 code [0x000000010bd3df00, 0x000000010bd3e1e0]
Event: 1.502 Thread 0x0000000146023000 3855       1       org.springframework.core.convert.TypeDescriptor$AnnotatedElementAdapter::<init> (15 bytes)
Event: 1.502 Thread 0x0000000146023000 nmethod 3855 0x000000010bd3e410 code [0x000000010bd3e5c0, 0x000000010bd3e7d0]
Event: 1.504 Thread 0x0000000146023000 3856  s    1       java.util.Properties::put (10 bytes)
Event: 1.504 Thread 0x0000000146023000 nmethod 3856 0x000000010bd3e890 code [0x000000010bd3ea40, 0x000000010bd3edc0]
Event: 1.504 Thread 0x0000000146023000 3857       1       java.util.concurrent.ConcurrentHashMap$EntryIterator::next (5 bytes)
Event: 1.504 Thread 0x0000000146023000 nmethod 3857 0x000000010bd3ee90 code [0x000000010bd3f040, 0x000000010bd3f1c0]
Event: 1.504 Thread 0x0000000146023000 3858       1       java.util.concurrent.ConcurrentHashMap$EntryIterator::next (51 bytes)
Event: 1.504 Thread 0x0000000146023000 nmethod 3858 0x000000010bd3f290 code [0x000000010bd3f480, 0x000000010bd3f8b0]
Event: 1.504 Thread 0x0000000146023000 3859       1       java.util.concurrent.ConcurrentHashMap$MapEntry::<init> (20 bytes)
Event: 1.505 Thread 0x0000000146023000 nmethod 3859 0x000000010bd3fa10 code [0x000000010bd3fbc0, 0x000000010bd3fe10]
Event: 1.506 Thread 0x0000000146023000 3860 %     1       java.util.Properties::load0 @ 29 (249 bytes)
Event: 1.506 Thread 0x0000000146023000 nmethod 3860% 0x000000010bd3fe90 code [0x000000010bd400c0, 0x000000010bd40680]
Event: 1.506 Thread 0x0000000146023000 3861       1       java.util.Properties::load0 (249 bytes)
Event: 1.506 Thread 0x0000000146023000 nmethod 3861 0x000000010bd40a10 code [0x000000010bd40c00, 0x000000010bd410c0]
Event: 1.507 Thread 0x0000000146023000 3863       1       jdk.internal.loader.BuiltinClassLoader$1::hasMoreElements (5 bytes)
Event: 1.507 Thread 0x0000000146023000 nmethod 3863 0x000000010bd41790 code [0x000000010bd41940, 0x000000010bd41ac0]
Event: 1.515 Thread 0x0000000146023000 3865       1       org.springframework.util.StringUtils::collectionToDelimitedString (161 bytes)
Event: 1.516 Thread 0x0000000146023000 nmethod 3865 0x000000010bd41b90 code [0x000000010bd41ec0, 0x000000010bd42820]

GC Heap History (12 events):
Event: 0.305 GC heap before
{Heap before GC invocations=0 (full 0):
 garbage-first heap   total 393216K, used 27648K [0x0000000640000000, 0x00000007c0000000)
  region size 1024K, 24 young (24576K), 0 survivors (0K)
 Metaspace       used 10590K, capacity 10878K, committed 11136K, reserved 1058816K
  class space    used 1064K, capacity 1144K, committed 1152K, reserved 1048576K
}
Event: 0.309 GC heap after
{Heap after GC invocations=1 (full 0):
 garbage-first heap   total 393216K, used 11462K [0x0000000640000000, 0x00000007c0000000)
  region size 1024K, 3 young (3072K), 3 survivors (3072K)
 Metaspace       used 10590K, capacity 10878K, committed 11136K, reserved 1058816K
  class space    used 1064K, capacity 1144K, committed 1152K, reserved 1048576K
}
Event: 0.415 GC heap before
{Heap before GC invocations=1 (full 0):
 garbage-first heap   total 393216K, used 27846K [0x0000000640000000, 0x00000007c0000000)
  region size 1024K, 19 young (19456K), 3 survivors (3072K)
 Metaspace       used 13880K, capacity 14220K, committed 14464K, reserved 1062912K
  class space    used 1452K, capacity 1597K, committed 1664K, reserved 1048576K
}
Event: 0.417 GC heap after
{Heap after GC invocations=2 (full 0):
 garbage-first heap   total 393216K, used 12654K [0x0000000640000000, 0x00000007c0000000)
  region size 1024K, 1 young (1024K), 1 survivors (1024K)
 Metaspace       used 13880K, capacity 14220K, committed 14464K, reserved 1062912K
  class space    used 1452K, capacity 1597K, committed 1664K, reserved 1048576K
}
Event: 0.560 GC heap before
{Heap before GC invocations=2 (full 0):
 garbage-first heap   total 393216K, used 56686K [0x0000000640000000, 0x00000007c0000000)
  region size 1024K, 44 young (45056K), 1 survivors (1024K)
 Metaspace       used 18082K, capacity 18678K, committed 18944K, reserved 1067008K
  class space    used 2013K, capacity 2227K, committed 2304K, reserved 1048576K
}
Event: 0.562 GC heap after
{Heap after GC invocations=3 (full 0):
 garbage-first heap   total 393216K, used 13912K [0x0000000640000000, 0x00000007c0000000)
  region size 1024K, 3 young (3072K), 3 survivors (3072K)
 Metaspace       used 18082K, capacity 18678K, committed 18944K, reserved 1067008K
  class space    used 2013K, capacity 2227K, committed 2304K, reserved 1048576K
}
Event: 0.628 GC heap before
{Heap before GC invocations=3 (full 0):
 garbage-first heap   total 393216K, used 36440K [0x0000000640000000, 0x00000007c0000000)
  region size 1024K, 26 young (26624K), 3 survivors (3072K)
 Metaspace       used 20570K, capacity 21220K, committed 21296K, reserved 1069056K
  class space    used 2390K, capacity 2680K, committed 2688K, reserved 1048576K
}
Event: 0.630 GC heap after
{Heap after GC invocations=4 (full 0):
 garbage-first heap   total 393216K, used 14648K [0x0000000640000000, 0x00000007c0000000)
  region size 1024K, 3 young (3072K), 3 survivors (3072K)
 Metaspace       used 20570K, capacity 21220K, committed 21296K, reserved 1069056K
  class space    used 2390K, capacity 2680K, committed 2688K, reserved 1048576K
}
Event: 0.757 GC heap before
{Heap before GC invocations=5 (full 0):
 garbage-first heap   total 393216K, used 88376K [0x0000000640000000, 0x00000007c0000000)
  region size 1024K, 76 young (77824K), 3 survivors (3072K)
 Metaspace       used 26102K, capacity 26900K, committed 27056K, reserved 1073152K
  class space    used 3219K, capacity 3525K, committed 3584K, reserved 1048576K
}
Event: 0.760 GC heap after
{Heap after GC invocations=6 (full 0):
 garbage-first heap   total 472064K, used 16321K [0x0000000640000000, 0x00000007c0000000)
  region size 1024K, 5 young (5120K), 5 survivors (5120K)
 Metaspace       used 26102K, capacity 26900K, committed 27056K, reserved 1073152K
  class space    used 3219K, capacity 3525K, committed 3584K, reserved 1048576K
}
Event: 1.056 GC heap before
{Heap before GC invocations=6 (full 0):
 garbage-first heap   total 472064K, used 133057K [0x0000000640000000, 0x00000007c0000000)
  region size 1024K, 120 young (122880K), 5 survivors (5120K)
 Metaspace       used 34873K, capacity 35787K, committed 35888K, reserved 1081344K
  class space    used 4287K, capacity 4679K, committed 4736K, reserved 1048576K
}
Event: 1.062 GC heap after
{Heap after GC invocations=7 (full 0):
 garbage-first heap   total 472064K, used 18671K [0x0000000640000000, 0x00000007c0000000)
  region size 1024K, 7 young (7168K), 7 survivors (7168K)
 Metaspace       used 34873K, capacity 35787K, committed 35888K, reserved 1081344K
  class space    used 4287K, capacity 4679K, committed 4736K, reserved 1048576K
}

Deoptimization events (20 events):
Event: 1.522 Thread 0x0000000151008800 DEOPT PACKING pc=0x000000010b89eb8c sp=0x000000016f239970
Event: 1.522 Thread 0x0000000151008800 DEOPT UNPACKING pc=0x000000010afad27c sp=0x000000016f239760 mode 1
Event: 1.524 Thread 0x0000000151008800 DEOPT PACKING pc=0x000000010b8c9064 sp=0x000000016f2390e0
Event: 1.524 Thread 0x0000000151008800 DEOPT UNPACKING pc=0x000000010afad27c sp=0x000000016f238e80 mode 1
Event: 1.524 Thread 0x0000000151008800 DEOPT PACKING pc=0x000000010b8c56bc sp=0x000000016f2391b0
Event: 1.524 Thread 0x0000000151008800 DEOPT UNPACKING pc=0x000000010afad27c sp=0x000000016f238f80 mode 1
Event: 1.524 Thread 0x0000000151008800 DEOPT PACKING pc=0x000000010b89eb8c sp=0x000000016f239970
Event: 1.524 Thread 0x0000000151008800 DEOPT UNPACKING pc=0x000000010afad27c sp=0x000000016f239760 mode 1
Event: 1.524 Thread 0x0000000151008800 DEOPT PACKING pc=0x000000010b8c9064 sp=0x000000016f2390e0
Event: 1.524 Thread 0x0000000151008800 DEOPT UNPACKING pc=0x000000010afad27c sp=0x000000016f238e80 mode 1
Event: 1.524 Thread 0x0000000151008800 DEOPT PACKING pc=0x000000010b8c56bc sp=0x000000016f2391b0
Event: 1.524 Thread 0x0000000151008800 DEOPT UNPACKING pc=0x000000010afad27c sp=0x000000016f238f80 mode 1
Event: 1.524 Thread 0x0000000151008800 DEOPT PACKING pc=0x000000010b89eb8c sp=0x000000016f239970
Event: 1.524 Thread 0x0000000151008800 DEOPT UNPACKING pc=0x000000010afad27c sp=0x000000016f239760 mode 1
Event: 1.524 Thread 0x0000000151008800 DEOPT PACKING pc=0x000000010b8c9064 sp=0x000000016f2390e0
Event: 1.524 Thread 0x0000000151008800 DEOPT UNPACKING pc=0x000000010afad27c sp=0x000000016f238e80 mode 1
Event: 1.524 Thread 0x0000000151008800 DEOPT PACKING pc=0x000000010b8c56bc sp=0x000000016f2391b0
Event: 1.524 Thread 0x0000000151008800 DEOPT UNPACKING pc=0x000000010afad27c sp=0x000000016f238f80 mode 1
Event: 1.524 Thread 0x0000000151008800 DEOPT PACKING pc=0x000000010b89eb8c sp=0x000000016f239970
Event: 1.524 Thread 0x0000000151008800 DEOPT UNPACKING pc=0x000000010afad27c sp=0x000000016f239760 mode 1

Classes redefined (0 events):
No events

Internal exceptions (20 events):
Event: 1.188 Thread 0x0000000150253000 Exception <a 'java/lang/NoSuchMethodError'{0x000000065b0e6680}: 'java.lang.Object java.lang.invoke.DelegatingMethodHandle$Holder.reinvoke_L(java.lang.Object, int, java.lang.Object)'> (0x000000065b0e6680) thrown at [src/hotspot/share/interpreter/linkResolver.cpp, line 773]
Event: 1.202 Thread 0x0000000150253000 Exception <a 'java/lang/NoSuchMethodError'{0x000000065ab8b4b0}: <clinit>> (0x000000065ab8b4b0) thrown at [src/hotspot/share/prims/jni.cpp, line 1372]
Event: 1.211 Thread 0x0000000150253000 Exception <a 'java/lang/ClassNotFoundException'{0x000000065abed5b0}: javax/management/remote/rmi/RMIConnectionImpl_Skel> (0x000000065abed5b0) thrown at [src/hotspot/share/classfile/systemDictionary.cpp, line 230]
Event: 1.214 Thread 0x0000000150304800 Exception <a 'java/lang/NoSuchMethodError'{0x000000065a9420c8}: 'java.lang.Object java.lang.invoke.Invokers$Holder.linkToTargetMethod(java.lang.Object, long, java.lang.Object)'> (0x000000065a9420c8) thrown at [src/hotspot/share/interpreter/linkResolver.cpp, line 773]
Event: 1.219 Thread 0x0000000150253000 Exception <a 'java/lang/reflect/InvocationTargetException'{0x000000065a9a7320}> (0x000000065a9a7320) thrown at [src/hotspot/share/runtime/reflection.cpp, line 1245]
Event: 1.220 Thread 0x0000000150253000 Exception <a 'java/lang/NoSuchMethodError'{0x000000065a9d7dc8}: <clinit>> (0x000000065a9d7dc8) thrown at [src/hotspot/share/prims/jni.cpp, line 1372]
Event: 1.375 Thread 0x0000000151008800 Exception <a 'java/lang/ClassNotFoundException'{0x0000000659bc7108}: java/lang/ObjectCustomizer> (0x0000000659bc7108) thrown at [src/hotspot/share/classfile/systemDictionary.cpp, line 230]
Event: 1.376 Thread 0x0000000151008800 Exception <a 'java/lang/ClassNotFoundException'{0x0000000659bfb5b0}: org/springframework/context/annotation/ConfigurationClassPostProcessorCustomizer> (0x0000000659bfb5b0) thrown at [src/hotspot/share/classfile/systemDictionary.cpp, line 230]
Event: 1.376 Thread 0x0000000151008800 Exception <a 'java/lang/ClassNotFoundException'{0x0000000659a3fe10}: org/springframework/beans/factory/support/BeanDefinitionRegistryPostProcessorCustomizer> (0x0000000659a3fe10) thrown at [src/hotspot/share/classfile/systemDictionary.cpp, line 230]
Event: 1.377 Thread 0x0000000151008800 Exception <a 'java/lang/ClassNotFoundException'{0x0000000659a705f0}: org/springframework/beans/factory/config/BeanFactoryPostProcessorCustomizer> (0x0000000659a705f0) thrown at [src/hotspot/share/classfile/systemDictionary.cpp, line 230]
Event: 1.377 Thread 0x0000000151008800 Exception <a 'java/lang/ClassNotFoundException'{0x0000000659a99120}: org/springframework/core/PriorityOrderedCustomizer> (0x0000000659a99120) thrown at [src/hotspot/share/classfile/systemDictionary.cpp, line 230]
Event: 1.377 Thread 0x0000000151008800 Exception <a 'java/lang/ClassNotFoundException'{0x0000000659abe610}: org/springframework/core/OrderedCustomizer> (0x0000000659abe610) thrown at [src/hotspot/share/classfile/systemDictionary.cpp, line 230]
Event: 1.377 Thread 0x0000000151008800 Exception <a 'java/lang/ClassNotFoundException'{0x0000000659ae8ac8}: org/springframework/context/ResourceLoaderAwareCustomizer> (0x0000000659ae8ac8) thrown at [src/hotspot/share/classfile/systemDictionary.cpp, line 230]
Event: 1.377 Thread 0x0000000151008800 Exception <a 'java/lang/ClassNotFoundException'{0x00000006599113b0}: org/springframework/beans/factory/AwareCustomizer> (0x00000006599113b0) thrown at [src/hotspot/share/classfile/systemDictionary.cpp, line 230]
Event: 1.378 Thread 0x0000000151008800 Exception <a 'java/lang/ClassNotFoundException'{0x000000065993c4b8}: org/springframework/context/ApplicationStartupAwareCustomizer> (0x000000065993c4b8) thrown at [src/hotspot/share/classfile/systemDictionary.cpp, line 230]
Event: 1.378 Thread 0x0000000151008800 Exception <a 'java/lang/ClassNotFoundException'{0x00000006599647e8}: org/springframework/beans/factory/AwareCustomizer> (0x00000006599647e8) thrown at [src/hotspot/share/classfile/systemDictionary.cpp, line 230]
Event: 1.378 Thread 0x0000000151008800 Exception <a 'java/lang/ClassNotFoundException'{0x0000000659990bd8}: org/springframework/beans/factory/BeanClassLoaderAwareCustomizer> (0x0000000659990bd8) thrown at [src/hotspot/share/classfile/systemDictionary.cpp, line 230]
Event: 1.378 Thread 0x0000000151008800 Exception <a 'java/lang/ClassNotFoundException'{0x00000006599b8cb0}: org/springframework/beans/factory/AwareCustomizer> (0x00000006599b8cb0) thrown at [src/hotspot/share/classfile/systemDictionary.cpp, line 230]
Event: 1.378 Thread 0x0000000151008800 Exception <a 'java/lang/ClassNotFoundException'{0x00000006599e2058}: org/springframework/context/EnvironmentAwareCustomizer> (0x00000006599e2058) thrown at [src/hotspot/share/classfile/systemDictionary.cpp, line 230]
Event: 1.378 Thread 0x0000000151008800 Exception <a 'java/lang/ClassNotFoundException'{0x000000065980a8c8}: org/springframework/beans/factory/AwareCustomizer> (0x000000065980a8c8) thrown at [src/hotspot/share/classfile/systemDictionary.cpp, line 230]

Events (20 events):
Event: 1.523 loading class org/elasticsearch/client/RestClientBuilder
Event: 1.523 loading class org/elasticsearch/client/RestClientBuilder done
Event: 1.523 loading class javax/servlet/GenericServlet
Event: 1.523 loading class javax/servlet/GenericServlet done
Event: 1.524 Executing VM operation: RevokeBias
Event: 1.524 Executing VM operation: RevokeBias done
Event: 1.524 loading class org/flywaydb/core/Flyway
Event: 1.524 loading class org/flywaydb/core/Flyway done
Event: 1.524 loading class javax/servlet/ServletConfig
Event: 1.524 loading class javax/servlet/ServletConfig done
Event: 1.524 loading class freemarker/template/Configuration
Event: 1.524 loading class freemarker/template/Configuration done
Event: 1.524 Executing VM operation: RevokeBias
Event: 1.524 Executing VM operation: RevokeBias done
Event: 1.524 Executing VM operation: RevokeBias
Event: 1.524 Executing VM operation: RevokeBias done
Event: 1.524 loading class com/couchbase/client/java/Cluster
Event: 1.524 loading class com/couchbase/client/java/Cluster done
Event: 1.524 loading class graphql/GraphQL
Event: 1.524 loading class graphql/GraphQL done


Dynamic libraries:
0x0000000100e90000 	/opt/homebrew/Cellar/openjdk@11/11.0.25/libexec/openjdk.jdk/Contents/Home/lib/jli/libjli.dylib
0x00000001adb01000 	/System/Library/Frameworks/Cocoa.framework/Versions/A/Cocoa
0x0000000195a37000 	/System/Library/Frameworks/AppKit.framework/Versions/C/AppKit
0x0000000198cef000 	/System/Library/Frameworks/CoreData.framework/Versions/A/CoreData
0x0000000193071000 	/System/Library/Frameworks/Foundation.framework/Versions/C/Foundation
0x000000019f9f5000 	/usr/lib/libSystem.B.dylib
0x0000000196e74000 	/System/Library/PrivateFrameworks/UIFoundation.framework/Versions/A/UIFoundation
0x000000023ab6f000 	/System/Library/PrivateFrameworks/CollectionViewCore.framework/Versions/A/CollectionViewCore
0x00000001a6c81000 	/System/Library/PrivateFrameworks/RemoteViewServices.framework/Versions/A/RemoteViewServices
0x000000019d67b000 	/System/Library/PrivateFrameworks/XCTTargetBootstrap.framework/Versions/A/XCTTargetBootstrap
0x00000001a20db000 	/System/Library/PrivateFrameworks/InternationalSupport.framework/Versions/A/InternationalSupport
0x00000001a213a000 	/System/Library/PrivateFrameworks/UserActivity.framework/Versions/A/UserActivity
0x00000002663f3000 	/System/Library/PrivateFrameworks/UIIntelligenceSupport.framework/Versions/A/UIIntelligenceSupport
0x0000000230f38000 	/System/Library/Frameworks/SwiftUICore.framework/Versions/A/SwiftUICore
0x000000026b3a4000 	/System/Library/PrivateFrameworks/WritingTools.framework/Versions/A/WritingTools
0x000000026a3f7000 	/System/Library/PrivateFrameworks/WindowManagement.framework/Versions/A/WindowManagement
0x0000000192ccb000 	/System/Library/Frameworks/SystemConfiguration.framework/Versions/A/SystemConfiguration
0x00000001a1524000 	/usr/lib/libspindump.dylib
0x0000000197026000 	/System/Library/Frameworks/UniformTypeIdentifiers.framework/Versions/A/UniformTypeIdentifiers
0x000000019edf3000 	/usr/lib/libbsm.0.dylib
0x000000019b13d000 	/usr/lib/libapp_launch_measurement.dylib
0x000000019a539000 	/System/Library/PrivateFrameworks/CoreAnalytics.framework/Versions/A/CoreAnalytics
0x000000019b141000 	/System/Library/PrivateFrameworks/CoreAutoLayout.framework/Versions/A/CoreAutoLayout
0x000000019ccc4000 	/System/Library/Frameworks/Metal.framework/Versions/A/Metal
0x000000019dec2000 	/usr/lib/liblangid.dylib
0x000000019d681000 	/System/Library/PrivateFrameworks/CoreSVG.framework/Versions/A/CoreSVG
0x0000000197a47000 	/System/Library/PrivateFrameworks/SkyLight.framework/Versions/A/SkyLight
0x0000000197f74000 	/System/Library/Frameworks/CoreGraphics.framework/Versions/A/CoreGraphics
0x00000001a735a000 	/System/Library/Frameworks/Accelerate.framework/Versions/A/Accelerate
0x00000001a1356000 	/System/Library/PrivateFrameworks/IconServices.framework/Versions/A/IconServices
0x000000019cca1000 	/System/Library/Frameworks/IOSurface.framework/Versions/A/IOSurface
0x000000019a56b000 	/usr/lib/libDiagnosticMessagesClient.dylib
0x000000019f939000 	/usr/lib/libz.1.dylib
0x00000001ab1e6000 	/System/Library/Frameworks/ApplicationServices.framework/Versions/A/ApplicationServices
0x000000019d666000 	/System/Library/PrivateFrameworks/DFRFoundation.framework/Versions/A/DFRFoundation
0x00000001952a1000 	/usr/lib/libicucore.A.dylib
0x00000001a3254000 	/System/Library/Frameworks/AudioToolbox.framework/Versions/A/AudioToolbox
0x00000001a20eb000 	/System/Library/PrivateFrameworks/DataDetectorsCore.framework/Versions/A/DataDetectorsCore
0x00000001bd781000 	/System/Library/PrivateFrameworks/TextInput.framework/Versions/A/TextInput
0x0000000197993000 	/usr/lib/libMobileGestalt.dylib
0x000000019d35e000 	/System/Library/Frameworks/Carbon.framework/Versions/A/Frameworks/HIToolbox.framework/Versions/A/HIToolbox
0x000000019aa3c000 	/System/Library/Frameworks/QuartzCore.framework/Versions/A/QuartzCore
0x0000000194eaa000 	/System/Library/Frameworks/Security.framework/Versions/A/Security
0x00000001a6cbc000 	/System/Library/Frameworks/Carbon.framework/Versions/A/Frameworks/SpeechRecognition.framework/Versions/A/SpeechRecognition
0x000000019ae56000 	/System/Library/PrivateFrameworks/CoreUI.framework/Versions/A/CoreUI
0x000000019475e000 	/System/Library/Frameworks/CoreAudio.framework/Versions/A/CoreAudio
0x000000019a657000 	/System/Library/Frameworks/DiskArbitration.framework/Versions/A/DiskArbitration
0x00000001a1997000 	/System/Library/PrivateFrameworks/MultitouchSupport.framework/Versions/A/MultitouchSupport
0x0000000197991000 	/usr/lib/libenergytrace.dylib
0x00000001b2169000 	/System/Library/PrivateFrameworks/RenderBox.framework/Versions/A/RenderBox
0x00000001958e7000 	/System/Library/Frameworks/IOKit.framework/Versions/A/IOKit
0x00000001a70b0000 	/System/Library/Frameworks/CoreServices.framework/Versions/A/CoreServices
0x000000019b0ce000 	/System/Library/PrivateFrameworks/PerformanceAnalysis.framework/Versions/A/PerformanceAnalysis
0x00000001eecf1000 	/System/Library/Frameworks/OpenGL.framework/Versions/A/OpenGL
0x000000019b18b000 	/usr/lib/libxml2.2.dylib
0x000000019ecd8000 	/System/Library/PrivateFrameworks/MobileKeyBag.framework/Versions/A/MobileKeyBag
0x0000000191a3c000 	/usr/lib/libobjc.A.dylib
0x0000000191d29000 	/usr/lib/libc++.1.dylib
0x00000001a7030000 	/System/Library/Frameworks/Accessibility.framework/Versions/A/Accessibility
0x0000000198693000 	/System/Library/Frameworks/ColorSync.framework/Versions/A/ColorSync
0x0000000191e7f000 	/System/Library/Frameworks/CoreFoundation.framework/Versions/A/CoreFoundation
0x000000019da3f000 	/System/Library/Frameworks/CoreImage.framework/Versions/A/CoreImage
0x000000019454e000 	/System/Library/Frameworks/CoreText.framework/Versions/A/CoreText
0x00000001f0258000 	/System/Library/Frameworks/CoreTransferable.framework/Versions/A/CoreTransferable
0x00000001f07f7000 	/System/Library/Frameworks/DeveloperToolsSupport.framework/Versions/A/DeveloperToolsSupport
0x000000019d6bd000 	/System/Library/Frameworks/ImageIO.framework/Versions/A/ImageIO
0x0000000231b52000 	/System/Library/Frameworks/Symbols.framework/Versions/A/Symbols
0x000000019f9fa000 	/System/Library/PrivateFrameworks/SoftLinking.framework/Versions/A/SoftLinking
0x00000001cf5f6000 	/usr/lib/swift/libswiftAccelerate.dylib
0x00000001a2bb5000 	/usr/lib/swift/libswiftCore.dylib
0x00000001b9f02000 	/usr/lib/swift/libswiftCoreFoundation.dylib
0x00000001b9f5f000 	/usr/lib/swift/libswiftCoreImage.dylib
0x00000001b76ae000 	/usr/lib/swift/libswiftDarwin.dylib
0x00000001a8b6a000 	/usr/lib/swift/libswiftDispatch.dylib
0x00000001b9f60000 	/usr/lib/swift/libswiftIOKit.dylib
0x00000001c678d000 	/usr/lib/swift/libswiftMetal.dylib
0x00000001d4a8b000 	/usr/lib/swift/libswiftOSLog.dylib
0x00000001ab751000 	/usr/lib/swift/libswiftObjectiveC.dylib
0x000000027258c000 	/usr/lib/swift/libswiftObservation.dylib
0x00000001cb0b8000 	/usr/lib/swift/libswiftQuartzCore.dylib
0x00000001cf5e7000 	/usr/lib/swift/libswiftUniformTypeIdentifiers.dylib
0x00000001b9f14000 	/usr/lib/swift/libswiftXPC.dylib
0x0000000272682000 	/usr/lib/swift/libswift_Builtin_float.dylib
0x0000000272687000 	/usr/lib/swift/libswift_Concurrency.dylib
0x00000002727ef000 	/usr/lib/swift/libswift_StringProcessing.dylib
0x00000002728a2000 	/usr/lib/swift/libswift_errno.dylib
0x00000002728a4000 	/usr/lib/swift/libswift_math.dylib
0x00000002728a7000 	/usr/lib/swift/libswift_signal.dylib
0x00000002728a8000 	/usr/lib/swift/libswift_stdio.dylib
0x00000002728a9000 	/usr/lib/swift/libswift_time.dylib
0x00000001ab755000 	/usr/lib/swift/libswiftos.dylib
0x00000001bd6d8000 	/usr/lib/swift/libswiftsimd.dylib
0x00000002728aa000 	/usr/lib/swift/libswiftsys_time.dylib
0x00000002728ab000 	/usr/lib/swift/libswiftunistd.dylib
0x000000019fba6000 	/usr/lib/libcompression.dylib
0x00000001a2033000 	/System/Library/PrivateFrameworks/TextureIO.framework/Versions/A/TextureIO
0x00000001a0fe7000 	/usr/lib/libate.dylib
0x000000019f9ef000 	/usr/lib/system/libcache.dylib
0x000000019f9a8000 	/usr/lib/system/libcommonCrypto.dylib
0x000000019f9d5000 	/usr/lib/system/libcompiler_rt.dylib
0x000000019f9ca000 	/usr/lib/system/libcopyfile.dylib
0x0000000191b7b000 	/usr/lib/system/libcorecrypto.dylib
0x0000000191c5d000 	/usr/lib/system/libdispatch.dylib
0x0000000191e1a000 	/usr/lib/system/libdyld.dylib
0x000000019f9e5000 	/usr/lib/system/libkeymgr.dylib
0x000000019f987000 	/usr/lib/system/libmacho.dylib
0x000000019edcc000 	/usr/lib/system/libquarantine.dylib
0x000000019f9e2000 	/usr/lib/system/libremovefile.dylib
0x0000000197a0c000 	/usr/lib/system/libsystem_asl.dylib
0x0000000191b10000 	/usr/lib/system/libsystem_blocks.dylib
0x0000000191ca7000 	/usr/lib/system/libsystem_c.dylib
0x000000019f9d9000 	/usr/lib/system/libsystem_collections.dylib
0x000000019deaf000 	/usr/lib/system/libsystem_configuration.dylib
0x000000019cc72000 	/usr/lib/system/libsystem_containermanager.dylib
0x000000019f4db000 	/usr/lib/system/libsystem_coreservices.dylib
0x0000000195565000 	/usr/lib/system/libsystem_darwin.dylib
0x00000002729ee000 	/usr/lib/system/libsystem_darwindirectory.dylib
0x000000019f9e6000 	/usr/lib/system/libsystem_dnssd.dylib
0x00000002729f2000 	/usr/lib/system/libsystem_eligibility.dylib
0x0000000191ca4000 	/usr/lib/system/libsystem_featureflags.dylib
0x0000000191e4f000 	/usr/lib/system/libsystem_info.dylib
0x000000019f948000 	/usr/lib/system/libsystem_m.dylib
0x0000000191c1b000 	/usr/lib/system/libsystem_malloc.dylib
0x0000000197976000 	/usr/lib/system/libsystem_networkextension.dylib
0x00000001959c8000 	/usr/lib/system/libsystem_notify.dylib
0x000000019deb4000 	/usr/lib/system/libsystem_sandbox.dylib
0x00000002729f9000 	/usr/lib/system/libsystem_sanitizers.dylib
0x000000019f9de000 	/usr/lib/system/libsystem_secinit.dylib
0x0000000191dd2000 	/usr/lib/system/libsystem_kernel.dylib
0x0000000191e47000 	/usr/lib/system/libsystem_platform.dylib
0x0000000191e0d000 	/usr/lib/system/libsystem_pthread.dylib
0x0000000199515000 	/usr/lib/system/libsystem_symptoms.dylib
0x0000000191b5f000 	/usr/lib/system/libsystem_trace.dylib
0x000000019f9b6000 	/usr/lib/system/libunwind.dylib
0x0000000191b14000 	/usr/lib/system/libxpc.dylib
0x0000000191db7000 	/usr/lib/libc++abi.dylib
0x000000019f9c2000 	/usr/lib/liboah.dylib
0x0000000195866000 	/System/Library/PrivateFrameworks/CoreServicesInternal.framework/Versions/A/CoreServicesInternal
0x000000019f9f7000 	/usr/lib/libfakelink.dylib
0x00000001aac97000 	/System/Library/PrivateFrameworks/DiskImages.framework/Versions/A/DiskImages
0x00000001b71db000 	/System/Library/Frameworks/NetFS.framework/Versions/A/NetFS
0x00000001975ad000 	/System/Library/Frameworks/CFNetwork.framework/Versions/A/CFNetwork
0x000000019b105000 	/System/Library/Frameworks/CoreServices.framework/Versions/A/Frameworks/FSEvents.framework/Versions/A/FSEvents
0x0000000195570000 	/System/Library/Frameworks/CoreServices.framework/Versions/A/Frameworks/CarbonCore.framework/Versions/A/CarbonCore
0x000000019a5cd000 	/System/Library/Frameworks/CoreServices.framework/Versions/A/Frameworks/Metadata.framework/Versions/A/Metadata
0x000000019f4e2000 	/System/Library/Frameworks/CoreServices.framework/Versions/A/Frameworks/OSServices.framework/Versions/A/OSServices
0x000000019fad5000 	/System/Library/Frameworks/CoreServices.framework/Versions/A/Frameworks/SearchKit.framework/Versions/A/SearchKit
0x000000019948f000 	/System/Library/Frameworks/CoreServices.framework/Versions/A/Frameworks/AE.framework/Versions/A/AE
0x0000000192374000 	/System/Library/Frameworks/CoreServices.framework/Versions/A/Frameworks/LaunchServices.framework/Versions/A/LaunchServices
0x00000001a0e39000 	/System/Library/Frameworks/CoreServices.framework/Versions/A/Frameworks/DictionaryServices.framework/Versions/A/DictionaryServices
0x000000019b113000 	/System/Library/Frameworks/CoreServices.framework/Versions/A/Frameworks/SharedFileList.framework/Versions/A/SharedFileList
0x000000019fb70000 	/usr/lib/libapple_nghttp2.dylib
0x00000001990f7000 	/usr/lib/libsqlite3.dylib
0x00000001a38c0000 	/System/Library/Frameworks/GSS.framework/Versions/A/GSS
0x0000000199428000 	/System/Library/PrivateFrameworks/RunningBoardServices.framework/Versions/A/RunningBoardServices
0x000000019951e000 	/System/Library/Frameworks/Network.framework/Versions/A/Network
0x000000019f98b000 	/usr/lib/system/libkxld.dylib
0x00000002719c0000 	/usr/lib/libCoreEntitlements.dylib
0x00000002501b4000 	/System/Library/PrivateFrameworks/MessageSecurity.framework/Versions/A/MessageSecurity
0x00000001990dd000 	/System/Library/PrivateFrameworks/ProtocolBuffer.framework/Versions/A/ProtocolBuffer
0x000000019f4c3000 	/System/Library/PrivateFrameworks/AppleFSCompression.framework/Versions/A/AppleFSCompression
0x000000019eddb000 	/usr/lib/libcoretls.dylib
0x00000001a0eb0000 	/usr/lib/libcoretls_cfhelpers.dylib
0x000000019fba0000 	/usr/lib/libpam.2.dylib
0x00000001a0f23000 	/usr/lib/libxar.1.dylib
0x000000019fa4c000 	/usr/lib/libarchive.2.dylib
0x00000001a4fb1000 	/System/Library/Frameworks/Combine.framework/Versions/A/Combine
0x000000023ab93000 	/System/Library/PrivateFrameworks/CollectionsInternal.framework/Versions/A/CollectionsInternal
0x00000002580b7000 	/System/Library/PrivateFrameworks/ReflectionInternal.framework/Versions/A/ReflectionInternal
0x0000000258d4f000 	/System/Library/PrivateFrameworks/RuntimeInternal.framework/Versions/A/RuntimeInternal
0x0000000272609000 	/usr/lib/swift/libswiftSystem.dylib
0x000000019debd000 	/System/Library/PrivateFrameworks/AppleSystemInfo.framework/Versions/A/AppleSystemInfo
0x00000001b9df5000 	/System/Library/PrivateFrameworks/LoggingSupport.framework/Versions/A/LoggingSupport
0x000000019b315000 	/System/Library/PrivateFrameworks/UserManagement.framework/Versions/A/UserManagement
0x00000001974e2000 	/usr/lib/libboringssl.dylib
0x0000000199504000 	/usr/lib/libdns_services.dylib
0x00000001b8fe4000 	/usr/lib/libquic.dylib
0x00000001a2b45000 	/usr/lib/libusrtcp.dylib
0x00000001dc114000 	/System/Library/PrivateFrameworks/InternalSwiftProtobuf.framework/Versions/A/InternalSwiftProtobuf
0x0000000272554000 	/usr/lib/swift/libswiftDistributed.dylib
0x00000001975ac000 	/usr/lib/libnetwork.dylib
0x000000019fb4a000 	/System/Library/PrivateFrameworks/AppleSauce.framework/Versions/A/AppleSauce
0x0000000192b68000 	/System/Library/PrivateFrameworks/Lexicon.framework/Versions/A/Lexicon
0x0000000249fd5000 	/System/Library/PrivateFrameworks/IO80211.framework/Versions/A/IO80211
0x00000001a8e09000 	/System/Library/PrivateFrameworks/FrontBoardServices.framework/Versions/A/FrontBoardServices
0x000000019ed03000 	/System/Library/Frameworks/SecurityFoundation.framework/Versions/A/SecurityFoundation
0x000000019dfe4000 	/System/Library/PrivateFrameworks/LinguisticData.framework/Versions/A/LinguisticData
0x000000019ead7000 	/System/Library/PrivateFrameworks/IOMobileFramebuffer.framework/Versions/A/IOMobileFramebuffer
0x0000000199343000 	/System/Library/PrivateFrameworks/BaseBoard.framework/Versions/A/BaseBoard
0x00000001a8ed5000 	/System/Library/PrivateFrameworks/BoardServices.framework/Versions/A/BoardServices
0x000000019ecf5000 	/System/Library/PrivateFrameworks/AssertionServices.framework/Versions/A/AssertionServices
0x00000001aaad3000 	/System/Library/PrivateFrameworks/BackBoardServices.framework/Versions/A/BackBoardServices
0x000000019d0d1000 	/System/Library/PrivateFrameworks/FontServices.framework/libFontParser.dylib
0x0000000197a25000 	/System/Library/PrivateFrameworks/TCC.framework/Versions/A/TCC
0x00000001ae578000 	/System/Library/PrivateFrameworks/IOSurfaceAccelerator.framework/Versions/A/IOSurfaceAccelerator
0x00000001a1995000 	/System/Library/PrivateFrameworks/WatchdogClient.framework/Versions/A/WatchdogClient
0x000000019407b000 	/System/Library/Frameworks/CoreDisplay.framework/Versions/A/CoreDisplay
0x000000019cf66000 	/System/Library/Frameworks/CoreMedia.framework/Versions/A/CoreMedia
0x000000019ccba000 	/System/Library/PrivateFrameworks/IOAccelerator.framework/Versions/A/IOAccelerator
0x000000019b275000 	/System/Library/Frameworks/CoreVideo.framework/Versions/A/CoreVideo
0x000000019fb9e000 	/System/Library/Frameworks/MetalPerformanceShaders.framework/Versions/A/MetalPerformanceShaders
0x00000002575df000 	/System/Library/PrivateFrameworks/ProDisplayLibrary.framework/Versions/A/ProDisplayLibrary
0x00000001a19dc000 	/System/Library/Frameworks/VideoToolbox.framework/Versions/A/VideoToolbox
0x000000019debb000 	/System/Library/PrivateFrameworks/AggregateDictionary.framework/Versions/A/AggregateDictionary
0x00000001a0eb2000 	/System/Library/PrivateFrameworks/APFS.framework/Versions/A/APFS
0x000000023731c000 	/System/Library/PrivateFrameworks/AppleKeyStore.framework/Versions/A/AppleKeyStore
0x00000001a0f32000 	/usr/lib/libutil.dylib
0x00000001a0e91000 	/usr/lib/liblzma.5.dylib
0x000000019a660000 	/System/Library/Frameworks/Accelerate.framework/Versions/A/Frameworks/vImage.framework/Versions/A/vImage
0x00000001a708b000 	/System/Library/Frameworks/Accelerate.framework/Versions/A/Frameworks/vecLib.framework/Versions/A/vecLib
0x00000001a0f6a000 	/System/Library/Frameworks/Accelerate.framework/Versions/A/Frameworks/vecLib.framework/Versions/A/libvMisc.dylib
0x00000001927d8000 	/System/Library/Frameworks/Accelerate.framework/Versions/A/Frameworks/vecLib.framework/Versions/A/libBLAS.dylib
0x00000001a349c000 	/System/Library/Frameworks/ApplicationServices.framework/Versions/A/Frameworks/ATS.framework/Versions/A/ATS
0x000000019884b000 	/System/Library/Frameworks/ApplicationServices.framework/Versions/A/Frameworks/HIServices.framework/Versions/A/HIServices
0x00000001a1fbb000 	/System/Library/Frameworks/ApplicationServices.framework/Versions/A/Frameworks/PrintCore.framework/Versions/A/PrintCore
0x00000001a3888000 	/System/Library/Frameworks/ApplicationServices.framework/Versions/A/Frameworks/QD.framework/Versions/A/QD
0x00000001a387f000 	/System/Library/Frameworks/ApplicationServices.framework/Versions/A/Frameworks/ColorSyncLegacy.framework/Versions/A/ColorSyncLegacy
0x00000001a346e000 	/System/Library/Frameworks/ApplicationServices.framework/Versions/A/Frameworks/SpeechSynthesis.framework/Versions/A/SpeechSynthesis
0x000000019eaa4000 	/System/Library/PrivateFrameworks/CoreEmoji.framework/Versions/A/CoreEmoji
0x0000000241632000 	/System/Library/PrivateFrameworks/FontServices.framework/Versions/A/FontServices
0x00000001a14ce000 	/System/Library/PrivateFrameworks/OTSVG.framework/Versions/A/OTSVG
0x000000019ae04000 	/System/Library/Frameworks/ApplicationServices.framework/Versions/A/Frameworks/ATS.framework/Versions/A/Resources/libFontRegistry.dylib
0x00000001a1518000 	/System/Library/PrivateFrameworks/FontServices.framework/libhvf.dylib
0x0000000253642000 	/System/Library/PrivateFrameworks/ParsingInternal.framework/Versions/A/ParsingInternal
0x00000002725ab000 	/usr/lib/swift/libswiftRegexBuilder.dylib
0x0000000272748000 	/usr/lib/swift/libswift_RegexParser.dylib
0x00000001a185c000 	/System/Library/PrivateFrameworks/AppleJPEG.framework/Versions/A/AppleJPEG
0x00000001a12e3000 	/usr/lib/libexpat.1.dylib
0x00000001a1e90000 	/System/Library/Frameworks/ImageIO.framework/Versions/A/Resources/libPng.dylib
0x00000001a1ebb000 	/System/Library/Frameworks/ImageIO.framework/Versions/A/Resources/libTIFF.dylib
0x00000001a1fa6000 	/System/Library/Frameworks/ImageIO.framework/Versions/A/Resources/libGIF.dylib
0x00000001a18a2000 	/System/Library/Frameworks/ImageIO.framework/Versions/A/Resources/libJP2.dylib
0x00000001a1f4c000 	/System/Library/Frameworks/ImageIO.framework/Versions/A/Resources/libJPEG.dylib
0x00000001a1f43000 	/System/Library/Frameworks/ImageIO.framework/Versions/A/Resources/libRadiance.dylib
0x00000002463fa000 	/System/Library/PrivateFrameworks/GPUCompiler.framework/Versions/32023/Libraries/libllvm-flatbuffers.dylib
0x00000002416f8000 	/System/Library/PrivateFrameworks/FramePacing.framework/Versions/A/FramePacing
0x00000001eece3000 	/System/Library/Frameworks/OpenGL.framework/Versions/A/Libraries/libCoreFSCache.dylib
0x00000002422a3000 	/System/Library/PrivateFrameworks/GPUCompiler.framework/Versions/32023/Libraries/libGPUCompilerUtils.dylib
0x0000000241633000 	/System/Library/PrivateFrameworks/FontServices.framework/libXTFontStaticRegistryData.dylib
0x00000001ac88e000 	/System/Library/PrivateFrameworks/ASEProcessing.framework/Versions/A/ASEProcessing
0x00000001d8221000 	/System/Library/PrivateFrameworks/Symbolication.framework/Versions/A/Symbolication
0x00000002567f5000 	/System/Library/PrivateFrameworks/PhotosensitivityProcessing.framework/Versions/A/PhotosensitivityProcessing
0x00000001a14c2000 	/System/Library/PrivateFrameworks/GraphVisualizer.framework/Versions/A/GraphVisualizer
0x00000001eed43000 	/System/Library/Frameworks/OpenGL.framework/Versions/A/Libraries/libGLU.dylib
0x00000001eed05000 	/System/Library/Frameworks/OpenGL.framework/Versions/A/Libraries/libGFXShared.dylib
0x00000001eeed6000 	/System/Library/Frameworks/OpenGL.framework/Versions/A/Libraries/libGL.dylib
0x00000001eed0e000 	/System/Library/Frameworks/OpenGL.framework/Versions/A/Libraries/libGLImage.dylib
0x00000001eed02000 	/System/Library/Frameworks/OpenGL.framework/Versions/A/Libraries/libCVMSPluginSupport.dylib
0x0000000271b64000 	/usr/lib/libRosetta.dylib
0x00000001eeceb000 	/System/Library/Frameworks/OpenGL.framework/Versions/A/Libraries/libCoreVMClient.dylib
0x000000019ddfd000 	/System/Library/Frameworks/MetalPerformanceShaders.framework/Versions/A/Frameworks/MPSCore.framework/Versions/A/MPSCore
0x000000019f42f000 	/System/Library/Frameworks/MetalPerformanceShaders.framework/Versions/A/Frameworks/MPSImage.framework/Versions/A/MPSImage
0x000000019ee7e000 	/System/Library/Frameworks/MetalPerformanceShaders.framework/Versions/A/Frameworks/MPSNeuralNetwork.framework/Versions/A/MPSNeuralNetwork
0x000000019f2b4000 	/System/Library/Frameworks/MetalPerformanceShaders.framework/Versions/A/Frameworks/MPSMatrix.framework/Versions/A/MPSMatrix
0x000000019f0cc000 	/System/Library/Frameworks/MetalPerformanceShaders.framework/Versions/A/Frameworks/MPSRayIntersector.framework/Versions/A/MPSRayIntersector
0x000000019f2e6000 	/System/Library/Frameworks/MetalPerformanceShaders.framework/Versions/A/Frameworks/MPSNDArray.framework/Versions/A/MPSNDArray
0x00000001f2abb000 	/System/Library/Frameworks/MetalPerformanceShaders.framework/Versions/A/Frameworks/MPSFunctions.framework/Versions/A/MPSFunctions
0x00000001f2a9f000 	/System/Library/Frameworks/MetalPerformanceShaders.framework/Versions/A/Frameworks/MPSBenchmarkLoop.framework/Versions/A/MPSBenchmarkLoop
0x000000019265c000 	/System/Library/PrivateFrameworks/MetalTools.framework/Versions/A/MetalTools
0x00000001bea42000 	/System/Library/PrivateFrameworks/IOAccelMemoryInfo.framework/Versions/A/IOAccelMemoryInfo
0x00000001cb4b4000 	/System/Library/PrivateFrameworks/kperf.framework/Versions/A/kperf
0x00000001b9ed9000 	/System/Library/PrivateFrameworks/GPURawCounter.framework/Versions/A/GPURawCounter
0x00000001a931c000 	/System/Library/PrivateFrameworks/CoreSymbolication.framework/Versions/A/CoreSymbolication
0x00000001b9e73000 	/System/Library/PrivateFrameworks/MallocStackLogging.framework/Versions/A/MallocStackLogging
0x00000001a1081000 	/System/Library/PrivateFrameworks/CrashReporterSupport.framework/Versions/A/CrashReporterSupport
0x00000001a92d6000 	/System/Library/PrivateFrameworks/DebugSymbols.framework/Versions/A/DebugSymbols
0x00000001ca74c000 	/System/Library/PrivateFrameworks/OSAnalytics.framework/Versions/A/OSAnalytics
0x00000001a1f77000 	/System/Library/Frameworks/ApplicationServices.framework/Versions/A/Frameworks/ATSUI.framework/Versions/A/ATSUI
0x00000001a3812000 	/usr/lib/libcups.2.dylib
0x00000001a38ae000 	/System/Library/Frameworks/Kerberos.framework/Versions/A/Kerberos
0x00000001a351b000 	/usr/lib/libresolv.9.dylib
0x000000019fa31000 	/usr/lib/libiconv.2.dylib
0x00000001a152b000 	/System/Library/PrivateFrameworks/Heimdal.framework/Versions/A/Heimdal
0x00000001ab6ac000 	/System/Library/Frameworks/Kerberos.framework/Versions/A/Libraries/libHeimdalProxy.dylib
0x00000001a12fe000 	/usr/lib/libheimdal-asn1.dylib
0x000000019b0d8000 	/System/Library/Frameworks/OpenDirectory.framework/Versions/A/OpenDirectory
0x00000001a391b000 	/System/Library/PrivateFrameworks/CommonAuth.framework/Versions/A/CommonAuth
0x000000019b0e6000 	/System/Library/Frameworks/OpenDirectory.framework/Versions/A/Frameworks/CFOpenDirectory.framework/Versions/A/CFOpenDirectory
0x000000019f986000 	/usr/lib/libcharset.1.dylib
0x00000001ef276000 	/System/Library/Frameworks/AVFAudio.framework/Versions/A/AVFAudio
0x00000001b402f000 	/System/Library/PrivateFrameworks/AXCoreUtilities.framework/Versions/A/AXCoreUtilities
0x000000024cdf4000 	/System/Library/PrivateFrameworks/IsolatedCoreAudioClient.framework/Versions/A/IsolatedCoreAudioClient
0x00000001a3455000 	/usr/lib/libAudioStatistics.dylib
0x000000019cf3e000 	/System/Library/PrivateFrameworks/caulk.framework/Versions/A/caulk
0x000000019419c000 	/System/Library/PrivateFrameworks/AudioToolboxCore.framework/Versions/A/AudioToolboxCore
0x00000001ad938000 	/System/Library/Frameworks/CoreMIDI.framework/Versions/A/CoreMIDI
0x00000001a33f8000 	/System/Library/PrivateFrameworks/AudioSession.framework/Versions/A/AudioSession
0x00000001a4d21000 	/System/Library/Frameworks/IOBluetooth.framework/Versions/A/IOBluetooth
0x00000001a13e8000 	/System/Library/PrivateFrameworks/MediaExperience.framework/Versions/A/MediaExperience
0x0000000264640000 	/System/Library/PrivateFrameworks/Tightbeam.framework/Versions/A/Tightbeam
0x00000001cfcba000 	/System/Library/PrivateFrameworks/AFKUser.framework/Versions/A/AFKUser
0x00000001a150e000 	/System/Library/PrivateFrameworks/AppServerSupport.framework/Versions/A/AppServerSupport
0x00000001a3892000 	/System/Library/PrivateFrameworks/perfdata.framework/Versions/A/perfdata
0x00000001b90db000 	/System/Library/PrivateFrameworks/SystemPolicy.framework/Versions/A/SystemPolicy
0x00000001a3731000 	/usr/lib/libSMC.dylib
0x00000001a1e5a000 	/usr/lib/libAudioToolboxUtility.dylib
0x00000001a38a0000 	/usr/lib/libperfcheck.dylib
0x0000000237901000 	/System/Library/PrivateFrameworks/AudioAnalytics.framework/Versions/A/AudioAnalytics
0x00000001e3246000 	/System/Library/PrivateFrameworks/FeatureFlags.framework/Versions/A/FeatureFlags
0x00000001dbee0000 	/System/Library/Frameworks/OSLog.framework/Versions/A/OSLog
0x000000019f4cf000 	/usr/lib/libbz2.1.0.dylib
0x00000001b9ea5000 	/usr/lib/libmis.dylib
0x00000001a320b000 	/System/Library/PrivateFrameworks/AudioSession.framework/libSessionUtility.dylib
0x00000001a1fac000 	/System/Library/PrivateFrameworks/CMCaptureCore.framework/Versions/A/CMCaptureCore
0x00000001f0946000 	/System/Library/Frameworks/ExtensionFoundation.framework/Versions/A/ExtensionFoundation
0x00000001a9430000 	/System/Library/PrivateFrameworks/CoreTime.framework/Versions/A/CoreTime
0x00000001a11e0000 	/System/Library/PrivateFrameworks/PlugInKit.framework/Versions/A/PlugInKit
0x00000001a8065000 	/System/Library/PrivateFrameworks/PowerLog.framework/Versions/A/PowerLog
0x00000001a7f74000 	/System/Library/Frameworks/CoreBluetooth.framework/Versions/A/CoreBluetooth
0x00000001ab6ad000 	/System/Library/Frameworks/AudioUnit.framework/Versions/A/AudioUnit
0x000000019eb67000 	/System/Library/PrivateFrameworks/CoreUtils.framework/Versions/A/CoreUtils
0x000000023e4fa000 	/System/Library/PrivateFrameworks/CoreUtilsExtras.framework/Versions/A/CoreUtilsExtras
0x00000001a73a9000 	/System/Library/Frameworks/MediaAccessibility.framework/Versions/A/MediaAccessibility
0x00000001c22f9000 	/System/Library/PrivateFrameworks/AttributeGraph.framework/Versions/A/AttributeGraph
0x0000000271804000 	/usr/lib/libAXSafeCategoryBundle.dylib
0x00000001b40ec000 	/usr/lib/libAccessibility.dylib
0x000000019e9b1000 	/System/Library/Frameworks/Accelerate.framework/Versions/A/Frameworks/vecLib.framework/Versions/A/libvDSP.dylib
0x000000019fc7c000 	/System/Library/Frameworks/Accelerate.framework/Versions/A/Frameworks/vecLib.framework/Versions/A/libLAPACK.dylib
0x000000019ee69000 	/System/Library/Frameworks/Accelerate.framework/Versions/A/Frameworks/vecLib.framework/Versions/A/libLinearAlgebra.dylib
0x000000019fb8b000 	/System/Library/Frameworks/Accelerate.framework/Versions/A/Frameworks/vecLib.framework/Versions/A/libSparseBLAS.dylib
0x000000019fc77000 	/System/Library/Frameworks/Accelerate.framework/Versions/A/Frameworks/vecLib.framework/Versions/A/libQuadrature.dylib
0x000000019dfeb000 	/System/Library/Frameworks/Accelerate.framework/Versions/A/Frameworks/vecLib.framework/Versions/A/libBNNS.dylib
0x0000000192c6a000 	/System/Library/Frameworks/Accelerate.framework/Versions/A/Frameworks/vecLib.framework/Versions/A/libSparse.dylib
0x000000024e357000 	/System/Library/PrivateFrameworks/MIL.framework/Versions/A/MIL
0x00000001a1f3e000 	/System/Library/PrivateFrameworks/GPUWrangler.framework/Versions/A/GPUWrangler
0x00000001a1f1e000 	/System/Library/PrivateFrameworks/IOPresentment.framework/Versions/A/IOPresentment
0x00000001a1f46000 	/System/Library/PrivateFrameworks/DSExternalDisplay.framework/Versions/A/DSExternalDisplay
0x00000001dc2ed000 	/System/Library/PrivateFrameworks/HIDDisplay.framework/Versions/A/HIDDisplay
0x00000001b2e00000 	/System/Library/PrivateFrameworks/HID.framework/Versions/A/HID
0x0000000267e62000 	/System/Library/PrivateFrameworks/VideoToolboxParavirtualizationSupport.framework/Versions/A/VideoToolboxParavirtualizationSupport
0x00000001a1299000 	/System/Library/PrivateFrameworks/AppleVA.framework/Versions/A/AppleVA
0x00000001a8f7f000 	/System/Library/PrivateFrameworks/GraphicsServices.framework/Versions/A/GraphicsServices
0x00000001a3a88000 	/System/Library/PrivateFrameworks/CorePhoneNumbers.framework/Versions/A/CorePhoneNumbers
0x00000001a8155000 	/System/Library/PrivateFrameworks/MediaKit.framework/Versions/A/MediaKit
0x00000001a80a0000 	/System/Library/Frameworks/DiscRecording.framework/Versions/A/DiscRecording
0x00000001a3872000 	/System/Library/PrivateFrameworks/NetAuth.framework/Versions/A/NetAuth
0x000000019b2d6000 	/System/Library/PrivateFrameworks/login.framework/Versions/A/Frameworks/loginsupport.framework/Versions/A/loginsupport
0x00000001a1309000 	/System/Library/PrivateFrameworks/IconFoundation.framework/Versions/A/IconFoundation
0x00000001a1078000 	/usr/lib/libIOReport.dylib
0x000000023751c000 	/System/Library/PrivateFrameworks/AppleMobileFileIntegrity.framework/Versions/A/AppleMobileFileIntegrity
0x0000000271baa000 	/usr/lib/libTLE.dylib
0x00000001ebc51000 	/System/Library/PrivateFrameworks/ConfigProfileHelper.framework/Versions/A/ConfigProfileHelper
0x000000019ee05000 	/usr/lib/libmecab.dylib
0x0000000192d5f000 	/usr/lib/libCRFSuite.dylib
0x000000019dec4000 	/System/Library/PrivateFrameworks/CoreNLP.framework/Versions/A/CoreNLP
0x000000019ee66000 	/usr/lib/libgermantok.dylib
0x000000019fb41000 	/usr/lib/libThaiTokenizer.dylib
0x000000019edcf000 	/usr/lib/libCheckFix.dylib
0x000000019a56d000 	/System/Library/PrivateFrameworks/MetadataUtilities.framework/Versions/A/MetadataUtilities
0x000000024a21e000 	/System/Library/PrivateFrameworks/InstalledContentLibrary.framework/Versions/A/InstalledContentLibrary
0x00000001958a6000 	/System/Library/PrivateFrameworks/CoreServicesStore.framework/Versions/A/CoreServicesStore
0x00000001cb5c0000 	/System/Library/PrivateFrameworks/MobileSystemServices.framework/Versions/A/MobileSystemServices
0x00000001a0f36000 	/usr/lib/libxslt.1.dylib
0x000000019ed91000 	/System/Library/PrivateFrameworks/BackgroundTaskManagement.framework/Versions/A/BackgroundTaskManagement
0x00000001aae59000 	/usr/lib/libcurl.4.dylib
0x0000000271de3000 	/usr/lib/libcrypto.46.dylib
0x0000000272330000 	/usr/lib/libssl.48.dylib
0x00000001aab2d000 	/System/Library/Frameworks/LDAP.framework/Versions/A/LDAP
0x00000001aab69000 	/System/Library/PrivateFrameworks/TrustEvaluationAgent.framework/Versions/A/TrustEvaluationAgent
0x00000001a3534000 	/usr/lib/libsasl2.2.dylib
0x00000001b76ad000 	/usr/lib/swift/libswiftCoreGraphics.dylib
0x00000001a79e3000 	/usr/lib/swift/libswiftFoundation.dylib
0x00000001eb708000 	/usr/lib/swift/libswiftSwiftOnoneSupport.dylib
0x00000001d89b6000 	/System/Library/PrivateFrameworks/CoreMaterial.framework/Versions/A/CoreMaterial
0x0000000258e42000 	/System/Library/PrivateFrameworks/SFSymbols.framework/Versions/A/SFSymbols
0x00000001a6ca9000 	/System/Library/PrivateFrameworks/SpeechRecognitionCore.framework/Versions/A/SpeechRecognitionCore
0x0000000101bf0000 	/opt/homebrew/Cellar/openjdk@11/11.0.25/libexec/openjdk.jdk/Contents/Home/lib/server/libjvm.dylib
0x0000000100ef8000 	/opt/homebrew/Cellar/openjdk@11/11.0.25/libexec/openjdk.jdk/Contents/Home/lib/libverify.dylib
0x0000000100f48000 	/opt/homebrew/Cellar/openjdk@11/11.0.25/libexec/openjdk.jdk/Contents/Home/lib/libjava.dylib
0x0000000100f10000 	/opt/homebrew/Cellar/openjdk@11/11.0.25/libexec/openjdk.jdk/Contents/Home/lib/libjimage.dylib
0x0000000101028000 	/opt/homebrew/Cellar/openjdk@11/11.0.25/libexec/openjdk.jdk/Contents/Home/lib/libjdwp.dylib
0x0000000100fe0000 	/opt/homebrew/Cellar/openjdk@11/11.0.25/libexec/openjdk.jdk/Contents/Home/lib/libinstrument.dylib
0x00000001010b0000 	/opt/homebrew/Cellar/openjdk@11/11.0.25/libexec/openjdk.jdk/Contents/Home/lib/libzip.dylib
0x00000002717f6000 	/usr/lib/i18n/libiconv_std.dylib
0x00000002717ec000 	/usr/lib/i18n/libUTF8.dylib
0x00000002717fb000 	/usr/lib/i18n/libmapper_none.dylib
0x0000000101010000 	/opt/homebrew/Cellar/openjdk@11/11.0.25/libexec/openjdk.jdk/Contents/Home/lib/libdt_socket.dylib
0x000000012c2dc000 	/opt/homebrew/Cellar/openjdk@11/11.0.25/libexec/openjdk.jdk/Contents/Home/lib/libnio.dylib
0x000000012c2fc000 	/opt/homebrew/Cellar/openjdk@11/11.0.25/libexec/openjdk.jdk/Contents/Home/lib/libnet.dylib
0x0000000101bcc000 	/opt/homebrew/Cellar/openjdk@11/11.0.25/libexec/openjdk.jdk/Contents/Home/lib/libmanagement.dylib
0x000000012c520000 	/opt/homebrew/Cellar/openjdk@11/11.0.25/libexec/openjdk.jdk/Contents/Home/lib/libmanagement_ext.dylib
0x000000012c734000 	/opt/homebrew/Cellar/openjdk@11/11.0.25/libexec/openjdk.jdk/Contents/Home/lib/libextnet.dylib


VM Arguments:
jvm_args: -agentlib:jdwp=transport=dt_socket,address=127.0.0.1:51854,suspend=y,server=n -XX:TieredStopAtLevel=1 -Xverify:none -Dspring.output.ansi.enabled=always -Dcom.sun.management.jmxremote -Dspring.jmx.enabled=true -Dspring.liveBeansView.mbeanDomain -Dspring.application.admin.enabled=true -Dmanagement.endpoints.jmx.exposure.include=* -javaagent:/Users/zch/Library/Caches/JetBrains/IntelliJIdea2024.2/captureAgent/debugger-agent.jar=file:/private/var/folders/3k/c0jh496n44v4f8t5jhnw4c900000gn/T/capture.props -Dkotlinx.coroutines.debug.enable.creation.stack.trace=false -Ddebugger.agent.enable.coroutines=true -Dfile.encoding=UTF-8 
java_command: com.anynote.file.AnyNoteFileApplication
java_class_path (initial): /Users/zch/code/anynote/Anynote-Cloud/anynote-modules/anynote-modules-file/target/classes:/Users/zch/.m2/repository/com/alibaba/cloud/spring-cloud-starter-alibaba-nacos-discovery/2021.0.4.0/spring-cloud-starter-alibaba-nacos-discovery-2021.0.4.0.jar:/Users/zch/.m2/repository/com/alibaba/cloud/spring-cloud-alibaba-commons/2021.0.4.0/spring-cloud-alibaba-commons-2021.0.4.0.jar:/Users/zch/.m2/repository/com/alibaba/nacos/nacos-client/2.0.4/nacos-client-2.0.4.jar:/Users/zch/.m2/repository/org/apache/httpcomponents/httpasyncclient/4.1.5/httpasyncclient-4.1.5.jar:/Users/zch/.m2/repository/org/apache/httpcomponents/httpcore/4.4.16/httpcore-4.4.16.jar:/Users/zch/.m2/repository/org/apache/httpcomponents/httpcore-nio/4.4.16/httpcore-nio-4.4.16.jar:/Users/zch/.m2/repository/org/apache/httpcomponents/httpclient/4.5.14/httpclient-4.5.14.jar:/Users/zch/.m2/repository/org/reflections/reflections/0.9.11/reflections-0.9.11.jar:/Users/zch/.m2/repository/org/javassist/javassist/3.21.0-GA/javassist-3.21.0-GA.jar:/Users/zch/.m2/repository/io/prometheus/simpleclient/0.15.0/simpleclient-0.15.0.jar:/Users/zch/.m2/repository/io/prometheus/simpleclient_tracer_otel/0.15.0/simpleclient_tracer_otel-0.15.0.jar:/Users/zch/.m2/repository/io/prometheus/simpleclient_tracer_common/0.15.0/simpleclient_tracer_common-0.15.0.jar:/Users/zch/.m2/repository/io/prometheus/simpleclient_tracer_otel_agent/0.15.0/simpleclient_tracer_otel_agent-0.15.0.jar:/Users/zch/.m2/repository/org/yaml/snakeyaml/1.30/snakeyaml-1.30.jar:/Users/zch/.m2/repository/com/alibaba/spring/spring-context-support/1.0.11/spring-context-support-1.0.11.jar:/Users/zch/.m2/repository/org/springframework/cloud/spring-cloud-commons/3.1.5/spring-cloud-commons-3.1.5.jar:/Users/zch/.m2/repository/org/springframework/security/spring-security-crypto/5.7.6/spring-security-crypto-5.7.6.jar:/Users/zch/.m2/repository/org/springframework/cloud/spring-cloud-context/3.1.5/spring-cloud-context-3.1.5.jar:/Users/zch/.m2/repositor
Launcher Type: SUN_STANDARD

[Global flags]
     bool BytecodeVerificationLocal                = false                                     {product} {command line}
     bool BytecodeVerificationRemote               = false                                     {product} {command line}
     intx CICompilerCount                          = 4                                         {product} {ergonomic}
     uint ConcGCThreads                            = 2                                         {product} {ergonomic}
     uint G1ConcRefinementThreads                  = 8                                         {product} {ergonomic}
   size_t G1HeapRegionSize                         = 1048576                                   {product} {ergonomic}
    uintx GCDrainStackTargetSize                   = 64                                        {product} {ergonomic}
   size_t InitialHeapSize                          = 402653184                                 {product} {ergonomic}
     bool ManagementServer                         = true                                      {product} {command line}
   size_t MarkStackSize                            = 4194304                                   {product} {ergonomic}
   size_t MaxHeapSize                              = 6442450944                                {product} {ergonomic}
   size_t MaxNewSize                               = 3865051136                                {product} {ergonomic}
   size_t MinHeapDeltaBytes                        = 1048576                                   {product} {ergonomic}
    uintx NonNMethodCodeHeapSize                   = 7549744                                {pd product} {ergonomic}
    uintx NonProfiledCodeHeapSize                  = 244108496                              {pd product} {ergonomic}
    uintx ProfiledCodeHeapSize                     = 0                                      {pd product} {ergonomic}
    uintx ReservedCodeCacheSize                    = 251658240                              {pd product} {ergonomic}
     bool SegmentedCodeCache                       = true                                      {product} {ergonomic}
     intx TieredStopAtLevel                        = 1                                         {product} {command line}
     bool UseCompressedClassPointers               = true                                 {lp64_product} {ergonomic}
     bool UseCompressedOops                        = true                                 {lp64_product} {ergonomic}
     bool UseG1GC                                  = true                                      {product} {ergonomic}

Logging:
Log output configuration:
 #0: stdout all=warning uptime,level,tags
 #1: stderr all=off uptime,level,tags

Environment Variables:
PATH=/Users/zch/.nvm/versions/node/v18.20.4/bin:/Users/zch/miniconda3/bin:/Users/zch/miniconda3/condabin:/Users/zch/software/apache-maven-3.9.9/bin:/opt/homebrew/bin:/opt/homebrew/sbin:/usr/local/bin:/System/Cryptexes/App/usr/bin:/usr/bin:/bin:/usr/sbin:/sbin:/var/run/com.apple.security.cryptexd/codex.system/bootstrap/usr/local/bin:/var/run/com.apple.security.cryptexd/codex.system/bootstrap/usr/bin:/var/run/com.apple.security.cryptexd/codex.system/bootstrap/usr/appleinternal/bin:/Library/Apple/usr/bin:/Users/zch/.cargo/bin:/Users/zch/.lmstudio/bin
SHELL=/bin/zsh
LC_CTYPE=zh_CN.UTF-8
TMPDIR=/var/folders/3k/c0jh496n44v4f8t5jhnw4c900000gn/T/

Signal Handlers:
SIGSEGV: [libjvm.dylib+0x701dd0], sa_mask[0]=11111111011111110111111111111111, sa_flags=SA_ONSTACK|SA_RESTART|SA_SIGINFO
SIGBUS: [libjvm.dylib+0x701dd0], sa_mask[0]=11111111011111110111111111111111, sa_flags=SA_RESTART|SA_SIGINFO
SIGFPE: [libjvm.dylib+0x701dd0], sa_mask[0]=11111111011111110111111111111111, sa_flags=SA_RESTART|SA_SIGINFO
SIGPIPE: [libjvm.dylib+0x56a09c], sa_mask[0]=11111111011111110111111111111111, sa_flags=SA_RESTART|SA_SIGINFO
SIGXFSZ: [libjvm.dylib+0x56a09c], sa_mask[0]=11111111011111110111111111111111, sa_flags=SA_RESTART|SA_SIGINFO
SIGILL: [libjvm.dylib+0x701dd0], sa_mask[0]=11111111011111110111111111111111, sa_flags=SA_RESTART|SA_SIGINFO
SIGUSR2: [libjvm.dylib+0x56a698], sa_mask[0]=00000000000000000000000000000000, sa_flags=SA_RESTART|SA_SIGINFO
SIGHUP: [libjvm.dylib+0x568e30], sa_mask[0]=11111111011111110111111111111111, sa_flags=SA_RESTART|SA_SIGINFO
SIGINT: [libjvm.dylib+0x568e30], sa_mask[0]=11111111011111110111111111111111, sa_flags=SA_RESTART|SA_SIGINFO
SIGTERM: [libjvm.dylib+0x568e30], sa_mask[0]=11111111011111110111111111111111, sa_flags=SA_RESTART|SA_SIGINFO
SIGQUIT: [libjvm.dylib+0x568e30], sa_mask[0]=11111111011111110111111111111111, sa_flags=SA_RESTART|SA_SIGINFO


---------------  S Y S T E M  ---------------

OS:uname:Darwin 24.3.0 Darwin Kernel Version 24.3.0: Thu Jan  2 20:24:23 PST 2025; root:xnu-11215.81.4~3/RELEASE_ARM64_T8122 arm64
OS uptime: 20 days 1:29 hours
rlimit (soft/hard): STACK 8176k/65520k , CORE 0k/infinity , NPROC 4000/6000 , NOFILE 10240/infinity , AS infinity/infinity , CPU infinity/infinity , DATA infinity/infinity , FSIZE infinity/infinity , MEMLOCK infinity/infinity , RSS infinity/infinity
load average:5.37 6.99 6.96

CPU:total 8 (initial active 8) 0x61:0x0:0xfa33415e:0, simd, crc, lse

Memory: 16k page, physical 25165824k(129840k free), swap 25165824k(1097088k free)

vm_info: OpenJDK 64-Bit Server VM (11.0.25+0) for bsd-aarch64 JRE (11.0.25+0), built on Oct 15 2024 22:10:31 by "brew" with clang Homebrew Clang 19.1.1

END.
