#
# A fatal error has been detected by the Java Runtime Environment:
#
#  SIGSEGV (0xb) at pc=0x000000010396511c, pid=76735, tid=79107
#
# JRE version: OpenJDK Runtime Environment Homebrew (11.0.25) (build 11.0.25+0)
# Java VM: OpenJDK 64-Bit Server VM Homebrew (11.0.25+0, mixed mode, tiered, compressed oops, g1 gc, bsd-aarch64)
# Problematic frame:
# V  [libjvm.dylib+0x69511c]  ObjectSynchronizer::inflate(Thread*, oopDesc*, ObjectSynchronizer::InflateCause)+0x18c
#
# No core dump will be written. Core dumps have been disabled. To enable core dumping, try "ulimit -c unlimited" before starting Java again
#
# If you would like to submit a bug report, please visit:
#   https://github.com/Homebrew/homebrew-core/issues
#

---------------  S U M M A R Y ------------

Command Line: -agentlib:jdwp=transport=dt_socket,address=127.0.0.1:59468,suspend=y,server=n -javaagent:/Users/zch/software/skywalking-agent/skywalking-agent.jar -Dskywalking.agent.service_name=anynote-note -Dskywalking.collector.backend_service=127.0.0.1:11800 -XX:TieredStopAtLevel=1 -Xverify:none -Dspring.output.ansi.enabled=always -Dcom.sun.management.jmxremote -Dspring.jmx.enabled=true -Dspring.liveBeansView.mbeanDomain -Dspring.application.admin.enabled=true -Dmanagement.endpoints.jmx.exposure.include=* -javaagent:/Users/zch/Library/Caches/JetBrains/IntelliJIdea2024.2/captureAgent/debugger-agent.jar=file:/private/var/folders/3k/c0jh496n44v4f8t5jhnw4c900000gn/T/capture.props -Dkotlinx.coroutines.debug.enable.creation.stack.trace=false -Ddebugger.agent.enable.coroutines=true -Dfile.encoding=UTF-8 com.anynote.note.AnyNoteNoteApplication

Host: Mac15,12 arm64 1 MHz, 8 cores, 24G, Darwin 24.3.0
Time: Sun Mar 30 21:05:10 2025 CST elapsed time: 10.090112 seconds (0d 0h 0m 10s)

---------------  T H R E A D  ---------------

Current thread (0x000000014100f800):  JavaThread "MQClientFactoryScheduledThread" [_thread_in_Java, id=79107, stack(0x0000000311570000,0x0000000311773000)]

Stack: [0x0000000311570000,0x0000000311773000],  sp=0x000000031176d270,  free space=2036k
Native frames: (J=compiled Java code, A=aot compiled Java code, j=interpreted, Vv=VM code, C=native code)
V  [libjvm.dylib+0x69511c]  ObjectSynchronizer::inflate(Thread*, oopDesc*, ObjectSynchronizer::InflateCause)+0x18c
V  [libjvm.dylib+0x694f70]  ObjectSynchronizer::fast_exit(oopDesc*, BasicLock*, Thread*)+0x54
V  [libjvm.dylib+0x5e9130]  SharedRuntime::monitor_exit_helper(oopDesc*, BasicLock*, JavaThread*, bool)+0x44
V  [libjvm.dylib+0x12aa9c]  Runtime1::monitorexit(JavaThread*, BasicObjectLock*)+0x58
v  ~RuntimeStub::monitorexit_nofpu Runtime1 stub
C  0x0000000670669ee8

Java frames: (J=compiled Java code, j=interpreted, Vv=VM code)
v  ~RuntimeStub::monitorexit_nofpu Runtime1 stub
J 217 c1 java.util.zip.ZipFile.getEntry(Ljava/lang/String;Ljava/util/function/Function;)Ljava/util/zip/ZipEntry; java.base@11.0.25 (73 bytes) @ 0x000000010cde0dac [0x000000010cde0b40+0x000000000000026c]
J 1289 c1 java.util.jar.JarFile.getVersionedEntry(Ljava/lang/String;Ljava/util/jar/JarEntry;)Ljava/util/jar/JarEntry; java.base@11.0.25 (85 bytes) @ 0x000000010cfc1300 [0x000000010cfc1080+0x0000000000000280]
J 858 c1 java.util.jar.JarFile.getEntry(Ljava/lang/String;)Ljava/util/zip/ZipEntry; java.base@11.0.25 (22 bytes) @ 0x000000010cef089c [0x000000010cef0700+0x000000000000019c]
J 842 c1 jdk.internal.loader.URLClassPath$JarLoader.getResource(Ljava/lang/String;Z)Ljdk/internal/loader/Resource; java.base@11.0.25 (65 bytes) @ 0x000000010cee63d4 [0x000000010cee6340+0x0000000000000094]
J 409 c1 jdk.internal.loader.URLClassPath$JarLoader.findResource(Ljava/lang/String;Z)Ljava/net/URL; java.base@11.0.25 (18 bytes) @ 0x000000010ce3173c [0x000000010ce316c0+0x000000000000007c]
J 3596 c1 jdk.internal.loader.URLClassPath.findResource(Ljava/lang/String;Z)Ljava/net/URL; java.base@11.0.25 (38 bytes) @ 0x000000010d3dc5c8 [0x000000010d3dc540+0x0000000000000088]
J 3613 c1 jdk.internal.loader.BuiltinClassLoader.findResourceOnClassPath(Ljava/lang/String;)Ljava/net/URL; java.base@11.0.25 (41 bytes) @ 0x000000010d3e2a40 [0x000000010d3e2980+0x00000000000000c0]
J 3255 c1 jdk.internal.loader.BuiltinClassLoader.findResource(Ljava/lang/String;)Ljava/net/URL; java.base@11.0.25 (154 bytes) @ 0x000000010d338b00 [0x000000010d3388c0+0x0000000000000240]
J 3132 c1 java.lang.ClassLoader.getResource(Ljava/lang/String;)Ljava/net/URL; java.base@11.0.25 (41 bytes) @ 0x000000010d2faed0 [0x000000010d2fae00+0x00000000000000d0]
J 3684 c1 java.lang.ClassLoader.getResourceAsStream(Ljava/lang/String;)Ljava/io/InputStream; java.base@11.0.25 (27 bytes) @ 0x000000010d3feb04 [0x000000010d3fea80+0x0000000000000084]
J 3669 c1 org.apache.skywalking.apm.dependencies.net.bytebuddy.dynamic.ClassFileLocator$ForClassLoader.locate(Ljava/lang/ClassLoader;Ljava/lang/String;)Lorg/apache/skywalking/apm/dependencies/net/bytebuddy/dynamic/ClassFileLocator$Resolution; (80 bytes) @ 0x000000010d3f998c [0x000000010d3f9800+0x000000000000018c]
J 3162 c1 org.apache.skywalking.apm.dependencies.net.bytebuddy.dynamic.ClassFileLocator$ForClassLoader.locate(Ljava/lang/String;)Lorg/apache/skywalking/apm/dependencies/net/bytebuddy/dynamic/ClassFileLocator$Resolution; (9 bytes) @ 0x000000010d309c34 [0x000000010d309bc0+0x0000000000000074]
J 4761 c1 org.apache.skywalking.apm.dependencies.net.bytebuddy.dynamic.ClassFileLocator$Compound.locate(Ljava/lang/String;)Lorg/apache/skywalking/apm/dependencies/net/bytebuddy/dynamic/ClassFileLocator$Resolution; (63 bytes) @ 0x000000010d58f5b8 [0x000000010d58f4c0+0x00000000000000f8]
J 3615 c1 org.apache.skywalking.apm.dependencies.net.bytebuddy.pool.TypePool$Default.doDescribe(Ljava/lang/String;)Lorg/apache/skywalking/apm/dependencies/net/bytebuddy/pool/TypePool$Resolution; (61 bytes) @ 0x000000010d3e30fc [0x000000010d3e3080+0x000000000000007c]
J 2770 c1 org.apache.skywalking.apm.dependencies.net.bytebuddy.pool.TypePool$Default$WithLazyResolution$LazyTypeDescription.delegate()Lorg/apache/skywalking/apm/dependencies/net/bytebuddy/description/type/TypeDescription; (66 bytes) @ 0x000000010d2527e0 [0x000000010d252700+0x00000000000000e0]
J 3252 c1 org.apache.skywalking.apm.dependencies.net.bytebuddy.description.type.TypeDescription$AbstractBase$OfSimpleType$WithDelegation.getInterfaces()Lorg/apache/skywalking/apm/dependencies/net/bytebuddy/description/type/TypeList$Generic; (10 bytes) @ 0x000000010d3375b0 [0x000000010d337540+0x0000000000000070]
J 2766 c1 org.apache.skywalking.apm.dependencies.net.bytebuddy.description.type.TypeDescription$Generic$OfNonGenericType.getInterfaces()Lorg/apache/skywalking/apm/dependencies/net/bytebuddy/description/type/TypeList$Generic; (40 bytes) @ 0x000000010d250348 [0x000000010d250280+0x00000000000000c8]
J 2705 c1 org.apache.skywalking.apm.dependencies.net.bytebuddy.description.type.TypeDescription$Generic$LazyProjection$WithEagerNavigation.getInterfaces()Lorg/apache/skywalking/apm/dependencies/net/bytebuddy/description/type/TypeList$Generic; (10 bytes) @ 0x000000010d2336c4 [0x000000010d233640+0x0000000000000084]
J 9012 c1 org.apache.skywalking.apm.dependencies.net.bytebuddy.matcher.HasSuperTypeMatcher.doMatch(Lorg/apache/skywalking/apm/dependencies/net/bytebuddy/description/type/TypeDescription;)Z (168 bytes) @ 0x000000010dcffc00 [0x000000010dcff7c0+0x0000000000000440]
J 2156 c1 org.apache.skywalking.apm.dependencies.net.bytebuddy.matcher.HasSuperTypeMatcher.doMatch(Ljava/lang/Object;)Z (9 bytes) @ 0x000000010d156ef8 [0x000000010d156e40+0x00000000000000b8]
J 1997 c1 org.apache.skywalking.apm.dependencies.net.bytebuddy.matcher.ElementMatcher$Junction$ForNonNullValues.matches(Ljava/lang/Object;)Z (18 bytes) @ 0x000000010d11acc4 [0x000000010d11ac40+0x0000000000000084]
J 2066 c1 org.apache.skywalking.apm.dependencies.net.bytebuddy.matcher.ElementMatcher$Junction$Conjunction.matches(Ljava/lang/Object;)Z (46 bytes) @ 0x000000010d133cf4 [0x000000010d133c00+0x00000000000000f4]
J 2181 c1 org.apache.skywalking.apm.dependencies.net.bytebuddy.matcher.ElementMatcher$Junction$Disjunction.matches(Ljava/lang/Object;)Z (46 bytes) @ 0x000000010d15f0f4 [0x000000010d15f000+0x00000000000000f4]
J 2066 c1 org.apache.skywalking.apm.dependencies.net.bytebuddy.matcher.ElementMatcher$Junction$Conjunction.matches(Ljava/lang/Object;)Z (46 bytes) @ 0x000000010d133cf4 [0x000000010d133c00+0x00000000000000f4]
J 3095 c1 org.apache.skywalking.apm.agent.core.plugin.match.ProtectiveShieldMatcher.matches(Ljava/lang/Object;)Z (40 bytes) @ 0x000000010d2e65bc [0x000000010d2e6540+0x000000000000007c]
J 2236 c1 org.apache.skywalking.apm.dependencies.net.bytebuddy.agent.builder.AgentBuilder$RawMatcher$ForElementMatchers.matches(Lorg/apache/skywalking/apm/dependencies/net/bytebuddy/description/type/TypeDescription;Ljava/lang/ClassLoader;Lorg/apache/skywalking/apm/dependencies/net/bytebuddy/utility/JavaModule;Ljava/lang/Class;Ljava/security/ProtectionDomain;)Z (45 bytes) @ 0x000000010d174e6c [0x000000010d174d80+0x00000000000000ec]
J 3145 c1 org.apache.skywalking.apm.dependencies.net.bytebuddy.agent.builder.AgentBuilder$Default$ExecutingTransformer.doTransform(Lorg/apache/skywalking/apm/dependencies/net/bytebuddy/utility/JavaModule;Ljava/lang/ClassLoader;Ljava/lang/String;Ljava/lang/Class;ZLjava/security/ProtectionDomain;Lorg/apache/skywalking/apm/dependencies/net/bytebuddy/pool/TypePool;Lorg/apache/skywalking/apm/dependencies/net/bytebuddy/dynamic/ClassFileLocator;)[B (317 bytes) @ 0x000000010d2fdcfc [0x000000010d2fdb00+0x00000000000001fc]
J 2992 c1 org.apache.skywalking.apm.dependencies.net.bytebuddy.agent.builder.AgentBuilder$Default$ExecutingTransformer.transform(Lorg/apache/skywalking/apm/dependencies/net/bytebuddy/utility/JavaModule;Ljava/lang/ClassLoader;Ljava/lang/String;Ljava/lang/Class;Ljava/security/ProtectionDomain;[B)[B (442 bytes) @ 0x000000010d2b8768 [0x000000010d2b8280+0x00000000000004e8]
J 2987 c1 org.apache.skywalking.apm.dependencies.net.bytebuddy.agent.builder.AgentBuilder$Default$ExecutingTransformer$Java9CapableVmDispatcher.run()Ljava/lang/Object; (5 bytes) @ 0x000000010d2b6194 [0x000000010d2b60c0+0x00000000000000d4]
v  ~StubRoutines::call_stub
J 2985  java.security.AccessController.doPrivileged(Ljava/security/PrivilegedAction;Ljava/security/AccessControlContext;)Ljava/lang/Object; java.base@11.0.25 (0 bytes) @ 0x000000010d2b56e4 [0x000000010d2b5640+0x00000000000000a4]
J 2905 c1 org.apache.skywalking.apm.dependencies.net.bytebuddy.agent.builder.AgentBuilder$Default$ExecutingTransformer.transform(Ljava/lang/Object;Ljava/lang/ClassLoader;Ljava/lang/String;Ljava/lang/Class;Ljava/security/ProtectionDomain;[B)[B (72 bytes) @ 0x000000010d2892cc [0x000000010d289140+0x000000000000018c]
J 2470 c1 org.apache.skywalking.apm.dependencies.net.bytebuddy.agent.builder.AgentBuilder$Default$ExecutingTransformer$ByteBuddy$ModuleSupport.transform(Ljava/lang/Module;Ljava/lang/ClassLoader;Ljava/lang/String;Ljava/lang/Class;Ljava/security/ProtectionDomain;[B)[B (14 bytes) @ 0x000000010d1d9160 [0x000000010d1d90c0+0x00000000000000a0]
J 2469 c1 sun.instrument.TransformerManager.transform(Ljava/lang/Module;Ljava/lang/ClassLoader;Ljava/lang/String;Ljava/lang/Class;Ljava/security/ProtectionDomain;[B)[B java.instrument@11.0.25 (100 bytes) @ 0x000000010d1d862c [0x000000010d1d8540+0x00000000000000ec]
J 2468 c1 sun.instrument.InstrumentationImpl.transform(Ljava/lang/Module;Ljava/lang/ClassLoader;Ljava/lang/String;Ljava/lang/Class;Ljava/security/ProtectionDomain;[BZ)[B java.instrument@11.0.25 (73 bytes) @ 0x000000010d1d8c78 [0x000000010d1d8b40+0x0000000000000138]
v  ~StubRoutines::call_stub
J 1611  java.lang.ClassLoader.defineClass1(Ljava/lang/ClassLoader;Ljava/lang/String;[BIILjava/security/ProtectionDomain;Ljava/lang/String;)Ljava/lang/Class; java.base@11.0.25 (0 bytes) @ 0x000000010d07d7a0 [0x000000010d07d6c0+0x00000000000000e0]
J 1610 c1 java.lang.ClassLoader.defineClass(Ljava/lang/String;[BIILjava/security/ProtectionDomain;)Ljava/lang/Class; java.base@11.0.25 (43 bytes) @ 0x000000010d07dca0 [0x000000010d07db80+0x0000000000000120]
J 1692 c1 jdk.internal.loader.BuiltinClassLoader.defineClass(Ljava/lang/String;Ljdk/internal/loader/Resource;)Ljava/lang/Class; java.base@11.0.25 (121 bytes) @ 0x000000010d09fe18 [0x000000010d09f940+0x00000000000004d8]
J 1566 c1 jdk.internal.loader.BuiltinClassLoader.findClassOnClassPathOrNull(Ljava/lang/String;)Ljava/lang/Class; java.base@11.0.25 (64 bytes) @ 0x000000010d0691b4 [0x000000010d0690c0+0x00000000000000f4]
J 5564 c1 jdk.internal.loader.BuiltinClassLoader.loadClassOrNull(Ljava/lang/String;Z)Ljava/lang/Class; java.base@11.0.25 (143 bytes) @ 0x000000010d6c8178 [0x000000010d6c7d00+0x0000000000000478]
J 1532 c1 jdk.internal.loader.ClassLoaders$AppClassLoader.loadClass(Ljava/lang/String;Z)Ljava/lang/Class; java.base@11.0.25 (40 bytes) @ 0x000000010d052d64 [0x000000010d052c40+0x0000000000000124]
J 1517 c1 java.lang.ClassLoader.loadClass(Ljava/lang/String;)Ljava/lang/Class; java.base@11.0.25 (7 bytes) @ 0x000000010d04af3c [0x000000010d04aec0+0x000000000000007c]
v  ~StubRoutines::call_stub
j  io.netty.channel.DefaultChannelPipeline.<init>(Lio/netty/channel/Channel;)V+30
j  io.netty.channel.AbstractChannel.newChannelPipeline()Lio/netty/channel/DefaultChannelPipeline;+5
j  io.netty.channel.AbstractChannel.<init>(Lio/netty/channel/Channel;)V+52
j  io.netty.channel.nio.AbstractNioChannel.<init>(Lio/netty/channel/Channel;Ljava/nio/channels/SelectableChannel;I)V+2
j  io.netty.channel.nio.AbstractNioByteChannel.<init>(Lio/netty/channel/Channel;Ljava/nio/channels/SelectableChannel;)V+4
j  io.netty.channel.socket.nio.NioSocketChannel.<init>(Lio/netty/channel/Channel;Ljava/nio/channels/SocketChannel;)V+3
j  io.netty.channel.socket.nio.NioSocketChannel.<init>(Ljava/nio/channels/SocketChannel;)V+3
j  io.netty.channel.socket.nio.NioSocketChannel.<init>(Ljava/nio/channels/spi/SelectorProvider;Lio/netty/channel/socket/InternetProtocolFamily;)V+6
j  io.netty.channel.socket.nio.NioSocketChannel.<init>(Ljava/nio/channels/spi/SelectorProvider;)V+3
j  io.netty.channel.socket.nio.NioSocketChannel.<init>()V+4
v  ~StubRoutines::call_stub
J 1546  jdk.internal.reflect.NativeConstructorAccessorImpl.newInstance0(Ljava/lang/reflect/Constructor;[Ljava/lang/Object;)Ljava/lang/Object; java.base@11.0.25 (0 bytes) @ 0x000000010d05f0e4 [0x000000010d05f040+0x00000000000000a4]
J 1545 c1 jdk.internal.reflect.NativeConstructorAccessorImpl.newInstance([Ljava/lang/Object;)Ljava/lang/Object; java.base@11.0.25 (89 bytes) @ 0x000000010d05f870 [0x000000010d05f540+0x0000000000000330]
J 1541 c1 jdk.internal.reflect.DelegatingConstructorAccessorImpl.newInstance([Ljava/lang/Object;)Ljava/lang/Object; java.base@11.0.25 (9 bytes) @ 0x000000010d05e140 [0x000000010d05e0c0+0x0000000000000080]
J 1538 c1 java.lang.reflect.Constructor.newInstance([Ljava/lang/Object;)Ljava/lang/Object; java.base@11.0.25 (76 bytes) @ 0x000000010d05d740 [0x000000010d05d640+0x0000000000000100]
j  io.netty.channel.ReflectiveChannelFactory.newChannel()Lio/netty/channel/Channel;+8
j  io.netty.bootstrap.AbstractBootstrap.initAndRegister()Lio/netty/channel/ChannelFuture;+6
j  io.netty.bootstrap.Bootstrap.doResolveAndConnect(Ljava/net/SocketAddress;Ljava/net/SocketAddress;)Lio/netty/channel/ChannelFuture;+1
j  io.netty.bootstrap.Bootstrap.connect(Ljava/net/SocketAddress;)Lio/netty/channel/ChannelFuture;+21
j  org.apache.rocketmq.remoting.netty.NettyRemotingClient.createChannel(Ljava/lang/String;)Lio/netty/channel/Channel;+138
j  org.apache.rocketmq.remoting.netty.NettyRemotingClient.getAndCreateNameserverChannel()Lio/netty/channel/Channel;+239
j  org.apache.rocketmq.remoting.netty.NettyRemotingClient.getAndCreateChannel(Ljava/lang/String;)Lio/netty/channel/Channel;+6
j  org.apache.rocketmq.remoting.netty.NettyRemotingClient.invokeSync(Ljava/lang/String;Lorg/apache/rocketmq/remoting/protocol/RemotingCommand;J)Lorg/apache/rocketmq/remoting/protocol/RemotingCommand;+7
j  org.apache.rocketmq.client.impl.MQClientAPIImpl.getTopicRouteInfoFromNameServer(Ljava/lang/String;JZ)Lorg/apache/rocketmq/common/protocol/route/TopicRouteData;+32
j  org.apache.rocketmq.client.impl.MQClientAPIImpl.getTopicRouteInfoFromNameServer(Ljava/lang/String;J)Lorg/apache/rocketmq/common/protocol/route/TopicRouteData;+4
j  org.apache.rocketmq.client.impl.factory.MQClientInstance.updateTopicRouteInfoFromNameServer(Ljava/lang/String;ZLorg/apache/rocketmq/client/producer/DefaultMQProducer;)Z+133
j  org.apache.rocketmq.client.impl.factory.MQClientInstance.updateTopicRouteInfoFromNameServer(Ljava/lang/String;)Z+4
j  org.apache.rocketmq.client.impl.factory.MQClientInstance.updateTopicRouteInfoFromNameServer()V+220
j  org.apache.rocketmq.client.impl.factory.MQClientInstance$3.run()V+4
j  java.util.concurrent.Executors$RunnableAdapter.call()Ljava/lang/Object;+4 java.base@11.0.25
j  java.util.concurrent.FutureTask.runAndReset()Z+44 java.base@11.0.25
j  java.util.concurrent.ScheduledThreadPoolExecutor$ScheduledFutureTask.run()V+35 java.base@11.0.25
j  java.util.concurrent.ThreadPoolExecutor.runWorker(Ljava/util/concurrent/ThreadPoolExecutor$Worker;)V+92 java.base@11.0.25
j  java.util.concurrent.ThreadPoolExecutor$Worker.run()V+5 java.base@11.0.25
j  java.lang.Thread.run()V+11 java.base@11.0.25
v  ~StubRoutines::call_stub

siginfo: si_signo: 11 (SIGSEGV), si_code: 2 (SEGV_ACCERR), si_addr: 0x0000000000000000

Register to memory mapping:

 x0=0x0 is NULL
 x1=0x0000000640a166e0 is an oop: java.util.jar.JarFile 
{0x0000000640a166e0} - klass: 'java/util/jar/JarFile'
 - ---- fields (total size 8 words):
 - private 'lastEntryPos' 'I' @12  0
 - private volatile 'closeRequested' 'Z' @16  false
 - private final 'name' 'Ljava/lang/String;' @20  "/Users/zch/.m2/repository/org/bouncycastle/bcprov-jdk15on/1.69/bcprov-jdk15on-1.69.jar"{0x000000064126d500} (c824daa0)
 - private final synchronized 'zc' 'Ljava/util/zip/ZipCoder;' @24  a 'java/util/zip/ZipCoder$UTF8'{0x000000064122cf18} (c82459e3)
 - private final synchronized 'res' 'Ljava/util/zip/ZipFile$CleanableResource;' @28  a 'java/util/zip/ZipFile$CleanableResource'{0x000000064096a908} (c812d521)
 - private 'lastEntryName' 'Ljava/lang/String;' @32  "META-INF/MANIFEST.MF"{0x00000006412016d0} (c82402da)
 - private final 'versionFeature' 'I' @36  11 (b)
 - private 'jvInitialized' 'Z' @40  false
 - private 'verify' 'Z' @41  true
 - private 'isMultiRelease' 'Z' @42  true
 - private 'hasClassPathAttribute' 'Z' @43  false
 - private volatile 'hasCheckedSpecialAttributes' 'Z' @44  true
 - private strict 'manRef' 'Ljava/lang/ref/SoftReference;' @48  
[error occurred during error reporting (printing register info), id 0xb, SIGSEGV (0xb) at pc=0x0000000103829918]

Registers:
 x0=0x0000000000000000  x1=0x0000000640a166e0  x2=0x0000000000000000  x3=0x0000000000000001
 x4=0x00000000de881db1  x5=0x0000000640ac5680  x6=0x0000000000000490  x7=0x0000000000003447
 x8=0x0000000000000000  x9=0x0000000000001889 x10=0x0000000000000000 x11=0x000000067066ab20
x12=0x0000000000000001 x13=0x0000000000000000 x14=0x0000000000000009 x15=0x00000000b362d7fb
x16=0x0000000000000020 x17=0x0000600000fd4ae0 x18=0x0000000000000000 x19=0x0000000000000000
x20=0x0000000640a166e0 x21=0x0000000141029f00 x22=0x000000014100f800 x23=0x0000000000000000
x24=0x0000000103b5ba84 x25=0x0000000000000000 x26=0x000000012b4857d8 x27=0x0000000000000000
x28=0x000000014100f800  fp=0x000000031176d320  lr=0x0000000103965118  sp=0x000000031176d270
pc=0x000000010396511c cpsr=0x0000000060001000
Top of Stack: (sp=0x000000031176d270)
0x000000031176d270:   000000031176d340 000000010382100c
0x000000031176d280:   0000000000000000 0000000000000000
0x000000031176d290:   0000000000000000 0000000000000000
0x000000031176d2a0:   0000000000000000 000000064f3fc2f8
0x000000031176d2b0:   0000000000000000 0000000000000000
0x000000031176d2c0:   000000012b485700 000000000000000c
0x000000031176d2d0:   000000031176d7c0 00000001555f8b42
0x000000031176d2e0:   000000012b4857d8 000000000000000c
0x000000031176d2f0:   000000031176d7c0 0000000000000000
0x000000031176d300:   000000014100f800 0000000000000001
0x000000031176d310:   0000000640a166e0 000000014100f800
0x000000031176d320:   000000031176d340 0000000103964f70
0x000000031176d330:   0000000640a166e0 000000031176d640
0x000000031176d340:   000000031176d380 00000001038b9130
0x000000031176d350:   000000014100f800 000000014100f800
0x000000031176d360:   000000014100f800 0000000000000001
0x000000031176d370:   000000031176d640 000000014100f800
0x000000031176d380:   000000031176d3b0 00000001033faa9c
0x000000031176d390:   000000012b485248 000000031176eb20
0x000000031176d3a0:   000000031176d7d0 000000067066ac00
0x000000031176d3b0:   000000031176d5b0 000000010c74cbf8
0x000000031176d3c0:   0000000670669e40 ffffffff0000000c
0x000000031176d3d0:   000000031176d7c0 0000600003fd7060
0x000000031176d3e0:   000000031176d7c0 0000000000000000
0x000000031176d3f0:   0000000640a16898 0000600003fd7060
0x000000031176d400:   000000031176d440 0000000103964e70
0x000000031176d410:   000000031176d740 000000031176d458
0x000000031176d420:   000000031176d440 00000001033fb3c8
0x000000031176d430:   000000031176d740 000000014100f800
0x000000031176d440:   000000031176d480 00000001038b9018
0x000000031176d450:   000000031176ea00 000000014100f800
0x000000031176d460:   000000031176ea00 000000010cdda8f0 

Instructions: (pc=0x000000010396511c)
0x000000010396501c:   1f 30 00 f9 1f 44 00 f9 1f 28 00 f9 79 03 00 b4
0x000000010396502c:   b7 02 00 f9 bf 22 00 f9 bf 2a 00 f9 b4 06 00 f9
0x000000010396503c:   bf 2a 00 f9 bf 3a 00 f9 08 03 40 b9 a8 7e 00 b9
0x000000010396504c:   a9 02 7f b2 bf 3b 03 d5 e8 03 17 aa 89 7e a8 c8
0x000000010396505c:   bf 3b 03 d5 1f 01 17 eb 60 08 00 54 ff 02 08 eb
0x000000010396506c:   20 08 00 54 bf 06 00 f9 bf 22 00 f9 bf 2a 00 f9
0x000000010396507c:   bf 36 00 f9 bf 2e 00 f9 bf 32 00 f9 bf 46 00 f9
0x000000010396508c:   bf 2a 00 f9 0d 00 00 14 bf 3a 00 f9 bf 2a 00 f9
0x000000010396509c:   08 03 40 b9 a8 7e 00 b9 bf 3b 03 d5 e8 03 17 aa
0x00000001039650ac:   9f 7e a8 c8 bf 3b 03 d5 1f 01 17 eb c0 02 00 54
0x00000001039650bc:   ff 02 08 eb 80 02 00 54 e0 03 16 aa e1 03 15 aa
0x00000001039650cc:   22 00 80 52 9c 05 00 94 97 02 40 f9 e0 03 17 aa
0x00000001039650dc:   81 b9 ed 97 e0 f8 0f 36 e0 03 17 aa 7e b9 ed 97
0x00000001039650ec:   15 00 7f d2 e0 03 15 aa fd 7b 4b a9 f4 4f 4a a9
0x00000001039650fc:   f6 57 49 a9 f8 5f 48 a9 fa 67 47 a9 ff 03 03 91
0x000000010396510c:   c0 03 5f d6 e0 03 17 aa 73 b9 ed 97 08 f8 7e 92
0x000000010396511c:   08 01 40 f9 a8 02 00 f9 e0 03 17 aa 6e b9 ed 97
0x000000010396512c:   a0 22 00 f9 bf 2a 00 f9 b4 06 00 f9 88 02 40 f9
0x000000010396513c:   48 01 00 b4 e0 07 00 90 00 7c 3c 91 e2 07 00 b0
0x000000010396514c:   42 10 02 91 03 05 00 90 63 e0 08 91 01 bd 80 52
0x000000010396515c:   ce 9d ed 97 28 49 fb 97 a8 02 7f b2 bf 3b 03 d5
0x000000010396516c:   88 02 00 f9 08 11 00 d0 08 41 0b 91 08 01 40 f9
0x000000010396517c:   48 01 00 b4 09 11 00 d0 29 e1 2b 91 29 01 40 39
0x000000010396518c:   3f 05 00 71 a1 00 00 54 08 15 40 f9 09 01 40 f9
0x000000010396519c:   29 05 00 91 09 01 00 f9 c8 0f 00 f0 08 e5 43 f9
0x00000001039651ac:   28 06 00 b4 c8 10 00 d0 08 e5 37 91 08 01 40 39
0x00000001039651bc:   1f 05 00 71 21 01 00 54 89 0a 40 b9 ca 0f 00 f0
0x00000001039651cc:   4a 61 2b 91 4b 09 40 b9 4a 01 40 f9 2b 21 cb 9a
0x00000001039651dc:   6a 01 0a 8b 03 00 00 14 8a 06 40 f9 e9 03 0a aa
0x00000001039651ec:   4a 09 40 b9 5f 05 00 71 eb 03 00 54 80 10 00 d0
0x00000001039651fc:   00 80 27 91 0a 00 40 f9 40 01 3f d6 0a 00 40 f9
0x000000010396520c:   4a 3d 41 f9 ea 0f 00 f9 40 05 c0 3d e0 03 82 3c 


Stack slot to memory mapping:
stack at sp + 0 slots: 0x000000031176d340 is pointing into the stack for thread: 0x000000014100f800
stack at sp + 1 slots: 0x000000010382100c: _ZN13ObjectMonitor5enterEP6Thread+0x98 in /opt/homebrew/Cellar/openjdk@11/11.0.25/libexec/openjdk.jdk/Contents/Home/lib/server/libjvm.dylib at 0x00000001032d0000
stack at sp + 2 slots: 0x0 is NULL
stack at sp + 3 slots: 0x0 is NULL
stack at sp + 4 slots: 0x0 is NULL
stack at sp + 5 slots: 0x0 is NULL
stack at sp + 6 slots: 0x0 is NULL
stack at sp + 7 slots: 0x000000064f3fc2f8 is an oop: sun.net.www.protocol.file.Handler 
{0x000000064f3fc2f8} - klass: 'sun/net/www/protocol/file/Handler'
 - ---- fields (total size 2 words):


---------------  P R O C E S S  ---------------

Threads class SMR info:
_java_thread_list=0x00006000004c9600, length=79, elements={
0x000000015500e000, 0x00000001440a3800, 0x0000000154023800, 0x0000000156033800,
0x00000001440a6000, 0x00000001440a6800, 0x0000000154888800, 0x0000000154899800,
0x000000013480c800, 0x000000015503f800, 0x0000000155040800, 0x00000001444c7800,
0x00000001444e0800, 0x00000001444d1000, 0x00000001554bb000, 0x0000000155516800,
0x00000001554cc000, 0x0000000155519800, 0x0000000155513000, 0x000000012eba3000,
0x000000012ebaf800, 0x000000012f9ef000, 0x000000012ebd3800, 0x0000000154db0000,
0x0000000144510000, 0x0000000154dc5800, 0x000000014452d800, 0x0000000144534800,
0x000000012fa11000, 0x000000012fa0c000, 0x0000000155538800, 0x0000000154dd2800,
0x0000000155538000, 0x0000000144544000, 0x0000000154df3000, 0x0000000154db9000,
0x000000013480e800, 0x00000001555a7000, 0x000000012fab8800, 0x000000012fa1e800,
0x0000000154e5d800, 0x0000000154d79000, 0x0000000144614000, 0x0000000154e33800,
0x0000000154e69800, 0x00000001555c9800, 0x0000000154d96000, 0x00000001555dd000,
0x0000000154ea7000, 0x00000001445ef800, 0x00000001445bb000, 0x00000001445be000,
0x000000012fafa800, 0x000000012fa65000, 0x000000012fafb800, 0x00000001445c7000,
0x0000000144645800, 0x00000001444ae000, 0x0000000154eba800, 0x00000001555b2000,
0x0000000155590800, 0x000000015556d800, 0x00000001555d5000, 0x000000015561b800,
0x0000000154ea7800, 0x0000000154ed6000, 0x0000000144593000, 0x00000001557e9800,
0x000000012fce5000, 0x000000015563f000, 0x00000001557dd000, 0x000000014100c000,
0x000000012fcf2000, 0x00000001557ce000, 0x000000014100f800, 0x000000012fcec000,
0x000000012fd07000, 0x0000000140824800, 0x0000000140851800
}

Java Threads: ( => current thread )
  0x000000015500e000 JavaThread "main" [_thread_blocked, id=5891, stack(0x000000016dc80000,0x000000016de83000)]
  0x00000001440a3800 JavaThread "Reference Handler" daemon [_thread_blocked, id=16899, stack(0x000000016ead4000,0x000000016ecd7000)]
  0x0000000154023800 JavaThread "Finalizer" daemon [_thread_blocked, id=17155, stack(0x000000016ece0000,0x000000016eee3000)]
  0x0000000156033800 JavaThread "Signal Dispatcher" daemon [_thread_blocked, id=21763, stack(0x000000016f004000,0x000000016f207000)]
  0x00000001440a6000 JavaThread "Service Thread" daemon [_thread_blocked, id=32259, stack(0x000000016f210000,0x000000016f413000)]
  0x00000001440a6800 JavaThread "C1 CompilerThread0" daemon [_thread_blocked, id=31747, stack(0x000000016f41c000,0x000000016f61f000)]
  0x0000000154888800 JavaThread "Sweeper thread" daemon [_thread_blocked, id=30979, stack(0x000000016f628000,0x000000016f82b000)]
  0x0000000154899800 JavaThread "Common-Cleaner" daemon [_thread_blocked, id=30723, stack(0x000000016f834000,0x000000016fa37000)]
  0x000000013480c800 JavaThread "JDWP Transport Listener: dt_socket" daemon [_thread_blocked, id=23299, stack(0x000000016fa40000,0x000000016fc43000)]
  0x000000015503f800 JavaThread "JDWP Event Helper Thread" daemon [_thread_blocked, id=29699, stack(0x000000016fc4c000,0x000000016fe4f000)]
  0x0000000155040800 JavaThread "JDWP Command Reader" daemon [_thread_in_native, id=23555, stack(0x0000000308004000,0x0000000308207000)]
  0x00000001444c7800 JavaThread "SkywalkingAgent-LogFileWriter" daemon [_thread_blocked, id=25859, stack(0x0000000309270000,0x0000000309473000)]
  0x00000001444e0800 JavaThread "DataCarrier.DEFAULT.Consumer.0.Thread" daemon [_thread_blocked, id=32771, stack(0x000000030947c000,0x000000030967f000)]
  0x00000001444d1000 JavaThread "SkywalkingAgent-5-JVMService-produce-0" daemon [_thread_blocked, id=33539, stack(0x0000000309688000,0x000000030988b000)]
  0x00000001554bb000 JavaThread "SkywalkingAgent-6-JVMService-consume-0" daemon [_thread_blocked, id=34051, stack(0x0000000309894000,0x0000000309a97000)]
  0x0000000155516800 JavaThread "SkywalkingAgent-7-ServiceManagementClient-0" daemon [_thread_blocked, id=42499, stack(0x0000000309aa0000,0x0000000309ca3000)]
  0x00000001554cc000 JavaThread "SkywalkingAgent-1-CommandService-0" daemon [_thread_blocked, id=42243, stack(0x0000000309cac000,0x0000000309eaf000)]
  0x0000000155519800 JavaThread "SkywalkingAgent-8-ProfileGetTaskService-0" daemon [_thread_blocked, id=34819, stack(0x0000000309eb8000,0x000000030a0bb000)]
  0x0000000155513000 JavaThread "SkywalkingAgent-9-ProfileSendSnapshotService-0" daemon [_thread_blocked, id=35331, stack(0x000000030a0c4000,0x000000030a2c7000)]
  0x000000012eba3000 JavaThread "SkywalkingAgent-10-MeterReportService-0" daemon [_thread_blocked, id=40963, stack(0x000000030a2d0000,0x000000030a4d3000)]
  0x000000012ebaf800 JavaThread "DataCarrier.gRPC-log.Consumer.0.Thread" daemon [_thread_blocked, id=40451, stack(0x000000030a4dc000,0x000000030a6df000)]
  0x000000012f9ef000 JavaThread "SkywalkingAgent-11-ConfigurationDiscoveryService-0" daemon [_thread_blocked, id=39939, stack(0x000000030a6e8000,0x000000030a8eb000)]
  0x000000012ebd3800 JavaThread "SkywalkingAgent-12-GRPCChannelManager-0" daemon [_thread_blocked, id=36611, stack(0x000000030a8f4000,0x000000030aaf7000)]
  0x0000000154db0000 JavaThread "RMI TCP Accept-0" daemon [_thread_in_native, id=37123, stack(0x000000030ab00000,0x000000030ad03000)]
  0x0000000144510000 JavaThread "Attach Listener" daemon [_thread_blocked, id=37891, stack(0x000000030af18000,0x000000030b11b000)]
  0x0000000154dc5800 JavaThread "grpc-nio-worker-ELG-1-1" daemon [_thread_in_native, id=38403, stack(0x000000030b124000,0x000000030b327000)]
  0x000000014452d800 JavaThread "grpc-default-executor-0" daemon [_thread_blocked, id=44035, stack(0x000000030b330000,0x000000030b533000)]
  0x0000000144534800 JavaThread "grpc-nio-worker-ELG-1-2" daemon [_thread_in_native, id=64771, stack(0x000000030b53c000,0x000000030b73f000)]
  0x000000012fa11000 JavaThread "grpc-default-executor-1" daemon [_thread_blocked, id=64259, stack(0x000000030b748000,0x000000030b94b000)]
  0x000000012fa0c000 JavaThread "grpc-nio-worker-ELG-1-3" daemon [_thread_in_native, id=63747, stack(0x000000030b954000,0x000000030bb57000)]
  0x0000000155538800 JavaThread "grpc-default-executor-2" daemon [_thread_blocked, id=44803, stack(0x000000030bb60000,0x000000030bd63000)]
  0x0000000154dd2800 JavaThread "RMI TCP Connection(1)-127.0.0.1" daemon [_thread_in_native, id=45059, stack(0x000000030bd6c000,0x000000030bf6f000)]
  0x0000000155538000 JavaThread "grpc-nio-worker-ELG-1-4" daemon [_thread_in_native, id=62211, stack(0x000000030bf78000,0x000000030c17b000)]
  0x0000000144544000 JavaThread "RMI Scheduler(0)" daemon [_thread_blocked, id=46083, stack(0x000000030c184000,0x000000030c387000)]
  0x0000000154df3000 JavaThread "logback-2" daemon [_thread_blocked, id=60931, stack(0x000000030c9b4000,0x000000030cbb7000)]
  0x0000000154db9000 JavaThread "logback-3" daemon [_thread_blocked, id=60419, stack(0x000000030cbc0000,0x000000030cdc3000)]
  0x000000013480e800 JavaThread "grpc-nio-worker-ELG-1-5" daemon [_thread_in_native, id=48643, stack(0x000000030cfd8000,0x000000030d1db000)]
  0x00000001555a7000 JavaThread "logback-4" daemon [_thread_blocked, id=59655, stack(0x000000030cdcc000,0x000000030cfcf000)]
  0x000000012fab8800 JavaThread "com.alibaba.nacos.client.identify.watcher.0" daemon [_thread_blocked, id=49411, stack(0x000000030d1e4000,0x000000030d3e7000)]
  0x000000012fa1e800 JavaThread "com.alibaba.nacos.client.Worker" daemon [_thread_blocked, id=59139, stack(0x000000030d3f0000,0x000000030d5f3000)]
  0x0000000154e5d800 JavaThread "logback-5" daemon [_thread_blocked, id=61967, stack(0x000000030c390000,0x000000030c593000)]
  0x0000000154d79000 JavaThread "logback-appender-Logstash-localhost:5044-2" daemon [_thread_blocked, id=61191, stack(0x000000030c59c000,0x000000030c79f000)]
  0x0000000144614000 JavaThread "logback-appender-Logstash-localhost:5044-4" daemon [_thread_in_native, id=46863, stack(0x000000030c7a8000,0x000000030c9ab000)]
  0x0000000154e33800 JavaThread "logback-6" daemon [_thread_blocked, id=58119, stack(0x000000030d5fc000,0x000000030d7ff000)]
  0x0000000154e69800 JavaThread "logback-7" daemon [_thread_blocked, id=49923, stack(0x000000030d808000,0x000000030da0b000)]
  0x00000001555c9800 JavaThread "nacos.publisher-com.alibaba.nacos.common.notify.SlowEvent" daemon [_thread_blocked, id=57095, stack(0x000000030da14000,0x000000030dc17000)]
  0x0000000154d96000 JavaThread "com.alibaba.nacos.client.remote.worker" daemon [_thread_blocked, id=50691, stack(0x000000030dc20000,0x000000030de23000)]
  0x00000001555dd000 JavaThread "com.alibaba.nacos.client.remote.worker" daemon [_thread_blocked, id=56323, stack(0x000000030de2c000,0x000000030e02f000)]
  0x0000000154ea7000 JavaThread "grpc-nio-worker-ELG-1-1" daemon [_thread_in_native, id=55555, stack(0x000000030e038000,0x000000030e23b000)]
  0x00000001445ef800 JavaThread "grpc-default-executor-0" daemon [_thread_blocked, id=55043, stack(0x000000030e244000,0x000000030e447000)]
  0x00000001445bb000 JavaThread "grpc-nio-worker-ELG-1-2" daemon [_thread_in_native, id=54275, stack(0x000000030e450000,0x000000030e653000)]
  0x00000001445be000 JavaThread "nacos-grpc-client-executor-0" daemon [_thread_blocked, id=53511, stack(0x000000030e65c000,0x000000030e85f000)]
  0x000000012fafa800 JavaThread "nacos-grpc-client-executor-1" daemon [_thread_blocked, id=51715, stack(0x000000030e868000,0x000000030ea6b000)]
  0x000000012fa65000 JavaThread "nacos-grpc-client-executor-2" daemon [_thread_blocked, id=52995, stack(0x000000030ea74000,0x000000030ec77000)]
  0x000000012fafb800 JavaThread "nacos-grpc-client-executor-3" daemon [_thread_blocked, id=52227, stack(0x000000030ec80000,0x000000030ee83000)]
  0x00000001445c7000 JavaThread "nacos-grpc-client-executor-4" daemon [_thread_blocked, id=66051, stack(0x000000030ee8c000,0x000000030f08f000)]
  0x0000000144645800 JavaThread "nacos-grpc-client-executor-5" daemon [_thread_blocked, id=86531, stack(0x000000030f098000,0x000000030f29b000)]
  0x00000001444ae000 JavaThread "nacos-grpc-client-executor-6" daemon [_thread_blocked, id=66819, stack(0x000000030f2a4000,0x000000030f4a7000)]
  0x0000000154eba800 JavaThread "grpc-nio-worker-ELG-1-6" daemon [_thread_in_native, id=85763, stack(0x000000030f4b0000,0x000000030f6b3000)]
  0x00000001555b2000 JavaThread "nacos-grpc-client-executor-7" daemon [_thread_blocked, id=67075, stack(0x000000030f6bc000,0x000000030f8bf000)]
  0x0000000155590800 JavaThread "nacos-grpc-client-executor-8" daemon [_thread_blocked, id=67843, stack(0x000000030f8c8000,0x000000030facb000)]
  0x000000015556d800 JavaThread "nacos-grpc-client-executor-9" daemon [_thread_blocked, id=84483, stack(0x000000030fad4000,0x000000030fcd7000)]
  0x00000001555d5000 JavaThread "nacos-grpc-client-executor-10" daemon [_thread_blocked, id=68355, stack(0x000000030fce0000,0x000000030fee3000)]
  0x000000015561b800 JavaThread "nacos-grpc-client-executor-11" daemon [_thread_blocked, id=83459, stack(0x000000030feec000,0x00000003100ef000)]
  0x0000000154ea7800 JavaThread "nacos-grpc-client-executor-12" daemon [_thread_blocked, id=69123, stack(0x00000003100f8000,0x00000003102fb000)]
  0x0000000154ed6000 JavaThread "nacos-grpc-client-executor-13" daemon [_thread_blocked, id=82947, stack(0x0000000310304000,0x0000000310507000)]
  0x0000000144593000 JavaThread "grpc-nio-worker-ELG-1-7" daemon [_thread_in_native, id=82203, stack(0x0000000310510000,0x0000000310713000)]
  0x00000001557e9800 JavaThread "Catalina-utility-1" [_thread_blocked, id=69895, stack(0x000000031071c000,0x000000031091f000)]
  0x000000012fce5000 JavaThread "Catalina-utility-2" [_thread_blocked, id=81411, stack(0x0000000310928000,0x0000000310b2b000)]
  0x000000015563f000 JavaThread "container-0" [_thread_blocked, id=70659, stack(0x0000000310b34000,0x0000000310d37000)]
  0x00000001557dd000 JavaThread "grpc-nio-worker-ELG-1-8" daemon [_thread_in_native, id=71175, stack(0x0000000310d40000,0x0000000310f43000)]
  0x000000014100c000 JavaThread "ClientHouseKeepingService" daemon [_thread_blocked, id=71683, stack(0x0000000310f4c000,0x000000031114f000)]
  0x000000012fcf2000 JavaThread "AsyncAppender-Dispatcher-Thread-15" daemon [_thread_blocked, id=80131, stack(0x0000000311158000,0x000000031135b000)]
  0x00000001557ce000 JavaThread "AsyncAppender-Dispatcher-Thread-16" daemon [_thread_blocked, id=72451, stack(0x0000000311364000,0x0000000311567000)]
=>0x000000014100f800 JavaThread "MQClientFactoryScheduledThread" [_thread_in_Java, id=79107, stack(0x0000000311570000,0x0000000311773000)]
  0x000000012fcec000 JavaThread "AsyncAppender-Dispatcher-Thread-17" daemon [_thread_blocked, id=73219, stack(0x000000031177c000,0x000000031197f000)]
  0x000000012fd07000 JavaThread "PullMessageService" [_thread_blocked, id=78851, stack(0x0000000311988000,0x0000000311b8b000)]
  0x0000000140824800 JavaThread "RebalanceService" [_thread_blocked, id=74243, stack(0x0000000311b94000,0x0000000311d97000)]
  0x0000000140851800 JavaThread "RequestHouseKeepingService1" [_thread_blocked, id=74755, stack(0x0000000311da0000,0x0000000311fa3000)]

Other Threads:
  0x0000000155008800 VMThread "VM Thread" [stack: 0x000000016e8c8000,0x000000016eacb000] [id=21507]
  0x000000012f9fd000 WatcherThread [stack: 0x000000030ad0c000,0x000000030af0f000] [id=39171]
  0x0000000135008800 GCTaskThread "GC Thread#0" [stack: 0x000000016de8c000,0x000000016e08f000] [id=11779]
  0x000000015424b000 GCTaskThread "GC Thread#1" [stack: 0x0000000308210000,0x0000000308413000] [id=28675]
  0x000000015424b800 GCTaskThread "GC Thread#2" [stack: 0x000000030841c000,0x000000030861f000] [id=23811]
  0x000000015424c800 GCTaskThread "GC Thread#3" [stack: 0x0000000308628000,0x000000030882b000] [id=28163]
  0x000000015424d000 GCTaskThread "GC Thread#4" [stack: 0x0000000308834000,0x0000000308a37000] [id=27907]
  0x000000015424e000 GCTaskThread "GC Thread#5" [stack: 0x0000000308a40000,0x0000000308c43000] [id=24579]
  0x000000015424e800 GCTaskThread "GC Thread#6" [stack: 0x0000000308c4c000,0x0000000308e4f000] [id=27395]
  0x000000015424f800 GCTaskThread "GC Thread#7" [stack: 0x0000000308e58000,0x000000030905b000] [id=25347]
  0x000000015483c800 ConcurrentGCThread "G1 Main Marker" [stack: 0x000000016e098000,0x000000016e29b000] [id=15107]
  0x0000000134008800 ConcurrentGCThread "G1 Conc#0" [stack: 0x000000016e2a4000,0x000000016e4a7000] [id=12291]
  0x00000001554ba000 ConcurrentGCThread "G1 Conc#1" [stack: 0x0000000309064000,0x0000000309267000] [id=26883]
  0x0000000154885000 ConcurrentGCThread "G1 Refine#0" [stack: 0x000000016e4b0000,0x000000016e6b3000] [id=12547]
  0x0000000135032800 ConcurrentGCThread "G1 Young RemSet Sampling" [stack: 0x000000016e6bc000,0x000000016e8bf000] [id=12803]

Threads with active compile tasks:

VM state:not at safepoint (normal execution)

VM Mutex/Monitor currently owned by a thread: None

Heap address: 0x0000000640000000, size: 6144 MB, Compressed Oops mode: Zero based, Oop shift amount: 3
Narrow klass base: 0x0000000800000000, Narrow klass shift: 0
Compressed class space size: 1073741824 Address: 0x0000000800000000

Heap:
 garbage-first heap   total 807936K, used 97619K [0x0000000640000000, 0x00000007c0000000)
  region size 1024K, 42 young (43008K), 27 survivors (27648K)
 Metaspace       used 88746K, capacity 90774K, committed 90896K, reserved 1128448K
  class space    used 11659K, capacity 12432K, committed 12544K, reserved 1048576K
Heap Regions: E=young(eden), S=young(survivor), O=old, HS=humongous(starts), HC=humongous(continues), CS=collection set, F=free, A=archive, TAMS=top-at-mark-start (previous, next)
|   0|0x0000000640000000, 0x0000000640100000, 0x0000000640100000|100%|HS|  |TAMS 0x0000000640100000, 0x0000000640000000| Complete 
|   1|0x0000000640100000, 0x0000000640200000, 0x0000000640200000|100%|HS|  |TAMS 0x0000000640200000, 0x0000000640100000| Complete 
|   2|0x0000000640200000, 0x0000000640300000, 0x0000000640300000|100%| O|  |TAMS 0x0000000640300000, 0x0000000640200000| Untracked 
|   3|0x0000000640300000, 0x0000000640400000, 0x0000000640400000|100%|HS|  |TAMS 0x0000000640400000, 0x0000000640300000| Complete 
|   4|0x0000000640400000, 0x0000000640500000, 0x0000000640500000|100%|HS|  |TAMS 0x0000000640500000, 0x0000000640400000| Complete 
|   5|0x0000000640500000, 0x0000000640600000, 0x0000000640600000|100%|HC|  |TAMS 0x0000000640600000, 0x0000000640500000| Complete 
|   6|0x0000000640600000, 0x0000000640700000, 0x0000000640700000|100%| O|  |TAMS 0x0000000640700000, 0x0000000640600000| Untracked 
|   7|0x0000000640700000, 0x0000000640800000, 0x0000000640800000|100%| O|  |TAMS 0x0000000640800000, 0x0000000640700000| Untracked 
|   8|0x0000000640800000, 0x0000000640900000, 0x0000000640900000|100%| O|  |TAMS 0x0000000640900000, 0x0000000640800000| Untracked 
|   9|0x0000000640900000, 0x0000000640a00000, 0x0000000640a00000|100%| O|  |TAMS 0x0000000640a00000, 0x0000000640900000| Untracked 
|  10|0x0000000640a00000, 0x0000000640b00000, 0x0000000640b00000|100%| O|  |TAMS 0x0000000640b00000, 0x0000000640a00000| Untracked 
|  11|0x0000000640b00000, 0x0000000640c00000, 0x0000000640c00000|100%| O|  |TAMS 0x0000000640c00000, 0x0000000640b00000| Untracked 
|  12|0x0000000640c00000, 0x0000000640d00000, 0x0000000640d00000|100%| O|  |TAMS 0x0000000640d00000, 0x0000000640c00000| Untracked 
|  13|0x0000000640d00000, 0x0000000640e00000, 0x0000000640e00000|100%| O|  |TAMS 0x0000000640e00000, 0x0000000640d00000| Untracked 
|  14|0x0000000640e00000, 0x0000000640f00000, 0x0000000640f00000|100%| O|  |TAMS 0x0000000640f00000, 0x0000000640e00000| Untracked 
|  15|0x0000000640f00000, 0x0000000641000000, 0x0000000641000000|100%| O|  |TAMS 0x0000000641000000, 0x0000000640f00000| Untracked 
|  16|0x0000000641000000, 0x0000000641100000, 0x0000000641100000|100%| O|  |TAMS 0x0000000641100000, 0x0000000641000000| Untracked 
|  17|0x0000000641100000, 0x0000000641200000, 0x0000000641200000|100%| O|  |TAMS 0x0000000641200000, 0x0000000641100000| Untracked 
|  18|0x0000000641200000, 0x0000000641300000, 0x0000000641300000|100%| O|  |TAMS 0x0000000641300000, 0x0000000641200000| Untracked 
|  19|0x0000000641300000, 0x0000000641400000, 0x0000000641400000|100%| O|  |TAMS 0x0000000641400000, 0x0000000641300000| Untracked 
|  20|0x0000000641400000, 0x0000000641500000, 0x0000000641500000|100%| O|  |TAMS 0x0000000641500000, 0x0000000641400000| Untracked 
|  21|0x0000000641500000, 0x0000000641600000, 0x0000000641600000|100%| O|  |TAMS 0x0000000641600000, 0x0000000641500000| Untracked 
|  22|0x0000000641600000, 0x0000000641700000, 0x0000000641700000|100%| O|  |TAMS 0x0000000641700000, 0x0000000641600000| Untracked 
|  23|0x0000000641700000, 0x0000000641800000, 0x0000000641800000|100%| O|  |TAMS 0x0000000641800000, 0x0000000641700000| Untracked 
|  24|0x0000000641800000, 0x0000000641900000, 0x0000000641900000|100%| O|  |TAMS 0x0000000641900000, 0x0000000641800000| Untracked 
|  25|0x0000000641900000, 0x0000000641a00000, 0x0000000641a00000|100%| O|  |TAMS 0x0000000641a00000, 0x0000000641900000| Untracked 
|  26|0x0000000641a00000, 0x0000000641b00000, 0x0000000641b00000|100%| O|  |TAMS 0x0000000641b00000, 0x0000000641a00000| Untracked 
|  27|0x0000000641b00000, 0x0000000641c00000, 0x0000000641c00000|100%| O|  |TAMS 0x0000000641c00000, 0x0000000641b00000| Untracked 
|  28|0x0000000641c00000, 0x0000000641d00000, 0x0000000641d00000|100%| O|  |TAMS 0x0000000641c0c400, 0x0000000641c00000| Untracked 
|  29|0x0000000641d00000, 0x0000000641e00000, 0x0000000641e00000|100%| O|  |TAMS 0x0000000641d00000, 0x0000000641d00000| Untracked 
|  30|0x0000000641e00000, 0x0000000641f00000, 0x0000000641f00000|100%| O|  |TAMS 0x0000000641e00000, 0x0000000641e00000| Untracked 
|  31|0x0000000641f00000, 0x0000000642000000, 0x0000000642000000|100%| O|  |TAMS 0x0000000641f00000, 0x0000000641f00000| Untracked 
|  32|0x0000000642000000, 0x0000000642100000, 0x0000000642100000|100%| O|  |TAMS 0x0000000642000000, 0x0000000642000000| Untracked 
|  33|0x0000000642100000, 0x0000000642200000, 0x0000000642200000|100%| O|  |TAMS 0x0000000642100000, 0x0000000642100000| Untracked 
|  34|0x0000000642200000, 0x0000000642300000, 0x0000000642300000|100%| O|  |TAMS 0x0000000642200000, 0x0000000642200000| Untracked 
|  35|0x0000000642300000, 0x0000000642400000, 0x0000000642400000|100%| O|  |TAMS 0x0000000642300000, 0x0000000642300000| Untracked 
|  36|0x0000000642400000, 0x0000000642500000, 0x0000000642500000|100%| O|  |TAMS 0x0000000642400000, 0x0000000642400000| Untracked 
|  37|0x0000000642500000, 0x0000000642600000, 0x0000000642600000|100%| O|  |TAMS 0x0000000642500000, 0x0000000642500000| Untracked 
|  38|0x0000000642600000, 0x0000000642700000, 0x0000000642700000|100%| O|  |TAMS 0x0000000642600000, 0x0000000642600000| Untracked 
|  39|0x0000000642700000, 0x0000000642800000, 0x0000000642800000|100%| O|  |TAMS 0x0000000642700000, 0x0000000642700000| Untracked 
|  40|0x0000000642800000, 0x0000000642900000, 0x0000000642900000|100%| O|  |TAMS 0x0000000642800000, 0x0000000642800000| Untracked 
|  41|0x0000000642900000, 0x0000000642a00000, 0x0000000642a00000|100%| O|  |TAMS 0x0000000642900000, 0x0000000642900000| Untracked 
|  42|0x0000000642a00000, 0x0000000642b00000, 0x0000000642b00000|100%| O|  |TAMS 0x0000000642a00000, 0x0000000642a00000| Untracked 
|  43|0x0000000642b00000, 0x0000000642c00000, 0x0000000642c00000|100%| O|  |TAMS 0x0000000642b00000, 0x0000000642b00000| Untracked 
|  44|0x0000000642c00000, 0x0000000642d00000, 0x0000000642d00000|100%| O|  |TAMS 0x0000000642c00000, 0x0000000642c00000| Untracked 
|  45|0x0000000642d00000, 0x0000000642e00000, 0x0000000642e00000|100%| O|  |TAMS 0x0000000642d00000, 0x0000000642d00000| Untracked 
|  46|0x0000000642e00000, 0x0000000642f00000, 0x0000000642f00000|100%| O|  |TAMS 0x0000000642e00000, 0x0000000642e00000| Untracked 
|  47|0x0000000642f00000, 0x0000000643000000, 0x0000000643000000|100%| O|  |TAMS 0x0000000642f00000, 0x0000000642f00000| Untracked 
|  48|0x0000000643000000, 0x0000000643100000, 0x0000000643100000|100%| O|  |TAMS 0x0000000643000000, 0x0000000643000000| Untracked 
|  49|0x0000000643100000, 0x0000000643200000, 0x0000000643200000|100%| O|  |TAMS 0x0000000643100000, 0x0000000643100000| Untracked 
|  50|0x0000000643200000, 0x0000000643300000, 0x0000000643300000|100%| O|  |TAMS 0x0000000643200000, 0x0000000643200000| Untracked 
|  51|0x0000000643300000, 0x0000000643400000, 0x0000000643400000|100%| O|  |TAMS 0x0000000643300000, 0x0000000643300000| Untracked 
|  52|0x0000000643400000, 0x0000000643500000, 0x0000000643500000|100%| O|  |TAMS 0x0000000643400000, 0x0000000643400000| Untracked 
|  53|0x0000000643500000, 0x0000000643600000, 0x0000000643600000|100%| O|  |TAMS 0x0000000643500000, 0x0000000643500000| Untracked 
|  54|0x0000000643600000, 0x0000000643654c00, 0x0000000643700000| 33%| O|  |TAMS 0x0000000643600000, 0x0000000643600000| Untracked 
|  55|0x0000000643700000, 0x0000000643700000, 0x0000000643800000|  0%| F|  |TAMS 0x0000000643700000, 0x0000000643700000| Untracked 
|  56|0x0000000643800000, 0x0000000643800000, 0x0000000643900000|  0%| F|  |TAMS 0x0000000643800000, 0x0000000643800000| Untracked 
|  57|0x0000000643900000, 0x0000000643900000, 0x0000000643a00000|  0%| F|  |TAMS 0x0000000643900000, 0x0000000643900000| Untracked 
|  58|0x0000000643a00000, 0x0000000643a00000, 0x0000000643b00000|  0%| F|  |TAMS 0x0000000643a00000, 0x0000000643a00000| Untracked 
|  59|0x0000000643b00000, 0x0000000643b00000, 0x0000000643c00000|  0%| F|  |TAMS 0x0000000643b00000, 0x0000000643b00000| Untracked 
|  60|0x0000000643c00000, 0x0000000643c00000, 0x0000000643d00000|  0%| F|  |TAMS 0x0000000643c00000, 0x0000000643c00000| Untracked 
|  61|0x0000000643d00000, 0x0000000643d00000, 0x0000000643e00000|  0%| F|  |TAMS 0x0000000643d00000, 0x0000000643d00000| Untracked 
|  62|0x0000000643e00000, 0x0000000643e00000, 0x0000000643f00000|  0%| F|  |TAMS 0x0000000643e00000, 0x0000000643e00000| Untracked 
|  63|0x0000000643f00000, 0x0000000643f00000, 0x0000000644000000|  0%| F|  |TAMS 0x0000000643f00000, 0x0000000643f00000| Untracked 
|  64|0x0000000644000000, 0x0000000644000000, 0x0000000644100000|  0%| F|  |TAMS 0x0000000644000000, 0x0000000644000000| Untracked 
|  65|0x0000000644100000, 0x0000000644100000, 0x0000000644200000|  0%| F|  |TAMS 0x0000000644100000, 0x0000000644100000| Untracked 
|  66|0x0000000644200000, 0x0000000644200000, 0x0000000644300000|  0%| F|  |TAMS 0x0000000644200000, 0x0000000644200000| Untracked 
|  67|0x0000000644300000, 0x0000000644300000, 0x0000000644400000|  0%| F|  |TAMS 0x0000000644300000, 0x0000000644300000| Untracked 
|  68|0x0000000644400000, 0x0000000644400000, 0x0000000644500000|  0%| F|  |TAMS 0x0000000644400000, 0x0000000644400000| Untracked 
|  69|0x0000000644500000, 0x0000000644500000, 0x0000000644600000|  0%| F|  |TAMS 0x0000000644500000, 0x0000000644500000| Untracked 
|  70|0x0000000644600000, 0x0000000644600000, 0x0000000644700000|  0%| F|  |TAMS 0x0000000644600000, 0x0000000644600000| Untracked 
|  71|0x0000000644700000, 0x0000000644700000, 0x0000000644800000|  0%| F|  |TAMS 0x0000000644700000, 0x0000000644700000| Untracked 
|  72|0x0000000644800000, 0x0000000644800000, 0x0000000644900000|  0%| F|  |TAMS 0x0000000644800000, 0x0000000644800000| Untracked 
|  73|0x0000000644900000, 0x0000000644900000, 0x0000000644a00000|  0%| F|  |TAMS 0x0000000644900000, 0x0000000644900000| Untracked 
|  74|0x0000000644a00000, 0x0000000644a00000, 0x0000000644b00000|  0%| F|  |TAMS 0x0000000644a00000, 0x0000000644a00000| Untracked 
|  75|0x0000000644b00000, 0x0000000644b00000, 0x0000000644c00000|  0%| F|  |TAMS 0x0000000644b00000, 0x0000000644b00000| Untracked 
|  76|0x0000000644c00000, 0x0000000644c00000, 0x0000000644d00000|  0%| F|  |TAMS 0x0000000644c00000, 0x0000000644c00000| Untracked 
|  77|0x0000000644d00000, 0x0000000644d00000, 0x0000000644e00000|  0%| F|  |TAMS 0x0000000644d00000, 0x0000000644d00000| Untracked 
|  78|0x0000000644e00000, 0x0000000644e00000, 0x0000000644f00000|  0%| F|  |TAMS 0x0000000644e00000, 0x0000000644e00000| Untracked 
|  79|0x0000000644f00000, 0x0000000644f00000, 0x0000000645000000|  0%| F|  |TAMS 0x0000000644f00000, 0x0000000644f00000| Untracked 
|  80|0x0000000645000000, 0x0000000645000000, 0x0000000645100000|  0%| F|  |TAMS 0x0000000645000000, 0x0000000645000000| Untracked 
|  81|0x0000000645100000, 0x0000000645100000, 0x0000000645200000|  0%| F|  |TAMS 0x0000000645100000, 0x0000000645100000| Untracked 
|  82|0x0000000645200000, 0x0000000645200000, 0x0000000645300000|  0%| F|  |TAMS 0x0000000645200000, 0x0000000645200000| Untracked 
|  83|0x0000000645300000, 0x0000000645300000, 0x0000000645400000|  0%| F|  |TAMS 0x0000000645300000, 0x0000000645300000| Untracked 
|  84|0x0000000645400000, 0x0000000645400000, 0x0000000645500000|  0%| F|  |TAMS 0x0000000645400000, 0x0000000645400000| Untracked 
|  85|0x0000000645500000, 0x0000000645500000, 0x0000000645600000|  0%| F|  |TAMS 0x0000000645500000, 0x0000000645500000| Untracked 
|  86|0x0000000645600000, 0x0000000645600000, 0x0000000645700000|  0%| F|  |TAMS 0x0000000645600000, 0x0000000645600000| Untracked 
|  87|0x0000000645700000, 0x0000000645700000, 0x0000000645800000|  0%| F|  |TAMS 0x0000000645700000, 0x0000000645700000| Untracked 
|  88|0x0000000645800000, 0x0000000645800000, 0x0000000645900000|  0%| F|  |TAMS 0x0000000645800000, 0x0000000645800000| Untracked 
|  89|0x0000000645900000, 0x0000000645900000, 0x0000000645a00000|  0%| F|  |TAMS 0x0000000645900000, 0x0000000645900000| Untracked 
|  90|0x0000000645a00000, 0x0000000645a00000, 0x0000000645b00000|  0%| F|  |TAMS 0x0000000645a00000, 0x0000000645a00000| Untracked 
|  91|0x0000000645b00000, 0x0000000645b00000, 0x0000000645c00000|  0%| F|  |TAMS 0x0000000645b00000, 0x0000000645b00000| Untracked 
|  92|0x0000000645c00000, 0x0000000645c00000, 0x0000000645d00000|  0%| F|  |TAMS 0x0000000645c00000, 0x0000000645c00000| Untracked 
|  93|0x0000000645d00000, 0x0000000645d00000, 0x0000000645e00000|  0%| F|  |TAMS 0x0000000645d00000, 0x0000000645d00000| Untracked 
|  94|0x0000000645e00000, 0x0000000645e00000, 0x0000000645f00000|  0%| F|  |TAMS 0x0000000645e00000, 0x0000000645e00000| Untracked 
|  95|0x0000000645f00000, 0x0000000645f00000, 0x0000000646000000|  0%| F|  |TAMS 0x0000000645f00000, 0x0000000645f00000| Untracked 
|  96|0x0000000646000000, 0x0000000646000000, 0x0000000646100000|  0%| F|  |TAMS 0x0000000646000000, 0x0000000646000000| Untracked 
|  97|0x0000000646100000, 0x0000000646100000, 0x0000000646200000|  0%| F|  |TAMS 0x0000000646100000, 0x0000000646100000| Untracked 
|  98|0x0000000646200000, 0x0000000646200000, 0x0000000646300000|  0%| F|  |TAMS 0x0000000646200000, 0x0000000646200000| Untracked 
|  99|0x0000000646300000, 0x0000000646300000, 0x0000000646400000|  0%| F|  |TAMS 0x0000000646300000, 0x0000000646300000| Untracked 
| 100|0x0000000646400000, 0x0000000646400000, 0x0000000646500000|  0%| F|  |TAMS 0x0000000646400000, 0x0000000646400000| Untracked 
| 101|0x0000000646500000, 0x0000000646500000, 0x0000000646600000|  0%| F|  |TAMS 0x0000000646500000, 0x0000000646500000| Untracked 
| 102|0x0000000646600000, 0x0000000646600000, 0x0000000646700000|  0%| F|  |TAMS 0x0000000646600000, 0x0000000646600000| Untracked 
| 103|0x0000000646700000, 0x0000000646700000, 0x0000000646800000|  0%| F|  |TAMS 0x0000000646700000, 0x0000000646700000| Untracked 
| 104|0x0000000646800000, 0x0000000646800000, 0x0000000646900000|  0%| F|  |TAMS 0x0000000646800000, 0x0000000646800000| Untracked 
| 105|0x0000000646900000, 0x0000000646900000, 0x0000000646a00000|  0%| F|  |TAMS 0x0000000646900000, 0x0000000646900000| Untracked 
| 106|0x0000000646a00000, 0x0000000646a00000, 0x0000000646b00000|  0%| F|  |TAMS 0x0000000646a00000, 0x0000000646a00000| Untracked 
| 107|0x0000000646b00000, 0x0000000646b00000, 0x0000000646c00000|  0%| F|  |TAMS 0x0000000646b00000, 0x0000000646b00000| Untracked 
| 108|0x0000000646c00000, 0x0000000646c00000, 0x0000000646d00000|  0%| F|  |TAMS 0x0000000646c00000, 0x0000000646c00000| Untracked 
| 109|0x0000000646d00000, 0x0000000646d00000, 0x0000000646e00000|  0%| F|  |TAMS 0x0000000646d00000, 0x0000000646d00000| Untracked 
| 110|0x0000000646e00000, 0x0000000646e00000, 0x0000000646f00000|  0%| F|  |TAMS 0x0000000646e00000, 0x0000000646e00000| Untracked 
| 111|0x0000000646f00000, 0x0000000646f00000, 0x0000000647000000|  0%| F|  |TAMS 0x0000000646f00000, 0x0000000646f00000| Untracked 
| 112|0x0000000647000000, 0x0000000647000000, 0x0000000647100000|  0%| F|  |TAMS 0x0000000647000000, 0x0000000647000000| Untracked 
| 113|0x0000000647100000, 0x0000000647100000, 0x0000000647200000|  0%| F|  |TAMS 0x0000000647100000, 0x0000000647100000| Untracked 
| 114|0x0000000647200000, 0x0000000647200000, 0x0000000647300000|  0%| F|  |TAMS 0x0000000647200000, 0x0000000647200000| Untracked 
| 115|0x0000000647300000, 0x0000000647300000, 0x0000000647400000|  0%| F|  |TAMS 0x0000000647300000, 0x0000000647300000| Untracked 
| 116|0x0000000647400000, 0x0000000647400000, 0x0000000647500000|  0%| F|  |TAMS 0x0000000647400000, 0x0000000647400000| Untracked 
| 117|0x0000000647500000, 0x0000000647500000, 0x0000000647600000|  0%| F|  |TAMS 0x0000000647500000, 0x0000000647500000| Untracked 
| 118|0x0000000647600000, 0x0000000647600000, 0x0000000647700000|  0%| F|  |TAMS 0x0000000647600000, 0x0000000647600000| Untracked 
| 119|0x0000000647700000, 0x0000000647700000, 0x0000000647800000|  0%| F|  |TAMS 0x0000000647700000, 0x0000000647700000| Untracked 
| 120|0x0000000647800000, 0x0000000647800000, 0x0000000647900000|  0%| F|  |TAMS 0x0000000647800000, 0x0000000647800000| Untracked 
| 121|0x0000000647900000, 0x0000000647900000, 0x0000000647a00000|  0%| F|  |TAMS 0x0000000647900000, 0x0000000647900000| Untracked 
| 122|0x0000000647a00000, 0x0000000647a00000, 0x0000000647b00000|  0%| F|  |TAMS 0x0000000647a00000, 0x0000000647a00000| Untracked 
| 123|0x0000000647b00000, 0x0000000647b00000, 0x0000000647c00000|  0%| F|  |TAMS 0x0000000647b00000, 0x0000000647b00000| Untracked 
| 124|0x0000000647c00000, 0x0000000647c00000, 0x0000000647d00000|  0%| F|  |TAMS 0x0000000647c00000, 0x0000000647c00000| Untracked 
| 125|0x0000000647d00000, 0x0000000647d00000, 0x0000000647e00000|  0%| F|  |TAMS 0x0000000647d00000, 0x0000000647d00000| Untracked 
| 126|0x0000000647e00000, 0x0000000647e00000, 0x0000000647f00000|  0%| F|  |TAMS 0x0000000647e00000, 0x0000000647e00000| Untracked 
| 127|0x0000000647f00000, 0x0000000647f00000, 0x0000000648000000|  0%| F|  |TAMS 0x0000000647f00000, 0x0000000647f00000| Untracked 
| 128|0x0000000648000000, 0x0000000648000000, 0x0000000648100000|  0%| F|  |TAMS 0x0000000648000000, 0x0000000648000000| Untracked 
| 129|0x0000000648100000, 0x0000000648100000, 0x0000000648200000|  0%| F|  |TAMS 0x0000000648100000, 0x0000000648100000| Untracked 
| 130|0x0000000648200000, 0x0000000648200000, 0x0000000648300000|  0%| F|  |TAMS 0x0000000648200000, 0x0000000648200000| Untracked 
| 131|0x0000000648300000, 0x0000000648300000, 0x0000000648400000|  0%| F|  |TAMS 0x0000000648300000, 0x0000000648300000| Untracked 
| 132|0x0000000648400000, 0x0000000648400000, 0x0000000648500000|  0%| F|  |TAMS 0x0000000648400000, 0x0000000648400000| Untracked 
| 133|0x0000000648500000, 0x0000000648500000, 0x0000000648600000|  0%| F|  |TAMS 0x0000000648500000, 0x0000000648500000| Untracked 
| 134|0x0000000648600000, 0x0000000648600000, 0x0000000648700000|  0%| F|  |TAMS 0x0000000648600000, 0x0000000648600000| Untracked 
| 135|0x0000000648700000, 0x0000000648700000, 0x0000000648800000|  0%| F|  |TAMS 0x0000000648700000, 0x0000000648700000| Untracked 
| 136|0x0000000648800000, 0x0000000648800000, 0x0000000648900000|  0%| F|  |TAMS 0x0000000648800000, 0x0000000648800000| Untracked 
| 137|0x0000000648900000, 0x0000000648900000, 0x0000000648a00000|  0%| F|  |TAMS 0x0000000648900000, 0x0000000648900000| Untracked 
| 138|0x0000000648a00000, 0x0000000648a00000, 0x0000000648b00000|  0%| F|  |TAMS 0x0000000648a00000, 0x0000000648a00000| Untracked 
| 139|0x0000000648b00000, 0x0000000648b00000, 0x0000000648c00000|  0%| F|  |TAMS 0x0000000648b00000, 0x0000000648b00000| Untracked 
| 140|0x0000000648c00000, 0x0000000648c00000, 0x0000000648d00000|  0%| F|  |TAMS 0x0000000648c00000, 0x0000000648c00000| Untracked 
| 141|0x0000000648d00000, 0x0000000648d00000, 0x0000000648e00000|  0%| F|  |TAMS 0x0000000648d00000, 0x0000000648d00000| Untracked 
| 142|0x0000000648e00000, 0x0000000648e00000, 0x0000000648f00000|  0%| F|  |TAMS 0x0000000648e00000, 0x0000000648e00000| Untracked 
| 143|0x0000000648f00000, 0x0000000648f00000, 0x0000000649000000|  0%| F|  |TAMS 0x0000000648f00000, 0x0000000648f00000| Untracked 
| 144|0x0000000649000000, 0x0000000649000000, 0x0000000649100000|  0%| F|  |TAMS 0x0000000649000000, 0x0000000649000000| Untracked 
| 145|0x0000000649100000, 0x0000000649100000, 0x0000000649200000|  0%| F|  |TAMS 0x0000000649100000, 0x0000000649100000| Untracked 
| 146|0x0000000649200000, 0x0000000649200000, 0x0000000649300000|  0%| F|  |TAMS 0x0000000649200000, 0x0000000649200000| Untracked 
| 147|0x0000000649300000, 0x0000000649300000, 0x0000000649400000|  0%| F|  |TAMS 0x0000000649300000, 0x0000000649300000| Untracked 
| 148|0x0000000649400000, 0x0000000649400000, 0x0000000649500000|  0%| F|  |TAMS 0x0000000649400000, 0x0000000649400000| Untracked 
| 149|0x0000000649500000, 0x0000000649500000, 0x0000000649600000|  0%| F|  |TAMS 0x0000000649500000, 0x0000000649500000| Untracked 
| 150|0x0000000649600000, 0x0000000649600000, 0x0000000649700000|  0%| F|  |TAMS 0x0000000649600000, 0x0000000649600000| Untracked 
| 151|0x0000000649700000, 0x0000000649700000, 0x0000000649800000|  0%| F|  |TAMS 0x0000000649700000, 0x0000000649700000| Untracked 
| 152|0x0000000649800000, 0x0000000649800000, 0x0000000649900000|  0%| F|  |TAMS 0x0000000649800000, 0x0000000649800000| Untracked 
| 153|0x0000000649900000, 0x0000000649900000, 0x0000000649a00000|  0%| F|  |TAMS 0x0000000649900000, 0x0000000649900000| Untracked 
| 154|0x0000000649a00000, 0x0000000649a00000, 0x0000000649b00000|  0%| F|  |TAMS 0x0000000649a00000, 0x0000000649a00000| Untracked 
| 155|0x0000000649b00000, 0x0000000649b00000, 0x0000000649c00000|  0%| F|  |TAMS 0x0000000649b00000, 0x0000000649b00000| Untracked 
| 156|0x0000000649c00000, 0x0000000649c00000, 0x0000000649d00000|  0%| F|  |TAMS 0x0000000649c00000, 0x0000000649c00000| Untracked 
| 157|0x0000000649d00000, 0x0000000649d00000, 0x0000000649e00000|  0%| F|  |TAMS 0x0000000649d00000, 0x0000000649d00000| Untracked 
| 158|0x0000000649e00000, 0x0000000649e00000, 0x0000000649f00000|  0%| F|  |TAMS 0x0000000649e00000, 0x0000000649e00000| Untracked 
| 159|0x0000000649f00000, 0x0000000649f00000, 0x000000064a000000|  0%| F|  |TAMS 0x0000000649f00000, 0x0000000649f00000| Untracked 
| 160|0x000000064a000000, 0x000000064a000000, 0x000000064a100000|  0%| F|  |TAMS 0x000000064a000000, 0x000000064a000000| Untracked 
| 161|0x000000064a100000, 0x000000064a100000, 0x000000064a200000|  0%| F|  |TAMS 0x000000064a100000, 0x000000064a100000| Untracked 
| 162|0x000000064a200000, 0x000000064a200000, 0x000000064a300000|  0%| F|  |TAMS 0x000000064a200000, 0x000000064a200000| Untracked 
| 163|0x000000064a300000, 0x000000064a300000, 0x000000064a400000|  0%| F|  |TAMS 0x000000064a300000, 0x000000064a300000| Untracked 
| 164|0x000000064a400000, 0x000000064a400000, 0x000000064a500000|  0%| F|  |TAMS 0x000000064a400000, 0x000000064a400000| Untracked 
| 165|0x000000064a500000, 0x000000064a500000, 0x000000064a600000|  0%| F|  |TAMS 0x000000064a500000, 0x000000064a500000| Untracked 
| 166|0x000000064a600000, 0x000000064a600000, 0x000000064a700000|  0%| F|  |TAMS 0x000000064a600000, 0x000000064a600000| Untracked 
| 167|0x000000064a700000, 0x000000064a700000, 0x000000064a800000|  0%| F|  |TAMS 0x000000064a700000, 0x000000064a700000| Untracked 
| 168|0x000000064a800000, 0x000000064a800000, 0x000000064a900000|  0%| F|  |TAMS 0x000000064a800000, 0x000000064a800000| Untracked 
| 169|0x000000064a900000, 0x000000064a900000, 0x000000064aa00000|  0%| F|  |TAMS 0x000000064a900000, 0x000000064a900000| Untracked 
| 170|0x000000064aa00000, 0x000000064aa00000, 0x000000064ab00000|  0%| F|  |TAMS 0x000000064aa00000, 0x000000064aa00000| Untracked 
| 171|0x000000064ab00000, 0x000000064ab00000, 0x000000064ac00000|  0%| F|  |TAMS 0x000000064ab00000, 0x000000064ab00000| Untracked 
| 172|0x000000064ac00000, 0x000000064ac00000, 0x000000064ad00000|  0%| F|  |TAMS 0x000000064ac00000, 0x000000064ac00000| Untracked 
| 173|0x000000064ad00000, 0x000000064ad00000, 0x000000064ae00000|  0%| F|  |TAMS 0x000000064ad00000, 0x000000064ad00000| Untracked 
| 174|0x000000064ae00000, 0x000000064ae00000, 0x000000064af00000|  0%| F|  |TAMS 0x000000064ae00000, 0x000000064ae00000| Untracked 
| 175|0x000000064af00000, 0x000000064af00000, 0x000000064b000000|  0%| F|  |TAMS 0x000000064af00000, 0x000000064af00000| Untracked 
| 176|0x000000064b000000, 0x000000064b000000, 0x000000064b100000|  0%| F|  |TAMS 0x000000064b000000, 0x000000064b000000| Untracked 
| 177|0x000000064b100000, 0x000000064b100000, 0x000000064b200000|  0%| F|  |TAMS 0x000000064b100000, 0x000000064b100000| Untracked 
| 178|0x000000064b200000, 0x000000064b200000, 0x000000064b300000|  0%| F|  |TAMS 0x000000064b200000, 0x000000064b200000| Untracked 
| 179|0x000000064b300000, 0x000000064b300000, 0x000000064b400000|  0%| F|  |TAMS 0x000000064b300000, 0x000000064b300000| Untracked 
| 180|0x000000064b400000, 0x000000064b400000, 0x000000064b500000|  0%| F|  |TAMS 0x000000064b400000, 0x000000064b400000| Untracked 
| 181|0x000000064b500000, 0x000000064b500000, 0x000000064b600000|  0%| F|  |TAMS 0x000000064b500000, 0x000000064b500000| Untracked 
| 182|0x000000064b600000, 0x000000064b600000, 0x000000064b700000|  0%| F|  |TAMS 0x000000064b600000, 0x000000064b600000| Untracked 
| 183|0x000000064b700000, 0x000000064b700000, 0x000000064b800000|  0%| F|  |TAMS 0x000000064b700000, 0x000000064b700000| Untracked 
| 184|0x000000064b800000, 0x000000064b800000, 0x000000064b900000|  0%| F|  |TAMS 0x000000064b800000, 0x000000064b800000| Untracked 
| 185|0x000000064b900000, 0x000000064b900000, 0x000000064ba00000|  0%| F|  |TAMS 0x000000064b900000, 0x000000064b900000| Untracked 
| 186|0x000000064ba00000, 0x000000064ba00000, 0x000000064bb00000|  0%| F|  |TAMS 0x000000064ba00000, 0x000000064ba00000| Untracked 
| 187|0x000000064bb00000, 0x000000064bb00000, 0x000000064bc00000|  0%| F|  |TAMS 0x000000064bb00000, 0x000000064bb00000| Untracked 
| 188|0x000000064bc00000, 0x000000064bc00000, 0x000000064bd00000|  0%| F|  |TAMS 0x000000064bc00000, 0x000000064bc00000| Untracked 
| 189|0x000000064bd00000, 0x000000064bd00000, 0x000000064be00000|  0%| F|  |TAMS 0x000000064bd00000, 0x000000064bd00000| Untracked 
| 190|0x000000064be00000, 0x000000064be00000, 0x000000064bf00000|  0%| F|  |TAMS 0x000000064be00000, 0x000000064be00000| Untracked 
| 191|0x000000064bf00000, 0x000000064bf00000, 0x000000064c000000|  0%| F|  |TAMS 0x000000064bf00000, 0x000000064bf00000| Untracked 
| 192|0x000000064c000000, 0x000000064c000000, 0x000000064c100000|  0%| F|  |TAMS 0x000000064c000000, 0x000000064c000000| Untracked 
| 193|0x000000064c100000, 0x000000064c100000, 0x000000064c200000|  0%| F|  |TAMS 0x000000064c100000, 0x000000064c100000| Untracked 
| 194|0x000000064c200000, 0x000000064c200000, 0x000000064c300000|  0%| F|  |TAMS 0x000000064c200000, 0x000000064c200000| Untracked 
| 195|0x000000064c300000, 0x000000064c300000, 0x000000064c400000|  0%| F|  |TAMS 0x000000064c300000, 0x000000064c300000| Untracked 
| 196|0x000000064c400000, 0x000000064c400000, 0x000000064c500000|  0%| F|  |TAMS 0x000000064c400000, 0x000000064c400000| Untracked 
| 197|0x000000064c500000, 0x000000064c500000, 0x000000064c600000|  0%| F|  |TAMS 0x000000064c500000, 0x000000064c500000| Untracked 
| 198|0x000000064c600000, 0x000000064c600000, 0x000000064c700000|  0%| F|  |TAMS 0x000000064c600000, 0x000000064c600000| Untracked 
| 199|0x000000064c700000, 0x000000064c700000, 0x000000064c800000|  0%| F|  |TAMS 0x000000064c700000, 0x000000064c700000| Untracked 
| 200|0x000000064c800000, 0x000000064c800000, 0x000000064c900000|  0%| F|  |TAMS 0x000000064c800000, 0x000000064c800000| Untracked 
| 201|0x000000064c900000, 0x000000064c900000, 0x000000064ca00000|  0%| F|  |TAMS 0x000000064c900000, 0x000000064c900000| Untracked 
| 202|0x000000064ca00000, 0x000000064ca00000, 0x000000064cb00000|  0%| F|  |TAMS 0x000000064ca00000, 0x000000064ca00000| Untracked 
| 203|0x000000064cb00000, 0x000000064cb00000, 0x000000064cc00000|  0%| F|  |TAMS 0x000000064cb00000, 0x000000064cb00000| Untracked 
| 204|0x000000064cc00000, 0x000000064cc00000, 0x000000064cd00000|  0%| F|  |TAMS 0x000000064cc00000, 0x000000064cc00000| Untracked 
| 205|0x000000064cd00000, 0x000000064cd00000, 0x000000064ce00000|  0%| F|  |TAMS 0x000000064cd00000, 0x000000064cd00000| Untracked 
| 206|0x000000064ce00000, 0x000000064ce00000, 0x000000064cf00000|  0%| F|  |TAMS 0x000000064ce00000, 0x000000064ce00000| Untracked 
| 207|0x000000064cf00000, 0x000000064cf00000, 0x000000064d000000|  0%| F|  |TAMS 0x000000064cf00000, 0x000000064cf00000| Untracked 
| 208|0x000000064d000000, 0x000000064d000000, 0x000000064d100000|  0%| F|  |TAMS 0x000000064d000000, 0x000000064d000000| Untracked 
| 209|0x000000064d100000, 0x000000064d100000, 0x000000064d200000|  0%| F|  |TAMS 0x000000064d100000, 0x000000064d100000| Untracked 
| 210|0x000000064d200000, 0x000000064d200000, 0x000000064d300000|  0%| F|  |TAMS 0x000000064d200000, 0x000000064d200000| Untracked 
| 211|0x000000064d300000, 0x000000064d300000, 0x000000064d400000|  0%| F|  |TAMS 0x000000064d300000, 0x000000064d300000| Untracked 
| 212|0x000000064d400000, 0x000000064d400000, 0x000000064d500000|  0%| F|  |TAMS 0x000000064d400000, 0x000000064d400000| Untracked 
| 213|0x000000064d500000, 0x000000064d500000, 0x000000064d600000|  0%| F|  |TAMS 0x000000064d500000, 0x000000064d500000| Untracked 
| 214|0x000000064d600000, 0x000000064d600000, 0x000000064d700000|  0%| F|  |TAMS 0x000000064d600000, 0x000000064d600000| Untracked 
| 215|0x000000064d700000, 0x000000064d700000, 0x000000064d800000|  0%| F|  |TAMS 0x000000064d700000, 0x000000064d700000| Untracked 
| 216|0x000000064d800000, 0x000000064d800000, 0x000000064d900000|  0%| F|  |TAMS 0x000000064d800000, 0x000000064d800000| Untracked 
| 217|0x000000064d900000, 0x000000064d900000, 0x000000064da00000|  0%| F|  |TAMS 0x000000064d900000, 0x000000064d900000| Untracked 
| 218|0x000000064da00000, 0x000000064da00000, 0x000000064db00000|  0%| F|  |TAMS 0x000000064da00000, 0x000000064da00000| Untracked 
| 219|0x000000064db00000, 0x000000064db00000, 0x000000064dc00000|  0%| F|  |TAMS 0x000000064db00000, 0x000000064db00000| Untracked 
| 220|0x000000064dc00000, 0x000000064dd00000, 0x000000064dd00000|100%| S|CS|TAMS 0x000000064dc00000, 0x000000064dc00000| Complete 
| 221|0x000000064dd00000, 0x000000064de00000, 0x000000064de00000|100%| S|CS|TAMS 0x000000064dd00000, 0x000000064dd00000| Complete 
| 222|0x000000064de00000, 0x000000064df00000, 0x000000064df00000|100%| S|CS|TAMS 0x000000064de00000, 0x000000064de00000| Complete 
| 223|0x000000064df00000, 0x000000064e000000, 0x000000064e000000|100%| S|CS|TAMS 0x000000064df00000, 0x000000064df00000| Complete 
| 224|0x000000064e000000, 0x000000064e100000, 0x000000064e100000|100%| S|CS|TAMS 0x000000064e000000, 0x000000064e000000| Complete 
| 225|0x000000064e100000, 0x000000064e200000, 0x000000064e200000|100%| S|CS|TAMS 0x000000064e100000, 0x000000064e100000| Complete 
| 226|0x000000064e200000, 0x000000064e300000, 0x000000064e300000|100%| S|CS|TAMS 0x000000064e200000, 0x000000064e200000| Complete 
| 227|0x000000064e300000, 0x000000064e400000, 0x000000064e400000|100%| S|CS|TAMS 0x000000064e300000, 0x000000064e300000| Complete 
| 228|0x000000064e400000, 0x000000064e500000, 0x000000064e500000|100%| S|CS|TAMS 0x000000064e400000, 0x000000064e400000| Complete 
| 229|0x000000064e500000, 0x000000064e600000, 0x000000064e600000|100%| S|CS|TAMS 0x000000064e500000, 0x000000064e500000| Complete 
| 230|0x000000064e600000, 0x000000064e700000, 0x000000064e700000|100%| S|CS|TAMS 0x000000064e600000, 0x000000064e600000| Complete 
| 231|0x000000064e700000, 0x000000064e800000, 0x000000064e800000|100%| S|CS|TAMS 0x000000064e700000, 0x000000064e700000| Complete 
| 232|0x000000064e800000, 0x000000064e900000, 0x000000064e900000|100%| S|CS|TAMS 0x000000064e800000, 0x000000064e800000| Complete 
| 233|0x000000064e900000, 0x000000064ea00000, 0x000000064ea00000|100%| S|CS|TAMS 0x000000064e900000, 0x000000064e900000| Complete 
| 234|0x000000064ea00000, 0x000000064eb00000, 0x000000064eb00000|100%| S|CS|TAMS 0x000000064ea00000, 0x000000064ea00000| Complete 
| 235|0x000000064eb00000, 0x000000064ec00000, 0x000000064ec00000|100%| S|CS|TAMS 0x000000064eb00000, 0x000000064eb00000| Complete 
| 236|0x000000064ec00000, 0x000000064ed00000, 0x000000064ed00000|100%| S|CS|TAMS 0x000000064ec00000, 0x000000064ec00000| Complete 
| 237|0x000000064ed00000, 0x000000064ee00000, 0x000000064ee00000|100%| S|CS|TAMS 0x000000064ed00000, 0x000000064ed00000| Complete 
| 238|0x000000064ee00000, 0x000000064ef00000, 0x000000064ef00000|100%| S|CS|TAMS 0x000000064ee00000, 0x000000064ee00000| Complete 
| 239|0x000000064ef00000, 0x000000064f000000, 0x000000064f000000|100%| S|CS|TAMS 0x000000064ef00000, 0x000000064ef00000| Complete 
| 240|0x000000064f000000, 0x000000064f100000, 0x000000064f100000|100%| S|CS|TAMS 0x000000064f000000, 0x000000064f000000| Complete 
| 241|0x000000064f100000, 0x000000064f200000, 0x000000064f200000|100%| S|CS|TAMS 0x000000064f100000, 0x000000064f100000| Complete 
| 242|0x000000064f200000, 0x000000064f300000, 0x000000064f300000|100%| S|CS|TAMS 0x000000064f200000, 0x000000064f200000| Complete 
| 243|0x000000064f300000, 0x000000064f400000, 0x000000064f400000|100%| S|CS|TAMS 0x000000064f300000, 0x000000064f300000| Complete 
| 244|0x000000064f400000, 0x000000064f500000, 0x000000064f500000|100%| S|CS|TAMS 0x000000064f400000, 0x000000064f400000| Complete 
| 245|0x000000064f500000, 0x000000064f600000, 0x000000064f600000|100%| S|CS|TAMS 0x000000064f500000, 0x000000064f500000| Complete 
| 246|0x000000064f600000, 0x000000064f700000, 0x000000064f700000|100%| S|CS|TAMS 0x000000064f600000, 0x000000064f600000| Complete 
| 247|0x000000064f700000, 0x000000064f700000, 0x000000064f800000|  0%| F|  |TAMS 0x000000064f700000, 0x000000064f700000| Untracked 
| 248|0x000000064f800000, 0x000000064f800000, 0x000000064f900000|  0%| F|  |TAMS 0x000000064f800000, 0x000000064f800000| Untracked 
| 249|0x000000064f900000, 0x000000064f900000, 0x000000064fa00000|  0%| F|  |TAMS 0x000000064f900000, 0x000000064f900000| Untracked 
| 250|0x000000064fa00000, 0x000000064fa00000, 0x000000064fb00000|  0%| F|  |TAMS 0x000000064fa00000, 0x000000064fa00000| Untracked 
| 251|0x000000064fb00000, 0x000000064fb00000, 0x000000064fc00000|  0%| F|  |TAMS 0x000000064fb00000, 0x000000064fb00000| Untracked 
| 252|0x000000064fc00000, 0x000000064fc00000, 0x000000064fd00000|  0%| F|  |TAMS 0x000000064fc00000, 0x000000064fc00000| Untracked 
| 253|0x000000064fd00000, 0x000000064fd00000, 0x000000064fe00000|  0%| F|  |TAMS 0x000000064fd00000, 0x000000064fd00000| Untracked 
| 254|0x000000064fe00000, 0x000000064fe00000, 0x000000064ff00000|  0%| F|  |TAMS 0x000000064fe00000, 0x000000064fe00000| Untracked 
| 255|0x000000064ff00000, 0x000000064ff00000, 0x0000000650000000|  0%| F|  |TAMS 0x000000064ff00000, 0x000000064ff00000| Untracked 
| 256|0x0000000650000000, 0x0000000650000000, 0x0000000650100000|  0%| F|  |TAMS 0x0000000650000000, 0x0000000650000000| Untracked 
| 257|0x0000000650100000, 0x0000000650100000, 0x0000000650200000|  0%| F|  |TAMS 0x0000000650100000, 0x0000000650100000| Untracked 
| 258|0x0000000650200000, 0x0000000650200000, 0x0000000650300000|  0%| F|  |TAMS 0x0000000650200000, 0x0000000650200000| Untracked 
| 259|0x0000000650300000, 0x0000000650300000, 0x0000000650400000|  0%| F|  |TAMS 0x0000000650300000, 0x0000000650300000| Untracked 
| 260|0x0000000650400000, 0x0000000650400000, 0x0000000650500000|  0%| F|  |TAMS 0x0000000650400000, 0x0000000650400000| Untracked 
| 261|0x0000000650500000, 0x0000000650500000, 0x0000000650600000|  0%| F|  |TAMS 0x0000000650500000, 0x0000000650500000| Untracked 
| 262|0x0000000650600000, 0x0000000650600000, 0x0000000650700000|  0%| F|  |TAMS 0x0000000650600000, 0x0000000650600000| Untracked 
| 263|0x0000000650700000, 0x0000000650700000, 0x0000000650800000|  0%| F|  |TAMS 0x0000000650700000, 0x0000000650700000| Untracked 
| 264|0x0000000650800000, 0x0000000650800000, 0x0000000650900000|  0%| F|  |TAMS 0x0000000650800000, 0x0000000650800000| Untracked 
| 265|0x0000000650900000, 0x0000000650900000, 0x0000000650a00000|  0%| F|  |TAMS 0x0000000650900000, 0x0000000650900000| Untracked 
| 266|0x0000000650a00000, 0x0000000650a00000, 0x0000000650b00000|  0%| F|  |TAMS 0x0000000650a00000, 0x0000000650a00000| Untracked 
| 267|0x0000000650b00000, 0x0000000650b00000, 0x0000000650c00000|  0%| F|  |TAMS 0x0000000650b00000, 0x0000000650b00000| Untracked 
| 268|0x0000000650c00000, 0x0000000650c00000, 0x0000000650d00000|  0%| F|  |TAMS 0x0000000650c00000, 0x0000000650c00000| Untracked 
| 269|0x0000000650d00000, 0x0000000650d00000, 0x0000000650e00000|  0%| F|  |TAMS 0x0000000650d00000, 0x0000000650d00000| Untracked 
| 270|0x0000000650e00000, 0x0000000650e00000, 0x0000000650f00000|  0%| F|  |TAMS 0x0000000650e00000, 0x0000000650e00000| Untracked 
| 271|0x0000000650f00000, 0x0000000650f00000, 0x0000000651000000|  0%| F|  |TAMS 0x0000000650f00000, 0x0000000650f00000| Untracked 
| 272|0x0000000651000000, 0x0000000651000000, 0x0000000651100000|  0%| F|  |TAMS 0x0000000651000000, 0x0000000651000000| Untracked 
| 273|0x0000000651100000, 0x0000000651100000, 0x0000000651200000|  0%| F|  |TAMS 0x0000000651100000, 0x0000000651100000| Untracked 
| 274|0x0000000651200000, 0x0000000651200000, 0x0000000651300000|  0%| F|  |TAMS 0x0000000651200000, 0x0000000651200000| Untracked 
| 275|0x0000000651300000, 0x0000000651300000, 0x0000000651400000|  0%| F|  |TAMS 0x0000000651300000, 0x0000000651300000| Untracked 
| 276|0x0000000651400000, 0x0000000651400000, 0x0000000651500000|  0%| F|  |TAMS 0x0000000651400000, 0x0000000651400000| Untracked 
| 277|0x0000000651500000, 0x0000000651500000, 0x0000000651600000|  0%| F|  |TAMS 0x0000000651500000, 0x0000000651500000| Untracked 
| 278|0x0000000651600000, 0x0000000651600000, 0x0000000651700000|  0%| F|  |TAMS 0x0000000651600000, 0x0000000651600000| Untracked 
| 279|0x0000000651700000, 0x0000000651700000, 0x0000000651800000|  0%| F|  |TAMS 0x0000000651700000, 0x0000000651700000| Untracked 
| 280|0x0000000651800000, 0x0000000651800000, 0x0000000651900000|  0%| F|  |TAMS 0x0000000651800000, 0x0000000651800000| Untracked 
| 281|0x0000000651900000, 0x0000000651900000, 0x0000000651a00000|  0%| F|  |TAMS 0x0000000651900000, 0x0000000651900000| Untracked 
| 282|0x0000000651a00000, 0x0000000651a00000, 0x0000000651b00000|  0%| F|  |TAMS 0x0000000651a00000, 0x0000000651a00000| Untracked 
| 283|0x0000000651b00000, 0x0000000651b00000, 0x0000000651c00000|  0%| F|  |TAMS 0x0000000651b00000, 0x0000000651b00000| Untracked 
| 284|0x0000000651c00000, 0x0000000651c00000, 0x0000000651d00000|  0%| F|  |TAMS 0x0000000651c00000, 0x0000000651c00000| Untracked 
| 285|0x0000000651d00000, 0x0000000651d00000, 0x0000000651e00000|  0%| F|  |TAMS 0x0000000651d00000, 0x0000000651d00000| Untracked 
| 286|0x0000000651e00000, 0x0000000651e00000, 0x0000000651f00000|  0%| F|  |TAMS 0x0000000651e00000, 0x0000000651e00000| Untracked 
| 287|0x0000000651f00000, 0x0000000651f00000, 0x0000000652000000|  0%| F|  |TAMS 0x0000000651f00000, 0x0000000651f00000| Untracked 
| 288|0x0000000652000000, 0x0000000652000000, 0x0000000652100000|  0%| F|  |TAMS 0x0000000652000000, 0x0000000652000000| Untracked 
| 289|0x0000000652100000, 0x0000000652100000, 0x0000000652200000|  0%| F|  |TAMS 0x0000000652100000, 0x0000000652100000| Untracked 
| 290|0x0000000652200000, 0x0000000652200000, 0x0000000652300000|  0%| F|  |TAMS 0x0000000652200000, 0x0000000652200000| Untracked 
| 291|0x0000000652300000, 0x0000000652300000, 0x0000000652400000|  0%| F|  |TAMS 0x0000000652300000, 0x0000000652300000| Untracked 
| 292|0x0000000652400000, 0x0000000652400000, 0x0000000652500000|  0%| F|  |TAMS 0x0000000652400000, 0x0000000652400000| Untracked 
| 293|0x0000000652500000, 0x0000000652500000, 0x0000000652600000|  0%| F|  |TAMS 0x0000000652500000, 0x0000000652500000| Untracked 
| 294|0x0000000652600000, 0x0000000652600000, 0x0000000652700000|  0%| F|  |TAMS 0x0000000652600000, 0x0000000652600000| Untracked 
| 295|0x0000000652700000, 0x0000000652700000, 0x0000000652800000|  0%| F|  |TAMS 0x0000000652700000, 0x0000000652700000| Untracked 
| 296|0x0000000652800000, 0x0000000652800000, 0x0000000652900000|  0%| F|  |TAMS 0x0000000652800000, 0x0000000652800000| Untracked 
| 297|0x0000000652900000, 0x0000000652900000, 0x0000000652a00000|  0%| F|  |TAMS 0x0000000652900000, 0x0000000652900000| Untracked 
| 298|0x0000000652a00000, 0x0000000652a00000, 0x0000000652b00000|  0%| F|  |TAMS 0x0000000652a00000, 0x0000000652a00000| Untracked 
| 299|0x0000000652b00000, 0x0000000652b00000, 0x0000000652c00000|  0%| F|  |TAMS 0x0000000652b00000, 0x0000000652b00000| Untracked 
| 300|0x0000000652c00000, 0x0000000652c00000, 0x0000000652d00000|  0%| F|  |TAMS 0x0000000652c00000, 0x0000000652c00000| Untracked 
| 301|0x0000000652d00000, 0x0000000652d00000, 0x0000000652e00000|  0%| F|  |TAMS 0x0000000652d00000, 0x0000000652d00000| Untracked 
| 302|0x0000000652e00000, 0x0000000652e00000, 0x0000000652f00000|  0%| F|  |TAMS 0x0000000652e00000, 0x0000000652e00000| Untracked 
| 303|0x0000000652f00000, 0x0000000652f00000, 0x0000000653000000|  0%| F|  |TAMS 0x0000000652f00000, 0x0000000652f00000| Untracked 
| 304|0x0000000653000000, 0x0000000653000000, 0x0000000653100000|  0%| F|  |TAMS 0x0000000653000000, 0x0000000653000000| Untracked 
| 305|0x0000000653100000, 0x0000000653100000, 0x0000000653200000|  0%| F|  |TAMS 0x0000000653100000, 0x0000000653100000| Untracked 
| 306|0x0000000653200000, 0x0000000653200000, 0x0000000653300000|  0%| F|  |TAMS 0x0000000653200000, 0x0000000653200000| Untracked 
| 307|0x0000000653300000, 0x0000000653300000, 0x0000000653400000|  0%| F|  |TAMS 0x0000000653300000, 0x0000000653300000| Untracked 
| 308|0x0000000653400000, 0x0000000653400000, 0x0000000653500000|  0%| F|  |TAMS 0x0000000653400000, 0x0000000653400000| Untracked 
| 309|0x0000000653500000, 0x0000000653500000, 0x0000000653600000|  0%| F|  |TAMS 0x0000000653500000, 0x0000000653500000| Untracked 
| 310|0x0000000653600000, 0x0000000653600000, 0x0000000653700000|  0%| F|  |TAMS 0x0000000653600000, 0x0000000653600000| Untracked 
| 311|0x0000000653700000, 0x0000000653700000, 0x0000000653800000|  0%| F|  |TAMS 0x0000000653700000, 0x0000000653700000| Untracked 
| 312|0x0000000653800000, 0x0000000653800000, 0x0000000653900000|  0%| F|  |TAMS 0x0000000653800000, 0x0000000653800000| Untracked 
| 313|0x0000000653900000, 0x0000000653900000, 0x0000000653a00000|  0%| F|  |TAMS 0x0000000653900000, 0x0000000653900000| Untracked 
| 314|0x0000000653a00000, 0x0000000653a00000, 0x0000000653b00000|  0%| F|  |TAMS 0x0000000653a00000, 0x0000000653a00000| Untracked 
| 315|0x0000000653b00000, 0x0000000653b00000, 0x0000000653c00000|  0%| F|  |TAMS 0x0000000653b00000, 0x0000000653b00000| Untracked 
| 316|0x0000000653c00000, 0x0000000653c00000, 0x0000000653d00000|  0%| F|  |TAMS 0x0000000653c00000, 0x0000000653c00000| Untracked 
| 317|0x0000000653d00000, 0x0000000653d00000, 0x0000000653e00000|  0%| F|  |TAMS 0x0000000653d00000, 0x0000000653d00000| Untracked 
| 318|0x0000000653e00000, 0x0000000653e00000, 0x0000000653f00000|  0%| F|  |TAMS 0x0000000653e00000, 0x0000000653e00000| Untracked 
| 319|0x0000000653f00000, 0x0000000653f00000, 0x0000000654000000|  0%| F|  |TAMS 0x0000000653f00000, 0x0000000653f00000| Untracked 
| 320|0x0000000654000000, 0x0000000654000000, 0x0000000654100000|  0%| F|  |TAMS 0x0000000654000000, 0x0000000654000000| Untracked 
| 321|0x0000000654100000, 0x0000000654100000, 0x0000000654200000|  0%| F|  |TAMS 0x0000000654100000, 0x0000000654100000| Untracked 
| 322|0x0000000654200000, 0x0000000654200000, 0x0000000654300000|  0%| F|  |TAMS 0x0000000654200000, 0x0000000654200000| Untracked 
| 323|0x0000000654300000, 0x0000000654300000, 0x0000000654400000|  0%| F|  |TAMS 0x0000000654300000, 0x0000000654300000| Untracked 
| 324|0x0000000654400000, 0x0000000654400000, 0x0000000654500000|  0%| F|  |TAMS 0x0000000654400000, 0x0000000654400000| Untracked 
| 325|0x0000000654500000, 0x0000000654500000, 0x0000000654600000|  0%| F|  |TAMS 0x0000000654500000, 0x0000000654500000| Untracked 
| 326|0x0000000654600000, 0x0000000654600000, 0x0000000654700000|  0%| F|  |TAMS 0x0000000654600000, 0x0000000654600000| Untracked 
| 327|0x0000000654700000, 0x0000000654700000, 0x0000000654800000|  0%| F|  |TAMS 0x0000000654700000, 0x0000000654700000| Untracked 
| 328|0x0000000654800000, 0x0000000654800000, 0x0000000654900000|  0%| F|  |TAMS 0x0000000654800000, 0x0000000654800000| Untracked 
| 329|0x0000000654900000, 0x0000000654900000, 0x0000000654a00000|  0%| F|  |TAMS 0x0000000654900000, 0x0000000654900000| Untracked 
| 330|0x0000000654a00000, 0x0000000654a00000, 0x0000000654b00000|  0%| F|  |TAMS 0x0000000654a00000, 0x0000000654a00000| Untracked 
| 331|0x0000000654b00000, 0x0000000654b00000, 0x0000000654c00000|  0%| F|  |TAMS 0x0000000654b00000, 0x0000000654b00000| Untracked 
| 332|0x0000000654c00000, 0x0000000654c00000, 0x0000000654d00000|  0%| F|  |TAMS 0x0000000654c00000, 0x0000000654c00000| Untracked 
| 333|0x0000000654d00000, 0x0000000654d00000, 0x0000000654e00000|  0%| F|  |TAMS 0x0000000654d00000, 0x0000000654d00000| Untracked 
| 334|0x0000000654e00000, 0x0000000654e00000, 0x0000000654f00000|  0%| F|  |TAMS 0x0000000654e00000, 0x0000000654e00000| Untracked 
| 335|0x0000000654f00000, 0x0000000654f00000, 0x0000000655000000|  0%| F|  |TAMS 0x0000000654f00000, 0x0000000654f00000| Untracked 
| 336|0x0000000655000000, 0x0000000655000000, 0x0000000655100000|  0%| F|  |TAMS 0x0000000655000000, 0x0000000655000000| Untracked 
| 337|0x0000000655100000, 0x0000000655100000, 0x0000000655200000|  0%| F|  |TAMS 0x0000000655100000, 0x0000000655100000| Untracked 
| 338|0x0000000655200000, 0x0000000655200000, 0x0000000655300000|  0%| F|  |TAMS 0x0000000655200000, 0x0000000655200000| Untracked 
| 339|0x0000000655300000, 0x0000000655300000, 0x0000000655400000|  0%| F|  |TAMS 0x0000000655300000, 0x0000000655300000| Untracked 
| 340|0x0000000655400000, 0x0000000655400000, 0x0000000655500000|  0%| F|  |TAMS 0x0000000655400000, 0x0000000655400000| Untracked 
| 341|0x0000000655500000, 0x0000000655500000, 0x0000000655600000|  0%| F|  |TAMS 0x0000000655500000, 0x0000000655500000| Untracked 
| 342|0x0000000655600000, 0x0000000655600000, 0x0000000655700000|  0%| F|  |TAMS 0x0000000655600000, 0x0000000655600000| Untracked 
| 343|0x0000000655700000, 0x0000000655700000, 0x0000000655800000|  0%| F|  |TAMS 0x0000000655700000, 0x0000000655700000| Untracked 
| 344|0x0000000655800000, 0x0000000655800000, 0x0000000655900000|  0%| F|  |TAMS 0x0000000655800000, 0x0000000655800000| Untracked 
| 345|0x0000000655900000, 0x0000000655900000, 0x0000000655a00000|  0%| F|  |TAMS 0x0000000655900000, 0x0000000655900000| Untracked 
| 346|0x0000000655a00000, 0x0000000655a00000, 0x0000000655b00000|  0%| F|  |TAMS 0x0000000655a00000, 0x0000000655a00000| Untracked 
| 347|0x0000000655b00000, 0x0000000655b00000, 0x0000000655c00000|  0%| F|  |TAMS 0x0000000655b00000, 0x0000000655b00000| Untracked 
| 348|0x0000000655c00000, 0x0000000655c00000, 0x0000000655d00000|  0%| F|  |TAMS 0x0000000655c00000, 0x0000000655c00000| Untracked 
| 349|0x0000000655d00000, 0x0000000655d00000, 0x0000000655e00000|  0%| F|  |TAMS 0x0000000655d00000, 0x0000000655d00000| Untracked 
| 350|0x0000000655e00000, 0x0000000655e00000, 0x0000000655f00000|  0%| F|  |TAMS 0x0000000655e00000, 0x0000000655e00000| Untracked 
| 351|0x0000000655f00000, 0x0000000655f00000, 0x0000000656000000|  0%| F|  |TAMS 0x0000000655f00000, 0x0000000655f00000| Untracked 
| 352|0x0000000656000000, 0x0000000656000000, 0x0000000656100000|  0%| F|  |TAMS 0x0000000656000000, 0x0000000656000000| Untracked 
| 353|0x0000000656100000, 0x0000000656100000, 0x0000000656200000|  0%| F|  |TAMS 0x0000000656100000, 0x0000000656100000| Untracked 
| 354|0x0000000656200000, 0x0000000656200000, 0x0000000656300000|  0%| F|  |TAMS 0x0000000656200000, 0x0000000656200000| Untracked 
| 355|0x0000000656300000, 0x0000000656300000, 0x0000000656400000|  0%| F|  |TAMS 0x0000000656300000, 0x0000000656300000| Untracked 
| 356|0x0000000656400000, 0x0000000656400000, 0x0000000656500000|  0%| F|  |TAMS 0x0000000656400000, 0x0000000656400000| Untracked 
| 357|0x0000000656500000, 0x0000000656500000, 0x0000000656600000|  0%| F|  |TAMS 0x0000000656500000, 0x0000000656500000| Untracked 
| 358|0x0000000656600000, 0x0000000656600000, 0x0000000656700000|  0%| F|  |TAMS 0x0000000656600000, 0x0000000656600000| Untracked 
| 359|0x0000000656700000, 0x0000000656700000, 0x0000000656800000|  0%| F|  |TAMS 0x0000000656700000, 0x0000000656700000| Untracked 
| 360|0x0000000656800000, 0x0000000656800000, 0x0000000656900000|  0%| F|  |TAMS 0x0000000656800000, 0x0000000656800000| Untracked 
| 361|0x0000000656900000, 0x0000000656900000, 0x0000000656a00000|  0%| F|  |TAMS 0x0000000656900000, 0x0000000656900000| Untracked 
| 362|0x0000000656a00000, 0x0000000656a00000, 0x0000000656b00000|  0%| F|  |TAMS 0x0000000656a00000, 0x0000000656a00000| Untracked 
| 363|0x0000000656b00000, 0x0000000656b00000, 0x0000000656c00000|  0%| F|  |TAMS 0x0000000656b00000, 0x0000000656b00000| Untracked 
| 364|0x0000000656c00000, 0x0000000656c00000, 0x0000000656d00000|  0%| F|  |TAMS 0x0000000656c00000, 0x0000000656c00000| Untracked 
| 365|0x0000000656d00000, 0x0000000656d00000, 0x0000000656e00000|  0%| F|  |TAMS 0x0000000656d00000, 0x0000000656d00000| Untracked 
| 366|0x0000000656e00000, 0x0000000656e00000, 0x0000000656f00000|  0%| F|  |TAMS 0x0000000656e00000, 0x0000000656e00000| Untracked 
| 367|0x0000000656f00000, 0x0000000656f00000, 0x0000000657000000|  0%| F|  |TAMS 0x0000000656f00000, 0x0000000656f00000| Untracked 
| 368|0x0000000657000000, 0x0000000657000000, 0x0000000657100000|  0%| F|  |TAMS 0x0000000657000000, 0x0000000657000000| Untracked 
| 369|0x0000000657100000, 0x0000000657100000, 0x0000000657200000|  0%| F|  |TAMS 0x0000000657100000, 0x0000000657100000| Untracked 
| 370|0x0000000657200000, 0x0000000657200000, 0x0000000657300000|  0%| F|  |TAMS 0x0000000657200000, 0x0000000657200000| Untracked 
| 371|0x0000000657300000, 0x0000000657300000, 0x0000000657400000|  0%| F|  |TAMS 0x0000000657300000, 0x0000000657300000| Untracked 
| 372|0x0000000657400000, 0x0000000657400000, 0x0000000657500000|  0%| F|  |TAMS 0x0000000657400000, 0x0000000657400000| Untracked 
| 373|0x0000000657500000, 0x0000000657500000, 0x0000000657600000|  0%| F|  |TAMS 0x0000000657500000, 0x0000000657500000| Untracked 
| 374|0x0000000657600000, 0x0000000657600000, 0x0000000657700000|  0%| F|  |TAMS 0x0000000657600000, 0x0000000657600000| Untracked 
| 375|0x0000000657700000, 0x0000000657700000, 0x0000000657800000|  0%| F|  |TAMS 0x0000000657700000, 0x0000000657700000| Untracked 
| 376|0x0000000657800000, 0x0000000657800000, 0x0000000657900000|  0%| F|  |TAMS 0x0000000657800000, 0x0000000657800000| Untracked 
| 377|0x0000000657900000, 0x0000000657900000, 0x0000000657a00000|  0%| F|  |TAMS 0x0000000657900000, 0x0000000657900000| Untracked 
| 378|0x0000000657a00000, 0x0000000657a00000, 0x0000000657b00000|  0%| F|  |TAMS 0x0000000657a00000, 0x0000000657a00000| Untracked 
| 379|0x0000000657b00000, 0x0000000657b00000, 0x0000000657c00000|  0%| F|  |TAMS 0x0000000657b00000, 0x0000000657b00000| Untracked 
| 380|0x0000000657c00000, 0x0000000657c00000, 0x0000000657d00000|  0%| F|  |TAMS 0x0000000657c00000, 0x0000000657c00000| Untracked 
| 381|0x0000000657d00000, 0x0000000657d00000, 0x0000000657e00000|  0%| F|  |TAMS 0x0000000657d00000, 0x0000000657d00000| Untracked 
| 382|0x0000000657e00000, 0x0000000657e00000, 0x0000000657f00000|  0%| F|  |TAMS 0x0000000657e00000, 0x0000000657e00000| Untracked 
| 383|0x0000000657f00000, 0x0000000657f00000, 0x0000000658000000|  0%| F|  |TAMS 0x0000000657f00000, 0x0000000657f00000| Untracked 
| 384|0x0000000658000000, 0x0000000658000000, 0x0000000658100000|  0%| F|  |TAMS 0x0000000658000000, 0x0000000658000000| Untracked 
| 385|0x0000000658100000, 0x0000000658100000, 0x0000000658200000|  0%| F|  |TAMS 0x0000000658100000, 0x0000000658100000| Untracked 
| 386|0x0000000658200000, 0x0000000658200000, 0x0000000658300000|  0%| F|  |TAMS 0x0000000658200000, 0x0000000658200000| Untracked 
| 387|0x0000000658300000, 0x0000000658300000, 0x0000000658400000|  0%| F|  |TAMS 0x0000000658300000, 0x0000000658300000| Untracked 
| 388|0x0000000658400000, 0x0000000658400000, 0x0000000658500000|  0%| F|  |TAMS 0x0000000658400000, 0x0000000658400000| Untracked 
| 389|0x0000000658500000, 0x0000000658500000, 0x0000000658600000|  0%| F|  |TAMS 0x0000000658500000, 0x0000000658500000| Untracked 
| 390|0x0000000658600000, 0x0000000658600000, 0x0000000658700000|  0%| F|  |TAMS 0x0000000658600000, 0x0000000658600000| Untracked 
| 391|0x0000000658700000, 0x0000000658700000, 0x0000000658800000|  0%| F|  |TAMS 0x0000000658700000, 0x0000000658700000| Untracked 
| 392|0x0000000658800000, 0x0000000658800000, 0x0000000658900000|  0%| F|  |TAMS 0x0000000658800000, 0x0000000658800000| Untracked 
| 393|0x0000000658900000, 0x0000000658900000, 0x0000000658a00000|  0%| F|  |TAMS 0x0000000658900000, 0x0000000658900000| Untracked 
| 394|0x0000000658a00000, 0x0000000658a00000, 0x0000000658b00000|  0%| F|  |TAMS 0x0000000658a00000, 0x0000000658a00000| Untracked 
| 395|0x0000000658b00000, 0x0000000658b00000, 0x0000000658c00000|  0%| F|  |TAMS 0x0000000658b00000, 0x0000000658b00000| Untracked 
| 396|0x0000000658c00000, 0x0000000658c00000, 0x0000000658d00000|  0%| F|  |TAMS 0x0000000658c00000, 0x0000000658c00000| Untracked 
| 397|0x0000000658d00000, 0x0000000658d00000, 0x0000000658e00000|  0%| F|  |TAMS 0x0000000658d00000, 0x0000000658d00000| Untracked 
| 398|0x0000000658e00000, 0x0000000658e00000, 0x0000000658f00000|  0%| F|  |TAMS 0x0000000658e00000, 0x0000000658e00000| Untracked 
| 399|0x0000000658f00000, 0x0000000658f00000, 0x0000000659000000|  0%| F|  |TAMS 0x0000000658f00000, 0x0000000658f00000| Untracked 
| 400|0x0000000659000000, 0x0000000659000000, 0x0000000659100000|  0%| F|  |TAMS 0x0000000659000000, 0x0000000659000000| Untracked 
| 401|0x0000000659100000, 0x0000000659100000, 0x0000000659200000|  0%| F|  |TAMS 0x0000000659100000, 0x0000000659100000| Untracked 
| 402|0x0000000659200000, 0x0000000659200000, 0x0000000659300000|  0%| F|  |TAMS 0x0000000659200000, 0x0000000659200000| Untracked 
| 403|0x0000000659300000, 0x0000000659300000, 0x0000000659400000|  0%| F|  |TAMS 0x0000000659300000, 0x0000000659300000| Untracked 
| 404|0x0000000659400000, 0x0000000659400000, 0x0000000659500000|  0%| F|  |TAMS 0x0000000659400000, 0x0000000659400000| Untracked 
| 405|0x0000000659500000, 0x0000000659500000, 0x0000000659600000|  0%| F|  |TAMS 0x0000000659500000, 0x0000000659500000| Untracked 
| 406|0x0000000659600000, 0x0000000659600000, 0x0000000659700000|  0%| F|  |TAMS 0x0000000659600000, 0x0000000659600000| Untracked 
| 407|0x0000000659700000, 0x0000000659700000, 0x0000000659800000|  0%| F|  |TAMS 0x0000000659700000, 0x0000000659700000| Untracked 
| 408|0x0000000659800000, 0x0000000659800000, 0x0000000659900000|  0%| F|  |TAMS 0x0000000659800000, 0x0000000659800000| Untracked 
| 409|0x0000000659900000, 0x0000000659900000, 0x0000000659a00000|  0%| F|  |TAMS 0x0000000659900000, 0x0000000659900000| Untracked 
| 410|0x0000000659a00000, 0x0000000659a00000, 0x0000000659b00000|  0%| F|  |TAMS 0x0000000659a00000, 0x0000000659a00000| Untracked 
| 411|0x0000000659b00000, 0x0000000659b00000, 0x0000000659c00000|  0%| F|  |TAMS 0x0000000659b00000, 0x0000000659b00000| Untracked 
| 412|0x0000000659c00000, 0x0000000659c00000, 0x0000000659d00000|  0%| F|  |TAMS 0x0000000659c00000, 0x0000000659c00000| Untracked 
| 413|0x0000000659d00000, 0x0000000659d00000, 0x0000000659e00000|  0%| F|  |TAMS 0x0000000659d00000, 0x0000000659d00000| Untracked 
| 414|0x0000000659e00000, 0x0000000659e00000, 0x0000000659f00000|  0%| F|  |TAMS 0x0000000659e00000, 0x0000000659e00000| Untracked 
| 415|0x0000000659f00000, 0x0000000659f00000, 0x000000065a000000|  0%| F|  |TAMS 0x0000000659f00000, 0x0000000659f00000| Untracked 
| 416|0x000000065a000000, 0x000000065a000000, 0x000000065a100000|  0%| F|  |TAMS 0x000000065a000000, 0x000000065a000000| Untracked 
| 417|0x000000065a100000, 0x000000065a100000, 0x000000065a200000|  0%| F|  |TAMS 0x000000065a100000, 0x000000065a100000| Untracked 
| 418|0x000000065a200000, 0x000000065a200000, 0x000000065a300000|  0%| F|  |TAMS 0x000000065a200000, 0x000000065a200000| Untracked 
| 419|0x000000065a300000, 0x000000065a300000, 0x000000065a400000|  0%| F|  |TAMS 0x000000065a300000, 0x000000065a300000| Untracked 
| 420|0x000000065a400000, 0x000000065a400000, 0x000000065a500000|  0%| F|  |TAMS 0x000000065a400000, 0x000000065a400000| Untracked 
| 421|0x000000065a500000, 0x000000065a500000, 0x000000065a600000|  0%| F|  |TAMS 0x000000065a500000, 0x000000065a500000| Untracked 
| 422|0x000000065a600000, 0x000000065a600000, 0x000000065a700000|  0%| F|  |TAMS 0x000000065a600000, 0x000000065a600000| Untracked 
| 423|0x000000065a700000, 0x000000065a700000, 0x000000065a800000|  0%| F|  |TAMS 0x000000065a700000, 0x000000065a700000| Untracked 
| 424|0x000000065a800000, 0x000000065a800000, 0x000000065a900000|  0%| F|  |TAMS 0x000000065a800000, 0x000000065a800000| Untracked 
| 425|0x000000065a900000, 0x000000065a900000, 0x000000065aa00000|  0%| F|  |TAMS 0x000000065a900000, 0x000000065a900000| Untracked 
| 426|0x000000065aa00000, 0x000000065aa00000, 0x000000065ab00000|  0%| F|  |TAMS 0x000000065aa00000, 0x000000065aa00000| Untracked 
| 427|0x000000065ab00000, 0x000000065ab00000, 0x000000065ac00000|  0%| F|  |TAMS 0x000000065ab00000, 0x000000065ab00000| Untracked 
| 428|0x000000065ac00000, 0x000000065ac00000, 0x000000065ad00000|  0%| F|  |TAMS 0x000000065ac00000, 0x000000065ac00000| Untracked 
| 429|0x000000065ad00000, 0x000000065ad00000, 0x000000065ae00000|  0%| F|  |TAMS 0x000000065ad00000, 0x000000065ad00000| Untracked 
| 430|0x000000065ae00000, 0x000000065ae00000, 0x000000065af00000|  0%| F|  |TAMS 0x000000065ae00000, 0x000000065ae00000| Untracked 
| 431|0x000000065af00000, 0x000000065af00000, 0x000000065b000000|  0%| F|  |TAMS 0x000000065af00000, 0x000000065af00000| Untracked 
| 432|0x000000065b000000, 0x000000065b000000, 0x000000065b100000|  0%| F|  |TAMS 0x000000065b000000, 0x000000065b000000| Untracked 
| 433|0x000000065b100000, 0x000000065b100000, 0x000000065b200000|  0%| F|  |TAMS 0x000000065b100000, 0x000000065b100000| Untracked 
| 434|0x000000065b200000, 0x000000065b200000, 0x000000065b300000|  0%| F|  |TAMS 0x000000065b200000, 0x000000065b200000| Untracked 
| 435|0x000000065b300000, 0x000000065b300000, 0x000000065b400000|  0%| F|  |TAMS 0x000000065b300000, 0x000000065b300000| Untracked 
| 436|0x000000065b400000, 0x000000065b400000, 0x000000065b500000|  0%| F|  |TAMS 0x000000065b400000, 0x000000065b400000| Untracked 
| 437|0x000000065b500000, 0x000000065b500000, 0x000000065b600000|  0%| F|  |TAMS 0x000000065b500000, 0x000000065b500000| Untracked 
| 438|0x000000065b600000, 0x000000065b600000, 0x000000065b700000|  0%| F|  |TAMS 0x000000065b600000, 0x000000065b600000| Untracked 
| 439|0x000000065b700000, 0x000000065b700000, 0x000000065b800000|  0%| F|  |TAMS 0x000000065b700000, 0x000000065b700000| Untracked 
| 440|0x000000065b800000, 0x000000065b800000, 0x000000065b900000|  0%| F|  |TAMS 0x000000065b800000, 0x000000065b800000| Untracked 
| 441|0x000000065b900000, 0x000000065b900000, 0x000000065ba00000|  0%| F|  |TAMS 0x000000065b900000, 0x000000065b900000| Untracked 
| 442|0x000000065ba00000, 0x000000065ba00000, 0x000000065bb00000|  0%| F|  |TAMS 0x000000065ba00000, 0x000000065ba00000| Untracked 
| 443|0x000000065bb00000, 0x000000065bb00000, 0x000000065bc00000|  0%| F|  |TAMS 0x000000065bb00000, 0x000000065bb00000| Untracked 
| 444|0x000000065bc00000, 0x000000065bc00000, 0x000000065bd00000|  0%| F|  |TAMS 0x000000065bc00000, 0x000000065bc00000| Untracked 
| 445|0x000000065bd00000, 0x000000065bd00000, 0x000000065be00000|  0%| F|  |TAMS 0x000000065bd00000, 0x000000065bd00000| Untracked 
| 446|0x000000065be00000, 0x000000065be00000, 0x000000065bf00000|  0%| F|  |TAMS 0x000000065be00000, 0x000000065be00000| Untracked 
| 447|0x000000065bf00000, 0x000000065bf00000, 0x000000065c000000|  0%| F|  |TAMS 0x000000065bf00000, 0x000000065bf00000| Untracked 
| 448|0x000000065c000000, 0x000000065c000000, 0x000000065c100000|  0%| F|  |TAMS 0x000000065c000000, 0x000000065c000000| Untracked 
| 449|0x000000065c100000, 0x000000065c100000, 0x000000065c200000|  0%| F|  |TAMS 0x000000065c100000, 0x000000065c100000| Untracked 
| 450|0x000000065c200000, 0x000000065c200000, 0x000000065c300000|  0%| F|  |TAMS 0x000000065c200000, 0x000000065c200000| Untracked 
| 451|0x000000065c300000, 0x000000065c300000, 0x000000065c400000|  0%| F|  |TAMS 0x000000065c300000, 0x000000065c300000| Untracked 
| 452|0x000000065c400000, 0x000000065c400000, 0x000000065c500000|  0%| F|  |TAMS 0x000000065c400000, 0x000000065c400000| Untracked 
| 453|0x000000065c500000, 0x000000065c500000, 0x000000065c600000|  0%| F|  |TAMS 0x000000065c500000, 0x000000065c500000| Untracked 
| 454|0x000000065c600000, 0x000000065c600000, 0x000000065c700000|  0%| F|  |TAMS 0x000000065c600000, 0x000000065c600000| Untracked 
| 455|0x000000065c700000, 0x000000065c700000, 0x000000065c800000|  0%| F|  |TAMS 0x000000065c700000, 0x000000065c700000| Untracked 
| 456|0x000000065c800000, 0x000000065c800000, 0x000000065c900000|  0%| F|  |TAMS 0x000000065c800000, 0x000000065c800000| Untracked 
| 457|0x000000065c900000, 0x000000065c900000, 0x000000065ca00000|  0%| F|  |TAMS 0x000000065c900000, 0x000000065c900000| Untracked 
| 458|0x000000065ca00000, 0x000000065ca00000, 0x000000065cb00000|  0%| F|  |TAMS 0x000000065ca00000, 0x000000065ca00000| Untracked 
| 459|0x000000065cb00000, 0x000000065cb00000, 0x000000065cc00000|  0%| F|  |TAMS 0x000000065cb00000, 0x000000065cb00000| Untracked 
| 460|0x000000065cc00000, 0x000000065cc00000, 0x000000065cd00000|  0%| F|  |TAMS 0x000000065cc00000, 0x000000065cc00000| Untracked 
| 461|0x000000065cd00000, 0x000000065cd00000, 0x000000065ce00000|  0%| F|  |TAMS 0x000000065cd00000, 0x000000065cd00000| Untracked 
| 462|0x000000065ce00000, 0x000000065ce00000, 0x000000065cf00000|  0%| F|  |TAMS 0x000000065ce00000, 0x000000065ce00000| Untracked 
| 463|0x000000065cf00000, 0x000000065cf00000, 0x000000065d000000|  0%| F|  |TAMS 0x000000065cf00000, 0x000000065cf00000| Untracked 
| 464|0x000000065d000000, 0x000000065d000000, 0x000000065d100000|  0%| F|  |TAMS 0x000000065d000000, 0x000000065d000000| Untracked 
| 465|0x000000065d100000, 0x000000065d100000, 0x000000065d200000|  0%| F|  |TAMS 0x000000065d100000, 0x000000065d100000| Untracked 
| 466|0x000000065d200000, 0x000000065d200000, 0x000000065d300000|  0%| F|  |TAMS 0x000000065d200000, 0x000000065d200000| Untracked 
| 467|0x000000065d300000, 0x000000065d300000, 0x000000065d400000|  0%| F|  |TAMS 0x000000065d300000, 0x000000065d300000| Untracked 
| 468|0x000000065d400000, 0x000000065d400000, 0x000000065d500000|  0%| F|  |TAMS 0x000000065d400000, 0x000000065d400000| Untracked 
| 469|0x000000065d500000, 0x000000065d500000, 0x000000065d600000|  0%| F|  |TAMS 0x000000065d500000, 0x000000065d500000| Untracked 
| 470|0x000000065d600000, 0x000000065d600000, 0x000000065d700000|  0%| F|  |TAMS 0x000000065d600000, 0x000000065d600000| Untracked 
| 471|0x000000065d700000, 0x000000065d700000, 0x000000065d800000|  0%| F|  |TAMS 0x000000065d700000, 0x000000065d700000| Untracked 
| 472|0x000000065d800000, 0x000000065d800000, 0x000000065d900000|  0%| F|  |TAMS 0x000000065d800000, 0x000000065d800000| Untracked 
| 473|0x000000065d900000, 0x000000065d900000, 0x000000065da00000|  0%| F|  |TAMS 0x000000065d900000, 0x000000065d900000| Untracked 
| 474|0x000000065da00000, 0x000000065da00000, 0x000000065db00000|  0%| F|  |TAMS 0x000000065da00000, 0x000000065da00000| Untracked 
| 475|0x000000065db00000, 0x000000065db00000, 0x000000065dc00000|  0%| F|  |TAMS 0x000000065db00000, 0x000000065db00000| Untracked 
| 476|0x000000065dc00000, 0x000000065dc00000, 0x000000065dd00000|  0%| F|  |TAMS 0x000000065dc00000, 0x000000065dc00000| Untracked 
| 477|0x000000065dd00000, 0x000000065dd00000, 0x000000065de00000|  0%| F|  |TAMS 0x000000065dd00000, 0x000000065dd00000| Untracked 
| 478|0x000000065de00000, 0x000000065de00000, 0x000000065df00000|  0%| F|  |TAMS 0x000000065de00000, 0x000000065de00000| Untracked 
| 479|0x000000065df00000, 0x000000065df00000, 0x000000065e000000|  0%| F|  |TAMS 0x000000065df00000, 0x000000065df00000| Untracked 
| 480|0x000000065e000000, 0x000000065e000000, 0x000000065e100000|  0%| F|  |TAMS 0x000000065e000000, 0x000000065e000000| Untracked 
| 481|0x000000065e100000, 0x000000065e100000, 0x000000065e200000|  0%| F|  |TAMS 0x000000065e100000, 0x000000065e100000| Untracked 
| 482|0x000000065e200000, 0x000000065e200000, 0x000000065e300000|  0%| F|  |TAMS 0x000000065e200000, 0x000000065e200000| Untracked 
| 483|0x000000065e300000, 0x000000065e300000, 0x000000065e400000|  0%| F|  |TAMS 0x000000065e300000, 0x000000065e300000| Untracked 
| 484|0x000000065e400000, 0x000000065e400000, 0x000000065e500000|  0%| F|  |TAMS 0x000000065e400000, 0x000000065e400000| Untracked 
| 485|0x000000065e500000, 0x000000065e500000, 0x000000065e600000|  0%| F|  |TAMS 0x000000065e500000, 0x000000065e500000| Untracked 
| 486|0x000000065e600000, 0x000000065e600000, 0x000000065e700000|  0%| F|  |TAMS 0x000000065e600000, 0x000000065e600000| Untracked 
| 487|0x000000065e700000, 0x000000065e700000, 0x000000065e800000|  0%| F|  |TAMS 0x000000065e700000, 0x000000065e700000| Untracked 
| 488|0x000000065e800000, 0x000000065e800000, 0x000000065e900000|  0%| F|  |TAMS 0x000000065e800000, 0x000000065e800000| Untracked 
| 489|0x000000065e900000, 0x000000065e900000, 0x000000065ea00000|  0%| F|  |TAMS 0x000000065e900000, 0x000000065e900000| Untracked 
| 490|0x000000065ea00000, 0x000000065ea00000, 0x000000065eb00000|  0%| F|  |TAMS 0x000000065ea00000, 0x000000065ea00000| Untracked 
| 491|0x000000065eb00000, 0x000000065eb00000, 0x000000065ec00000|  0%| F|  |TAMS 0x000000065eb00000, 0x000000065eb00000| Untracked 
| 492|0x000000065ec00000, 0x000000065ec00000, 0x000000065ed00000|  0%| F|  |TAMS 0x000000065ec00000, 0x000000065ec00000| Untracked 
| 493|0x000000065ed00000, 0x000000065ed00000, 0x000000065ee00000|  0%| F|  |TAMS 0x000000065ed00000, 0x000000065ed00000| Untracked 
| 494|0x000000065ee00000, 0x000000065ee00000, 0x000000065ef00000|  0%| F|  |TAMS 0x000000065ee00000, 0x000000065ee00000| Untracked 
| 495|0x000000065ef00000, 0x000000065ef00000, 0x000000065f000000|  0%| F|  |TAMS 0x000000065ef00000, 0x000000065ef00000| Untracked 
| 496|0x000000065f000000, 0x000000065f000000, 0x000000065f100000|  0%| F|  |TAMS 0x000000065f000000, 0x000000065f000000| Untracked 
| 497|0x000000065f100000, 0x000000065f100000, 0x000000065f200000|  0%| F|  |TAMS 0x000000065f100000, 0x000000065f100000| Untracked 
| 498|0x000000065f200000, 0x000000065f200000, 0x000000065f300000|  0%| F|  |TAMS 0x000000065f200000, 0x000000065f200000| Untracked 
| 499|0x000000065f300000, 0x000000065f300000, 0x000000065f400000|  0%| F|  |TAMS 0x000000065f300000, 0x000000065f300000| Untracked 
| 500|0x000000065f400000, 0x000000065f400000, 0x000000065f500000|  0%| F|  |TAMS 0x000000065f400000, 0x000000065f400000| Untracked 
| 501|0x000000065f500000, 0x000000065f500000, 0x000000065f600000|  0%| F|  |TAMS 0x000000065f500000, 0x000000065f500000| Untracked 
| 502|0x000000065f600000, 0x000000065f600000, 0x000000065f700000|  0%| F|  |TAMS 0x000000065f600000, 0x000000065f600000| Untracked 
| 503|0x000000065f700000, 0x000000065f700000, 0x000000065f800000|  0%| F|  |TAMS 0x000000065f700000, 0x000000065f700000| Untracked 
| 504|0x000000065f800000, 0x000000065f800000, 0x000000065f900000|  0%| F|  |TAMS 0x000000065f800000, 0x000000065f800000| Untracked 
| 505|0x000000065f900000, 0x000000065f900000, 0x000000065fa00000|  0%| F|  |TAMS 0x000000065f900000, 0x000000065f900000| Untracked 
| 506|0x000000065fa00000, 0x000000065fa00000, 0x000000065fb00000|  0%| F|  |TAMS 0x000000065fa00000, 0x000000065fa00000| Untracked 
| 507|0x000000065fb00000, 0x000000065fb00000, 0x000000065fc00000|  0%| F|  |TAMS 0x000000065fb00000, 0x000000065fb00000| Untracked 
| 508|0x000000065fc00000, 0x000000065fc00000, 0x000000065fd00000|  0%| F|  |TAMS 0x000000065fc00000, 0x000000065fc00000| Untracked 
| 509|0x000000065fd00000, 0x000000065fd00000, 0x000000065fe00000|  0%| F|  |TAMS 0x000000065fd00000, 0x000000065fd00000| Untracked 
| 510|0x000000065fe00000, 0x000000065fe00000, 0x000000065ff00000|  0%| F|  |TAMS 0x000000065fe00000, 0x000000065fe00000| Untracked 
| 511|0x000000065ff00000, 0x000000065ff00000, 0x0000000660000000|  0%| F|  |TAMS 0x000000065ff00000, 0x000000065ff00000| Untracked 
| 512|0x0000000660000000, 0x0000000660000000, 0x0000000660100000|  0%| F|  |TAMS 0x0000000660000000, 0x0000000660000000| Untracked 
| 513|0x0000000660100000, 0x0000000660100000, 0x0000000660200000|  0%| F|  |TAMS 0x0000000660100000, 0x0000000660100000| Untracked 
| 514|0x0000000660200000, 0x0000000660200000, 0x0000000660300000|  0%| F|  |TAMS 0x0000000660200000, 0x0000000660200000| Untracked 
| 515|0x0000000660300000, 0x0000000660300000, 0x0000000660400000|  0%| F|  |TAMS 0x0000000660300000, 0x0000000660300000| Untracked 
| 516|0x0000000660400000, 0x0000000660400000, 0x0000000660500000|  0%| F|  |TAMS 0x0000000660400000, 0x0000000660400000| Untracked 
| 517|0x0000000660500000, 0x0000000660500000, 0x0000000660600000|  0%| F|  |TAMS 0x0000000660500000, 0x0000000660500000| Untracked 
| 518|0x0000000660600000, 0x0000000660600000, 0x0000000660700000|  0%| F|  |TAMS 0x0000000660600000, 0x0000000660600000| Untracked 
| 519|0x0000000660700000, 0x0000000660700000, 0x0000000660800000|  0%| F|  |TAMS 0x0000000660700000, 0x0000000660700000| Untracked 
| 520|0x0000000660800000, 0x0000000660800000, 0x0000000660900000|  0%| F|  |TAMS 0x0000000660800000, 0x0000000660800000| Untracked 
| 521|0x0000000660900000, 0x0000000660900000, 0x0000000660a00000|  0%| F|  |TAMS 0x0000000660900000, 0x0000000660900000| Untracked 
| 522|0x0000000660a00000, 0x0000000660a00000, 0x0000000660b00000|  0%| F|  |TAMS 0x0000000660a00000, 0x0000000660a00000| Untracked 
| 523|0x0000000660b00000, 0x0000000660b00000, 0x0000000660c00000|  0%| F|  |TAMS 0x0000000660b00000, 0x0000000660b00000| Untracked 
| 524|0x0000000660c00000, 0x0000000660c00000, 0x0000000660d00000|  0%| F|  |TAMS 0x0000000660c00000, 0x0000000660c00000| Untracked 
| 525|0x0000000660d00000, 0x0000000660d00000, 0x0000000660e00000|  0%| F|  |TAMS 0x0000000660d00000, 0x0000000660d00000| Untracked 
| 526|0x0000000660e00000, 0x0000000660e00000, 0x0000000660f00000|  0%| F|  |TAMS 0x0000000660e00000, 0x0000000660e00000| Untracked 
| 527|0x0000000660f00000, 0x0000000660f00000, 0x0000000661000000|  0%| F|  |TAMS 0x0000000660f00000, 0x0000000660f00000| Untracked 
| 528|0x0000000661000000, 0x0000000661000000, 0x0000000661100000|  0%| F|  |TAMS 0x0000000661000000, 0x0000000661000000| Untracked 
| 529|0x0000000661100000, 0x0000000661100000, 0x0000000661200000|  0%| F|  |TAMS 0x0000000661100000, 0x0000000661100000| Untracked 
| 530|0x0000000661200000, 0x0000000661200000, 0x0000000661300000|  0%| F|  |TAMS 0x0000000661200000, 0x0000000661200000| Untracked 
| 531|0x0000000661300000, 0x0000000661300000, 0x0000000661400000|  0%| F|  |TAMS 0x0000000661300000, 0x0000000661300000| Untracked 
| 532|0x0000000661400000, 0x0000000661400000, 0x0000000661500000|  0%| F|  |TAMS 0x0000000661400000, 0x0000000661400000| Untracked 
| 533|0x0000000661500000, 0x0000000661500000, 0x0000000661600000|  0%| F|  |TAMS 0x0000000661500000, 0x0000000661500000| Untracked 
| 534|0x0000000661600000, 0x0000000661600000, 0x0000000661700000|  0%| F|  |TAMS 0x0000000661600000, 0x0000000661600000| Untracked 
| 535|0x0000000661700000, 0x0000000661700000, 0x0000000661800000|  0%| F|  |TAMS 0x0000000661700000, 0x0000000661700000| Untracked 
| 536|0x0000000661800000, 0x0000000661800000, 0x0000000661900000|  0%| F|  |TAMS 0x0000000661800000, 0x0000000661800000| Untracked 
| 537|0x0000000661900000, 0x0000000661900000, 0x0000000661a00000|  0%| F|  |TAMS 0x0000000661900000, 0x0000000661900000| Untracked 
| 538|0x0000000661a00000, 0x0000000661a00000, 0x0000000661b00000|  0%| F|  |TAMS 0x0000000661a00000, 0x0000000661a00000| Untracked 
| 539|0x0000000661b00000, 0x0000000661b00000, 0x0000000661c00000|  0%| F|  |TAMS 0x0000000661b00000, 0x0000000661b00000| Untracked 
| 540|0x0000000661c00000, 0x0000000661c00000, 0x0000000661d00000|  0%| F|  |TAMS 0x0000000661c00000, 0x0000000661c00000| Untracked 
| 541|0x0000000661d00000, 0x0000000661d00000, 0x0000000661e00000|  0%| F|  |TAMS 0x0000000661d00000, 0x0000000661d00000| Untracked 
| 542|0x0000000661e00000, 0x0000000661e00000, 0x0000000661f00000|  0%| F|  |TAMS 0x0000000661e00000, 0x0000000661e00000| Untracked 
| 543|0x0000000661f00000, 0x0000000661f00000, 0x0000000662000000|  0%| F|  |TAMS 0x0000000661f00000, 0x0000000661f00000| Untracked 
| 544|0x0000000662000000, 0x0000000662000000, 0x0000000662100000|  0%| F|  |TAMS 0x0000000662000000, 0x0000000662000000| Untracked 
| 545|0x0000000662100000, 0x0000000662100000, 0x0000000662200000|  0%| F|  |TAMS 0x0000000662100000, 0x0000000662100000| Untracked 
| 546|0x0000000662200000, 0x0000000662200000, 0x0000000662300000|  0%| F|  |TAMS 0x0000000662200000, 0x0000000662200000| Untracked 
| 547|0x0000000662300000, 0x0000000662300000, 0x0000000662400000|  0%| F|  |TAMS 0x0000000662300000, 0x0000000662300000| Untracked 
| 548|0x0000000662400000, 0x0000000662400000, 0x0000000662500000|  0%| F|  |TAMS 0x0000000662400000, 0x0000000662400000| Untracked 
| 549|0x0000000662500000, 0x0000000662500000, 0x0000000662600000|  0%| F|  |TAMS 0x0000000662500000, 0x0000000662500000| Untracked 
| 550|0x0000000662600000, 0x0000000662600000, 0x0000000662700000|  0%| F|  |TAMS 0x0000000662600000, 0x0000000662600000| Untracked 
| 551|0x0000000662700000, 0x0000000662700000, 0x0000000662800000|  0%| F|  |TAMS 0x0000000662700000, 0x0000000662700000| Untracked 
| 552|0x0000000662800000, 0x0000000662800000, 0x0000000662900000|  0%| F|  |TAMS 0x0000000662800000, 0x0000000662800000| Untracked 
| 553|0x0000000662900000, 0x0000000662900000, 0x0000000662a00000|  0%| F|  |TAMS 0x0000000662900000, 0x0000000662900000| Untracked 
| 554|0x0000000662a00000, 0x0000000662a00000, 0x0000000662b00000|  0%| F|  |TAMS 0x0000000662a00000, 0x0000000662a00000| Untracked 
| 555|0x0000000662b00000, 0x0000000662b00000, 0x0000000662c00000|  0%| F|  |TAMS 0x0000000662b00000, 0x0000000662b00000| Untracked 
| 556|0x0000000662c00000, 0x0000000662c00000, 0x0000000662d00000|  0%| F|  |TAMS 0x0000000662c00000, 0x0000000662c00000| Untracked 
| 557|0x0000000662d00000, 0x0000000662d00000, 0x0000000662e00000|  0%| F|  |TAMS 0x0000000662d00000, 0x0000000662d00000| Untracked 
| 558|0x0000000662e00000, 0x0000000662e00000, 0x0000000662f00000|  0%| F|  |TAMS 0x0000000662e00000, 0x0000000662e00000| Untracked 
| 559|0x0000000662f00000, 0x0000000662f00000, 0x0000000663000000|  0%| F|  |TAMS 0x0000000662f00000, 0x0000000662f00000| Untracked 
| 560|0x0000000663000000, 0x0000000663000000, 0x0000000663100000|  0%| F|  |TAMS 0x0000000663000000, 0x0000000663000000| Untracked 
| 561|0x0000000663100000, 0x0000000663100000, 0x0000000663200000|  0%| F|  |TAMS 0x0000000663100000, 0x0000000663100000| Untracked 
| 562|0x0000000663200000, 0x0000000663200000, 0x0000000663300000|  0%| F|  |TAMS 0x0000000663200000, 0x0000000663200000| Untracked 
| 563|0x0000000663300000, 0x0000000663300000, 0x0000000663400000|  0%| F|  |TAMS 0x0000000663300000, 0x0000000663300000| Untracked 
| 564|0x0000000663400000, 0x0000000663400000, 0x0000000663500000|  0%| F|  |TAMS 0x0000000663400000, 0x0000000663400000| Untracked 
| 565|0x0000000663500000, 0x0000000663500000, 0x0000000663600000|  0%| F|  |TAMS 0x0000000663500000, 0x0000000663500000| Untracked 
| 566|0x0000000663600000, 0x0000000663600000, 0x0000000663700000|  0%| F|  |TAMS 0x0000000663600000, 0x0000000663600000| Untracked 
| 567|0x0000000663700000, 0x0000000663700000, 0x0000000663800000|  0%| F|  |TAMS 0x0000000663700000, 0x0000000663700000| Untracked 
| 568|0x0000000663800000, 0x0000000663800000, 0x0000000663900000|  0%| F|  |TAMS 0x0000000663800000, 0x0000000663800000| Untracked 
| 569|0x0000000663900000, 0x0000000663900000, 0x0000000663a00000|  0%| F|  |TAMS 0x0000000663900000, 0x0000000663900000| Untracked 
| 570|0x0000000663a00000, 0x0000000663a00000, 0x0000000663b00000|  0%| F|  |TAMS 0x0000000663a00000, 0x0000000663a00000| Untracked 
| 571|0x0000000663b00000, 0x0000000663b00000, 0x0000000663c00000|  0%| F|  |TAMS 0x0000000663b00000, 0x0000000663b00000| Untracked 
| 572|0x0000000663c00000, 0x0000000663c00000, 0x0000000663d00000|  0%| F|  |TAMS 0x0000000663c00000, 0x0000000663c00000| Untracked 
| 573|0x0000000663d00000, 0x0000000663d00000, 0x0000000663e00000|  0%| F|  |TAMS 0x0000000663d00000, 0x0000000663d00000| Untracked 
| 574|0x0000000663e00000, 0x0000000663e00000, 0x0000000663f00000|  0%| F|  |TAMS 0x0000000663e00000, 0x0000000663e00000| Untracked 
| 575|0x0000000663f00000, 0x0000000663f00000, 0x0000000664000000|  0%| F|  |TAMS 0x0000000663f00000, 0x0000000663f00000| Untracked 
| 576|0x0000000664000000, 0x0000000664000000, 0x0000000664100000|  0%| F|  |TAMS 0x0000000664000000, 0x0000000664000000| Untracked 
| 577|0x0000000664100000, 0x0000000664100000, 0x0000000664200000|  0%| F|  |TAMS 0x0000000664100000, 0x0000000664100000| Untracked 
| 578|0x0000000664200000, 0x0000000664200000, 0x0000000664300000|  0%| F|  |TAMS 0x0000000664200000, 0x0000000664200000| Untracked 
| 579|0x0000000664300000, 0x0000000664300000, 0x0000000664400000|  0%| F|  |TAMS 0x0000000664300000, 0x0000000664300000| Untracked 
| 580|0x0000000664400000, 0x0000000664400000, 0x0000000664500000|  0%| F|  |TAMS 0x0000000664400000, 0x0000000664400000| Untracked 
| 581|0x0000000664500000, 0x0000000664500000, 0x0000000664600000|  0%| F|  |TAMS 0x0000000664500000, 0x0000000664500000| Untracked 
| 582|0x0000000664600000, 0x0000000664600000, 0x0000000664700000|  0%| F|  |TAMS 0x0000000664600000, 0x0000000664600000| Untracked 
| 583|0x0000000664700000, 0x0000000664700000, 0x0000000664800000|  0%| F|  |TAMS 0x0000000664700000, 0x0000000664700000| Untracked 
| 584|0x0000000664800000, 0x0000000664800000, 0x0000000664900000|  0%| F|  |TAMS 0x0000000664800000, 0x0000000664800000| Untracked 
| 585|0x0000000664900000, 0x0000000664900000, 0x0000000664a00000|  0%| F|  |TAMS 0x0000000664900000, 0x0000000664900000| Untracked 
| 586|0x0000000664a00000, 0x0000000664a00000, 0x0000000664b00000|  0%| F|  |TAMS 0x0000000664a00000, 0x0000000664a00000| Untracked 
| 587|0x0000000664b00000, 0x0000000664b00000, 0x0000000664c00000|  0%| F|  |TAMS 0x0000000664b00000, 0x0000000664b00000| Untracked 
| 588|0x0000000664c00000, 0x0000000664c00000, 0x0000000664d00000|  0%| F|  |TAMS 0x0000000664c00000, 0x0000000664c00000| Untracked 
| 589|0x0000000664d00000, 0x0000000664d00000, 0x0000000664e00000|  0%| F|  |TAMS 0x0000000664d00000, 0x0000000664d00000| Untracked 
| 590|0x0000000664e00000, 0x0000000664e00000, 0x0000000664f00000|  0%| F|  |TAMS 0x0000000664e00000, 0x0000000664e00000| Untracked 
| 591|0x0000000664f00000, 0x0000000664f00000, 0x0000000665000000|  0%| F|  |TAMS 0x0000000664f00000, 0x0000000664f00000| Untracked 
| 592|0x0000000665000000, 0x0000000665000000, 0x0000000665100000|  0%| F|  |TAMS 0x0000000665000000, 0x0000000665000000| Untracked 
| 593|0x0000000665100000, 0x0000000665100000, 0x0000000665200000|  0%| F|  |TAMS 0x0000000665100000, 0x0000000665100000| Untracked 
| 594|0x0000000665200000, 0x0000000665200000, 0x0000000665300000|  0%| F|  |TAMS 0x0000000665200000, 0x0000000665200000| Untracked 
| 595|0x0000000665300000, 0x0000000665300000, 0x0000000665400000|  0%| F|  |TAMS 0x0000000665300000, 0x0000000665300000| Untracked 
| 596|0x0000000665400000, 0x0000000665400000, 0x0000000665500000|  0%| F|  |TAMS 0x0000000665400000, 0x0000000665400000| Untracked 
| 597|0x0000000665500000, 0x0000000665500000, 0x0000000665600000|  0%| F|  |TAMS 0x0000000665500000, 0x0000000665500000| Untracked 
| 598|0x0000000665600000, 0x0000000665600000, 0x0000000665700000|  0%| F|  |TAMS 0x0000000665600000, 0x0000000665600000| Untracked 
| 599|0x0000000665700000, 0x0000000665700000, 0x0000000665800000|  0%| F|  |TAMS 0x0000000665700000, 0x0000000665700000| Untracked 
| 600|0x0000000665800000, 0x0000000665800000, 0x0000000665900000|  0%| F|  |TAMS 0x0000000665800000, 0x0000000665800000| Untracked 
| 601|0x0000000665900000, 0x0000000665900000, 0x0000000665a00000|  0%| F|  |TAMS 0x0000000665900000, 0x0000000665900000| Untracked 
| 602|0x0000000665a00000, 0x0000000665a00000, 0x0000000665b00000|  0%| F|  |TAMS 0x0000000665a00000, 0x0000000665a00000| Untracked 
| 603|0x0000000665b00000, 0x0000000665b00000, 0x0000000665c00000|  0%| F|  |TAMS 0x0000000665b00000, 0x0000000665b00000| Untracked 
| 604|0x0000000665c00000, 0x0000000665c00000, 0x0000000665d00000|  0%| F|  |TAMS 0x0000000665c00000, 0x0000000665c00000| Untracked 
| 605|0x0000000665d00000, 0x0000000665d00000, 0x0000000665e00000|  0%| F|  |TAMS 0x0000000665d00000, 0x0000000665d00000| Untracked 
| 606|0x0000000665e00000, 0x0000000665e00000, 0x0000000665f00000|  0%| F|  |TAMS 0x0000000665e00000, 0x0000000665e00000| Untracked 
| 607|0x0000000665f00000, 0x0000000665f00000, 0x0000000666000000|  0%| F|  |TAMS 0x0000000665f00000, 0x0000000665f00000| Untracked 
| 608|0x0000000666000000, 0x0000000666000000, 0x0000000666100000|  0%| F|  |TAMS 0x0000000666000000, 0x0000000666000000| Untracked 
| 609|0x0000000666100000, 0x0000000666100000, 0x0000000666200000|  0%| F|  |TAMS 0x0000000666100000, 0x0000000666100000| Untracked 
| 610|0x0000000666200000, 0x0000000666200000, 0x0000000666300000|  0%| F|  |TAMS 0x0000000666200000, 0x0000000666200000| Untracked 
| 611|0x0000000666300000, 0x0000000666300000, 0x0000000666400000|  0%| F|  |TAMS 0x0000000666300000, 0x0000000666300000| Untracked 
| 612|0x0000000666400000, 0x0000000666400000, 0x0000000666500000|  0%| F|  |TAMS 0x0000000666400000, 0x0000000666400000| Untracked 
| 613|0x0000000666500000, 0x0000000666500000, 0x0000000666600000|  0%| F|  |TAMS 0x0000000666500000, 0x0000000666500000| Untracked 
| 614|0x0000000666600000, 0x0000000666600000, 0x0000000666700000|  0%| F|  |TAMS 0x0000000666600000, 0x0000000666600000| Untracked 
| 615|0x0000000666700000, 0x0000000666700000, 0x0000000666800000|  0%| F|  |TAMS 0x0000000666700000, 0x0000000666700000| Untracked 
| 616|0x0000000666800000, 0x0000000666800000, 0x0000000666900000|  0%| F|  |TAMS 0x0000000666800000, 0x0000000666800000| Untracked 
| 617|0x0000000666900000, 0x0000000666900000, 0x0000000666a00000|  0%| F|  |TAMS 0x0000000666900000, 0x0000000666900000| Untracked 
| 618|0x0000000666a00000, 0x0000000666a00000, 0x0000000666b00000|  0%| F|  |TAMS 0x0000000666a00000, 0x0000000666a00000| Untracked 
| 619|0x0000000666b00000, 0x0000000666b00000, 0x0000000666c00000|  0%| F|  |TAMS 0x0000000666b00000, 0x0000000666b00000| Untracked 
| 620|0x0000000666c00000, 0x0000000666c00000, 0x0000000666d00000|  0%| F|  |TAMS 0x0000000666c00000, 0x0000000666c00000| Untracked 
| 621|0x0000000666d00000, 0x0000000666d00000, 0x0000000666e00000|  0%| F|  |TAMS 0x0000000666d00000, 0x0000000666d00000| Untracked 
| 622|0x0000000666e00000, 0x0000000666e00000, 0x0000000666f00000|  0%| F|  |TAMS 0x0000000666e00000, 0x0000000666e00000| Untracked 
| 623|0x0000000666f00000, 0x0000000666f00000, 0x0000000667000000|  0%| F|  |TAMS 0x0000000666f00000, 0x0000000666f00000| Untracked 
| 624|0x0000000667000000, 0x0000000667000000, 0x0000000667100000|  0%| F|  |TAMS 0x0000000667000000, 0x0000000667000000| Untracked 
| 625|0x0000000667100000, 0x0000000667100000, 0x0000000667200000|  0%| F|  |TAMS 0x0000000667100000, 0x0000000667100000| Untracked 
| 626|0x0000000667200000, 0x0000000667200000, 0x0000000667300000|  0%| F|  |TAMS 0x0000000667200000, 0x0000000667200000| Untracked 
| 627|0x0000000667300000, 0x0000000667300000, 0x0000000667400000|  0%| F|  |TAMS 0x0000000667300000, 0x0000000667300000| Untracked 
| 628|0x0000000667400000, 0x0000000667400000, 0x0000000667500000|  0%| F|  |TAMS 0x0000000667400000, 0x0000000667400000| Untracked 
| 629|0x0000000667500000, 0x0000000667500000, 0x0000000667600000|  0%| F|  |TAMS 0x0000000667500000, 0x0000000667500000| Untracked 
| 630|0x0000000667600000, 0x0000000667600000, 0x0000000667700000|  0%| F|  |TAMS 0x0000000667600000, 0x0000000667600000| Untracked 
| 631|0x0000000667700000, 0x0000000667700000, 0x0000000667800000|  0%| F|  |TAMS 0x0000000667700000, 0x0000000667700000| Untracked 
| 632|0x0000000667800000, 0x0000000667800000, 0x0000000667900000|  0%| F|  |TAMS 0x0000000667800000, 0x0000000667800000| Untracked 
| 633|0x0000000667900000, 0x0000000667900000, 0x0000000667a00000|  0%| F|  |TAMS 0x0000000667900000, 0x0000000667900000| Untracked 
| 634|0x0000000667a00000, 0x0000000667a00000, 0x0000000667b00000|  0%| F|  |TAMS 0x0000000667a00000, 0x0000000667a00000| Untracked 
| 635|0x0000000667b00000, 0x0000000667b00000, 0x0000000667c00000|  0%| F|  |TAMS 0x0000000667b00000, 0x0000000667b00000| Untracked 
| 636|0x0000000667c00000, 0x0000000667c00000, 0x0000000667d00000|  0%| F|  |TAMS 0x0000000667c00000, 0x0000000667c00000| Untracked 
| 637|0x0000000667d00000, 0x0000000667d00000, 0x0000000667e00000|  0%| F|  |TAMS 0x0000000667d00000, 0x0000000667d00000| Untracked 
| 638|0x0000000667e00000, 0x0000000667e00000, 0x0000000667f00000|  0%| F|  |TAMS 0x0000000667e00000, 0x0000000667e00000| Untracked 
| 639|0x0000000667f00000, 0x0000000667f00000, 0x0000000668000000|  0%| F|  |TAMS 0x0000000667f00000, 0x0000000667f00000| Untracked 
| 640|0x0000000668000000, 0x0000000668000000, 0x0000000668100000|  0%| F|  |TAMS 0x0000000668000000, 0x0000000668000000| Untracked 
| 641|0x0000000668100000, 0x0000000668100000, 0x0000000668200000|  0%| F|  |TAMS 0x0000000668100000, 0x0000000668100000| Untracked 
| 642|0x0000000668200000, 0x0000000668200000, 0x0000000668300000|  0%| F|  |TAMS 0x0000000668200000, 0x0000000668200000| Untracked 
| 643|0x0000000668300000, 0x0000000668300000, 0x0000000668400000|  0%| F|  |TAMS 0x0000000668300000, 0x0000000668300000| Untracked 
| 644|0x0000000668400000, 0x0000000668400000, 0x0000000668500000|  0%| F|  |TAMS 0x0000000668400000, 0x0000000668400000| Untracked 
| 645|0x0000000668500000, 0x0000000668500000, 0x0000000668600000|  0%| F|  |TAMS 0x0000000668500000, 0x0000000668500000| Untracked 
| 646|0x0000000668600000, 0x0000000668600000, 0x0000000668700000|  0%| F|  |TAMS 0x0000000668600000, 0x0000000668600000| Untracked 
| 647|0x0000000668700000, 0x0000000668700000, 0x0000000668800000|  0%| F|  |TAMS 0x0000000668700000, 0x0000000668700000| Untracked 
| 648|0x0000000668800000, 0x0000000668800000, 0x0000000668900000|  0%| F|  |TAMS 0x0000000668800000, 0x0000000668800000| Untracked 
| 649|0x0000000668900000, 0x0000000668900000, 0x0000000668a00000|  0%| F|  |TAMS 0x0000000668900000, 0x0000000668900000| Untracked 
| 650|0x0000000668a00000, 0x0000000668a00000, 0x0000000668b00000|  0%| F|  |TAMS 0x0000000668a00000, 0x0000000668a00000| Untracked 
| 651|0x0000000668b00000, 0x0000000668b00000, 0x0000000668c00000|  0%| F|  |TAMS 0x0000000668b00000, 0x0000000668b00000| Untracked 
| 652|0x0000000668c00000, 0x0000000668c00000, 0x0000000668d00000|  0%| F|  |TAMS 0x0000000668c00000, 0x0000000668c00000| Untracked 
| 653|0x0000000668d00000, 0x0000000668d00000, 0x0000000668e00000|  0%| F|  |TAMS 0x0000000668d00000, 0x0000000668d00000| Untracked 
| 654|0x0000000668e00000, 0x0000000668e00000, 0x0000000668f00000|  0%| F|  |TAMS 0x0000000668e00000, 0x0000000668e00000| Untracked 
| 655|0x0000000668f00000, 0x0000000668f00000, 0x0000000669000000|  0%| F|  |TAMS 0x0000000668f00000, 0x0000000668f00000| Untracked 
| 656|0x0000000669000000, 0x0000000669000000, 0x0000000669100000|  0%| F|  |TAMS 0x0000000669000000, 0x0000000669000000| Untracked 
| 657|0x0000000669100000, 0x0000000669100000, 0x0000000669200000|  0%| F|  |TAMS 0x0000000669100000, 0x0000000669100000| Untracked 
| 658|0x0000000669200000, 0x0000000669200000, 0x0000000669300000|  0%| F|  |TAMS 0x0000000669200000, 0x0000000669200000| Untracked 
| 659|0x0000000669300000, 0x0000000669300000, 0x0000000669400000|  0%| F|  |TAMS 0x0000000669300000, 0x0000000669300000| Untracked 
| 660|0x0000000669400000, 0x0000000669400000, 0x0000000669500000|  0%| F|  |TAMS 0x0000000669400000, 0x0000000669400000| Untracked 
| 661|0x0000000669500000, 0x0000000669500000, 0x0000000669600000|  0%| F|  |TAMS 0x0000000669500000, 0x0000000669500000| Untracked 
| 662|0x0000000669600000, 0x0000000669600000, 0x0000000669700000|  0%| F|  |TAMS 0x0000000669600000, 0x0000000669600000| Untracked 
| 663|0x0000000669700000, 0x0000000669700000, 0x0000000669800000|  0%| F|  |TAMS 0x0000000669700000, 0x0000000669700000| Untracked 
| 664|0x0000000669800000, 0x0000000669800000, 0x0000000669900000|  0%| F|  |TAMS 0x0000000669800000, 0x0000000669800000| Untracked 
| 665|0x0000000669900000, 0x0000000669900000, 0x0000000669a00000|  0%| F|  |TAMS 0x0000000669900000, 0x0000000669900000| Untracked 
| 666|0x0000000669a00000, 0x0000000669a00000, 0x0000000669b00000|  0%| F|  |TAMS 0x0000000669a00000, 0x0000000669a00000| Untracked 
| 667|0x0000000669b00000, 0x0000000669b00000, 0x0000000669c00000|  0%| F|  |TAMS 0x0000000669b00000, 0x0000000669b00000| Untracked 
| 668|0x0000000669c00000, 0x0000000669c00000, 0x0000000669d00000|  0%| F|  |TAMS 0x0000000669c00000, 0x0000000669c00000| Untracked 
| 669|0x0000000669d00000, 0x0000000669d00000, 0x0000000669e00000|  0%| F|  |TAMS 0x0000000669d00000, 0x0000000669d00000| Untracked 
| 670|0x0000000669e00000, 0x0000000669e00000, 0x0000000669f00000|  0%| F|  |TAMS 0x0000000669e00000, 0x0000000669e00000| Untracked 
| 671|0x0000000669f00000, 0x0000000669f00000, 0x000000066a000000|  0%| F|  |TAMS 0x0000000669f00000, 0x0000000669f00000| Untracked 
| 672|0x000000066a000000, 0x000000066a000000, 0x000000066a100000|  0%| F|  |TAMS 0x000000066a000000, 0x000000066a000000| Untracked 
| 673|0x000000066a100000, 0x000000066a100000, 0x000000066a200000|  0%| F|  |TAMS 0x000000066a100000, 0x000000066a100000| Untracked 
| 674|0x000000066a200000, 0x000000066a200000, 0x000000066a300000|  0%| F|  |TAMS 0x000000066a200000, 0x000000066a200000| Untracked 
| 675|0x000000066a300000, 0x000000066a300000, 0x000000066a400000|  0%| F|  |TAMS 0x000000066a300000, 0x000000066a300000| Untracked 
| 676|0x000000066a400000, 0x000000066a400000, 0x000000066a500000|  0%| F|  |TAMS 0x000000066a400000, 0x000000066a400000| Untracked 
| 677|0x000000066a500000, 0x000000066a500000, 0x000000066a600000|  0%| F|  |TAMS 0x000000066a500000, 0x000000066a500000| Untracked 
| 678|0x000000066a600000, 0x000000066a600000, 0x000000066a700000|  0%| F|  |TAMS 0x000000066a600000, 0x000000066a600000| Untracked 
| 679|0x000000066a700000, 0x000000066a700000, 0x000000066a800000|  0%| F|  |TAMS 0x000000066a700000, 0x000000066a700000| Untracked 
| 680|0x000000066a800000, 0x000000066a800000, 0x000000066a900000|  0%| F|  |TAMS 0x000000066a800000, 0x000000066a800000| Untracked 
| 681|0x000000066a900000, 0x000000066a900000, 0x000000066aa00000|  0%| F|  |TAMS 0x000000066a900000, 0x000000066a900000| Untracked 
| 682|0x000000066aa00000, 0x000000066aa00000, 0x000000066ab00000|  0%| F|  |TAMS 0x000000066aa00000, 0x000000066aa00000| Untracked 
| 683|0x000000066ab00000, 0x000000066ab00000, 0x000000066ac00000|  0%| F|  |TAMS 0x000000066ab00000, 0x000000066ab00000| Untracked 
| 684|0x000000066ac00000, 0x000000066ac00000, 0x000000066ad00000|  0%| F|  |TAMS 0x000000066ac00000, 0x000000066ac00000| Untracked 
| 685|0x000000066ad00000, 0x000000066ad00000, 0x000000066ae00000|  0%| F|  |TAMS 0x000000066ad00000, 0x000000066ad00000| Untracked 
| 686|0x000000066ae00000, 0x000000066ae00000, 0x000000066af00000|  0%| F|  |TAMS 0x000000066ae00000, 0x000000066ae00000| Untracked 
| 687|0x000000066af00000, 0x000000066af00000, 0x000000066b000000|  0%| F|  |TAMS 0x000000066af00000, 0x000000066af00000| Untracked 
| 688|0x000000066b000000, 0x000000066b000000, 0x000000066b100000|  0%| F|  |TAMS 0x000000066b000000, 0x000000066b000000| Untracked 
| 689|0x000000066b100000, 0x000000066b100000, 0x000000066b200000|  0%| F|  |TAMS 0x000000066b100000, 0x000000066b100000| Untracked 
| 690|0x000000066b200000, 0x000000066b200000, 0x000000066b300000|  0%| F|  |TAMS 0x000000066b200000, 0x000000066b200000| Untracked 
| 691|0x000000066b300000, 0x000000066b300000, 0x000000066b400000|  0%| F|  |TAMS 0x000000066b300000, 0x000000066b300000| Untracked 
| 692|0x000000066b400000, 0x000000066b400000, 0x000000066b500000|  0%| F|  |TAMS 0x000000066b400000, 0x000000066b400000| Untracked 
| 693|0x000000066b500000, 0x000000066b500000, 0x000000066b600000|  0%| F|  |TAMS 0x000000066b500000, 0x000000066b500000| Untracked 
| 694|0x000000066b600000, 0x000000066b600000, 0x000000066b700000|  0%| F|  |TAMS 0x000000066b600000, 0x000000066b600000| Untracked 
| 695|0x000000066b700000, 0x000000066b700000, 0x000000066b800000|  0%| F|  |TAMS 0x000000066b700000, 0x000000066b700000| Untracked 
| 696|0x000000066b800000, 0x000000066b800000, 0x000000066b900000|  0%| F|  |TAMS 0x000000066b800000, 0x000000066b800000| Untracked 
| 697|0x000000066b900000, 0x000000066b900000, 0x000000066ba00000|  0%| F|  |TAMS 0x000000066b900000, 0x000000066b900000| Untracked 
| 698|0x000000066ba00000, 0x000000066ba00000, 0x000000066bb00000|  0%| F|  |TAMS 0x000000066ba00000, 0x000000066ba00000| Untracked 
| 699|0x000000066bb00000, 0x000000066bb00000, 0x000000066bc00000|  0%| F|  |TAMS 0x000000066bb00000, 0x000000066bb00000| Untracked 
| 700|0x000000066bc00000, 0x000000066bc00000, 0x000000066bd00000|  0%| F|  |TAMS 0x000000066bc00000, 0x000000066bc00000| Untracked 
| 701|0x000000066bd00000, 0x000000066bd00000, 0x000000066be00000|  0%| F|  |TAMS 0x000000066bd00000, 0x000000066bd00000| Untracked 
| 702|0x000000066be00000, 0x000000066be00000, 0x000000066bf00000|  0%| F|  |TAMS 0x000000066be00000, 0x000000066be00000| Untracked 
| 703|0x000000066bf00000, 0x000000066bf00000, 0x000000066c000000|  0%| F|  |TAMS 0x000000066bf00000, 0x000000066bf00000| Untracked 
| 704|0x000000066c000000, 0x000000066c000000, 0x000000066c100000|  0%| F|  |TAMS 0x000000066c000000, 0x000000066c000000| Untracked 
| 705|0x000000066c100000, 0x000000066c100000, 0x000000066c200000|  0%| F|  |TAMS 0x000000066c100000, 0x000000066c100000| Untracked 
| 706|0x000000066c200000, 0x000000066c200000, 0x000000066c300000|  0%| F|  |TAMS 0x000000066c200000, 0x000000066c200000| Untracked 
| 707|0x000000066c300000, 0x000000066c300000, 0x000000066c400000|  0%| F|  |TAMS 0x000000066c300000, 0x000000066c300000| Untracked 
| 708|0x000000066c400000, 0x000000066c400000, 0x000000066c500000|  0%| F|  |TAMS 0x000000066c400000, 0x000000066c400000| Untracked 
| 709|0x000000066c500000, 0x000000066c500000, 0x000000066c600000|  0%| F|  |TAMS 0x000000066c500000, 0x000000066c500000| Untracked 
| 710|0x000000066c600000, 0x000000066c600000, 0x000000066c700000|  0%| F|  |TAMS 0x000000066c600000, 0x000000066c600000| Untracked 
| 711|0x000000066c700000, 0x000000066c700000, 0x000000066c800000|  0%| F|  |TAMS 0x000000066c700000, 0x000000066c700000| Untracked 
| 712|0x000000066c800000, 0x000000066c800000, 0x000000066c900000|  0%| F|  |TAMS 0x000000066c800000, 0x000000066c800000| Untracked 
| 713|0x000000066c900000, 0x000000066c900000, 0x000000066ca00000|  0%| F|  |TAMS 0x000000066c900000, 0x000000066c900000| Untracked 
| 714|0x000000066ca00000, 0x000000066ca00000, 0x000000066cb00000|  0%| F|  |TAMS 0x000000066ca00000, 0x000000066ca00000| Untracked 
| 715|0x000000066cb00000, 0x000000066cb00000, 0x000000066cc00000|  0%| F|  |TAMS 0x000000066cb00000, 0x000000066cb00000| Untracked 
| 716|0x000000066cc00000, 0x000000066cc00000, 0x000000066cd00000|  0%| F|  |TAMS 0x000000066cc00000, 0x000000066cc00000| Untracked 
| 717|0x000000066cd00000, 0x000000066cd00000, 0x000000066ce00000|  0%| F|  |TAMS 0x000000066cd00000, 0x000000066cd00000| Untracked 
| 718|0x000000066ce00000, 0x000000066ce00000, 0x000000066cf00000|  0%| F|  |TAMS 0x000000066ce00000, 0x000000066ce00000| Untracked 
| 719|0x000000066cf00000, 0x000000066cf00000, 0x000000066d000000|  0%| F|  |TAMS 0x000000066cf00000, 0x000000066cf00000| Untracked 
| 720|0x000000066d000000, 0x000000066d000000, 0x000000066d100000|  0%| F|  |TAMS 0x000000066d000000, 0x000000066d000000| Untracked 
| 721|0x000000066d100000, 0x000000066d100000, 0x000000066d200000|  0%| F|  |TAMS 0x000000066d100000, 0x000000066d100000| Untracked 
| 722|0x000000066d200000, 0x000000066d200000, 0x000000066d300000|  0%| F|  |TAMS 0x000000066d200000, 0x000000066d200000| Untracked 
| 723|0x000000066d300000, 0x000000066d300000, 0x000000066d400000|  0%| F|  |TAMS 0x000000066d300000, 0x000000066d300000| Untracked 
| 724|0x000000066d400000, 0x000000066d400000, 0x000000066d500000|  0%| F|  |TAMS 0x000000066d400000, 0x000000066d400000| Untracked 
| 725|0x000000066d500000, 0x000000066d500000, 0x000000066d600000|  0%| F|  |TAMS 0x000000066d500000, 0x000000066d500000| Untracked 
| 726|0x000000066d600000, 0x000000066d600000, 0x000000066d700000|  0%| F|  |TAMS 0x000000066d600000, 0x000000066d600000| Untracked 
| 727|0x000000066d700000, 0x000000066d700000, 0x000000066d800000|  0%| F|  |TAMS 0x000000066d700000, 0x000000066d700000| Untracked 
| 728|0x000000066d800000, 0x000000066d800000, 0x000000066d900000|  0%| F|  |TAMS 0x000000066d800000, 0x000000066d800000| Untracked 
| 729|0x000000066d900000, 0x000000066d900000, 0x000000066da00000|  0%| F|  |TAMS 0x000000066d900000, 0x000000066d900000| Untracked 
| 730|0x000000066da00000, 0x000000066da00000, 0x000000066db00000|  0%| F|  |TAMS 0x000000066da00000, 0x000000066da00000| Untracked 
| 731|0x000000066db00000, 0x000000066db00000, 0x000000066dc00000|  0%| F|  |TAMS 0x000000066db00000, 0x000000066db00000| Untracked 
| 732|0x000000066dc00000, 0x000000066dc00000, 0x000000066dd00000|  0%| F|  |TAMS 0x000000066dc00000, 0x000000066dc00000| Untracked 
| 733|0x000000066dd00000, 0x000000066dd00000, 0x000000066de00000|  0%| F|  |TAMS 0x000000066dd00000, 0x000000066dd00000| Untracked 
| 734|0x000000066de00000, 0x000000066de00000, 0x000000066df00000|  0%| F|  |TAMS 0x000000066de00000, 0x000000066de00000| Untracked 
| 735|0x000000066df00000, 0x000000066df00000, 0x000000066e000000|  0%| F|  |TAMS 0x000000066df00000, 0x000000066df00000| Untracked 
| 736|0x000000066e000000, 0x000000066e000000, 0x000000066e100000|  0%| F|  |TAMS 0x000000066e000000, 0x000000066e000000| Untracked 
| 737|0x000000066e100000, 0x000000066e100000, 0x000000066e200000|  0%| F|  |TAMS 0x000000066e100000, 0x000000066e100000| Untracked 
| 738|0x000000066e200000, 0x000000066e200000, 0x000000066e300000|  0%| F|  |TAMS 0x000000066e200000, 0x000000066e200000| Untracked 
| 739|0x000000066e300000, 0x000000066e300000, 0x000000066e400000|  0%| F|  |TAMS 0x000000066e300000, 0x000000066e300000| Untracked 
| 740|0x000000066e400000, 0x000000066e400000, 0x000000066e500000|  0%| F|  |TAMS 0x000000066e400000, 0x000000066e400000| Untracked 
| 741|0x000000066e500000, 0x000000066e500000, 0x000000066e600000|  0%| F|  |TAMS 0x000000066e500000, 0x000000066e500000| Untracked 
| 742|0x000000066e600000, 0x000000066e600000, 0x000000066e700000|  0%| F|  |TAMS 0x000000066e600000, 0x000000066e600000| Untracked 
| 743|0x000000066e700000, 0x000000066e700000, 0x000000066e800000|  0%| F|  |TAMS 0x000000066e700000, 0x000000066e700000| Untracked 
| 744|0x000000066e800000, 0x000000066e800000, 0x000000066e900000|  0%| F|  |TAMS 0x000000066e800000, 0x000000066e800000| Untracked 
| 745|0x000000066e900000, 0x000000066e900000, 0x000000066ea00000|  0%| F|  |TAMS 0x000000066e900000, 0x000000066e900000| Untracked 
| 746|0x000000066ea00000, 0x000000066ea00000, 0x000000066eb00000|  0%| F|  |TAMS 0x000000066ea00000, 0x000000066ea00000| Untracked 
| 747|0x000000066eb00000, 0x000000066eb00000, 0x000000066ec00000|  0%| F|  |TAMS 0x000000066eb00000, 0x000000066eb00000| Untracked 
| 748|0x000000066ec00000, 0x000000066ec00000, 0x000000066ed00000|  0%| F|  |TAMS 0x000000066ec00000, 0x000000066ec00000| Untracked 
| 749|0x000000066ed00000, 0x000000066ed00000, 0x000000066ee00000|  0%| F|  |TAMS 0x000000066ed00000, 0x000000066ed00000| Untracked 
| 750|0x000000066ee00000, 0x000000066ee00000, 0x000000066ef00000|  0%| F|  |TAMS 0x000000066ee00000, 0x000000066ee00000| Untracked 
| 751|0x000000066ef00000, 0x000000066ef00000, 0x000000066f000000|  0%| F|  |TAMS 0x000000066ef00000, 0x000000066ef00000| Untracked 
| 752|0x000000066f000000, 0x000000066f000000, 0x000000066f100000|  0%| F|  |TAMS 0x000000066f000000, 0x000000066f000000| Untracked 
| 753|0x000000066f100000, 0x000000066f100000, 0x000000066f200000|  0%| F|  |TAMS 0x000000066f100000, 0x000000066f100000| Untracked 
| 754|0x000000066f200000, 0x000000066f200000, 0x000000066f300000|  0%| F|  |TAMS 0x000000066f200000, 0x000000066f200000| Untracked 
| 755|0x000000066f300000, 0x000000066f300000, 0x000000066f400000|  0%| F|  |TAMS 0x000000066f300000, 0x000000066f300000| Untracked 
| 756|0x000000066f400000, 0x000000066f400000, 0x000000066f500000|  0%| F|  |TAMS 0x000000066f400000, 0x000000066f400000| Untracked 
| 757|0x000000066f500000, 0x000000066f500000, 0x000000066f600000|  0%| F|  |TAMS 0x000000066f500000, 0x000000066f500000| Untracked 
| 758|0x000000066f600000, 0x000000066f600000, 0x000000066f700000|  0%| F|  |TAMS 0x000000066f600000, 0x000000066f600000| Untracked 
| 759|0x000000066f700000, 0x000000066f700000, 0x000000066f800000|  0%| F|  |TAMS 0x000000066f700000, 0x000000066f700000| Untracked 
| 760|0x000000066f800000, 0x000000066f800000, 0x000000066f900000|  0%| F|  |TAMS 0x000000066f800000, 0x000000066f800000| Untracked 
| 761|0x000000066f900000, 0x000000066f900000, 0x000000066fa00000|  0%| F|  |TAMS 0x000000066f900000, 0x000000066f900000| Untracked 
| 762|0x000000066fa00000, 0x000000066fa00000, 0x000000066fb00000|  0%| F|  |TAMS 0x000000066fa00000, 0x000000066fa00000| Untracked 
| 763|0x000000066fb00000, 0x000000066fb00000, 0x000000066fc00000|  0%| F|  |TAMS 0x000000066fb00000, 0x000000066fb00000| Untracked 
| 764|0x000000066fc00000, 0x000000066fc00000, 0x000000066fd00000|  0%| F|  |TAMS 0x000000066fc00000, 0x000000066fc00000| Untracked 
| 765|0x000000066fd00000, 0x000000066fd00000, 0x000000066fe00000|  0%| F|  |TAMS 0x000000066fd00000, 0x000000066fd00000| Untracked 
| 766|0x000000066fe00000, 0x000000066fe00000, 0x000000066ff00000|  0%| F|  |TAMS 0x000000066fe00000, 0x000000066fe00000| Untracked 
| 767|0x000000066ff00000, 0x000000066ff00000, 0x0000000670000000|  0%| F|  |TAMS 0x000000066ff00000, 0x000000066ff00000| Untracked 
| 768|0x0000000670000000, 0x0000000670000000, 0x0000000670100000|  0%| F|  |TAMS 0x0000000670000000, 0x0000000670000000| Untracked 
| 769|0x0000000670100000, 0x0000000670100000, 0x0000000670200000|  0%| F|  |TAMS 0x0000000670100000, 0x0000000670100000| Untracked 
| 770|0x0000000670200000, 0x0000000670200000, 0x0000000670300000|  0%| F|  |TAMS 0x0000000670200000, 0x0000000670200000| Untracked 
| 771|0x0000000670300000, 0x0000000670300000, 0x0000000670400000|  0%| F|  |TAMS 0x0000000670300000, 0x0000000670300000| Untracked 
| 772|0x0000000670400000, 0x0000000670400000, 0x0000000670500000|  0%| F|  |TAMS 0x0000000670400000, 0x0000000670400000| Untracked 
| 773|0x0000000670500000, 0x0000000670500000, 0x0000000670600000|  0%| F|  |TAMS 0x0000000670500000, 0x0000000670500000| Untracked 
| 774|0x0000000670600000, 0x00000006706fad08, 0x0000000670700000| 97%| E|  |TAMS 0x0000000670600000, 0x0000000670600000| Complete 
| 775|0x0000000670700000, 0x0000000670800000, 0x0000000670800000|100%| E|CS|TAMS 0x0000000670700000, 0x0000000670700000| Complete 
| 776|0x0000000670800000, 0x0000000670900000, 0x0000000670900000|100%| E|CS|TAMS 0x0000000670800000, 0x0000000670800000| Complete 
| 777|0x0000000670900000, 0x0000000670a00000, 0x0000000670a00000|100%| E|CS|TAMS 0x0000000670900000, 0x0000000670900000| Complete 
| 778|0x0000000670a00000, 0x0000000670b00000, 0x0000000670b00000|100%| E|CS|TAMS 0x0000000670a00000, 0x0000000670a00000| Complete 
| 779|0x0000000670b00000, 0x0000000670c00000, 0x0000000670c00000|100%| E|CS|TAMS 0x0000000670b00000, 0x0000000670b00000| Complete 
| 780|0x0000000670c00000, 0x0000000670d00000, 0x0000000670d00000|100%| E|CS|TAMS 0x0000000670c00000, 0x0000000670c00000| Complete 
| 781|0x0000000670d00000, 0x0000000670e00000, 0x0000000670e00000|100%| E|CS|TAMS 0x0000000670d00000, 0x0000000670d00000| Complete 
| 782|0x0000000670e00000, 0x0000000670f00000, 0x0000000670f00000|100%| E|CS|TAMS 0x0000000670e00000, 0x0000000670e00000| Complete 
| 783|0x0000000670f00000, 0x0000000671000000, 0x0000000671000000|100%| E|CS|TAMS 0x0000000670f00000, 0x0000000670f00000| Complete 
| 784|0x0000000671000000, 0x0000000671100000, 0x0000000671100000|100%| E|CS|TAMS 0x0000000671000000, 0x0000000671000000| Complete 
| 785|0x0000000671100000, 0x0000000671200000, 0x0000000671200000|100%| E|CS|TAMS 0x0000000671100000, 0x0000000671100000| Complete 
| 786|0x0000000671200000, 0x0000000671300000, 0x0000000671300000|100%| E|CS|TAMS 0x0000000671200000, 0x0000000671200000| Complete 
| 787|0x0000000671300000, 0x0000000671400000, 0x0000000671400000|100%| E|CS|TAMS 0x0000000671300000, 0x0000000671300000| Complete 
| 788|0x0000000671400000, 0x0000000671500000, 0x0000000671500000|100%| E|CS|TAMS 0x0000000671400000, 0x0000000671400000| Complete 

Card table byte_map: [0x000000011b658000,0x000000011c258000] _byte_map_base: 0x0000000118458000

Marking Bits (Prev, Next): (CMBitMap*) 0x000000015483c050, (CMBitMap*) 0x000000015483c018
 Prev Bits: [0x0000000122e58000, 0x0000000128e58000)
 Next Bits: [0x000000011ce58000, 0x0000000122e58000)

Polling page: 0x000000010229c000

Metaspace:

Usage:
  Non-class:     76.51 MB capacity,    75.28 MB ( 98%) used,  1012.90 KB (  1%) free+waste,   242.44 KB ( <1%) overhead. 
      Class:     12.14 MB capacity,    11.39 MB ( 94%) used,   653.90 KB (  5%) free+waste,   118.12 KB ( <1%) overhead. 
       Both:     88.65 MB capacity,    86.67 MB ( 98%) used,     1.63 MB (  2%) free+waste,   360.56 KB ( <1%) overhead. 

Virtual space:
  Non-class space:       78.00 MB reserved,      76.52 MB ( 98%) committed 
      Class space:        1.00 GB reserved,      12.25 MB (  1%) committed 
             Both:        1.08 GB reserved,      88.77 MB (  8%) committed 

Chunk freelists:
   Non-Class:  10.00 KB
       Class:  16.00 KB
        Both:  26.00 KB

MaxMetaspaceSize: unlimited
CompressedClassSpaceSize: 1.00 GB
Initial GC threshold: 20.80 MB
Current GC threshold: 98.58 MB
CDS: off

CodeHeap 'non-profiled nmethods': size=238384Kb used=18215Kb max_used=18215Kb free=220168Kb
 bounds [0x000000010cd8c000, 0x000000010df5c000, 0x000000011b658000]
CodeHeap 'non-nmethods': size=7376Kb used=1368Kb max_used=1368Kb free=6007Kb
 bounds [0x000000010c658000, 0x000000010c8c8000, 0x000000010cd8c000]
 total_blobs=9959 nmethods=9288 adapters=609
 compilation: enabled
              stopped_count=0, restarted_count=0
 full_count=0

Compilation events (20 events):
Event: 10.088 Thread 0x00000001440a6800 10190       1       java.util.LinkedList::get (14 bytes)
Event: 10.088 Thread 0x00000001440a6800 nmethod 10190 0x000000010df52690 code [0x000000010df52880, 0x000000010df52b20]
Event: 10.088 Thread 0x00000001440a6800 10191       1       java.util.LinkedList::checkElementIndex (22 bytes)
Event: 10.088 Thread 0x00000001440a6800 nmethod 10191 0x000000010df52c90 code [0x000000010df52ec0, 0x000000010df532a0]
Event: 10.088 Thread 0x00000001440a6800 10192       1       java.util.LinkedList::isElementIndex (18 bytes)
Event: 10.088 Thread 0x00000001440a6800 nmethod 10192 0x000000010df53510 code [0x000000010df536c0, 0x000000010df53810]
Event: 10.088 Thread 0x00000001440a6800 10193       1       org.springframework.asm.MethodWriter::visitIntInsn (113 bytes)
Event: 10.088 Thread 0x00000001440a6800 nmethod 10193 0x000000010df53890 code [0x000000010df53a80, 0x000000010df53d60]
Event: 10.088 Thread 0x00000001440a6800 10189       1       org.springframework.cglib.core.ReflectUtils$7::getClassInfo (28 bytes)
Event: 10.088 Thread 0x00000001440a6800 nmethod 10189 0x000000010df53f10 code [0x000000010df54100, 0x000000010df54580]
Event: 10.088 Thread 0x00000001440a6800 10187       1       org.springframework.cglib.core.EmitUtils$5::transform (12 bytes)
Event: 10.088 Thread 0x00000001440a6800 nmethod 10187 0x000000010df54710 code [0x000000010df548c0, 0x000000010df54ac0]
Event: 10.088 Thread 0x00000001440a6800 10183       1       org.springframework.cglib.proxy.Enhancer$6::getIndex (17 bytes)
Event: 10.088 Thread 0x00000001440a6800 nmethod 10183 0x000000010df54b90 code [0x000000010df54d40, 0x000000010df54f00]
Event: 10.088 Thread 0x00000001440a6800 10184       1       org.springframework.cglib.proxy.Enhancer$6::emitCallback (10 bytes)
Event: 10.088 Thread 0x00000001440a6800 nmethod 10184 0x000000010df55010 code [0x000000010df551c0, 0x000000010df55380]
Event: 10.088 Thread 0x00000001440a6800 10185       1       org.springframework.cglib.proxy.Enhancer::access$400 (7 bytes)
Event: 10.088 Thread 0x00000001440a6800 nmethod 10185 0x000000010df55490 code [0x000000010df55640, 0x000000010df557c0]
Event: 10.088 Thread 0x00000001440a6800 10182       1       org.springframework.cglib.core.EmitUtils::begin_method (10 bytes)
Event: 10.088 Thread 0x00000001440a6800 nmethod 10182 0x000000010df55890 code [0x000000010df55a80, 0x000000010df55cd0]

GC Heap History (20 events):
Event: 5.942 GC heap before
{Heap before GC invocations=14 (full 0):
 garbage-first heap   total 393216K, used 258560K [0x0000000640000000, 0x00000007c0000000)
  region size 1024K, 230 young (235520K), 18 survivors (18432K)
 Metaspace       used 50229K, capacity 51391K, committed 51536K, reserved 1093632K
  class space    used 6737K, capacity 7163K, committed 7168K, reserved 1048576K
}
Event: 5.949 GC heap after
{Heap after GC invocations=15 (full 0):
 garbage-first heap   total 393216K, used 42834K [0x0000000640000000, 0x00000007c0000000)
  region size 1024K, 14 young (14336K), 14 survivors (14336K)
 Metaspace       used 50229K, capacity 51391K, committed 51536K, reserved 1093632K
  class space    used 6737K, capacity 7163K, committed 7168K, reserved 1048576K
}
Event: 6.296 GC heap before
{Heap before GC invocations=15 (full 0):
 garbage-first heap   total 393216K, used 264018K [0x0000000640000000, 0x00000007c0000000)
  region size 1024K, 230 young (235520K), 14 survivors (14336K)
 Metaspace       used 53862K, capacity 55122K, committed 55376K, reserved 1097728K
  class space    used 7206K, capacity 7672K, committed 7680K, reserved 1048576K
}
Event: 6.310 GC heap after
{Heap after GC invocations=16 (full 0):
 garbage-first heap   total 472064K, used 43392K [0x0000000640000000, 0x00000007c0000000)
  region size 1024K, 15 young (15360K), 15 survivors (15360K)
 Metaspace       used 53862K, capacity 55122K, committed 55376K, reserved 1097728K
  class space    used 7206K, capacity 7672K, committed 7680K, reserved 1048576K
}
Event: 6.598 GC heap before
{Heap before GC invocations=16 (full 0):
 garbage-first heap   total 472064K, used 263552K [0x0000000640000000, 0x00000007c0000000)
  region size 1024K, 231 young (236544K), 15 survivors (15360K)
 Metaspace       used 58971K, capacity 60244K, committed 60304K, reserved 1101824K
  class space    used 7800K, capacity 8313K, committed 8320K, reserved 1048576K
}
Event: 6.606 GC heap after
{Heap after GC invocations=17 (full 0):
 garbage-first heap   total 472064K, used 45443K [0x0000000640000000, 0x00000007c0000000)
  region size 1024K, 17 young (17408K), 17 survivors (17408K)
 Metaspace       used 58971K, capacity 60244K, committed 60304K, reserved 1101824K
  class space    used 7800K, capacity 8313K, committed 8320K, reserved 1048576K
}
Event: 7.119 GC heap before
{Heap before GC invocations=18 (full 0):
 garbage-first heap   total 472064K, used 310659K [0x0000000640000000, 0x00000007c0000000)
  region size 1024K, 276 young (282624K), 17 survivors (17408K)
 Metaspace       used 63175K, capacity 64488K, committed 64784K, reserved 1105920K
  class space    used 8395K, capacity 8892K, committed 8960K, reserved 1048576K
}
Event: 7.127 GC heap after
{Heap after GC invocations=19 (full 0):
 garbage-first heap   total 472064K, used 50957K [0x0000000640000000, 0x00000007c0000000)
  region size 1024K, 22 young (22528K), 22 survivors (22528K)
 Metaspace       used 63175K, capacity 64488K, committed 64784K, reserved 1105920K
  class space    used 8395K, capacity 8892K, committed 8960K, reserved 1048576K
}
Event: 7.461 GC heap before
{Heap before GC invocations=19 (full 0):
 garbage-first heap   total 472064K, used 311053K [0x0000000640000000, 0x00000007c0000000)
  region size 1024K, 276 young (282624K), 22 survivors (22528K)
 Metaspace       used 65989K, capacity 67427K, committed 67472K, reserved 1107968K
  class space    used 8753K, capacity 9324K, committed 9344K, reserved 1048576K
}
Event: 7.468 GC heap after
{Heap after GC invocations=20 (full 0):
 garbage-first heap   total 472064K, used 58555K [0x0000000640000000, 0x00000007c0000000)
  region size 1024K, 24 young (24576K), 24 survivors (24576K)
 Metaspace       used 65989K, capacity 67427K, committed 67472K, reserved 1107968K
  class space    used 8753K, capacity 9324K, committed 9344K, reserved 1048576K
}
Event: 7.827 GC heap before
{Heap before GC invocations=20 (full 0):
 garbage-first heap   total 472064K, used 316603K [0x0000000640000000, 0x00000007c0000000)
  region size 1024K, 276 young (282624K), 24 survivors (24576K)
 Metaspace       used 68580K, capacity 70177K, committed 70416K, reserved 1110016K
  class space    used 9089K, capacity 9702K, committed 9728K, reserved 1048576K
}
Event: 7.835 GC heap after
{Heap after GC invocations=21 (full 0):
 garbage-first heap   total 630784K, used 62841K [0x0000000640000000, 0x00000007c0000000)
  region size 1024K, 24 young (24576K), 24 survivors (24576K)
 Metaspace       used 68580K, capacity 70177K, committed 70416K, reserved 1110016K
  class space    used 9089K, capacity 9702K, committed 9728K, reserved 1048576K
}
Event: 8.513 GC heap before
{Heap before GC invocations=21 (full 0):
 garbage-first heap   total 630784K, used 416121K [0x0000000640000000, 0x00000007c0000000)
  region size 1024K, 369 young (377856K), 24 survivors (24576K)
 Metaspace       used 73326K, capacity 74977K, committed 75280K, reserved 1114112K
  class space    used 9765K, capacity 10396K, committed 10496K, reserved 1048576K
}
Event: 8.536 GC heap after
{Heap after GC invocations=22 (full 0):
 garbage-first heap   total 630784K, used 65401K [0x0000000640000000, 0x00000007c0000000)
  region size 1024K, 26 young (26624K), 26 survivors (26624K)
 Metaspace       used 73326K, capacity 74977K, committed 75280K, reserved 1114112K
  class space    used 9765K, capacity 10396K, committed 10496K, reserved 1048576K
}
Event: 9.125 GC heap before
{Heap before GC invocations=22 (full 0):
 garbage-first heap   total 630784K, used 421753K [0x0000000640000000, 0x00000007c0000000)
  region size 1024K, 369 young (377856K), 26 survivors (26624K)
 Metaspace       used 78832K, capacity 80685K, committed 80912K, reserved 1120256K
  class space    used 10457K, capacity 11152K, committed 11264K, reserved 1048576K
}
Event: 9.135 GC heap after
{Heap after GC invocations=23 (full 0):
 garbage-first heap   total 630784K, used 73650K [0x0000000640000000, 0x00000007c0000000)
  region size 1024K, 33 young (33792K), 33 survivors (33792K)
 Metaspace       used 78832K, capacity 80685K, committed 80912K, reserved 1120256K
  class space    used 10457K, capacity 11152K, committed 11264K, reserved 1048576K
}
Event: 9.624 GC heap before
{Heap before GC invocations=23 (full 0):
 garbage-first heap   total 630784K, used 417714K [0x0000000640000000, 0x00000007c0000000)
  region size 1024K, 369 young (377856K), 33 survivors (33792K)
 Metaspace       used 84114K, capacity 86158K, committed 86288K, reserved 1124352K
  class space    used 11188K, capacity 11964K, committed 12032K, reserved 1048576K
}
Event: 9.634 GC heap after
{Heap after GC invocations=24 (full 0):
 garbage-first heap   total 630784K, used 78623K [0x0000000640000000, 0x00000007c0000000)
  region size 1024K, 29 young (29696K), 29 survivors (29696K)
 Metaspace       used 84114K, capacity 86158K, committed 86288K, reserved 1124352K
  class space    used 11188K, capacity 11964K, committed 12032K, reserved 1048576K
}
Event: 10.070 GC heap before
{Heap before GC invocations=24 (full 0):
 garbage-first heap   total 630784K, used 426783K [0x0000000640000000, 0x00000007c0000000)
  region size 1024K, 369 young (377856K), 29 survivors (29696K)
 Metaspace       used 88543K, capacity 90582K, committed 90896K, reserved 1128448K
  class space    used 11642K, capacity 12432K, committed 12544K, reserved 1048576K
}
Event: 10.079 GC heap after
{Heap after GC invocations=25 (full 0):
 garbage-first heap   total 807936K, used 83283K [0x0000000640000000, 0x00000007c0000000)
  region size 1024K, 27 young (27648K), 27 survivors (27648K)
 Metaspace       used 88543K, capacity 90582K, committed 90896K, reserved 1128448K
  class space    used 11642K, capacity 12432K, committed 12544K, reserved 1048576K
}

Deoptimization events (20 events):
Event: 9.918 Thread 0x000000015500e000 DEOPT PACKING pc=0x000000010d052de4 sp=0x000000016de7b850
Event: 9.918 Thread 0x000000015500e000 DEOPT UNPACKING pc=0x000000010c68d27c sp=0x000000016de7b610 mode 1
Event: 9.919 Thread 0x000000015500e000 DEOPT PACKING pc=0x000000010d052de4 sp=0x000000016de7b600
Event: 9.919 Thread 0x000000015500e000 DEOPT UNPACKING pc=0x000000010c68d27c sp=0x000000016de7b3c0 mode 1
Event: 9.921 Thread 0x000000015500e000 DEOPT PACKING pc=0x000000010d052de4 sp=0x000000016de7b600
Event: 9.921 Thread 0x000000015500e000 DEOPT UNPACKING pc=0x000000010c68d27c sp=0x000000016de7b3c0 mode 1
Event: 9.982 Thread 0x000000015500e000 DEOPT PACKING pc=0x000000010d602d10 sp=0x000000016de7cc40
Event: 9.982 Thread 0x000000015500e000 DEOPT UNPACKING pc=0x000000010c68d27c sp=0x000000016de7cb00 mode 3
Event: 10.007 Thread 0x000000015500e000 DEOPT PACKING pc=0x000000010d0e0a14 sp=0x000000016de7cc20
Event: 10.007 Thread 0x000000015500e000 DEOPT UNPACKING pc=0x000000010c68d27c sp=0x000000016de7c9e0 mode 1
Event: 10.007 Thread 0x000000015500e000 DEOPT PACKING pc=0x000000010d0ebfc4 sp=0x000000016de7cca0
Event: 10.007 Thread 0x000000015500e000 DEOPT UNPACKING pc=0x000000010c68d27c sp=0x000000016de7ca90 mode 1
Event: 10.007 Thread 0x000000015500e000 DEOPT PACKING pc=0x000000010d052de4 sp=0x000000016de7d6b0
Event: 10.007 Thread 0x000000015500e000 DEOPT UNPACKING pc=0x000000010c68d27c sp=0x000000016de7d450 mode 1
Event: 10.007 Thread 0x000000015500e000 DEOPT PACKING pc=0x000000010d04af3c sp=0x000000016de7d780
Event: 10.007 Thread 0x000000015500e000 DEOPT UNPACKING pc=0x000000010c68d27c sp=0x000000016de7d550 mode 1
Event: 10.007 Thread 0x000000015500e000 DEOPT PACKING pc=0x000000010d072c0c sp=0x000000016de7df40
Event: 10.007 Thread 0x000000015500e000 DEOPT UNPACKING pc=0x000000010c68d27c sp=0x000000016de7dd30 mode 1
Event: 10.088 Thread 0x000000015500e000 DEOPT PACKING pc=0x000000010d79eef4 sp=0x000000016de7f7d0
Event: 10.088 Thread 0x000000015500e000 DEOPT UNPACKING pc=0x000000010c68d27c sp=0x000000016de7f5a0 mode 1

Classes redefined (0 events):
No events

Internal exceptions (20 events):
Event: 9.346 Thread 0x000000015500e000 Exception <a 'java/io/FileNotFoundException'{0x000000065f5122a8}> (0x000000065f5122a8) thrown at [src/hotspot/share/prims/jni.cpp, line 617]
Event: 9.389 Thread 0x000000015500e000 Exception <a 'java/lang/ClassNotFoundException'{0x000000065d3aef98}: java/lang/ObjectCustomizer> (0x000000065d3aef98) thrown at [src/hotspot/share/classfile/systemDictionary.cpp, line 230]
Event: 9.390 Thread 0x000000015500e000 Exception <a 'java/lang/ClassNotFoundException'{0x000000065d3e4e08}: org/springframework/dao/support/DaoSupportCustomizer> (0x000000065d3e4e08) thrown at [src/hotspot/share/classfile/systemDictionary.cpp, line 230]
Event: 9.390 Thread 0x000000015500e000 Exception <a 'java/lang/ClassNotFoundException'{0x000000065d21ada0}: org/mybatis/spring/support/SqlSessionDaoSupportCustomizer> (0x000000065d21ada0) thrown at [src/hotspot/share/classfile/systemDictionary.cpp, line 230]
Event: 9.390 Thread 0x000000015500e000 Exception <a 'java/lang/ClassNotFoundException'{0x000000065d2528f8}: org/mybatis/spring/mapper/MapperFactoryBeanCustomizer> (0x000000065d2528f8) thrown at [src/hotspot/share/classfile/systemDictionary.cpp, line 230]
Event: 9.391 Thread 0x000000015500e000 Exception <a 'java/lang/ClassNotFoundException'{0x000000065d292a08}: org/springframework/beans/factory/FactoryBeanCustomizer> (0x000000065d292a08) thrown at [src/hotspot/share/classfile/systemDictionary.cpp, line 230]
Event: 9.391 Thread 0x000000015500e000 Exception <a 'java/lang/ClassNotFoundException'{0x000000065d2cc5e8}: org/springframework/beans/factory/InitializingBeanCustomizer> (0x000000065d2cc5e8) thrown at [src/hotspot/share/classfile/systemDictionary.cpp, line 230]
Event: 9.586 Thread 0x000000015500e000 Exception <a 'java/lang/NoSuchMethodError'{0x0000000653618a30}: 'java.lang.Object java.lang.invoke.Invokers$Holder.linkToTargetMethod(java.lang.Object, int, java.lang.Object)'> (0x0000000653618a30) thrown at [src/hotspot/share/interpreter/linkResolver.cpp, line 773]
Event: 9.709 Thread 0x0000000154dd2800 Exception <a 'java/lang/reflect/InvocationTargetException'{0x0000000661a817c0}> (0x0000000661a817c0) thrown at [src/hotspot/share/runtime/reflection.cpp, line 1245]
Event: 9.790 Thread 0x000000015500e000 Exception <a 'java/lang/ClassNotFoundException'{0x000000065e4cc498}: java/lang/ObjectCustomizer> (0x000000065e4cc498) thrown at [src/hotspot/share/classfile/systemDictionary.cpp, line 230]
Event: 9.790 Thread 0x000000015500e000 Exception <a 'java/lang/ClassNotFoundException'{0x000000065e303ce8}: org/springframework/aop/framework/ProxyConfigCustomizer> (0x000000065e303ce8) thrown at [src/hotspot/share/classfile/systemDictionary.cpp, line 230]
Event: 9.790 Thread 0x000000015500e000 Exception <a 'java/lang/ClassNotFoundException'{0x000000065e340860}: org/springframework/aop/scope/ScopedProxyFactoryBeanCustomizer> (0x000000065e340860) thrown at [src/hotspot/share/classfile/systemDictionary.cpp, line 230]
Event: 9.791 Thread 0x000000015500e000 Exception <a 'java/lang/ClassNotFoundException'{0x000000065e38a290}: org/springframework/cloud/context/scope/GenericScope$LockedScopedProxyFactoryBeanCustomizer> (0x000000065e38a290) thrown at [src/hotspot/share/classfile/systemDictionary.cpp, line 230]
Event: 9.791 Thread 0x000000015500e000 Exception <a 'java/lang/ClassNotFoundException'{0x000000065e3cb0d0}: org/aopalliance/intercept/MethodInterceptorCustomizer> (0x000000065e3cb0d0) thrown at [src/hotspot/share/classfile/systemDictionary.cpp, line 230]
Event: 9.791 Thread 0x000000015500e000 Exception <a 'java/lang/ClassNotFoundException'{0x000000065e3fcb38}: org/aopalliance/intercept/InterceptorCustomizer> (0x000000065e3fcb38) thrown at [src/hotspot/share/classfile/systemDictionary.cpp, line 230]
Event: 9.792 Thread 0x000000015500e000 Exception <a 'java/lang/ClassNotFoundException'{0x000000065e22a828}: org/aopalliance/aop/AdviceCustomizer> (0x000000065e22a828) thrown at [src/hotspot/share/classfile/systemDictionary.cpp, line 230]
Event: 9.792 Thread 0x000000015500e000 Exception <a 'java/lang/ClassNotFoundException'{0x000000065e25e7c0}: org/springframework/beans/factory/FactoryBeanCustomizer> (0x000000065e25e7c0) thrown at [src/hotspot/share/classfile/systemDictionary.cpp, line 230]
Event: 9.792 Thread 0x000000015500e000 Exception <a 'java/lang/ClassNotFoundException'{0x000000065e296f18}: org/springframework/beans/factory/BeanFactoryAwareCustomizer> (0x000000065e296f18) thrown at [src/hotspot/share/classfile/systemDictionary.cpp, line 230]
Event: 9.792 Thread 0x000000015500e000 Exception <a 'java/lang/ClassNotFoundException'{0x000000065e2c9468}: org/springframework/beans/factory/AwareCustomizer> (0x000000065e2c9468) thrown at [src/hotspot/share/classfile/systemDictionary.cpp, line 230]
Event: 9.793 Thread 0x000000015500e000 Exception <a 'java/lang/ClassNotFoundException'{0x000000065e100980}: org/springframework/aop/framework/AopInfrastructureBeanCustomizer> (0x000000065e100980) thrown at [src/hotspot/share/classfile/systemDictionary.cpp, line 230]

Events (20 events):
Event: 10.085 loading class io/netty/channel/AbstractChannelHandlerContext
Event: 10.085 loading class io/netty/channel/AbstractChannelHandlerContext done
Event: 10.086 loading class io/netty/channel/ChannelHandlerContext
Event: 10.086 loading class io/netty/channel/ChannelHandlerContext done
Event: 10.086 loading class io/netty/util/ResourceLeakHint
Event: 10.086 loading class io/netty/util/ResourceLeakHint done
Event: 10.086 loading class io/netty/channel/DefaultChannelPipeline$TailContext
Event: 10.086 loading class io/netty/channel/DefaultChannelPipeline$TailContext done
Event: 10.087 loading class io/netty/channel/DefaultChannelPipeline$1
Event: 10.087 loading class io/netty/channel/DefaultChannelPipeline$1 done
Event: 10.087 loading class io/netty/channel/MessageSizeEstimator$Handle
Event: 10.087 loading class io/netty/channel/MessageSizeEstimator$Handle done
Event: 10.087 loading class io/netty/channel/DefaultChannelPipeline$PendingHandlerCallback
Event: 10.087 loading class io/netty/channel/DefaultChannelPipeline$PendingHandlerCallback done
Event: 10.087 loading class io/netty/util/ResourceLeakDetector
Event: 10.087 loading class io/netty/util/ResourceLeakDetector done
Event: 10.088 loading class io/netty/util/ResourceLeakDetector$Level
Event: 10.088 loading class io/netty/util/ResourceLeakDetector$Level done
Event: 10.088 loading class io/netty/channel/SucceededChannelFuture
Event: 10.088 loading class io/netty/channel/SucceededChannelFuture done


Dynamic libraries:
0x0000000102248000 	/opt/homebrew/Cellar/openjdk@11/11.0.25/libexec/openjdk.jdk/Contents/Home/lib/jli/libjli.dylib
0x000000019f699000 	/System/Library/Frameworks/Cocoa.framework/Versions/A/Cocoa
0x00000001875cf000 	/System/Library/Frameworks/AppKit.framework/Versions/C/AppKit
0x000000018a887000 	/System/Library/Frameworks/CoreData.framework/Versions/A/CoreData
0x0000000184c09000 	/System/Library/Frameworks/Foundation.framework/Versions/C/Foundation
0x000000019158d000 	/usr/lib/libSystem.B.dylib
0x0000000188a0c000 	/System/Library/PrivateFrameworks/UIFoundation.framework/Versions/A/UIFoundation
0x000000022c707000 	/System/Library/PrivateFrameworks/CollectionViewCore.framework/Versions/A/CollectionViewCore
0x0000000198819000 	/System/Library/PrivateFrameworks/RemoteViewServices.framework/Versions/A/RemoteViewServices
0x000000018f213000 	/System/Library/PrivateFrameworks/XCTTargetBootstrap.framework/Versions/A/XCTTargetBootstrap
0x0000000193c73000 	/System/Library/PrivateFrameworks/InternationalSupport.framework/Versions/A/InternationalSupport
0x0000000193cd2000 	/System/Library/PrivateFrameworks/UserActivity.framework/Versions/A/UserActivity
0x0000000257f8b000 	/System/Library/PrivateFrameworks/UIIntelligenceSupport.framework/Versions/A/UIIntelligenceSupport
0x0000000222ad0000 	/System/Library/Frameworks/SwiftUICore.framework/Versions/A/SwiftUICore
0x000000025cf3c000 	/System/Library/PrivateFrameworks/WritingTools.framework/Versions/A/WritingTools
0x000000025bf8f000 	/System/Library/PrivateFrameworks/WindowManagement.framework/Versions/A/WindowManagement
0x0000000184863000 	/System/Library/Frameworks/SystemConfiguration.framework/Versions/A/SystemConfiguration
0x00000001930bc000 	/usr/lib/libspindump.dylib
0x0000000188bbe000 	/System/Library/Frameworks/UniformTypeIdentifiers.framework/Versions/A/UniformTypeIdentifiers
0x000000019098b000 	/usr/lib/libbsm.0.dylib
0x000000018ccd5000 	/usr/lib/libapp_launch_measurement.dylib
0x000000018c0d1000 	/System/Library/PrivateFrameworks/CoreAnalytics.framework/Versions/A/CoreAnalytics
0x000000018ccd9000 	/System/Library/PrivateFrameworks/CoreAutoLayout.framework/Versions/A/CoreAutoLayout
0x000000018e85c000 	/System/Library/Frameworks/Metal.framework/Versions/A/Metal
0x000000018fa5a000 	/usr/lib/liblangid.dylib
0x000000018f219000 	/System/Library/PrivateFrameworks/CoreSVG.framework/Versions/A/CoreSVG
0x00000001895df000 	/System/Library/PrivateFrameworks/SkyLight.framework/Versions/A/SkyLight
0x0000000189b0c000 	/System/Library/Frameworks/CoreGraphics.framework/Versions/A/CoreGraphics
0x0000000198ef2000 	/System/Library/Frameworks/Accelerate.framework/Versions/A/Accelerate
0x0000000192eee000 	/System/Library/PrivateFrameworks/IconServices.framework/Versions/A/IconServices
0x000000018e839000 	/System/Library/Frameworks/IOSurface.framework/Versions/A/IOSurface
0x000000018c103000 	/usr/lib/libDiagnosticMessagesClient.dylib
0x00000001914d1000 	/usr/lib/libz.1.dylib
0x000000019cd7e000 	/System/Library/Frameworks/ApplicationServices.framework/Versions/A/ApplicationServices
0x000000018f1fe000 	/System/Library/PrivateFrameworks/DFRFoundation.framework/Versions/A/DFRFoundation
0x0000000186e39000 	/usr/lib/libicucore.A.dylib
0x0000000194dec000 	/System/Library/Frameworks/AudioToolbox.framework/Versions/A/AudioToolbox
0x0000000193c83000 	/System/Library/PrivateFrameworks/DataDetectorsCore.framework/Versions/A/DataDetectorsCore
0x00000001af319000 	/System/Library/PrivateFrameworks/TextInput.framework/Versions/A/TextInput
0x000000018952b000 	/usr/lib/libMobileGestalt.dylib
0x000000018eef6000 	/System/Library/Frameworks/Carbon.framework/Versions/A/Frameworks/HIToolbox.framework/Versions/A/HIToolbox
0x000000018c5d4000 	/System/Library/Frameworks/QuartzCore.framework/Versions/A/QuartzCore
0x0000000186a42000 	/System/Library/Frameworks/Security.framework/Versions/A/Security
0x0000000198854000 	/System/Library/Frameworks/Carbon.framework/Versions/A/Frameworks/SpeechRecognition.framework/Versions/A/SpeechRecognition
0x000000018c9ee000 	/System/Library/PrivateFrameworks/CoreUI.framework/Versions/A/CoreUI
0x00000001862f6000 	/System/Library/Frameworks/CoreAudio.framework/Versions/A/CoreAudio
0x000000018c1ef000 	/System/Library/Frameworks/DiskArbitration.framework/Versions/A/DiskArbitration
0x000000019352f000 	/System/Library/PrivateFrameworks/MultitouchSupport.framework/Versions/A/MultitouchSupport
0x0000000189529000 	/usr/lib/libenergytrace.dylib
0x00000001a3d01000 	/System/Library/PrivateFrameworks/RenderBox.framework/Versions/A/RenderBox
0x000000018747f000 	/System/Library/Frameworks/IOKit.framework/Versions/A/IOKit
0x0000000198c48000 	/System/Library/Frameworks/CoreServices.framework/Versions/A/CoreServices
0x000000018cc66000 	/System/Library/PrivateFrameworks/PerformanceAnalysis.framework/Versions/A/PerformanceAnalysis
0x00000001e0889000 	/System/Library/Frameworks/OpenGL.framework/Versions/A/OpenGL
0x000000018cd23000 	/usr/lib/libxml2.2.dylib
0x0000000190870000 	/System/Library/PrivateFrameworks/MobileKeyBag.framework/Versions/A/MobileKeyBag
0x00000001835d4000 	/usr/lib/libobjc.A.dylib
0x00000001838c1000 	/usr/lib/libc++.1.dylib
0x0000000198bc8000 	/System/Library/Frameworks/Accessibility.framework/Versions/A/Accessibility
0x000000018a22b000 	/System/Library/Frameworks/ColorSync.framework/Versions/A/ColorSync
0x0000000183a17000 	/System/Library/Frameworks/CoreFoundation.framework/Versions/A/CoreFoundation
0x000000018f5d7000 	/System/Library/Frameworks/CoreImage.framework/Versions/A/CoreImage
0x00000001860e6000 	/System/Library/Frameworks/CoreText.framework/Versions/A/CoreText
0x00000001e1df0000 	/System/Library/Frameworks/CoreTransferable.framework/Versions/A/CoreTransferable
0x00000001e238f000 	/System/Library/Frameworks/DeveloperToolsSupport.framework/Versions/A/DeveloperToolsSupport
0x000000018f255000 	/System/Library/Frameworks/ImageIO.framework/Versions/A/ImageIO
0x00000002236ea000 	/System/Library/Frameworks/Symbols.framework/Versions/A/Symbols
0x0000000191592000 	/System/Library/PrivateFrameworks/SoftLinking.framework/Versions/A/SoftLinking
0x00000001c118e000 	/usr/lib/swift/libswiftAccelerate.dylib
0x000000019474d000 	/usr/lib/swift/libswiftCore.dylib
0x00000001aba9a000 	/usr/lib/swift/libswiftCoreFoundation.dylib
0x00000001abaf7000 	/usr/lib/swift/libswiftCoreImage.dylib
0x00000001a9246000 	/usr/lib/swift/libswiftDarwin.dylib
0x000000019a702000 	/usr/lib/swift/libswiftDispatch.dylib
0x00000001abaf8000 	/usr/lib/swift/libswiftIOKit.dylib
0x00000001b8325000 	/usr/lib/swift/libswiftMetal.dylib
0x00000001c6623000 	/usr/lib/swift/libswiftOSLog.dylib
0x000000019d2e9000 	/usr/lib/swift/libswiftObjectiveC.dylib
0x0000000264124000 	/usr/lib/swift/libswiftObservation.dylib
0x00000001bcc50000 	/usr/lib/swift/libswiftQuartzCore.dylib
0x00000001c117f000 	/usr/lib/swift/libswiftUniformTypeIdentifiers.dylib
0x00000001abaac000 	/usr/lib/swift/libswiftXPC.dylib
0x000000026421a000 	/usr/lib/swift/libswift_Builtin_float.dylib
0x000000026421f000 	/usr/lib/swift/libswift_Concurrency.dylib
0x0000000264387000 	/usr/lib/swift/libswift_StringProcessing.dylib
0x000000026443a000 	/usr/lib/swift/libswift_errno.dylib
0x000000026443c000 	/usr/lib/swift/libswift_math.dylib
0x000000026443f000 	/usr/lib/swift/libswift_signal.dylib
0x0000000264440000 	/usr/lib/swift/libswift_stdio.dylib
0x0000000264441000 	/usr/lib/swift/libswift_time.dylib
0x000000019d2ed000 	/usr/lib/swift/libswiftos.dylib
0x00000001af270000 	/usr/lib/swift/libswiftsimd.dylib
0x0000000264442000 	/usr/lib/swift/libswiftsys_time.dylib
0x0000000264443000 	/usr/lib/swift/libswiftunistd.dylib
0x000000019173e000 	/usr/lib/libcompression.dylib
0x0000000193bcb000 	/System/Library/PrivateFrameworks/TextureIO.framework/Versions/A/TextureIO
0x0000000192b7f000 	/usr/lib/libate.dylib
0x0000000191587000 	/usr/lib/system/libcache.dylib
0x0000000191540000 	/usr/lib/system/libcommonCrypto.dylib
0x000000019156d000 	/usr/lib/system/libcompiler_rt.dylib
0x0000000191562000 	/usr/lib/system/libcopyfile.dylib
0x0000000183713000 	/usr/lib/system/libcorecrypto.dylib
0x00000001837f5000 	/usr/lib/system/libdispatch.dylib
0x00000001839b2000 	/usr/lib/system/libdyld.dylib
0x000000019157d000 	/usr/lib/system/libkeymgr.dylib
0x000000019151f000 	/usr/lib/system/libmacho.dylib
0x0000000190964000 	/usr/lib/system/libquarantine.dylib
0x000000019157a000 	/usr/lib/system/libremovefile.dylib
0x00000001895a4000 	/usr/lib/system/libsystem_asl.dylib
0x00000001836a8000 	/usr/lib/system/libsystem_blocks.dylib
0x000000018383f000 	/usr/lib/system/libsystem_c.dylib
0x0000000191571000 	/usr/lib/system/libsystem_collections.dylib
0x000000018fa47000 	/usr/lib/system/libsystem_configuration.dylib
0x000000018e80a000 	/usr/lib/system/libsystem_containermanager.dylib
0x0000000191073000 	/usr/lib/system/libsystem_coreservices.dylib
0x00000001870fd000 	/usr/lib/system/libsystem_darwin.dylib
0x0000000264586000 	/usr/lib/system/libsystem_darwindirectory.dylib
0x000000019157e000 	/usr/lib/system/libsystem_dnssd.dylib
0x000000026458a000 	/usr/lib/system/libsystem_eligibility.dylib
0x000000018383c000 	/usr/lib/system/libsystem_featureflags.dylib
0x00000001839e7000 	/usr/lib/system/libsystem_info.dylib
0x00000001914e0000 	/usr/lib/system/libsystem_m.dylib
0x00000001837b3000 	/usr/lib/system/libsystem_malloc.dylib
0x000000018950e000 	/usr/lib/system/libsystem_networkextension.dylib
0x0000000187560000 	/usr/lib/system/libsystem_notify.dylib
0x000000018fa4c000 	/usr/lib/system/libsystem_sandbox.dylib
0x0000000264591000 	/usr/lib/system/libsystem_sanitizers.dylib
0x0000000191576000 	/usr/lib/system/libsystem_secinit.dylib
0x000000018396a000 	/usr/lib/system/libsystem_kernel.dylib
0x00000001839df000 	/usr/lib/system/libsystem_platform.dylib
0x00000001839a5000 	/usr/lib/system/libsystem_pthread.dylib
0x000000018b0ad000 	/usr/lib/system/libsystem_symptoms.dylib
0x00000001836f7000 	/usr/lib/system/libsystem_trace.dylib
0x000000019154e000 	/usr/lib/system/libunwind.dylib
0x00000001836ac000 	/usr/lib/system/libxpc.dylib
0x000000018394f000 	/usr/lib/libc++abi.dylib
0x000000019155a000 	/usr/lib/liboah.dylib
0x00000001873fe000 	/System/Library/PrivateFrameworks/CoreServicesInternal.framework/Versions/A/CoreServicesInternal
0x000000019158f000 	/usr/lib/libfakelink.dylib
0x000000019c82f000 	/System/Library/PrivateFrameworks/DiskImages.framework/Versions/A/DiskImages
0x00000001a8d73000 	/System/Library/Frameworks/NetFS.framework/Versions/A/NetFS
0x0000000189145000 	/System/Library/Frameworks/CFNetwork.framework/Versions/A/CFNetwork
0x000000018cc9d000 	/System/Library/Frameworks/CoreServices.framework/Versions/A/Frameworks/FSEvents.framework/Versions/A/FSEvents
0x0000000187108000 	/System/Library/Frameworks/CoreServices.framework/Versions/A/Frameworks/CarbonCore.framework/Versions/A/CarbonCore
0x000000018c165000 	/System/Library/Frameworks/CoreServices.framework/Versions/A/Frameworks/Metadata.framework/Versions/A/Metadata
0x000000019107a000 	/System/Library/Frameworks/CoreServices.framework/Versions/A/Frameworks/OSServices.framework/Versions/A/OSServices
0x000000019166d000 	/System/Library/Frameworks/CoreServices.framework/Versions/A/Frameworks/SearchKit.framework/Versions/A/SearchKit
0x000000018b027000 	/System/Library/Frameworks/CoreServices.framework/Versions/A/Frameworks/AE.framework/Versions/A/AE
0x0000000183f0c000 	/System/Library/Frameworks/CoreServices.framework/Versions/A/Frameworks/LaunchServices.framework/Versions/A/LaunchServices
0x00000001929d1000 	/System/Library/Frameworks/CoreServices.framework/Versions/A/Frameworks/DictionaryServices.framework/Versions/A/DictionaryServices
0x000000018ccab000 	/System/Library/Frameworks/CoreServices.framework/Versions/A/Frameworks/SharedFileList.framework/Versions/A/SharedFileList
0x0000000191708000 	/usr/lib/libapple_nghttp2.dylib
0x000000018ac8f000 	/usr/lib/libsqlite3.dylib
0x0000000195458000 	/System/Library/Frameworks/GSS.framework/Versions/A/GSS
0x000000018afc0000 	/System/Library/PrivateFrameworks/RunningBoardServices.framework/Versions/A/RunningBoardServices
0x000000018b0b6000 	/System/Library/Frameworks/Network.framework/Versions/A/Network
0x0000000191523000 	/usr/lib/system/libkxld.dylib
0x0000000263558000 	/usr/lib/libCoreEntitlements.dylib
0x0000000241d4c000 	/System/Library/PrivateFrameworks/MessageSecurity.framework/Versions/A/MessageSecurity
0x000000018ac75000 	/System/Library/PrivateFrameworks/ProtocolBuffer.framework/Versions/A/ProtocolBuffer
0x000000019105b000 	/System/Library/PrivateFrameworks/AppleFSCompression.framework/Versions/A/AppleFSCompression
0x0000000190973000 	/usr/lib/libcoretls.dylib
0x0000000192a48000 	/usr/lib/libcoretls_cfhelpers.dylib
0x0000000191738000 	/usr/lib/libpam.2.dylib
0x0000000192abb000 	/usr/lib/libxar.1.dylib
0x00000001915e4000 	/usr/lib/libarchive.2.dylib
0x0000000196b49000 	/System/Library/Frameworks/Combine.framework/Versions/A/Combine
0x000000022c72b000 	/System/Library/PrivateFrameworks/CollectionsInternal.framework/Versions/A/CollectionsInternal
0x0000000249c4f000 	/System/Library/PrivateFrameworks/ReflectionInternal.framework/Versions/A/ReflectionInternal
0x000000024a8e7000 	/System/Library/PrivateFrameworks/RuntimeInternal.framework/Versions/A/RuntimeInternal
0x00000002641a1000 	/usr/lib/swift/libswiftSystem.dylib
0x000000018fa55000 	/System/Library/PrivateFrameworks/AppleSystemInfo.framework/Versions/A/AppleSystemInfo
0x00000001ab98d000 	/System/Library/PrivateFrameworks/LoggingSupport.framework/Versions/A/LoggingSupport
0x000000018cead000 	/System/Library/PrivateFrameworks/UserManagement.framework/Versions/A/UserManagement
0x000000018907a000 	/usr/lib/libboringssl.dylib
0x000000018b09c000 	/usr/lib/libdns_services.dylib
0x00000001aab7c000 	/usr/lib/libquic.dylib
0x00000001946dd000 	/usr/lib/libusrtcp.dylib
0x00000001cdcac000 	/System/Library/PrivateFrameworks/InternalSwiftProtobuf.framework/Versions/A/InternalSwiftProtobuf
0x00000002640ec000 	/usr/lib/swift/libswiftDistributed.dylib
0x0000000189144000 	/usr/lib/libnetwork.dylib
0x00000001916e2000 	/System/Library/PrivateFrameworks/AppleSauce.framework/Versions/A/AppleSauce
0x0000000184700000 	/System/Library/PrivateFrameworks/Lexicon.framework/Versions/A/Lexicon
0x000000023bb6d000 	/System/Library/PrivateFrameworks/IO80211.framework/Versions/A/IO80211
0x000000019a9a1000 	/System/Library/PrivateFrameworks/FrontBoardServices.framework/Versions/A/FrontBoardServices
0x000000019089b000 	/System/Library/Frameworks/SecurityFoundation.framework/Versions/A/SecurityFoundation
0x000000018fb7c000 	/System/Library/PrivateFrameworks/LinguisticData.framework/Versions/A/LinguisticData
0x000000019066f000 	/System/Library/PrivateFrameworks/IOMobileFramebuffer.framework/Versions/A/IOMobileFramebuffer
0x000000018aedb000 	/System/Library/PrivateFrameworks/BaseBoard.framework/Versions/A/BaseBoard
0x000000019aa6d000 	/System/Library/PrivateFrameworks/BoardServices.framework/Versions/A/BoardServices
0x000000019088d000 	/System/Library/PrivateFrameworks/AssertionServices.framework/Versions/A/AssertionServices
0x000000019c66b000 	/System/Library/PrivateFrameworks/BackBoardServices.framework/Versions/A/BackBoardServices
0x000000018ec69000 	/System/Library/PrivateFrameworks/FontServices.framework/libFontParser.dylib
0x00000001895bd000 	/System/Library/PrivateFrameworks/TCC.framework/Versions/A/TCC
0x00000001a0110000 	/System/Library/PrivateFrameworks/IOSurfaceAccelerator.framework/Versions/A/IOSurfaceAccelerator
0x000000019352d000 	/System/Library/PrivateFrameworks/WatchdogClient.framework/Versions/A/WatchdogClient
0x0000000185c13000 	/System/Library/Frameworks/CoreDisplay.framework/Versions/A/CoreDisplay
0x000000018eafe000 	/System/Library/Frameworks/CoreMedia.framework/Versions/A/CoreMedia
0x000000018e852000 	/System/Library/PrivateFrameworks/IOAccelerator.framework/Versions/A/IOAccelerator
0x000000018ce0d000 	/System/Library/Frameworks/CoreVideo.framework/Versions/A/CoreVideo
0x0000000191736000 	/System/Library/Frameworks/MetalPerformanceShaders.framework/Versions/A/MetalPerformanceShaders
0x0000000249177000 	/System/Library/PrivateFrameworks/ProDisplayLibrary.framework/Versions/A/ProDisplayLibrary
0x0000000193574000 	/System/Library/Frameworks/VideoToolbox.framework/Versions/A/VideoToolbox
0x000000018fa53000 	/System/Library/PrivateFrameworks/AggregateDictionary.framework/Versions/A/AggregateDictionary
0x0000000192a4a000 	/System/Library/PrivateFrameworks/APFS.framework/Versions/A/APFS
0x0000000228eb4000 	/System/Library/PrivateFrameworks/AppleKeyStore.framework/Versions/A/AppleKeyStore
0x0000000192aca000 	/usr/lib/libutil.dylib
0x0000000192a29000 	/usr/lib/liblzma.5.dylib
0x000000018c1f8000 	/System/Library/Frameworks/Accelerate.framework/Versions/A/Frameworks/vImage.framework/Versions/A/vImage
0x0000000198c23000 	/System/Library/Frameworks/Accelerate.framework/Versions/A/Frameworks/vecLib.framework/Versions/A/vecLib
0x0000000192b02000 	/System/Library/Frameworks/Accelerate.framework/Versions/A/Frameworks/vecLib.framework/Versions/A/libvMisc.dylib
0x0000000184370000 	/System/Library/Frameworks/Accelerate.framework/Versions/A/Frameworks/vecLib.framework/Versions/A/libBLAS.dylib
0x0000000195034000 	/System/Library/Frameworks/ApplicationServices.framework/Versions/A/Frameworks/ATS.framework/Versions/A/ATS
0x000000018a3e3000 	/System/Library/Frameworks/ApplicationServices.framework/Versions/A/Frameworks/HIServices.framework/Versions/A/HIServices
0x0000000193b53000 	/System/Library/Frameworks/ApplicationServices.framework/Versions/A/Frameworks/PrintCore.framework/Versions/A/PrintCore
0x0000000195420000 	/System/Library/Frameworks/ApplicationServices.framework/Versions/A/Frameworks/QD.framework/Versions/A/QD
0x0000000195417000 	/System/Library/Frameworks/ApplicationServices.framework/Versions/A/Frameworks/ColorSyncLegacy.framework/Versions/A/ColorSyncLegacy
0x0000000195006000 	/System/Library/Frameworks/ApplicationServices.framework/Versions/A/Frameworks/SpeechSynthesis.framework/Versions/A/SpeechSynthesis
0x000000019063c000 	/System/Library/PrivateFrameworks/CoreEmoji.framework/Versions/A/CoreEmoji
0x00000002331ca000 	/System/Library/PrivateFrameworks/FontServices.framework/Versions/A/FontServices
0x0000000193066000 	/System/Library/PrivateFrameworks/OTSVG.framework/Versions/A/OTSVG
0x000000018c99c000 	/System/Library/Frameworks/ApplicationServices.framework/Versions/A/Frameworks/ATS.framework/Versions/A/Resources/libFontRegistry.dylib
0x00000001930b0000 	/System/Library/PrivateFrameworks/FontServices.framework/libhvf.dylib
0x00000002451da000 	/System/Library/PrivateFrameworks/ParsingInternal.framework/Versions/A/ParsingInternal
0x0000000264143000 	/usr/lib/swift/libswiftRegexBuilder.dylib
0x00000002642e0000 	/usr/lib/swift/libswift_RegexParser.dylib
0x00000001933f4000 	/System/Library/PrivateFrameworks/AppleJPEG.framework/Versions/A/AppleJPEG
0x0000000192e7b000 	/usr/lib/libexpat.1.dylib
0x0000000193a28000 	/System/Library/Frameworks/ImageIO.framework/Versions/A/Resources/libPng.dylib
0x0000000193a53000 	/System/Library/Frameworks/ImageIO.framework/Versions/A/Resources/libTIFF.dylib
0x0000000193b3e000 	/System/Library/Frameworks/ImageIO.framework/Versions/A/Resources/libGIF.dylib
0x000000019343a000 	/System/Library/Frameworks/ImageIO.framework/Versions/A/Resources/libJP2.dylib
0x0000000193ae4000 	/System/Library/Frameworks/ImageIO.framework/Versions/A/Resources/libJPEG.dylib
0x0000000193adb000 	/System/Library/Frameworks/ImageIO.framework/Versions/A/Resources/libRadiance.dylib
0x0000000237f92000 	/System/Library/PrivateFrameworks/GPUCompiler.framework/Versions/32023/Libraries/libllvm-flatbuffers.dylib
0x0000000233290000 	/System/Library/PrivateFrameworks/FramePacing.framework/Versions/A/FramePacing
0x00000001e087b000 	/System/Library/Frameworks/OpenGL.framework/Versions/A/Libraries/libCoreFSCache.dylib
0x0000000233e3b000 	/System/Library/PrivateFrameworks/GPUCompiler.framework/Versions/32023/Libraries/libGPUCompilerUtils.dylib
0x00000002331cb000 	/System/Library/PrivateFrameworks/FontServices.framework/libXTFontStaticRegistryData.dylib
0x000000019e426000 	/System/Library/PrivateFrameworks/ASEProcessing.framework/Versions/A/ASEProcessing
0x00000001c9db9000 	/System/Library/PrivateFrameworks/Symbolication.framework/Versions/A/Symbolication
0x000000024838d000 	/System/Library/PrivateFrameworks/PhotosensitivityProcessing.framework/Versions/A/PhotosensitivityProcessing
0x000000019305a000 	/System/Library/PrivateFrameworks/GraphVisualizer.framework/Versions/A/GraphVisualizer
0x00000001e08db000 	/System/Library/Frameworks/OpenGL.framework/Versions/A/Libraries/libGLU.dylib
0x00000001e089d000 	/System/Library/Frameworks/OpenGL.framework/Versions/A/Libraries/libGFXShared.dylib
0x00000001e0a6e000 	/System/Library/Frameworks/OpenGL.framework/Versions/A/Libraries/libGL.dylib
0x00000001e08a6000 	/System/Library/Frameworks/OpenGL.framework/Versions/A/Libraries/libGLImage.dylib
0x00000001e089a000 	/System/Library/Frameworks/OpenGL.framework/Versions/A/Libraries/libCVMSPluginSupport.dylib
0x00000002636fc000 	/usr/lib/libRosetta.dylib
0x00000001e0883000 	/System/Library/Frameworks/OpenGL.framework/Versions/A/Libraries/libCoreVMClient.dylib
0x000000018f995000 	/System/Library/Frameworks/MetalPerformanceShaders.framework/Versions/A/Frameworks/MPSCore.framework/Versions/A/MPSCore
0x0000000190fc7000 	/System/Library/Frameworks/MetalPerformanceShaders.framework/Versions/A/Frameworks/MPSImage.framework/Versions/A/MPSImage
0x0000000190a16000 	/System/Library/Frameworks/MetalPerformanceShaders.framework/Versions/A/Frameworks/MPSNeuralNetwork.framework/Versions/A/MPSNeuralNetwork
0x0000000190e4c000 	/System/Library/Frameworks/MetalPerformanceShaders.framework/Versions/A/Frameworks/MPSMatrix.framework/Versions/A/MPSMatrix
0x0000000190c64000 	/System/Library/Frameworks/MetalPerformanceShaders.framework/Versions/A/Frameworks/MPSRayIntersector.framework/Versions/A/MPSRayIntersector
0x0000000190e7e000 	/System/Library/Frameworks/MetalPerformanceShaders.framework/Versions/A/Frameworks/MPSNDArray.framework/Versions/A/MPSNDArray
0x00000001e4653000 	/System/Library/Frameworks/MetalPerformanceShaders.framework/Versions/A/Frameworks/MPSFunctions.framework/Versions/A/MPSFunctions
0x00000001e4637000 	/System/Library/Frameworks/MetalPerformanceShaders.framework/Versions/A/Frameworks/MPSBenchmarkLoop.framework/Versions/A/MPSBenchmarkLoop
0x00000001841f4000 	/System/Library/PrivateFrameworks/MetalTools.framework/Versions/A/MetalTools
0x00000001b05da000 	/System/Library/PrivateFrameworks/IOAccelMemoryInfo.framework/Versions/A/IOAccelMemoryInfo
0x00000001bd04c000 	/System/Library/PrivateFrameworks/kperf.framework/Versions/A/kperf
0x00000001aba71000 	/System/Library/PrivateFrameworks/GPURawCounter.framework/Versions/A/GPURawCounter
0x000000019aeb4000 	/System/Library/PrivateFrameworks/CoreSymbolication.framework/Versions/A/CoreSymbolication
0x00000001aba0b000 	/System/Library/PrivateFrameworks/MallocStackLogging.framework/Versions/A/MallocStackLogging
0x0000000192c19000 	/System/Library/PrivateFrameworks/CrashReporterSupport.framework/Versions/A/CrashReporterSupport
0x000000019ae6e000 	/System/Library/PrivateFrameworks/DebugSymbols.framework/Versions/A/DebugSymbols
0x00000001bc2e4000 	/System/Library/PrivateFrameworks/OSAnalytics.framework/Versions/A/OSAnalytics
0x0000000193b0f000 	/System/Library/Frameworks/ApplicationServices.framework/Versions/A/Frameworks/ATSUI.framework/Versions/A/ATSUI
0x00000001953aa000 	/usr/lib/libcups.2.dylib
0x0000000195446000 	/System/Library/Frameworks/Kerberos.framework/Versions/A/Kerberos
0x00000001950b3000 	/usr/lib/libresolv.9.dylib
0x00000001915c9000 	/usr/lib/libiconv.2.dylib
0x00000001930c3000 	/System/Library/PrivateFrameworks/Heimdal.framework/Versions/A/Heimdal
0x000000019d244000 	/System/Library/Frameworks/Kerberos.framework/Versions/A/Libraries/libHeimdalProxy.dylib
0x0000000192e96000 	/usr/lib/libheimdal-asn1.dylib
0x000000018cc70000 	/System/Library/Frameworks/OpenDirectory.framework/Versions/A/OpenDirectory
0x00000001954b3000 	/System/Library/PrivateFrameworks/CommonAuth.framework/Versions/A/CommonAuth
0x000000018cc7e000 	/System/Library/Frameworks/OpenDirectory.framework/Versions/A/Frameworks/CFOpenDirectory.framework/Versions/A/CFOpenDirectory
0x000000019151e000 	/usr/lib/libcharset.1.dylib
0x00000001e0e0e000 	/System/Library/Frameworks/AVFAudio.framework/Versions/A/AVFAudio
0x00000001a5bc7000 	/System/Library/PrivateFrameworks/AXCoreUtilities.framework/Versions/A/AXCoreUtilities
0x000000023e98c000 	/System/Library/PrivateFrameworks/IsolatedCoreAudioClient.framework/Versions/A/IsolatedCoreAudioClient
0x0000000194fed000 	/usr/lib/libAudioStatistics.dylib
0x000000018ead6000 	/System/Library/PrivateFrameworks/caulk.framework/Versions/A/caulk
0x0000000185d34000 	/System/Library/PrivateFrameworks/AudioToolboxCore.framework/Versions/A/AudioToolboxCore
0x000000019f4d0000 	/System/Library/Frameworks/CoreMIDI.framework/Versions/A/CoreMIDI
0x0000000194f90000 	/System/Library/PrivateFrameworks/AudioSession.framework/Versions/A/AudioSession
0x00000001968b9000 	/System/Library/Frameworks/IOBluetooth.framework/Versions/A/IOBluetooth
0x0000000192f80000 	/System/Library/PrivateFrameworks/MediaExperience.framework/Versions/A/MediaExperience
0x00000002561d8000 	/System/Library/PrivateFrameworks/Tightbeam.framework/Versions/A/Tightbeam
0x00000001c1852000 	/System/Library/PrivateFrameworks/AFKUser.framework/Versions/A/AFKUser
0x00000001930a6000 	/System/Library/PrivateFrameworks/AppServerSupport.framework/Versions/A/AppServerSupport
0x000000019542a000 	/System/Library/PrivateFrameworks/perfdata.framework/Versions/A/perfdata
0x00000001aac73000 	/System/Library/PrivateFrameworks/SystemPolicy.framework/Versions/A/SystemPolicy
0x00000001952c9000 	/usr/lib/libSMC.dylib
0x00000001939f2000 	/usr/lib/libAudioToolboxUtility.dylib
0x0000000195438000 	/usr/lib/libperfcheck.dylib
0x0000000229499000 	/System/Library/PrivateFrameworks/AudioAnalytics.framework/Versions/A/AudioAnalytics
0x00000001d4dde000 	/System/Library/PrivateFrameworks/FeatureFlags.framework/Versions/A/FeatureFlags
0x00000001cda78000 	/System/Library/Frameworks/OSLog.framework/Versions/A/OSLog
0x0000000191067000 	/usr/lib/libbz2.1.0.dylib
0x00000001aba3d000 	/usr/lib/libmis.dylib
0x0000000194da3000 	/System/Library/PrivateFrameworks/AudioSession.framework/libSessionUtility.dylib
0x0000000193b44000 	/System/Library/PrivateFrameworks/CMCaptureCore.framework/Versions/A/CMCaptureCore
0x00000001e24de000 	/System/Library/Frameworks/ExtensionFoundation.framework/Versions/A/ExtensionFoundation
0x000000019afc8000 	/System/Library/PrivateFrameworks/CoreTime.framework/Versions/A/CoreTime
0x0000000192d78000 	/System/Library/PrivateFrameworks/PlugInKit.framework/Versions/A/PlugInKit
0x0000000199bfd000 	/System/Library/PrivateFrameworks/PowerLog.framework/Versions/A/PowerLog
0x0000000199b0c000 	/System/Library/Frameworks/CoreBluetooth.framework/Versions/A/CoreBluetooth
0x000000019d245000 	/System/Library/Frameworks/AudioUnit.framework/Versions/A/AudioUnit
0x00000001906ff000 	/System/Library/PrivateFrameworks/CoreUtils.framework/Versions/A/CoreUtils
0x0000000230092000 	/System/Library/PrivateFrameworks/CoreUtilsExtras.framework/Versions/A/CoreUtilsExtras
0x0000000198f41000 	/System/Library/Frameworks/MediaAccessibility.framework/Versions/A/MediaAccessibility
0x00000001b3e91000 	/System/Library/PrivateFrameworks/AttributeGraph.framework/Versions/A/AttributeGraph
0x000000026339c000 	/usr/lib/libAXSafeCategoryBundle.dylib
0x00000001a5c84000 	/usr/lib/libAccessibility.dylib
0x0000000190549000 	/System/Library/Frameworks/Accelerate.framework/Versions/A/Frameworks/vecLib.framework/Versions/A/libvDSP.dylib
0x0000000191814000 	/System/Library/Frameworks/Accelerate.framework/Versions/A/Frameworks/vecLib.framework/Versions/A/libLAPACK.dylib
0x0000000190a01000 	/System/Library/Frameworks/Accelerate.framework/Versions/A/Frameworks/vecLib.framework/Versions/A/libLinearAlgebra.dylib
0x0000000191723000 	/System/Library/Frameworks/Accelerate.framework/Versions/A/Frameworks/vecLib.framework/Versions/A/libSparseBLAS.dylib
0x000000019180f000 	/System/Library/Frameworks/Accelerate.framework/Versions/A/Frameworks/vecLib.framework/Versions/A/libQuadrature.dylib
0x000000018fb83000 	/System/Library/Frameworks/Accelerate.framework/Versions/A/Frameworks/vecLib.framework/Versions/A/libBNNS.dylib
0x0000000184802000 	/System/Library/Frameworks/Accelerate.framework/Versions/A/Frameworks/vecLib.framework/Versions/A/libSparse.dylib
0x000000023feef000 	/System/Library/PrivateFrameworks/MIL.framework/Versions/A/MIL
0x0000000193ad6000 	/System/Library/PrivateFrameworks/GPUWrangler.framework/Versions/A/GPUWrangler
0x0000000193ab6000 	/System/Library/PrivateFrameworks/IOPresentment.framework/Versions/A/IOPresentment
0x0000000193ade000 	/System/Library/PrivateFrameworks/DSExternalDisplay.framework/Versions/A/DSExternalDisplay
0x00000001cde85000 	/System/Library/PrivateFrameworks/HIDDisplay.framework/Versions/A/HIDDisplay
0x00000001a4998000 	/System/Library/PrivateFrameworks/HID.framework/Versions/A/HID
0x00000002599fa000 	/System/Library/PrivateFrameworks/VideoToolboxParavirtualizationSupport.framework/Versions/A/VideoToolboxParavirtualizationSupport
0x0000000192e31000 	/System/Library/PrivateFrameworks/AppleVA.framework/Versions/A/AppleVA
0x000000019ab17000 	/System/Library/PrivateFrameworks/GraphicsServices.framework/Versions/A/GraphicsServices
0x0000000195620000 	/System/Library/PrivateFrameworks/CorePhoneNumbers.framework/Versions/A/CorePhoneNumbers
0x0000000199ced000 	/System/Library/PrivateFrameworks/MediaKit.framework/Versions/A/MediaKit
0x0000000199c38000 	/System/Library/Frameworks/DiscRecording.framework/Versions/A/DiscRecording
0x000000019540a000 	/System/Library/PrivateFrameworks/NetAuth.framework/Versions/A/NetAuth
0x000000018ce6e000 	/System/Library/PrivateFrameworks/login.framework/Versions/A/Frameworks/loginsupport.framework/Versions/A/loginsupport
0x0000000192ea1000 	/System/Library/PrivateFrameworks/IconFoundation.framework/Versions/A/IconFoundation
0x0000000192c10000 	/usr/lib/libIOReport.dylib
0x00000002290b4000 	/System/Library/PrivateFrameworks/AppleMobileFileIntegrity.framework/Versions/A/AppleMobileFileIntegrity
0x0000000263742000 	/usr/lib/libTLE.dylib
0x00000001dd7e9000 	/System/Library/PrivateFrameworks/ConfigProfileHelper.framework/Versions/A/ConfigProfileHelper
0x000000019099d000 	/usr/lib/libmecab.dylib
0x00000001848f7000 	/usr/lib/libCRFSuite.dylib
0x000000018fa5c000 	/System/Library/PrivateFrameworks/CoreNLP.framework/Versions/A/CoreNLP
0x00000001909fe000 	/usr/lib/libgermantok.dylib
0x00000001916d9000 	/usr/lib/libThaiTokenizer.dylib
0x0000000190967000 	/usr/lib/libCheckFix.dylib
0x000000018c105000 	/System/Library/PrivateFrameworks/MetadataUtilities.framework/Versions/A/MetadataUtilities
0x000000023bdb6000 	/System/Library/PrivateFrameworks/InstalledContentLibrary.framework/Versions/A/InstalledContentLibrary
0x000000018743e000 	/System/Library/PrivateFrameworks/CoreServicesStore.framework/Versions/A/CoreServicesStore
0x00000001bd158000 	/System/Library/PrivateFrameworks/MobileSystemServices.framework/Versions/A/MobileSystemServices
0x0000000192ace000 	/usr/lib/libxslt.1.dylib
0x0000000190929000 	/System/Library/PrivateFrameworks/BackgroundTaskManagement.framework/Versions/A/BackgroundTaskManagement
0x000000019c9f1000 	/usr/lib/libcurl.4.dylib
0x000000026397b000 	/usr/lib/libcrypto.46.dylib
0x0000000263ec8000 	/usr/lib/libssl.48.dylib
0x000000019c6c5000 	/System/Library/Frameworks/LDAP.framework/Versions/A/LDAP
0x000000019c701000 	/System/Library/PrivateFrameworks/TrustEvaluationAgent.framework/Versions/A/TrustEvaluationAgent
0x00000001950cc000 	/usr/lib/libsasl2.2.dylib
0x00000001a9245000 	/usr/lib/swift/libswiftCoreGraphics.dylib
0x000000019957b000 	/usr/lib/swift/libswiftFoundation.dylib
0x00000001dd2a0000 	/usr/lib/swift/libswiftSwiftOnoneSupport.dylib
0x00000001ca54e000 	/System/Library/PrivateFrameworks/CoreMaterial.framework/Versions/A/CoreMaterial
0x000000024a9da000 	/System/Library/PrivateFrameworks/SFSymbols.framework/Versions/A/SFSymbols
0x0000000198841000 	/System/Library/PrivateFrameworks/SpeechRecognitionCore.framework/Versions/A/SpeechRecognitionCore
0x00000001032d0000 	/opt/homebrew/Cellar/openjdk@11/11.0.25/libexec/openjdk.jdk/Contents/Home/lib/server/libjvm.dylib
0x00000001022b0000 	/opt/homebrew/Cellar/openjdk@11/11.0.25/libexec/openjdk.jdk/Contents/Home/lib/libverify.dylib
0x0000000102300000 	/opt/homebrew/Cellar/openjdk@11/11.0.25/libexec/openjdk.jdk/Contents/Home/lib/libjava.dylib
0x00000001022c8000 	/opt/homebrew/Cellar/openjdk@11/11.0.25/libexec/openjdk.jdk/Contents/Home/lib/libjimage.dylib
0x0000000102380000 	/opt/homebrew/Cellar/openjdk@11/11.0.25/libexec/openjdk.jdk/Contents/Home/lib/libjdwp.dylib
0x0000000102338000 	/opt/homebrew/Cellar/openjdk@11/11.0.25/libexec/openjdk.jdk/Contents/Home/lib/libinstrument.dylib
0x0000000102408000 	/opt/homebrew/Cellar/openjdk@11/11.0.25/libexec/openjdk.jdk/Contents/Home/lib/libzip.dylib
0x000000026338e000 	/usr/lib/i18n/libiconv_std.dylib
0x0000000263384000 	/usr/lib/i18n/libUTF8.dylib
0x0000000263393000 	/usr/lib/i18n/libmapper_none.dylib
0x00000001025f4000 	/opt/homebrew/Cellar/openjdk@11/11.0.25/libexec/openjdk.jdk/Contents/Home/lib/libdt_socket.dylib
0x0000000102628000 	/opt/homebrew/Cellar/openjdk@11/11.0.25/libexec/openjdk.jdk/Contents/Home/lib/libnio.dylib
0x000000012d6ec000 	/opt/homebrew/Cellar/openjdk@11/11.0.25/libexec/openjdk.jdk/Contents/Home/lib/libnet.dylib
0x0000000102608000 	/opt/homebrew/Cellar/openjdk@11/11.0.25/libexec/openjdk.jdk/Contents/Home/lib/libmanagement.dylib
0x0000000102648000 	/opt/homebrew/Cellar/openjdk@11/11.0.25/libexec/openjdk.jdk/Contents/Home/lib/libmanagement_ext.dylib
0x000000010265c000 	/opt/homebrew/Cellar/openjdk@11/11.0.25/libexec/openjdk.jdk/Contents/Home/lib/libextnet.dylib
0x000000012df40000 	/opt/homebrew/Cellar/openjdk@11/11.0.25/libexec/openjdk.jdk/Contents/Home/lib/libsunec.dylib


VM Arguments:
jvm_args: -agentlib:jdwp=transport=dt_socket,address=127.0.0.1:59468,suspend=y,server=n -javaagent:/Users/zch/software/skywalking-agent/skywalking-agent.jar -Dskywalking.agent.service_name=anynote-note -Dskywalking.collector.backend_service=127.0.0.1:11800 -XX:TieredStopAtLevel=1 -Xverify:none -Dspring.output.ansi.enabled=always -Dcom.sun.management.jmxremote -Dspring.jmx.enabled=true -Dspring.liveBeansView.mbeanDomain -Dspring.application.admin.enabled=true -Dmanagement.endpoints.jmx.exposure.include=* -javaagent:/Users/zch/Library/Caches/JetBrains/IntelliJIdea2024.2/captureAgent/debugger-agent.jar=file:/private/var/folders/3k/c0jh496n44v4f8t5jhnw4c900000gn/T/capture.props -Dkotlinx.coroutines.debug.enable.creation.stack.trace=false -Ddebugger.agent.enable.coroutines=true -Dfile.encoding=UTF-8 
java_command: com.anynote.note.AnyNoteNoteApplication
java_class_path (initial): /Users/zch/code/anynote/Anynote-Cloud/anynote-modules/anynote-modules-note/target/classes:/Users/zch/.m2/repository/com/alibaba/cloud/spring-cloud-starter-alibaba-nacos-discovery/2021.0.4.0/spring-cloud-starter-alibaba-nacos-discovery-2021.0.4.0.jar:/Users/zch/.m2/repository/com/alibaba/cloud/spring-cloud-alibaba-commons/2021.0.4.0/spring-cloud-alibaba-commons-2021.0.4.0.jar:/Users/zch/.m2/repository/com/alibaba/nacos/nacos-client/2.0.4/nacos-client-2.0.4.jar:/Users/zch/.m2/repository/com/fasterxml/jackson/core/jackson-core/2.13.4/jackson-core-2.13.4.jar:/Users/zch/.m2/repository/org/apache/httpcomponents/httpasyncclient/4.1.5/httpasyncclient-4.1.5.jar:/Users/zch/.m2/repository/org/apache/httpcomponents/httpcore/4.4.16/httpcore-4.4.16.jar:/Users/zch/.m2/repository/org/apache/httpcomponents/httpcore-nio/4.4.16/httpcore-nio-4.4.16.jar:/Users/zch/.m2/repository/org/apache/httpcomponents/httpclient/4.5.14/httpclient-4.5.14.jar:/Users/zch/.m2/repository/org/reflections/reflections/0.9.11/reflections-0.9.11.jar:/Users/zch/.m2/repository/com/google/guava/guava/20.0/guava-20.0.jar:/Users/zch/.m2/repository/org/javassist/javassist/3.21.0-GA/javassist-3.21.0-GA.jar:/Users/zch/.m2/repository/io/prometheus/simpleclient/0.15.0/simpleclient-0.15.0.jar:/Users/zch/.m2/repository/io/prometheus/simpleclient_tracer_otel/0.15.0/simpleclient_tracer_otel-0.15.0.jar:/Users/zch/.m2/repository/io/prometheus/simpleclient_tracer_common/0.15.0/simpleclient_tracer_common-0.15.0.jar:/Users/zch/.m2/repository/io/prometheus/simpleclient_tracer_otel_agent/0.15.0/simpleclient_tracer_otel_agent-0.15.0.jar:/Users/zch/.m2/repository/org/yaml/snakeyaml/1.30/snakeyaml-1.30.jar:/Users/zch/.m2/repository/com/alibaba/spring/spring-context-support/1.0.11/spring-context-support-1.0.11.jar:/Users/zch/.m2/repository/org/springframework/cloud/spring-cloud-commons/3.1.5/spring-cloud-commons-3.1.5.jar:/Users/zch/.m2/repository/org/springframework/security/spring-security-crypto/5.7.6/s
Launcher Type: SUN_STANDARD

[Global flags]
     bool BytecodeVerificationLocal                = false                                     {product} {command line}
     bool BytecodeVerificationRemote               = false                                     {product} {command line}
     intx CICompilerCount                          = 4                                         {product} {ergonomic}
     uint ConcGCThreads                            = 2                                         {product} {ergonomic}
     uint G1ConcRefinementThreads                  = 8                                         {product} {ergonomic}
   size_t G1HeapRegionSize                         = 1048576                                   {product} {ergonomic}
    uintx GCDrainStackTargetSize                   = 64                                        {product} {ergonomic}
   size_t InitialHeapSize                          = 402653184                                 {product} {ergonomic}
     bool ManagementServer                         = true                                      {product} {command line}
   size_t MarkStackSize                            = 4194304                                   {product} {ergonomic}
   size_t MaxHeapSize                              = 6442450944                                {product} {ergonomic}
   size_t MaxNewSize                               = 3865051136                                {product} {ergonomic}
   size_t MinHeapDeltaBytes                        = 1048576                                   {product} {ergonomic}
    uintx NonNMethodCodeHeapSize                   = 7549744                                {pd product} {ergonomic}
    uintx NonProfiledCodeHeapSize                  = 244108496                              {pd product} {ergonomic}
    uintx ProfiledCodeHeapSize                     = 0                                      {pd product} {ergonomic}
    uintx ReservedCodeCacheSize                    = 251658240                              {pd product} {ergonomic}
     bool SegmentedCodeCache                       = true                                      {product} {ergonomic}
     intx TieredStopAtLevel                        = 1                                         {product} {command line}
     bool UseCompressedClassPointers               = true                                 {lp64_product} {ergonomic}
     bool UseCompressedOops                        = true                                 {lp64_product} {ergonomic}
     bool UseG1GC                                  = true                                      {product} {ergonomic}

Logging:
Log output configuration:
 #0: stdout all=warning uptime,level,tags
 #1: stderr all=off uptime,level,tags

Environment Variables:
PATH=/Users/zch/.nvm/versions/node/v18.20.4/bin:/Users/zch/miniconda3/bin:/Users/zch/miniconda3/condabin:/Users/zch/software/apache-maven-3.9.9/bin:/opt/homebrew/bin:/opt/homebrew/sbin:/usr/local/bin:/System/Cryptexes/App/usr/bin:/usr/bin:/bin:/usr/sbin:/sbin:/var/run/com.apple.security.cryptexd/codex.system/bootstrap/usr/local/bin:/var/run/com.apple.security.cryptexd/codex.system/bootstrap/usr/bin:/var/run/com.apple.security.cryptexd/codex.system/bootstrap/usr/appleinternal/bin:/Library/Apple/usr/bin:/Users/zch/.cargo/bin:/Users/zch/.lmstudio/bin
SHELL=/bin/zsh
LC_CTYPE=zh_CN.UTF-8
TMPDIR=/var/folders/3k/c0jh496n44v4f8t5jhnw4c900000gn/T/

Signal Handlers:
SIGSEGV: [libjvm.dylib+0x701dd0], sa_mask[0]=11111111011111110111111111111111, sa_flags=SA_ONSTACK|SA_RESTART|SA_SIGINFO
SIGBUS: [libjvm.dylib+0x701dd0], sa_mask[0]=11111111011111110111111111111111, sa_flags=SA_RESTART|SA_SIGINFO
SIGFPE: [libjvm.dylib+0x701dd0], sa_mask[0]=11111111011111110111111111111111, sa_flags=SA_RESTART|SA_SIGINFO
SIGPIPE: [libjvm.dylib+0x56a09c], sa_mask[0]=11111111011111110111111111111111, sa_flags=SA_RESTART|SA_SIGINFO
SIGXFSZ: [libjvm.dylib+0x56a09c], sa_mask[0]=11111111011111110111111111111111, sa_flags=SA_RESTART|SA_SIGINFO
SIGILL: [libjvm.dylib+0x701dd0], sa_mask[0]=11111111011111110111111111111111, sa_flags=SA_RESTART|SA_SIGINFO
SIGUSR2: [libjvm.dylib+0x56a698], sa_mask[0]=00000000000000000000000000000000, sa_flags=SA_RESTART|SA_SIGINFO
SIGHUP: [libjvm.dylib+0x568e30], sa_mask[0]=11111111011111110111111111111111, sa_flags=SA_RESTART|SA_SIGINFO
SIGINT: [libjvm.dylib+0x568e30], sa_mask[0]=11111111011111110111111111111111, sa_flags=SA_RESTART|SA_SIGINFO
SIGTERM: [libjvm.dylib+0x568e30], sa_mask[0]=11111111011111110111111111111111, sa_flags=SA_RESTART|SA_SIGINFO
SIGQUIT: [libjvm.dylib+0x568e30], sa_mask[0]=11111111011111110111111111111111, sa_flags=SA_RESTART|SA_SIGINFO


---------------  S Y S T E M  ---------------

OS:uname:Darwin 24.3.0 Darwin Kernel Version 24.3.0: Thu Jan  2 20:24:23 PST 2025; root:xnu-11215.81.4~3/RELEASE_ARM64_T8122 arm64
OS uptime: 1 days 6:24 hours
rlimit (soft/hard): STACK 8176k/65520k , CORE 0k/infinity , NPROC 4000/6000 , NOFILE 10240/infinity , AS infinity/infinity , CPU infinity/infinity , DATA infinity/infinity , FSIZE infinity/infinity , MEMLOCK infinity/infinity , RSS infinity/infinity
load average:5.00 4.88 5.47

CPU:total 8 (initial active 8) 0x61:0x0:0xfa33415e:0, simd, crc, lse

Memory: 16k page, physical 25165824k(191712k free), swap 24117248k(1209024k free)

vm_info: OpenJDK 64-Bit Server VM (11.0.25+0) for bsd-aarch64 JRE (11.0.25+0), built on Oct 15 2024 22:10:31 by "brew" with clang Homebrew Clang 19.1.1

END.
