#
# A fatal error has been detected by the Java Runtime Environment:
#
#  SIGSEGV (0xb) at pc=0x000000010205d11c, pid=63970, tid=49411
#
# JRE version: OpenJDK Runtime Environment Homebrew (11.0.25) (build 11.0.25+0)
# Java VM: OpenJDK 64-Bit Server VM Homebrew (11.0.25+0, mixed mode, tiered, compressed oops, g1 gc, bsd-aarch64)
# Problematic frame:
# V  [libjvm.dylib+0x69511c]  ObjectSynchronizer::inflate(Thread*, oopDesc*, ObjectSynchronizer::InflateCause)+0x18c
#
# No core dump will be written. Core dumps have been disabled. To enable core dumping, try "ulimit -c unlimited" before starting Java again
#
# If you would like to submit a bug report, please visit:
#   https://github.com/Homebrew/homebrew-core/issues
#

---------------  S U M M A R Y ------------

Command Line: -javaagent:/Users/zch/software/skywalking-agent/skywalking-agent.jar -Dskywalking.agent.service_name=anynote-notify -Dskywalking.collector.backend_service=127.0.0.1:11800 -XX:TieredStopAtLevel=1 -Xverify:none -Dspring.output.ansi.enabled=always -Dcom.sun.management.jmxremote -Dspring.jmx.enabled=true -Dspring.liveBeansView.mbeanDomain -Dspring.application.admin.enabled=true -Dmanagement.endpoints.jmx.exposure.include=* -javaagent:/Applications/IntelliJ IDEA.app/Contents/lib/idea_rt.jar=51944:/Applications/IntelliJ IDEA.app/Contents/bin -Dfile.encoding=UTF-8 com.anynote.notify.AnyNoteNotifyApplication

Host: Mac15,12 arm64 1 MHz, 8 cores, 24G, Darwin 24.3.0
Time: Sun Apr  6 09:38:30 2025 CST elapsed time: 3.942434 seconds (0d 0h 0m 3s)

---------------  T H R E A D  ---------------

Current thread (0x000000012e8f1800):  JavaThread "background-preinit" [_thread_in_Java, id=49411, stack(0x0000000176660000,0x0000000176863000)]

Stack: [0x0000000176660000,0x0000000176863000],  sp=0x000000017685ebe0,  free space=2042k
Native frames: (J=compiled Java code, A=aot compiled Java code, j=interpreted, Vv=VM code, C=native code)
V  [libjvm.dylib+0x69511c]  ObjectSynchronizer::inflate(Thread*, oopDesc*, ObjectSynchronizer::InflateCause)+0x18c
V  [libjvm.dylib+0x694f70]  ObjectSynchronizer::fast_exit(oopDesc*, BasicLock*, Thread*)+0x54
V  [libjvm.dylib+0x5e9130]  SharedRuntime::monitor_exit_helper(oopDesc*, BasicLock*, JavaThread*, bool)+0x44
V  [libjvm.dylib+0x12aa9c]  Runtime1::monitorexit(JavaThread*, BasicObjectLock*)+0x58
v  ~RuntimeStub::monitorexit_nofpu Runtime1 stub
J 1368 c1 jdk.internal.loader.URLClassPath.getResource(Ljava/lang/String;Z)Ljdk/internal/loader/Resource; java.base@11.0.25 (74 bytes) @ 0x000000010b6cd244 [0x000000010b6cd1c0+0x0000000000000084]
J 1452 c1 jdk.internal.loader.BuiltinClassLoader.findClassOnClassPathOrNull(Ljava/lang/String;)Ljava/lang/Class; java.base@11.0.25 (64 bytes) @ 0x000000010b6f9718 [0x000000010b6f9640+0x00000000000000d8]
J 1365 c1 jdk.internal.loader.BuiltinClassLoader.loadClassOrNull(Ljava/lang/String;Z)Ljava/lang/Class; java.base@11.0.25 (143 bytes) @ 0x000000010b6cbc10 [0x000000010b6cb7c0+0x0000000000000450]
J 1421 c1 jdk.internal.loader.ClassLoaders$AppClassLoader.loadClass(Ljava/lang/String;Z)Ljava/lang/Class; java.base@11.0.25 (40 bytes) @ 0x000000010b6ebf70 [0x000000010b6ebe40+0x0000000000000130]
J 1416 c1 java.lang.ClassLoader.loadClass(Ljava/lang/String;)Ljava/lang/Class; java.base@11.0.25 (7 bytes) @ 0x000000010b6e88a8 [0x000000010b6e8840+0x0000000000000068]
j  org.apache.logging.log4j.util.LoaderUtil.loadClass(Ljava/lang/String;)Ljava/lang/Class;+21
j  org.apache.logging.log4j.util.Constants.isClassAvailable(Ljava/lang/String;)Z+1
j  org.apache.logging.log4j.util.Constants.<clinit>()V+7
v  ~StubRoutines::call_stub
V  [libjvm.dylib+0x32be34]  JavaCalls::call_helper(JavaValue*, methodHandle const&, JavaCallArguments*, Thread*)+0x2d8
V  [libjvm.dylib+0x3120bc]  InstanceKlass::call_class_initializer(Thread*)+0x190
V  [libjvm.dylib+0x311a38]  InstanceKlass::initialize_impl(Thread*)+0x420
V  [libjvm.dylib+0x48d49c]  LinkResolver::resolve_field(fieldDescriptor&, LinkInfo const&, Bytecodes::Code, bool, Thread*)+0x440
V  [libjvm.dylib+0x48d040]  LinkResolver::resolve_field_access(fieldDescriptor&, constantPoolHandle const&, int, methodHandle const&, Bytecodes::Code, Thread*)+0x50
V  [libjvm.dylib+0x325018]  InterpreterRuntime::resolve_get_put(JavaThread*, Bytecodes::Code)+0x138
V  [libjvm.dylib+0x326188]  InterpreterRuntime::resolve_from_cache(JavaThread*, Bytecodes::Code)+0x88
j  org.apache.logging.log4j.spi.AbstractLogger.createClassForProperty(Ljava/lang/String;Ljava/lang/Class;Ljava/lang/Class;)Ljava/lang/Class;+0
j  org.apache.logging.log4j.spi.AbstractLogger.<clinit>()V+114
v  ~StubRoutines::call_stub
V  [libjvm.dylib+0x32be34]  JavaCalls::call_helper(JavaValue*, methodHandle const&, JavaCallArguments*, Thread*)+0x2d8
V  [libjvm.dylib+0x3120bc]  InstanceKlass::call_class_initializer(Thread*)+0x190
V  [libjvm.dylib+0x311a38]  InstanceKlass::initialize_impl(Thread*)+0x420
V  [libjvm.dylib+0x3117ac]  InstanceKlass::initialize_impl(Thread*)+0x194
V  [libjvm.dylib+0x48d608]  LinkResolver::resolve_static_call(CallInfo&, LinkInfo const&, bool, Thread*)+0x7c
V  [libjvm.dylib+0x48f0a8]  LinkResolver::resolve_invokestatic(CallInfo&, constantPoolHandle const&, int, Thread*)+0x44
V  [libjvm.dylib+0x325bcc]  InterpreterRuntime::resolve_invoke(JavaThread*, Bytecodes::Code)+0x1d8
V  [libjvm.dylib+0x32616c]  InterpreterRuntime::resolve_from_cache(JavaThread*, Bytecodes::Code)+0x6c
j  org.apache.logging.log4j.LogManager.<clinit>()V+0
v  ~StubRoutines::call_stub
V  [libjvm.dylib+0x32be34]  JavaCalls::call_helper(JavaValue*, methodHandle const&, JavaCallArguments*, Thread*)+0x2d8
V  [libjvm.dylib+0x3120bc]  InstanceKlass::call_class_initializer(Thread*)+0x190
V  [libjvm.dylib+0x311a38]  InstanceKlass::initialize_impl(Thread*)+0x420
V  [libjvm.dylib+0x3b0314]  find_class_from_class_loader(JNIEnv_*, Symbol*, unsigned char, Handle, Handle, unsigned char, Thread*)+0x80
V  [libjvm.dylib+0x3b01c8]  JVM_FindClassFromCaller+0x1d0
C  [libjava.dylib+0x5d8c]  Java_java_lang_Class_forName0+0x130
J 1461  java.lang.Class.forName0(Ljava/lang/String;ZLjava/lang/ClassLoader;Ljava/lang/Class;)Ljava/lang/Class; java.base@11.0.25 (0 bytes) @ 0x000000010b6fc2f4 [0x000000010b6fc240+0x00000000000000b4]
C  0x0000000640935a78

Java frames: (J=compiled Java code, j=interpreted, Vv=VM code)
v  ~RuntimeStub::monitorexit_nofpu Runtime1 stub
J 340 c1 java.util.zip.ZipFile.getEntry(Ljava/lang/String;Ljava/util/function/Function;)Ljava/util/zip/ZipEntry; java.base@11.0.25 (73 bytes) @ 0x000000010b4f4564 [0x000000010b4f4300+0x0000000000000264]
J 744 c1 java.util.jar.JarFile.getEntry(Ljava/lang/String;)Ljava/util/zip/ZipEntry; java.base@11.0.25 (22 bytes) @ 0x000000010b5ad754 [0x000000010b5ad680+0x00000000000000d4]
J 785 c1 jdk.internal.loader.URLClassPath$JarLoader.getResource(Ljava/lang/String;Z)Ljdk/internal/loader/Resource; java.base@11.0.25 (65 bytes) @ 0x000000010b5bffd4 [0x000000010b5bff40+0x0000000000000094]
J 1368 c1 jdk.internal.loader.URLClassPath.getResource(Ljava/lang/String;Z)Ljdk/internal/loader/Resource; java.base@11.0.25 (74 bytes) @ 0x000000010b6cd244 [0x000000010b6cd1c0+0x0000000000000084]
J 1452 c1 jdk.internal.loader.BuiltinClassLoader.findClassOnClassPathOrNull(Ljava/lang/String;)Ljava/lang/Class; java.base@11.0.25 (64 bytes) @ 0x000000010b6f9718 [0x000000010b6f9640+0x00000000000000d8]
J 1365 c1 jdk.internal.loader.BuiltinClassLoader.loadClassOrNull(Ljava/lang/String;Z)Ljava/lang/Class; java.base@11.0.25 (143 bytes) @ 0x000000010b6cbc10 [0x000000010b6cb7c0+0x0000000000000450]
J 1421 c1 jdk.internal.loader.ClassLoaders$AppClassLoader.loadClass(Ljava/lang/String;Z)Ljava/lang/Class; java.base@11.0.25 (40 bytes) @ 0x000000010b6ebf70 [0x000000010b6ebe40+0x0000000000000130]
J 1416 c1 java.lang.ClassLoader.loadClass(Ljava/lang/String;)Ljava/lang/Class; java.base@11.0.25 (7 bytes) @ 0x000000010b6e88a8 [0x000000010b6e8840+0x0000000000000068]
j  org.apache.logging.log4j.util.LoaderUtil.loadClass(Ljava/lang/String;)Ljava/lang/Class;+21
j  org.apache.logging.log4j.util.Constants.isClassAvailable(Ljava/lang/String;)Z+1
j  org.apache.logging.log4j.util.Constants.<clinit>()V+7
v  ~StubRoutines::call_stub
j  org.apache.logging.log4j.spi.AbstractLogger.createClassForProperty(Ljava/lang/String;Ljava/lang/Class;Ljava/lang/Class;)Ljava/lang/Class;+0
j  org.apache.logging.log4j.spi.AbstractLogger.<clinit>()V+114
v  ~StubRoutines::call_stub
j  org.apache.logging.log4j.LogManager.<clinit>()V+0
v  ~StubRoutines::call_stub
J 1461  java.lang.Class.forName0(Ljava/lang/String;ZLjava/lang/ClassLoader;Ljava/lang/Class;)Ljava/lang/Class; java.base@11.0.25 (0 bytes) @ 0x000000010b6fc2f8 [0x000000010b6fc240+0x00000000000000b8]
J 1520 c1 java.lang.Class.forName(Ljava/lang/String;ZLjava/lang/ClassLoader;)Ljava/lang/Class; java.base@11.0.25 (47 bytes) @ 0x000000010b718fe8 [0x000000010b718f00+0x00000000000000e8]
j  org.jboss.logging.LoggerProviders.tryLog4j2(Ljava/lang/ClassLoader;Ljava/lang/String;)Lorg/jboss/logging/LoggerProvider;+12
j  org.jboss.logging.LoggerProviders.findProvider()Lorg/jboss/logging/LoggerProvider;+157
j  org.jboss.logging.LoggerProviders.find()Lorg/jboss/logging/LoggerProvider;+0
j  org.jboss.logging.LoggerProviders.<clinit>()V+0
v  ~StubRoutines::call_stub
j  org.jboss.logging.Logger.getLogger(Ljava/lang/String;)Lorg/jboss/logging/Logger;+0
j  org.jboss.logging.Logger.doGetMessageLogger(Ljava/lang/Class;Ljava/lang/String;Ljava/util/Locale;)Ljava/lang/Object;+300
j  org.jboss.logging.Logger.getMessageLogger(Ljava/lang/Class;Ljava/lang/String;Ljava/util/Locale;)Ljava/lang/Object;+9
j  org.jboss.logging.Logger.getMessageLogger(Ljava/lang/Class;Ljava/lang/String;)Ljava/lang/Object;+5
j  org.hibernate.validator.internal.util.logging.LoggerFactory.make(Ljava/lang/invoke/MethodHandles$Lookup;)Lorg/hibernate/validator/internal/util/logging/Log;+11
j  org.hibernate.validator.internal.util.Version.<clinit>()V+3
v  ~StubRoutines::call_stub
j  org.hibernate.validator.internal.engine.AbstractConfigurationImpl.<clinit>()V+16
v  ~StubRoutines::call_stub
j  org.hibernate.validator.HibernateValidator.createGenericConfiguration(Ljavax/validation/spi/BootstrapState;)Ljavax/validation/Configuration;+0
j  javax.validation.Validation$GenericBootstrapImpl.configure()Ljavax/validation/Configuration;+81
j  org.springframework.boot.autoconfigure.BackgroundPreinitializer$ValidationInitializer.run()V+3
j  org.springframework.boot.autoconfigure.BackgroundPreinitializer$1.runSafely(Ljava/lang/Runnable;)Z+1
j  org.springframework.boot.autoconfigure.BackgroundPreinitializer$1.run()V+22
j  java.lang.Thread.run()V+11 java.base@11.0.25
v  ~StubRoutines::call_stub

siginfo: si_signo: 11 (SIGSEGV), si_code: 2 (SEGV_ACCERR), si_addr: 0x0000000000000000

Register to memory mapping:

 x0=0x0 is NULL
 x1=0x0000000640597be0 is an oop: java.util.jar.JarFile 
{0x0000000640597be0} - klass: 'java/util/jar/JarFile'
 - ---- fields (total size 8 words):
 - private 'lastEntryPos' 'I' @12  21029 (5225)
 - private volatile 'closeRequested' 'Z' @16  false
 - private final 'name' 'Ljava/lang/String;' @20  "/Users/zch/.m2/repository/org/springframework/spring-context/5.3.24/spring-context-5.3.24.jar"{0x000000064048de38} (c8091bc7)
 - private final synchronized 'zc' 'Ljava/util/zip/ZipCoder;' @24  a 'java/util/zip/ZipCoder$UTF8'{0x00000006411a26c8} (c82344d9)
 - private final synchronized 'res' 'Ljava/util/zip/ZipFile$CleanableResource;' @28  a 'java/util/zip/ZipFile$CleanableResource'{0x0000000640597c20} (c80b2f84)
 - private 'lastEntryName' 'Ljava/lang/String;' @32  "org/springframework/context/annotation/AnnotationScopeMetadataResolver.class"{0x000000066c852b98} (cd90a573)
 - private final 'versionFeature' 'I' @36  11 (b)
 - private 'jvInitialized' 'Z' @40  false
 - private 'verify' 'Z' @41  false
 - private 'isMultiRelease' 'Z' @42  false
 - private 'hasClassPathAttribute' 'Z' @43  false
 - private volatile 'hasCheckedSpecialAttributes' 'Z' @44  true
 - private strict 'manRef' 'Ljava/lang/ref/SoftReference;' @48  a 'java/lang/ref/SoftReference'{0x000000064c9fcaf0} (c993f95e)
 - private 'manEntry' 'Ljava/util/jar/JarEntry;' @52  a 'java/util/jar/JarFile$JarFileEntry'{0x000000064059fee8} (c80b3fdd)
 - private 'jv' 'Ljava/util/jar/JarVerifier;' @56  
[error occurred during error reporting (printing register info), id 0xb, SIGSEGV (0xb) at pc=0x0000000101f21918]

Registers:
 x0=0x0000000000000000  x1=0x0000000640597be0  x2=0x0000000000000000  x3=0x0000000000000001
 x4=0x000000004a6d1ec4  x5=0x000000064059fd30  x6=0x000000066c89a460  x7=0x000000000000001b
 x8=0x0000000000000000  x9=0x0000000000001889 x10=0x0000000000000000 x11=0x0000000000000e00
x12=0x0000000129aac330 x13=0x00000000000007fd x14=0x000000008883181d x15=0x00000000886317fb
x16=0x0000000000000020 x17=0x0000600002ec8990 x18=0x0000000000000000 x19=0x0000000000000000
x20=0x0000000640597be0 x21=0x000000014daf1d80 x22=0x000000012e8f1800 x23=0x0000000000000000
x24=0x0000000102253a84 x25=0x0000000000000000 x26=0x000000013857a530 x27=0x0000000000000000
x28=0x000000012e8f1800  fp=0x000000017685ec90  lr=0x000000010205d118  sp=0x000000017685ebe0
pc=0x000000010205d11c cpsr=0x0000000060001000
Top of Stack: (sp=0x000000017685ebe0)
0x000000017685ebe0:   0000000100000000 000000012e8f1800
0x000000017685ebf0:   000000012e8f1800 000000066c893228
0x000000017685ec00:   000000000000001b 0000000000000000
0x000000017685ec10:   000000017685ec40 0000000101af2a9c
0x000000017685ec20:   0000000000000000 0000000000000000
0x000000017685ec30:   000000017685f400 000000066c8957d8
0x000000017685ec40:   000000017685ee40 000000010ae3a9f8
0x000000017685ec50:   000000013857a530 000000000000000a
0x000000017685ec60:   0000000000000000 0000000000000000
0x000000017685ec70:   000000012e8f1800 0000000000000001
0x000000017685ec80:   0000000640597be0 000000012e8f1800
0x000000017685ec90:   000000017685ecb0 000000010205cf70
0x000000017685eca0:   0000000640597be0 000000017685efa8
0x000000017685ecb0:   000000017685ecf0 0000000101fb1130
0x000000017685ecc0:   000000012e8f1800 000000012e8f1800
0x000000017685ecd0:   000000012e8f1800 0000000000000001
0x000000017685ece0:   000000017685efa8 000000012e8f1800
0x000000017685ecf0:   000000017685ed20 0000000101af2a9c
0x000000017685ed00:   0000000138579c25 00000001022866f0
0x000000017685ed10:   000000017685f400 000000066c89a4d0
0x000000017685ed20:   000000017685ef20 000000010ae3a9f8
0x000000017685ed30:   000000017685edb0 0000000101d4bd50
0x000000017685ed40:   000000013857a530 000000014daf1718
0x000000017685ed50:   000000012e8f1800 0000000000000000
0x000000017685ed60:   000000013857a530 000000000000000a
0x000000017685ed70:   0000000000000000 0000000000000000
0x000000017685ed80:   000000012e8f1800 0000000000000001
0x000000017685ed90:   0000000640458428 000000017685f0e0
0x000000017685eda0:   000000017685ede0 0000000101fb1140
0x000000017685edb0:   000000012e8f1800 000000012e8f1800
0x000000017685edc0:   000000012e8f1800 0000000000000001
0x000000017685edd0:   000000017685f0e0 000000012e8f1800 

Instructions: (pc=0x000000010205d11c)
0x000000010205d01c:   1f 30 00 f9 1f 44 00 f9 1f 28 00 f9 79 03 00 b4
0x000000010205d02c:   b7 02 00 f9 bf 22 00 f9 bf 2a 00 f9 b4 06 00 f9
0x000000010205d03c:   bf 2a 00 f9 bf 3a 00 f9 08 03 40 b9 a8 7e 00 b9
0x000000010205d04c:   a9 02 7f b2 bf 3b 03 d5 e8 03 17 aa 89 7e a8 c8
0x000000010205d05c:   bf 3b 03 d5 1f 01 17 eb 60 08 00 54 ff 02 08 eb
0x000000010205d06c:   20 08 00 54 bf 06 00 f9 bf 22 00 f9 bf 2a 00 f9
0x000000010205d07c:   bf 36 00 f9 bf 2e 00 f9 bf 32 00 f9 bf 46 00 f9
0x000000010205d08c:   bf 2a 00 f9 0d 00 00 14 bf 3a 00 f9 bf 2a 00 f9
0x000000010205d09c:   08 03 40 b9 a8 7e 00 b9 bf 3b 03 d5 e8 03 17 aa
0x000000010205d0ac:   9f 7e a8 c8 bf 3b 03 d5 1f 01 17 eb c0 02 00 54
0x000000010205d0bc:   ff 02 08 eb 80 02 00 54 e0 03 16 aa e1 03 15 aa
0x000000010205d0cc:   22 00 80 52 9c 05 00 94 97 02 40 f9 e0 03 17 aa
0x000000010205d0dc:   81 b9 ed 97 e0 f8 0f 36 e0 03 17 aa 7e b9 ed 97
0x000000010205d0ec:   15 00 7f d2 e0 03 15 aa fd 7b 4b a9 f4 4f 4a a9
0x000000010205d0fc:   f6 57 49 a9 f8 5f 48 a9 fa 67 47 a9 ff 03 03 91
0x000000010205d10c:   c0 03 5f d6 e0 03 17 aa 73 b9 ed 97 08 f8 7e 92
0x000000010205d11c:   08 01 40 f9 a8 02 00 f9 e0 03 17 aa 6e b9 ed 97
0x000000010205d12c:   a0 22 00 f9 bf 2a 00 f9 b4 06 00 f9 88 02 40 f9
0x000000010205d13c:   48 01 00 b4 e0 07 00 90 00 7c 3c 91 e2 07 00 b0
0x000000010205d14c:   42 10 02 91 03 05 00 90 63 e0 08 91 01 bd 80 52
0x000000010205d15c:   ce 9d ed 97 28 49 fb 97 a8 02 7f b2 bf 3b 03 d5
0x000000010205d16c:   88 02 00 f9 08 11 00 d0 08 41 0b 91 08 01 40 f9
0x000000010205d17c:   48 01 00 b4 09 11 00 d0 29 e1 2b 91 29 01 40 39
0x000000010205d18c:   3f 05 00 71 a1 00 00 54 08 15 40 f9 09 01 40 f9
0x000000010205d19c:   29 05 00 91 09 01 00 f9 c8 0f 00 f0 08 e5 43 f9
0x000000010205d1ac:   28 06 00 b4 c8 10 00 d0 08 e5 37 91 08 01 40 39
0x000000010205d1bc:   1f 05 00 71 21 01 00 54 89 0a 40 b9 ca 0f 00 f0
0x000000010205d1cc:   4a 61 2b 91 4b 09 40 b9 4a 01 40 f9 2b 21 cb 9a
0x000000010205d1dc:   6a 01 0a 8b 03 00 00 14 8a 06 40 f9 e9 03 0a aa
0x000000010205d1ec:   4a 09 40 b9 5f 05 00 71 eb 03 00 54 80 10 00 d0
0x000000010205d1fc:   00 80 27 91 0a 00 40 f9 40 01 3f d6 0a 00 40 f9
0x000000010205d20c:   4a 3d 41 f9 ea 0f 00 f9 40 05 c0 3d e0 03 82 3c 


Stack slot to memory mapping:
stack at sp + 0 slots: 0x0000000100000000 is an unknown value
stack at sp + 1 slots: 0x000000012e8f1800 is a thread
stack at sp + 2 slots: 0x000000012e8f1800 is a thread
stack at sp + 3 slots: 0x000000066c893228 is an oop: java.lang.String 
{0x000000066c893228} - klass: 'java/lang/String'
 - string: "javax/servlet/Servlet.class"
stack at sp + 4 slots: 0x000000000000001b is an unknown value
stack at sp + 5 slots: 0x0 is NULL
stack at sp + 6 slots: 0x000000017685ec40 is pointing into the stack for thread: 0x000000012e8f1800
stack at sp + 7 slots: 0x0000000101af2a9c: _ZN8Runtime111monitorexitEP10JavaThreadP15BasicObjectLock+0x58 in /opt/homebrew/Cellar/openjdk@11/11.0.25/libexec/openjdk.jdk/Contents/Home/lib/server/libjvm.dylib at 0x00000001019c8000


---------------  P R O C E S S  ---------------

Threads class SMR info:
_java_thread_list=0x000060000206d460, length=41, elements={
0x000000014f020800, 0x000000012d010000, 0x000000012d015000, 0x000000012d024000,
0x000000014e008800, 0x000000014e813000, 0x000000012d816000, 0x000000012d033000,
0x000000012d554000, 0x000000012d56a800, 0x000000012e88d000, 0x000000012e87c000,
0x000000012e0ff800, 0x000000012e112000, 0x000000012e10a800, 0x000000012e89b800,
0x000000012e89e800, 0x000000014e9a5800, 0x000000012e126000, 0x000000012e89f800,
0x000000012e124800, 0x000000014d287800, 0x000000012e140000, 0x000000012e141000,
0x000000012e142000, 0x000000012e8b4000, 0x000000012da91800, 0x000000014e9b6800,
0x000000012da96800, 0x000000014e932800, 0x000000014e924800, 0x000000014e15f800,
0x000000014e177800, 0x000000012d5c1000, 0x000000012dc57000, 0x000000014d2d1000,
0x000000012e1a8800, 0x000000012da8c800, 0x000000012e150000, 0x0000000138aca800,
0x000000012e8f1800
}

Java Threads: ( => current thread )
  0x000000014f020800 JavaThread "main" [_thread_blocked, id=5123, stack(0x000000016f4b4000,0x000000016f6b7000)]
  0x000000012d010000 JavaThread "Reference Handler" daemon [_thread_blocked, id=17411, stack(0x0000000170308000,0x000000017050b000)]
  0x000000012d015000 JavaThread "Finalizer" daemon [_thread_blocked, id=21251, stack(0x0000000170514000,0x0000000170717000)]
  0x000000012d024000 JavaThread "Signal Dispatcher" daemon [_thread_blocked, id=21763, stack(0x0000000170838000,0x0000000170a3b000)]
  0x000000014e008800 JavaThread "Service Thread" daemon [_thread_blocked, id=32515, stack(0x0000000170a44000,0x0000000170c47000)]
  0x000000014e813000 JavaThread "C1 CompilerThread0" daemon [_thread_blocked, id=32003, stack(0x0000000170c50000,0x0000000170e53000)]
  0x000000012d816000 JavaThread "Sweeper thread" daemon [_thread_blocked, id=23043, stack(0x0000000170e5c000,0x000000017105f000)]
  0x000000012d033000 JavaThread "Common-Cleaner" daemon [_thread_blocked, id=23299, stack(0x0000000171068000,0x000000017126b000)]
  0x000000012d554000 JavaThread "SkywalkingAgent-LogFileWriter" daemon [_thread_blocked, id=25859, stack(0x00000001720c8000,0x00000001722cb000)]
  0x000000012d56a800 JavaThread "DataCarrier.DEFAULT.Consumer.0.Thread" daemon [_thread_blocked, id=28675, stack(0x00000001724e0000,0x00000001726e3000)]
  0x000000012e88d000 JavaThread "SkywalkingAgent-5-JVMService-produce-0" daemon [_thread_blocked, id=28163, stack(0x00000001726ec000,0x00000001728ef000)]
  0x000000012e87c000 JavaThread "SkywalkingAgent-6-JVMService-consume-0" daemon [_thread_blocked, id=27651, stack(0x00000001728f8000,0x0000000172afb000)]
  0x000000012e0ff800 JavaThread "SkywalkingAgent-7-ServiceManagementClient-0" daemon [_thread_blocked, id=32771, stack(0x0000000172b04000,0x0000000172d07000)]
  0x000000012e112000 JavaThread "SkywalkingAgent-1-CommandService-0" daemon [_thread_blocked, id=33283, stack(0x0000000172d10000,0x0000000172f13000)]
  0x000000012e10a800 JavaThread "SkywalkingAgent-8-ProfileGetTaskService-0" daemon [_thread_blocked, id=43011, stack(0x0000000172f1c000,0x000000017311f000)]
  0x000000012e89b800 JavaThread "SkywalkingAgent-9-ProfileSendSnapshotService-0" daemon [_thread_blocked, id=34307, stack(0x0000000173128000,0x000000017332b000)]
  0x000000012e89e800 JavaThread "SkywalkingAgent-10-MeterReportService-0" daemon [_thread_blocked, id=34563, stack(0x0000000173334000,0x0000000173537000)]
  0x000000014e9a5800 JavaThread "DataCarrier.gRPC-log.Consumer.0.Thread" daemon [_thread_blocked, id=41731, stack(0x0000000173540000,0x0000000173743000)]
  0x000000012e126000 JavaThread "SkywalkingAgent-11-ConfigurationDiscoveryService-0" daemon [_thread_blocked, id=35075, stack(0x000000017374c000,0x000000017394f000)]
  0x000000012e89f800 JavaThread "SkywalkingAgent-12-GRPCChannelManager-0" daemon [_thread_blocked, id=35587, stack(0x0000000173958000,0x0000000173b5b000)]
  0x000000012e124800 JavaThread "Monitor Ctrl-Break" daemon [_thread_in_native, id=36355, stack(0x0000000173b64000,0x0000000173d67000)]
  0x000000014d287800 JavaThread "RMI TCP Accept-0" daemon [_thread_in_native, id=36867, stack(0x0000000173d70000,0x0000000173f73000)]
  0x000000012e140000 JavaThread "grpc-nio-worker-ELG-1-1" daemon [_thread_in_native, id=40195, stack(0x0000000173f7c000,0x000000017417f000)]
  0x000000012e141000 JavaThread "grpc-default-executor-0" daemon [_thread_blocked, id=37379, stack(0x0000000174188000,0x000000017438b000)]
  0x000000012e142000 JavaThread "grpc-nio-worker-ELG-1-2" daemon [_thread_in_native, id=38403, stack(0x00000001745a0000,0x00000001747a3000)]
  0x000000012e8b4000 JavaThread "grpc-default-executor-1" daemon [_thread_blocked, id=38915, stack(0x00000001747ac000,0x00000001749af000)]
  0x000000012da91800 JavaThread "Attach Listener" daemon [_thread_blocked, id=44035, stack(0x00000001749b8000,0x0000000174bbb000)]
  0x000000014e9b6800 JavaThread "grpc-nio-worker-ELG-1-3" daemon [_thread_in_native, id=65283, stack(0x0000000174bc4000,0x0000000174dc7000)]
  0x000000012da96800 JavaThread "grpc-default-executor-2" daemon [_thread_blocked, id=64771, stack(0x0000000174dd0000,0x0000000174fd3000)]
  0x000000014e932800 JavaThread "RMI TCP Connection(1)-127.0.0.1" daemon [_thread_in_native, id=45315, stack(0x0000000174fdc000,0x00000001751df000)]
  0x000000014e924800 JavaThread "RMI Scheduler(0)" daemon [_thread_blocked, id=45827, stack(0x00000001751e8000,0x00000001753eb000)]
  0x000000014e15f800 JavaThread "grpc-nio-worker-ELG-1-4" daemon [_thread_in_native, id=63747, stack(0x00000001753f4000,0x00000001755f7000)]
  0x000000014e177800 JavaThread "grpc-nio-worker-ELG-1-5" daemon [_thread_in_native, id=47107, stack(0x000000017580c000,0x0000000175a0f000)]
  0x000000012d5c1000 JavaThread "logback-1" daemon [_thread_blocked, id=62731, stack(0x0000000175600000,0x0000000175803000)]
  0x000000012dc57000 JavaThread "grpc-nio-worker-ELG-1-6" daemon [_thread_in_native, id=47363, stack(0x0000000175a18000,0x0000000175c1b000)]
  0x000000014d2d1000 JavaThread "grpc-nio-worker-ELG-1-7" daemon [_thread_in_native, id=62467, stack(0x0000000175c24000,0x0000000175e27000)]
  0x000000012e1a8800 JavaThread "logback-appender-Logstash-localhost:5053-2" daemon [_thread_blocked, id=61955, stack(0x0000000175e30000,0x0000000176033000)]
  0x000000012da8c800 JavaThread "logback-appender-Logstash-localhost:5053-4" daemon [_thread_in_native, id=61443, stack(0x000000017603c000,0x000000017623f000)]
  0x000000012e150000 JavaThread "logback-2" daemon [_thread_blocked, id=48643, stack(0x0000000176248000,0x000000017644b000)]
  0x0000000138aca800 JavaThread "logback-3" daemon [_thread_blocked, id=60419, stack(0x0000000176454000,0x0000000176657000)]
=>0x000000012e8f1800 JavaThread "background-preinit" [_thread_in_Java, id=49411, stack(0x0000000176660000,0x0000000176863000)]

Other Threads:
  0x000000014d8d2000 VMThread "VM Thread" [stack: 0x00000001700fc000,0x00000001702ff000] [id=16643]
  0x000000014e02b000 WatcherThread [stack: 0x0000000174394000,0x0000000174597000] [id=37891]
  0x000000014f01c800 GCTaskThread "GC Thread#0" [stack: 0x000000016f6c0000,0x000000016f8c3000] [id=12035]
  0x000000014e81b800 GCTaskThread "GC Thread#1" [stack: 0x0000000171274000,0x0000000171477000] [id=23811]
  0x000000014d8d3800 GCTaskThread "GC Thread#2" [stack: 0x0000000171480000,0x0000000171683000] [id=30723]
  0x000000014d8d4800 GCTaskThread "GC Thread#3" [stack: 0x000000017168c000,0x000000017188f000] [id=24067]
  0x000000014da4b000 GCTaskThread "GC Thread#4" [stack: 0x0000000171898000,0x0000000171a9b000] [id=30211]
  0x000000014da4b800 GCTaskThread "GC Thread#5" [stack: 0x0000000171aa4000,0x0000000171ca7000] [id=24835]
  0x000000014da4c800 GCTaskThread "GC Thread#6" [stack: 0x0000000171cb0000,0x0000000171eb3000] [id=29955]
  0x000000014da4d000 GCTaskThread "GC Thread#7" [stack: 0x0000000171ebc000,0x00000001720bf000] [id=25603]
  0x000000014d02d800 ConcurrentGCThread "G1 Main Marker" [stack: 0x000000016f8cc000,0x000000016facf000] [id=15363]
  0x000000014d80d800 ConcurrentGCThread "G1 Conc#0" [stack: 0x000000016fad8000,0x000000016fcdb000] [id=14595]
  0x000000014daca000 ConcurrentGCThread "G1 Conc#1" [stack: 0x00000001722d4000,0x00000001724d7000] [id=26371]
  0x000000012d008800 ConcurrentGCThread "G1 Refine#0" [stack: 0x000000016fce4000,0x000000016fee7000] [id=14339]
  0x000000012d808800 ConcurrentGCThread "G1 Young RemSet Sampling" [stack: 0x000000016fef0000,0x00000001700f3000] [id=13827]

Threads with active compile tasks:

VM state:not at safepoint (normal execution)

VM Mutex/Monitor currently owned by a thread: None

Heap address: 0x0000000640000000, size: 6144 MB, Compressed Oops mode: Zero based, Oop shift amount: 3
Narrow klass base: 0x0000000800000000, Narrow klass shift: 0
Compressed class space size: 1073741824 Address: 0x0000000800000000

Heap:
 garbage-first heap   total 803840K, used 108581K [0x0000000640000000, 0x00000007c0000000)
  region size 1024K, 95 young (97280K), 22 survivors (22528K)
 Metaspace       used 43528K, capacity 44546K, committed 44848K, reserved 1087488K
  class space    used 5811K, capacity 6204K, committed 6272K, reserved 1048576K
Heap Regions: E=young(eden), S=young(survivor), O=old, HS=humongous(starts), HC=humongous(continues), CS=collection set, F=free, A=archive, TAMS=top-at-mark-start (previous, next)
|   0|0x0000000640000000, 0x0000000640100000, 0x0000000640100000|100%|HS|  |TAMS 0x0000000640100000, 0x0000000640000000| Complete 
|   1|0x0000000640100000, 0x0000000640100000, 0x0000000640200000|  0%| F|  |TAMS 0x0000000640100000, 0x0000000640100000| Untracked 
|   2|0x0000000640200000, 0x0000000640300000, 0x0000000640300000|100%|HS|  |TAMS 0x0000000640300000, 0x0000000640200000| Complete 
|   3|0x0000000640300000, 0x0000000640400000, 0x0000000640400000|100%|HC|  |TAMS 0x0000000640400000, 0x0000000640300000| Complete 
|   4|0x0000000640400000, 0x0000000640500000, 0x0000000640500000|100%| O|  |TAMS 0x0000000640500000, 0x0000000640400000| Untracked 
|   5|0x0000000640500000, 0x0000000640600000, 0x0000000640600000|100%| O|  |TAMS 0x0000000640600000, 0x0000000640500000| Untracked 
|   6|0x0000000640600000, 0x0000000640700000, 0x0000000640700000|100%| O|  |TAMS 0x0000000640700000, 0x0000000640600000| Untracked 
|   7|0x0000000640700000, 0x0000000640800000, 0x0000000640800000|100%| O|  |TAMS 0x0000000640800000, 0x0000000640700000| Untracked 
|   8|0x0000000640800000, 0x0000000640900000, 0x0000000640900000|100%| O|  |TAMS 0x0000000640900000, 0x0000000640800000| Untracked 
|   9|0x0000000640900000, 0x0000000640a00000, 0x0000000640a00000|100%| O|  |TAMS 0x0000000640a00000, 0x0000000640900000| Untracked 
|  10|0x0000000640a00000, 0x0000000640a00000, 0x0000000640b00000|  0%| F|  |TAMS 0x0000000640a00000, 0x0000000640a00000| Untracked 
|  11|0x0000000640b00000, 0x0000000640b00000, 0x0000000640c00000|  0%| F|  |TAMS 0x0000000640b00000, 0x0000000640b00000| Untracked 
|  12|0x0000000640c00000, 0x0000000640c00000, 0x0000000640d00000|  0%| F|  |TAMS 0x0000000640c00000, 0x0000000640c00000| Untracked 
|  13|0x0000000640d00000, 0x0000000640d00000, 0x0000000640e00000|  0%| F|  |TAMS 0x0000000640d00000, 0x0000000640d00000| Untracked 
|  14|0x0000000640e00000, 0x0000000640e00000, 0x0000000640f00000|  0%| F|  |TAMS 0x0000000640e00000, 0x0000000640e00000| Untracked 
|  15|0x0000000640f00000, 0x0000000640f00000, 0x0000000641000000|  0%| F|  |TAMS 0x0000000640f00000, 0x0000000640f00000| Untracked 
|  16|0x0000000641000000, 0x0000000641000000, 0x0000000641100000|  0%| F|  |TAMS 0x0000000641000000, 0x0000000641000000| Untracked 
|  17|0x0000000641100000, 0x0000000641200000, 0x0000000641200000|100%| O|  |TAMS 0x0000000641200000, 0x0000000641100000| Untracked 
|  18|0x0000000641200000, 0x0000000641300000, 0x0000000641300000|100%| O|  |TAMS 0x0000000641300000, 0x0000000641200000| Untracked 
|  19|0x0000000641300000, 0x0000000641400000, 0x0000000641400000|100%| O|  |TAMS 0x0000000641400000, 0x0000000641300000| Untracked 
|  20|0x0000000641400000, 0x00000006414a4400, 0x0000000641500000| 64%| O|  |TAMS 0x00000006414a4400, 0x0000000641400000| Untracked 
|  21|0x0000000641500000, 0x0000000641500000, 0x0000000641600000|  0%| F|  |TAMS 0x0000000641500000, 0x0000000641500000| Untracked 
|  22|0x0000000641600000, 0x0000000641600000, 0x0000000641700000|  0%| F|  |TAMS 0x0000000641600000, 0x0000000641600000| Untracked 
|  23|0x0000000641700000, 0x0000000641700000, 0x0000000641800000|  0%| F|  |TAMS 0x0000000641700000, 0x0000000641700000| Untracked 
|  24|0x0000000641800000, 0x0000000641800000, 0x0000000641900000|  0%| F|  |TAMS 0x0000000641800000, 0x0000000641800000| Untracked 
|  25|0x0000000641900000, 0x0000000641900000, 0x0000000641a00000|  0%| F|  |TAMS 0x0000000641900000, 0x0000000641900000| Untracked 
|  26|0x0000000641a00000, 0x0000000641a00000, 0x0000000641b00000|  0%| F|  |TAMS 0x0000000641a00000, 0x0000000641a00000| Untracked 
|  27|0x0000000641b00000, 0x0000000641b00000, 0x0000000641c00000|  0%| F|  |TAMS 0x0000000641b00000, 0x0000000641b00000| Untracked 
|  28|0x0000000641c00000, 0x0000000641c00000, 0x0000000641d00000|  0%| F|  |TAMS 0x0000000641c00000, 0x0000000641c00000| Untracked 
|  29|0x0000000641d00000, 0x0000000641d00000, 0x0000000641e00000|  0%| F|  |TAMS 0x0000000641d00000, 0x0000000641d00000| Untracked 
|  30|0x0000000641e00000, 0x0000000641e00000, 0x0000000641f00000|  0%| F|  |TAMS 0x0000000641e00000, 0x0000000641e00000| Untracked 
|  31|0x0000000641f00000, 0x0000000641f00000, 0x0000000642000000|  0%| F|  |TAMS 0x0000000641f00000, 0x0000000641f00000| Untracked 
|  32|0x0000000642000000, 0x0000000642000000, 0x0000000642100000|  0%| F|  |TAMS 0x0000000642000000, 0x0000000642000000| Untracked 
|  33|0x0000000642100000, 0x0000000642100000, 0x0000000642200000|  0%| F|  |TAMS 0x0000000642100000, 0x0000000642100000| Untracked 
|  34|0x0000000642200000, 0x0000000642200000, 0x0000000642300000|  0%| F|  |TAMS 0x0000000642200000, 0x0000000642200000| Untracked 
|  35|0x0000000642300000, 0x0000000642300000, 0x0000000642400000|  0%| F|  |TAMS 0x0000000642300000, 0x0000000642300000| Untracked 
|  36|0x0000000642400000, 0x0000000642400000, 0x0000000642500000|  0%| F|  |TAMS 0x0000000642400000, 0x0000000642400000| Untracked 
|  37|0x0000000642500000, 0x0000000642500000, 0x0000000642600000|  0%| F|  |TAMS 0x0000000642500000, 0x0000000642500000| Untracked 
|  38|0x0000000642600000, 0x0000000642600000, 0x0000000642700000|  0%| F|  |TAMS 0x0000000642600000, 0x0000000642600000| Untracked 
|  39|0x0000000642700000, 0x0000000642700000, 0x0000000642800000|  0%| F|  |TAMS 0x0000000642700000, 0x0000000642700000| Untracked 
|  40|0x0000000642800000, 0x0000000642800000, 0x0000000642900000|  0%| F|  |TAMS 0x0000000642800000, 0x0000000642800000| Untracked 
|  41|0x0000000642900000, 0x0000000642900000, 0x0000000642a00000|  0%| F|  |TAMS 0x0000000642900000, 0x0000000642900000| Untracked 
|  42|0x0000000642a00000, 0x0000000642a00000, 0x0000000642b00000|  0%| F|  |TAMS 0x0000000642a00000, 0x0000000642a00000| Untracked 
|  43|0x0000000642b00000, 0x0000000642b00000, 0x0000000642c00000|  0%| F|  |TAMS 0x0000000642b00000, 0x0000000642b00000| Untracked 
|  44|0x0000000642c00000, 0x0000000642c00000, 0x0000000642d00000|  0%| F|  |TAMS 0x0000000642c00000, 0x0000000642c00000| Untracked 
|  45|0x0000000642d00000, 0x0000000642d00000, 0x0000000642e00000|  0%| F|  |TAMS 0x0000000642d00000, 0x0000000642d00000| Untracked 
|  46|0x0000000642e00000, 0x0000000642e00000, 0x0000000642f00000|  0%| F|  |TAMS 0x0000000642e00000, 0x0000000642e00000| Untracked 
|  47|0x0000000642f00000, 0x0000000642f00000, 0x0000000643000000|  0%| F|  |TAMS 0x0000000642f00000, 0x0000000642f00000| Untracked 
|  48|0x0000000643000000, 0x0000000643000000, 0x0000000643100000|  0%| F|  |TAMS 0x0000000643000000, 0x0000000643000000| Untracked 
|  49|0x0000000643100000, 0x0000000643100000, 0x0000000643200000|  0%| F|  |TAMS 0x0000000643100000, 0x0000000643100000| Untracked 
|  50|0x0000000643200000, 0x0000000643200000, 0x0000000643300000|  0%| F|  |TAMS 0x0000000643200000, 0x0000000643200000| Untracked 
|  51|0x0000000643300000, 0x0000000643300000, 0x0000000643400000|  0%| F|  |TAMS 0x0000000643300000, 0x0000000643300000| Untracked 
|  52|0x0000000643400000, 0x0000000643400000, 0x0000000643500000|  0%| F|  |TAMS 0x0000000643400000, 0x0000000643400000| Untracked 
|  53|0x0000000643500000, 0x0000000643500000, 0x0000000643600000|  0%| F|  |TAMS 0x0000000643500000, 0x0000000643500000| Untracked 
|  54|0x0000000643600000, 0x0000000643600000, 0x0000000643700000|  0%| F|  |TAMS 0x0000000643600000, 0x0000000643600000| Untracked 
|  55|0x0000000643700000, 0x0000000643700000, 0x0000000643800000|  0%| F|  |TAMS 0x0000000643700000, 0x0000000643700000| Untracked 
|  56|0x0000000643800000, 0x0000000643800000, 0x0000000643900000|  0%| F|  |TAMS 0x0000000643800000, 0x0000000643800000| Untracked 
|  57|0x0000000643900000, 0x0000000643900000, 0x0000000643a00000|  0%| F|  |TAMS 0x0000000643900000, 0x0000000643900000| Untracked 
|  58|0x0000000643a00000, 0x0000000643a00000, 0x0000000643b00000|  0%| F|  |TAMS 0x0000000643a00000, 0x0000000643a00000| Untracked 
|  59|0x0000000643b00000, 0x0000000643b00000, 0x0000000643c00000|  0%| F|  |TAMS 0x0000000643b00000, 0x0000000643b00000| Untracked 
|  60|0x0000000643c00000, 0x0000000643c00000, 0x0000000643d00000|  0%| F|  |TAMS 0x0000000643c00000, 0x0000000643c00000| Untracked 
|  61|0x0000000643d00000, 0x0000000643d00000, 0x0000000643e00000|  0%| F|  |TAMS 0x0000000643d00000, 0x0000000643d00000| Untracked 
|  62|0x0000000643e00000, 0x0000000643e00000, 0x0000000643f00000|  0%| F|  |TAMS 0x0000000643e00000, 0x0000000643e00000| Untracked 
|  63|0x0000000643f00000, 0x0000000643f00000, 0x0000000644000000|  0%| F|  |TAMS 0x0000000643f00000, 0x0000000643f00000| Untracked 
|  64|0x0000000644000000, 0x0000000644000000, 0x0000000644100000|  0%| F|  |TAMS 0x0000000644000000, 0x0000000644000000| Untracked 
|  65|0x0000000644100000, 0x0000000644100000, 0x0000000644200000|  0%| F|  |TAMS 0x0000000644100000, 0x0000000644100000| Untracked 
|  66|0x0000000644200000, 0x0000000644200000, 0x0000000644300000|  0%| F|  |TAMS 0x0000000644200000, 0x0000000644200000| Untracked 
|  67|0x0000000644300000, 0x0000000644300000, 0x0000000644400000|  0%| F|  |TAMS 0x0000000644300000, 0x0000000644300000| Untracked 
|  68|0x0000000644400000, 0x0000000644400000, 0x0000000644500000|  0%| F|  |TAMS 0x0000000644400000, 0x0000000644400000| Untracked 
|  69|0x0000000644500000, 0x0000000644500000, 0x0000000644600000|  0%| F|  |TAMS 0x0000000644500000, 0x0000000644500000| Untracked 
|  70|0x0000000644600000, 0x0000000644600000, 0x0000000644700000|  0%| F|  |TAMS 0x0000000644600000, 0x0000000644600000| Untracked 
|  71|0x0000000644700000, 0x0000000644700000, 0x0000000644800000|  0%| F|  |TAMS 0x0000000644700000, 0x0000000644700000| Untracked 
|  72|0x0000000644800000, 0x0000000644800000, 0x0000000644900000|  0%| F|  |TAMS 0x0000000644800000, 0x0000000644800000| Untracked 
|  73|0x0000000644900000, 0x0000000644900000, 0x0000000644a00000|  0%| F|  |TAMS 0x0000000644900000, 0x0000000644900000| Untracked 
|  74|0x0000000644a00000, 0x0000000644a00000, 0x0000000644b00000|  0%| F|  |TAMS 0x0000000644a00000, 0x0000000644a00000| Untracked 
|  75|0x0000000644b00000, 0x0000000644b00000, 0x0000000644c00000|  0%| F|  |TAMS 0x0000000644b00000, 0x0000000644b00000| Untracked 
|  76|0x0000000644c00000, 0x0000000644c00000, 0x0000000644d00000|  0%| F|  |TAMS 0x0000000644c00000, 0x0000000644c00000| Untracked 
|  77|0x0000000644d00000, 0x0000000644d00000, 0x0000000644e00000|  0%| F|  |TAMS 0x0000000644d00000, 0x0000000644d00000| Untracked 
|  78|0x0000000644e00000, 0x0000000644e00000, 0x0000000644f00000|  0%| F|  |TAMS 0x0000000644e00000, 0x0000000644e00000| Untracked 
|  79|0x0000000644f00000, 0x0000000644f00000, 0x0000000645000000|  0%| F|  |TAMS 0x0000000644f00000, 0x0000000644f00000| Untracked 
|  80|0x0000000645000000, 0x0000000645000000, 0x0000000645100000|  0%| F|  |TAMS 0x0000000645000000, 0x0000000645000000| Untracked 
|  81|0x0000000645100000, 0x0000000645100000, 0x0000000645200000|  0%| F|  |TAMS 0x0000000645100000, 0x0000000645100000| Untracked 
|  82|0x0000000645200000, 0x0000000645200000, 0x0000000645300000|  0%| F|  |TAMS 0x0000000645200000, 0x0000000645200000| Untracked 
|  83|0x0000000645300000, 0x0000000645300000, 0x0000000645400000|  0%| F|  |TAMS 0x0000000645300000, 0x0000000645300000| Untracked 
|  84|0x0000000645400000, 0x0000000645400000, 0x0000000645500000|  0%| F|  |TAMS 0x0000000645400000, 0x0000000645400000| Untracked 
|  85|0x0000000645500000, 0x0000000645500000, 0x0000000645600000|  0%| F|  |TAMS 0x0000000645500000, 0x0000000645500000| Untracked 
|  86|0x0000000645600000, 0x0000000645600000, 0x0000000645700000|  0%| F|  |TAMS 0x0000000645600000, 0x0000000645600000| Untracked 
|  87|0x0000000645700000, 0x0000000645700000, 0x0000000645800000|  0%| F|  |TAMS 0x0000000645700000, 0x0000000645700000| Untracked 
|  88|0x0000000645800000, 0x0000000645800000, 0x0000000645900000|  0%| F|  |TAMS 0x0000000645800000, 0x0000000645800000| Untracked 
|  89|0x0000000645900000, 0x0000000645900000, 0x0000000645a00000|  0%| F|  |TAMS 0x0000000645900000, 0x0000000645900000| Untracked 
|  90|0x0000000645a00000, 0x0000000645a00000, 0x0000000645b00000|  0%| F|  |TAMS 0x0000000645a00000, 0x0000000645a00000| Untracked 
|  91|0x0000000645b00000, 0x0000000645b00000, 0x0000000645c00000|  0%| F|  |TAMS 0x0000000645b00000, 0x0000000645b00000| Untracked 
|  92|0x0000000645c00000, 0x0000000645c00000, 0x0000000645d00000|  0%| F|  |TAMS 0x0000000645c00000, 0x0000000645c00000| Untracked 
|  93|0x0000000645d00000, 0x0000000645d00000, 0x0000000645e00000|  0%| F|  |TAMS 0x0000000645d00000, 0x0000000645d00000| Untracked 
|  94|0x0000000645e00000, 0x0000000645e00000, 0x0000000645f00000|  0%| F|  |TAMS 0x0000000645e00000, 0x0000000645e00000| Untracked 
|  95|0x0000000645f00000, 0x0000000645f00000, 0x0000000646000000|  0%| F|  |TAMS 0x0000000645f00000, 0x0000000645f00000| Untracked 
|  96|0x0000000646000000, 0x0000000646000000, 0x0000000646100000|  0%| F|  |TAMS 0x0000000646000000, 0x0000000646000000| Untracked 
|  97|0x0000000646100000, 0x0000000646100000, 0x0000000646200000|  0%| F|  |TAMS 0x0000000646100000, 0x0000000646100000| Untracked 
|  98|0x0000000646200000, 0x0000000646200000, 0x0000000646300000|  0%| F|  |TAMS 0x0000000646200000, 0x0000000646200000| Untracked 
|  99|0x0000000646300000, 0x0000000646300000, 0x0000000646400000|  0%| F|  |TAMS 0x0000000646300000, 0x0000000646300000| Untracked 
| 100|0x0000000646400000, 0x0000000646400000, 0x0000000646500000|  0%| F|  |TAMS 0x0000000646400000, 0x0000000646400000| Untracked 
| 101|0x0000000646500000, 0x0000000646500000, 0x0000000646600000|  0%| F|  |TAMS 0x0000000646500000, 0x0000000646500000| Untracked 
| 102|0x0000000646600000, 0x0000000646600000, 0x0000000646700000|  0%| F|  |TAMS 0x0000000646600000, 0x0000000646600000| Untracked 
| 103|0x0000000646700000, 0x0000000646700000, 0x0000000646800000|  0%| F|  |TAMS 0x0000000646700000, 0x0000000646700000| Untracked 
| 104|0x0000000646800000, 0x0000000646800000, 0x0000000646900000|  0%| F|  |TAMS 0x0000000646800000, 0x0000000646800000| Untracked 
| 105|0x0000000646900000, 0x0000000646900000, 0x0000000646a00000|  0%| F|  |TAMS 0x0000000646900000, 0x0000000646900000| Untracked 
| 106|0x0000000646a00000, 0x0000000646a00000, 0x0000000646b00000|  0%| F|  |TAMS 0x0000000646a00000, 0x0000000646a00000| Untracked 
| 107|0x0000000646b00000, 0x0000000646b00000, 0x0000000646c00000|  0%| F|  |TAMS 0x0000000646b00000, 0x0000000646b00000| Untracked 
| 108|0x0000000646c00000, 0x0000000646c00000, 0x0000000646d00000|  0%| F|  |TAMS 0x0000000646c00000, 0x0000000646c00000| Untracked 
| 109|0x0000000646d00000, 0x0000000646d00000, 0x0000000646e00000|  0%| F|  |TAMS 0x0000000646d00000, 0x0000000646d00000| Untracked 
| 110|0x0000000646e00000, 0x0000000646e00000, 0x0000000646f00000|  0%| F|  |TAMS 0x0000000646e00000, 0x0000000646e00000| Untracked 
| 111|0x0000000646f00000, 0x0000000646f00000, 0x0000000647000000|  0%| F|  |TAMS 0x0000000646f00000, 0x0000000646f00000| Untracked 
| 112|0x0000000647000000, 0x0000000647000000, 0x0000000647100000|  0%| F|  |TAMS 0x0000000647000000, 0x0000000647000000| Untracked 
| 113|0x0000000647100000, 0x0000000647100000, 0x0000000647200000|  0%| F|  |TAMS 0x0000000647100000, 0x0000000647100000| Untracked 
| 114|0x0000000647200000, 0x0000000647200000, 0x0000000647300000|  0%| F|  |TAMS 0x0000000647200000, 0x0000000647200000| Untracked 
| 115|0x0000000647300000, 0x0000000647300000, 0x0000000647400000|  0%| F|  |TAMS 0x0000000647300000, 0x0000000647300000| Untracked 
| 116|0x0000000647400000, 0x0000000647400000, 0x0000000647500000|  0%| F|  |TAMS 0x0000000647400000, 0x0000000647400000| Untracked 
| 117|0x0000000647500000, 0x0000000647500000, 0x0000000647600000|  0%| F|  |TAMS 0x0000000647500000, 0x0000000647500000| Untracked 
| 118|0x0000000647600000, 0x0000000647600000, 0x0000000647700000|  0%| F|  |TAMS 0x0000000647600000, 0x0000000647600000| Untracked 
| 119|0x0000000647700000, 0x0000000647700000, 0x0000000647800000|  0%| F|  |TAMS 0x0000000647700000, 0x0000000647700000| Untracked 
| 120|0x0000000647800000, 0x0000000647800000, 0x0000000647900000|  0%| F|  |TAMS 0x0000000647800000, 0x0000000647800000| Untracked 
| 121|0x0000000647900000, 0x0000000647900000, 0x0000000647a00000|  0%| F|  |TAMS 0x0000000647900000, 0x0000000647900000| Untracked 
| 122|0x0000000647a00000, 0x0000000647a00000, 0x0000000647b00000|  0%| F|  |TAMS 0x0000000647a00000, 0x0000000647a00000| Untracked 
| 123|0x0000000647b00000, 0x0000000647b00000, 0x0000000647c00000|  0%| F|  |TAMS 0x0000000647b00000, 0x0000000647b00000| Untracked 
| 124|0x0000000647c00000, 0x0000000647c00000, 0x0000000647d00000|  0%| F|  |TAMS 0x0000000647c00000, 0x0000000647c00000| Untracked 
| 125|0x0000000647d00000, 0x0000000647d00000, 0x0000000647e00000|  0%| F|  |TAMS 0x0000000647d00000, 0x0000000647d00000| Untracked 
| 126|0x0000000647e00000, 0x0000000647e00000, 0x0000000647f00000|  0%| F|  |TAMS 0x0000000647e00000, 0x0000000647e00000| Untracked 
| 127|0x0000000647f00000, 0x0000000647f00000, 0x0000000648000000|  0%| F|  |TAMS 0x0000000647f00000, 0x0000000647f00000| Untracked 
| 128|0x0000000648000000, 0x0000000648000000, 0x0000000648100000|  0%| F|  |TAMS 0x0000000648000000, 0x0000000648000000| Untracked 
| 129|0x0000000648100000, 0x0000000648100000, 0x0000000648200000|  0%| F|  |TAMS 0x0000000648100000, 0x0000000648100000| Untracked 
| 130|0x0000000648200000, 0x0000000648200000, 0x0000000648300000|  0%| F|  |TAMS 0x0000000648200000, 0x0000000648200000| Untracked 
| 131|0x0000000648300000, 0x0000000648300000, 0x0000000648400000|  0%| F|  |TAMS 0x0000000648300000, 0x0000000648300000| Untracked 
| 132|0x0000000648400000, 0x0000000648400000, 0x0000000648500000|  0%| F|  |TAMS 0x0000000648400000, 0x0000000648400000| Untracked 
| 133|0x0000000648500000, 0x0000000648500000, 0x0000000648600000|  0%| F|  |TAMS 0x0000000648500000, 0x0000000648500000| Untracked 
| 134|0x0000000648600000, 0x0000000648600000, 0x0000000648700000|  0%| F|  |TAMS 0x0000000648600000, 0x0000000648600000| Untracked 
| 135|0x0000000648700000, 0x0000000648700000, 0x0000000648800000|  0%| F|  |TAMS 0x0000000648700000, 0x0000000648700000| Untracked 
| 136|0x0000000648800000, 0x0000000648800000, 0x0000000648900000|  0%| F|  |TAMS 0x0000000648800000, 0x0000000648800000| Untracked 
| 137|0x0000000648900000, 0x0000000648900000, 0x0000000648a00000|  0%| F|  |TAMS 0x0000000648900000, 0x0000000648900000| Untracked 
| 138|0x0000000648a00000, 0x0000000648a00000, 0x0000000648b00000|  0%| F|  |TAMS 0x0000000648a00000, 0x0000000648a00000| Untracked 
| 139|0x0000000648b00000, 0x0000000648b00000, 0x0000000648c00000|  0%| F|  |TAMS 0x0000000648b00000, 0x0000000648b00000| Untracked 
| 140|0x0000000648c00000, 0x0000000648c00000, 0x0000000648d00000|  0%| F|  |TAMS 0x0000000648c00000, 0x0000000648c00000| Untracked 
| 141|0x0000000648d00000, 0x0000000648d00000, 0x0000000648e00000|  0%| F|  |TAMS 0x0000000648d00000, 0x0000000648d00000| Untracked 
| 142|0x0000000648e00000, 0x0000000648e00000, 0x0000000648f00000|  0%| F|  |TAMS 0x0000000648e00000, 0x0000000648e00000| Untracked 
| 143|0x0000000648f00000, 0x0000000648f00000, 0x0000000649000000|  0%| F|  |TAMS 0x0000000648f00000, 0x0000000648f00000| Untracked 
| 144|0x0000000649000000, 0x0000000649000000, 0x0000000649100000|  0%| F|  |TAMS 0x0000000649000000, 0x0000000649000000| Untracked 
| 145|0x0000000649100000, 0x0000000649100000, 0x0000000649200000|  0%| F|  |TAMS 0x0000000649100000, 0x0000000649100000| Untracked 
| 146|0x0000000649200000, 0x0000000649200000, 0x0000000649300000|  0%| F|  |TAMS 0x0000000649200000, 0x0000000649200000| Untracked 
| 147|0x0000000649300000, 0x0000000649300000, 0x0000000649400000|  0%| F|  |TAMS 0x0000000649300000, 0x0000000649300000| Untracked 
| 148|0x0000000649400000, 0x0000000649400000, 0x0000000649500000|  0%| F|  |TAMS 0x0000000649400000, 0x0000000649400000| Untracked 
| 149|0x0000000649500000, 0x0000000649500000, 0x0000000649600000|  0%| F|  |TAMS 0x0000000649500000, 0x0000000649500000| Untracked 
| 150|0x0000000649600000, 0x0000000649600000, 0x0000000649700000|  0%| F|  |TAMS 0x0000000649600000, 0x0000000649600000| Untracked 
| 151|0x0000000649700000, 0x0000000649700000, 0x0000000649800000|  0%| F|  |TAMS 0x0000000649700000, 0x0000000649700000| Untracked 
| 152|0x0000000649800000, 0x0000000649800000, 0x0000000649900000|  0%| F|  |TAMS 0x0000000649800000, 0x0000000649800000| Untracked 
| 153|0x0000000649900000, 0x0000000649900000, 0x0000000649a00000|  0%| F|  |TAMS 0x0000000649900000, 0x0000000649900000| Untracked 
| 154|0x0000000649a00000, 0x0000000649a00000, 0x0000000649b00000|  0%| F|  |TAMS 0x0000000649a00000, 0x0000000649a00000| Untracked 
| 155|0x0000000649b00000, 0x0000000649b00000, 0x0000000649c00000|  0%| F|  |TAMS 0x0000000649b00000, 0x0000000649b00000| Untracked 
| 156|0x0000000649c00000, 0x0000000649c00000, 0x0000000649d00000|  0%| F|  |TAMS 0x0000000649c00000, 0x0000000649c00000| Untracked 
| 157|0x0000000649d00000, 0x0000000649d00000, 0x0000000649e00000|  0%| F|  |TAMS 0x0000000649d00000, 0x0000000649d00000| Untracked 
| 158|0x0000000649e00000, 0x0000000649e00000, 0x0000000649f00000|  0%| F|  |TAMS 0x0000000649e00000, 0x0000000649e00000| Untracked 
| 159|0x0000000649f00000, 0x0000000649f00000, 0x000000064a000000|  0%| F|  |TAMS 0x0000000649f00000, 0x0000000649f00000| Untracked 
| 160|0x000000064a000000, 0x000000064a000000, 0x000000064a100000|  0%| F|  |TAMS 0x000000064a000000, 0x000000064a000000| Untracked 
| 161|0x000000064a100000, 0x000000064a100000, 0x000000064a200000|  0%| F|  |TAMS 0x000000064a100000, 0x000000064a100000| Untracked 
| 162|0x000000064a200000, 0x000000064a200000, 0x000000064a300000|  0%| F|  |TAMS 0x000000064a200000, 0x000000064a200000| Untracked 
| 163|0x000000064a300000, 0x000000064a300000, 0x000000064a400000|  0%| F|  |TAMS 0x000000064a300000, 0x000000064a300000| Untracked 
| 164|0x000000064a400000, 0x000000064a400000, 0x000000064a500000|  0%| F|  |TAMS 0x000000064a400000, 0x000000064a400000| Untracked 
| 165|0x000000064a500000, 0x000000064a500000, 0x000000064a600000|  0%| F|  |TAMS 0x000000064a500000, 0x000000064a500000| Untracked 
| 166|0x000000064a600000, 0x000000064a600000, 0x000000064a700000|  0%| F|  |TAMS 0x000000064a600000, 0x000000064a600000| Untracked 
| 167|0x000000064a700000, 0x000000064a700000, 0x000000064a800000|  0%| F|  |TAMS 0x000000064a700000, 0x000000064a700000| Untracked 
| 168|0x000000064a800000, 0x000000064a800000, 0x000000064a900000|  0%| F|  |TAMS 0x000000064a800000, 0x000000064a800000| Untracked 
| 169|0x000000064a900000, 0x000000064a900000, 0x000000064aa00000|  0%| F|  |TAMS 0x000000064a900000, 0x000000064a900000| Untracked 
| 170|0x000000064aa00000, 0x000000064aa00000, 0x000000064ab00000|  0%| F|  |TAMS 0x000000064aa00000, 0x000000064aa00000| Untracked 
| 171|0x000000064ab00000, 0x000000064ab00000, 0x000000064ac00000|  0%| F|  |TAMS 0x000000064ab00000, 0x000000064ab00000| Untracked 
| 172|0x000000064ac00000, 0x000000064ac00000, 0x000000064ad00000|  0%| F|  |TAMS 0x000000064ac00000, 0x000000064ac00000| Untracked 
| 173|0x000000064ad00000, 0x000000064ad00000, 0x000000064ae00000|  0%| F|  |TAMS 0x000000064ad00000, 0x000000064ad00000| Untracked 
| 174|0x000000064ae00000, 0x000000064ae00000, 0x000000064af00000|  0%| F|  |TAMS 0x000000064ae00000, 0x000000064ae00000| Untracked 
| 175|0x000000064af00000, 0x000000064af00000, 0x000000064b000000|  0%| F|  |TAMS 0x000000064af00000, 0x000000064af00000| Untracked 
| 176|0x000000064b000000, 0x000000064b000000, 0x000000064b100000|  0%| F|  |TAMS 0x000000064b000000, 0x000000064b000000| Untracked 
| 177|0x000000064b100000, 0x000000064b100000, 0x000000064b200000|  0%| F|  |TAMS 0x000000064b100000, 0x000000064b100000| Untracked 
| 178|0x000000064b200000, 0x000000064b200000, 0x000000064b300000|  0%| F|  |TAMS 0x000000064b200000, 0x000000064b200000| Untracked 
| 179|0x000000064b300000, 0x000000064b300000, 0x000000064b400000|  0%| F|  |TAMS 0x000000064b300000, 0x000000064b300000| Untracked 
| 180|0x000000064b400000, 0x000000064b400000, 0x000000064b500000|  0%| F|  |TAMS 0x000000064b400000, 0x000000064b400000| Untracked 
| 181|0x000000064b500000, 0x000000064b500000, 0x000000064b600000|  0%| F|  |TAMS 0x000000064b500000, 0x000000064b500000| Untracked 
| 182|0x000000064b600000, 0x000000064b600000, 0x000000064b700000|  0%| F|  |TAMS 0x000000064b600000, 0x000000064b600000| Untracked 
| 183|0x000000064b700000, 0x000000064b700000, 0x000000064b800000|  0%| F|  |TAMS 0x000000064b700000, 0x000000064b700000| Untracked 
| 184|0x000000064b800000, 0x000000064b800000, 0x000000064b900000|  0%| F|  |TAMS 0x000000064b800000, 0x000000064b800000| Untracked 
| 185|0x000000064b900000, 0x000000064b900000, 0x000000064ba00000|  0%| F|  |TAMS 0x000000064b900000, 0x000000064b900000| Untracked 
| 186|0x000000064ba00000, 0x000000064ba00000, 0x000000064bb00000|  0%| F|  |TAMS 0x000000064ba00000, 0x000000064ba00000| Untracked 
| 187|0x000000064bb00000, 0x000000064bb00000, 0x000000064bc00000|  0%| F|  |TAMS 0x000000064bb00000, 0x000000064bb00000| Untracked 
| 188|0x000000064bc00000, 0x000000064bc00000, 0x000000064bd00000|  0%| F|  |TAMS 0x000000064bc00000, 0x000000064bc00000| Untracked 
| 189|0x000000064bd00000, 0x000000064bd00000, 0x000000064be00000|  0%| F|  |TAMS 0x000000064bd00000, 0x000000064bd00000| Untracked 
| 190|0x000000064be00000, 0x000000064be00000, 0x000000064bf00000|  0%| F|  |TAMS 0x000000064be00000, 0x000000064be00000| Untracked 
| 191|0x000000064bf00000, 0x000000064bf00000, 0x000000064c000000|  0%| F|  |TAMS 0x000000064bf00000, 0x000000064bf00000| Untracked 
| 192|0x000000064c000000, 0x000000064c000000, 0x000000064c100000|  0%| F|  |TAMS 0x000000064c000000, 0x000000064c000000| Untracked 
| 193|0x000000064c100000, 0x000000064c100000, 0x000000064c200000|  0%| F|  |TAMS 0x000000064c100000, 0x000000064c100000| Untracked 
| 194|0x000000064c200000, 0x000000064c2651f8, 0x000000064c300000| 39%| S|CS|TAMS 0x000000064c200000, 0x000000064c200000| Complete 
| 195|0x000000064c300000, 0x000000064c400000, 0x000000064c400000|100%| S|CS|TAMS 0x000000064c300000, 0x000000064c300000| Complete 
| 196|0x000000064c400000, 0x000000064c500000, 0x000000064c500000|100%| S|CS|TAMS 0x000000064c400000, 0x000000064c400000| Complete 
| 197|0x000000064c500000, 0x000000064c600000, 0x000000064c600000|100%| S|CS|TAMS 0x000000064c500000, 0x000000064c500000| Complete 
| 198|0x000000064c600000, 0x000000064c700000, 0x000000064c700000|100%| S|CS|TAMS 0x000000064c600000, 0x000000064c600000| Complete 
| 199|0x000000064c700000, 0x000000064c800000, 0x000000064c800000|100%| S|CS|TAMS 0x000000064c700000, 0x000000064c700000| Complete 
| 200|0x000000064c800000, 0x000000064c900000, 0x000000064c900000|100%| S|CS|TAMS 0x000000064c800000, 0x000000064c800000| Complete 
| 201|0x000000064c900000, 0x000000064ca00000, 0x000000064ca00000|100%| S|CS|TAMS 0x000000064c900000, 0x000000064c900000| Complete 
| 202|0x000000064ca00000, 0x000000064cb00000, 0x000000064cb00000|100%| S|CS|TAMS 0x000000064ca00000, 0x000000064ca00000| Complete 
| 203|0x000000064cb00000, 0x000000064cc00000, 0x000000064cc00000|100%| S|CS|TAMS 0x000000064cb00000, 0x000000064cb00000| Complete 
| 204|0x000000064cc00000, 0x000000064cd00000, 0x000000064cd00000|100%| S|CS|TAMS 0x000000064cc00000, 0x000000064cc00000| Complete 
| 205|0x000000064cd00000, 0x000000064ce00000, 0x000000064ce00000|100%| S|CS|TAMS 0x000000064cd00000, 0x000000064cd00000| Complete 
| 206|0x000000064ce00000, 0x000000064cf00000, 0x000000064cf00000|100%| S|CS|TAMS 0x000000064ce00000, 0x000000064ce00000| Complete 
| 207|0x000000064cf00000, 0x000000064d000000, 0x000000064d000000|100%| S|CS|TAMS 0x000000064cf00000, 0x000000064cf00000| Complete 
| 208|0x000000064d000000, 0x000000064d100000, 0x000000064d100000|100%| S|CS|TAMS 0x000000064d000000, 0x000000064d000000| Complete 
| 209|0x000000064d100000, 0x000000064d200000, 0x000000064d200000|100%| S|CS|TAMS 0x000000064d100000, 0x000000064d100000| Complete 
| 210|0x000000064d200000, 0x000000064d300000, 0x000000064d300000|100%| S|CS|TAMS 0x000000064d200000, 0x000000064d200000| Complete 
| 211|0x000000064d300000, 0x000000064d400000, 0x000000064d400000|100%| S|CS|TAMS 0x000000064d300000, 0x000000064d300000| Complete 
| 212|0x000000064d400000, 0x000000064d500000, 0x000000064d500000|100%| S|CS|TAMS 0x000000064d400000, 0x000000064d400000| Complete 
| 213|0x000000064d500000, 0x000000064d600000, 0x000000064d600000|100%| S|CS|TAMS 0x000000064d500000, 0x000000064d500000| Complete 
| 214|0x000000064d600000, 0x000000064d700000, 0x000000064d700000|100%| S|CS|TAMS 0x000000064d600000, 0x000000064d600000| Complete 
| 215|0x000000064d700000, 0x000000064d800000, 0x000000064d800000|100%| S|CS|TAMS 0x000000064d700000, 0x000000064d700000| Complete 
| 216|0x000000064d800000, 0x000000064d800000, 0x000000064d900000|  0%| F|  |TAMS 0x000000064d800000, 0x000000064d800000| Untracked 
| 217|0x000000064d900000, 0x000000064d900000, 0x000000064da00000|  0%| F|  |TAMS 0x000000064d900000, 0x000000064d900000| Untracked 
| 218|0x000000064da00000, 0x000000064da00000, 0x000000064db00000|  0%| F|  |TAMS 0x000000064da00000, 0x000000064da00000| Untracked 
| 219|0x000000064db00000, 0x000000064db00000, 0x000000064dc00000|  0%| F|  |TAMS 0x000000064db00000, 0x000000064db00000| Untracked 
| 220|0x000000064dc00000, 0x000000064dc00000, 0x000000064dd00000|  0%| F|  |TAMS 0x000000064dc00000, 0x000000064dc00000| Untracked 
| 221|0x000000064dd00000, 0x000000064dd00000, 0x000000064de00000|  0%| F|  |TAMS 0x000000064dd00000, 0x000000064dd00000| Untracked 
| 222|0x000000064de00000, 0x000000064de00000, 0x000000064df00000|  0%| F|  |TAMS 0x000000064de00000, 0x000000064de00000| Untracked 
| 223|0x000000064df00000, 0x000000064df00000, 0x000000064e000000|  0%| F|  |TAMS 0x000000064df00000, 0x000000064df00000| Untracked 
| 224|0x000000064e000000, 0x000000064e000000, 0x000000064e100000|  0%| F|  |TAMS 0x000000064e000000, 0x000000064e000000| Untracked 
| 225|0x000000064e100000, 0x000000064e100000, 0x000000064e200000|  0%| F|  |TAMS 0x000000064e100000, 0x000000064e100000| Untracked 
| 226|0x000000064e200000, 0x000000064e200000, 0x000000064e300000|  0%| F|  |TAMS 0x000000064e200000, 0x000000064e200000| Untracked 
| 227|0x000000064e300000, 0x000000064e300000, 0x000000064e400000|  0%| F|  |TAMS 0x000000064e300000, 0x000000064e300000| Untracked 
| 228|0x000000064e400000, 0x000000064e400000, 0x000000064e500000|  0%| F|  |TAMS 0x000000064e400000, 0x000000064e400000| Untracked 
| 229|0x000000064e500000, 0x000000064e500000, 0x000000064e600000|  0%| F|  |TAMS 0x000000064e500000, 0x000000064e500000| Untracked 
| 230|0x000000064e600000, 0x000000064e600000, 0x000000064e700000|  0%| F|  |TAMS 0x000000064e600000, 0x000000064e600000| Untracked 
| 231|0x000000064e700000, 0x000000064e700000, 0x000000064e800000|  0%| F|  |TAMS 0x000000064e700000, 0x000000064e700000| Untracked 
| 232|0x000000064e800000, 0x000000064e800000, 0x000000064e900000|  0%| F|  |TAMS 0x000000064e800000, 0x000000064e800000| Untracked 
| 233|0x000000064e900000, 0x000000064e900000, 0x000000064ea00000|  0%| F|  |TAMS 0x000000064e900000, 0x000000064e900000| Untracked 
| 234|0x000000064ea00000, 0x000000064ea00000, 0x000000064eb00000|  0%| F|  |TAMS 0x000000064ea00000, 0x000000064ea00000| Untracked 
| 235|0x000000064eb00000, 0x000000064eb00000, 0x000000064ec00000|  0%| F|  |TAMS 0x000000064eb00000, 0x000000064eb00000| Untracked 
| 236|0x000000064ec00000, 0x000000064ec00000, 0x000000064ed00000|  0%| F|  |TAMS 0x000000064ec00000, 0x000000064ec00000| Untracked 
| 237|0x000000064ed00000, 0x000000064ed00000, 0x000000064ee00000|  0%| F|  |TAMS 0x000000064ed00000, 0x000000064ed00000| Untracked 
| 238|0x000000064ee00000, 0x000000064ee00000, 0x000000064ef00000|  0%| F|  |TAMS 0x000000064ee00000, 0x000000064ee00000| Untracked 
| 239|0x000000064ef00000, 0x000000064ef00000, 0x000000064f000000|  0%| F|  |TAMS 0x000000064ef00000, 0x000000064ef00000| Untracked 
| 240|0x000000064f000000, 0x000000064f000000, 0x000000064f100000|  0%| F|  |TAMS 0x000000064f000000, 0x000000064f000000| Untracked 
| 241|0x000000064f100000, 0x000000064f100000, 0x000000064f200000|  0%| F|  |TAMS 0x000000064f100000, 0x000000064f100000| Untracked 
| 242|0x000000064f200000, 0x000000064f200000, 0x000000064f300000|  0%| F|  |TAMS 0x000000064f200000, 0x000000064f200000| Untracked 
| 243|0x000000064f300000, 0x000000064f300000, 0x000000064f400000|  0%| F|  |TAMS 0x000000064f300000, 0x000000064f300000| Untracked 
| 244|0x000000064f400000, 0x000000064f400000, 0x000000064f500000|  0%| F|  |TAMS 0x000000064f400000, 0x000000064f400000| Untracked 
| 245|0x000000064f500000, 0x000000064f500000, 0x000000064f600000|  0%| F|  |TAMS 0x000000064f500000, 0x000000064f500000| Untracked 
| 246|0x000000064f600000, 0x000000064f600000, 0x000000064f700000|  0%| F|  |TAMS 0x000000064f600000, 0x000000064f600000| Untracked 
| 247|0x000000064f700000, 0x000000064f700000, 0x000000064f800000|  0%| F|  |TAMS 0x000000064f700000, 0x000000064f700000| Untracked 
| 248|0x000000064f800000, 0x000000064f800000, 0x000000064f900000|  0%| F|  |TAMS 0x000000064f800000, 0x000000064f800000| Untracked 
| 249|0x000000064f900000, 0x000000064f900000, 0x000000064fa00000|  0%| F|  |TAMS 0x000000064f900000, 0x000000064f900000| Untracked 
| 250|0x000000064fa00000, 0x000000064fa00000, 0x000000064fb00000|  0%| F|  |TAMS 0x000000064fa00000, 0x000000064fa00000| Untracked 
| 251|0x000000064fb00000, 0x000000064fb00000, 0x000000064fc00000|  0%| F|  |TAMS 0x000000064fb00000, 0x000000064fb00000| Untracked 
| 252|0x000000064fc00000, 0x000000064fc00000, 0x000000064fd00000|  0%| F|  |TAMS 0x000000064fc00000, 0x000000064fc00000| Untracked 
| 253|0x000000064fd00000, 0x000000064fd00000, 0x000000064fe00000|  0%| F|  |TAMS 0x000000064fd00000, 0x000000064fd00000| Untracked 
| 254|0x000000064fe00000, 0x000000064fe00000, 0x000000064ff00000|  0%| F|  |TAMS 0x000000064fe00000, 0x000000064fe00000| Untracked 
| 255|0x000000064ff00000, 0x000000064ff00000, 0x0000000650000000|  0%| F|  |TAMS 0x000000064ff00000, 0x000000064ff00000| Untracked 
| 256|0x0000000650000000, 0x0000000650000000, 0x0000000650100000|  0%| F|  |TAMS 0x0000000650000000, 0x0000000650000000| Untracked 
| 257|0x0000000650100000, 0x0000000650100000, 0x0000000650200000|  0%| F|  |TAMS 0x0000000650100000, 0x0000000650100000| Untracked 
| 258|0x0000000650200000, 0x0000000650200000, 0x0000000650300000|  0%| F|  |TAMS 0x0000000650200000, 0x0000000650200000| Untracked 
| 259|0x0000000650300000, 0x0000000650300000, 0x0000000650400000|  0%| F|  |TAMS 0x0000000650300000, 0x0000000650300000| Untracked 
| 260|0x0000000650400000, 0x0000000650400000, 0x0000000650500000|  0%| F|  |TAMS 0x0000000650400000, 0x0000000650400000| Untracked 
| 261|0x0000000650500000, 0x0000000650500000, 0x0000000650600000|  0%| F|  |TAMS 0x0000000650500000, 0x0000000650500000| Untracked 
| 262|0x0000000650600000, 0x0000000650600000, 0x0000000650700000|  0%| F|  |TAMS 0x0000000650600000, 0x0000000650600000| Untracked 
| 263|0x0000000650700000, 0x0000000650700000, 0x0000000650800000|  0%| F|  |TAMS 0x0000000650700000, 0x0000000650700000| Untracked 
| 264|0x0000000650800000, 0x0000000650800000, 0x0000000650900000|  0%| F|  |TAMS 0x0000000650800000, 0x0000000650800000| Untracked 
| 265|0x0000000650900000, 0x0000000650900000, 0x0000000650a00000|  0%| F|  |TAMS 0x0000000650900000, 0x0000000650900000| Untracked 
| 266|0x0000000650a00000, 0x0000000650a00000, 0x0000000650b00000|  0%| F|  |TAMS 0x0000000650a00000, 0x0000000650a00000| Untracked 
| 267|0x0000000650b00000, 0x0000000650b00000, 0x0000000650c00000|  0%| F|  |TAMS 0x0000000650b00000, 0x0000000650b00000| Untracked 
| 268|0x0000000650c00000, 0x0000000650c00000, 0x0000000650d00000|  0%| F|  |TAMS 0x0000000650c00000, 0x0000000650c00000| Untracked 
| 269|0x0000000650d00000, 0x0000000650d00000, 0x0000000650e00000|  0%| F|  |TAMS 0x0000000650d00000, 0x0000000650d00000| Untracked 
| 270|0x0000000650e00000, 0x0000000650e00000, 0x0000000650f00000|  0%| F|  |TAMS 0x0000000650e00000, 0x0000000650e00000| Untracked 
| 271|0x0000000650f00000, 0x0000000650f00000, 0x0000000651000000|  0%| F|  |TAMS 0x0000000650f00000, 0x0000000650f00000| Untracked 
| 272|0x0000000651000000, 0x0000000651000000, 0x0000000651100000|  0%| F|  |TAMS 0x0000000651000000, 0x0000000651000000| Untracked 
| 273|0x0000000651100000, 0x0000000651100000, 0x0000000651200000|  0%| F|  |TAMS 0x0000000651100000, 0x0000000651100000| Untracked 
| 274|0x0000000651200000, 0x0000000651200000, 0x0000000651300000|  0%| F|  |TAMS 0x0000000651200000, 0x0000000651200000| Untracked 
| 275|0x0000000651300000, 0x0000000651300000, 0x0000000651400000|  0%| F|  |TAMS 0x0000000651300000, 0x0000000651300000| Untracked 
| 276|0x0000000651400000, 0x0000000651400000, 0x0000000651500000|  0%| F|  |TAMS 0x0000000651400000, 0x0000000651400000| Untracked 
| 277|0x0000000651500000, 0x0000000651500000, 0x0000000651600000|  0%| F|  |TAMS 0x0000000651500000, 0x0000000651500000| Untracked 
| 278|0x0000000651600000, 0x0000000651600000, 0x0000000651700000|  0%| F|  |TAMS 0x0000000651600000, 0x0000000651600000| Untracked 
| 279|0x0000000651700000, 0x0000000651700000, 0x0000000651800000|  0%| F|  |TAMS 0x0000000651700000, 0x0000000651700000| Untracked 
| 280|0x0000000651800000, 0x0000000651800000, 0x0000000651900000|  0%| F|  |TAMS 0x0000000651800000, 0x0000000651800000| Untracked 
| 281|0x0000000651900000, 0x0000000651900000, 0x0000000651a00000|  0%| F|  |TAMS 0x0000000651900000, 0x0000000651900000| Untracked 
| 282|0x0000000651a00000, 0x0000000651a00000, 0x0000000651b00000|  0%| F|  |TAMS 0x0000000651a00000, 0x0000000651a00000| Untracked 
| 283|0x0000000651b00000, 0x0000000651b00000, 0x0000000651c00000|  0%| F|  |TAMS 0x0000000651b00000, 0x0000000651b00000| Untracked 
| 284|0x0000000651c00000, 0x0000000651c00000, 0x0000000651d00000|  0%| F|  |TAMS 0x0000000651c00000, 0x0000000651c00000| Untracked 
| 285|0x0000000651d00000, 0x0000000651d00000, 0x0000000651e00000|  0%| F|  |TAMS 0x0000000651d00000, 0x0000000651d00000| Untracked 
| 286|0x0000000651e00000, 0x0000000651e00000, 0x0000000651f00000|  0%| F|  |TAMS 0x0000000651e00000, 0x0000000651e00000| Untracked 
| 287|0x0000000651f00000, 0x0000000651f00000, 0x0000000652000000|  0%| F|  |TAMS 0x0000000651f00000, 0x0000000651f00000| Untracked 
| 288|0x0000000652000000, 0x0000000652000000, 0x0000000652100000|  0%| F|  |TAMS 0x0000000652000000, 0x0000000652000000| Untracked 
| 289|0x0000000652100000, 0x0000000652100000, 0x0000000652200000|  0%| F|  |TAMS 0x0000000652100000, 0x0000000652100000| Untracked 
| 290|0x0000000652200000, 0x0000000652200000, 0x0000000652300000|  0%| F|  |TAMS 0x0000000652200000, 0x0000000652200000| Untracked 
| 291|0x0000000652300000, 0x0000000652300000, 0x0000000652400000|  0%| F|  |TAMS 0x0000000652300000, 0x0000000652300000| Untracked 
| 292|0x0000000652400000, 0x0000000652400000, 0x0000000652500000|  0%| F|  |TAMS 0x0000000652400000, 0x0000000652400000| Untracked 
| 293|0x0000000652500000, 0x0000000652500000, 0x0000000652600000|  0%| F|  |TAMS 0x0000000652500000, 0x0000000652500000| Untracked 
| 294|0x0000000652600000, 0x0000000652600000, 0x0000000652700000|  0%| F|  |TAMS 0x0000000652600000, 0x0000000652600000| Untracked 
| 295|0x0000000652700000, 0x0000000652700000, 0x0000000652800000|  0%| F|  |TAMS 0x0000000652700000, 0x0000000652700000| Untracked 
| 296|0x0000000652800000, 0x0000000652800000, 0x0000000652900000|  0%| F|  |TAMS 0x0000000652800000, 0x0000000652800000| Untracked 
| 297|0x0000000652900000, 0x0000000652900000, 0x0000000652a00000|  0%| F|  |TAMS 0x0000000652900000, 0x0000000652900000| Untracked 
| 298|0x0000000652a00000, 0x0000000652a00000, 0x0000000652b00000|  0%| F|  |TAMS 0x0000000652a00000, 0x0000000652a00000| Untracked 
| 299|0x0000000652b00000, 0x0000000652b00000, 0x0000000652c00000|  0%| F|  |TAMS 0x0000000652b00000, 0x0000000652b00000| Untracked 
| 300|0x0000000652c00000, 0x0000000652c00000, 0x0000000652d00000|  0%| F|  |TAMS 0x0000000652c00000, 0x0000000652c00000| Untracked 
| 301|0x0000000652d00000, 0x0000000652d00000, 0x0000000652e00000|  0%| F|  |TAMS 0x0000000652d00000, 0x0000000652d00000| Untracked 
| 302|0x0000000652e00000, 0x0000000652e00000, 0x0000000652f00000|  0%| F|  |TAMS 0x0000000652e00000, 0x0000000652e00000| Untracked 
| 303|0x0000000652f00000, 0x0000000652f00000, 0x0000000653000000|  0%| F|  |TAMS 0x0000000652f00000, 0x0000000652f00000| Untracked 
| 304|0x0000000653000000, 0x0000000653000000, 0x0000000653100000|  0%| F|  |TAMS 0x0000000653000000, 0x0000000653000000| Untracked 
| 305|0x0000000653100000, 0x0000000653100000, 0x0000000653200000|  0%| F|  |TAMS 0x0000000653100000, 0x0000000653100000| Untracked 
| 306|0x0000000653200000, 0x0000000653200000, 0x0000000653300000|  0%| F|  |TAMS 0x0000000653200000, 0x0000000653200000| Untracked 
| 307|0x0000000653300000, 0x0000000653300000, 0x0000000653400000|  0%| F|  |TAMS 0x0000000653300000, 0x0000000653300000| Untracked 
| 308|0x0000000653400000, 0x0000000653400000, 0x0000000653500000|  0%| F|  |TAMS 0x0000000653400000, 0x0000000653400000| Untracked 
| 309|0x0000000653500000, 0x0000000653500000, 0x0000000653600000|  0%| F|  |TAMS 0x0000000653500000, 0x0000000653500000| Untracked 
| 310|0x0000000653600000, 0x0000000653600000, 0x0000000653700000|  0%| F|  |TAMS 0x0000000653600000, 0x0000000653600000| Untracked 
| 311|0x0000000653700000, 0x0000000653700000, 0x0000000653800000|  0%| F|  |TAMS 0x0000000653700000, 0x0000000653700000| Untracked 
| 312|0x0000000653800000, 0x0000000653800000, 0x0000000653900000|  0%| F|  |TAMS 0x0000000653800000, 0x0000000653800000| Untracked 
| 313|0x0000000653900000, 0x0000000653900000, 0x0000000653a00000|  0%| F|  |TAMS 0x0000000653900000, 0x0000000653900000| Untracked 
| 314|0x0000000653a00000, 0x0000000653a00000, 0x0000000653b00000|  0%| F|  |TAMS 0x0000000653a00000, 0x0000000653a00000| Untracked 
| 315|0x0000000653b00000, 0x0000000653b00000, 0x0000000653c00000|  0%| F|  |TAMS 0x0000000653b00000, 0x0000000653b00000| Untracked 
| 316|0x0000000653c00000, 0x0000000653c00000, 0x0000000653d00000|  0%| F|  |TAMS 0x0000000653c00000, 0x0000000653c00000| Untracked 
| 317|0x0000000653d00000, 0x0000000653d00000, 0x0000000653e00000|  0%| F|  |TAMS 0x0000000653d00000, 0x0000000653d00000| Untracked 
| 318|0x0000000653e00000, 0x0000000653e00000, 0x0000000653f00000|  0%| F|  |TAMS 0x0000000653e00000, 0x0000000653e00000| Untracked 
| 319|0x0000000653f00000, 0x0000000653f00000, 0x0000000654000000|  0%| F|  |TAMS 0x0000000653f00000, 0x0000000653f00000| Untracked 
| 320|0x0000000654000000, 0x0000000654000000, 0x0000000654100000|  0%| F|  |TAMS 0x0000000654000000, 0x0000000654000000| Untracked 
| 321|0x0000000654100000, 0x0000000654100000, 0x0000000654200000|  0%| F|  |TAMS 0x0000000654100000, 0x0000000654100000| Untracked 
| 322|0x0000000654200000, 0x0000000654200000, 0x0000000654300000|  0%| F|  |TAMS 0x0000000654200000, 0x0000000654200000| Untracked 
| 323|0x0000000654300000, 0x0000000654300000, 0x0000000654400000|  0%| F|  |TAMS 0x0000000654300000, 0x0000000654300000| Untracked 
| 324|0x0000000654400000, 0x0000000654400000, 0x0000000654500000|  0%| F|  |TAMS 0x0000000654400000, 0x0000000654400000| Untracked 
| 325|0x0000000654500000, 0x0000000654500000, 0x0000000654600000|  0%| F|  |TAMS 0x0000000654500000, 0x0000000654500000| Untracked 
| 326|0x0000000654600000, 0x0000000654600000, 0x0000000654700000|  0%| F|  |TAMS 0x0000000654600000, 0x0000000654600000| Untracked 
| 327|0x0000000654700000, 0x0000000654700000, 0x0000000654800000|  0%| F|  |TAMS 0x0000000654700000, 0x0000000654700000| Untracked 
| 328|0x0000000654800000, 0x0000000654800000, 0x0000000654900000|  0%| F|  |TAMS 0x0000000654800000, 0x0000000654800000| Untracked 
| 329|0x0000000654900000, 0x0000000654900000, 0x0000000654a00000|  0%| F|  |TAMS 0x0000000654900000, 0x0000000654900000| Untracked 
| 330|0x0000000654a00000, 0x0000000654a00000, 0x0000000654b00000|  0%| F|  |TAMS 0x0000000654a00000, 0x0000000654a00000| Untracked 
| 331|0x0000000654b00000, 0x0000000654b00000, 0x0000000654c00000|  0%| F|  |TAMS 0x0000000654b00000, 0x0000000654b00000| Untracked 
| 332|0x0000000654c00000, 0x0000000654c00000, 0x0000000654d00000|  0%| F|  |TAMS 0x0000000654c00000, 0x0000000654c00000| Untracked 
| 333|0x0000000654d00000, 0x0000000654d00000, 0x0000000654e00000|  0%| F|  |TAMS 0x0000000654d00000, 0x0000000654d00000| Untracked 
| 334|0x0000000654e00000, 0x0000000654e00000, 0x0000000654f00000|  0%| F|  |TAMS 0x0000000654e00000, 0x0000000654e00000| Untracked 
| 335|0x0000000654f00000, 0x0000000654f00000, 0x0000000655000000|  0%| F|  |TAMS 0x0000000654f00000, 0x0000000654f00000| Untracked 
| 336|0x0000000655000000, 0x0000000655000000, 0x0000000655100000|  0%| F|  |TAMS 0x0000000655000000, 0x0000000655000000| Untracked 
| 337|0x0000000655100000, 0x0000000655100000, 0x0000000655200000|  0%| F|  |TAMS 0x0000000655100000, 0x0000000655100000| Untracked 
| 338|0x0000000655200000, 0x0000000655200000, 0x0000000655300000|  0%| F|  |TAMS 0x0000000655200000, 0x0000000655200000| Untracked 
| 339|0x0000000655300000, 0x0000000655300000, 0x0000000655400000|  0%| F|  |TAMS 0x0000000655300000, 0x0000000655300000| Untracked 
| 340|0x0000000655400000, 0x0000000655400000, 0x0000000655500000|  0%| F|  |TAMS 0x0000000655400000, 0x0000000655400000| Untracked 
| 341|0x0000000655500000, 0x0000000655500000, 0x0000000655600000|  0%| F|  |TAMS 0x0000000655500000, 0x0000000655500000| Untracked 
| 342|0x0000000655600000, 0x0000000655600000, 0x0000000655700000|  0%| F|  |TAMS 0x0000000655600000, 0x0000000655600000| Untracked 
| 343|0x0000000655700000, 0x0000000655700000, 0x0000000655800000|  0%| F|  |TAMS 0x0000000655700000, 0x0000000655700000| Untracked 
| 344|0x0000000655800000, 0x0000000655800000, 0x0000000655900000|  0%| F|  |TAMS 0x0000000655800000, 0x0000000655800000| Untracked 
| 345|0x0000000655900000, 0x0000000655900000, 0x0000000655a00000|  0%| F|  |TAMS 0x0000000655900000, 0x0000000655900000| Untracked 
| 346|0x0000000655a00000, 0x0000000655a00000, 0x0000000655b00000|  0%| F|  |TAMS 0x0000000655a00000, 0x0000000655a00000| Untracked 
| 347|0x0000000655b00000, 0x0000000655b00000, 0x0000000655c00000|  0%| F|  |TAMS 0x0000000655b00000, 0x0000000655b00000| Untracked 
| 348|0x0000000655c00000, 0x0000000655c00000, 0x0000000655d00000|  0%| F|  |TAMS 0x0000000655c00000, 0x0000000655c00000| Untracked 
| 349|0x0000000655d00000, 0x0000000655d00000, 0x0000000655e00000|  0%| F|  |TAMS 0x0000000655d00000, 0x0000000655d00000| Untracked 
| 350|0x0000000655e00000, 0x0000000655e00000, 0x0000000655f00000|  0%| F|  |TAMS 0x0000000655e00000, 0x0000000655e00000| Untracked 
| 351|0x0000000655f00000, 0x0000000655f00000, 0x0000000656000000|  0%| F|  |TAMS 0x0000000655f00000, 0x0000000655f00000| Untracked 
| 352|0x0000000656000000, 0x0000000656000000, 0x0000000656100000|  0%| F|  |TAMS 0x0000000656000000, 0x0000000656000000| Untracked 
| 353|0x0000000656100000, 0x0000000656100000, 0x0000000656200000|  0%| F|  |TAMS 0x0000000656100000, 0x0000000656100000| Untracked 
| 354|0x0000000656200000, 0x0000000656200000, 0x0000000656300000|  0%| F|  |TAMS 0x0000000656200000, 0x0000000656200000| Untracked 
| 355|0x0000000656300000, 0x0000000656300000, 0x0000000656400000|  0%| F|  |TAMS 0x0000000656300000, 0x0000000656300000| Untracked 
| 356|0x0000000656400000, 0x0000000656400000, 0x0000000656500000|  0%| F|  |TAMS 0x0000000656400000, 0x0000000656400000| Untracked 
| 357|0x0000000656500000, 0x0000000656500000, 0x0000000656600000|  0%| F|  |TAMS 0x0000000656500000, 0x0000000656500000| Untracked 
| 358|0x0000000656600000, 0x0000000656600000, 0x0000000656700000|  0%| F|  |TAMS 0x0000000656600000, 0x0000000656600000| Untracked 
| 359|0x0000000656700000, 0x0000000656700000, 0x0000000656800000|  0%| F|  |TAMS 0x0000000656700000, 0x0000000656700000| Untracked 
| 360|0x0000000656800000, 0x0000000656800000, 0x0000000656900000|  0%| F|  |TAMS 0x0000000656800000, 0x0000000656800000| Untracked 
| 361|0x0000000656900000, 0x0000000656900000, 0x0000000656a00000|  0%| F|  |TAMS 0x0000000656900000, 0x0000000656900000| Untracked 
| 362|0x0000000656a00000, 0x0000000656a00000, 0x0000000656b00000|  0%| F|  |TAMS 0x0000000656a00000, 0x0000000656a00000| Untracked 
| 363|0x0000000656b00000, 0x0000000656b00000, 0x0000000656c00000|  0%| F|  |TAMS 0x0000000656b00000, 0x0000000656b00000| Untracked 
| 364|0x0000000656c00000, 0x0000000656c00000, 0x0000000656d00000|  0%| F|  |TAMS 0x0000000656c00000, 0x0000000656c00000| Untracked 
| 365|0x0000000656d00000, 0x0000000656d00000, 0x0000000656e00000|  0%| F|  |TAMS 0x0000000656d00000, 0x0000000656d00000| Untracked 
| 366|0x0000000656e00000, 0x0000000656e00000, 0x0000000656f00000|  0%| F|  |TAMS 0x0000000656e00000, 0x0000000656e00000| Untracked 
| 367|0x0000000656f00000, 0x0000000656f00000, 0x0000000657000000|  0%| F|  |TAMS 0x0000000656f00000, 0x0000000656f00000| Untracked 
| 368|0x0000000657000000, 0x0000000657000000, 0x0000000657100000|  0%| F|  |TAMS 0x0000000657000000, 0x0000000657000000| Untracked 
| 369|0x0000000657100000, 0x0000000657100000, 0x0000000657200000|  0%| F|  |TAMS 0x0000000657100000, 0x0000000657100000| Untracked 
| 370|0x0000000657200000, 0x0000000657200000, 0x0000000657300000|  0%| F|  |TAMS 0x0000000657200000, 0x0000000657200000| Untracked 
| 371|0x0000000657300000, 0x0000000657300000, 0x0000000657400000|  0%| F|  |TAMS 0x0000000657300000, 0x0000000657300000| Untracked 
| 372|0x0000000657400000, 0x0000000657400000, 0x0000000657500000|  0%| F|  |TAMS 0x0000000657400000, 0x0000000657400000| Untracked 
| 373|0x0000000657500000, 0x0000000657500000, 0x0000000657600000|  0%| F|  |TAMS 0x0000000657500000, 0x0000000657500000| Untracked 
| 374|0x0000000657600000, 0x0000000657600000, 0x0000000657700000|  0%| F|  |TAMS 0x0000000657600000, 0x0000000657600000| Untracked 
| 375|0x0000000657700000, 0x0000000657700000, 0x0000000657800000|  0%| F|  |TAMS 0x0000000657700000, 0x0000000657700000| Untracked 
| 376|0x0000000657800000, 0x0000000657800000, 0x0000000657900000|  0%| F|  |TAMS 0x0000000657800000, 0x0000000657800000| Untracked 
| 377|0x0000000657900000, 0x0000000657900000, 0x0000000657a00000|  0%| F|  |TAMS 0x0000000657900000, 0x0000000657900000| Untracked 
| 378|0x0000000657a00000, 0x0000000657a00000, 0x0000000657b00000|  0%| F|  |TAMS 0x0000000657a00000, 0x0000000657a00000| Untracked 
| 379|0x0000000657b00000, 0x0000000657b00000, 0x0000000657c00000|  0%| F|  |TAMS 0x0000000657b00000, 0x0000000657b00000| Untracked 
| 380|0x0000000657c00000, 0x0000000657c00000, 0x0000000657d00000|  0%| F|  |TAMS 0x0000000657c00000, 0x0000000657c00000| Untracked 
| 381|0x0000000657d00000, 0x0000000657d00000, 0x0000000657e00000|  0%| F|  |TAMS 0x0000000657d00000, 0x0000000657d00000| Untracked 
| 382|0x0000000657e00000, 0x0000000657e00000, 0x0000000657f00000|  0%| F|  |TAMS 0x0000000657e00000, 0x0000000657e00000| Untracked 
| 383|0x0000000657f00000, 0x0000000657f00000, 0x0000000658000000|  0%| F|  |TAMS 0x0000000657f00000, 0x0000000657f00000| Untracked 
| 384|0x0000000658000000, 0x0000000658000000, 0x0000000658100000|  0%| F|  |TAMS 0x0000000658000000, 0x0000000658000000| Untracked 
| 385|0x0000000658100000, 0x0000000658100000, 0x0000000658200000|  0%| F|  |TAMS 0x0000000658100000, 0x0000000658100000| Untracked 
| 386|0x0000000658200000, 0x0000000658200000, 0x0000000658300000|  0%| F|  |TAMS 0x0000000658200000, 0x0000000658200000| Untracked 
| 387|0x0000000658300000, 0x0000000658300000, 0x0000000658400000|  0%| F|  |TAMS 0x0000000658300000, 0x0000000658300000| Untracked 
| 388|0x0000000658400000, 0x0000000658400000, 0x0000000658500000|  0%| F|  |TAMS 0x0000000658400000, 0x0000000658400000| Untracked 
| 389|0x0000000658500000, 0x0000000658500000, 0x0000000658600000|  0%| F|  |TAMS 0x0000000658500000, 0x0000000658500000| Untracked 
| 390|0x0000000658600000, 0x0000000658600000, 0x0000000658700000|  0%| F|  |TAMS 0x0000000658600000, 0x0000000658600000| Untracked 
| 391|0x0000000658700000, 0x0000000658700000, 0x0000000658800000|  0%| F|  |TAMS 0x0000000658700000, 0x0000000658700000| Untracked 
| 392|0x0000000658800000, 0x0000000658800000, 0x0000000658900000|  0%| F|  |TAMS 0x0000000658800000, 0x0000000658800000| Untracked 
| 393|0x0000000658900000, 0x0000000658900000, 0x0000000658a00000|  0%| F|  |TAMS 0x0000000658900000, 0x0000000658900000| Untracked 
| 394|0x0000000658a00000, 0x0000000658a00000, 0x0000000658b00000|  0%| F|  |TAMS 0x0000000658a00000, 0x0000000658a00000| Untracked 
| 395|0x0000000658b00000, 0x0000000658b00000, 0x0000000658c00000|  0%| F|  |TAMS 0x0000000658b00000, 0x0000000658b00000| Untracked 
| 396|0x0000000658c00000, 0x0000000658c00000, 0x0000000658d00000|  0%| F|  |TAMS 0x0000000658c00000, 0x0000000658c00000| Untracked 
| 397|0x0000000658d00000, 0x0000000658d00000, 0x0000000658e00000|  0%| F|  |TAMS 0x0000000658d00000, 0x0000000658d00000| Untracked 
| 398|0x0000000658e00000, 0x0000000658e00000, 0x0000000658f00000|  0%| F|  |TAMS 0x0000000658e00000, 0x0000000658e00000| Untracked 
| 399|0x0000000658f00000, 0x0000000658f00000, 0x0000000659000000|  0%| F|  |TAMS 0x0000000658f00000, 0x0000000658f00000| Untracked 
| 400|0x0000000659000000, 0x0000000659000000, 0x0000000659100000|  0%| F|  |TAMS 0x0000000659000000, 0x0000000659000000| Untracked 
| 401|0x0000000659100000, 0x0000000659100000, 0x0000000659200000|  0%| F|  |TAMS 0x0000000659100000, 0x0000000659100000| Untracked 
| 402|0x0000000659200000, 0x0000000659200000, 0x0000000659300000|  0%| F|  |TAMS 0x0000000659200000, 0x0000000659200000| Untracked 
| 403|0x0000000659300000, 0x0000000659300000, 0x0000000659400000|  0%| F|  |TAMS 0x0000000659300000, 0x0000000659300000| Untracked 
| 404|0x0000000659400000, 0x0000000659400000, 0x0000000659500000|  0%| F|  |TAMS 0x0000000659400000, 0x0000000659400000| Untracked 
| 405|0x0000000659500000, 0x0000000659500000, 0x0000000659600000|  0%| F|  |TAMS 0x0000000659500000, 0x0000000659500000| Untracked 
| 406|0x0000000659600000, 0x0000000659600000, 0x0000000659700000|  0%| F|  |TAMS 0x0000000659600000, 0x0000000659600000| Untracked 
| 407|0x0000000659700000, 0x0000000659700000, 0x0000000659800000|  0%| F|  |TAMS 0x0000000659700000, 0x0000000659700000| Untracked 
| 408|0x0000000659800000, 0x0000000659800000, 0x0000000659900000|  0%| F|  |TAMS 0x0000000659800000, 0x0000000659800000| Untracked 
| 409|0x0000000659900000, 0x0000000659900000, 0x0000000659a00000|  0%| F|  |TAMS 0x0000000659900000, 0x0000000659900000| Untracked 
| 410|0x0000000659a00000, 0x0000000659a00000, 0x0000000659b00000|  0%| F|  |TAMS 0x0000000659a00000, 0x0000000659a00000| Untracked 
| 411|0x0000000659b00000, 0x0000000659b00000, 0x0000000659c00000|  0%| F|  |TAMS 0x0000000659b00000, 0x0000000659b00000| Untracked 
| 412|0x0000000659c00000, 0x0000000659c00000, 0x0000000659d00000|  0%| F|  |TAMS 0x0000000659c00000, 0x0000000659c00000| Untracked 
| 413|0x0000000659d00000, 0x0000000659d00000, 0x0000000659e00000|  0%| F|  |TAMS 0x0000000659d00000, 0x0000000659d00000| Untracked 
| 414|0x0000000659e00000, 0x0000000659e00000, 0x0000000659f00000|  0%| F|  |TAMS 0x0000000659e00000, 0x0000000659e00000| Untracked 
| 415|0x0000000659f00000, 0x0000000659f00000, 0x000000065a000000|  0%| F|  |TAMS 0x0000000659f00000, 0x0000000659f00000| Untracked 
| 416|0x000000065a000000, 0x000000065a000000, 0x000000065a100000|  0%| F|  |TAMS 0x000000065a000000, 0x000000065a000000| Untracked 
| 417|0x000000065a100000, 0x000000065a100000, 0x000000065a200000|  0%| F|  |TAMS 0x000000065a100000, 0x000000065a100000| Untracked 
| 418|0x000000065a200000, 0x000000065a200000, 0x000000065a300000|  0%| F|  |TAMS 0x000000065a200000, 0x000000065a200000| Untracked 
| 419|0x000000065a300000, 0x000000065a300000, 0x000000065a400000|  0%| F|  |TAMS 0x000000065a300000, 0x000000065a300000| Untracked 
| 420|0x000000065a400000, 0x000000065a400000, 0x000000065a500000|  0%| F|  |TAMS 0x000000065a400000, 0x000000065a400000| Untracked 
| 421|0x000000065a500000, 0x000000065a500000, 0x000000065a600000|  0%| F|  |TAMS 0x000000065a500000, 0x000000065a500000| Untracked 
| 422|0x000000065a600000, 0x000000065a600000, 0x000000065a700000|  0%| F|  |TAMS 0x000000065a600000, 0x000000065a600000| Untracked 
| 423|0x000000065a700000, 0x000000065a700000, 0x000000065a800000|  0%| F|  |TAMS 0x000000065a700000, 0x000000065a700000| Untracked 
| 424|0x000000065a800000, 0x000000065a800000, 0x000000065a900000|  0%| F|  |TAMS 0x000000065a800000, 0x000000065a800000| Untracked 
| 425|0x000000065a900000, 0x000000065a900000, 0x000000065aa00000|  0%| F|  |TAMS 0x000000065a900000, 0x000000065a900000| Untracked 
| 426|0x000000065aa00000, 0x000000065aa00000, 0x000000065ab00000|  0%| F|  |TAMS 0x000000065aa00000, 0x000000065aa00000| Untracked 
| 427|0x000000065ab00000, 0x000000065ab00000, 0x000000065ac00000|  0%| F|  |TAMS 0x000000065ab00000, 0x000000065ab00000| Untracked 
| 428|0x000000065ac00000, 0x000000065ac00000, 0x000000065ad00000|  0%| F|  |TAMS 0x000000065ac00000, 0x000000065ac00000| Untracked 
| 429|0x000000065ad00000, 0x000000065ad00000, 0x000000065ae00000|  0%| F|  |TAMS 0x000000065ad00000, 0x000000065ad00000| Untracked 
| 430|0x000000065ae00000, 0x000000065ae00000, 0x000000065af00000|  0%| F|  |TAMS 0x000000065ae00000, 0x000000065ae00000| Untracked 
| 431|0x000000065af00000, 0x000000065af00000, 0x000000065b000000|  0%| F|  |TAMS 0x000000065af00000, 0x000000065af00000| Untracked 
| 432|0x000000065b000000, 0x000000065b000000, 0x000000065b100000|  0%| F|  |TAMS 0x000000065b000000, 0x000000065b000000| Untracked 
| 433|0x000000065b100000, 0x000000065b100000, 0x000000065b200000|  0%| F|  |TAMS 0x000000065b100000, 0x000000065b100000| Untracked 
| 434|0x000000065b200000, 0x000000065b200000, 0x000000065b300000|  0%| F|  |TAMS 0x000000065b200000, 0x000000065b200000| Untracked 
| 435|0x000000065b300000, 0x000000065b300000, 0x000000065b400000|  0%| F|  |TAMS 0x000000065b300000, 0x000000065b300000| Untracked 
| 436|0x000000065b400000, 0x000000065b400000, 0x000000065b500000|  0%| F|  |TAMS 0x000000065b400000, 0x000000065b400000| Untracked 
| 437|0x000000065b500000, 0x000000065b500000, 0x000000065b600000|  0%| F|  |TAMS 0x000000065b500000, 0x000000065b500000| Untracked 
| 438|0x000000065b600000, 0x000000065b600000, 0x000000065b700000|  0%| F|  |TAMS 0x000000065b600000, 0x000000065b600000| Untracked 
| 439|0x000000065b700000, 0x000000065b700000, 0x000000065b800000|  0%| F|  |TAMS 0x000000065b700000, 0x000000065b700000| Untracked 
| 440|0x000000065b800000, 0x000000065b800000, 0x000000065b900000|  0%| F|  |TAMS 0x000000065b800000, 0x000000065b800000| Untracked 
| 441|0x000000065b900000, 0x000000065b900000, 0x000000065ba00000|  0%| F|  |TAMS 0x000000065b900000, 0x000000065b900000| Untracked 
| 442|0x000000065ba00000, 0x000000065ba00000, 0x000000065bb00000|  0%| F|  |TAMS 0x000000065ba00000, 0x000000065ba00000| Untracked 
| 443|0x000000065bb00000, 0x000000065bb00000, 0x000000065bc00000|  0%| F|  |TAMS 0x000000065bb00000, 0x000000065bb00000| Untracked 
| 444|0x000000065bc00000, 0x000000065bc00000, 0x000000065bd00000|  0%| F|  |TAMS 0x000000065bc00000, 0x000000065bc00000| Untracked 
| 445|0x000000065bd00000, 0x000000065bd00000, 0x000000065be00000|  0%| F|  |TAMS 0x000000065bd00000, 0x000000065bd00000| Untracked 
| 446|0x000000065be00000, 0x000000065be00000, 0x000000065bf00000|  0%| F|  |TAMS 0x000000065be00000, 0x000000065be00000| Untracked 
| 447|0x000000065bf00000, 0x000000065bf00000, 0x000000065c000000|  0%| F|  |TAMS 0x000000065bf00000, 0x000000065bf00000| Untracked 
| 448|0x000000065c000000, 0x000000065c000000, 0x000000065c100000|  0%| F|  |TAMS 0x000000065c000000, 0x000000065c000000| Untracked 
| 449|0x000000065c100000, 0x000000065c100000, 0x000000065c200000|  0%| F|  |TAMS 0x000000065c100000, 0x000000065c100000| Untracked 
| 450|0x000000065c200000, 0x000000065c200000, 0x000000065c300000|  0%| F|  |TAMS 0x000000065c200000, 0x000000065c200000| Untracked 
| 451|0x000000065c300000, 0x000000065c300000, 0x000000065c400000|  0%| F|  |TAMS 0x000000065c300000, 0x000000065c300000| Untracked 
| 452|0x000000065c400000, 0x000000065c400000, 0x000000065c500000|  0%| F|  |TAMS 0x000000065c400000, 0x000000065c400000| Untracked 
| 453|0x000000065c500000, 0x000000065c500000, 0x000000065c600000|  0%| F|  |TAMS 0x000000065c500000, 0x000000065c500000| Untracked 
| 454|0x000000065c600000, 0x000000065c600000, 0x000000065c700000|  0%| F|  |TAMS 0x000000065c600000, 0x000000065c600000| Untracked 
| 455|0x000000065c700000, 0x000000065c700000, 0x000000065c800000|  0%| F|  |TAMS 0x000000065c700000, 0x000000065c700000| Untracked 
| 456|0x000000065c800000, 0x000000065c800000, 0x000000065c900000|  0%| F|  |TAMS 0x000000065c800000, 0x000000065c800000| Untracked 
| 457|0x000000065c900000, 0x000000065c900000, 0x000000065ca00000|  0%| F|  |TAMS 0x000000065c900000, 0x000000065c900000| Untracked 
| 458|0x000000065ca00000, 0x000000065ca00000, 0x000000065cb00000|  0%| F|  |TAMS 0x000000065ca00000, 0x000000065ca00000| Untracked 
| 459|0x000000065cb00000, 0x000000065cb00000, 0x000000065cc00000|  0%| F|  |TAMS 0x000000065cb00000, 0x000000065cb00000| Untracked 
| 460|0x000000065cc00000, 0x000000065cc00000, 0x000000065cd00000|  0%| F|  |TAMS 0x000000065cc00000, 0x000000065cc00000| Untracked 
| 461|0x000000065cd00000, 0x000000065cd00000, 0x000000065ce00000|  0%| F|  |TAMS 0x000000065cd00000, 0x000000065cd00000| Untracked 
| 462|0x000000065ce00000, 0x000000065ce00000, 0x000000065cf00000|  0%| F|  |TAMS 0x000000065ce00000, 0x000000065ce00000| Untracked 
| 463|0x000000065cf00000, 0x000000065cf00000, 0x000000065d000000|  0%| F|  |TAMS 0x000000065cf00000, 0x000000065cf00000| Untracked 
| 464|0x000000065d000000, 0x000000065d000000, 0x000000065d100000|  0%| F|  |TAMS 0x000000065d000000, 0x000000065d000000| Untracked 
| 465|0x000000065d100000, 0x000000065d100000, 0x000000065d200000|  0%| F|  |TAMS 0x000000065d100000, 0x000000065d100000| Untracked 
| 466|0x000000065d200000, 0x000000065d200000, 0x000000065d300000|  0%| F|  |TAMS 0x000000065d200000, 0x000000065d200000| Untracked 
| 467|0x000000065d300000, 0x000000065d300000, 0x000000065d400000|  0%| F|  |TAMS 0x000000065d300000, 0x000000065d300000| Untracked 
| 468|0x000000065d400000, 0x000000065d400000, 0x000000065d500000|  0%| F|  |TAMS 0x000000065d400000, 0x000000065d400000| Untracked 
| 469|0x000000065d500000, 0x000000065d500000, 0x000000065d600000|  0%| F|  |TAMS 0x000000065d500000, 0x000000065d500000| Untracked 
| 470|0x000000065d600000, 0x000000065d600000, 0x000000065d700000|  0%| F|  |TAMS 0x000000065d600000, 0x000000065d600000| Untracked 
| 471|0x000000065d700000, 0x000000065d700000, 0x000000065d800000|  0%| F|  |TAMS 0x000000065d700000, 0x000000065d700000| Untracked 
| 472|0x000000065d800000, 0x000000065d800000, 0x000000065d900000|  0%| F|  |TAMS 0x000000065d800000, 0x000000065d800000| Untracked 
| 473|0x000000065d900000, 0x000000065d900000, 0x000000065da00000|  0%| F|  |TAMS 0x000000065d900000, 0x000000065d900000| Untracked 
| 474|0x000000065da00000, 0x000000065da00000, 0x000000065db00000|  0%| F|  |TAMS 0x000000065da00000, 0x000000065da00000| Untracked 
| 475|0x000000065db00000, 0x000000065db00000, 0x000000065dc00000|  0%| F|  |TAMS 0x000000065db00000, 0x000000065db00000| Untracked 
| 476|0x000000065dc00000, 0x000000065dc00000, 0x000000065dd00000|  0%| F|  |TAMS 0x000000065dc00000, 0x000000065dc00000| Untracked 
| 477|0x000000065dd00000, 0x000000065dd00000, 0x000000065de00000|  0%| F|  |TAMS 0x000000065dd00000, 0x000000065dd00000| Untracked 
| 478|0x000000065de00000, 0x000000065de00000, 0x000000065df00000|  0%| F|  |TAMS 0x000000065de00000, 0x000000065de00000| Untracked 
| 479|0x000000065df00000, 0x000000065df00000, 0x000000065e000000|  0%| F|  |TAMS 0x000000065df00000, 0x000000065df00000| Untracked 
| 480|0x000000065e000000, 0x000000065e000000, 0x000000065e100000|  0%| F|  |TAMS 0x000000065e000000, 0x000000065e000000| Untracked 
| 481|0x000000065e100000, 0x000000065e100000, 0x000000065e200000|  0%| F|  |TAMS 0x000000065e100000, 0x000000065e100000| Untracked 
| 482|0x000000065e200000, 0x000000065e200000, 0x000000065e300000|  0%| F|  |TAMS 0x000000065e200000, 0x000000065e200000| Untracked 
| 483|0x000000065e300000, 0x000000065e300000, 0x000000065e400000|  0%| F|  |TAMS 0x000000065e300000, 0x000000065e300000| Untracked 
| 484|0x000000065e400000, 0x000000065e400000, 0x000000065e500000|  0%| F|  |TAMS 0x000000065e400000, 0x000000065e400000| Untracked 
| 485|0x000000065e500000, 0x000000065e500000, 0x000000065e600000|  0%| F|  |TAMS 0x000000065e500000, 0x000000065e500000| Untracked 
| 486|0x000000065e600000, 0x000000065e600000, 0x000000065e700000|  0%| F|  |TAMS 0x000000065e600000, 0x000000065e600000| Untracked 
| 487|0x000000065e700000, 0x000000065e700000, 0x000000065e800000|  0%| F|  |TAMS 0x000000065e700000, 0x000000065e700000| Untracked 
| 488|0x000000065e800000, 0x000000065e800000, 0x000000065e900000|  0%| F|  |TAMS 0x000000065e800000, 0x000000065e800000| Untracked 
| 489|0x000000065e900000, 0x000000065e900000, 0x000000065ea00000|  0%| F|  |TAMS 0x000000065e900000, 0x000000065e900000| Untracked 
| 490|0x000000065ea00000, 0x000000065ea00000, 0x000000065eb00000|  0%| F|  |TAMS 0x000000065ea00000, 0x000000065ea00000| Untracked 
| 491|0x000000065eb00000, 0x000000065eb00000, 0x000000065ec00000|  0%| F|  |TAMS 0x000000065eb00000, 0x000000065eb00000| Untracked 
| 492|0x000000065ec00000, 0x000000065ec00000, 0x000000065ed00000|  0%| F|  |TAMS 0x000000065ec00000, 0x000000065ec00000| Untracked 
| 493|0x000000065ed00000, 0x000000065ed00000, 0x000000065ee00000|  0%| F|  |TAMS 0x000000065ed00000, 0x000000065ed00000| Untracked 
| 494|0x000000065ee00000, 0x000000065ee00000, 0x000000065ef00000|  0%| F|  |TAMS 0x000000065ee00000, 0x000000065ee00000| Untracked 
| 495|0x000000065ef00000, 0x000000065ef00000, 0x000000065f000000|  0%| F|  |TAMS 0x000000065ef00000, 0x000000065ef00000| Untracked 
| 496|0x000000065f000000, 0x000000065f000000, 0x000000065f100000|  0%| F|  |TAMS 0x000000065f000000, 0x000000065f000000| Untracked 
| 497|0x000000065f100000, 0x000000065f100000, 0x000000065f200000|  0%| F|  |TAMS 0x000000065f100000, 0x000000065f100000| Untracked 
| 498|0x000000065f200000, 0x000000065f200000, 0x000000065f300000|  0%| F|  |TAMS 0x000000065f200000, 0x000000065f200000| Untracked 
| 499|0x000000065f300000, 0x000000065f300000, 0x000000065f400000|  0%| F|  |TAMS 0x000000065f300000, 0x000000065f300000| Untracked 
| 500|0x000000065f400000, 0x000000065f400000, 0x000000065f500000|  0%| F|  |TAMS 0x000000065f400000, 0x000000065f400000| Untracked 
| 501|0x000000065f500000, 0x000000065f500000, 0x000000065f600000|  0%| F|  |TAMS 0x000000065f500000, 0x000000065f500000| Untracked 
| 502|0x000000065f600000, 0x000000065f600000, 0x000000065f700000|  0%| F|  |TAMS 0x000000065f600000, 0x000000065f600000| Untracked 
| 503|0x000000065f700000, 0x000000065f700000, 0x000000065f800000|  0%| F|  |TAMS 0x000000065f700000, 0x000000065f700000| Untracked 
| 504|0x000000065f800000, 0x000000065f800000, 0x000000065f900000|  0%| F|  |TAMS 0x000000065f800000, 0x000000065f800000| Untracked 
| 505|0x000000065f900000, 0x000000065f900000, 0x000000065fa00000|  0%| F|  |TAMS 0x000000065f900000, 0x000000065f900000| Untracked 
| 506|0x000000065fa00000, 0x000000065fa00000, 0x000000065fb00000|  0%| F|  |TAMS 0x000000065fa00000, 0x000000065fa00000| Untracked 
| 507|0x000000065fb00000, 0x000000065fb00000, 0x000000065fc00000|  0%| F|  |TAMS 0x000000065fb00000, 0x000000065fb00000| Untracked 
| 508|0x000000065fc00000, 0x000000065fc00000, 0x000000065fd00000|  0%| F|  |TAMS 0x000000065fc00000, 0x000000065fc00000| Untracked 
| 509|0x000000065fd00000, 0x000000065fd00000, 0x000000065fe00000|  0%| F|  |TAMS 0x000000065fd00000, 0x000000065fd00000| Untracked 
| 510|0x000000065fe00000, 0x000000065fe00000, 0x000000065ff00000|  0%| F|  |TAMS 0x000000065fe00000, 0x000000065fe00000| Untracked 
| 511|0x000000065ff00000, 0x000000065ff00000, 0x0000000660000000|  0%| F|  |TAMS 0x000000065ff00000, 0x000000065ff00000| Untracked 
| 512|0x0000000660000000, 0x0000000660000000, 0x0000000660100000|  0%| F|  |TAMS 0x0000000660000000, 0x0000000660000000| Untracked 
| 513|0x0000000660100000, 0x0000000660100000, 0x0000000660200000|  0%| F|  |TAMS 0x0000000660100000, 0x0000000660100000| Untracked 
| 514|0x0000000660200000, 0x0000000660200000, 0x0000000660300000|  0%| F|  |TAMS 0x0000000660200000, 0x0000000660200000| Untracked 
| 515|0x0000000660300000, 0x0000000660300000, 0x0000000660400000|  0%| F|  |TAMS 0x0000000660300000, 0x0000000660300000| Untracked 
| 516|0x0000000660400000, 0x0000000660400000, 0x0000000660500000|  0%| F|  |TAMS 0x0000000660400000, 0x0000000660400000| Untracked 
| 517|0x0000000660500000, 0x0000000660500000, 0x0000000660600000|  0%| F|  |TAMS 0x0000000660500000, 0x0000000660500000| Untracked 
| 518|0x0000000660600000, 0x0000000660600000, 0x0000000660700000|  0%| F|  |TAMS 0x0000000660600000, 0x0000000660600000| Untracked 
| 519|0x0000000660700000, 0x0000000660700000, 0x0000000660800000|  0%| F|  |TAMS 0x0000000660700000, 0x0000000660700000| Untracked 
| 520|0x0000000660800000, 0x0000000660800000, 0x0000000660900000|  0%| F|  |TAMS 0x0000000660800000, 0x0000000660800000| Untracked 
| 521|0x0000000660900000, 0x0000000660900000, 0x0000000660a00000|  0%| F|  |TAMS 0x0000000660900000, 0x0000000660900000| Untracked 
| 522|0x0000000660a00000, 0x0000000660a00000, 0x0000000660b00000|  0%| F|  |TAMS 0x0000000660a00000, 0x0000000660a00000| Untracked 
| 523|0x0000000660b00000, 0x0000000660b00000, 0x0000000660c00000|  0%| F|  |TAMS 0x0000000660b00000, 0x0000000660b00000| Untracked 
| 524|0x0000000660c00000, 0x0000000660c00000, 0x0000000660d00000|  0%| F|  |TAMS 0x0000000660c00000, 0x0000000660c00000| Untracked 
| 525|0x0000000660d00000, 0x0000000660d00000, 0x0000000660e00000|  0%| F|  |TAMS 0x0000000660d00000, 0x0000000660d00000| Untracked 
| 526|0x0000000660e00000, 0x0000000660e00000, 0x0000000660f00000|  0%| F|  |TAMS 0x0000000660e00000, 0x0000000660e00000| Untracked 
| 527|0x0000000660f00000, 0x0000000660f00000, 0x0000000661000000|  0%| F|  |TAMS 0x0000000660f00000, 0x0000000660f00000| Untracked 
| 528|0x0000000661000000, 0x0000000661000000, 0x0000000661100000|  0%| F|  |TAMS 0x0000000661000000, 0x0000000661000000| Untracked 
| 529|0x0000000661100000, 0x0000000661100000, 0x0000000661200000|  0%| F|  |TAMS 0x0000000661100000, 0x0000000661100000| Untracked 
| 530|0x0000000661200000, 0x0000000661200000, 0x0000000661300000|  0%| F|  |TAMS 0x0000000661200000, 0x0000000661200000| Untracked 
| 531|0x0000000661300000, 0x0000000661300000, 0x0000000661400000|  0%| F|  |TAMS 0x0000000661300000, 0x0000000661300000| Untracked 
| 532|0x0000000661400000, 0x0000000661400000, 0x0000000661500000|  0%| F|  |TAMS 0x0000000661400000, 0x0000000661400000| Untracked 
| 533|0x0000000661500000, 0x0000000661500000, 0x0000000661600000|  0%| F|  |TAMS 0x0000000661500000, 0x0000000661500000| Untracked 
| 534|0x0000000661600000, 0x0000000661600000, 0x0000000661700000|  0%| F|  |TAMS 0x0000000661600000, 0x0000000661600000| Untracked 
| 535|0x0000000661700000, 0x0000000661700000, 0x0000000661800000|  0%| F|  |TAMS 0x0000000661700000, 0x0000000661700000| Untracked 
| 536|0x0000000661800000, 0x0000000661800000, 0x0000000661900000|  0%| F|  |TAMS 0x0000000661800000, 0x0000000661800000| Untracked 
| 537|0x0000000661900000, 0x0000000661900000, 0x0000000661a00000|  0%| F|  |TAMS 0x0000000661900000, 0x0000000661900000| Untracked 
| 538|0x0000000661a00000, 0x0000000661a00000, 0x0000000661b00000|  0%| F|  |TAMS 0x0000000661a00000, 0x0000000661a00000| Untracked 
| 539|0x0000000661b00000, 0x0000000661b00000, 0x0000000661c00000|  0%| F|  |TAMS 0x0000000661b00000, 0x0000000661b00000| Untracked 
| 540|0x0000000661c00000, 0x0000000661c00000, 0x0000000661d00000|  0%| F|  |TAMS 0x0000000661c00000, 0x0000000661c00000| Untracked 
| 541|0x0000000661d00000, 0x0000000661d00000, 0x0000000661e00000|  0%| F|  |TAMS 0x0000000661d00000, 0x0000000661d00000| Untracked 
| 542|0x0000000661e00000, 0x0000000661e00000, 0x0000000661f00000|  0%| F|  |TAMS 0x0000000661e00000, 0x0000000661e00000| Untracked 
| 543|0x0000000661f00000, 0x0000000661f00000, 0x0000000662000000|  0%| F|  |TAMS 0x0000000661f00000, 0x0000000661f00000| Untracked 
| 544|0x0000000662000000, 0x0000000662000000, 0x0000000662100000|  0%| F|  |TAMS 0x0000000662000000, 0x0000000662000000| Untracked 
| 545|0x0000000662100000, 0x0000000662100000, 0x0000000662200000|  0%| F|  |TAMS 0x0000000662100000, 0x0000000662100000| Untracked 
| 546|0x0000000662200000, 0x0000000662200000, 0x0000000662300000|  0%| F|  |TAMS 0x0000000662200000, 0x0000000662200000| Untracked 
| 547|0x0000000662300000, 0x0000000662300000, 0x0000000662400000|  0%| F|  |TAMS 0x0000000662300000, 0x0000000662300000| Untracked 
| 548|0x0000000662400000, 0x0000000662400000, 0x0000000662500000|  0%| F|  |TAMS 0x0000000662400000, 0x0000000662400000| Untracked 
| 549|0x0000000662500000, 0x0000000662500000, 0x0000000662600000|  0%| F|  |TAMS 0x0000000662500000, 0x0000000662500000| Untracked 
| 550|0x0000000662600000, 0x0000000662600000, 0x0000000662700000|  0%| F|  |TAMS 0x0000000662600000, 0x0000000662600000| Untracked 
| 551|0x0000000662700000, 0x0000000662700000, 0x0000000662800000|  0%| F|  |TAMS 0x0000000662700000, 0x0000000662700000| Untracked 
| 552|0x0000000662800000, 0x0000000662800000, 0x0000000662900000|  0%| F|  |TAMS 0x0000000662800000, 0x0000000662800000| Untracked 
| 553|0x0000000662900000, 0x0000000662900000, 0x0000000662a00000|  0%| F|  |TAMS 0x0000000662900000, 0x0000000662900000| Untracked 
| 554|0x0000000662a00000, 0x0000000662a00000, 0x0000000662b00000|  0%| F|  |TAMS 0x0000000662a00000, 0x0000000662a00000| Untracked 
| 555|0x0000000662b00000, 0x0000000662b00000, 0x0000000662c00000|  0%| F|  |TAMS 0x0000000662b00000, 0x0000000662b00000| Untracked 
| 556|0x0000000662c00000, 0x0000000662c00000, 0x0000000662d00000|  0%| F|  |TAMS 0x0000000662c00000, 0x0000000662c00000| Untracked 
| 557|0x0000000662d00000, 0x0000000662d00000, 0x0000000662e00000|  0%| F|  |TAMS 0x0000000662d00000, 0x0000000662d00000| Untracked 
| 558|0x0000000662e00000, 0x0000000662e00000, 0x0000000662f00000|  0%| F|  |TAMS 0x0000000662e00000, 0x0000000662e00000| Untracked 
| 559|0x0000000662f00000, 0x0000000662f00000, 0x0000000663000000|  0%| F|  |TAMS 0x0000000662f00000, 0x0000000662f00000| Untracked 
| 560|0x0000000663000000, 0x0000000663000000, 0x0000000663100000|  0%| F|  |TAMS 0x0000000663000000, 0x0000000663000000| Untracked 
| 561|0x0000000663100000, 0x0000000663100000, 0x0000000663200000|  0%| F|  |TAMS 0x0000000663100000, 0x0000000663100000| Untracked 
| 562|0x0000000663200000, 0x0000000663200000, 0x0000000663300000|  0%| F|  |TAMS 0x0000000663200000, 0x0000000663200000| Untracked 
| 563|0x0000000663300000, 0x0000000663300000, 0x0000000663400000|  0%| F|  |TAMS 0x0000000663300000, 0x0000000663300000| Untracked 
| 564|0x0000000663400000, 0x0000000663400000, 0x0000000663500000|  0%| F|  |TAMS 0x0000000663400000, 0x0000000663400000| Untracked 
| 565|0x0000000663500000, 0x0000000663500000, 0x0000000663600000|  0%| F|  |TAMS 0x0000000663500000, 0x0000000663500000| Untracked 
| 566|0x0000000663600000, 0x0000000663600000, 0x0000000663700000|  0%| F|  |TAMS 0x0000000663600000, 0x0000000663600000| Untracked 
| 567|0x0000000663700000, 0x0000000663700000, 0x0000000663800000|  0%| F|  |TAMS 0x0000000663700000, 0x0000000663700000| Untracked 
| 568|0x0000000663800000, 0x0000000663800000, 0x0000000663900000|  0%| F|  |TAMS 0x0000000663800000, 0x0000000663800000| Untracked 
| 569|0x0000000663900000, 0x0000000663900000, 0x0000000663a00000|  0%| F|  |TAMS 0x0000000663900000, 0x0000000663900000| Untracked 
| 570|0x0000000663a00000, 0x0000000663a00000, 0x0000000663b00000|  0%| F|  |TAMS 0x0000000663a00000, 0x0000000663a00000| Untracked 
| 571|0x0000000663b00000, 0x0000000663b00000, 0x0000000663c00000|  0%| F|  |TAMS 0x0000000663b00000, 0x0000000663b00000| Untracked 
| 572|0x0000000663c00000, 0x0000000663c00000, 0x0000000663d00000|  0%| F|  |TAMS 0x0000000663c00000, 0x0000000663c00000| Untracked 
| 573|0x0000000663d00000, 0x0000000663d00000, 0x0000000663e00000|  0%| F|  |TAMS 0x0000000663d00000, 0x0000000663d00000| Untracked 
| 574|0x0000000663e00000, 0x0000000663e00000, 0x0000000663f00000|  0%| F|  |TAMS 0x0000000663e00000, 0x0000000663e00000| Untracked 
| 575|0x0000000663f00000, 0x0000000663f00000, 0x0000000664000000|  0%| F|  |TAMS 0x0000000663f00000, 0x0000000663f00000| Untracked 
| 576|0x0000000664000000, 0x0000000664000000, 0x0000000664100000|  0%| F|  |TAMS 0x0000000664000000, 0x0000000664000000| Untracked 
| 577|0x0000000664100000, 0x0000000664100000, 0x0000000664200000|  0%| F|  |TAMS 0x0000000664100000, 0x0000000664100000| Untracked 
| 578|0x0000000664200000, 0x0000000664200000, 0x0000000664300000|  0%| F|  |TAMS 0x0000000664200000, 0x0000000664200000| Untracked 
| 579|0x0000000664300000, 0x0000000664300000, 0x0000000664400000|  0%| F|  |TAMS 0x0000000664300000, 0x0000000664300000| Untracked 
| 580|0x0000000664400000, 0x0000000664400000, 0x0000000664500000|  0%| F|  |TAMS 0x0000000664400000, 0x0000000664400000| Untracked 
| 581|0x0000000664500000, 0x0000000664500000, 0x0000000664600000|  0%| F|  |TAMS 0x0000000664500000, 0x0000000664500000| Untracked 
| 582|0x0000000664600000, 0x0000000664600000, 0x0000000664700000|  0%| F|  |TAMS 0x0000000664600000, 0x0000000664600000| Untracked 
| 583|0x0000000664700000, 0x0000000664700000, 0x0000000664800000|  0%| F|  |TAMS 0x0000000664700000, 0x0000000664700000| Untracked 
| 584|0x0000000664800000, 0x0000000664800000, 0x0000000664900000|  0%| F|  |TAMS 0x0000000664800000, 0x0000000664800000| Untracked 
| 585|0x0000000664900000, 0x0000000664900000, 0x0000000664a00000|  0%| F|  |TAMS 0x0000000664900000, 0x0000000664900000| Untracked 
| 586|0x0000000664a00000, 0x0000000664a00000, 0x0000000664b00000|  0%| F|  |TAMS 0x0000000664a00000, 0x0000000664a00000| Untracked 
| 587|0x0000000664b00000, 0x0000000664b00000, 0x0000000664c00000|  0%| F|  |TAMS 0x0000000664b00000, 0x0000000664b00000| Untracked 
| 588|0x0000000664c00000, 0x0000000664c00000, 0x0000000664d00000|  0%| F|  |TAMS 0x0000000664c00000, 0x0000000664c00000| Untracked 
| 589|0x0000000664d00000, 0x0000000664d00000, 0x0000000664e00000|  0%| F|  |TAMS 0x0000000664d00000, 0x0000000664d00000| Untracked 
| 590|0x0000000664e00000, 0x0000000664e00000, 0x0000000664f00000|  0%| F|  |TAMS 0x0000000664e00000, 0x0000000664e00000| Untracked 
| 591|0x0000000664f00000, 0x0000000664f00000, 0x0000000665000000|  0%| F|  |TAMS 0x0000000664f00000, 0x0000000664f00000| Untracked 
| 592|0x0000000665000000, 0x0000000665000000, 0x0000000665100000|  0%| F|  |TAMS 0x0000000665000000, 0x0000000665000000| Untracked 
| 593|0x0000000665100000, 0x0000000665100000, 0x0000000665200000|  0%| F|  |TAMS 0x0000000665100000, 0x0000000665100000| Untracked 
| 594|0x0000000665200000, 0x0000000665200000, 0x0000000665300000|  0%| F|  |TAMS 0x0000000665200000, 0x0000000665200000| Untracked 
| 595|0x0000000665300000, 0x0000000665300000, 0x0000000665400000|  0%| F|  |TAMS 0x0000000665300000, 0x0000000665300000| Untracked 
| 596|0x0000000665400000, 0x0000000665400000, 0x0000000665500000|  0%| F|  |TAMS 0x0000000665400000, 0x0000000665400000| Untracked 
| 597|0x0000000665500000, 0x0000000665500000, 0x0000000665600000|  0%| F|  |TAMS 0x0000000665500000, 0x0000000665500000| Untracked 
| 598|0x0000000665600000, 0x0000000665600000, 0x0000000665700000|  0%| F|  |TAMS 0x0000000665600000, 0x0000000665600000| Untracked 
| 599|0x0000000665700000, 0x0000000665700000, 0x0000000665800000|  0%| F|  |TAMS 0x0000000665700000, 0x0000000665700000| Untracked 
| 600|0x0000000665800000, 0x0000000665800000, 0x0000000665900000|  0%| F|  |TAMS 0x0000000665800000, 0x0000000665800000| Untracked 
| 601|0x0000000665900000, 0x0000000665900000, 0x0000000665a00000|  0%| F|  |TAMS 0x0000000665900000, 0x0000000665900000| Untracked 
| 602|0x0000000665a00000, 0x0000000665a00000, 0x0000000665b00000|  0%| F|  |TAMS 0x0000000665a00000, 0x0000000665a00000| Untracked 
| 603|0x0000000665b00000, 0x0000000665b00000, 0x0000000665c00000|  0%| F|  |TAMS 0x0000000665b00000, 0x0000000665b00000| Untracked 
| 604|0x0000000665c00000, 0x0000000665c00000, 0x0000000665d00000|  0%| F|  |TAMS 0x0000000665c00000, 0x0000000665c00000| Untracked 
| 605|0x0000000665d00000, 0x0000000665d00000, 0x0000000665e00000|  0%| F|  |TAMS 0x0000000665d00000, 0x0000000665d00000| Untracked 
| 606|0x0000000665e00000, 0x0000000665e00000, 0x0000000665f00000|  0%| F|  |TAMS 0x0000000665e00000, 0x0000000665e00000| Untracked 
| 607|0x0000000665f00000, 0x0000000665f00000, 0x0000000666000000|  0%| F|  |TAMS 0x0000000665f00000, 0x0000000665f00000| Untracked 
| 608|0x0000000666000000, 0x0000000666000000, 0x0000000666100000|  0%| F|  |TAMS 0x0000000666000000, 0x0000000666000000| Untracked 
| 609|0x0000000666100000, 0x0000000666100000, 0x0000000666200000|  0%| F|  |TAMS 0x0000000666100000, 0x0000000666100000| Untracked 
| 610|0x0000000666200000, 0x0000000666200000, 0x0000000666300000|  0%| F|  |TAMS 0x0000000666200000, 0x0000000666200000| Untracked 
| 611|0x0000000666300000, 0x0000000666300000, 0x0000000666400000|  0%| F|  |TAMS 0x0000000666300000, 0x0000000666300000| Untracked 
| 612|0x0000000666400000, 0x0000000666400000, 0x0000000666500000|  0%| F|  |TAMS 0x0000000666400000, 0x0000000666400000| Untracked 
| 613|0x0000000666500000, 0x0000000666500000, 0x0000000666600000|  0%| F|  |TAMS 0x0000000666500000, 0x0000000666500000| Untracked 
| 614|0x0000000666600000, 0x0000000666600000, 0x0000000666700000|  0%| F|  |TAMS 0x0000000666600000, 0x0000000666600000| Untracked 
| 615|0x0000000666700000, 0x0000000666700000, 0x0000000666800000|  0%| F|  |TAMS 0x0000000666700000, 0x0000000666700000| Untracked 
| 616|0x0000000666800000, 0x0000000666800000, 0x0000000666900000|  0%| F|  |TAMS 0x0000000666800000, 0x0000000666800000| Untracked 
| 617|0x0000000666900000, 0x0000000666900000, 0x0000000666a00000|  0%| F|  |TAMS 0x0000000666900000, 0x0000000666900000| Untracked 
| 618|0x0000000666a00000, 0x0000000666a00000, 0x0000000666b00000|  0%| F|  |TAMS 0x0000000666a00000, 0x0000000666a00000| Untracked 
| 619|0x0000000666b00000, 0x0000000666b00000, 0x0000000666c00000|  0%| F|  |TAMS 0x0000000666b00000, 0x0000000666b00000| Untracked 
| 620|0x0000000666c00000, 0x0000000666c00000, 0x0000000666d00000|  0%| F|  |TAMS 0x0000000666c00000, 0x0000000666c00000| Untracked 
| 621|0x0000000666d00000, 0x0000000666d00000, 0x0000000666e00000|  0%| F|  |TAMS 0x0000000666d00000, 0x0000000666d00000| Untracked 
| 622|0x0000000666e00000, 0x0000000666e00000, 0x0000000666f00000|  0%| F|  |TAMS 0x0000000666e00000, 0x0000000666e00000| Untracked 
| 623|0x0000000666f00000, 0x0000000666f00000, 0x0000000667000000|  0%| F|  |TAMS 0x0000000666f00000, 0x0000000666f00000| Untracked 
| 624|0x0000000667000000, 0x0000000667000000, 0x0000000667100000|  0%| F|  |TAMS 0x0000000667000000, 0x0000000667000000| Untracked 
| 625|0x0000000667100000, 0x0000000667100000, 0x0000000667200000|  0%| F|  |TAMS 0x0000000667100000, 0x0000000667100000| Untracked 
| 626|0x0000000667200000, 0x0000000667200000, 0x0000000667300000|  0%| F|  |TAMS 0x0000000667200000, 0x0000000667200000| Untracked 
| 627|0x0000000667300000, 0x0000000667300000, 0x0000000667400000|  0%| F|  |TAMS 0x0000000667300000, 0x0000000667300000| Untracked 
| 628|0x0000000667400000, 0x0000000667400000, 0x0000000667500000|  0%| F|  |TAMS 0x0000000667400000, 0x0000000667400000| Untracked 
| 629|0x0000000667500000, 0x0000000667500000, 0x0000000667600000|  0%| F|  |TAMS 0x0000000667500000, 0x0000000667500000| Untracked 
| 630|0x0000000667600000, 0x0000000667600000, 0x0000000667700000|  0%| F|  |TAMS 0x0000000667600000, 0x0000000667600000| Untracked 
| 631|0x0000000667700000, 0x0000000667700000, 0x0000000667800000|  0%| F|  |TAMS 0x0000000667700000, 0x0000000667700000| Untracked 
| 632|0x0000000667800000, 0x0000000667800000, 0x0000000667900000|  0%| F|  |TAMS 0x0000000667800000, 0x0000000667800000| Untracked 
| 633|0x0000000667900000, 0x0000000667900000, 0x0000000667a00000|  0%| F|  |TAMS 0x0000000667900000, 0x0000000667900000| Untracked 
| 634|0x0000000667a00000, 0x0000000667a00000, 0x0000000667b00000|  0%| F|  |TAMS 0x0000000667a00000, 0x0000000667a00000| Untracked 
| 635|0x0000000667b00000, 0x0000000667b00000, 0x0000000667c00000|  0%| F|  |TAMS 0x0000000667b00000, 0x0000000667b00000| Untracked 
| 636|0x0000000667c00000, 0x0000000667c00000, 0x0000000667d00000|  0%| F|  |TAMS 0x0000000667c00000, 0x0000000667c00000| Untracked 
| 637|0x0000000667d00000, 0x0000000667d00000, 0x0000000667e00000|  0%| F|  |TAMS 0x0000000667d00000, 0x0000000667d00000| Untracked 
| 638|0x0000000667e00000, 0x0000000667e00000, 0x0000000667f00000|  0%| F|  |TAMS 0x0000000667e00000, 0x0000000667e00000| Untracked 
| 639|0x0000000667f00000, 0x0000000667f00000, 0x0000000668000000|  0%| F|  |TAMS 0x0000000667f00000, 0x0000000667f00000| Untracked 
| 640|0x0000000668000000, 0x0000000668000000, 0x0000000668100000|  0%| F|  |TAMS 0x0000000668000000, 0x0000000668000000| Untracked 
| 641|0x0000000668100000, 0x0000000668100000, 0x0000000668200000|  0%| F|  |TAMS 0x0000000668100000, 0x0000000668100000| Untracked 
| 642|0x0000000668200000, 0x0000000668200000, 0x0000000668300000|  0%| F|  |TAMS 0x0000000668200000, 0x0000000668200000| Untracked 
| 643|0x0000000668300000, 0x0000000668300000, 0x0000000668400000|  0%| F|  |TAMS 0x0000000668300000, 0x0000000668300000| Untracked 
| 644|0x0000000668400000, 0x0000000668400000, 0x0000000668500000|  0%| F|  |TAMS 0x0000000668400000, 0x0000000668400000| Untracked 
| 645|0x0000000668500000, 0x0000000668500000, 0x0000000668600000|  0%| F|  |TAMS 0x0000000668500000, 0x0000000668500000| Untracked 
| 646|0x0000000668600000, 0x0000000668600000, 0x0000000668700000|  0%| F|  |TAMS 0x0000000668600000, 0x0000000668600000| Untracked 
| 647|0x0000000668700000, 0x0000000668700000, 0x0000000668800000|  0%| F|  |TAMS 0x0000000668700000, 0x0000000668700000| Untracked 
| 648|0x0000000668800000, 0x0000000668800000, 0x0000000668900000|  0%| F|  |TAMS 0x0000000668800000, 0x0000000668800000| Untracked 
| 649|0x0000000668900000, 0x0000000668900000, 0x0000000668a00000|  0%| F|  |TAMS 0x0000000668900000, 0x0000000668900000| Untracked 
| 650|0x0000000668a00000, 0x0000000668a00000, 0x0000000668b00000|  0%| F|  |TAMS 0x0000000668a00000, 0x0000000668a00000| Untracked 
| 651|0x0000000668b00000, 0x0000000668b00000, 0x0000000668c00000|  0%| F|  |TAMS 0x0000000668b00000, 0x0000000668b00000| Untracked 
| 652|0x0000000668c00000, 0x0000000668c00000, 0x0000000668d00000|  0%| F|  |TAMS 0x0000000668c00000, 0x0000000668c00000| Untracked 
| 653|0x0000000668d00000, 0x0000000668d00000, 0x0000000668e00000|  0%| F|  |TAMS 0x0000000668d00000, 0x0000000668d00000| Untracked 
| 654|0x0000000668e00000, 0x0000000668e00000, 0x0000000668f00000|  0%| F|  |TAMS 0x0000000668e00000, 0x0000000668e00000| Untracked 
| 655|0x0000000668f00000, 0x0000000668f00000, 0x0000000669000000|  0%| F|  |TAMS 0x0000000668f00000, 0x0000000668f00000| Untracked 
| 656|0x0000000669000000, 0x0000000669000000, 0x0000000669100000|  0%| F|  |TAMS 0x0000000669000000, 0x0000000669000000| Untracked 
| 657|0x0000000669100000, 0x0000000669100000, 0x0000000669200000|  0%| F|  |TAMS 0x0000000669100000, 0x0000000669100000| Untracked 
| 658|0x0000000669200000, 0x0000000669200000, 0x0000000669300000|  0%| F|  |TAMS 0x0000000669200000, 0x0000000669200000| Untracked 
| 659|0x0000000669300000, 0x0000000669300000, 0x0000000669400000|  0%| F|  |TAMS 0x0000000669300000, 0x0000000669300000| Untracked 
| 660|0x0000000669400000, 0x0000000669400000, 0x0000000669500000|  0%| F|  |TAMS 0x0000000669400000, 0x0000000669400000| Untracked 
| 661|0x0000000669500000, 0x0000000669500000, 0x0000000669600000|  0%| F|  |TAMS 0x0000000669500000, 0x0000000669500000| Untracked 
| 662|0x0000000669600000, 0x0000000669600000, 0x0000000669700000|  0%| F|  |TAMS 0x0000000669600000, 0x0000000669600000| Untracked 
| 663|0x0000000669700000, 0x0000000669700000, 0x0000000669800000|  0%| F|  |TAMS 0x0000000669700000, 0x0000000669700000| Untracked 
| 664|0x0000000669800000, 0x0000000669800000, 0x0000000669900000|  0%| F|  |TAMS 0x0000000669800000, 0x0000000669800000| Untracked 
| 665|0x0000000669900000, 0x0000000669900000, 0x0000000669a00000|  0%| F|  |TAMS 0x0000000669900000, 0x0000000669900000| Untracked 
| 666|0x0000000669a00000, 0x0000000669a00000, 0x0000000669b00000|  0%| F|  |TAMS 0x0000000669a00000, 0x0000000669a00000| Untracked 
| 667|0x0000000669b00000, 0x0000000669b00000, 0x0000000669c00000|  0%| F|  |TAMS 0x0000000669b00000, 0x0000000669b00000| Untracked 
| 668|0x0000000669c00000, 0x0000000669c00000, 0x0000000669d00000|  0%| F|  |TAMS 0x0000000669c00000, 0x0000000669c00000| Untracked 
| 669|0x0000000669d00000, 0x0000000669d00000, 0x0000000669e00000|  0%| F|  |TAMS 0x0000000669d00000, 0x0000000669d00000| Untracked 
| 670|0x0000000669e00000, 0x0000000669e00000, 0x0000000669f00000|  0%| F|  |TAMS 0x0000000669e00000, 0x0000000669e00000| Untracked 
| 671|0x0000000669f00000, 0x0000000669f00000, 0x000000066a000000|  0%| F|  |TAMS 0x0000000669f00000, 0x0000000669f00000| Untracked 
| 672|0x000000066a000000, 0x000000066a000000, 0x000000066a100000|  0%| F|  |TAMS 0x000000066a000000, 0x000000066a000000| Untracked 
| 673|0x000000066a100000, 0x000000066a100000, 0x000000066a200000|  0%| F|  |TAMS 0x000000066a100000, 0x000000066a100000| Untracked 
| 674|0x000000066a200000, 0x000000066a200000, 0x000000066a300000|  0%| F|  |TAMS 0x000000066a200000, 0x000000066a200000| Untracked 
| 675|0x000000066a300000, 0x000000066a300000, 0x000000066a400000|  0%| F|  |TAMS 0x000000066a300000, 0x000000066a300000| Untracked 
| 676|0x000000066a400000, 0x000000066a400000, 0x000000066a500000|  0%| F|  |TAMS 0x000000066a400000, 0x000000066a400000| Untracked 
| 677|0x000000066a500000, 0x000000066a500000, 0x000000066a600000|  0%| F|  |TAMS 0x000000066a500000, 0x000000066a500000| Untracked 
| 678|0x000000066a600000, 0x000000066a600000, 0x000000066a700000|  0%| F|  |TAMS 0x000000066a600000, 0x000000066a600000| Untracked 
| 679|0x000000066a700000, 0x000000066a700000, 0x000000066a800000|  0%| F|  |TAMS 0x000000066a700000, 0x000000066a700000| Untracked 
| 680|0x000000066a800000, 0x000000066a800000, 0x000000066a900000|  0%| F|  |TAMS 0x000000066a800000, 0x000000066a800000| Untracked 
| 681|0x000000066a900000, 0x000000066a900000, 0x000000066aa00000|  0%| F|  |TAMS 0x000000066a900000, 0x000000066a900000| Untracked 
| 682|0x000000066aa00000, 0x000000066aa00000, 0x000000066ab00000|  0%| F|  |TAMS 0x000000066aa00000, 0x000000066aa00000| Untracked 
| 683|0x000000066ab00000, 0x000000066ab00000, 0x000000066ac00000|  0%| F|  |TAMS 0x000000066ab00000, 0x000000066ab00000| Untracked 
| 684|0x000000066ac00000, 0x000000066ac00000, 0x000000066ad00000|  0%| F|  |TAMS 0x000000066ac00000, 0x000000066ac00000| Untracked 
| 685|0x000000066ad00000, 0x000000066ad00000, 0x000000066ae00000|  0%| F|  |TAMS 0x000000066ad00000, 0x000000066ad00000| Untracked 
| 686|0x000000066ae00000, 0x000000066ae00000, 0x000000066af00000|  0%| F|  |TAMS 0x000000066ae00000, 0x000000066ae00000| Untracked 
| 687|0x000000066af00000, 0x000000066af00000, 0x000000066b000000|  0%| F|  |TAMS 0x000000066af00000, 0x000000066af00000| Untracked 
| 688|0x000000066b000000, 0x000000066b000000, 0x000000066b100000|  0%| F|  |TAMS 0x000000066b000000, 0x000000066b000000| Untracked 
| 689|0x000000066b100000, 0x000000066b100000, 0x000000066b200000|  0%| F|  |TAMS 0x000000066b100000, 0x000000066b100000| Untracked 
| 690|0x000000066b200000, 0x000000066b200000, 0x000000066b300000|  0%| F|  |TAMS 0x000000066b200000, 0x000000066b200000| Untracked 
| 691|0x000000066b300000, 0x000000066b300000, 0x000000066b400000|  0%| F|  |TAMS 0x000000066b300000, 0x000000066b300000| Untracked 
| 692|0x000000066b400000, 0x000000066b400000, 0x000000066b500000|  0%| F|  |TAMS 0x000000066b400000, 0x000000066b400000| Untracked 
| 693|0x000000066b500000, 0x000000066b500000, 0x000000066b600000|  0%| F|  |TAMS 0x000000066b500000, 0x000000066b500000| Untracked 
| 694|0x000000066b600000, 0x000000066b600000, 0x000000066b700000|  0%| F|  |TAMS 0x000000066b600000, 0x000000066b600000| Untracked 
| 695|0x000000066b700000, 0x000000066b700000, 0x000000066b800000|  0%| F|  |TAMS 0x000000066b700000, 0x000000066b700000| Untracked 
| 696|0x000000066b800000, 0x000000066b800000, 0x000000066b900000|  0%| F|  |TAMS 0x000000066b800000, 0x000000066b800000| Untracked 
| 697|0x000000066b900000, 0x000000066b900000, 0x000000066ba00000|  0%| F|  |TAMS 0x000000066b900000, 0x000000066b900000| Untracked 
| 698|0x000000066ba00000, 0x000000066ba00000, 0x000000066bb00000|  0%| F|  |TAMS 0x000000066ba00000, 0x000000066ba00000| Untracked 
| 699|0x000000066bb00000, 0x000000066bb00000, 0x000000066bc00000|  0%| F|  |TAMS 0x000000066bb00000, 0x000000066bb00000| Untracked 
| 700|0x000000066bc00000, 0x000000066bc00000, 0x000000066bd00000|  0%| F|  |TAMS 0x000000066bc00000, 0x000000066bc00000| Untracked 
| 701|0x000000066bd00000, 0x000000066bd00000, 0x000000066be00000|  0%| F|  |TAMS 0x000000066bd00000, 0x000000066bd00000| Untracked 
| 702|0x000000066be00000, 0x000000066be00000, 0x000000066bf00000|  0%| F|  |TAMS 0x000000066be00000, 0x000000066be00000| Untracked 
| 703|0x000000066bf00000, 0x000000066bf00000, 0x000000066c000000|  0%| F|  |TAMS 0x000000066bf00000, 0x000000066bf00000| Untracked 
| 704|0x000000066c000000, 0x000000066c000000, 0x000000066c100000|  0%| F|  |TAMS 0x000000066c000000, 0x000000066c000000| Untracked 
| 705|0x000000066c100000, 0x000000066c100000, 0x000000066c200000|  0%| F|  |TAMS 0x000000066c100000, 0x000000066c100000| Untracked 
| 706|0x000000066c200000, 0x000000066c200000, 0x000000066c300000|  0%| F|  |TAMS 0x000000066c200000, 0x000000066c200000| Untracked 
| 707|0x000000066c300000, 0x000000066c300000, 0x000000066c400000|  0%| F|  |TAMS 0x000000066c300000, 0x000000066c300000| Untracked 
| 708|0x000000066c400000, 0x000000066c400000, 0x000000066c500000|  0%| F|  |TAMS 0x000000066c400000, 0x000000066c400000| Untracked 
| 709|0x000000066c500000, 0x000000066c500000, 0x000000066c600000|  0%| F|  |TAMS 0x000000066c500000, 0x000000066c500000| Untracked 
| 710|0x000000066c600000, 0x000000066c600000, 0x000000066c700000|  0%| F|  |TAMS 0x000000066c600000, 0x000000066c600000| Untracked 
| 711|0x000000066c700000, 0x000000066c742a10, 0x000000066c800000| 26%| E|  |TAMS 0x000000066c700000, 0x000000066c700000| Complete 
| 712|0x000000066c800000, 0x000000066c900000, 0x000000066c900000|100%| E|CS|TAMS 0x000000066c800000, 0x000000066c800000| Complete 
| 713|0x000000066c900000, 0x000000066ca00000, 0x000000066ca00000|100%| E|CS|TAMS 0x000000066c900000, 0x000000066c900000| Complete 
| 714|0x000000066ca00000, 0x000000066cb00000, 0x000000066cb00000|100%| E|CS|TAMS 0x000000066ca00000, 0x000000066ca00000| Complete 
| 715|0x000000066cb00000, 0x000000066cc00000, 0x000000066cc00000|100%| E|CS|TAMS 0x000000066cb00000, 0x000000066cb00000| Complete 
| 716|0x000000066cc00000, 0x000000066cd00000, 0x000000066cd00000|100%| E|CS|TAMS 0x000000066cc00000, 0x000000066cc00000| Complete 
| 717|0x000000066cd00000, 0x000000066ce00000, 0x000000066ce00000|100%| E|CS|TAMS 0x000000066cd00000, 0x000000066cd00000| Complete 
| 718|0x000000066ce00000, 0x000000066cf00000, 0x000000066cf00000|100%| E|CS|TAMS 0x000000066ce00000, 0x000000066ce00000| Complete 
| 719|0x000000066cf00000, 0x000000066d000000, 0x000000066d000000|100%| E|CS|TAMS 0x000000066cf00000, 0x000000066cf00000| Complete 
| 720|0x000000066d000000, 0x000000066d100000, 0x000000066d100000|100%| E|CS|TAMS 0x000000066d000000, 0x000000066d000000| Complete 
| 721|0x000000066d100000, 0x000000066d200000, 0x000000066d200000|100%| E|CS|TAMS 0x000000066d100000, 0x000000066d100000| Complete 
| 722|0x000000066d200000, 0x000000066d300000, 0x000000066d300000|100%| E|CS|TAMS 0x000000066d200000, 0x000000066d200000| Complete 
| 723|0x000000066d300000, 0x000000066d400000, 0x000000066d400000|100%| E|CS|TAMS 0x000000066d300000, 0x000000066d300000| Complete 
| 724|0x000000066d400000, 0x000000066d500000, 0x000000066d500000|100%| E|CS|TAMS 0x000000066d400000, 0x000000066d400000| Complete 
| 725|0x000000066d500000, 0x000000066d600000, 0x000000066d600000|100%| E|CS|TAMS 0x000000066d500000, 0x000000066d500000| Complete 
| 726|0x000000066d600000, 0x000000066d700000, 0x000000066d700000|100%| E|CS|TAMS 0x000000066d600000, 0x000000066d600000| Complete 
| 727|0x000000066d700000, 0x000000066d800000, 0x000000066d800000|100%| E|CS|TAMS 0x000000066d700000, 0x000000066d700000| Complete 
| 728|0x000000066d800000, 0x000000066d900000, 0x000000066d900000|100%| E|CS|TAMS 0x000000066d800000, 0x000000066d800000| Complete 
| 729|0x000000066d900000, 0x000000066da00000, 0x000000066da00000|100%| E|CS|TAMS 0x000000066d900000, 0x000000066d900000| Complete 
| 730|0x000000066da00000, 0x000000066db00000, 0x000000066db00000|100%| E|CS|TAMS 0x000000066da00000, 0x000000066da00000| Complete 
| 731|0x000000066db00000, 0x000000066dc00000, 0x000000066dc00000|100%| E|CS|TAMS 0x000000066db00000, 0x000000066db00000| Complete 
| 732|0x000000066dc00000, 0x000000066dd00000, 0x000000066dd00000|100%| E|CS|TAMS 0x000000066dc00000, 0x000000066dc00000| Complete 
| 733|0x000000066dd00000, 0x000000066de00000, 0x000000066de00000|100%| E|CS|TAMS 0x000000066dd00000, 0x000000066dd00000| Complete 
| 734|0x000000066de00000, 0x000000066df00000, 0x000000066df00000|100%| E|CS|TAMS 0x000000066de00000, 0x000000066de00000| Complete 
| 735|0x000000066df00000, 0x000000066e000000, 0x000000066e000000|100%| E|CS|TAMS 0x000000066df00000, 0x000000066df00000| Complete 
| 736|0x000000066e000000, 0x000000066e100000, 0x000000066e100000|100%| E|CS|TAMS 0x000000066e000000, 0x000000066e000000| Complete 
| 737|0x000000066e100000, 0x000000066e200000, 0x000000066e200000|100%| E|CS|TAMS 0x000000066e100000, 0x000000066e100000| Complete 
| 738|0x000000066e200000, 0x000000066e300000, 0x000000066e300000|100%| E|CS|TAMS 0x000000066e200000, 0x000000066e200000| Complete 
| 739|0x000000066e300000, 0x000000066e400000, 0x000000066e400000|100%| E|CS|TAMS 0x000000066e300000, 0x000000066e300000| Complete 
| 740|0x000000066e400000, 0x000000066e500000, 0x000000066e500000|100%| E|CS|TAMS 0x000000066e400000, 0x000000066e400000| Complete 
| 741|0x000000066e500000, 0x000000066e600000, 0x000000066e600000|100%| E|CS|TAMS 0x000000066e500000, 0x000000066e500000| Complete 
| 742|0x000000066e600000, 0x000000066e700000, 0x000000066e700000|100%| E|CS|TAMS 0x000000066e600000, 0x000000066e600000| Complete 
| 743|0x000000066e700000, 0x000000066e800000, 0x000000066e800000|100%| E|CS|TAMS 0x000000066e700000, 0x000000066e700000| Complete 
| 744|0x000000066e800000, 0x000000066e900000, 0x000000066e900000|100%| E|CS|TAMS 0x000000066e800000, 0x000000066e800000| Complete 
| 745|0x000000066e900000, 0x000000066ea00000, 0x000000066ea00000|100%| E|CS|TAMS 0x000000066e900000, 0x000000066e900000| Complete 
| 746|0x000000066ea00000, 0x000000066eb00000, 0x000000066eb00000|100%| E|CS|TAMS 0x000000066ea00000, 0x000000066ea00000| Complete 
| 747|0x000000066eb00000, 0x000000066ec00000, 0x000000066ec00000|100%| E|CS|TAMS 0x000000066eb00000, 0x000000066eb00000| Complete 
| 748|0x000000066ec00000, 0x000000066ed00000, 0x000000066ed00000|100%| E|CS|TAMS 0x000000066ec00000, 0x000000066ec00000| Complete 
| 749|0x000000066ed00000, 0x000000066ee00000, 0x000000066ee00000|100%| E|CS|TAMS 0x000000066ed00000, 0x000000066ed00000| Complete 
| 750|0x000000066ee00000, 0x000000066ef00000, 0x000000066ef00000|100%| E|CS|TAMS 0x000000066ee00000, 0x000000066ee00000| Complete 
| 751|0x000000066ef00000, 0x000000066f000000, 0x000000066f000000|100%| E|CS|TAMS 0x000000066ef00000, 0x000000066ef00000| Complete 
| 752|0x000000066f000000, 0x000000066f100000, 0x000000066f100000|100%| E|CS|TAMS 0x000000066f000000, 0x000000066f000000| Complete 
| 753|0x000000066f100000, 0x000000066f200000, 0x000000066f200000|100%| E|CS|TAMS 0x000000066f100000, 0x000000066f100000| Complete 
| 754|0x000000066f200000, 0x000000066f300000, 0x000000066f300000|100%| E|CS|TAMS 0x000000066f200000, 0x000000066f200000| Complete 
| 755|0x000000066f300000, 0x000000066f400000, 0x000000066f400000|100%| E|CS|TAMS 0x000000066f300000, 0x000000066f300000| Complete 
| 756|0x000000066f400000, 0x000000066f500000, 0x000000066f500000|100%| E|CS|TAMS 0x000000066f400000, 0x000000066f400000| Complete 
| 757|0x000000066f500000, 0x000000066f600000, 0x000000066f600000|100%| E|CS|TAMS 0x000000066f500000, 0x000000066f500000| Complete 
| 758|0x000000066f600000, 0x000000066f700000, 0x000000066f700000|100%| E|CS|TAMS 0x000000066f600000, 0x000000066f600000| Complete 
| 759|0x000000066f700000, 0x000000066f800000, 0x000000066f800000|100%| E|CS|TAMS 0x000000066f700000, 0x000000066f700000| Complete 
| 760|0x000000066f800000, 0x000000066f900000, 0x000000066f900000|100%| E|CS|TAMS 0x000000066f800000, 0x000000066f800000| Complete 
| 761|0x000000066f900000, 0x000000066fa00000, 0x000000066fa00000|100%| E|CS|TAMS 0x000000066f900000, 0x000000066f900000| Complete 
| 762|0x000000066fa00000, 0x000000066fb00000, 0x000000066fb00000|100%| E|CS|TAMS 0x000000066fa00000, 0x000000066fa00000| Complete 
| 763|0x000000066fb00000, 0x000000066fc00000, 0x000000066fc00000|100%| E|CS|TAMS 0x000000066fb00000, 0x000000066fb00000| Complete 
| 764|0x000000066fc00000, 0x000000066fd00000, 0x000000066fd00000|100%| E|CS|TAMS 0x000000066fc00000, 0x000000066fc00000| Complete 
| 765|0x000000066fd00000, 0x000000066fe00000, 0x000000066fe00000|100%| E|CS|TAMS 0x000000066fd00000, 0x000000066fd00000| Complete 
| 766|0x000000066fe00000, 0x000000066ff00000, 0x000000066ff00000|100%| E|CS|TAMS 0x000000066fe00000, 0x000000066fe00000| Complete 
| 767|0x000000066ff00000, 0x0000000670000000, 0x0000000670000000|100%| E|CS|TAMS 0x000000066ff00000, 0x000000066ff00000| Complete 
| 768|0x0000000670000000, 0x0000000670100000, 0x0000000670100000|100%| E|CS|TAMS 0x0000000670000000, 0x0000000670000000| Complete 
| 769|0x0000000670100000, 0x0000000670200000, 0x0000000670200000|100%| E|CS|TAMS 0x0000000670100000, 0x0000000670100000| Complete 
| 770|0x0000000670200000, 0x0000000670300000, 0x0000000670300000|100%| E|CS|TAMS 0x0000000670200000, 0x0000000670200000| Complete 
| 771|0x0000000670300000, 0x0000000670400000, 0x0000000670400000|100%| E|CS|TAMS 0x0000000670300000, 0x0000000670300000| Complete 
| 772|0x0000000670400000, 0x0000000670500000, 0x0000000670500000|100%| E|CS|TAMS 0x0000000670400000, 0x0000000670400000| Complete 
| 773|0x0000000670500000, 0x0000000670600000, 0x0000000670600000|100%| E|CS|TAMS 0x0000000670500000, 0x0000000670500000| Complete 
| 774|0x0000000670600000, 0x0000000670700000, 0x0000000670700000|100%| E|CS|TAMS 0x0000000670600000, 0x0000000670600000| Complete 
| 775|0x0000000670700000, 0x0000000670800000, 0x0000000670800000|100%| E|CS|TAMS 0x0000000670700000, 0x0000000670700000| Complete 
| 776|0x0000000670800000, 0x0000000670900000, 0x0000000670900000|100%| E|CS|TAMS 0x0000000670800000, 0x0000000670800000| Complete 
| 777|0x0000000670900000, 0x0000000670a00000, 0x0000000670a00000|100%| E|CS|TAMS 0x0000000670900000, 0x0000000670900000| Complete 
| 778|0x0000000670a00000, 0x0000000670b00000, 0x0000000670b00000|100%| E|CS|TAMS 0x0000000670a00000, 0x0000000670a00000| Complete 
| 779|0x0000000670b00000, 0x0000000670c00000, 0x0000000670c00000|100%| E|CS|TAMS 0x0000000670b00000, 0x0000000670b00000| Complete 
| 780|0x0000000670c00000, 0x0000000670d00000, 0x0000000670d00000|100%| E|CS|TAMS 0x0000000670c00000, 0x0000000670c00000| Complete 
| 781|0x0000000670d00000, 0x0000000670e00000, 0x0000000670e00000|100%| E|CS|TAMS 0x0000000670d00000, 0x0000000670d00000| Complete 
| 782|0x0000000670e00000, 0x0000000670f00000, 0x0000000670f00000|100%| E|CS|TAMS 0x0000000670e00000, 0x0000000670e00000| Complete 
| 783|0x0000000670f00000, 0x0000000671000000, 0x0000000671000000|100%| E|CS|TAMS 0x0000000670f00000, 0x0000000670f00000| Complete 
| 784|0x0000000671000000, 0x0000000671100000, 0x0000000671100000|100%| E|CS|TAMS 0x0000000671000000, 0x0000000671000000| Complete 

Card table byte_map: [0x0000000119d50000,0x000000011a950000] _byte_map_base: 0x0000000116b50000

Marking Bits (Prev, Next): (CMBitMap*) 0x000000014d00f618, (CMBitMap*) 0x000000014d00f650
 Prev Bits: [0x000000011b550000, 0x0000000121550000)
 Next Bits: [0x0000000121550000, 0x0000000127550000)

Polling page: 0x0000000100a68000

Metaspace:

Usage:
  Non-class:     37.44 MB capacity,    36.83 MB ( 98%) used,   520.03 KB (  1%) free+waste,   105.31 KB ( <1%) overhead. 
      Class:      6.06 MB capacity,     5.68 MB ( 94%) used,   337.76 KB (  5%) free+waste,    54.62 KB ( <1%) overhead. 
       Both:     43.50 MB capacity,    42.51 MB ( 98%) used,   857.79 KB (  2%) free+waste,   159.94 KB ( <1%) overhead. 

Virtual space:
  Non-class space:       38.00 MB reserved,      37.67 MB (>99%) committed 
      Class space:        1.00 GB reserved,       6.12 MB ( <1%) committed 
             Both:        1.04 GB reserved,      43.80 MB (  4%) committed 

Chunk freelists:
   Non-Class:  42.00 KB
       Class:  4.00 KB
        Both:  46.00 KB

MaxMetaspaceSize: unlimited
CompressedClassSpaceSize: 1.00 GB
Initial GC threshold: 20.80 MB
Current GC threshold: 58.83 MB
CDS: off

CodeHeap 'non-profiled nmethods': size=238384Kb used=7404Kb max_used=7404Kb free=230979Kb
 bounds [0x000000010b484000, 0x000000010bbc4000, 0x0000000119d50000]
CodeHeap 'non-nmethods': size=7376Kb used=1241Kb max_used=1241Kb free=6134Kb
 bounds [0x000000010ad50000, 0x000000010afc0000, 0x000000010b484000]
 total_blobs=4754 nmethods=4190 adapters=494
 compilation: enabled
              stopped_count=0, restarted_count=0
 full_count=0

Compilation events (20 events):
Event: 3.897 Thread 0x000000014e813000 nmethod 4425 0x000000010bbb9310 code [0x000000010bbb94c0, 0x000000010bbb9680]
Event: 3.897 Thread 0x000000014e813000 4428       1       org.springframework.core.convert.support.GenericConversionService$Converters::addToClassHierarchy (34 bytes)
Event: 3.897 Thread 0x000000014e813000 nmethod 4428 0x000000010bbb9790 code [0x000000010bbb9980, 0x000000010bbb9be0]
Event: 3.897 Thread 0x000000014e813000 4426       1       java.util.RegularEnumSet::<init> (12 bytes)
Event: 3.897 Thread 0x000000014e813000 nmethod 4426 0x000000010bbb9d10 code [0x000000010bbb9ec0, 0x000000010bbba0d0]
Event: 3.897 Thread 0x000000014e813000 4430       1       java.util.Collections$UnmodifiableCollection::isEmpty (10 bytes)
Event: 3.897 Thread 0x000000014e813000 nmethod 4430 0x000000010bbba190 code [0x000000010bbba340, 0x000000010bbba4c0]
Event: 3.897 Thread 0x000000014e813000 4431       1       org.springframework.boot.context.properties.source.ConfigurationPropertyName::isIndexed (12 bytes)
Event: 3.897 Thread 0x000000014e813000 nmethod 4431 0x000000010bbba590 code [0x000000010bbba740, 0x000000010bbba910]
Event: 3.897 Thread 0x000000014e813000 4427       1       java.util.EnumSet::<init> (15 bytes)
Event: 3.897 Thread 0x000000014e813000 nmethod 4427 0x000000010bbbaa10 code [0x000000010bbbabc0, 0x000000010bbbadd0]
Event: 3.897 Thread 0x000000014e813000 4432       1       org.springframework.boot.context.properties.bind.Binder::access$600 (5 bytes)
Event: 3.897 Thread 0x000000014e813000 nmethod 4432 0x000000010bbbae90 code [0x000000010bbbb040, 0x000000010bbbb150]
Event: 3.900 Thread 0x000000014e813000 4434       1       org.apache.skywalking.apm.dependencies.net.bytebuddy.pool.TypePool$Default$TypeExtractor$FieldExtractor::visitAnnotation (32 bytes)
Event: 3.901 Thread 0x000000014e813000 nmethod 4434 0x000000010bbbb210 code [0x000000010bbbb440, 0x000000010bbbbb20]
Event: 3.940 Thread 0x000000014e813000 4447       1       java.util.regex.Pattern$$Lambda$28/0x000000080008b440::is (13 bytes)
Event: 3.940 Thread 0x000000014e813000 nmethod 4447 0x000000010bbbc110 code [0x000000010bbbc2c0, 0x000000010bbbc410]
Event: 3.940 Thread 0x000000014e813000 4448       1       java.util.regex.Pattern::lambda$Range$11 (7 bytes)
Event: 3.940 Thread 0x000000014e813000 nmethod 4448 0x000000010bbbc490 code [0x000000010bbbc640, 0x000000010bbbc750]
Event: 3.941 Thread 0x000000014e813000 4449       1       java.util.regex.Pattern$BmpCharPropertyGreedy::match (89 bytes)

GC Heap History (18 events):
Event: 0.323 GC heap before
{Heap before GC invocations=0 (full 0):
 garbage-first heap   total 393216K, used 27648K [0x0000000640000000, 0x00000007c0000000)
  region size 1024K, 24 young (24576K), 0 survivors (0K)
 Metaspace       used 7937K, capacity 8177K, committed 8320K, reserved 1056768K
  class space    used 754K, capacity 794K, committed 896K, reserved 1048576K
}
Event: 0.328 GC heap after
{Heap after GC invocations=1 (full 0):
 garbage-first heap   total 393216K, used 11422K [0x0000000640000000, 0x00000007c0000000)
  region size 1024K, 3 young (3072K), 3 survivors (3072K)
 Metaspace       used 7937K, capacity 8177K, committed 8320K, reserved 1056768K
  class space    used 754K, capacity 794K, committed 896K, reserved 1048576K
}
Event: 0.480 GC heap before
{Heap before GC invocations=1 (full 0):
 garbage-first heap   total 393216K, used 39070K [0x0000000640000000, 0x00000007c0000000)
  region size 1024K, 22 young (22528K), 3 survivors (3072K)
 Metaspace       used 10781K, capacity 10986K, committed 11136K, reserved 1058816K
  class space    used 1038K, capacity 1092K, committed 1152K, reserved 1048576K
}
Event: 0.488 GC heap after
{Heap after GC invocations=2 (full 0):
 garbage-first heap   total 393216K, used 20113K [0x0000000640000000, 0x00000007c0000000)
  region size 1024K, 3 young (3072K), 3 survivors (3072K)
 Metaspace       used 10781K, capacity 10986K, committed 11136K, reserved 1058816K
  class space    used 1038K, capacity 1092K, committed 1152K, reserved 1048576K
}
Event: 0.749 GC heap before
{Heap before GC invocations=2 (full 0):
 garbage-first heap   total 393216K, used 63121K [0x0000000640000000, 0x00000007c0000000)
  region size 1024K, 45 young (46080K), 3 survivors (3072K)
 Metaspace       used 11485K, capacity 11765K, committed 12032K, reserved 1060864K
  class space    used 1182K, capacity 1265K, committed 1280K, reserved 1048576K
}
Event: 0.759 GC heap after
{Heap after GC invocations=3 (full 0):
 garbage-first heap   total 393216K, used 21439K [0x0000000640000000, 0x00000007c0000000)
  region size 1024K, 5 young (5120K), 5 survivors (5120K)
 Metaspace       used 11485K, capacity 11765K, committed 12032K, reserved 1060864K
  class space    used 1182K, capacity 1265K, committed 1280K, reserved 1048576K
}
Event: 0.990 GC heap before
{Heap before GC invocations=3 (full 0):
 garbage-first heap   total 393216K, used 111551K [0x0000000640000000, 0x00000007c0000000)
  region size 1024K, 93 young (95232K), 5 survivors (5120K)
 Metaspace       used 14026K, capacity 14362K, committed 14592K, reserved 1062912K
  class space    used 1665K, capacity 1768K, committed 1792K, reserved 1048576K
}
Event: 0.994 GC heap after
{Heap after GC invocations=4 (full 0):
 garbage-first heap   total 393216K, used 22926K [0x0000000640000000, 0x00000007c0000000)
  region size 1024K, 6 young (6144K), 6 survivors (6144K)
 Metaspace       used 14026K, capacity 14362K, committed 14592K, reserved 1062912K
  class space    used 1665K, capacity 1768K, committed 1792K, reserved 1048576K
}
Event: 1.760 GC heap before
{Heap before GC invocations=4 (full 0):
 garbage-first heap   total 393216K, used 181646K [0x0000000640000000, 0x00000007c0000000)
  region size 1024K, 161 young (164864K), 6 survivors (6144K)
 Metaspace       used 17709K, capacity 18130K, committed 18432K, reserved 1064960K
  class space    used 2353K, capacity 2472K, committed 2560K, reserved 1048576K
}
Event: 1.775 GC heap after
{Heap after GC invocations=5 (full 0):
 garbage-first heap   total 550912K, used 26997K [0x0000000640000000, 0x00000007c0000000)
  region size 1024K, 10 young (10240K), 10 survivors (10240K)
 Metaspace       used 17709K, capacity 18130K, committed 18432K, reserved 1064960K
  class space    used 2353K, capacity 2472K, committed 2560K, reserved 1048576K
}
Event: 2.313 GC heap before
{Heap before GC invocations=5 (full 0):
 garbage-first heap   total 550912K, used 125301K [0x0000000640000000, 0x00000007c0000000)
  region size 1024K, 107 young (109568K), 10 survivors (10240K)
 Metaspace       used 20800K, capacity 21184K, committed 21296K, reserved 1067008K
  class space    used 2764K, capacity 2898K, committed 2944K, reserved 1048576K
}
Event: 2.322 GC heap after
{Heap after GC invocations=6 (full 0):
 garbage-first heap   total 550912K, used 29537K [0x0000000640000000, 0x00000007c0000000)
  region size 1024K, 13 young (13312K), 13 survivors (13312K)
 Metaspace       used 20800K, capacity 21184K, committed 21296K, reserved 1067008K
  class space    used 2764K, capacity 2898K, committed 2944K, reserved 1048576K
}
Event: 2.736 GC heap before
{Heap before GC invocations=7 (full 0):
 garbage-first heap   total 550912K, used 232289K [0x0000000640000000, 0x00000007c0000000)
  region size 1024K, 215 young (220160K), 13 survivors (13312K)
 Metaspace       used 28837K, capacity 29376K, committed 29616K, reserved 1075200K
  class space    used 3781K, capacity 3984K, committed 4096K, reserved 1048576K
}
Event: 2.763 GC heap after
{Heap after GC invocations=8 (full 0):
 garbage-first heap   total 550912K, used 27550K [0x0000000640000000, 0x00000007c0000000)
  region size 1024K, 15 young (15360K), 15 survivors (15360K)
 Metaspace       used 28837K, capacity 29376K, committed 29616K, reserved 1075200K
  class space    used 3781K, capacity 3984K, committed 4096K, reserved 1048576K
}
Event: 3.204 GC heap before
{Heap before GC invocations=8 (full 0):
 garbage-first heap   total 550912K, used 248734K [0x0000000640000000, 0x00000007c0000000)
  region size 1024K, 232 young (237568K), 15 survivors (15360K)
 Metaspace       used 35060K, capacity 35832K, committed 35888K, reserved 1081344K
  class space    used 4655K, capacity 4938K, committed 4992K, reserved 1048576K
}
Event: 3.218 GC heap after
{Heap after GC invocations=9 (full 0):
 garbage-first heap   total 550912K, used 31701K [0x0000000640000000, 0x00000007c0000000)
  region size 1024K, 19 young (19456K), 19 survivors (19456K)
 Metaspace       used 35060K, capacity 35832K, committed 35888K, reserved 1081344K
  class space    used 4655K, capacity 4938K, committed 4992K, reserved 1048576K
}
Event: 3.815 GC heap before
{Heap before GC invocations=10 (full 0):
 garbage-first heap   total 550912K, used 340949K [0x0000000640000000, 0x00000007c0000000)
  region size 1024K, 322 young (329728K), 19 survivors (19456K)
 Metaspace       used 41858K, capacity 42853K, committed 43056K, reserved 1087488K
  class space    used 5618K, capacity 6001K, committed 6016K, reserved 1048576K
}
Event: 3.824 GC heap after
{Heap after GC invocations=11 (full 0):
 garbage-first heap   total 803840K, used 34853K [0x0000000640000000, 0x00000007c0000000)
  region size 1024K, 22 young (22528K), 22 survivors (22528K)
 Metaspace       used 41858K, capacity 42853K, committed 43056K, reserved 1087488K
  class space    used 5618K, capacity 6001K, committed 6016K, reserved 1048576K
}

Deoptimization events (20 events):
Event: 2.811 Thread 0x000000014f020800 DEOPT PACKING pc=0x000000010b9465c8 sp=0x000000016f6b3270
Event: 2.811 Thread 0x000000014f020800 DEOPT UNPACKING pc=0x000000010ad8527c sp=0x000000016f6b30b0 mode 3
Event: 2.811 Thread 0x000000014f020800 DEOPT PACKING pc=0x000000010b900a1c sp=0x000000016f6b33b0
Event: 2.811 Thread 0x000000014f020800 DEOPT UNPACKING pc=0x000000010ad8527c sp=0x000000016f6b31c0 mode 3
Event: 2.881 Thread 0x000000014e932800 DEOPT PACKING pc=0x000000010b68f340 sp=0x00000001751dccd0
Event: 2.881 Thread 0x000000014e932800 DEOPT UNPACKING pc=0x000000010ad8527c sp=0x00000001751dcb70 mode 3
Event: 2.934 Thread 0x000000014f020800 DEOPT PACKING pc=0x000000010b99f648 sp=0x000000016f6b31f0
Event: 2.934 Thread 0x000000014f020800 DEOPT UNPACKING pc=0x000000010ad8527c sp=0x000000016f6b3080 mode 3
Event: 2.957 Thread 0x000000014f020800 DEOPT PACKING pc=0x000000010b8f1814 sp=0x000000016f6b3290
Event: 2.957 Thread 0x000000014f020800 DEOPT UNPACKING pc=0x000000010ad8527c sp=0x000000016f6b30a0 mode 0
Event: 3.353 Thread 0x000000014f020800 DEOPT PACKING pc=0x000000010b81334c sp=0x000000016f6b4a80
Event: 3.353 Thread 0x000000014f020800 DEOPT UNPACKING pc=0x000000010ad8527c sp=0x000000016f6b48a0 mode 3
Event: 3.374 Thread 0x000000014f020800 DEOPT PACKING pc=0x000000010b679d58 sp=0x000000016f6b3c20
Event: 3.374 Thread 0x000000014f020800 DEOPT UNPACKING pc=0x000000010ad8527c sp=0x000000016f6b3ac0 mode 3
Event: 3.462 Thread 0x000000014f020800 DEOPT PACKING pc=0x000000010ba23c6c sp=0x000000016f6b4700
Event: 3.462 Thread 0x000000014f020800 DEOPT UNPACKING pc=0x000000010ad8527c sp=0x000000016f6b4530 mode 3
Event: 3.482 Thread 0x000000014f020800 DEOPT PACKING pc=0x000000010b9d7c94 sp=0x000000016f6b4920
Event: 3.482 Thread 0x000000014f020800 DEOPT UNPACKING pc=0x000000010ad8527c sp=0x000000016f6b4730 mode 3
Event: 3.635 Thread 0x000000014f020800 DEOPT PACKING pc=0x000000010ba1ce10 sp=0x000000016f6b26a0
Event: 3.635 Thread 0x000000014f020800 DEOPT UNPACKING pc=0x000000010ad8527c sp=0x000000016f6b24a0 mode 3

Classes redefined (0 events):
No events

Internal exceptions (20 events):
Event: 3.468 Thread 0x000000014e932800 Exception <a 'java/lang/reflect/InvocationTargetException'{0x000000065c0099e8}> (0x000000065c0099e8) thrown at [src/hotspot/share/runtime/reflection.cpp, line 1245]
Event: 3.486 Thread 0x000000014f020800 Exception <a 'java/lang/NoSuchMethodError'{0x000000065b51cee8}: 'void java.lang.invoke.DirectMethodHandle$Holder.invokeSpecial(java.lang.Object, java.lang.Object, java.lang.Object, java.lang.Object, java.lang.Object, java.lang.Object)'> (0x000000065b51cee8) thrown at [src/hotspot/share/interpreter/linkResolver.cpp, line 773]
Event: 3.492 Thread 0x000000014f020800 Exception <a 'java/lang/NoSuchMethodError'{0x000000065b32d868}: 'java.lang.Object java.lang.invoke.DirectMethodHandle$Holder.invokeStatic(java.lang.Object, java.lang.Object, java.lang.Object, int, java.lang.Object)'> (0x000000065b32d868) thrown at [src/hotspot/share/interpreter/linkResolver.cpp, line 773]
Event: 3.492 Thread 0x000000014f020800 Exception <a 'java/lang/NoSuchMethodError'{0x000000065b334270}: 'java.lang.Object java.lang.invoke.Invokers$Holder.linkToTargetMethod(java.lang.Object, java.lang.Object, int, java.lang.Object, java.lang.Object)'> (0x000000065b334270) thrown at [src/hotspot/share/interpreter/linkResolver.cpp, line 773]
Event: 3.492 Thread 0x000000014f020800 Exception <a 'java/lang/NoSuchMethodError'{0x000000065b35a9a0}: 'int java.lang.invoke.DirectMethodHandle$Holder.invokeStatic(java.lang.Object, int, java.lang.Object, java.lang.Object)'> (0x000000065b35a9a0) thrown at [src/hotspot/share/interpreter/linkResolver.cpp, line 773]
Event: 3.493 Thread 0x000000014f020800 Exception <a 'java/lang/NoSuchMethodError'{0x000000065b3617d8}: 'java.lang.Object java.lang.invoke.DirectMethodHandle$Holder.invokeStatic(java.lang.Object, int, java.lang.Object)'> (0x000000065b3617d8) thrown at [src/hotspot/share/interpreter/linkResolver.cpp, line 773]
Event: 3.493 Thread 0x000000014f020800 Exception <a 'java/lang/NoSuchMethodError'{0x000000065b364df0}: 'int java.lang.invoke.DirectMethodHandle$Holder.invokeSpecialIFC(java.lang.Object, java.lang.Object, java.lang.Object, java.lang.Object)'> (0x000000065b364df0) thrown at [src/hotspot/share/interpreter/linkResolver.cpp, line 773]
Event: 3.515 Thread 0x000000014f020800 Exception <a 'java/lang/NoSuchMethodError'{0x000000065ac7b160}: 'void java.lang.invoke.DirectMethodHandle$Holder.invokeStatic(java.lang.Object, java.lang.Object, int)'> (0x000000065ac7b160) thrown at [src/hotspot/share/interpreter/linkResolver.cpp, line 773]
Event: 3.539 Thread 0x000000014f020800 Exception <a 'java/lang/NoSuchMethodError'{0x000000065a482b80}: 'java.lang.Object java.lang.invoke.DirectMethodHandle$Holder.invokeStatic(java.lang.Object, java.lang.Object, java.lang.Object, java.lang.Object, java.lang.Object, java.lang.Object, java.lang.Object, java.lang.Object, java.lang.Object, java.lang.Object, java.lang.Object, java.lang.Object, java.lang.Object, java.lang.Object, java.lang.Object)'> (0x000000065a482b80) thrown at [src/hotspot/share/interpreter/linkResolver.cpp, line 773]
Event: 3.540 Thread 0x000000014f020800 Exception <a 'java/lang/NoSuchMethodError'{0x000000065a4e7970}: 'java.lang.Object java.lang.invoke.DirectMethodHandle$Holder.invokeStatic(java.lang.Object, java.lang.Object, java.lang.Object, java.lang.Object, java.lang.Object, java.lang.Object, java.lang.Object, java.lang.Object, java.lang.Object, java.lang.Object, java.lang.Object, java.lang.Object, java.lang.Object, java.lang.Object, java.lang.Object, java.lang.Object)'> (0x000000065a4e7970) thrown at [src/hotspot/share/interpreter/linkResolver.cpp, lin
Event: 3.540 Thread 0x000000014f020800 Exception <a 'java/lang/NoSuchMethodError'{0x000000065a4f5888}: 'java.lang.Object java.lang.invoke.DirectMethodHandle$Holder.invokeSpecial(java.lang.Object, java.lang.Object, int, int, java.lang.Object, java.lang.Object, java.lang.Object)'> (0x000000065a4f5888) thrown at [src/hotspot/share/interpreter/linkResolver.cpp, line 773]
Event: 3.540 Thread 0x000000014f020800 Exception <a 'java/lang/NoSuchMethodError'{0x000000065a4f90c0}: 'java.lang.Object java.lang.invoke.DelegatingMethodHandle$Holder.reinvoke_L(java.lang.Object, int, int, java.lang.Object, java.lang.Object, java.lang.Object)'> (0x000000065a4f90c0) thrown at [src/hotspot/share/interpreter/linkResolver.cpp, line 773]
Event: 3.540 Thread 0x000000014f020800 Exception <a 'java/lang/NoSuchMethodError'{0x000000065a34d920}: 'java.lang.Object java.lang.invoke.DirectMethodHandle$Holder.invokeStatic(java.lang.Object, java.lang.Object, java.lang.Object, java.lang.Object, int)'> (0x000000065a34d920) thrown at [src/hotspot/share/interpreter/linkResolver.cpp, line 773]
Event: 3.759 Thread 0x000000012dc57000 Exception <a 'java/net/ConnectException'{0x00000006500818a8}> (0x00000006500818a8) thrown at [src/hotspot/share/prims/jni.cpp, line 617]
Event: 3.805 Thread 0x000000014f020800 Exception <a 'java/lang/NoSuchMethodError'{0x000000064df1d150}: 'long java.lang.invoke.DirectMethodHandle$Holder.invokeSpecial(java.lang.Object, java.lang.Object)'> (0x000000064df1d150) thrown at [src/hotspot/share/interpreter/linkResolver.cpp, line 773]
Event: 3.811 Thread 0x000000014f020800 Exception <a 'java/lang/NoSuchMethodError'{0x000000064db3a1f8}: 'long java.lang.invoke.DirectMethodHandle$Holder.invokeStatic(java.lang.Object, java.lang.Object)'> (0x000000064db3a1f8) thrown at [src/hotspot/share/interpreter/linkResolver.cpp, line 773]
Event: 3.811 Thread 0x000000014f020800 Exception <a 'java/lang/NoSuchMethodError'{0x000000064db3d2c8}: 'long java.lang.invoke.DirectMethodHandle$Holder.invokeStaticInit(java.lang.Object, java.lang.Object)'> (0x000000064db3d2c8) thrown at [src/hotspot/share/interpreter/linkResolver.cpp, line 773]
Event: 3.815 Thread 0x000000014f020800 Exception <a 'java/lang/NoSuchMethodError'{0x000000064d89aa30}: 'long java.lang.invoke.DirectMethodHandle$Holder.invokeInterface(java.lang.Object, java.lang.Object)'> (0x000000064d89aa30) thrown at [src/hotspot/share/interpreter/linkResolver.cpp, line 773]
Event: 3.815 Thread 0x000000014f020800 Exception <a 'java/lang/IncompatibleClassChangeError'{0x000000064d89da70}: Found class java.lang.Object, but interface was expected> (0x000000064d89da70) thrown at [src/hotspot/share/interpreter/linkResolver.cpp, line 839]
Event: 3.939 Thread 0x000000012e8f1800 Exception <a 'java/lang/NoSuchMethodError'{0x000000066c923958}: 'void java.lang.invoke.DirectMethodHandle$Holder.invokeInterface(java.lang.Object, java.lang.Object, java.lang.Object, java.lang.Object)'> (0x000000066c923958) thrown at [src/hotspot/share/interpreter/linkResolver.cpp, line 773]

Events (20 events):
Event: 3.939 loading class org/springframework/beans/factory/support/AutowireCandidateResolver
Event: 3.939 loading class org/springframework/beans/factory/support/AutowireCandidateResolver done
Event: 3.939 loading class org/apache/logging/log4j/util/BiConsumer
Event: 3.939 loading class org/apache/logging/log4j/util/BiConsumer done
Event: 3.939 loading class org/apache/logging/log4j/util/PropertySource$Util
Event: 3.939 loading class org/apache/logging/log4j/util/PropertySource$Util done
Event: 3.940 loading class org/springframework/context/annotation/AnnotatedBeanDefinitionReader
Event: 3.940 loading class org/springframework/context/annotation/AnnotatedBeanDefinitionReader done
Event: 3.940 loading class java/lang/ProcessEnvironment$StringEntrySet
Event: 3.940 loading class java/lang/ProcessEnvironment$StringEntrySet done
Event: 3.940 loading class java/lang/ProcessEnvironment$StringEntrySet$1
Event: 3.941 loading class java/lang/ProcessEnvironment$StringEntrySet$1 done
Event: 3.941 loading class java/lang/ProcessEnvironment$StringEntry
Event: 3.941 loading class org/springframework/context/annotation/AnnotationBeanNameGenerator
Event: 3.941 loading class org/springframework/context/annotation/AnnotationBeanNameGenerator done
Event: 3.941 loading class java/lang/ProcessEnvironment$StringEntry done
Event: 3.941 loading class org/springframework/context/annotation/AnnotationScopeMetadataResolver
Event: 3.941 loading class org/springframework/context/annotation/AnnotationScopeMetadataResolver done
Event: 3.941 loading class javax/servlet/Servlet
Event: 3.941 loading class javax/servlet/Servlet done


Dynamic libraries:
0x0000000100a14000 	/opt/homebrew/Cellar/openjdk@11/11.0.25/libexec/openjdk.jdk/Contents/Home/lib/jli/libjli.dylib
0x000000019d0ad000 	/System/Library/Frameworks/Cocoa.framework/Versions/A/Cocoa
0x0000000184fe3000 	/System/Library/Frameworks/AppKit.framework/Versions/C/AppKit
0x000000018829b000 	/System/Library/Frameworks/CoreData.framework/Versions/A/CoreData
0x000000018261d000 	/System/Library/Frameworks/Foundation.framework/Versions/C/Foundation
0x000000018efa1000 	/usr/lib/libSystem.B.dylib
0x0000000186420000 	/System/Library/PrivateFrameworks/UIFoundation.framework/Versions/A/UIFoundation
0x000000022a11b000 	/System/Library/PrivateFrameworks/CollectionViewCore.framework/Versions/A/CollectionViewCore
0x000000019622d000 	/System/Library/PrivateFrameworks/RemoteViewServices.framework/Versions/A/RemoteViewServices
0x000000018cc27000 	/System/Library/PrivateFrameworks/XCTTargetBootstrap.framework/Versions/A/XCTTargetBootstrap
0x0000000191687000 	/System/Library/PrivateFrameworks/InternationalSupport.framework/Versions/A/InternationalSupport
0x00000001916e6000 	/System/Library/PrivateFrameworks/UserActivity.framework/Versions/A/UserActivity
0x000000025599f000 	/System/Library/PrivateFrameworks/UIIntelligenceSupport.framework/Versions/A/UIIntelligenceSupport
0x00000002204e4000 	/System/Library/Frameworks/SwiftUICore.framework/Versions/A/SwiftUICore
0x000000025a950000 	/System/Library/PrivateFrameworks/WritingTools.framework/Versions/A/WritingTools
0x00000002599a3000 	/System/Library/PrivateFrameworks/WindowManagement.framework/Versions/A/WindowManagement
0x0000000182277000 	/System/Library/Frameworks/SystemConfiguration.framework/Versions/A/SystemConfiguration
0x0000000190ad0000 	/usr/lib/libspindump.dylib
0x00000001865d2000 	/System/Library/Frameworks/UniformTypeIdentifiers.framework/Versions/A/UniformTypeIdentifiers
0x000000018e39f000 	/usr/lib/libbsm.0.dylib
0x000000018a6e9000 	/usr/lib/libapp_launch_measurement.dylib
0x0000000189ae5000 	/System/Library/PrivateFrameworks/CoreAnalytics.framework/Versions/A/CoreAnalytics
0x000000018a6ed000 	/System/Library/PrivateFrameworks/CoreAutoLayout.framework/Versions/A/CoreAutoLayout
0x000000018c270000 	/System/Library/Frameworks/Metal.framework/Versions/A/Metal
0x000000018d46e000 	/usr/lib/liblangid.dylib
0x000000018cc2d000 	/System/Library/PrivateFrameworks/CoreSVG.framework/Versions/A/CoreSVG
0x0000000186ff3000 	/System/Library/PrivateFrameworks/SkyLight.framework/Versions/A/SkyLight
0x0000000187520000 	/System/Library/Frameworks/CoreGraphics.framework/Versions/A/CoreGraphics
0x0000000196906000 	/System/Library/Frameworks/Accelerate.framework/Versions/A/Accelerate
0x0000000190902000 	/System/Library/PrivateFrameworks/IconServices.framework/Versions/A/IconServices
0x000000018c24d000 	/System/Library/Frameworks/IOSurface.framework/Versions/A/IOSurface
0x0000000189b17000 	/usr/lib/libDiagnosticMessagesClient.dylib
0x000000018eee5000 	/usr/lib/libz.1.dylib
0x000000019a792000 	/System/Library/Frameworks/ApplicationServices.framework/Versions/A/ApplicationServices
0x000000018cc12000 	/System/Library/PrivateFrameworks/DFRFoundation.framework/Versions/A/DFRFoundation
0x000000018484d000 	/usr/lib/libicucore.A.dylib
0x0000000192800000 	/System/Library/Frameworks/AudioToolbox.framework/Versions/A/AudioToolbox
0x0000000191697000 	/System/Library/PrivateFrameworks/DataDetectorsCore.framework/Versions/A/DataDetectorsCore
0x00000001acd2d000 	/System/Library/PrivateFrameworks/TextInput.framework/Versions/A/TextInput
0x0000000186f3f000 	/usr/lib/libMobileGestalt.dylib
0x000000018c90a000 	/System/Library/Frameworks/Carbon.framework/Versions/A/Frameworks/HIToolbox.framework/Versions/A/HIToolbox
0x0000000189fe8000 	/System/Library/Frameworks/QuartzCore.framework/Versions/A/QuartzCore
0x0000000184456000 	/System/Library/Frameworks/Security.framework/Versions/A/Security
0x0000000196268000 	/System/Library/Frameworks/Carbon.framework/Versions/A/Frameworks/SpeechRecognition.framework/Versions/A/SpeechRecognition
0x000000018a402000 	/System/Library/PrivateFrameworks/CoreUI.framework/Versions/A/CoreUI
0x0000000183d0a000 	/System/Library/Frameworks/CoreAudio.framework/Versions/A/CoreAudio
0x0000000189c03000 	/System/Library/Frameworks/DiskArbitration.framework/Versions/A/DiskArbitration
0x0000000190f43000 	/System/Library/PrivateFrameworks/MultitouchSupport.framework/Versions/A/MultitouchSupport
0x0000000186f3d000 	/usr/lib/libenergytrace.dylib
0x00000001a1715000 	/System/Library/PrivateFrameworks/RenderBox.framework/Versions/A/RenderBox
0x0000000184e93000 	/System/Library/Frameworks/IOKit.framework/Versions/A/IOKit
0x000000019665c000 	/System/Library/Frameworks/CoreServices.framework/Versions/A/CoreServices
0x000000018a67a000 	/System/Library/PrivateFrameworks/PerformanceAnalysis.framework/Versions/A/PerformanceAnalysis
0x00000001de29d000 	/System/Library/Frameworks/OpenGL.framework/Versions/A/OpenGL
0x000000018a737000 	/usr/lib/libxml2.2.dylib
0x000000018e284000 	/System/Library/PrivateFrameworks/MobileKeyBag.framework/Versions/A/MobileKeyBag
0x0000000180fe8000 	/usr/lib/libobjc.A.dylib
0x00000001812d5000 	/usr/lib/libc++.1.dylib
0x00000001965dc000 	/System/Library/Frameworks/Accessibility.framework/Versions/A/Accessibility
0x0000000187c3f000 	/System/Library/Frameworks/ColorSync.framework/Versions/A/ColorSync
0x000000018142b000 	/System/Library/Frameworks/CoreFoundation.framework/Versions/A/CoreFoundation
0x000000018cfeb000 	/System/Library/Frameworks/CoreImage.framework/Versions/A/CoreImage
0x0000000183afa000 	/System/Library/Frameworks/CoreText.framework/Versions/A/CoreText
0x00000001df804000 	/System/Library/Frameworks/CoreTransferable.framework/Versions/A/CoreTransferable
0x00000001dfda3000 	/System/Library/Frameworks/DeveloperToolsSupport.framework/Versions/A/DeveloperToolsSupport
0x000000018cc69000 	/System/Library/Frameworks/ImageIO.framework/Versions/A/ImageIO
0x00000002210fe000 	/System/Library/Frameworks/Symbols.framework/Versions/A/Symbols
0x000000018efa6000 	/System/Library/PrivateFrameworks/SoftLinking.framework/Versions/A/SoftLinking
0x00000001beba2000 	/usr/lib/swift/libswiftAccelerate.dylib
0x0000000192161000 	/usr/lib/swift/libswiftCore.dylib
0x00000001a94ae000 	/usr/lib/swift/libswiftCoreFoundation.dylib
0x00000001a950b000 	/usr/lib/swift/libswiftCoreImage.dylib
0x00000001a6c5a000 	/usr/lib/swift/libswiftDarwin.dylib
0x0000000198116000 	/usr/lib/swift/libswiftDispatch.dylib
0x00000001a950c000 	/usr/lib/swift/libswiftIOKit.dylib
0x00000001b5d39000 	/usr/lib/swift/libswiftMetal.dylib
0x00000001c4037000 	/usr/lib/swift/libswiftOSLog.dylib
0x000000019acfd000 	/usr/lib/swift/libswiftObjectiveC.dylib
0x0000000261b38000 	/usr/lib/swift/libswiftObservation.dylib
0x00000001ba664000 	/usr/lib/swift/libswiftQuartzCore.dylib
0x00000001beb93000 	/usr/lib/swift/libswiftUniformTypeIdentifiers.dylib
0x00000001a94c0000 	/usr/lib/swift/libswiftXPC.dylib
0x0000000261c2e000 	/usr/lib/swift/libswift_Builtin_float.dylib
0x0000000261c33000 	/usr/lib/swift/libswift_Concurrency.dylib
0x0000000261d9b000 	/usr/lib/swift/libswift_StringProcessing.dylib
0x0000000261e4e000 	/usr/lib/swift/libswift_errno.dylib
0x0000000261e50000 	/usr/lib/swift/libswift_math.dylib
0x0000000261e53000 	/usr/lib/swift/libswift_signal.dylib
0x0000000261e54000 	/usr/lib/swift/libswift_stdio.dylib
0x0000000261e55000 	/usr/lib/swift/libswift_time.dylib
0x000000019ad01000 	/usr/lib/swift/libswiftos.dylib
0x00000001acc84000 	/usr/lib/swift/libswiftsimd.dylib
0x0000000261e56000 	/usr/lib/swift/libswiftsys_time.dylib
0x0000000261e57000 	/usr/lib/swift/libswiftunistd.dylib
0x000000018f152000 	/usr/lib/libcompression.dylib
0x00000001915df000 	/System/Library/PrivateFrameworks/TextureIO.framework/Versions/A/TextureIO
0x0000000190593000 	/usr/lib/libate.dylib
0x000000018ef9b000 	/usr/lib/system/libcache.dylib
0x000000018ef54000 	/usr/lib/system/libcommonCrypto.dylib
0x000000018ef81000 	/usr/lib/system/libcompiler_rt.dylib
0x000000018ef76000 	/usr/lib/system/libcopyfile.dylib
0x0000000181127000 	/usr/lib/system/libcorecrypto.dylib
0x0000000181209000 	/usr/lib/system/libdispatch.dylib
0x00000001813c6000 	/usr/lib/system/libdyld.dylib
0x000000018ef91000 	/usr/lib/system/libkeymgr.dylib
0x000000018ef33000 	/usr/lib/system/libmacho.dylib
0x000000018e378000 	/usr/lib/system/libquarantine.dylib
0x000000018ef8e000 	/usr/lib/system/libremovefile.dylib
0x0000000186fb8000 	/usr/lib/system/libsystem_asl.dylib
0x00000001810bc000 	/usr/lib/system/libsystem_blocks.dylib
0x0000000181253000 	/usr/lib/system/libsystem_c.dylib
0x000000018ef85000 	/usr/lib/system/libsystem_collections.dylib
0x000000018d45b000 	/usr/lib/system/libsystem_configuration.dylib
0x000000018c21e000 	/usr/lib/system/libsystem_containermanager.dylib
0x000000018ea87000 	/usr/lib/system/libsystem_coreservices.dylib
0x0000000184b11000 	/usr/lib/system/libsystem_darwin.dylib
0x0000000261f9a000 	/usr/lib/system/libsystem_darwindirectory.dylib
0x000000018ef92000 	/usr/lib/system/libsystem_dnssd.dylib
0x0000000261f9e000 	/usr/lib/system/libsystem_eligibility.dylib
0x0000000181250000 	/usr/lib/system/libsystem_featureflags.dylib
0x00000001813fb000 	/usr/lib/system/libsystem_info.dylib
0x000000018eef4000 	/usr/lib/system/libsystem_m.dylib
0x00000001811c7000 	/usr/lib/system/libsystem_malloc.dylib
0x0000000186f22000 	/usr/lib/system/libsystem_networkextension.dylib
0x0000000184f74000 	/usr/lib/system/libsystem_notify.dylib
0x000000018d460000 	/usr/lib/system/libsystem_sandbox.dylib
0x0000000261fa5000 	/usr/lib/system/libsystem_sanitizers.dylib
0x000000018ef8a000 	/usr/lib/system/libsystem_secinit.dylib
0x000000018137e000 	/usr/lib/system/libsystem_kernel.dylib
0x00000001813f3000 	/usr/lib/system/libsystem_platform.dylib
0x00000001813b9000 	/usr/lib/system/libsystem_pthread.dylib
0x0000000188ac1000 	/usr/lib/system/libsystem_symptoms.dylib
0x000000018110b000 	/usr/lib/system/libsystem_trace.dylib
0x000000018ef62000 	/usr/lib/system/libunwind.dylib
0x00000001810c0000 	/usr/lib/system/libxpc.dylib
0x0000000181363000 	/usr/lib/libc++abi.dylib
0x000000018ef6e000 	/usr/lib/liboah.dylib
0x0000000184e12000 	/System/Library/PrivateFrameworks/CoreServicesInternal.framework/Versions/A/CoreServicesInternal
0x000000018efa3000 	/usr/lib/libfakelink.dylib
0x000000019a243000 	/System/Library/PrivateFrameworks/DiskImages.framework/Versions/A/DiskImages
0x00000001a6787000 	/System/Library/Frameworks/NetFS.framework/Versions/A/NetFS
0x0000000186b59000 	/System/Library/Frameworks/CFNetwork.framework/Versions/A/CFNetwork
0x000000018a6b1000 	/System/Library/Frameworks/CoreServices.framework/Versions/A/Frameworks/FSEvents.framework/Versions/A/FSEvents
0x0000000184b1c000 	/System/Library/Frameworks/CoreServices.framework/Versions/A/Frameworks/CarbonCore.framework/Versions/A/CarbonCore
0x0000000189b79000 	/System/Library/Frameworks/CoreServices.framework/Versions/A/Frameworks/Metadata.framework/Versions/A/Metadata
0x000000018ea8e000 	/System/Library/Frameworks/CoreServices.framework/Versions/A/Frameworks/OSServices.framework/Versions/A/OSServices
0x000000018f081000 	/System/Library/Frameworks/CoreServices.framework/Versions/A/Frameworks/SearchKit.framework/Versions/A/SearchKit
0x0000000188a3b000 	/System/Library/Frameworks/CoreServices.framework/Versions/A/Frameworks/AE.framework/Versions/A/AE
0x0000000181920000 	/System/Library/Frameworks/CoreServices.framework/Versions/A/Frameworks/LaunchServices.framework/Versions/A/LaunchServices
0x00000001903e5000 	/System/Library/Frameworks/CoreServices.framework/Versions/A/Frameworks/DictionaryServices.framework/Versions/A/DictionaryServices
0x000000018a6bf000 	/System/Library/Frameworks/CoreServices.framework/Versions/A/Frameworks/SharedFileList.framework/Versions/A/SharedFileList
0x000000018f11c000 	/usr/lib/libapple_nghttp2.dylib
0x00000001886a3000 	/usr/lib/libsqlite3.dylib
0x0000000192e6c000 	/System/Library/Frameworks/GSS.framework/Versions/A/GSS
0x00000001889d4000 	/System/Library/PrivateFrameworks/RunningBoardServices.framework/Versions/A/RunningBoardServices
0x0000000188aca000 	/System/Library/Frameworks/Network.framework/Versions/A/Network
0x000000018ef37000 	/usr/lib/system/libkxld.dylib
0x0000000260f6c000 	/usr/lib/libCoreEntitlements.dylib
0x000000023f760000 	/System/Library/PrivateFrameworks/MessageSecurity.framework/Versions/A/MessageSecurity
0x0000000188689000 	/System/Library/PrivateFrameworks/ProtocolBuffer.framework/Versions/A/ProtocolBuffer
0x000000018ea6f000 	/System/Library/PrivateFrameworks/AppleFSCompression.framework/Versions/A/AppleFSCompression
0x000000018e387000 	/usr/lib/libcoretls.dylib
0x000000019045c000 	/usr/lib/libcoretls_cfhelpers.dylib
0x000000018f14c000 	/usr/lib/libpam.2.dylib
0x00000001904cf000 	/usr/lib/libxar.1.dylib
0x000000018eff8000 	/usr/lib/libarchive.2.dylib
0x000000019455d000 	/System/Library/Frameworks/Combine.framework/Versions/A/Combine
0x000000022a13f000 	/System/Library/PrivateFrameworks/CollectionsInternal.framework/Versions/A/CollectionsInternal
0x0000000247663000 	/System/Library/PrivateFrameworks/ReflectionInternal.framework/Versions/A/ReflectionInternal
0x00000002482fb000 	/System/Library/PrivateFrameworks/RuntimeInternal.framework/Versions/A/RuntimeInternal
0x0000000261bb5000 	/usr/lib/swift/libswiftSystem.dylib
0x000000018d469000 	/System/Library/PrivateFrameworks/AppleSystemInfo.framework/Versions/A/AppleSystemInfo
0x00000001a93a1000 	/System/Library/PrivateFrameworks/LoggingSupport.framework/Versions/A/LoggingSupport
0x000000018a8c1000 	/System/Library/PrivateFrameworks/UserManagement.framework/Versions/A/UserManagement
0x0000000186a8e000 	/usr/lib/libboringssl.dylib
0x0000000188ab0000 	/usr/lib/libdns_services.dylib
0x00000001a8590000 	/usr/lib/libquic.dylib
0x00000001920f1000 	/usr/lib/libusrtcp.dylib
0x00000001cb6c0000 	/System/Library/PrivateFrameworks/InternalSwiftProtobuf.framework/Versions/A/InternalSwiftProtobuf
0x0000000261b00000 	/usr/lib/swift/libswiftDistributed.dylib
0x0000000186b58000 	/usr/lib/libnetwork.dylib
0x000000018f0f6000 	/System/Library/PrivateFrameworks/AppleSauce.framework/Versions/A/AppleSauce
0x0000000182114000 	/System/Library/PrivateFrameworks/Lexicon.framework/Versions/A/Lexicon
0x0000000239581000 	/System/Library/PrivateFrameworks/IO80211.framework/Versions/A/IO80211
0x00000001983b5000 	/System/Library/PrivateFrameworks/FrontBoardServices.framework/Versions/A/FrontBoardServices
0x000000018e2af000 	/System/Library/Frameworks/SecurityFoundation.framework/Versions/A/SecurityFoundation
0x000000018d590000 	/System/Library/PrivateFrameworks/LinguisticData.framework/Versions/A/LinguisticData
0x000000018e083000 	/System/Library/PrivateFrameworks/IOMobileFramebuffer.framework/Versions/A/IOMobileFramebuffer
0x00000001888ef000 	/System/Library/PrivateFrameworks/BaseBoard.framework/Versions/A/BaseBoard
0x0000000198481000 	/System/Library/PrivateFrameworks/BoardServices.framework/Versions/A/BoardServices
0x000000018e2a1000 	/System/Library/PrivateFrameworks/AssertionServices.framework/Versions/A/AssertionServices
0x000000019a07f000 	/System/Library/PrivateFrameworks/BackBoardServices.framework/Versions/A/BackBoardServices
0x000000018c67d000 	/System/Library/PrivateFrameworks/FontServices.framework/libFontParser.dylib
0x0000000186fd1000 	/System/Library/PrivateFrameworks/TCC.framework/Versions/A/TCC
0x000000019db24000 	/System/Library/PrivateFrameworks/IOSurfaceAccelerator.framework/Versions/A/IOSurfaceAccelerator
0x0000000190f41000 	/System/Library/PrivateFrameworks/WatchdogClient.framework/Versions/A/WatchdogClient
0x0000000183627000 	/System/Library/Frameworks/CoreDisplay.framework/Versions/A/CoreDisplay
0x000000018c512000 	/System/Library/Frameworks/CoreMedia.framework/Versions/A/CoreMedia
0x000000018c266000 	/System/Library/PrivateFrameworks/IOAccelerator.framework/Versions/A/IOAccelerator
0x000000018a821000 	/System/Library/Frameworks/CoreVideo.framework/Versions/A/CoreVideo
0x000000018f14a000 	/System/Library/Frameworks/MetalPerformanceShaders.framework/Versions/A/MetalPerformanceShaders
0x0000000246b8b000 	/System/Library/PrivateFrameworks/ProDisplayLibrary.framework/Versions/A/ProDisplayLibrary
0x0000000190f88000 	/System/Library/Frameworks/VideoToolbox.framework/Versions/A/VideoToolbox
0x000000018d467000 	/System/Library/PrivateFrameworks/AggregateDictionary.framework/Versions/A/AggregateDictionary
0x000000019045e000 	/System/Library/PrivateFrameworks/APFS.framework/Versions/A/APFS
0x00000002268c8000 	/System/Library/PrivateFrameworks/AppleKeyStore.framework/Versions/A/AppleKeyStore
0x00000001904de000 	/usr/lib/libutil.dylib
0x000000019043d000 	/usr/lib/liblzma.5.dylib
0x0000000189c0c000 	/System/Library/Frameworks/Accelerate.framework/Versions/A/Frameworks/vImage.framework/Versions/A/vImage
0x0000000196637000 	/System/Library/Frameworks/Accelerate.framework/Versions/A/Frameworks/vecLib.framework/Versions/A/vecLib
0x0000000190516000 	/System/Library/Frameworks/Accelerate.framework/Versions/A/Frameworks/vecLib.framework/Versions/A/libvMisc.dylib
0x0000000181d84000 	/System/Library/Frameworks/Accelerate.framework/Versions/A/Frameworks/vecLib.framework/Versions/A/libBLAS.dylib
0x0000000192a48000 	/System/Library/Frameworks/ApplicationServices.framework/Versions/A/Frameworks/ATS.framework/Versions/A/ATS
0x0000000187df7000 	/System/Library/Frameworks/ApplicationServices.framework/Versions/A/Frameworks/HIServices.framework/Versions/A/HIServices
0x0000000191567000 	/System/Library/Frameworks/ApplicationServices.framework/Versions/A/Frameworks/PrintCore.framework/Versions/A/PrintCore
0x0000000192e34000 	/System/Library/Frameworks/ApplicationServices.framework/Versions/A/Frameworks/QD.framework/Versions/A/QD
0x0000000192e2b000 	/System/Library/Frameworks/ApplicationServices.framework/Versions/A/Frameworks/ColorSyncLegacy.framework/Versions/A/ColorSyncLegacy
0x0000000192a1a000 	/System/Library/Frameworks/ApplicationServices.framework/Versions/A/Frameworks/SpeechSynthesis.framework/Versions/A/SpeechSynthesis
0x000000018e050000 	/System/Library/PrivateFrameworks/CoreEmoji.framework/Versions/A/CoreEmoji
0x0000000230bde000 	/System/Library/PrivateFrameworks/FontServices.framework/Versions/A/FontServices
0x0000000190a7a000 	/System/Library/PrivateFrameworks/OTSVG.framework/Versions/A/OTSVG
0x000000018a3b0000 	/System/Library/Frameworks/ApplicationServices.framework/Versions/A/Frameworks/ATS.framework/Versions/A/Resources/libFontRegistry.dylib
0x0000000190ac4000 	/System/Library/PrivateFrameworks/FontServices.framework/libhvf.dylib
0x0000000242bee000 	/System/Library/PrivateFrameworks/ParsingInternal.framework/Versions/A/ParsingInternal
0x0000000261b57000 	/usr/lib/swift/libswiftRegexBuilder.dylib
0x0000000261cf4000 	/usr/lib/swift/libswift_RegexParser.dylib
0x0000000190e08000 	/System/Library/PrivateFrameworks/AppleJPEG.framework/Versions/A/AppleJPEG
0x000000019088f000 	/usr/lib/libexpat.1.dylib
0x000000019143c000 	/System/Library/Frameworks/ImageIO.framework/Versions/A/Resources/libPng.dylib
0x0000000191467000 	/System/Library/Frameworks/ImageIO.framework/Versions/A/Resources/libTIFF.dylib
0x0000000191552000 	/System/Library/Frameworks/ImageIO.framework/Versions/A/Resources/libGIF.dylib
0x0000000190e4e000 	/System/Library/Frameworks/ImageIO.framework/Versions/A/Resources/libJP2.dylib
0x00000001914f8000 	/System/Library/Frameworks/ImageIO.framework/Versions/A/Resources/libJPEG.dylib
0x00000001914ef000 	/System/Library/Frameworks/ImageIO.framework/Versions/A/Resources/libRadiance.dylib
0x00000002359a6000 	/System/Library/PrivateFrameworks/GPUCompiler.framework/Versions/32023/Libraries/libllvm-flatbuffers.dylib
0x0000000230ca4000 	/System/Library/PrivateFrameworks/FramePacing.framework/Versions/A/FramePacing
0x00000001de28f000 	/System/Library/Frameworks/OpenGL.framework/Versions/A/Libraries/libCoreFSCache.dylib
0x000000023184f000 	/System/Library/PrivateFrameworks/GPUCompiler.framework/Versions/32023/Libraries/libGPUCompilerUtils.dylib
0x0000000230bdf000 	/System/Library/PrivateFrameworks/FontServices.framework/libXTFontStaticRegistryData.dylib
0x000000019be3a000 	/System/Library/PrivateFrameworks/ASEProcessing.framework/Versions/A/ASEProcessing
0x00000001c77cd000 	/System/Library/PrivateFrameworks/Symbolication.framework/Versions/A/Symbolication
0x0000000245da1000 	/System/Library/PrivateFrameworks/PhotosensitivityProcessing.framework/Versions/A/PhotosensitivityProcessing
0x0000000190a6e000 	/System/Library/PrivateFrameworks/GraphVisualizer.framework/Versions/A/GraphVisualizer
0x00000001de2ef000 	/System/Library/Frameworks/OpenGL.framework/Versions/A/Libraries/libGLU.dylib
0x00000001de2b1000 	/System/Library/Frameworks/OpenGL.framework/Versions/A/Libraries/libGFXShared.dylib
0x00000001de482000 	/System/Library/Frameworks/OpenGL.framework/Versions/A/Libraries/libGL.dylib
0x00000001de2ba000 	/System/Library/Frameworks/OpenGL.framework/Versions/A/Libraries/libGLImage.dylib
0x00000001de2ae000 	/System/Library/Frameworks/OpenGL.framework/Versions/A/Libraries/libCVMSPluginSupport.dylib
0x0000000261110000 	/usr/lib/libRosetta.dylib
0x00000001de297000 	/System/Library/Frameworks/OpenGL.framework/Versions/A/Libraries/libCoreVMClient.dylib
0x000000018d3a9000 	/System/Library/Frameworks/MetalPerformanceShaders.framework/Versions/A/Frameworks/MPSCore.framework/Versions/A/MPSCore
0x000000018e9db000 	/System/Library/Frameworks/MetalPerformanceShaders.framework/Versions/A/Frameworks/MPSImage.framework/Versions/A/MPSImage
0x000000018e42a000 	/System/Library/Frameworks/MetalPerformanceShaders.framework/Versions/A/Frameworks/MPSNeuralNetwork.framework/Versions/A/MPSNeuralNetwork
0x000000018e860000 	/System/Library/Frameworks/MetalPerformanceShaders.framework/Versions/A/Frameworks/MPSMatrix.framework/Versions/A/MPSMatrix
0x000000018e678000 	/System/Library/Frameworks/MetalPerformanceShaders.framework/Versions/A/Frameworks/MPSRayIntersector.framework/Versions/A/MPSRayIntersector
0x000000018e892000 	/System/Library/Frameworks/MetalPerformanceShaders.framework/Versions/A/Frameworks/MPSNDArray.framework/Versions/A/MPSNDArray
0x00000001e2067000 	/System/Library/Frameworks/MetalPerformanceShaders.framework/Versions/A/Frameworks/MPSFunctions.framework/Versions/A/MPSFunctions
0x00000001e204b000 	/System/Library/Frameworks/MetalPerformanceShaders.framework/Versions/A/Frameworks/MPSBenchmarkLoop.framework/Versions/A/MPSBenchmarkLoop
0x0000000181c08000 	/System/Library/PrivateFrameworks/MetalTools.framework/Versions/A/MetalTools
0x00000001adfee000 	/System/Library/PrivateFrameworks/IOAccelMemoryInfo.framework/Versions/A/IOAccelMemoryInfo
0x00000001baa60000 	/System/Library/PrivateFrameworks/kperf.framework/Versions/A/kperf
0x00000001a9485000 	/System/Library/PrivateFrameworks/GPURawCounter.framework/Versions/A/GPURawCounter
0x00000001988c8000 	/System/Library/PrivateFrameworks/CoreSymbolication.framework/Versions/A/CoreSymbolication
0x00000001a941f000 	/System/Library/PrivateFrameworks/MallocStackLogging.framework/Versions/A/MallocStackLogging
0x000000019062d000 	/System/Library/PrivateFrameworks/CrashReporterSupport.framework/Versions/A/CrashReporterSupport
0x0000000198882000 	/System/Library/PrivateFrameworks/DebugSymbols.framework/Versions/A/DebugSymbols
0x00000001b9cf8000 	/System/Library/PrivateFrameworks/OSAnalytics.framework/Versions/A/OSAnalytics
0x0000000191523000 	/System/Library/Frameworks/ApplicationServices.framework/Versions/A/Frameworks/ATSUI.framework/Versions/A/ATSUI
0x0000000192dbe000 	/usr/lib/libcups.2.dylib
0x0000000192e5a000 	/System/Library/Frameworks/Kerberos.framework/Versions/A/Kerberos
0x0000000192ac7000 	/usr/lib/libresolv.9.dylib
0x000000018efdd000 	/usr/lib/libiconv.2.dylib
0x0000000190ad7000 	/System/Library/PrivateFrameworks/Heimdal.framework/Versions/A/Heimdal
0x000000019ac58000 	/System/Library/Frameworks/Kerberos.framework/Versions/A/Libraries/libHeimdalProxy.dylib
0x00000001908aa000 	/usr/lib/libheimdal-asn1.dylib
0x000000018a684000 	/System/Library/Frameworks/OpenDirectory.framework/Versions/A/OpenDirectory
0x0000000192ec7000 	/System/Library/PrivateFrameworks/CommonAuth.framework/Versions/A/CommonAuth
0x000000018a692000 	/System/Library/Frameworks/OpenDirectory.framework/Versions/A/Frameworks/CFOpenDirectory.framework/Versions/A/CFOpenDirectory
0x000000018ef32000 	/usr/lib/libcharset.1.dylib
0x00000001de822000 	/System/Library/Frameworks/AVFAudio.framework/Versions/A/AVFAudio
0x00000001a35db000 	/System/Library/PrivateFrameworks/AXCoreUtilities.framework/Versions/A/AXCoreUtilities
0x000000023c3a0000 	/System/Library/PrivateFrameworks/IsolatedCoreAudioClient.framework/Versions/A/IsolatedCoreAudioClient
0x0000000192a01000 	/usr/lib/libAudioStatistics.dylib
0x000000018c4ea000 	/System/Library/PrivateFrameworks/caulk.framework/Versions/A/caulk
0x0000000183748000 	/System/Library/PrivateFrameworks/AudioToolboxCore.framework/Versions/A/AudioToolboxCore
0x000000019cee4000 	/System/Library/Frameworks/CoreMIDI.framework/Versions/A/CoreMIDI
0x00000001929a4000 	/System/Library/PrivateFrameworks/AudioSession.framework/Versions/A/AudioSession
0x00000001942cd000 	/System/Library/Frameworks/IOBluetooth.framework/Versions/A/IOBluetooth
0x0000000190994000 	/System/Library/PrivateFrameworks/MediaExperience.framework/Versions/A/MediaExperience
0x0000000253bec000 	/System/Library/PrivateFrameworks/Tightbeam.framework/Versions/A/Tightbeam
0x00000001bf266000 	/System/Library/PrivateFrameworks/AFKUser.framework/Versions/A/AFKUser
0x0000000190aba000 	/System/Library/PrivateFrameworks/AppServerSupport.framework/Versions/A/AppServerSupport
0x0000000192e3e000 	/System/Library/PrivateFrameworks/perfdata.framework/Versions/A/perfdata
0x00000001a8687000 	/System/Library/PrivateFrameworks/SystemPolicy.framework/Versions/A/SystemPolicy
0x0000000192cdd000 	/usr/lib/libSMC.dylib
0x0000000191406000 	/usr/lib/libAudioToolboxUtility.dylib
0x0000000192e4c000 	/usr/lib/libperfcheck.dylib
0x0000000226ead000 	/System/Library/PrivateFrameworks/AudioAnalytics.framework/Versions/A/AudioAnalytics
0x00000001d27f2000 	/System/Library/PrivateFrameworks/FeatureFlags.framework/Versions/A/FeatureFlags
0x00000001cb48c000 	/System/Library/Frameworks/OSLog.framework/Versions/A/OSLog
0x000000018ea7b000 	/usr/lib/libbz2.1.0.dylib
0x00000001a9451000 	/usr/lib/libmis.dylib
0x00000001927b7000 	/System/Library/PrivateFrameworks/AudioSession.framework/libSessionUtility.dylib
0x0000000191558000 	/System/Library/PrivateFrameworks/CMCaptureCore.framework/Versions/A/CMCaptureCore
0x00000001dfef2000 	/System/Library/Frameworks/ExtensionFoundation.framework/Versions/A/ExtensionFoundation
0x00000001989dc000 	/System/Library/PrivateFrameworks/CoreTime.framework/Versions/A/CoreTime
0x000000019078c000 	/System/Library/PrivateFrameworks/PlugInKit.framework/Versions/A/PlugInKit
0x0000000197611000 	/System/Library/PrivateFrameworks/PowerLog.framework/Versions/A/PowerLog
0x0000000197520000 	/System/Library/Frameworks/CoreBluetooth.framework/Versions/A/CoreBluetooth
0x000000019ac59000 	/System/Library/Frameworks/AudioUnit.framework/Versions/A/AudioUnit
0x000000018e113000 	/System/Library/PrivateFrameworks/CoreUtils.framework/Versions/A/CoreUtils
0x000000022daa6000 	/System/Library/PrivateFrameworks/CoreUtilsExtras.framework/Versions/A/CoreUtilsExtras
0x0000000196955000 	/System/Library/Frameworks/MediaAccessibility.framework/Versions/A/MediaAccessibility
0x00000001b18a5000 	/System/Library/PrivateFrameworks/AttributeGraph.framework/Versions/A/AttributeGraph
0x0000000260db0000 	/usr/lib/libAXSafeCategoryBundle.dylib
0x00000001a3698000 	/usr/lib/libAccessibility.dylib
0x000000018df5d000 	/System/Library/Frameworks/Accelerate.framework/Versions/A/Frameworks/vecLib.framework/Versions/A/libvDSP.dylib
0x000000018f228000 	/System/Library/Frameworks/Accelerate.framework/Versions/A/Frameworks/vecLib.framework/Versions/A/libLAPACK.dylib
0x000000018e415000 	/System/Library/Frameworks/Accelerate.framework/Versions/A/Frameworks/vecLib.framework/Versions/A/libLinearAlgebra.dylib
0x000000018f137000 	/System/Library/Frameworks/Accelerate.framework/Versions/A/Frameworks/vecLib.framework/Versions/A/libSparseBLAS.dylib
0x000000018f223000 	/System/Library/Frameworks/Accelerate.framework/Versions/A/Frameworks/vecLib.framework/Versions/A/libQuadrature.dylib
0x000000018d597000 	/System/Library/Frameworks/Accelerate.framework/Versions/A/Frameworks/vecLib.framework/Versions/A/libBNNS.dylib
0x0000000182216000 	/System/Library/Frameworks/Accelerate.framework/Versions/A/Frameworks/vecLib.framework/Versions/A/libSparse.dylib
0x000000023d903000 	/System/Library/PrivateFrameworks/MIL.framework/Versions/A/MIL
0x00000001914ea000 	/System/Library/PrivateFrameworks/GPUWrangler.framework/Versions/A/GPUWrangler
0x00000001914ca000 	/System/Library/PrivateFrameworks/IOPresentment.framework/Versions/A/IOPresentment
0x00000001914f2000 	/System/Library/PrivateFrameworks/DSExternalDisplay.framework/Versions/A/DSExternalDisplay
0x00000001cb899000 	/System/Library/PrivateFrameworks/HIDDisplay.framework/Versions/A/HIDDisplay
0x00000001a23ac000 	/System/Library/PrivateFrameworks/HID.framework/Versions/A/HID
0x000000025740e000 	/System/Library/PrivateFrameworks/VideoToolboxParavirtualizationSupport.framework/Versions/A/VideoToolboxParavirtualizationSupport
0x0000000190845000 	/System/Library/PrivateFrameworks/AppleVA.framework/Versions/A/AppleVA
0x000000019852b000 	/System/Library/PrivateFrameworks/GraphicsServices.framework/Versions/A/GraphicsServices
0x0000000193034000 	/System/Library/PrivateFrameworks/CorePhoneNumbers.framework/Versions/A/CorePhoneNumbers
0x0000000197701000 	/System/Library/PrivateFrameworks/MediaKit.framework/Versions/A/MediaKit
0x000000019764c000 	/System/Library/Frameworks/DiscRecording.framework/Versions/A/DiscRecording
0x0000000192e1e000 	/System/Library/PrivateFrameworks/NetAuth.framework/Versions/A/NetAuth
0x000000018a882000 	/System/Library/PrivateFrameworks/login.framework/Versions/A/Frameworks/loginsupport.framework/Versions/A/loginsupport
0x00000001908b5000 	/System/Library/PrivateFrameworks/IconFoundation.framework/Versions/A/IconFoundation
0x0000000190624000 	/usr/lib/libIOReport.dylib
0x0000000226ac8000 	/System/Library/PrivateFrameworks/AppleMobileFileIntegrity.framework/Versions/A/AppleMobileFileIntegrity
0x0000000261156000 	/usr/lib/libTLE.dylib
0x00000001db1fd000 	/System/Library/PrivateFrameworks/ConfigProfileHelper.framework/Versions/A/ConfigProfileHelper
0x000000018e3b1000 	/usr/lib/libmecab.dylib
0x000000018230b000 	/usr/lib/libCRFSuite.dylib
0x000000018d470000 	/System/Library/PrivateFrameworks/CoreNLP.framework/Versions/A/CoreNLP
0x000000018e412000 	/usr/lib/libgermantok.dylib
0x000000018f0ed000 	/usr/lib/libThaiTokenizer.dylib
0x000000018e37b000 	/usr/lib/libCheckFix.dylib
0x0000000189b19000 	/System/Library/PrivateFrameworks/MetadataUtilities.framework/Versions/A/MetadataUtilities
0x00000002397ca000 	/System/Library/PrivateFrameworks/InstalledContentLibrary.framework/Versions/A/InstalledContentLibrary
0x0000000184e52000 	/System/Library/PrivateFrameworks/CoreServicesStore.framework/Versions/A/CoreServicesStore
0x00000001bab6c000 	/System/Library/PrivateFrameworks/MobileSystemServices.framework/Versions/A/MobileSystemServices
0x00000001904e2000 	/usr/lib/libxslt.1.dylib
0x000000018e33d000 	/System/Library/PrivateFrameworks/BackgroundTaskManagement.framework/Versions/A/BackgroundTaskManagement
0x000000019a405000 	/usr/lib/libcurl.4.dylib
0x000000026138f000 	/usr/lib/libcrypto.46.dylib
0x00000002618dc000 	/usr/lib/libssl.48.dylib
0x000000019a0d9000 	/System/Library/Frameworks/LDAP.framework/Versions/A/LDAP
0x000000019a115000 	/System/Library/PrivateFrameworks/TrustEvaluationAgent.framework/Versions/A/TrustEvaluationAgent
0x0000000192ae0000 	/usr/lib/libsasl2.2.dylib
0x00000001a6c59000 	/usr/lib/swift/libswiftCoreGraphics.dylib
0x0000000196f8f000 	/usr/lib/swift/libswiftFoundation.dylib
0x00000001dacb4000 	/usr/lib/swift/libswiftSwiftOnoneSupport.dylib
0x00000001c7f62000 	/System/Library/PrivateFrameworks/CoreMaterial.framework/Versions/A/CoreMaterial
0x00000002483ee000 	/System/Library/PrivateFrameworks/SFSymbols.framework/Versions/A/SFSymbols
0x0000000196255000 	/System/Library/PrivateFrameworks/SpeechRecognitionCore.framework/Versions/A/SpeechRecognitionCore
0x00000001019c8000 	/opt/homebrew/Cellar/openjdk@11/11.0.25/libexec/openjdk.jdk/Contents/Home/lib/server/libjvm.dylib
0x0000000100a7c000 	/opt/homebrew/Cellar/openjdk@11/11.0.25/libexec/openjdk.jdk/Contents/Home/lib/libverify.dylib
0x0000000100acc000 	/opt/homebrew/Cellar/openjdk@11/11.0.25/libexec/openjdk.jdk/Contents/Home/lib/libjava.dylib
0x0000000100a94000 	/opt/homebrew/Cellar/openjdk@11/11.0.25/libexec/openjdk.jdk/Contents/Home/lib/libjimage.dylib
0x0000000100b04000 	/opt/homebrew/Cellar/openjdk@11/11.0.25/libexec/openjdk.jdk/Contents/Home/lib/libinstrument.dylib
0x0000000100b78000 	/opt/homebrew/Cellar/openjdk@11/11.0.25/libexec/openjdk.jdk/Contents/Home/lib/libzip.dylib
0x0000000129ea0000 	/opt/homebrew/Cellar/openjdk@11/11.0.25/libexec/openjdk.jdk/Contents/Home/lib/libnio.dylib
0x000000012c764000 	/opt/homebrew/Cellar/openjdk@11/11.0.25/libexec/openjdk.jdk/Contents/Home/lib/libnet.dylib
0x0000000129e80000 	/opt/homebrew/Cellar/openjdk@11/11.0.25/libexec/openjdk.jdk/Contents/Home/lib/libmanagement.dylib
0x0000000129ec0000 	/opt/homebrew/Cellar/openjdk@11/11.0.25/libexec/openjdk.jdk/Contents/Home/lib/libmanagement_ext.dylib
0x0000000129ed4000 	/opt/homebrew/Cellar/openjdk@11/11.0.25/libexec/openjdk.jdk/Contents/Home/lib/libextnet.dylib


VM Arguments:
jvm_args: -javaagent:/Users/zch/software/skywalking-agent/skywalking-agent.jar -Dskywalking.agent.service_name=anynote-notify -Dskywalking.collector.backend_service=127.0.0.1:11800 -XX:TieredStopAtLevel=1 -Xverify:none -Dspring.output.ansi.enabled=always -Dcom.sun.management.jmxremote -Dspring.jmx.enabled=true -Dspring.liveBeansView.mbeanDomain -Dspring.application.admin.enabled=true -Dmanagement.endpoints.jmx.exposure.include=* -javaagent:/Applications/IntelliJ IDEA.app/Contents/lib/idea_rt.jar=51944:/Applications/IntelliJ IDEA.app/Contents/bin -Dfile.encoding=UTF-8 
java_command: com.anynote.notify.AnyNoteNotifyApplication
java_class_path (initial): /Users/zch/code/anynote/Anynote-Cloud/anynote-modules/anynote-modules-notify/target/classes:/Users/zch/.m2/repository/net/logstash/logback/logstash-logback-encoder/6.6/logstash-logback-encoder-6.6.jar:/Users/zch/.m2/repository/com/fasterxml/jackson/core/jackson-databind/2.13.4.2/jackson-databind-2.13.4.2.jar:/Users/zch/.m2/repository/com/fasterxml/jackson/core/jackson-annotations/2.13.4/jackson-annotations-2.13.4.jar:/Users/zch/.m2/repository/com/fasterxml/jackson/core/jackson-core/2.13.4/jackson-core-2.13.4.jar:/Users/zch/.m2/repository/com/alibaba/cloud/spring-cloud-starter-alibaba-nacos-discovery/2021.0.4.0/spring-cloud-starter-alibaba-nacos-discovery-2021.0.4.0.jar:/Users/zch/.m2/repository/com/alibaba/cloud/spring-cloud-alibaba-commons/2021.0.4.0/spring-cloud-alibaba-commons-2021.0.4.0.jar:/Users/zch/.m2/repository/com/alibaba/nacos/nacos-client/2.0.4/nacos-client-2.0.4.jar:/Users/zch/.m2/repository/org/apache/httpcomponents/httpasyncclient/4.1.5/httpasyncclient-4.1.5.jar:/Users/zch/.m2/repository/org/apache/httpcomponents/httpcore/4.4.16/httpcore-4.4.16.jar:/Users/zch/.m2/repository/org/apache/httpcomponents/httpcore-nio/4.4.16/httpcore-nio-4.4.16.jar:/Users/zch/.m2/repository/org/apache/httpcomponents/httpclient/4.5.14/httpclient-4.5.14.jar:/Users/zch/.m2/repository/org/reflections/reflections/0.9.11/reflections-0.9.11.jar:/Users/zch/.m2/repository/com/google/guava/guava/20.0/guava-20.0.jar:/Users/zch/.m2/repository/org/javassist/javassist/3.21.0-GA/javassist-3.21.0-GA.jar:/Users/zch/.m2/repository/io/prometheus/simpleclient/0.15.0/simpleclient-0.15.0.jar:/Users/zch/.m2/repository/io/prometheus/simpleclient_tracer_otel/0.15.0/simpleclient_tracer_otel-0.15.0.jar:/Users/zch/.m2/repository/io/prometheus/simpleclient_tracer_common/0.15.0/simpleclient_tracer_common-0.15.0.jar:/Users/zch/.m2/repository/io/prometheus/simpleclient_tracer_otel_agent/0.15.0/simpleclient_tracer_otel_agent-0.15.0.jar:/Users/zch/.m2/repository/org/yaml/snakeya
Launcher Type: SUN_STANDARD

[Global flags]
     bool BytecodeVerificationLocal                = false                                     {product} {command line}
     bool BytecodeVerificationRemote               = false                                     {product} {command line}
     intx CICompilerCount                          = 4                                         {product} {ergonomic}
     uint ConcGCThreads                            = 2                                         {product} {ergonomic}
     uint G1ConcRefinementThreads                  = 8                                         {product} {ergonomic}
   size_t G1HeapRegionSize                         = 1048576                                   {product} {ergonomic}
    uintx GCDrainStackTargetSize                   = 64                                        {product} {ergonomic}
   size_t InitialHeapSize                          = 402653184                                 {product} {ergonomic}
     bool ManagementServer                         = true                                      {product} {command line}
   size_t MarkStackSize                            = 4194304                                   {product} {ergonomic}
   size_t MaxHeapSize                              = 6442450944                                {product} {ergonomic}
   size_t MaxNewSize                               = 3865051136                                {product} {ergonomic}
   size_t MinHeapDeltaBytes                        = 1048576                                   {product} {ergonomic}
    uintx NonNMethodCodeHeapSize                   = 7549744                                {pd product} {ergonomic}
    uintx NonProfiledCodeHeapSize                  = 244108496                              {pd product} {ergonomic}
    uintx ProfiledCodeHeapSize                     = 0                                      {pd product} {ergonomic}
    uintx ReservedCodeCacheSize                    = 251658240                              {pd product} {ergonomic}
     bool SegmentedCodeCache                       = true                                      {product} {ergonomic}
     intx TieredStopAtLevel                        = 1                                         {product} {command line}
     bool UseCompressedClassPointers               = true                                 {lp64_product} {ergonomic}
     bool UseCompressedOops                        = true                                 {lp64_product} {ergonomic}
     bool UseG1GC                                  = true                                      {product} {ergonomic}

Logging:
Log output configuration:
 #0: stdout all=warning uptime,level,tags
 #1: stderr all=off uptime,level,tags

Environment Variables:
PATH=/Users/zch/.nvm/versions/node/v18.20.4/bin:/Users/zch/miniconda3/bin:/Users/zch/miniconda3/condabin:/Users/zch/software/apache-maven-3.9.9/bin:/opt/homebrew/bin:/opt/homebrew/sbin:/usr/local/bin:/System/Cryptexes/App/usr/bin:/usr/bin:/bin:/usr/sbin:/sbin:/var/run/com.apple.security.cryptexd/codex.system/bootstrap/usr/local/bin:/var/run/com.apple.security.cryptexd/codex.system/bootstrap/usr/bin:/var/run/com.apple.security.cryptexd/codex.system/bootstrap/usr/appleinternal/bin:/Library/Apple/usr/bin:/Users/zch/.cargo/bin:/Users/zch/.lmstudio/bin
SHELL=/bin/zsh
LC_CTYPE=zh_CN.UTF-8
TMPDIR=/var/folders/3k/c0jh496n44v4f8t5jhnw4c900000gn/T/

Signal Handlers:
SIGSEGV: [libjvm.dylib+0x701dd0], sa_mask[0]=11111111011111110111111111111111, sa_flags=SA_ONSTACK|SA_RESTART|SA_SIGINFO
SIGBUS: [libjvm.dylib+0x701dd0], sa_mask[0]=11111111011111110111111111111111, sa_flags=SA_RESTART|SA_SIGINFO
SIGFPE: [libjvm.dylib+0x701dd0], sa_mask[0]=11111111011111110111111111111111, sa_flags=SA_RESTART|SA_SIGINFO
SIGPIPE: [libjvm.dylib+0x56a09c], sa_mask[0]=11111111011111110111111111111111, sa_flags=SA_RESTART|SA_SIGINFO
SIGXFSZ: [libjvm.dylib+0x56a09c], sa_mask[0]=11111111011111110111111111111111, sa_flags=SA_RESTART|SA_SIGINFO
SIGILL: [libjvm.dylib+0x701dd0], sa_mask[0]=11111111011111110111111111111111, sa_flags=SA_RESTART|SA_SIGINFO
SIGUSR2: [libjvm.dylib+0x56a698], sa_mask[0]=00000000000000000000000000000000, sa_flags=SA_RESTART|SA_SIGINFO
SIGHUP: [libjvm.dylib+0x568e30], sa_mask[0]=11111111011111110111111111111111, sa_flags=SA_RESTART|SA_SIGINFO
SIGINT: [libjvm.dylib+0x568e30], sa_mask[0]=11111111011111110111111111111111, sa_flags=SA_RESTART|SA_SIGINFO
SIGTERM: [libjvm.dylib+0x568e30], sa_mask[0]=11111111011111110111111111111111, sa_flags=SA_RESTART|SA_SIGINFO
SIGQUIT: [libjvm.dylib+0x568e30], sa_mask[0]=11111111011111110111111111111111, sa_flags=SA_RESTART|SA_SIGINFO


---------------  S Y S T E M  ---------------

OS:uname:Darwin 24.3.0 Darwin Kernel Version 24.3.0: Thu Jan  2 20:24:23 PST 2025; root:xnu-11215.81.4~3/RELEASE_ARM64_T8122 arm64
OS uptime: 2 days 8:02 hours
rlimit (soft/hard): STACK 8176k/65520k , CORE 0k/infinity , NPROC 4000/6000 , NOFILE 10240/infinity , AS infinity/infinity , CPU infinity/infinity , DATA infinity/infinity , FSIZE infinity/infinity , MEMLOCK infinity/infinity , RSS infinity/infinity
load average:17.13 6.78 4.83

CPU:total 8 (initial active 8) 0x61:0x0:0xfa33415e:0, simd, crc, lse

Memory: 16k page, physical 25165824k(105440k free), swap 11534336k(399808k free)

vm_info: OpenJDK 64-Bit Server VM (11.0.25+0) for bsd-aarch64 JRE (11.0.25+0), built on Oct 15 2024 22:10:31 by "brew" with clang Homebrew Clang 19.1.1

END.
