#
# A fatal error has been detected by the Java Runtime Environment:
#
#  SIGSEGV (0xb) at pc=0x000000010142511c, pid=63948, tid=50183
#
# JRE version: OpenJDK Runtime Environment Homebrew (11.0.25) (build 11.0.25+0)
# Java VM: OpenJDK 64-Bit Server VM Homebrew (11.0.25+0, mixed mode, tiered, compressed oops, g1 gc, bsd-aarch64)
# Problematic frame:
# V  [libjvm.dylib+0x69511c]  ObjectSynchronizer::inflate(Thread*, oopDesc*, ObjectSynchronizer::InflateCause)+0x18c
#
# No core dump will be written. Core dumps have been disabled. To enable core dumping, try "ulimit -c unlimited" before starting Java again
#
# If you would like to submit a bug report, please visit:
#   https://github.com/Homebrew/homebrew-core/issues
#

---------------  S U M M A R Y ------------

Command Line: -ea -Didea.test.cyclic.buffer.size=1048576 -javaagent:/Applications/IntelliJ IDEA.app/Contents/lib/idea_rt.jar=60575:/Applications/IntelliJ IDEA.app/Contents/bin -Dfile.encoding=UTF-8 com.intellij.rt.junit.JUnitStarter -ideVersion5 -junit5 com.anynote.system.test.SysApiStatisics,test

Host: Mac15,12 arm64 1 MHz, 8 cores, 24G, Darwin 24.4.0
Time: Mon Apr 21 16:30:45 2025 CST elapsed time: 1.606506 seconds (0d 0h 0m 1s)

---------------  T H R E A D  ---------------

Current thread (0x000000012416a800):  JavaThread "Thread-13" [_thread_in_Java, id=50183, stack(0x000000017720c000,0x000000017740f000)]

Stack: [0x000000017720c000,0x000000017740f000],  sp=0x000000017740d910,  free space=2054k
Native frames: (J=compiled Java code, A=aot compiled Java code, j=interpreted, Vv=VM code, C=native code)
V  [libjvm.dylib+0x69511c]  ObjectSynchronizer::inflate(Thread*, oopDesc*, ObjectSynchronizer::InflateCause)+0x18c
V  [libjvm.dylib+0x694f70]  ObjectSynchronizer::fast_exit(oopDesc*, BasicLock*, Thread*)+0x54
V  [libjvm.dylib+0x5e9130]  SharedRuntime::monitor_exit_helper(oopDesc*, BasicLock*, JavaThread*, bool)+0x44
V  [libjvm.dylib+0x5e91a8]  SharedRuntime::complete_monitor_unlocking_C(oopDesc*, BasicLock*, JavaThread*)+0x54


siginfo: si_signo: 11 (SIGSEGV), si_code: 2 (SEGV_ACCERR), si_addr: 0x0000000000000000

Register to memory mapping:

 x0=0x0 is NULL
 x1=0x000000064061c7b8 is an oop: java.util.jar.JarFile 
{0x000000064061c7b8} - klass: 'java/util/jar/JarFile'
 - ---- fields (total size 8 words):
 - private 'lastEntryPos' 'I' @12  55 (37)
 - private volatile 'closeRequested' 'Z' @16  false
 - private final 'name' 'Ljava/lang/String;' @20  "/Users/zch/.m2/repository/org/jetbrains/kotlin/kotlin-stdlib-jdk8/1.6.21/kotlin-stdlib-jdk8-1.6.21.jar"{0x000000064019aee8} (c80335dd)
 - private final synchronized 'zc' 'Ljava/util/zip/ZipCoder;' @24  a 'java/util/zip/ZipCoder$UTF8'{0x0000000640152ea0} (c802a5d4)
 - private final synchronized 'res' 'Ljava/util/zip/ZipFile$CleanableResource;' @28  a 'java/util/zip/ZipFile$CleanableResource'{0x000000064061c7f8} (c80c38ff)
 - private 'lastEntryName' 'Ljava/lang/String;' @32  "META-INF/MANIFEST.MF"{0x0000000640116350} (c8022c6a)
 - private final 'versionFeature' 'I' @36  11 (b)
 - private 'jvInitialized' 'Z' @40  false
 - private 'verify' 'Z' @41  true
 - private 'isMultiRelease' 'Z' @42  true
 - private 'hasClassPathAttribute' 'Z' @43  false
 - private volatile 'hasCheckedSpecialAttributes' 'Z' @44  true
 - private strict 'manRef' 'Ljava/lang/ref/SoftReference;' @48  
[error occurred during error reporting (printing register info), id 0xb, SIGSEGV (0xb) at pc=0x00000001012e9918]

Registers:
 x0=0x0000000000000000  x1=0x000000064061c7b8  x2=0x0000000000000000  x3=0x0000000000000001
 x4=0x00000000ffffffff  x5=0x2f6f692f31312f73  x6=0x0000000000000000  x7=0x6c676e61672f7265
 x8=0x0000000000000000  x9=0x0000000000001889 x10=0x0000000000000000 x11=0x0000000000000001
x12=0x000000017740dae0 x13=0x000000064061c7b8 x14=0x000000064061cbec x15=0x000000009b2d2401
x16=0x0000000000000020 x17=0x0000600000f9eeb0 x18=0x0000000000000000 x19=0x0000000000000000
x20=0x000000064061c7b8 x21=0x00000001324d98c0 x22=0x000000012416a800 x23=0x0000000000000000
x24=0x000000010161ba84 x25=0x0000000000000000 x26=0x000000065048c000 x27=0x0000000000000000
x28=0x000000012416a800  fp=0x000000017740d9c0  lr=0x0000000101425118  sp=0x000000017740d910
pc=0x000000010142511c cpsr=0x0000000060001000
Top of Stack: (sp=0x000000017740d910)
0x000000017740d910:   000000012416a800 0000000000000000
0x000000017740d920:   00000006515a0a70 00000000fffffffe
0x000000017740d930:   000000017740d970 000000010113a650
0x000000017740d940:   000000017740d960 000000010137b014
0x000000017740d950:   0000000000000000 0000000000000000
0x000000017740d960:   000000017740d900 0000000101113d50
0x000000017740d970:   000000017740d990 000000012416a800
0x000000017740d980:   000000065048c000 000000065048c058
0x000000017740d990:   000000064061c9b0 0000000000000046
0x000000017740d9a0:   000000012416a800 0000000000000001
0x000000017740d9b0:   000000064061c7b8 000000012416a800
0x000000017740d9c0:   000000017740d9e0 0000000101424f70
0x000000017740d9d0:   000000064061c7b8 000000017740dae0
0x000000017740d9e0:   000000017740da20 0000000101379130
0x000000017740d9f0:   000000012416a800 000000012416a800
0x000000017740da00:   000000012416a800 0000000000000001
0x000000017740da10:   000000064061c7b8 000000017740dae0
0x000000017740da20:   000000017740da50 00000001013791a8
0x000000017740da30:   0000000000000000 0000000000000046
0x000000017740da40:   000000009b2d2401 0000000000000046
0x000000017740da50:   0000000000000007 0000000111c77b40
0x000000017740da60:   0000000000000000 0000000111c77b40
0x000000017740da70:   000000064061c7b8 00000045579619ee
0x000000017740da80:   0000000000000045 0000000600000046
0x000000017740da90:   0000000131e8b1a0 000000065048bff0
0x000000017740daa0:   000000064069e538 000000065048bfd8
0x000000017740dab0:   00000006515a0a70 00000006515a0a60
0x000000017740dac0:   00000000c810569e 0000000111c8a694
0x000000017740dad0:   000000454082b4f0 0000000000000000
0x000000017740dae0:   0000000000000001 0000000000000000
0x000000017740daf0:   000000000000000b 0000000111ce9e08
0x000000017740db00:   000000064061c7b8 0000000650483598 

Instructions: (pc=0x000000010142511c)
0x000000010142501c:   1f 30 00 f9 1f 44 00 f9 1f 28 00 f9 79 03 00 b4
0x000000010142502c:   b7 02 00 f9 bf 22 00 f9 bf 2a 00 f9 b4 06 00 f9
0x000000010142503c:   bf 2a 00 f9 bf 3a 00 f9 08 03 40 b9 a8 7e 00 b9
0x000000010142504c:   a9 02 7f b2 bf 3b 03 d5 e8 03 17 aa 89 7e a8 c8
0x000000010142505c:   bf 3b 03 d5 1f 01 17 eb 60 08 00 54 ff 02 08 eb
0x000000010142506c:   20 08 00 54 bf 06 00 f9 bf 22 00 f9 bf 2a 00 f9
0x000000010142507c:   bf 36 00 f9 bf 2e 00 f9 bf 32 00 f9 bf 46 00 f9
0x000000010142508c:   bf 2a 00 f9 0d 00 00 14 bf 3a 00 f9 bf 2a 00 f9
0x000000010142509c:   08 03 40 b9 a8 7e 00 b9 bf 3b 03 d5 e8 03 17 aa
0x00000001014250ac:   9f 7e a8 c8 bf 3b 03 d5 1f 01 17 eb c0 02 00 54
0x00000001014250bc:   ff 02 08 eb 80 02 00 54 e0 03 16 aa e1 03 15 aa
0x00000001014250cc:   22 00 80 52 9c 05 00 94 97 02 40 f9 e0 03 17 aa
0x00000001014250dc:   81 b9 ed 97 e0 f8 0f 36 e0 03 17 aa 7e b9 ed 97
0x00000001014250ec:   15 00 7f d2 e0 03 15 aa fd 7b 4b a9 f4 4f 4a a9
0x00000001014250fc:   f6 57 49 a9 f8 5f 48 a9 fa 67 47 a9 ff 03 03 91
0x000000010142510c:   c0 03 5f d6 e0 03 17 aa 73 b9 ed 97 08 f8 7e 92
0x000000010142511c:   08 01 40 f9 a8 02 00 f9 e0 03 17 aa 6e b9 ed 97
0x000000010142512c:   a0 22 00 f9 bf 2a 00 f9 b4 06 00 f9 88 02 40 f9
0x000000010142513c:   48 01 00 b4 e0 07 00 90 00 7c 3c 91 e2 07 00 b0
0x000000010142514c:   42 10 02 91 03 05 00 90 63 e0 08 91 01 bd 80 52
0x000000010142515c:   ce 9d ed 97 28 49 fb 97 a8 02 7f b2 bf 3b 03 d5
0x000000010142516c:   88 02 00 f9 08 11 00 d0 08 41 0b 91 08 01 40 f9
0x000000010142517c:   48 01 00 b4 09 11 00 d0 29 e1 2b 91 29 01 40 39
0x000000010142518c:   3f 05 00 71 a1 00 00 54 08 15 40 f9 09 01 40 f9
0x000000010142519c:   29 05 00 91 09 01 00 f9 c8 0f 00 f0 08 e5 43 f9
0x00000001014251ac:   28 06 00 b4 c8 10 00 d0 08 e5 37 91 08 01 40 39
0x00000001014251bc:   1f 05 00 71 21 01 00 54 89 0a 40 b9 ca 0f 00 f0
0x00000001014251cc:   4a 61 2b 91 4b 09 40 b9 4a 01 40 f9 2b 21 cb 9a
0x00000001014251dc:   6a 01 0a 8b 03 00 00 14 8a 06 40 f9 e9 03 0a aa
0x00000001014251ec:   4a 09 40 b9 5f 05 00 71 eb 03 00 54 80 10 00 d0
0x00000001014251fc:   00 80 27 91 0a 00 40 f9 40 01 3f d6 0a 00 40 f9
0x000000010142520c:   4a 3d 41 f9 ea 0f 00 f9 40 05 c0 3d e0 03 82 3c 


Stack slot to memory mapping:
stack at sp + 0 slots: 0x000000012416a800 is a thread
stack at sp + 1 slots: 0x0 is NULL
stack at sp + 2 slots: 0x00000006515a0a70 is an oop: java.util.concurrent.ConcurrentHashMap$Node 
{0x00000006515a0a70} - klass: 'java/util/concurrent/ConcurrentHashMap$Node'
 - ---- fields (total size 4 words):
 - final 'hash' 'I' @12  1029735187 (3d608313)
 - final strict 'key' 'Ljava/lang/Object;' @16  "io.micrometer.ganglia.GangliaMeterRegistry"{0x00000006515a0940} (ca2b4128)
 - volatile strict 'val' 'Ljava/lang/Object;' @20  a 'java/lang/Object'{0x00000006515a0a60} (ca2b414c)
 - volatile strict 'next' 'Ljava/util/concurrent/ConcurrentHashMap$Node;' @24  
[error occurred during error reporting (inspecting top of stack), id 0xb, SIGSEGV (0xb) at pc=0x00000001012e9918]


---------------  P R O C E S S  ---------------

Threads class SMR info:
_java_thread_list=0x0000600000075340, length=42, elements={
0x0000000134809800, 0x0000000133074000, 0x000000011a05a000, 0x0000000132016000,
0x000000011a05d800, 0x000000011a05e800, 0x000000011a05f000, 0x000000011a060000,
0x000000013505c000, 0x000000013507d000, 0x00000001335ea000, 0x000000013568c000,
0x00000001342da800, 0x0000000133641800, 0x00000001341b9000, 0x00000001357eb800,
0x00000001341ca800, 0x000000012209d800, 0x00000001341df800, 0x0000000134219800,
0x00000001336a4800, 0x00000001336c9000, 0x00000001336aa800, 0x0000000133666800,
0x0000000132526800, 0x00000001228ed800, 0x0000000134401000, 0x000000013242d000,
0x000000013265d000, 0x000000013269e800, 0x00000001228d0000, 0x00000001228d0800,
0x00000001357fe800, 0x00000001343d0800, 0x00000001341b2000, 0x00000001228fd000,
0x00000001228ff000, 0x00000001337c0000, 0x0000000133667000, 0x0000000132697000,
0x00000001327a2000, 0x000000012416a800
}

Java Threads: ( => current thread )
  0x0000000134809800 JavaThread "main" [_thread_blocked, id=5123, stack(0x000000016fe54000,0x0000000170057000)]
  0x0000000133074000 JavaThread "Reference Handler" daemon [_thread_blocked, id=20995, stack(0x0000000170ca8000,0x0000000170eab000)]
  0x000000011a05a000 JavaThread "Finalizer" daemon [_thread_blocked, id=20739, stack(0x0000000170eb4000,0x00000001710b7000)]
  0x0000000132016000 JavaThread "Signal Dispatcher" daemon [_thread_blocked, id=21763, stack(0x00000001711d8000,0x00000001713db000)]
  0x000000011a05d800 JavaThread "Service Thread" daemon [_thread_blocked, id=22275, stack(0x00000001713e4000,0x00000001715e7000)]
  0x000000011a05e800 JavaThread "C2 CompilerThread0" daemon [_thread_in_native, id=32003, stack(0x00000001715f0000,0x00000001717f3000)]
  0x000000011a05f000 JavaThread "C1 CompilerThread0" daemon [_thread_blocked, id=31235, stack(0x00000001717fc000,0x00000001719ff000)]
  0x000000011a060000 JavaThread "Sweeper thread" daemon [_thread_blocked, id=30723, stack(0x0000000171a08000,0x0000000171c0b000)]
  0x000000013505c000 JavaThread "Common-Cleaner" daemon [_thread_blocked, id=23299, stack(0x0000000171c14000,0x0000000171e17000)]
  0x000000013507d000 JavaThread "Monitor Ctrl-Break" daemon [_thread_in_native, id=29955, stack(0x0000000171e20000,0x0000000172023000)]
  0x00000001335ea000 JavaThread "logback-2" daemon [_thread_blocked, id=33539, stack(0x00000001738bc000,0x0000000173abf000)]
  0x000000013568c000 JavaThread "logback-3" daemon [_thread_blocked, id=33795, stack(0x0000000173ac8000,0x0000000173ccb000)]
  0x00000001342da800 JavaThread "logback-4" daemon [_thread_blocked, id=41735, stack(0x0000000173cd4000,0x0000000173ed7000)]
  0x0000000133641800 JavaThread "com.alibaba.nacos.client.identify.watcher.0" daemon [_thread_blocked, id=41219, stack(0x0000000173ee0000,0x00000001740e3000)]
  0x00000001341b9000 JavaThread "com.alibaba.nacos.client.Worker" daemon [_thread_blocked, id=34563, stack(0x00000001740ec000,0x00000001742ef000)]
  0x00000001357eb800 JavaThread "logback-5" daemon [_thread_blocked, id=27655, stack(0x0000000173298000,0x000000017349b000)]
  0x00000001341ca800 JavaThread "logback-appender-Logstash-localhost:5046-2" daemon [_thread_blocked, id=27399, stack(0x00000001734a4000,0x00000001736a7000)]
  0x000000012209d800 JavaThread "logback-appender-Logstash-localhost:5046-4" daemon [_thread_in_native, id=33031, stack(0x00000001736b0000,0x00000001738b3000)]
  0x00000001341df800 JavaThread "logback-6" daemon [_thread_blocked, id=40199, stack(0x00000001742f8000,0x00000001744fb000)]
  0x0000000134219800 JavaThread "logback-7" daemon [_thread_blocked, id=35075, stack(0x0000000174504000,0x0000000174707000)]
  0x00000001336a4800 JavaThread "nacos.publisher-com.alibaba.nacos.common.notify.SlowEvent" daemon [_thread_blocked, id=39427, stack(0x0000000174710000,0x0000000174913000)]
  0x00000001336c9000 JavaThread "com.alibaba.nacos.client.remote.worker" daemon [_thread_blocked, id=36099, stack(0x000000017491c000,0x0000000174b1f000)]
  0x00000001336aa800 JavaThread "com.alibaba.nacos.client.remote.worker" daemon [_thread_blocked, id=39171, stack(0x0000000174b28000,0x0000000174d2b000)]
  0x0000000133666800 JavaThread "grpc-nio-worker-ELG-1-1" daemon [_thread_in_native, id=38659, stack(0x0000000174d34000,0x0000000174f37000)]
  0x0000000132526800 JavaThread "grpc-default-executor-0" daemon [_thread_blocked, id=37379, stack(0x0000000174f40000,0x0000000175143000)]
  0x00000001228ed800 JavaThread "grpc-nio-worker-ELG-1-2" daemon [_thread_in_native, id=38147, stack(0x000000017514c000,0x000000017534f000)]
  0x0000000134401000 JavaThread "nacos-grpc-client-executor-0" daemon [_thread_blocked, id=65283, stack(0x0000000175358000,0x000000017555b000)]
  0x000000013242d000 JavaThread "nacos-grpc-client-executor-1" daemon [_thread_blocked, id=65027, stack(0x0000000175564000,0x0000000175767000)]
  0x000000013265d000 JavaThread "nacos-grpc-client-executor-2" daemon [_thread_blocked, id=64515, stack(0x0000000175770000,0x0000000175973000)]
  0x000000013269e800 JavaThread "nacos-grpc-client-executor-3" daemon [_thread_blocked, id=64259, stack(0x000000017597c000,0x0000000175b7f000)]
  0x00000001228d0000 JavaThread "nacos-grpc-client-executor-4" daemon [_thread_blocked, id=45571, stack(0x0000000175b88000,0x0000000175d8b000)]
  0x00000001228d0800 JavaThread "nacos-grpc-client-executor-5" daemon [_thread_blocked, id=46083, stack(0x0000000175d94000,0x0000000175f97000)]
  0x00000001357fe800 JavaThread "nacos-grpc-client-executor-6" daemon [_thread_blocked, id=46339, stack(0x0000000175fa0000,0x00000001761a3000)]
  0x00000001343d0800 JavaThread "nacos-grpc-client-executor-7" daemon [_thread_blocked, id=46851, stack(0x00000001761ac000,0x00000001763af000)]
  0x00000001341b2000 JavaThread "nacos-grpc-client-executor-8" daemon [_thread_blocked, id=47363, stack(0x00000001763b8000,0x00000001765bb000)]
  0x00000001228fd000 JavaThread "nacos-grpc-client-executor-9" daemon [_thread_blocked, id=47875, stack(0x00000001765c4000,0x00000001767c7000)]
  0x00000001228ff000 JavaThread "nacos-grpc-client-executor-10" daemon [_thread_blocked, id=62211, stack(0x00000001767d0000,0x00000001769d3000)]
  0x00000001337c0000 JavaThread "nacos-grpc-client-executor-11" daemon [_thread_blocked, id=48643, stack(0x00000001769dc000,0x0000000176bdf000)]
  0x0000000133667000 JavaThread "nacos-grpc-client-executor-12" daemon [_thread_blocked, id=60931, stack(0x0000000176be8000,0x0000000176deb000)]
  0x0000000132697000 JavaThread "nacos-grpc-client-executor-13" daemon [_thread_blocked, id=60163, stack(0x0000000176df4000,0x0000000176ff7000)]
  0x00000001327a2000 JavaThread "nacos-grpc-client-executor-14" daemon [_thread_blocked, id=49155, stack(0x0000000177000000,0x0000000177203000)]
=>0x000000012416a800 JavaThread "Thread-13" [_thread_in_Java, id=50183, stack(0x000000017720c000,0x000000017740f000)]

Other Threads:
  0x0000000133073800 VMThread "VM Thread" [stack: 0x0000000170a9c000,0x0000000170c9f000] [id=21507]
  0x0000000133834800 WatcherThread [stack: 0x000000017202c000,0x000000017222f000] [id=29699]
  0x000000013401e000 GCTaskThread "GC Thread#0" [stack: 0x0000000170060000,0x0000000170263000] [id=12035]
  0x0000000122078000 GCTaskThread "GC Thread#1" [stack: 0x0000000172238000,0x000000017243b000] [id=24323]
  0x00000001334b3000 GCTaskThread "GC Thread#2" [stack: 0x0000000172444000,0x0000000172647000] [id=29443]
  0x0000000133320800 GCTaskThread "GC Thread#3" [stack: 0x0000000172650000,0x0000000172853000] [id=29187]
  0x00000001330f5000 GCTaskThread "GC Thread#4" [stack: 0x000000017285c000,0x0000000172a5f000] [id=25347]
  0x00000001334e4000 GCTaskThread "GC Thread#5" [stack: 0x0000000172a68000,0x0000000172c6b000] [id=28931]
  0x00000001334e9800 GCTaskThread "GC Thread#6" [stack: 0x0000000172c74000,0x0000000172e77000] [id=28419]
  0x00000001334ea000 GCTaskThread "GC Thread#7" [stack: 0x0000000172e80000,0x0000000173083000] [id=28163]
  0x000000011a01e000 ConcurrentGCThread "G1 Main Marker" [stack: 0x000000017026c000,0x000000017046f000] [id=15619]
  0x000000011a01f000 ConcurrentGCThread "G1 Conc#0" [stack: 0x0000000170478000,0x000000017067b000] [id=13059]
  0x00000001334fa000 ConcurrentGCThread "G1 Conc#1" [stack: 0x000000017308c000,0x000000017328f000] [id=26631]
  0x0000000122074000 ConcurrentGCThread "G1 Refine#0" [stack: 0x0000000170684000,0x0000000170887000] [id=15107]
  0x000000011a050000 ConcurrentGCThread "G1 Young RemSet Sampling" [stack: 0x0000000170890000,0x0000000170a93000] [id=14595]

Threads with active compile tasks:
C2 CompilerThread0     1611 4133       4       java.util.Properties::loadConvert (524 bytes)

VM state:not at safepoint (normal execution)

VM Mutex/Monitor currently owned by a thread: None

Heap address: 0x0000000640000000, size: 6144 MB, Compressed Oops mode: Zero based, Oop shift amount: 3
Narrow klass base: 0x0000000800000000, Narrow klass shift: 0
Compressed class space size: 1073741824 Address: 0x0000000800000000

Heap:
 garbage-first heap   total 472064K, used 215129K [0x0000000640000000, 0x00000007c0000000)
  region size 1024K, 201 young (205824K), 8 survivors (8192K)
 Metaspace       used 50295K, capacity 51401K, committed 51760K, reserved 1093632K
  class space    used 6210K, capacity 6665K, committed 6784K, reserved 1048576K
Heap Regions: E=young(eden), S=young(survivor), O=old, HS=humongous(starts), HC=humongous(continues), CS=collection set, F=free, A=archive, TAMS=top-at-mark-start (previous, next)
|   0|0x0000000640000000, 0x0000000640100000, 0x0000000640100000|100%|HS|  |TAMS 0x0000000640100000, 0x0000000640000000| Complete 
|   1|0x0000000640100000, 0x0000000640200000, 0x0000000640200000|100%| O|  |TAMS 0x0000000640200000, 0x0000000640100000| Untracked 
|   2|0x0000000640200000, 0x0000000640300000, 0x0000000640300000|100%| O|  |TAMS 0x0000000640300000, 0x0000000640200000| Untracked 
|   3|0x0000000640300000, 0x0000000640400000, 0x0000000640400000|100%| O|  |TAMS 0x0000000640400000, 0x0000000640300000| Untracked 
|   4|0x0000000640400000, 0x0000000640500000, 0x0000000640500000|100%| O|  |TAMS 0x0000000640500000, 0x0000000640400000| Untracked 
|   5|0x0000000640500000, 0x0000000640600000, 0x0000000640600000|100%| O|  |TAMS 0x0000000640600000, 0x0000000640500000| Untracked 
|   6|0x0000000640600000, 0x0000000640700000, 0x0000000640700000|100%| O|  |TAMS 0x0000000640700000, 0x0000000640600000| Untracked 
|   7|0x0000000640700000, 0x0000000640800000, 0x0000000640800000|100%| O|  |TAMS 0x0000000640800000, 0x0000000640700000| Untracked 
|   8|0x0000000640800000, 0x0000000640900000, 0x0000000640900000|100%| O|  |TAMS 0x0000000640900000, 0x0000000640800000| Untracked 
|   9|0x0000000640900000, 0x0000000640a00000, 0x0000000640a00000|100%| O|  |TAMS 0x0000000640a00000, 0x0000000640900000| Untracked 
|  10|0x0000000640a00000, 0x0000000640a96600, 0x0000000640b00000| 58%| O|  |TAMS 0x0000000640a96600, 0x0000000640a00000| Untracked 
|  11|0x0000000640b00000, 0x0000000640b00000, 0x0000000640c00000|  0%| F|  |TAMS 0x0000000640b00000, 0x0000000640b00000| Untracked 
|  12|0x0000000640c00000, 0x0000000640c00000, 0x0000000640d00000|  0%| F|  |TAMS 0x0000000640c00000, 0x0000000640c00000| Untracked 
|  13|0x0000000640d00000, 0x0000000640d00000, 0x0000000640e00000|  0%| F|  |TAMS 0x0000000640d00000, 0x0000000640d00000| Untracked 
|  14|0x0000000640e00000, 0x0000000640e00000, 0x0000000640f00000|  0%| F|  |TAMS 0x0000000640e00000, 0x0000000640e00000| Untracked 
|  15|0x0000000640f00000, 0x0000000640f00000, 0x0000000641000000|  0%| F|  |TAMS 0x0000000640f00000, 0x0000000640f00000| Untracked 
|  16|0x0000000641000000, 0x0000000641000000, 0x0000000641100000|  0%| F|  |TAMS 0x0000000641000000, 0x0000000641000000| Untracked 
|  17|0x0000000641100000, 0x0000000641100000, 0x0000000641200000|  0%| F|  |TAMS 0x0000000641100000, 0x0000000641100000| Untracked 
|  18|0x0000000641200000, 0x0000000641200000, 0x0000000641300000|  0%| F|  |TAMS 0x0000000641200000, 0x0000000641200000| Untracked 
|  19|0x0000000641300000, 0x0000000641300000, 0x0000000641400000|  0%| F|  |TAMS 0x0000000641300000, 0x0000000641300000| Untracked 
|  20|0x0000000641400000, 0x0000000641400000, 0x0000000641500000|  0%| F|  |TAMS 0x0000000641400000, 0x0000000641400000| Untracked 
|  21|0x0000000641500000, 0x0000000641500000, 0x0000000641600000|  0%| F|  |TAMS 0x0000000641500000, 0x0000000641500000| Untracked 
|  22|0x0000000641600000, 0x0000000641600000, 0x0000000641700000|  0%| F|  |TAMS 0x0000000641600000, 0x0000000641600000| Untracked 
|  23|0x0000000641700000, 0x0000000641700000, 0x0000000641800000|  0%| F|  |TAMS 0x0000000641700000, 0x0000000641700000| Untracked 
|  24|0x0000000641800000, 0x0000000641800000, 0x0000000641900000|  0%| F|  |TAMS 0x0000000641800000, 0x0000000641800000| Untracked 
|  25|0x0000000641900000, 0x0000000641900000, 0x0000000641a00000|  0%| F|  |TAMS 0x0000000641900000, 0x0000000641900000| Untracked 
|  26|0x0000000641a00000, 0x0000000641a00000, 0x0000000641b00000|  0%| F|  |TAMS 0x0000000641a00000, 0x0000000641a00000| Untracked 
|  27|0x0000000641b00000, 0x0000000641b00000, 0x0000000641c00000|  0%| F|  |TAMS 0x0000000641b00000, 0x0000000641b00000| Untracked 
|  28|0x0000000641c00000, 0x0000000641c00000, 0x0000000641d00000|  0%| F|  |TAMS 0x0000000641c00000, 0x0000000641c00000| Untracked 
|  29|0x0000000641d00000, 0x0000000641d00000, 0x0000000641e00000|  0%| F|  |TAMS 0x0000000641d00000, 0x0000000641d00000| Untracked 
|  30|0x0000000641e00000, 0x0000000641e00000, 0x0000000641f00000|  0%| F|  |TAMS 0x0000000641e00000, 0x0000000641e00000| Untracked 
|  31|0x0000000641f00000, 0x0000000641f00000, 0x0000000642000000|  0%| F|  |TAMS 0x0000000641f00000, 0x0000000641f00000| Untracked 
|  32|0x0000000642000000, 0x0000000642000000, 0x0000000642100000|  0%| F|  |TAMS 0x0000000642000000, 0x0000000642000000| Untracked 
|  33|0x0000000642100000, 0x0000000642100000, 0x0000000642200000|  0%| F|  |TAMS 0x0000000642100000, 0x0000000642100000| Untracked 
|  34|0x0000000642200000, 0x0000000642200000, 0x0000000642300000|  0%| F|  |TAMS 0x0000000642200000, 0x0000000642200000| Untracked 
|  35|0x0000000642300000, 0x0000000642300000, 0x0000000642400000|  0%| F|  |TAMS 0x0000000642300000, 0x0000000642300000| Untracked 
|  36|0x0000000642400000, 0x0000000642400000, 0x0000000642500000|  0%| F|  |TAMS 0x0000000642400000, 0x0000000642400000| Untracked 
|  37|0x0000000642500000, 0x0000000642500000, 0x0000000642600000|  0%| F|  |TAMS 0x0000000642500000, 0x0000000642500000| Untracked 
|  38|0x0000000642600000, 0x0000000642600000, 0x0000000642700000|  0%| F|  |TAMS 0x0000000642600000, 0x0000000642600000| Untracked 
|  39|0x0000000642700000, 0x0000000642700000, 0x0000000642800000|  0%| F|  |TAMS 0x0000000642700000, 0x0000000642700000| Untracked 
|  40|0x0000000642800000, 0x0000000642800000, 0x0000000642900000|  0%| F|  |TAMS 0x0000000642800000, 0x0000000642800000| Untracked 
|  41|0x0000000642900000, 0x0000000642900000, 0x0000000642a00000|  0%| F|  |TAMS 0x0000000642900000, 0x0000000642900000| Untracked 
|  42|0x0000000642a00000, 0x0000000642a00000, 0x0000000642b00000|  0%| F|  |TAMS 0x0000000642a00000, 0x0000000642a00000| Untracked 
|  43|0x0000000642b00000, 0x0000000642b00000, 0x0000000642c00000|  0%| F|  |TAMS 0x0000000642b00000, 0x0000000642b00000| Untracked 
|  44|0x0000000642c00000, 0x0000000642c00000, 0x0000000642d00000|  0%| F|  |TAMS 0x0000000642c00000, 0x0000000642c00000| Untracked 
|  45|0x0000000642d00000, 0x0000000642d00000, 0x0000000642e00000|  0%| F|  |TAMS 0x0000000642d00000, 0x0000000642d00000| Untracked 
|  46|0x0000000642e00000, 0x0000000642e00000, 0x0000000642f00000|  0%| F|  |TAMS 0x0000000642e00000, 0x0000000642e00000| Untracked 
|  47|0x0000000642f00000, 0x0000000642f00000, 0x0000000643000000|  0%| F|  |TAMS 0x0000000642f00000, 0x0000000642f00000| Untracked 
|  48|0x0000000643000000, 0x0000000643000000, 0x0000000643100000|  0%| F|  |TAMS 0x0000000643000000, 0x0000000643000000| Untracked 
|  49|0x0000000643100000, 0x0000000643100000, 0x0000000643200000|  0%| F|  |TAMS 0x0000000643100000, 0x0000000643100000| Untracked 
|  50|0x0000000643200000, 0x0000000643200000, 0x0000000643300000|  0%| F|  |TAMS 0x0000000643200000, 0x0000000643200000| Untracked 
|  51|0x0000000643300000, 0x0000000643300000, 0x0000000643400000|  0%| F|  |TAMS 0x0000000643300000, 0x0000000643300000| Untracked 
|  52|0x0000000643400000, 0x0000000643400000, 0x0000000643500000|  0%| F|  |TAMS 0x0000000643400000, 0x0000000643400000| Untracked 
|  53|0x0000000643500000, 0x0000000643500000, 0x0000000643600000|  0%| F|  |TAMS 0x0000000643500000, 0x0000000643500000| Untracked 
|  54|0x0000000643600000, 0x0000000643600000, 0x0000000643700000|  0%| F|  |TAMS 0x0000000643600000, 0x0000000643600000| Untracked 
|  55|0x0000000643700000, 0x0000000643700000, 0x0000000643800000|  0%| F|  |TAMS 0x0000000643700000, 0x0000000643700000| Untracked 
|  56|0x0000000643800000, 0x0000000643800000, 0x0000000643900000|  0%| F|  |TAMS 0x0000000643800000, 0x0000000643800000| Untracked 
|  57|0x0000000643900000, 0x0000000643900000, 0x0000000643a00000|  0%| F|  |TAMS 0x0000000643900000, 0x0000000643900000| Untracked 
|  58|0x0000000643a00000, 0x0000000643a00000, 0x0000000643b00000|  0%| F|  |TAMS 0x0000000643a00000, 0x0000000643a00000| Untracked 
|  59|0x0000000643b00000, 0x0000000643b00000, 0x0000000643c00000|  0%| F|  |TAMS 0x0000000643b00000, 0x0000000643b00000| Untracked 
|  60|0x0000000643c00000, 0x0000000643c00000, 0x0000000643d00000|  0%| F|  |TAMS 0x0000000643c00000, 0x0000000643c00000| Untracked 
|  61|0x0000000643d00000, 0x0000000643d00000, 0x0000000643e00000|  0%| F|  |TAMS 0x0000000643d00000, 0x0000000643d00000| Untracked 
|  62|0x0000000643e00000, 0x0000000643e00000, 0x0000000643f00000|  0%| F|  |TAMS 0x0000000643e00000, 0x0000000643e00000| Untracked 
|  63|0x0000000643f00000, 0x0000000643f00000, 0x0000000644000000|  0%| F|  |TAMS 0x0000000643f00000, 0x0000000643f00000| Untracked 
|  64|0x0000000644000000, 0x0000000644000000, 0x0000000644100000|  0%| F|  |TAMS 0x0000000644000000, 0x0000000644000000| Untracked 
|  65|0x0000000644100000, 0x0000000644100000, 0x0000000644200000|  0%| F|  |TAMS 0x0000000644100000, 0x0000000644100000| Untracked 
|  66|0x0000000644200000, 0x0000000644200000, 0x0000000644300000|  0%| F|  |TAMS 0x0000000644200000, 0x0000000644200000| Untracked 
|  67|0x0000000644300000, 0x0000000644300000, 0x0000000644400000|  0%| F|  |TAMS 0x0000000644300000, 0x0000000644300000| Untracked 
|  68|0x0000000644400000, 0x0000000644400000, 0x0000000644500000|  0%| F|  |TAMS 0x0000000644400000, 0x0000000644400000| Untracked 
|  69|0x0000000644500000, 0x0000000644500000, 0x0000000644600000|  0%| F|  |TAMS 0x0000000644500000, 0x0000000644500000| Untracked 
|  70|0x0000000644600000, 0x0000000644600000, 0x0000000644700000|  0%| F|  |TAMS 0x0000000644600000, 0x0000000644600000| Untracked 
|  71|0x0000000644700000, 0x0000000644700000, 0x0000000644800000|  0%| F|  |TAMS 0x0000000644700000, 0x0000000644700000| Untracked 
|  72|0x0000000644800000, 0x0000000644800000, 0x0000000644900000|  0%| F|  |TAMS 0x0000000644800000, 0x0000000644800000| Untracked 
|  73|0x0000000644900000, 0x0000000644900000, 0x0000000644a00000|  0%| F|  |TAMS 0x0000000644900000, 0x0000000644900000| Untracked 
|  74|0x0000000644a00000, 0x0000000644a00000, 0x0000000644b00000|  0%| F|  |TAMS 0x0000000644a00000, 0x0000000644a00000| Untracked 
|  75|0x0000000644b00000, 0x0000000644b00000, 0x0000000644c00000|  0%| F|  |TAMS 0x0000000644b00000, 0x0000000644b00000| Untracked 
|  76|0x0000000644c00000, 0x0000000644c00000, 0x0000000644d00000|  0%| F|  |TAMS 0x0000000644c00000, 0x0000000644c00000| Untracked 
|  77|0x0000000644d00000, 0x0000000644d00000, 0x0000000644e00000|  0%| F|  |TAMS 0x0000000644d00000, 0x0000000644d00000| Untracked 
|  78|0x0000000644e00000, 0x0000000644e00000, 0x0000000644f00000|  0%| F|  |TAMS 0x0000000644e00000, 0x0000000644e00000| Untracked 
|  79|0x0000000644f00000, 0x0000000644f00000, 0x0000000645000000|  0%| F|  |TAMS 0x0000000644f00000, 0x0000000644f00000| Untracked 
|  80|0x0000000645000000, 0x0000000645000000, 0x0000000645100000|  0%| F|  |TAMS 0x0000000645000000, 0x0000000645000000| Untracked 
|  81|0x0000000645100000, 0x0000000645100000, 0x0000000645200000|  0%| F|  |TAMS 0x0000000645100000, 0x0000000645100000| Untracked 
|  82|0x0000000645200000, 0x0000000645200000, 0x0000000645300000|  0%| F|  |TAMS 0x0000000645200000, 0x0000000645200000| Untracked 
|  83|0x0000000645300000, 0x0000000645300000, 0x0000000645400000|  0%| F|  |TAMS 0x0000000645300000, 0x0000000645300000| Untracked 
|  84|0x0000000645400000, 0x0000000645400000, 0x0000000645500000|  0%| F|  |TAMS 0x0000000645400000, 0x0000000645400000| Untracked 
|  85|0x0000000645500000, 0x0000000645500000, 0x0000000645600000|  0%| F|  |TAMS 0x0000000645500000, 0x0000000645500000| Untracked 
|  86|0x0000000645600000, 0x0000000645600000, 0x0000000645700000|  0%| F|  |TAMS 0x0000000645600000, 0x0000000645600000| Untracked 
|  87|0x0000000645700000, 0x0000000645700000, 0x0000000645800000|  0%| F|  |TAMS 0x0000000645700000, 0x0000000645700000| Untracked 
|  88|0x0000000645800000, 0x0000000645800000, 0x0000000645900000|  0%| F|  |TAMS 0x0000000645800000, 0x0000000645800000| Untracked 
|  89|0x0000000645900000, 0x0000000645900000, 0x0000000645a00000|  0%| F|  |TAMS 0x0000000645900000, 0x0000000645900000| Untracked 
|  90|0x0000000645a00000, 0x0000000645a00000, 0x0000000645b00000|  0%| F|  |TAMS 0x0000000645a00000, 0x0000000645a00000| Untracked 
|  91|0x0000000645b00000, 0x0000000645b00000, 0x0000000645c00000|  0%| F|  |TAMS 0x0000000645b00000, 0x0000000645b00000| Untracked 
|  92|0x0000000645c00000, 0x0000000645c00000, 0x0000000645d00000|  0%| F|  |TAMS 0x0000000645c00000, 0x0000000645c00000| Untracked 
|  93|0x0000000645d00000, 0x0000000645d00000, 0x0000000645e00000|  0%| F|  |TAMS 0x0000000645d00000, 0x0000000645d00000| Untracked 
|  94|0x0000000645e00000, 0x0000000645e00000, 0x0000000645f00000|  0%| F|  |TAMS 0x0000000645e00000, 0x0000000645e00000| Untracked 
|  95|0x0000000645f00000, 0x0000000645f00000, 0x0000000646000000|  0%| F|  |TAMS 0x0000000645f00000, 0x0000000645f00000| Untracked 
|  96|0x0000000646000000, 0x0000000646000000, 0x0000000646100000|  0%| F|  |TAMS 0x0000000646000000, 0x0000000646000000| Untracked 
|  97|0x0000000646100000, 0x0000000646100000, 0x0000000646200000|  0%| F|  |TAMS 0x0000000646100000, 0x0000000646100000| Untracked 
|  98|0x0000000646200000, 0x0000000646200000, 0x0000000646300000|  0%| F|  |TAMS 0x0000000646200000, 0x0000000646200000| Untracked 
|  99|0x0000000646300000, 0x0000000646300000, 0x0000000646400000|  0%| F|  |TAMS 0x0000000646300000, 0x0000000646300000| Untracked 
| 100|0x0000000646400000, 0x0000000646400000, 0x0000000646500000|  0%| F|  |TAMS 0x0000000646400000, 0x0000000646400000| Untracked 
| 101|0x0000000646500000, 0x0000000646500000, 0x0000000646600000|  0%| F|  |TAMS 0x0000000646500000, 0x0000000646500000| Untracked 
| 102|0x0000000646600000, 0x0000000646600000, 0x0000000646700000|  0%| F|  |TAMS 0x0000000646600000, 0x0000000646600000| Untracked 
| 103|0x0000000646700000, 0x0000000646700000, 0x0000000646800000|  0%| F|  |TAMS 0x0000000646700000, 0x0000000646700000| Untracked 
| 104|0x0000000646800000, 0x0000000646800000, 0x0000000646900000|  0%| F|  |TAMS 0x0000000646800000, 0x0000000646800000| Untracked 
| 105|0x0000000646900000, 0x0000000646900000, 0x0000000646a00000|  0%| F|  |TAMS 0x0000000646900000, 0x0000000646900000| Untracked 
| 106|0x0000000646a00000, 0x0000000646a00000, 0x0000000646b00000|  0%| F|  |TAMS 0x0000000646a00000, 0x0000000646a00000| Untracked 
| 107|0x0000000646b00000, 0x0000000646b00000, 0x0000000646c00000|  0%| F|  |TAMS 0x0000000646b00000, 0x0000000646b00000| Untracked 
| 108|0x0000000646c00000, 0x0000000646c00000, 0x0000000646d00000|  0%| F|  |TAMS 0x0000000646c00000, 0x0000000646c00000| Untracked 
| 109|0x0000000646d00000, 0x0000000646d00000, 0x0000000646e00000|  0%| F|  |TAMS 0x0000000646d00000, 0x0000000646d00000| Untracked 
| 110|0x0000000646e00000, 0x0000000646e00000, 0x0000000646f00000|  0%| F|  |TAMS 0x0000000646e00000, 0x0000000646e00000| Untracked 
| 111|0x0000000646f00000, 0x0000000646f00000, 0x0000000647000000|  0%| F|  |TAMS 0x0000000646f00000, 0x0000000646f00000| Untracked 
| 112|0x0000000647000000, 0x0000000647000000, 0x0000000647100000|  0%| F|  |TAMS 0x0000000647000000, 0x0000000647000000| Untracked 
| 113|0x0000000647100000, 0x0000000647100000, 0x0000000647200000|  0%| F|  |TAMS 0x0000000647100000, 0x0000000647100000| Untracked 
| 114|0x0000000647200000, 0x0000000647200000, 0x0000000647300000|  0%| F|  |TAMS 0x0000000647200000, 0x0000000647200000| Untracked 
| 115|0x0000000647300000, 0x0000000647300000, 0x0000000647400000|  0%| F|  |TAMS 0x0000000647300000, 0x0000000647300000| Untracked 
| 116|0x0000000647400000, 0x0000000647400000, 0x0000000647500000|  0%| F|  |TAMS 0x0000000647400000, 0x0000000647400000| Untracked 
| 117|0x0000000647500000, 0x0000000647500000, 0x0000000647600000|  0%| F|  |TAMS 0x0000000647500000, 0x0000000647500000| Untracked 
| 118|0x0000000647600000, 0x0000000647600000, 0x0000000647700000|  0%| F|  |TAMS 0x0000000647600000, 0x0000000647600000| Untracked 
| 119|0x0000000647700000, 0x0000000647700000, 0x0000000647800000|  0%| F|  |TAMS 0x0000000647700000, 0x0000000647700000| Untracked 
| 120|0x0000000647800000, 0x0000000647800000, 0x0000000647900000|  0%| F|  |TAMS 0x0000000647800000, 0x0000000647800000| Untracked 
| 121|0x0000000647900000, 0x0000000647900000, 0x0000000647a00000|  0%| F|  |TAMS 0x0000000647900000, 0x0000000647900000| Untracked 
| 122|0x0000000647a00000, 0x0000000647a00000, 0x0000000647b00000|  0%| F|  |TAMS 0x0000000647a00000, 0x0000000647a00000| Untracked 
| 123|0x0000000647b00000, 0x0000000647b00000, 0x0000000647c00000|  0%| F|  |TAMS 0x0000000647b00000, 0x0000000647b00000| Untracked 
| 124|0x0000000647c00000, 0x0000000647c00000, 0x0000000647d00000|  0%| F|  |TAMS 0x0000000647c00000, 0x0000000647c00000| Untracked 
| 125|0x0000000647d00000, 0x0000000647d00000, 0x0000000647e00000|  0%| F|  |TAMS 0x0000000647d00000, 0x0000000647d00000| Untracked 
| 126|0x0000000647e00000, 0x0000000647e00000, 0x0000000647f00000|  0%| F|  |TAMS 0x0000000647e00000, 0x0000000647e00000| Untracked 
| 127|0x0000000647f00000, 0x0000000647f00000, 0x0000000648000000|  0%| F|  |TAMS 0x0000000647f00000, 0x0000000647f00000| Untracked 
| 128|0x0000000648000000, 0x0000000648000000, 0x0000000648100000|  0%| F|  |TAMS 0x0000000648000000, 0x0000000648000000| Untracked 
| 129|0x0000000648100000, 0x0000000648100000, 0x0000000648200000|  0%| F|  |TAMS 0x0000000648100000, 0x0000000648100000| Untracked 
| 130|0x0000000648200000, 0x0000000648200000, 0x0000000648300000|  0%| F|  |TAMS 0x0000000648200000, 0x0000000648200000| Untracked 
| 131|0x0000000648300000, 0x0000000648300000, 0x0000000648400000|  0%| F|  |TAMS 0x0000000648300000, 0x0000000648300000| Untracked 
| 132|0x0000000648400000, 0x0000000648400000, 0x0000000648500000|  0%| F|  |TAMS 0x0000000648400000, 0x0000000648400000| Untracked 
| 133|0x0000000648500000, 0x0000000648500000, 0x0000000648600000|  0%| F|  |TAMS 0x0000000648500000, 0x0000000648500000| Untracked 
| 134|0x0000000648600000, 0x0000000648600000, 0x0000000648700000|  0%| F|  |TAMS 0x0000000648600000, 0x0000000648600000| Untracked 
| 135|0x0000000648700000, 0x0000000648700000, 0x0000000648800000|  0%| F|  |TAMS 0x0000000648700000, 0x0000000648700000| Untracked 
| 136|0x0000000648800000, 0x0000000648800000, 0x0000000648900000|  0%| F|  |TAMS 0x0000000648800000, 0x0000000648800000| Untracked 
| 137|0x0000000648900000, 0x0000000648900000, 0x0000000648a00000|  0%| F|  |TAMS 0x0000000648900000, 0x0000000648900000| Untracked 
| 138|0x0000000648a00000, 0x0000000648a00000, 0x0000000648b00000|  0%| F|  |TAMS 0x0000000648a00000, 0x0000000648a00000| Untracked 
| 139|0x0000000648b00000, 0x0000000648b00000, 0x0000000648c00000|  0%| F|  |TAMS 0x0000000648b00000, 0x0000000648b00000| Untracked 
| 140|0x0000000648c00000, 0x0000000648c00000, 0x0000000648d00000|  0%| F|  |TAMS 0x0000000648c00000, 0x0000000648c00000| Untracked 
| 141|0x0000000648d00000, 0x0000000648d00000, 0x0000000648e00000|  0%| F|  |TAMS 0x0000000648d00000, 0x0000000648d00000| Untracked 
| 142|0x0000000648e00000, 0x0000000648e00000, 0x0000000648f00000|  0%| F|  |TAMS 0x0000000648e00000, 0x0000000648e00000| Untracked 
| 143|0x0000000648f00000, 0x0000000648f00000, 0x0000000649000000|  0%| F|  |TAMS 0x0000000648f00000, 0x0000000648f00000| Untracked 
| 144|0x0000000649000000, 0x0000000649000000, 0x0000000649100000|  0%| F|  |TAMS 0x0000000649000000, 0x0000000649000000| Untracked 
| 145|0x0000000649100000, 0x0000000649100000, 0x0000000649200000|  0%| F|  |TAMS 0x0000000649100000, 0x0000000649100000| Untracked 
| 146|0x0000000649200000, 0x0000000649200000, 0x0000000649300000|  0%| F|  |TAMS 0x0000000649200000, 0x0000000649200000| Untracked 
| 147|0x0000000649300000, 0x0000000649300000, 0x0000000649400000|  0%| F|  |TAMS 0x0000000649300000, 0x0000000649300000| Untracked 
| 148|0x0000000649400000, 0x0000000649400000, 0x0000000649500000|  0%| F|  |TAMS 0x0000000649400000, 0x0000000649400000| Untracked 
| 149|0x0000000649500000, 0x0000000649500000, 0x0000000649600000|  0%| F|  |TAMS 0x0000000649500000, 0x0000000649500000| Untracked 
| 150|0x0000000649600000, 0x0000000649600000, 0x0000000649700000|  0%| F|  |TAMS 0x0000000649600000, 0x0000000649600000| Untracked 
| 151|0x0000000649700000, 0x0000000649700000, 0x0000000649800000|  0%| F|  |TAMS 0x0000000649700000, 0x0000000649700000| Untracked 
| 152|0x0000000649800000, 0x0000000649800000, 0x0000000649900000|  0%| F|  |TAMS 0x0000000649800000, 0x0000000649800000| Untracked 
| 153|0x0000000649900000, 0x0000000649900000, 0x0000000649a00000|  0%| F|  |TAMS 0x0000000649900000, 0x0000000649900000| Untracked 
| 154|0x0000000649a00000, 0x0000000649a00000, 0x0000000649b00000|  0%| F|  |TAMS 0x0000000649a00000, 0x0000000649a00000| Untracked 
| 155|0x0000000649b00000, 0x0000000649b00000, 0x0000000649c00000|  0%| F|  |TAMS 0x0000000649b00000, 0x0000000649b00000| Untracked 
| 156|0x0000000649c00000, 0x0000000649c00000, 0x0000000649d00000|  0%| F|  |TAMS 0x0000000649c00000, 0x0000000649c00000| Untracked 
| 157|0x0000000649d00000, 0x0000000649d00000, 0x0000000649e00000|  0%| F|  |TAMS 0x0000000649d00000, 0x0000000649d00000| Untracked 
| 158|0x0000000649e00000, 0x0000000649e00000, 0x0000000649f00000|  0%| F|  |TAMS 0x0000000649e00000, 0x0000000649e00000| Untracked 
| 159|0x0000000649f00000, 0x0000000649f00000, 0x000000064a000000|  0%| F|  |TAMS 0x0000000649f00000, 0x0000000649f00000| Untracked 
| 160|0x000000064a000000, 0x000000064a000000, 0x000000064a100000|  0%| F|  |TAMS 0x000000064a000000, 0x000000064a000000| Untracked 
| 161|0x000000064a100000, 0x000000064a100000, 0x000000064a200000|  0%| F|  |TAMS 0x000000064a100000, 0x000000064a100000| Untracked 
| 162|0x000000064a200000, 0x000000064a200000, 0x000000064a300000|  0%| F|  |TAMS 0x000000064a200000, 0x000000064a200000| Untracked 
| 163|0x000000064a300000, 0x000000064a300000, 0x000000064a400000|  0%| F|  |TAMS 0x000000064a300000, 0x000000064a300000| Untracked 
| 164|0x000000064a400000, 0x000000064a400000, 0x000000064a500000|  0%| F|  |TAMS 0x000000064a400000, 0x000000064a400000| Untracked 
| 165|0x000000064a500000, 0x000000064a500000, 0x000000064a600000|  0%| F|  |TAMS 0x000000064a500000, 0x000000064a500000| Untracked 
| 166|0x000000064a600000, 0x000000064a600000, 0x000000064a700000|  0%| F|  |TAMS 0x000000064a600000, 0x000000064a600000| Untracked 
| 167|0x000000064a700000, 0x000000064a700000, 0x000000064a800000|  0%| F|  |TAMS 0x000000064a700000, 0x000000064a700000| Untracked 
| 168|0x000000064a800000, 0x000000064a800000, 0x000000064a900000|  0%| F|  |TAMS 0x000000064a800000, 0x000000064a800000| Untracked 
| 169|0x000000064a900000, 0x000000064a900000, 0x000000064aa00000|  0%| F|  |TAMS 0x000000064a900000, 0x000000064a900000| Untracked 
| 170|0x000000064aa00000, 0x000000064aa00000, 0x000000064ab00000|  0%| F|  |TAMS 0x000000064aa00000, 0x000000064aa00000| Untracked 
| 171|0x000000064ab00000, 0x000000064ab00000, 0x000000064ac00000|  0%| F|  |TAMS 0x000000064ab00000, 0x000000064ab00000| Untracked 
| 172|0x000000064ac00000, 0x000000064ac00000, 0x000000064ad00000|  0%| F|  |TAMS 0x000000064ac00000, 0x000000064ac00000| Untracked 
| 173|0x000000064ad00000, 0x000000064ad00000, 0x000000064ae00000|  0%| F|  |TAMS 0x000000064ad00000, 0x000000064ad00000| Untracked 
| 174|0x000000064ae00000, 0x000000064ae00000, 0x000000064af00000|  0%| F|  |TAMS 0x000000064ae00000, 0x000000064ae00000| Untracked 
| 175|0x000000064af00000, 0x000000064af00000, 0x000000064b000000|  0%| F|  |TAMS 0x000000064af00000, 0x000000064af00000| Untracked 
| 176|0x000000064b000000, 0x000000064b000000, 0x000000064b100000|  0%| F|  |TAMS 0x000000064b000000, 0x000000064b000000| Untracked 
| 177|0x000000064b100000, 0x000000064b100000, 0x000000064b200000|  0%| F|  |TAMS 0x000000064b100000, 0x000000064b100000| Untracked 
| 178|0x000000064b200000, 0x000000064b200000, 0x000000064b300000|  0%| F|  |TAMS 0x000000064b200000, 0x000000064b200000| Untracked 
| 179|0x000000064b300000, 0x000000064b300000, 0x000000064b400000|  0%| F|  |TAMS 0x000000064b300000, 0x000000064b300000| Untracked 
| 180|0x000000064b400000, 0x000000064b400000, 0x000000064b500000|  0%| F|  |TAMS 0x000000064b400000, 0x000000064b400000| Untracked 
| 181|0x000000064b500000, 0x000000064b500000, 0x000000064b600000|  0%| F|  |TAMS 0x000000064b500000, 0x000000064b500000| Untracked 
| 182|0x000000064b600000, 0x000000064b600000, 0x000000064b700000|  0%| F|  |TAMS 0x000000064b600000, 0x000000064b600000| Untracked 
| 183|0x000000064b700000, 0x000000064b700000, 0x000000064b800000|  0%| F|  |TAMS 0x000000064b700000, 0x000000064b700000| Untracked 
| 184|0x000000064b800000, 0x000000064b800000, 0x000000064b900000|  0%| F|  |TAMS 0x000000064b800000, 0x000000064b800000| Untracked 
| 185|0x000000064b900000, 0x000000064b900000, 0x000000064ba00000|  0%| F|  |TAMS 0x000000064b900000, 0x000000064b900000| Untracked 
| 186|0x000000064ba00000, 0x000000064ba00000, 0x000000064bb00000|  0%| F|  |TAMS 0x000000064ba00000, 0x000000064ba00000| Untracked 
| 187|0x000000064bb00000, 0x000000064bb00000, 0x000000064bc00000|  0%| F|  |TAMS 0x000000064bb00000, 0x000000064bb00000| Untracked 
| 188|0x000000064bc00000, 0x000000064bc00000, 0x000000064bd00000|  0%| F|  |TAMS 0x000000064bc00000, 0x000000064bc00000| Untracked 
| 189|0x000000064bd00000, 0x000000064bd00000, 0x000000064be00000|  0%| F|  |TAMS 0x000000064bd00000, 0x000000064bd00000| Untracked 
| 190|0x000000064be00000, 0x000000064be00000, 0x000000064bf00000|  0%| F|  |TAMS 0x000000064be00000, 0x000000064be00000| Untracked 
| 191|0x000000064bf00000, 0x000000064bf00000, 0x000000064c000000|  0%| F|  |TAMS 0x000000064bf00000, 0x000000064bf00000| Untracked 
| 192|0x000000064c000000, 0x000000064c000000, 0x000000064c100000|  0%| F|  |TAMS 0x000000064c000000, 0x000000064c000000| Untracked 
| 193|0x000000064c100000, 0x000000064c100000, 0x000000064c200000|  0%| F|  |TAMS 0x000000064c100000, 0x000000064c100000| Untracked 
| 194|0x000000064c200000, 0x000000064c200000, 0x000000064c300000|  0%| F|  |TAMS 0x000000064c200000, 0x000000064c200000| Untracked 
| 195|0x000000064c300000, 0x000000064c300000, 0x000000064c400000|  0%| F|  |TAMS 0x000000064c300000, 0x000000064c300000| Untracked 
| 196|0x000000064c400000, 0x000000064c400000, 0x000000064c500000|  0%| F|  |TAMS 0x000000064c400000, 0x000000064c400000| Untracked 
| 197|0x000000064c500000, 0x000000064c500000, 0x000000064c600000|  0%| F|  |TAMS 0x000000064c500000, 0x000000064c500000| Untracked 
| 198|0x000000064c600000, 0x000000064c600000, 0x000000064c700000|  0%| F|  |TAMS 0x000000064c600000, 0x000000064c600000| Untracked 
| 199|0x000000064c700000, 0x000000064c700000, 0x000000064c800000|  0%| F|  |TAMS 0x000000064c700000, 0x000000064c700000| Untracked 
| 200|0x000000064c800000, 0x000000064c800000, 0x000000064c900000|  0%| F|  |TAMS 0x000000064c800000, 0x000000064c800000| Untracked 
| 201|0x000000064c900000, 0x000000064c900000, 0x000000064ca00000|  0%| F|  |TAMS 0x000000064c900000, 0x000000064c900000| Untracked 
| 202|0x000000064ca00000, 0x000000064ca00000, 0x000000064cb00000|  0%| F|  |TAMS 0x000000064ca00000, 0x000000064ca00000| Untracked 
| 203|0x000000064cb00000, 0x000000064cb00000, 0x000000064cc00000|  0%| F|  |TAMS 0x000000064cb00000, 0x000000064cb00000| Untracked 
| 204|0x000000064cc00000, 0x000000064cc00000, 0x000000064cd00000|  0%| F|  |TAMS 0x000000064cc00000, 0x000000064cc00000| Untracked 
| 205|0x000000064cd00000, 0x000000064cd00000, 0x000000064ce00000|  0%| F|  |TAMS 0x000000064cd00000, 0x000000064cd00000| Untracked 
| 206|0x000000064ce00000, 0x000000064ce00000, 0x000000064cf00000|  0%| F|  |TAMS 0x000000064ce00000, 0x000000064ce00000| Untracked 
| 207|0x000000064cf00000, 0x000000064cf00000, 0x000000064d000000|  0%| F|  |TAMS 0x000000064cf00000, 0x000000064cf00000| Untracked 
| 208|0x000000064d000000, 0x000000064d000000, 0x000000064d100000|  0%| F|  |TAMS 0x000000064d000000, 0x000000064d000000| Untracked 
| 209|0x000000064d100000, 0x000000064d100000, 0x000000064d200000|  0%| F|  |TAMS 0x000000064d100000, 0x000000064d100000| Untracked 
| 210|0x000000064d200000, 0x000000064d200000, 0x000000064d300000|  0%| F|  |TAMS 0x000000064d200000, 0x000000064d200000| Untracked 
| 211|0x000000064d300000, 0x000000064d300000, 0x000000064d400000|  0%| F|  |TAMS 0x000000064d300000, 0x000000064d300000| Untracked 
| 212|0x000000064d400000, 0x000000064d400000, 0x000000064d500000|  0%| F|  |TAMS 0x000000064d400000, 0x000000064d400000| Untracked 
| 213|0x000000064d500000, 0x000000064d500000, 0x000000064d600000|  0%| F|  |TAMS 0x000000064d500000, 0x000000064d500000| Untracked 
| 214|0x000000064d600000, 0x000000064d600000, 0x000000064d700000|  0%| F|  |TAMS 0x000000064d600000, 0x000000064d600000| Untracked 
| 215|0x000000064d700000, 0x000000064d700000, 0x000000064d800000|  0%| F|  |TAMS 0x000000064d700000, 0x000000064d700000| Untracked 
| 216|0x000000064d800000, 0x000000064d800000, 0x000000064d900000|  0%| F|  |TAMS 0x000000064d800000, 0x000000064d800000| Untracked 
| 217|0x000000064d900000, 0x000000064d900000, 0x000000064da00000|  0%| F|  |TAMS 0x000000064d900000, 0x000000064d900000| Untracked 
| 218|0x000000064da00000, 0x000000064da00000, 0x000000064db00000|  0%| F|  |TAMS 0x000000064da00000, 0x000000064da00000| Untracked 
| 219|0x000000064db00000, 0x000000064db00000, 0x000000064dc00000|  0%| F|  |TAMS 0x000000064db00000, 0x000000064db00000| Untracked 
| 220|0x000000064dc00000, 0x000000064dc00000, 0x000000064dd00000|  0%| F|  |TAMS 0x000000064dc00000, 0x000000064dc00000| Untracked 
| 221|0x000000064dd00000, 0x000000064dd00000, 0x000000064de00000|  0%| F|  |TAMS 0x000000064dd00000, 0x000000064dd00000| Untracked 
| 222|0x000000064de00000, 0x000000064de00000, 0x000000064df00000|  0%| F|  |TAMS 0x000000064de00000, 0x000000064de00000| Untracked 
| 223|0x000000064df00000, 0x000000064df00000, 0x000000064e000000|  0%| F|  |TAMS 0x000000064df00000, 0x000000064df00000| Untracked 
| 224|0x000000064e000000, 0x000000064e000000, 0x000000064e100000|  0%| F|  |TAMS 0x000000064e000000, 0x000000064e000000| Untracked 
| 225|0x000000064e100000, 0x000000064e100000, 0x000000064e200000|  0%| F|  |TAMS 0x000000064e100000, 0x000000064e100000| Untracked 
| 226|0x000000064e200000, 0x000000064e200000, 0x000000064e300000|  0%| F|  |TAMS 0x000000064e200000, 0x000000064e200000| Untracked 
| 227|0x000000064e300000, 0x000000064e300000, 0x000000064e400000|  0%| F|  |TAMS 0x000000064e300000, 0x000000064e300000| Untracked 
| 228|0x000000064e400000, 0x000000064e400000, 0x000000064e500000|  0%| F|  |TAMS 0x000000064e400000, 0x000000064e400000| Untracked 
| 229|0x000000064e500000, 0x000000064e500000, 0x000000064e600000|  0%| F|  |TAMS 0x000000064e500000, 0x000000064e500000| Untracked 
| 230|0x000000064e600000, 0x000000064e600000, 0x000000064e700000|  0%| F|  |TAMS 0x000000064e600000, 0x000000064e600000| Untracked 
| 231|0x000000064e700000, 0x000000064e700000, 0x000000064e800000|  0%| F|  |TAMS 0x000000064e700000, 0x000000064e700000| Untracked 
| 232|0x000000064e800000, 0x000000064e800000, 0x000000064e900000|  0%| F|  |TAMS 0x000000064e800000, 0x000000064e800000| Untracked 
| 233|0x000000064e900000, 0x000000064e900000, 0x000000064ea00000|  0%| F|  |TAMS 0x000000064e900000, 0x000000064e900000| Untracked 
| 234|0x000000064ea00000, 0x000000064ea00000, 0x000000064eb00000|  0%| F|  |TAMS 0x000000064ea00000, 0x000000064ea00000| Untracked 
| 235|0x000000064eb00000, 0x000000064eb00000, 0x000000064ec00000|  0%| F|  |TAMS 0x000000064eb00000, 0x000000064eb00000| Untracked 
| 236|0x000000064ec00000, 0x000000064ec00000, 0x000000064ed00000|  0%| F|  |TAMS 0x000000064ec00000, 0x000000064ec00000| Untracked 
| 237|0x000000064ed00000, 0x000000064ed00000, 0x000000064ee00000|  0%| F|  |TAMS 0x000000064ed00000, 0x000000064ed00000| Untracked 
| 238|0x000000064ee00000, 0x000000064ee00000, 0x000000064ef00000|  0%| F|  |TAMS 0x000000064ee00000, 0x000000064ee00000| Untracked 
| 239|0x000000064ef00000, 0x000000064ef00000, 0x000000064f000000|  0%| F|  |TAMS 0x000000064ef00000, 0x000000064ef00000| Untracked 
| 240|0x000000064f000000, 0x000000064f000000, 0x000000064f100000|  0%| F|  |TAMS 0x000000064f000000, 0x000000064f000000| Untracked 
| 241|0x000000064f100000, 0x000000064f100000, 0x000000064f200000|  0%| F|  |TAMS 0x000000064f100000, 0x000000064f100000| Untracked 
| 242|0x000000064f200000, 0x000000064f200000, 0x000000064f300000|  0%| F|  |TAMS 0x000000064f200000, 0x000000064f200000| Untracked 
| 243|0x000000064f300000, 0x000000064f300000, 0x000000064f400000|  0%| F|  |TAMS 0x000000064f300000, 0x000000064f300000| Untracked 
| 244|0x000000064f400000, 0x000000064f400000, 0x000000064f500000|  0%| F|  |TAMS 0x000000064f400000, 0x000000064f400000| Untracked 
| 245|0x000000064f500000, 0x000000064f500000, 0x000000064f600000|  0%| F|  |TAMS 0x000000064f500000, 0x000000064f500000| Untracked 
| 246|0x000000064f600000, 0x000000064f600000, 0x000000064f700000|  0%| F|  |TAMS 0x000000064f600000, 0x000000064f600000| Untracked 
| 247|0x000000064f700000, 0x000000064f700000, 0x000000064f800000|  0%| F|  |TAMS 0x000000064f700000, 0x000000064f700000| Untracked 
| 248|0x000000064f800000, 0x000000064f800000, 0x000000064f900000|  0%| F|  |TAMS 0x000000064f800000, 0x000000064f800000| Untracked 
| 249|0x000000064f900000, 0x000000064f900000, 0x000000064fa00000|  0%| F|  |TAMS 0x000000064f900000, 0x000000064f900000| Untracked 
| 250|0x000000064fa00000, 0x000000064fa00000, 0x000000064fb00000|  0%| F|  |TAMS 0x000000064fa00000, 0x000000064fa00000| Untracked 
| 251|0x000000064fb00000, 0x000000064fb00000, 0x000000064fc00000|  0%| F|  |TAMS 0x000000064fb00000, 0x000000064fb00000| Untracked 
| 252|0x000000064fc00000, 0x000000064fc00000, 0x000000064fd00000|  0%| F|  |TAMS 0x000000064fc00000, 0x000000064fc00000| Untracked 
| 253|0x000000064fd00000, 0x000000064fd00000, 0x000000064fe00000|  0%| F|  |TAMS 0x000000064fd00000, 0x000000064fd00000| Untracked 
| 254|0x000000064fe00000, 0x000000064fe00000, 0x000000064ff00000|  0%| F|  |TAMS 0x000000064fe00000, 0x000000064fe00000| Untracked 
| 255|0x000000064ff00000, 0x000000064ff00000, 0x0000000650000000|  0%| F|  |TAMS 0x000000064ff00000, 0x000000064ff00000| Untracked 
| 256|0x0000000650000000, 0x0000000650000000, 0x0000000650100000|  0%| F|  |TAMS 0x0000000650000000, 0x0000000650000000| Untracked 
| 257|0x0000000650100000, 0x0000000650100000, 0x0000000650200000|  0%| F|  |TAMS 0x0000000650100000, 0x0000000650100000| Untracked 
| 258|0x0000000650200000, 0x0000000650200000, 0x0000000650300000|  0%| F|  |TAMS 0x0000000650200000, 0x0000000650200000| Untracked 
| 259|0x0000000650300000, 0x0000000650300000, 0x0000000650400000|  0%| F|  |TAMS 0x0000000650300000, 0x0000000650300000| Untracked 
| 260|0x0000000650400000, 0x0000000650500000, 0x0000000650500000|100%| E|  |TAMS 0x0000000650400000, 0x0000000650400000| Complete 
| 261|0x0000000650500000, 0x0000000650600000, 0x0000000650600000|100%| E|CS|TAMS 0x0000000650500000, 0x0000000650500000| Complete 
| 262|0x0000000650600000, 0x0000000650700000, 0x0000000650700000|100%| E|CS|TAMS 0x0000000650600000, 0x0000000650600000| Complete 
| 263|0x0000000650700000, 0x0000000650800000, 0x0000000650800000|100%| E|CS|TAMS 0x0000000650700000, 0x0000000650700000| Complete 
| 264|0x0000000650800000, 0x0000000650900000, 0x0000000650900000|100%| E|CS|TAMS 0x0000000650800000, 0x0000000650800000| Complete 
| 265|0x0000000650900000, 0x0000000650a00000, 0x0000000650a00000|100%| E|CS|TAMS 0x0000000650900000, 0x0000000650900000| Complete 
| 266|0x0000000650a00000, 0x0000000650b00000, 0x0000000650b00000|100%| E|CS|TAMS 0x0000000650a00000, 0x0000000650a00000| Complete 
| 267|0x0000000650b00000, 0x0000000650c00000, 0x0000000650c00000|100%| E|CS|TAMS 0x0000000650b00000, 0x0000000650b00000| Complete 
| 268|0x0000000650c00000, 0x0000000650d00000, 0x0000000650d00000|100%| E|CS|TAMS 0x0000000650c00000, 0x0000000650c00000| Complete 
| 269|0x0000000650d00000, 0x0000000650e00000, 0x0000000650e00000|100%| E|CS|TAMS 0x0000000650d00000, 0x0000000650d00000| Complete 
| 270|0x0000000650e00000, 0x0000000650f00000, 0x0000000650f00000|100%| E|CS|TAMS 0x0000000650e00000, 0x0000000650e00000| Complete 
| 271|0x0000000650f00000, 0x0000000651000000, 0x0000000651000000|100%| E|CS|TAMS 0x0000000650f00000, 0x0000000650f00000| Complete 
| 272|0x0000000651000000, 0x0000000651100000, 0x0000000651100000|100%| E|CS|TAMS 0x0000000651000000, 0x0000000651000000| Complete 
| 273|0x0000000651100000, 0x0000000651200000, 0x0000000651200000|100%| E|CS|TAMS 0x0000000651100000, 0x0000000651100000| Complete 
| 274|0x0000000651200000, 0x0000000651300000, 0x0000000651300000|100%| E|CS|TAMS 0x0000000651200000, 0x0000000651200000| Complete 
| 275|0x0000000651300000, 0x0000000651400000, 0x0000000651400000|100%| E|CS|TAMS 0x0000000651300000, 0x0000000651300000| Complete 
| 276|0x0000000651400000, 0x0000000651500000, 0x0000000651500000|100%| E|CS|TAMS 0x0000000651400000, 0x0000000651400000| Complete 
| 277|0x0000000651500000, 0x0000000651600000, 0x0000000651600000|100%| E|CS|TAMS 0x0000000651500000, 0x0000000651500000| Complete 
| 278|0x0000000651600000, 0x0000000651700000, 0x0000000651700000|100%| E|CS|TAMS 0x0000000651600000, 0x0000000651600000| Complete 
| 279|0x0000000651700000, 0x0000000651800000, 0x0000000651800000|100%| E|CS|TAMS 0x0000000651700000, 0x0000000651700000| Complete 
| 280|0x0000000651800000, 0x0000000651900000, 0x0000000651900000|100%| E|CS|TAMS 0x0000000651800000, 0x0000000651800000| Complete 
| 281|0x0000000651900000, 0x0000000651a00000, 0x0000000651a00000|100%| E|CS|TAMS 0x0000000651900000, 0x0000000651900000| Complete 
| 282|0x0000000651a00000, 0x0000000651b00000, 0x0000000651b00000|100%| E|CS|TAMS 0x0000000651a00000, 0x0000000651a00000| Complete 
| 283|0x0000000651b00000, 0x0000000651c00000, 0x0000000651c00000|100%| E|CS|TAMS 0x0000000651b00000, 0x0000000651b00000| Complete 
| 284|0x0000000651c00000, 0x0000000651d00000, 0x0000000651d00000|100%| E|CS|TAMS 0x0000000651c00000, 0x0000000651c00000| Complete 
| 285|0x0000000651d00000, 0x0000000651e00000, 0x0000000651e00000|100%| E|CS|TAMS 0x0000000651d00000, 0x0000000651d00000| Complete 
| 286|0x0000000651e00000, 0x0000000651f00000, 0x0000000651f00000|100%| E|CS|TAMS 0x0000000651e00000, 0x0000000651e00000| Complete 
| 287|0x0000000651f00000, 0x0000000652000000, 0x0000000652000000|100%| E|CS|TAMS 0x0000000651f00000, 0x0000000651f00000| Complete 
| 288|0x0000000652000000, 0x0000000652100000, 0x0000000652100000|100%| E|CS|TAMS 0x0000000652000000, 0x0000000652000000| Complete 
| 289|0x0000000652100000, 0x0000000652200000, 0x0000000652200000|100%| E|CS|TAMS 0x0000000652100000, 0x0000000652100000| Complete 
| 290|0x0000000652200000, 0x0000000652300000, 0x0000000652300000|100%| E|CS|TAMS 0x0000000652200000, 0x0000000652200000| Complete 
| 291|0x0000000652300000, 0x0000000652400000, 0x0000000652400000|100%| E|CS|TAMS 0x0000000652300000, 0x0000000652300000| Complete 
| 292|0x0000000652400000, 0x0000000652500000, 0x0000000652500000|100%| E|CS|TAMS 0x0000000652400000, 0x0000000652400000| Complete 
| 293|0x0000000652500000, 0x0000000652600000, 0x0000000652600000|100%| E|CS|TAMS 0x0000000652500000, 0x0000000652500000| Complete 
| 294|0x0000000652600000, 0x0000000652700000, 0x0000000652700000|100%| E|CS|TAMS 0x0000000652600000, 0x0000000652600000| Complete 
| 295|0x0000000652700000, 0x0000000652800000, 0x0000000652800000|100%| E|CS|TAMS 0x0000000652700000, 0x0000000652700000| Complete 
| 296|0x0000000652800000, 0x0000000652900000, 0x0000000652900000|100%| E|CS|TAMS 0x0000000652800000, 0x0000000652800000| Complete 
| 297|0x0000000652900000, 0x0000000652a00000, 0x0000000652a00000|100%| E|CS|TAMS 0x0000000652900000, 0x0000000652900000| Complete 
| 298|0x0000000652a00000, 0x0000000652b00000, 0x0000000652b00000|100%| E|CS|TAMS 0x0000000652a00000, 0x0000000652a00000| Complete 
| 299|0x0000000652b00000, 0x0000000652c00000, 0x0000000652c00000|100%| E|CS|TAMS 0x0000000652b00000, 0x0000000652b00000| Complete 
| 300|0x0000000652c00000, 0x0000000652d00000, 0x0000000652d00000|100%| E|CS|TAMS 0x0000000652c00000, 0x0000000652c00000| Complete 
| 301|0x0000000652d00000, 0x0000000652e00000, 0x0000000652e00000|100%| E|CS|TAMS 0x0000000652d00000, 0x0000000652d00000| Complete 
| 302|0x0000000652e00000, 0x0000000652f00000, 0x0000000652f00000|100%| E|CS|TAMS 0x0000000652e00000, 0x0000000652e00000| Complete 
| 303|0x0000000652f00000, 0x0000000653000000, 0x0000000653000000|100%| E|CS|TAMS 0x0000000652f00000, 0x0000000652f00000| Complete 
| 304|0x0000000653000000, 0x0000000653100000, 0x0000000653100000|100%| E|CS|TAMS 0x0000000653000000, 0x0000000653000000| Complete 
| 305|0x0000000653100000, 0x0000000653200000, 0x0000000653200000|100%| E|CS|TAMS 0x0000000653100000, 0x0000000653100000| Complete 
| 306|0x0000000653200000, 0x0000000653300000, 0x0000000653300000|100%| E|CS|TAMS 0x0000000653200000, 0x0000000653200000| Complete 
| 307|0x0000000653300000, 0x0000000653400000, 0x0000000653400000|100%| E|CS|TAMS 0x0000000653300000, 0x0000000653300000| Complete 
| 308|0x0000000653400000, 0x0000000653500000, 0x0000000653500000|100%| E|CS|TAMS 0x0000000653400000, 0x0000000653400000| Complete 
| 309|0x0000000653500000, 0x0000000653600000, 0x0000000653600000|100%| E|CS|TAMS 0x0000000653500000, 0x0000000653500000| Complete 
| 310|0x0000000653600000, 0x0000000653700000, 0x0000000653700000|100%| E|CS|TAMS 0x0000000653600000, 0x0000000653600000| Complete 
| 311|0x0000000653700000, 0x0000000653800000, 0x0000000653800000|100%| E|CS|TAMS 0x0000000653700000, 0x0000000653700000| Complete 
| 312|0x0000000653800000, 0x0000000653900000, 0x0000000653900000|100%| E|CS|TAMS 0x0000000653800000, 0x0000000653800000| Complete 
| 313|0x0000000653900000, 0x0000000653a00000, 0x0000000653a00000|100%| E|CS|TAMS 0x0000000653900000, 0x0000000653900000| Complete 
| 314|0x0000000653a00000, 0x0000000653b00000, 0x0000000653b00000|100%| E|CS|TAMS 0x0000000653a00000, 0x0000000653a00000| Complete 
| 315|0x0000000653b00000, 0x0000000653c00000, 0x0000000653c00000|100%| E|CS|TAMS 0x0000000653b00000, 0x0000000653b00000| Complete 
| 316|0x0000000653c00000, 0x0000000653d00000, 0x0000000653d00000|100%| E|CS|TAMS 0x0000000653c00000, 0x0000000653c00000| Complete 
| 317|0x0000000653d00000, 0x0000000653e00000, 0x0000000653e00000|100%| E|CS|TAMS 0x0000000653d00000, 0x0000000653d00000| Complete 
| 318|0x0000000653e00000, 0x0000000653f00000, 0x0000000653f00000|100%| E|CS|TAMS 0x0000000653e00000, 0x0000000653e00000| Complete 
| 319|0x0000000653f00000, 0x0000000654000000, 0x0000000654000000|100%| E|CS|TAMS 0x0000000653f00000, 0x0000000653f00000| Complete 
| 320|0x0000000654000000, 0x0000000654100000, 0x0000000654100000|100%| E|CS|TAMS 0x0000000654000000, 0x0000000654000000| Complete 
| 321|0x0000000654100000, 0x0000000654200000, 0x0000000654200000|100%| E|CS|TAMS 0x0000000654100000, 0x0000000654100000| Complete 
| 322|0x0000000654200000, 0x0000000654300000, 0x0000000654300000|100%| E|CS|TAMS 0x0000000654200000, 0x0000000654200000| Complete 
| 323|0x0000000654300000, 0x0000000654400000, 0x0000000654400000|100%| E|CS|TAMS 0x0000000654300000, 0x0000000654300000| Complete 
| 324|0x0000000654400000, 0x0000000654500000, 0x0000000654500000|100%| E|CS|TAMS 0x0000000654400000, 0x0000000654400000| Complete 
| 325|0x0000000654500000, 0x0000000654600000, 0x0000000654600000|100%| E|CS|TAMS 0x0000000654500000, 0x0000000654500000| Complete 
| 326|0x0000000654600000, 0x0000000654700000, 0x0000000654700000|100%| E|CS|TAMS 0x0000000654600000, 0x0000000654600000| Complete 
| 327|0x0000000654700000, 0x0000000654800000, 0x0000000654800000|100%| E|CS|TAMS 0x0000000654700000, 0x0000000654700000| Complete 
| 328|0x0000000654800000, 0x0000000654900000, 0x0000000654900000|100%| E|CS|TAMS 0x0000000654800000, 0x0000000654800000| Complete 
| 329|0x0000000654900000, 0x0000000654a00000, 0x0000000654a00000|100%| E|CS|TAMS 0x0000000654900000, 0x0000000654900000| Complete 
| 330|0x0000000654a00000, 0x0000000654b00000, 0x0000000654b00000|100%| E|CS|TAMS 0x0000000654a00000, 0x0000000654a00000| Complete 
| 331|0x0000000654b00000, 0x0000000654c00000, 0x0000000654c00000|100%| E|CS|TAMS 0x0000000654b00000, 0x0000000654b00000| Complete 
| 332|0x0000000654c00000, 0x0000000654d00000, 0x0000000654d00000|100%| E|CS|TAMS 0x0000000654c00000, 0x0000000654c00000| Complete 
| 333|0x0000000654d00000, 0x0000000654e00000, 0x0000000654e00000|100%| E|CS|TAMS 0x0000000654d00000, 0x0000000654d00000| Complete 
| 334|0x0000000654e00000, 0x0000000654f00000, 0x0000000654f00000|100%| E|CS|TAMS 0x0000000654e00000, 0x0000000654e00000| Complete 
| 335|0x0000000654f00000, 0x0000000655000000, 0x0000000655000000|100%| E|CS|TAMS 0x0000000654f00000, 0x0000000654f00000| Complete 
| 336|0x0000000655000000, 0x0000000655100000, 0x0000000655100000|100%| E|CS|TAMS 0x0000000655000000, 0x0000000655000000| Complete 
| 337|0x0000000655100000, 0x0000000655200000, 0x0000000655200000|100%| E|CS|TAMS 0x0000000655100000, 0x0000000655100000| Complete 
| 338|0x0000000655200000, 0x0000000655300000, 0x0000000655300000|100%| E|CS|TAMS 0x0000000655200000, 0x0000000655200000| Complete 
| 339|0x0000000655300000, 0x0000000655400000, 0x0000000655400000|100%| E|CS|TAMS 0x0000000655300000, 0x0000000655300000| Complete 
| 340|0x0000000655400000, 0x0000000655500000, 0x0000000655500000|100%| E|CS|TAMS 0x0000000655400000, 0x0000000655400000| Complete 
| 341|0x0000000655500000, 0x0000000655600000, 0x0000000655600000|100%| E|CS|TAMS 0x0000000655500000, 0x0000000655500000| Complete 
| 342|0x0000000655600000, 0x0000000655700000, 0x0000000655700000|100%| E|CS|TAMS 0x0000000655600000, 0x0000000655600000| Complete 
| 343|0x0000000655700000, 0x0000000655800000, 0x0000000655800000|100%| E|CS|TAMS 0x0000000655700000, 0x0000000655700000| Complete 
| 344|0x0000000655800000, 0x0000000655900000, 0x0000000655900000|100%| E|CS|TAMS 0x0000000655800000, 0x0000000655800000| Complete 
| 345|0x0000000655900000, 0x0000000655a00000, 0x0000000655a00000|100%| E|CS|TAMS 0x0000000655900000, 0x0000000655900000| Complete 
| 346|0x0000000655a00000, 0x0000000655b00000, 0x0000000655b00000|100%| E|CS|TAMS 0x0000000655a00000, 0x0000000655a00000| Complete 
| 347|0x0000000655b00000, 0x0000000655c00000, 0x0000000655c00000|100%| E|CS|TAMS 0x0000000655b00000, 0x0000000655b00000| Complete 
| 348|0x0000000655c00000, 0x0000000655d00000, 0x0000000655d00000|100%| E|CS|TAMS 0x0000000655c00000, 0x0000000655c00000| Complete 
| 349|0x0000000655d00000, 0x0000000655e00000, 0x0000000655e00000|100%| E|CS|TAMS 0x0000000655d00000, 0x0000000655d00000| Complete 
| 350|0x0000000655e00000, 0x0000000655f00000, 0x0000000655f00000|100%| E|CS|TAMS 0x0000000655e00000, 0x0000000655e00000| Complete 
| 351|0x0000000655f00000, 0x0000000656000000, 0x0000000656000000|100%| E|CS|TAMS 0x0000000655f00000, 0x0000000655f00000| Complete 
| 352|0x0000000656000000, 0x0000000656100000, 0x0000000656100000|100%| E|CS|TAMS 0x0000000656000000, 0x0000000656000000| Complete 
| 353|0x0000000656100000, 0x0000000656200000, 0x0000000656200000|100%| E|CS|TAMS 0x0000000656100000, 0x0000000656100000| Complete 
| 354|0x0000000656200000, 0x0000000656300000, 0x0000000656300000|100%| E|CS|TAMS 0x0000000656200000, 0x0000000656200000| Complete 
| 355|0x0000000656300000, 0x0000000656400000, 0x0000000656400000|100%| E|CS|TAMS 0x0000000656300000, 0x0000000656300000| Complete 
| 356|0x0000000656400000, 0x0000000656500000, 0x0000000656500000|100%| E|CS|TAMS 0x0000000656400000, 0x0000000656400000| Complete 
| 357|0x0000000656500000, 0x0000000656600000, 0x0000000656600000|100%| E|CS|TAMS 0x0000000656500000, 0x0000000656500000| Complete 
| 358|0x0000000656600000, 0x0000000656700000, 0x0000000656700000|100%| E|CS|TAMS 0x0000000656600000, 0x0000000656600000| Complete 
| 359|0x0000000656700000, 0x0000000656800000, 0x0000000656800000|100%| E|CS|TAMS 0x0000000656700000, 0x0000000656700000| Complete 
| 360|0x0000000656800000, 0x0000000656900000, 0x0000000656900000|100%| E|CS|TAMS 0x0000000656800000, 0x0000000656800000| Complete 
| 361|0x0000000656900000, 0x0000000656a00000, 0x0000000656a00000|100%| E|CS|TAMS 0x0000000656900000, 0x0000000656900000| Complete 
| 362|0x0000000656a00000, 0x0000000656b00000, 0x0000000656b00000|100%| E|CS|TAMS 0x0000000656a00000, 0x0000000656a00000| Complete 
| 363|0x0000000656b00000, 0x0000000656c00000, 0x0000000656c00000|100%| E|CS|TAMS 0x0000000656b00000, 0x0000000656b00000| Complete 
| 364|0x0000000656c00000, 0x0000000656d00000, 0x0000000656d00000|100%| E|CS|TAMS 0x0000000656c00000, 0x0000000656c00000| Complete 
| 365|0x0000000656d00000, 0x0000000656e00000, 0x0000000656e00000|100%| E|CS|TAMS 0x0000000656d00000, 0x0000000656d00000| Complete 
| 366|0x0000000656e00000, 0x0000000656f00000, 0x0000000656f00000|100%| E|CS|TAMS 0x0000000656e00000, 0x0000000656e00000| Complete 
| 367|0x0000000656f00000, 0x0000000657000000, 0x0000000657000000|100%| E|CS|TAMS 0x0000000656f00000, 0x0000000656f00000| Complete 
| 368|0x0000000657000000, 0x0000000657100000, 0x0000000657100000|100%| E|CS|TAMS 0x0000000657000000, 0x0000000657000000| Complete 
| 369|0x0000000657100000, 0x0000000657200000, 0x0000000657200000|100%| E|CS|TAMS 0x0000000657100000, 0x0000000657100000| Complete 
| 370|0x0000000657200000, 0x0000000657300000, 0x0000000657300000|100%| E|CS|TAMS 0x0000000657200000, 0x0000000657200000| Complete 
| 371|0x0000000657300000, 0x0000000657400000, 0x0000000657400000|100%| E|CS|TAMS 0x0000000657300000, 0x0000000657300000| Complete 
| 372|0x0000000657400000, 0x0000000657500000, 0x0000000657500000|100%| E|CS|TAMS 0x0000000657400000, 0x0000000657400000| Complete 
| 373|0x0000000657500000, 0x0000000657600000, 0x0000000657600000|100%| E|CS|TAMS 0x0000000657500000, 0x0000000657500000| Complete 
| 374|0x0000000657600000, 0x0000000657700000, 0x0000000657700000|100%| E|CS|TAMS 0x0000000657600000, 0x0000000657600000| Complete 
| 375|0x0000000657700000, 0x0000000657800000, 0x0000000657800000|100%| E|CS|TAMS 0x0000000657700000, 0x0000000657700000| Complete 
| 376|0x0000000657800000, 0x0000000657900000, 0x0000000657900000|100%| E|CS|TAMS 0x0000000657800000, 0x0000000657800000| Complete 
| 377|0x0000000657900000, 0x0000000657a00000, 0x0000000657a00000|100%| E|CS|TAMS 0x0000000657900000, 0x0000000657900000| Complete 
| 378|0x0000000657a00000, 0x0000000657b00000, 0x0000000657b00000|100%| E|CS|TAMS 0x0000000657a00000, 0x0000000657a00000| Complete 
| 379|0x0000000657b00000, 0x0000000657c00000, 0x0000000657c00000|100%| E|CS|TAMS 0x0000000657b00000, 0x0000000657b00000| Complete 
| 380|0x0000000657c00000, 0x0000000657d00000, 0x0000000657d00000|100%| E|CS|TAMS 0x0000000657c00000, 0x0000000657c00000| Complete 
| 381|0x0000000657d00000, 0x0000000657e00000, 0x0000000657e00000|100%| E|CS|TAMS 0x0000000657d00000, 0x0000000657d00000| Complete 
| 382|0x0000000657e00000, 0x0000000657f00000, 0x0000000657f00000|100%| E|CS|TAMS 0x0000000657e00000, 0x0000000657e00000| Complete 
| 383|0x0000000657f00000, 0x0000000658000000, 0x0000000658000000|100%| E|CS|TAMS 0x0000000657f00000, 0x0000000657f00000| Complete 
| 384|0x0000000658000000, 0x0000000658100000, 0x0000000658100000|100%| E|CS|TAMS 0x0000000658000000, 0x0000000658000000| Complete 
| 385|0x0000000658100000, 0x0000000658200000, 0x0000000658200000|100%| E|CS|TAMS 0x0000000658100000, 0x0000000658100000| Complete 
| 386|0x0000000658200000, 0x0000000658300000, 0x0000000658300000|100%| E|CS|TAMS 0x0000000658200000, 0x0000000658200000| Complete 
| 387|0x0000000658300000, 0x0000000658400000, 0x0000000658400000|100%| E|CS|TAMS 0x0000000658300000, 0x0000000658300000| Complete 
| 388|0x0000000658400000, 0x0000000658500000, 0x0000000658500000|100%| E|CS|TAMS 0x0000000658400000, 0x0000000658400000| Complete 
| 389|0x0000000658500000, 0x0000000658600000, 0x0000000658600000|100%| E|CS|TAMS 0x0000000658500000, 0x0000000658500000| Complete 
| 390|0x0000000658600000, 0x0000000658700000, 0x0000000658700000|100%| E|CS|TAMS 0x0000000658600000, 0x0000000658600000| Complete 
| 391|0x0000000658700000, 0x0000000658800000, 0x0000000658800000|100%| E|CS|TAMS 0x0000000658700000, 0x0000000658700000| Complete 
| 392|0x0000000658800000, 0x0000000658900000, 0x0000000658900000|100%| E|CS|TAMS 0x0000000658800000, 0x0000000658800000| Complete 
| 393|0x0000000658900000, 0x0000000658a00000, 0x0000000658a00000|100%| E|CS|TAMS 0x0000000658900000, 0x0000000658900000| Complete 
| 394|0x0000000658a00000, 0x0000000658b00000, 0x0000000658b00000|100%| E|CS|TAMS 0x0000000658a00000, 0x0000000658a00000| Complete 
| 395|0x0000000658b00000, 0x0000000658c00000, 0x0000000658c00000|100%| E|CS|TAMS 0x0000000658b00000, 0x0000000658b00000| Complete 
| 396|0x0000000658c00000, 0x0000000658d00000, 0x0000000658d00000|100%| E|CS|TAMS 0x0000000658c00000, 0x0000000658c00000| Complete 
| 397|0x0000000658d00000, 0x0000000658e00000, 0x0000000658e00000|100%| E|CS|TAMS 0x0000000658d00000, 0x0000000658d00000| Complete 
| 398|0x0000000658e00000, 0x0000000658f00000, 0x0000000658f00000|100%| E|CS|TAMS 0x0000000658e00000, 0x0000000658e00000| Complete 
| 399|0x0000000658f00000, 0x0000000659000000, 0x0000000659000000|100%| E|CS|TAMS 0x0000000658f00000, 0x0000000658f00000| Complete 
| 400|0x0000000659000000, 0x0000000659100000, 0x0000000659100000|100%| E|CS|TAMS 0x0000000659000000, 0x0000000659000000| Complete 
| 401|0x0000000659100000, 0x0000000659200000, 0x0000000659200000|100%| E|CS|TAMS 0x0000000659100000, 0x0000000659100000| Complete 
| 402|0x0000000659200000, 0x0000000659300000, 0x0000000659300000|100%| E|CS|TAMS 0x0000000659200000, 0x0000000659200000| Complete 
| 403|0x0000000659300000, 0x0000000659400000, 0x0000000659400000|100%| E|CS|TAMS 0x0000000659300000, 0x0000000659300000| Complete 
| 404|0x0000000659400000, 0x0000000659500000, 0x0000000659500000|100%| E|CS|TAMS 0x0000000659400000, 0x0000000659400000| Complete 
| 405|0x0000000659500000, 0x0000000659600000, 0x0000000659600000|100%| E|CS|TAMS 0x0000000659500000, 0x0000000659500000| Complete 
| 406|0x0000000659600000, 0x0000000659700000, 0x0000000659700000|100%| E|CS|TAMS 0x0000000659600000, 0x0000000659600000| Complete 
| 407|0x0000000659700000, 0x0000000659800000, 0x0000000659800000|100%| E|CS|TAMS 0x0000000659700000, 0x0000000659700000| Complete 
| 408|0x0000000659800000, 0x0000000659900000, 0x0000000659900000|100%| E|CS|TAMS 0x0000000659800000, 0x0000000659800000| Complete 
| 409|0x0000000659900000, 0x0000000659a00000, 0x0000000659a00000|100%| E|CS|TAMS 0x0000000659900000, 0x0000000659900000| Complete 
| 410|0x0000000659a00000, 0x0000000659a80100, 0x0000000659b00000| 50%| S|CS|TAMS 0x0000000659a00000, 0x0000000659a00000| Complete 
| 411|0x0000000659b00000, 0x0000000659c00000, 0x0000000659c00000|100%| S|CS|TAMS 0x0000000659b00000, 0x0000000659b00000| Complete 
| 412|0x0000000659c00000, 0x0000000659d00000, 0x0000000659d00000|100%| S|CS|TAMS 0x0000000659c00000, 0x0000000659c00000| Complete 
| 413|0x0000000659d00000, 0x0000000659e00000, 0x0000000659e00000|100%| S|CS|TAMS 0x0000000659d00000, 0x0000000659d00000| Complete 
| 414|0x0000000659e00000, 0x0000000659f00000, 0x0000000659f00000|100%| S|CS|TAMS 0x0000000659e00000, 0x0000000659e00000| Complete 
| 415|0x0000000659f00000, 0x000000065a000000, 0x000000065a000000|100%| S|CS|TAMS 0x0000000659f00000, 0x0000000659f00000| Complete 
| 416|0x000000065a000000, 0x000000065a100000, 0x000000065a100000|100%| S|CS|TAMS 0x000000065a000000, 0x000000065a000000| Complete 
| 417|0x000000065a100000, 0x000000065a200000, 0x000000065a200000|100%| S|CS|TAMS 0x000000065a100000, 0x000000065a100000| Complete 
| 418|0x000000065a200000, 0x000000065a300000, 0x000000065a300000|100%| E|CS|TAMS 0x000000065a200000, 0x000000065a200000| Complete 
| 419|0x000000065a300000, 0x000000065a400000, 0x000000065a400000|100%| E|CS|TAMS 0x000000065a300000, 0x000000065a300000| Complete 
| 420|0x000000065a400000, 0x000000065a500000, 0x000000065a500000|100%| E|CS|TAMS 0x000000065a400000, 0x000000065a400000| Complete 
| 421|0x000000065a500000, 0x000000065a600000, 0x000000065a600000|100%| E|CS|TAMS 0x000000065a500000, 0x000000065a500000| Complete 
| 422|0x000000065a600000, 0x000000065a700000, 0x000000065a700000|100%| E|CS|TAMS 0x000000065a600000, 0x000000065a600000| Complete 
| 423|0x000000065a700000, 0x000000065a800000, 0x000000065a800000|100%| E|CS|TAMS 0x000000065a700000, 0x000000065a700000| Complete 
| 424|0x000000065a800000, 0x000000065a900000, 0x000000065a900000|100%| E|CS|TAMS 0x000000065a800000, 0x000000065a800000| Complete 
| 425|0x000000065a900000, 0x000000065aa00000, 0x000000065aa00000|100%| E|CS|TAMS 0x000000065a900000, 0x000000065a900000| Complete 
| 426|0x000000065aa00000, 0x000000065ab00000, 0x000000065ab00000|100%| E|CS|TAMS 0x000000065aa00000, 0x000000065aa00000| Complete 
| 427|0x000000065ab00000, 0x000000065ac00000, 0x000000065ac00000|100%| E|CS|TAMS 0x000000065ab00000, 0x000000065ab00000| Complete 
| 428|0x000000065ac00000, 0x000000065ad00000, 0x000000065ad00000|100%| E|CS|TAMS 0x000000065ac00000, 0x000000065ac00000| Complete 
| 429|0x000000065ad00000, 0x000000065ae00000, 0x000000065ae00000|100%| E|CS|TAMS 0x000000065ad00000, 0x000000065ad00000| Complete 
| 430|0x000000065ae00000, 0x000000065af00000, 0x000000065af00000|100%| E|CS|TAMS 0x000000065ae00000, 0x000000065ae00000| Complete 
| 431|0x000000065af00000, 0x000000065b000000, 0x000000065b000000|100%| E|CS|TAMS 0x000000065af00000, 0x000000065af00000| Complete 
| 432|0x000000065b000000, 0x000000065b100000, 0x000000065b100000|100%| E|CS|TAMS 0x000000065b000000, 0x000000065b000000| Complete 
| 433|0x000000065b100000, 0x000000065b200000, 0x000000065b200000|100%| E|CS|TAMS 0x000000065b100000, 0x000000065b100000| Complete 
| 434|0x000000065b200000, 0x000000065b300000, 0x000000065b300000|100%| E|CS|TAMS 0x000000065b200000, 0x000000065b200000| Complete 
| 435|0x000000065b300000, 0x000000065b400000, 0x000000065b400000|100%| E|CS|TAMS 0x000000065b300000, 0x000000065b300000| Complete 
| 436|0x000000065b400000, 0x000000065b500000, 0x000000065b500000|100%| E|CS|TAMS 0x000000065b400000, 0x000000065b400000| Complete 
| 437|0x000000065b500000, 0x000000065b600000, 0x000000065b600000|100%| E|CS|TAMS 0x000000065b500000, 0x000000065b500000| Complete 
| 438|0x000000065b600000, 0x000000065b700000, 0x000000065b700000|100%| E|CS|TAMS 0x000000065b600000, 0x000000065b600000| Complete 
| 439|0x000000065b700000, 0x000000065b800000, 0x000000065b800000|100%| E|CS|TAMS 0x000000065b700000, 0x000000065b700000| Complete 
| 440|0x000000065b800000, 0x000000065b900000, 0x000000065b900000|100%| E|CS|TAMS 0x000000065b800000, 0x000000065b800000| Complete 
| 441|0x000000065b900000, 0x000000065ba00000, 0x000000065ba00000|100%| E|CS|TAMS 0x000000065b900000, 0x000000065b900000| Complete 
| 442|0x000000065ba00000, 0x000000065bb00000, 0x000000065bb00000|100%| E|CS|TAMS 0x000000065ba00000, 0x000000065ba00000| Complete 
| 443|0x000000065bb00000, 0x000000065bc00000, 0x000000065bc00000|100%| E|CS|TAMS 0x000000065bb00000, 0x000000065bb00000| Complete 
| 444|0x000000065bc00000, 0x000000065bd00000, 0x000000065bd00000|100%| E|CS|TAMS 0x000000065bc00000, 0x000000065bc00000| Complete 
| 445|0x000000065bd00000, 0x000000065be00000, 0x000000065be00000|100%| E|CS|TAMS 0x000000065bd00000, 0x000000065bd00000| Complete 
| 446|0x000000065be00000, 0x000000065bf00000, 0x000000065bf00000|100%| E|CS|TAMS 0x000000065be00000, 0x000000065be00000| Complete 
| 447|0x000000065bf00000, 0x000000065c000000, 0x000000065c000000|100%| E|CS|TAMS 0x000000065bf00000, 0x000000065bf00000| Complete 
| 448|0x000000065c000000, 0x000000065c100000, 0x000000065c100000|100%| E|CS|TAMS 0x000000065c000000, 0x000000065c000000| Complete 
| 449|0x000000065c100000, 0x000000065c200000, 0x000000065c200000|100%| E|CS|TAMS 0x000000065c100000, 0x000000065c100000| Complete 
| 450|0x000000065c200000, 0x000000065c300000, 0x000000065c300000|100%| E|CS|TAMS 0x000000065c200000, 0x000000065c200000| Complete 
| 451|0x000000065c300000, 0x000000065c400000, 0x000000065c400000|100%| E|CS|TAMS 0x000000065c300000, 0x000000065c300000| Complete 
| 452|0x000000065c400000, 0x000000065c500000, 0x000000065c500000|100%| E|CS|TAMS 0x000000065c400000, 0x000000065c400000| Complete 
| 453|0x000000065c500000, 0x000000065c600000, 0x000000065c600000|100%| E|CS|TAMS 0x000000065c500000, 0x000000065c500000| Complete 
| 454|0x000000065c600000, 0x000000065c700000, 0x000000065c700000|100%| E|CS|TAMS 0x000000065c600000, 0x000000065c600000| Complete 
| 455|0x000000065c700000, 0x000000065c800000, 0x000000065c800000|100%| E|CS|TAMS 0x000000065c700000, 0x000000065c700000| Complete 
| 456|0x000000065c800000, 0x000000065c900000, 0x000000065c900000|100%| E|CS|TAMS 0x000000065c800000, 0x000000065c800000| Complete 
| 457|0x000000065c900000, 0x000000065ca00000, 0x000000065ca00000|100%| E|CS|TAMS 0x000000065c900000, 0x000000065c900000| Complete 
| 458|0x000000065ca00000, 0x000000065cb00000, 0x000000065cb00000|100%| E|CS|TAMS 0x000000065ca00000, 0x000000065ca00000| Complete 
| 459|0x000000065cb00000, 0x000000065cc00000, 0x000000065cc00000|100%| E|CS|TAMS 0x000000065cb00000, 0x000000065cb00000| Complete 
| 460|0x000000065cc00000, 0x000000065cd00000, 0x000000065cd00000|100%| E|CS|TAMS 0x000000065cc00000, 0x000000065cc00000| Complete 

Card table byte_map: [0x000000011a800000,0x000000011b400000] _byte_map_base: 0x0000000117600000

Marking Bits (Prev, Next): (CMBitMap*) 0x000000011a01d818, (CMBitMap*) 0x000000011a01d850
 Prev Bits: [0x0000000148000000, 0x000000014e000000)
 Next Bits: [0x000000014e000000, 0x0000000154000000)

Polling page: 0x00000001000c8000

Metaspace:

Usage:
  Non-class:     43.69 MB capacity,    43.05 MB ( 99%) used,   504.77 KB (  1%) free+waste,   145.88 KB ( <1%) overhead. 
      Class:      6.51 MB capacity,     6.06 MB ( 93%) used,   382.39 KB (  6%) free+waste,    72.19 KB (  1%) overhead. 
       Both:     50.20 MB capacity,    49.12 MB ( 98%) used,   887.16 KB (  2%) free+waste,   218.06 KB ( <1%) overhead. 

Virtual space:
  Non-class space:       44.00 MB reserved,      43.92 MB (>99%) committed 
      Class space:        1.00 GB reserved,       6.62 MB ( <1%) committed 
             Both:        1.04 GB reserved,      50.55 MB (  5%) committed 

Chunk freelists:
   Non-Class:  176.00 KB
       Class:  23.00 KB
        Both:  199.00 KB

MaxMetaspaceSize: unlimited
CompressedClassSpaceSize: 1.00 GB
Initial GC threshold: 20.80 MB
Current GC threshold: 58.83 MB
CDS: off

CodeHeap 'non-profiled nmethods': size=120032Kb used=1806Kb max_used=1806Kb free=118225Kb
 bounds [0x0000000111be0000, 0x0000000111e50000, 0x0000000119118000]
CodeHeap 'profiled nmethods': size=120016Kb used=9244Kb max_used=9244Kb free=110771Kb
 bounds [0x000000010a6ac000, 0x000000010afbc000, 0x0000000111be0000]
CodeHeap 'non-nmethods': size=5712Kb used=1249Kb max_used=1355Kb free=4462Kb
 bounds [0x000000010a118000, 0x000000010a388000, 0x000000010a6ac000]
 total_blobs=4516 nmethods=3944 adapters=488
 compilation: enabled
              stopped_count=0, restarted_count=0
 full_count=0

Compilation events (20 events):
Event: 1.595 Thread 0x000000011a05f000 4121       3       java.util.TreeMap$Entry::<init> (25 bytes)
Event: 1.595 Thread 0x000000011a05f000 nmethod 4121 0x000000010afac410 code [0x000000010afac5c0, 0x000000010afac8d0]
Event: 1.596 Thread 0x000000011a05e800 nmethod 4020 0x0000000111d9e910 code [0x0000000111d9ebc0, 0x0000000111d9f510]
Event: 1.596 Thread 0x000000011a05e800 4122 % !   4       java.util.concurrent.ConcurrentHashMap::transfer @ 372 (828 bytes)
Event: 1.596 Thread 0x000000011a05f000 4123       1       org.springframework.boot.autoconfigure.condition.FilteringSpringBootCondition::getBeanClassLoader (5 bytes)
Event: 1.596 Thread 0x000000011a05f000 nmethod 4123 0x0000000111d9f990 code [0x0000000111d9fb40, 0x0000000111d9fc90]
Event: 1.597 Thread 0x000000011a05f000 4125       3       org.springframework.boot.autoconfigure.condition.FilteringSpringBootCondition::filter (82 bytes)
Event: 1.598 Thread 0x000000011a05f000 nmethod 4125 0x000000010afac990 code [0x000000010afacd00, 0x000000010afade40]
Event: 1.598 Thread 0x000000011a05f000 4126       3       org.springframework.boot.autoconfigure.AutoConfigurationMetadataLoader$PropertiesAutoConfigurationMetadata::getSet (8 bytes)
Event: 1.598 Thread 0x000000011a05f000 nmethod 4126 0x000000010afae410 code [0x000000010afae780, 0x000000010afaf640]
Event: 1.598 Thread 0x000000011a05f000 4127       3       sun.nio.cs.UTF_8$Decoder::decodeLoop (28 bytes)
Event: 1.598 Thread 0x000000011a05f000 nmethod 4127 0x000000010afafc90 code [0x000000010afafec0, 0x000000010afb0370]
Event: 1.599 Thread 0x000000011a05f000 4129       3       java.util.AbstractCollection::toArray (70 bytes)
Event: 1.599 Thread 0x000000011a05f000 nmethod 4129 0x000000010afb0510 code [0x000000010afb07c0, 0x000000010afb1320]
Event: 1.599 Thread 0x000000011a05f000 4130       3       org.springframework.core.convert.TypeDescriptor$AnnotatedElementAdapter::<init> (15 bytes)
Event: 1.599 Thread 0x000000011a05f000 nmethod 4130 0x000000010afb1590 code [0x000000010afb1740, 0x000000010afb19d0]
Event: 1.599 Thread 0x000000011a05f000 4131       3       org.springframework.core.ResolvableType::getGeneric (90 bytes)
Event: 1.599 Thread 0x000000011a05f000 nmethod 4131 0x000000010afb1a90 code [0x000000010afb1cc0, 0x000000010afb22f0]
Event: 1.604 Thread 0x000000011a05f000 4137   !   3       org.springframework.boot.autoconfigure.condition.OnClassCondition$StandardOutcomesResolver::getOutcome (74 bytes)
Event: 1.604 Thread 0x000000011a05f000 nmethod 4137 0x000000010afb2510 code [0x000000010afb2780, 0x000000010afb2e10]

GC Heap History (12 events):
Event: 0.214 GC heap before
{Heap before GC invocations=0 (full 0):
 garbage-first heap   total 393216K, used 25600K [0x0000000640000000, 0x00000007c0000000)
  region size 1024K, 24 young (24576K), 0 survivors (0K)
 Metaspace       used 9621K, capacity 9873K, committed 9984K, reserved 1058816K
  class space    used 912K, capacity 1003K, committed 1024K, reserved 1048576K
}
Event: 0.218 GC heap after
{Heap after GC invocations=1 (full 0):
 garbage-first heap   total 393216K, used 11033K [0x0000000640000000, 0x00000007c0000000)
  region size 1024K, 3 young (3072K), 3 survivors (3072K)
 Metaspace       used 9621K, capacity 9873K, committed 9984K, reserved 1058816K
  class space    used 912K, capacity 1003K, committed 1024K, reserved 1048576K
}
Event: 0.300 GC heap before
{Heap before GC invocations=1 (full 0):
 garbage-first heap   total 393216K, used 33561K [0x0000000640000000, 0x00000007c0000000)
  region size 1024K, 25 young (25600K), 3 survivors (3072K)
 Metaspace       used 11366K, capacity 11844K, committed 12160K, reserved 1060864K
  class space    used 1182K, capacity 1353K, committed 1408K, reserved 1048576K
}
Event: 0.303 GC heap after
{Heap after GC invocations=2 (full 0):
 garbage-first heap   total 393216K, used 11278K [0x0000000640000000, 0x00000007c0000000)
  region size 1024K, 1 young (1024K), 1 survivors (1024K)
 Metaspace       used 11366K, capacity 11844K, committed 12160K, reserved 1060864K
  class space    used 1182K, capacity 1353K, committed 1408K, reserved 1048576K
}
Event: 0.494 GC heap before
{Heap before GC invocations=2 (full 0):
 garbage-first heap   total 393216K, used 68622K [0x0000000640000000, 0x00000007c0000000)
  region size 1024K, 57 young (58368K), 1 survivors (1024K)
 Metaspace       used 16649K, capacity 17264K, committed 17408K, reserved 1064960K
  class space    used 1797K, capacity 2036K, committed 2048K, reserved 1048576K
}
Event: 0.497 GC heap after
{Heap after GC invocations=3 (full 0):
 garbage-first heap   total 393216K, used 12829K [0x0000000640000000, 0x00000007c0000000)
  region size 1024K, 2 young (2048K), 2 survivors (2048K)
 Metaspace       used 16649K, capacity 17264K, committed 17408K, reserved 1064960K
  class space    used 1797K, capacity 2036K, committed 2048K, reserved 1048576K
}
Event: 0.620 GC heap before
{Heap before GC invocations=3 (full 0):
 garbage-first heap   total 393216K, used 48669K [0x0000000640000000, 0x00000007c0000000)
  region size 1024K, 38 young (38912K), 2 survivors (2048K)
 Metaspace       used 20382K, capacity 21095K, committed 21296K, reserved 1069056K
  class space    used 2301K, capacity 2604K, committed 2688K, reserved 1048576K
}
Event: 0.622 GC heap after
{Heap after GC invocations=4 (full 0):
 garbage-first heap   total 393216K, used 14062K [0x0000000640000000, 0x00000007c0000000)
  region size 1024K, 4 young (4096K), 4 survivors (4096K)
 Metaspace       used 20382K, capacity 21095K, committed 21296K, reserved 1069056K
  class space    used 2301K, capacity 2604K, committed 2688K, reserved 1048576K
}
Event: 0.841 GC heap before
{Heap before GC invocations=5 (full 0):
 garbage-first heap   total 393216K, used 103150K [0x0000000640000000, 0x00000007c0000000)
  region size 1024K, 91 young (93184K), 4 survivors (4096K)
 Metaspace       used 31744K, capacity 32745K, committed 33072K, reserved 1079296K
  class space    used 3804K, capacity 4200K, committed 4224K, reserved 1048576K
}
Event: 0.846 GC heap after
{Heap after GC invocations=6 (full 0):
 garbage-first heap   total 472064K, used 17184K [0x0000000640000000, 0x00000007c0000000)
  region size 1024K, 7 young (7168K), 7 survivors (7168K)
 Metaspace       used 31744K, capacity 32745K, committed 33072K, reserved 1079296K
  class space    used 3804K, capacity 4200K, committed 4224K, reserved 1048576K
}
Event: 0.911 GC heap before
{Heap before GC invocations=6 (full 0):
 garbage-first heap   total 472064K, used 60192K [0x0000000640000000, 0x00000007c0000000)
  region size 1024K, 50 young (51200K), 7 survivors (7168K)
 Metaspace       used 34686K, capacity 35703K, committed 35888K, reserved 1081344K
  class space    used 4268K, capacity 4713K, committed 4736K, reserved 1048576K
}
Event: 0.915 GC heap after
{Heap after GC invocations=7 (full 0):
 garbage-first heap   total 472064K, used 18521K [0x0000000640000000, 0x00000007c0000000)
  region size 1024K, 8 young (8192K), 8 survivors (8192K)
 Metaspace       used 34686K, capacity 35703K, committed 35888K, reserved 1081344K
  class space    used 4268K, capacity 4713K, committed 4736K, reserved 1048576K
}

Deoptimization events (20 events):
Event: 1.602 Thread 0x0000000134809800 DEOPT PACKING pc=0x000000010a99ea98 sp=0x0000000170052f70
Event: 1.602 Thread 0x0000000134809800 DEOPT UNPACKING pc=0x000000010a14d27c sp=0x0000000170052da0 mode 0
Event: 1.602 Thread 0x0000000134809800 DEOPT PACKING pc=0x000000010a99c130 sp=0x0000000170052fa0
Event: 1.602 Thread 0x0000000134809800 DEOPT UNPACKING pc=0x000000010a14d27c sp=0x0000000170052d80 mode 0
Event: 1.602 Thread 0x0000000134809800 DEOPT PACKING pc=0x000000010a99ea98 sp=0x0000000170052f70
Event: 1.602 Thread 0x0000000134809800 DEOPT UNPACKING pc=0x000000010a14d27c sp=0x0000000170052da0 mode 0
Event: 1.602 Thread 0x0000000134809800 DEOPT PACKING pc=0x000000010a99c130 sp=0x0000000170052fa0
Event: 1.602 Thread 0x0000000134809800 DEOPT UNPACKING pc=0x000000010a14d27c sp=0x0000000170052d80 mode 0
Event: 1.602 Thread 0x0000000134809800 DEOPT PACKING pc=0x000000010a99ea98 sp=0x0000000170052f70
Event: 1.602 Thread 0x0000000134809800 DEOPT UNPACKING pc=0x000000010a14d27c sp=0x0000000170052da0 mode 0
Event: 1.602 Thread 0x0000000134809800 DEOPT PACKING pc=0x000000010a99c130 sp=0x0000000170052fa0
Event: 1.602 Thread 0x0000000134809800 DEOPT UNPACKING pc=0x000000010a14d27c sp=0x0000000170052d80 mode 0
Event: 1.602 Thread 0x0000000134809800 DEOPT PACKING pc=0x000000010a99ea98 sp=0x0000000170052f70
Event: 1.602 Thread 0x0000000134809800 DEOPT UNPACKING pc=0x000000010a14d27c sp=0x0000000170052da0 mode 0
Event: 1.602 Thread 0x0000000134809800 DEOPT PACKING pc=0x000000010a99c130 sp=0x0000000170052fa0
Event: 1.602 Thread 0x0000000134809800 DEOPT UNPACKING pc=0x000000010a14d27c sp=0x0000000170052d80 mode 0
Event: 1.602 Thread 0x0000000134809800 DEOPT PACKING pc=0x000000010a99ea98 sp=0x0000000170052f70
Event: 1.602 Thread 0x0000000134809800 DEOPT UNPACKING pc=0x000000010a14d27c sp=0x0000000170052da0 mode 0
Event: 1.603 Thread 0x0000000134809800 DEOPT PACKING pc=0x000000010a99c130 sp=0x0000000170052f70
Event: 1.603 Thread 0x0000000134809800 DEOPT UNPACKING pc=0x000000010a14d27c sp=0x0000000170052d50 mode 0

Classes redefined (0 events):
No events

Internal exceptions (20 events):
Event: 0.969 Thread 0x0000000134809800 Exception <a 'java/lang/NoSuchMethodError'{0x000000065c5c1618}: 'void java.lang.invoke.DirectMethodHandle$Holder.invokeVirtual(java.lang.Object, java.lang.Object)'> (0x000000065c5c1618) thrown at [src/hotspot/share/interpreter/linkResolver.cpp, line 773]
Event: 0.987 Thread 0x00000001341df800 Exception <a 'java/net/SocketException'{0x000000065be80838}: Socket closed> (0x000000065be80838) thrown at [src/hotspot/share/prims/jni.cpp, line 638]
Event: 1.005 Thread 0x0000000134809800 Exception <a 'java/lang/IncompatibleClassChangeError'{0x000000065b91ff88}: Found class java.lang.Object, but interface was expected> (0x000000065b91ff88) thrown at [src/hotspot/share/interpreter/linkResolver.cpp, line 839]
Event: 1.090 Thread 0x0000000134809800 Exception <a 'java/lang/UnsatisfiedLinkError'{0x0000000657fbffa0}: 'int com.alibaba.nacos.shaded.io.grpc.netty.shaded.io.netty.channel.epoll.Native.offsetofEpollData()'> (0x0000000657fbffa0) thrown at [src/hotspot/share/prims/nativeLookup.cpp, line 528]
Event: 1.090 Thread 0x0000000134809800 Exception <a 'java/lang/ExceptionInInitializerError'{0x0000000657fc1628}> (0x0000000657fc1628) thrown at [src/hotspot/share/oops/instanceKlass.cpp, line 1034]
Event: 1.454 Thread 0x0000000134809800 Exception <a 'java/lang/ClassNotFoundException'{0x00000006548410b8}: java/lang/ObjectCustomizer> (0x00000006548410b8) thrown at [src/hotspot/share/classfile/systemDictionary.cpp, line 230]
Event: 1.455 Thread 0x0000000134809800 Exception <a 'java/lang/ClassNotFoundException'{0x0000000654879be0}: org/springframework/context/annotation/ConfigurationClassPostProcessorCustomizer> (0x0000000654879be0) thrown at [src/hotspot/share/classfile/systemDictionary.cpp, line 230]
Event: 1.455 Thread 0x0000000134809800 Exception <a 'java/lang/ClassNotFoundException'{0x00000006548c1e90}: org/springframework/beans/factory/support/BeanDefinitionRegistryPostProcessorCustomizer> (0x00000006548c1e90) thrown at [src/hotspot/share/classfile/systemDictionary.cpp, line 230]
Event: 1.455 Thread 0x0000000134809800 Exception <a 'java/lang/ClassNotFoundException'{0x00000006548f7570}: org/springframework/beans/factory/config/BeanFactoryPostProcessorCustomizer> (0x00000006548f7570) thrown at [src/hotspot/share/classfile/systemDictionary.cpp, line 230]
Event: 1.456 Thread 0x0000000134809800 Exception <a 'java/lang/ClassNotFoundException'{0x0000000654723d40}: org/springframework/core/PriorityOrderedCustomizer> (0x0000000654723d40) thrown at [src/hotspot/share/classfile/systemDictionary.cpp, line 230]
Event: 1.456 Thread 0x0000000134809800 Exception <a 'java/lang/ClassNotFoundException'{0x000000065474c570}: org/springframework/core/OrderedCustomizer> (0x000000065474c570) thrown at [src/hotspot/share/classfile/systemDictionary.cpp, line 230]
Event: 1.456 Thread 0x0000000134809800 Exception <a 'java/lang/ClassNotFoundException'{0x000000065477a548}: org/springframework/context/ResourceLoaderAwareCustomizer> (0x000000065477a548) thrown at [src/hotspot/share/classfile/systemDictionary.cpp, line 230]
Event: 1.456 Thread 0x0000000134809800 Exception <a 'java/lang/ClassNotFoundException'{0x00000006547a6178}: org/springframework/beans/factory/AwareCustomizer> (0x00000006547a6178) thrown at [src/hotspot/share/classfile/systemDictionary.cpp, line 230]
Event: 1.456 Thread 0x0000000134809800 Exception <a 'java/lang/ClassNotFoundException'{0x00000006547d5600}: org/springframework/context/ApplicationStartupAwareCustomizer> (0x00000006547d5600) thrown at [src/hotspot/share/classfile/systemDictionary.cpp, line 230]
Event: 1.457 Thread 0x0000000134809800 Exception <a 'java/lang/ClassNotFoundException'{0x0000000654601918}: org/springframework/beans/factory/AwareCustomizer> (0x0000000654601918) thrown at [src/hotspot/share/classfile/systemDictionary.cpp, line 230]
Event: 1.457 Thread 0x0000000134809800 Exception <a 'java/lang/ClassNotFoundException'{0x0000000654631ad0}: org/springframework/beans/factory/BeanClassLoaderAwareCustomizer> (0x0000000654631ad0) thrown at [src/hotspot/share/classfile/systemDictionary.cpp, line 230]
Event: 1.457 Thread 0x0000000134809800 Exception <a 'java/lang/ClassNotFoundException'{0x000000065465d318}: org/springframework/beans/factory/AwareCustomizer> (0x000000065465d318) thrown at [src/hotspot/share/classfile/systemDictionary.cpp, line 230]
Event: 1.457 Thread 0x0000000134809800 Exception <a 'java/lang/ClassNotFoundException'{0x000000065468a6e0}: org/springframework/context/EnvironmentAwareCustomizer> (0x000000065468a6e0) thrown at [src/hotspot/share/classfile/systemDictionary.cpp, line 230]
Event: 1.457 Thread 0x0000000134809800 Exception <a 'java/lang/ClassNotFoundException'{0x00000006546b5ea0}: org/springframework/beans/factory/AwareCustomizer> (0x00000006546b5ea0) thrown at [src/hotspot/share/classfile/systemDictionary.cpp, line 230]
Event: 1.585 Thread 0x0000000124062000 Exception <a 'java/lang/NoClassDefFoundError'{0x0000000651345c78}: org/glassfish/jersey/server/monitoring/ApplicationEventListener> (0x0000000651345c78) thrown at [src/hotspot/share/classfile/systemDictionary.cpp, line 219]

Events (20 events):
Event: 1.605 loading class io/micrometer/atlas/AtlasMeterRegistry
Event: 1.605 loading class io/micrometer/atlas/AtlasMeterRegistry done
Event: 1.605 loading class com/mongodb/client/MongoClient
Event: 1.605 loading class com/mongodb/client/MongoClient done
Event: 1.605 loading class io/micrometer/datadog/DatadogMeterRegistry
Event: 1.605 loading class io/micrometer/datadog/DatadogMeterRegistry done
Event: 1.605 loading class org/neo4j/driver/Driver
Event: 1.605 loading class org/neo4j/driver/Driver done
Event: 1.605 loading class io/micrometer/dynatrace/DynatraceMeterRegistry
Event: 1.605 loading class io/micrometer/dynatrace/DynatraceMeterRegistry done
Event: 1.605 loading class org/neo4j/driver/Driver
Event: 1.605 loading class org/neo4j/driver/Driver done
Event: 1.605 loading class io/micrometer/elastic/ElasticMeterRegistry
Event: 1.605 loading class io/micrometer/elastic/ElasticMeterRegistry done
Event: 1.605 loading class org/neo4j/driver/Driver
Event: 1.605 loading class org/neo4j/driver/Driver done
Event: 1.605 loading class io/micrometer/ganglia/GangliaMeterRegistry
Event: 1.605 loading class io/micrometer/ganglia/GangliaMeterRegistry done
Event: 1.605 loading class org/neo4j/driver/Driver
Event: 1.605 loading class org/neo4j/driver/Driver done


Dynamic libraries:
0x0000000100074000 	/opt/homebrew/Cellar/openjdk@11/11.0.25/libexec/openjdk.jdk/Contents/Home/lib/jli/libjli.dylib
0x00000001a4ec3000 	/System/Library/Frameworks/Cocoa.framework/Versions/A/Cocoa
0x000000018c713000 	/System/Library/Frameworks/AppKit.framework/Versions/C/AppKit
0x000000018f9fb000 	/System/Library/Frameworks/CoreData.framework/Versions/A/CoreData
0x0000000189d8a000 	/System/Library/Frameworks/Foundation.framework/Versions/C/Foundation
0x0000000196968000 	/usr/lib/libSystem.B.dylib
0x000000018dba1000 	/System/Library/PrivateFrameworks/UIFoundation.framework/Versions/A/UIFoundation
0x0000000236c5c000 	/System/Library/PrivateFrameworks/CollectionViewCore.framework/Versions/A/CollectionViewCore
0x000000019df05000 	/System/Library/PrivateFrameworks/RemoteViewServices.framework/Versions/A/RemoteViewServices
0x0000000194504000 	/System/Library/PrivateFrameworks/XCTTargetBootstrap.framework/Versions/A/XCTTargetBootstrap
0x00000001990e2000 	/System/Library/PrivateFrameworks/InternationalSupport.framework/Versions/A/InternationalSupport
0x0000000199439000 	/System/Library/PrivateFrameworks/UserActivity.framework/Versions/A/UserActivity
0x0000000264e37000 	/System/Library/PrivateFrameworks/UIIntelligenceSupport.framework/Versions/A/UIIntelligenceSupport
0x00000001ef01f000 	/System/Library/Frameworks/SwiftUICore.framework/Versions/A/SwiftUICore
0x0000000269e72000 	/System/Library/PrivateFrameworks/WritingTools.framework/Versions/A/WritingTools
0x0000000268ebd000 	/System/Library/PrivateFrameworks/WindowManagement.framework/Versions/A/WindowManagement
0x00000001899ee000 	/System/Library/Frameworks/SystemConfiguration.framework/Versions/A/SystemConfiguration
0x0000000198549000 	/usr/lib/libspindump.dylib
0x000000018dd53000 	/System/Library/Frameworks/UniformTypeIdentifiers.framework/Versions/A/UniformTypeIdentifiers
0x0000000195d5c000 	/usr/lib/libbsm.0.dylib
0x0000000191f8d000 	/usr/lib/libapp_launch_measurement.dylib
0x0000000191336000 	/System/Library/PrivateFrameworks/CoreAnalytics.framework/Versions/A/CoreAnalytics
0x0000000191f91000 	/System/Library/PrivateFrameworks/CoreAutoLayout.framework/Versions/A/CoreAutoLayout
0x0000000193b20000 	/System/Library/Frameworks/Metal.framework/Versions/A/Metal
0x0000000194d42000 	/usr/lib/liblangid.dylib
0x000000019450a000 	/System/Library/PrivateFrameworks/CoreSVG.framework/Versions/A/CoreSVG
0x000000018e776000 	/System/Library/PrivateFrameworks/SkyLight.framework/Versions/A/SkyLight
0x000000018ec9b000 	/System/Library/Frameworks/CoreGraphics.framework/Versions/A/CoreGraphics
0x000000019e5e4000 	/System/Library/Frameworks/Accelerate.framework/Versions/A/Accelerate
0x000000019838c000 	/System/Library/PrivateFrameworks/IconServices.framework/Versions/A/IconServices
0x0000000193afd000 	/System/Library/Frameworks/IOSurface.framework/Versions/A/IOSurface
0x0000000191367000 	/usr/lib/libDiagnosticMessagesClient.dylib
0x00000001968b2000 	/usr/lib/libz.1.dylib
0x00000001a24ee000 	/System/Library/Frameworks/ApplicationServices.framework/Versions/A/ApplicationServices
0x00000001944ef000 	/System/Library/PrivateFrameworks/DFRFoundation.framework/Versions/A/DFRFoundation
0x000000018bf79000 	/usr/lib/libicucore.A.dylib
0x000000019a4bd000 	/System/Library/Frameworks/AudioToolbox.framework/Versions/A/AudioToolbox
0x00000001993ea000 	/System/Library/PrivateFrameworks/DataDetectorsCore.framework/Versions/A/DataDetectorsCore
0x00000001b5027000 	/System/Library/PrivateFrameworks/TextInput.framework/Versions/A/TextInput
0x000000018e6c2000 	/usr/lib/libMobileGestalt.dylib
0x00000001941e8000 	/System/Library/Frameworks/Carbon.framework/Versions/A/Frameworks/HIToolbox.framework/Versions/A/HIToolbox
0x000000019186e000 	/System/Library/Frameworks/QuartzCore.framework/Versions/A/QuartzCore
0x000000018bb70000 	/System/Library/Frameworks/Security.framework/Versions/A/Security
0x000000019df41000 	/System/Library/Frameworks/Carbon.framework/Versions/A/Frameworks/SpeechRecognition.framework/Versions/A/SpeechRecognition
0x0000000191c95000 	/System/Library/PrivateFrameworks/CoreUI.framework/Versions/A/CoreUI
0x000000018b43d000 	/System/Library/Frameworks/CoreAudio.framework/Versions/A/CoreAudio
0x0000000191455000 	/System/Library/Frameworks/DiskArbitration.framework/Versions/A/DiskArbitration
0x00000001989af000 	/System/Library/PrivateFrameworks/MultitouchSupport.framework/Versions/A/MultitouchSupport
0x000000018e6c0000 	/usr/lib/libenergytrace.dylib
0x00000001a966c000 	/System/Library/PrivateFrameworks/RenderBox.framework/Versions/A/RenderBox
0x000000018c5c3000 	/System/Library/Frameworks/IOKit.framework/Versions/A/IOKit
0x000000019e338000 	/System/Library/Frameworks/CoreServices.framework/Versions/A/CoreServices
0x0000000191f1e000 	/System/Library/PrivateFrameworks/PerformanceAnalysis.framework/Versions/A/PerformanceAnalysis
0x00000001e8a11000 	/System/Library/Frameworks/OpenGL.framework/Versions/A/OpenGL
0x0000000191fdb000 	/usr/lib/libxml2.2.dylib
0x0000000195c40000 	/System/Library/PrivateFrameworks/MobileKeyBag.framework/Versions/A/MobileKeyBag
0x0000000188618000 	/usr/lib/libobjc.A.dylib
0x0000000188924000 	/usr/lib/libc++.1.dylib
0x000000019e2b9000 	/System/Library/Frameworks/Accessibility.framework/Versions/A/Accessibility
0x000000018f3cc000 	/System/Library/Frameworks/ColorSync.framework/Versions/A/ColorSync
0x0000000188a80000 	/System/Library/Frameworks/CoreFoundation.framework/Versions/A/CoreFoundation
0x00000001948c4000 	/System/Library/Frameworks/CoreImage.framework/Versions/A/CoreImage
0x000000018b21e000 	/System/Library/Frameworks/CoreText.framework/Versions/A/CoreText
0x00000001e9f4e000 	/System/Library/Frameworks/CoreTransferable.framework/Versions/A/CoreTransferable
0x00000001ea4d2000 	/System/Library/Frameworks/DataDetection.framework/Versions/A/DataDetection
0x00000001ea4d5000 	/System/Library/Frameworks/DeveloperToolsSupport.framework/Versions/A/DeveloperToolsSupport
0x0000000194545000 	/System/Library/Frameworks/ImageIO.framework/Versions/A/ImageIO
0x00000001efbc6000 	/System/Library/Frameworks/Symbols.framework/Versions/A/Symbols
0x00000001dc22b000 	/System/Library/PrivateFrameworks/FeatureFlags.framework/Versions/A/FeatureFlags
0x000000019696d000 	/System/Library/PrivateFrameworks/SoftLinking.framework/Versions/A/SoftLinking
0x00000001c7bfd000 	/usr/lib/swift/libswiftAccelerate.dylib
0x0000000199e53000 	/usr/lib/swift/libswiftCore.dylib
0x00000001b16f1000 	/usr/lib/swift/libswiftCoreFoundation.dylib
0x00000001b174b000 	/usr/lib/swift/libswiftCoreImage.dylib
0x00000001aeb15000 	/usr/lib/swift/libswiftDarwin.dylib
0x0000000271691000 	/usr/lib/swift/libswiftDataDetection.dylib
0x000000019fe2d000 	/usr/lib/swift/libswiftDispatch.dylib
0x00000001b174c000 	/usr/lib/swift/libswiftIOKit.dylib
0x00000001be243000 	/usr/lib/swift/libswiftMetal.dylib
0x00000001cd129000 	/usr/lib/swift/libswiftOSLog.dylib
0x00000001a2a93000 	/usr/lib/swift/libswiftObjectiveC.dylib
0x00000002716be000 	/usr/lib/swift/libswiftObservation.dylib
0x00000001c35ce000 	/usr/lib/swift/libswiftQuartzCore.dylib
0x00000001c7bee000 	/usr/lib/swift/libswiftUniformTypeIdentifiers.dylib
0x00000001b1703000 	/usr/lib/swift/libswiftXPC.dylib
0x00000002717a4000 	/usr/lib/swift/libswift_Builtin_float.dylib
0x00000002717a7000 	/usr/lib/swift/libswift_Concurrency.dylib
0x0000000271906000 	/usr/lib/swift/libswift_StringProcessing.dylib
0x0000000271999000 	/usr/lib/swift/libswift_errno.dylib
0x000000027199b000 	/usr/lib/swift/libswift_math.dylib
0x000000027199e000 	/usr/lib/swift/libswift_signal.dylib
0x000000027199f000 	/usr/lib/swift/libswift_stdio.dylib
0x00000002719a0000 	/usr/lib/swift/libswift_time.dylib
0x00000001a2a97000 	/usr/lib/swift/libswiftos.dylib
0x00000001b4f7e000 	/usr/lib/swift/libswiftsimd.dylib
0x00000002719a1000 	/usr/lib/swift/libswiftsys_time.dylib
0x00000002719a2000 	/usr/lib/swift/libswiftunistd.dylib
0x0000000196b81000 	/usr/lib/libcompression.dylib
0x0000000199042000 	/System/Library/PrivateFrameworks/TextureIO.framework/Versions/A/TextureIO
0x000000019802c000 	/usr/lib/libate.dylib
0x0000000196962000 	/usr/lib/system/libcache.dylib
0x000000019691d000 	/usr/lib/system/libcommonCrypto.dylib
0x0000000196948000 	/usr/lib/system/libcompiler_rt.dylib
0x000000019693d000 	/usr/lib/system/libcopyfile.dylib
0x0000000188772000 	/usr/lib/system/libcorecrypto.dylib
0x0000000188858000 	/usr/lib/system/libdispatch.dylib
0x0000000188a18000 	/usr/lib/system/libdyld.dylib
0x0000000196958000 	/usr/lib/system/libkeymgr.dylib
0x0000000196900000 	/usr/lib/system/libmacho.dylib
0x0000000195d35000 	/usr/lib/system/libquarantine.dylib
0x0000000196955000 	/usr/lib/system/libremovefile.dylib
0x000000018e73c000 	/usr/lib/system/libsystem_asl.dylib
0x0000000188707000 	/usr/lib/system/libsystem_blocks.dylib
0x00000001888a2000 	/usr/lib/system/libsystem_c.dylib
0x000000019694c000 	/usr/lib/system/libsystem_collections.dylib
0x0000000194d2f000 	/usr/lib/system/libsystem_configuration.dylib
0x0000000193acc000 	/usr/lib/system/libsystem_containermanager.dylib
0x0000000196444000 	/usr/lib/system/libsystem_coreservices.dylib
0x000000018c245000 	/usr/lib/system/libsystem_darwin.dylib
0x0000000271ad7000 	/usr/lib/system/libsystem_darwindirectory.dylib
0x0000000196959000 	/usr/lib/system/libsystem_dnssd.dylib
0x0000000271adb000 	/usr/lib/system/libsystem_eligibility.dylib
0x000000018889f000 	/usr/lib/system/libsystem_featureflags.dylib
0x0000000188a50000 	/usr/lib/system/libsystem_info.dylib
0x00000001968c1000 	/usr/lib/system/libsystem_m.dylib
0x0000000188811000 	/usr/lib/system/libsystem_malloc.dylib
0x000000018e6a5000 	/usr/lib/system/libsystem_networkextension.dylib
0x000000018c6a6000 	/usr/lib/system/libsystem_notify.dylib
0x0000000194d34000 	/usr/lib/system/libsystem_sandbox.dylib
0x0000000271ae3000 	/usr/lib/system/libsystem_sanitizers.dylib
0x0000000196951000 	/usr/lib/system/libsystem_secinit.dylib
0x00000001889cf000 	/usr/lib/system/libsystem_kernel.dylib
0x0000000188a48000 	/usr/lib/system/libsystem_platform.dylib
0x0000000188a0b000 	/usr/lib/system/libsystem_pthread.dylib
0x0000000190295000 	/usr/lib/system/libsystem_symptoms.dylib
0x0000000188756000 	/usr/lib/system/libsystem_trace.dylib
0x000000019692b000 	/usr/lib/system/libunwind.dylib
0x000000018870b000 	/usr/lib/system/libxpc.dylib
0x00000001889b1000 	/usr/lib/libc++abi.dylib
0x00000002706b6000 	/usr/lib/libRosetta.dylib
0x000000018c543000 	/System/Library/PrivateFrameworks/CoreServicesInternal.framework/Versions/A/CoreServicesInternal
0x0000000196935000 	/usr/lib/liboah.dylib
0x000000019696a000 	/usr/lib/libfakelink.dylib
0x00000001a1fa3000 	/System/Library/PrivateFrameworks/DiskImages.framework/Versions/A/DiskImages
0x00000001ae63f000 	/System/Library/Frameworks/NetFS.framework/Versions/A/NetFS
0x000000018e2db000 	/System/Library/Frameworks/CFNetwork.framework/Versions/A/CFNetwork
0x0000000191f55000 	/System/Library/Frameworks/CoreServices.framework/Versions/A/Frameworks/FSEvents.framework/Versions/A/FSEvents
0x000000018c250000 	/System/Library/Frameworks/CoreServices.framework/Versions/A/Frameworks/CarbonCore.framework/Versions/A/CarbonCore
0x00000001913ca000 	/System/Library/Frameworks/CoreServices.framework/Versions/A/Frameworks/Metadata.framework/Versions/A/Metadata
0x000000019644b000 	/System/Library/Frameworks/CoreServices.framework/Versions/A/Frameworks/OSServices.framework/Versions/A/OSServices
0x0000000196ab7000 	/System/Library/Frameworks/CoreServices.framework/Versions/A/Frameworks/SearchKit.framework/Versions/A/SearchKit
0x0000000190210000 	/System/Library/Frameworks/CoreServices.framework/Versions/A/Frameworks/AE.framework/Versions/A/AE
0x0000000188fbf000 	/System/Library/Frameworks/CoreServices.framework/Versions/A/Frameworks/LaunchServices.framework/Versions/A/LaunchServices
0x0000000197e81000 	/System/Library/Frameworks/CoreServices.framework/Versions/A/Frameworks/DictionaryServices.framework/Versions/A/DictionaryServices
0x0000000191f63000 	/System/Library/Frameworks/CoreServices.framework/Versions/A/Frameworks/SharedFileList.framework/Versions/A/SharedFileList
0x0000000196b4c000 	/usr/lib/libapple_nghttp2.dylib
0x000000018fe71000 	/usr/lib/libsqlite3.dylib
0x000000019ab35000 	/System/Library/Frameworks/GSS.framework/Versions/A/GSS
0x00000001901a7000 	/System/Library/PrivateFrameworks/RunningBoardServices.framework/Versions/A/RunningBoardServices
0x000000019029e000 	/System/Library/Frameworks/Network.framework/Versions/A/Network
0x0000000196904000 	/usr/lib/system/libkxld.dylib
0x0000000232a81000 	/System/Library/PrivateFrameworks/AppleKeyStore.framework/Versions/A/AppleKeyStore
0x000000027050f000 	/usr/lib/libCoreEntitlements.dylib
0x000000024d99a000 	/System/Library/PrivateFrameworks/MessageSecurity.framework/Versions/A/MessageSecurity
0x000000018fe56000 	/System/Library/PrivateFrameworks/ProtocolBuffer.framework/Versions/A/ProtocolBuffer
0x000000019642b000 	/System/Library/PrivateFrameworks/AppleFSCompression.framework/Versions/A/AppleFSCompression
0x0000000195d44000 	/usr/lib/libcoretls.dylib
0x0000000197ef7000 	/usr/lib/libcoretls_cfhelpers.dylib
0x0000000196b7b000 	/usr/lib/libpam.2.dylib
0x0000000197f6b000 	/usr/lib/libxar.1.dylib
0x00000001969bf000 	/usr/lib/libarchive.2.dylib
0x000000019c234000 	/System/Library/Frameworks/Combine.framework/Versions/A/Combine
0x0000000236c80000 	/System/Library/PrivateFrameworks/CollectionsInternal.framework/Versions/A/CollectionsInternal
0x00000002566f2000 	/System/Library/PrivateFrameworks/ReflectionInternal.framework/Versions/A/ReflectionInternal
0x0000000257398000 	/System/Library/PrivateFrameworks/RuntimeInternal.framework/Versions/A/RuntimeInternal
0x0000000271735000 	/usr/lib/swift/libswiftSystem.dylib
0x0000000194d3d000 	/System/Library/PrivateFrameworks/AppleSystemInfo.framework/Versions/A/AppleSystemInfo
0x00000001b15dd000 	/System/Library/PrivateFrameworks/LoggingSupport.framework/Versions/A/LoggingSupport
0x000000019f2f1000 	/System/Library/PrivateFrameworks/PowerLog.framework/Versions/A/PowerLog
0x00000001eeee4000 	/System/Library/Frameworks/SwiftData.framework/Versions/A/SwiftData
0x0000000192165000 	/System/Library/PrivateFrameworks/UserManagement.framework/Versions/A/UserManagement
0x000000018e20a000 	/usr/lib/libboringssl.dylib
0x0000000190284000 	/usr/lib/libdns_services.dylib
0x00000001b0798000 	/usr/lib/libquic.dylib
0x0000000199de2000 	/usr/lib/libusrtcp.dylib
0x00000001d4f2c000 	/System/Library/PrivateFrameworks/InternalSwiftProtobuf.framework/Versions/A/InternalSwiftProtobuf
0x0000000271692000 	/usr/lib/swift/libswiftDistributed.dylib
0x000000027172b000 	/usr/lib/swift/libswiftSynchronization.dylib
0x000000018e2da000 	/usr/lib/libnetwork.dylib
0x00000001c2221000 	/System/Library/PrivateFrameworks/OSAnalytics.framework/Versions/A/OSAnalytics
0x0000000196b27000 	/System/Library/PrivateFrameworks/AppleSauce.framework/Versions/A/AppleSauce
0x00000001a05c1000 	/System/Library/PrivateFrameworks/CoreSymbolication.framework/Versions/A/CoreSymbolication
0x00000001d0c5c000 	/System/Library/PrivateFrameworks/Symbolication.framework/Versions/A/Symbolication
0x00000001a059d000 	/System/Library/PrivateFrameworks/DebugSymbols.framework/Versions/A/DebugSymbols
0x00000002703da000 	/usr/lib/libAppleArchive.dylib
0x0000000196437000 	/usr/lib/libbz2.1.0.dylib
0x0000000197ed8000 	/usr/lib/liblzma.5.dylib
0x0000000195a3a000 	/System/Library/PrivateFrameworks/IOMobileFramebuffer.framework/Versions/A/IOMobileFramebuffer
0x00000001b1666000 	/System/Library/PrivateFrameworks/MallocStackLogging.framework/Versions/A/MallocStackLogging
0x00000001980c6000 	/System/Library/PrivateFrameworks/CrashReporterSupport.framework/Versions/A/CrashReporterSupport
0x0000000189882000 	/System/Library/PrivateFrameworks/Lexicon.framework/Versions/A/Lexicon
0x0000000245edb000 	/System/Library/PrivateFrameworks/IO80211.framework/Versions/A/IO80211
0x00000001a00c4000 	/System/Library/PrivateFrameworks/FrontBoardServices.framework/Versions/A/FrontBoardServices
0x0000000195c6c000 	/System/Library/Frameworks/SecurityFoundation.framework/Versions/A/SecurityFoundation
0x0000000195dce000 	/usr/lib/libgermantok.dylib
0x0000000194e61000 	/System/Library/PrivateFrameworks/LinguisticData.framework/Versions/A/LinguisticData
0x00000001900c2000 	/System/Library/PrivateFrameworks/BaseBoard.framework/Versions/A/BaseBoard
0x00000001a0191000 	/System/Library/PrivateFrameworks/BoardServices.framework/Versions/A/BoardServices
0x0000000195c5d000 	/System/Library/PrivateFrameworks/AssertionServices.framework/Versions/A/AssertionServices
0x00000001a1dde000 	/System/Library/PrivateFrameworks/BackBoardServices.framework/Versions/A/BackBoardServices
0x0000000193f16000 	/System/Library/PrivateFrameworks/FontServices.framework/libFontParser.dylib
0x000000018e754000 	/System/Library/PrivateFrameworks/TCC.framework/Versions/A/TCC
0x00000001a5958000 	/System/Library/PrivateFrameworks/IOSurfaceAccelerator.framework/Versions/A/IOSurfaceAccelerator
0x00000001989ad000 	/System/Library/PrivateFrameworks/WatchdogClient.framework/Versions/A/WatchdogClient
0x000000018ad45000 	/System/Library/Frameworks/CoreDisplay.framework/Versions/A/CoreDisplay
0x0000000193dbb000 	/System/Library/Frameworks/CoreMedia.framework/Versions/A/CoreMedia
0x0000000193b16000 	/System/Library/PrivateFrameworks/IOAccelerator.framework/Versions/A/IOAccelerator
0x00000001920c5000 	/System/Library/Frameworks/CoreVideo.framework/Versions/A/CoreVideo
0x0000000196b79000 	/System/Library/Frameworks/MetalPerformanceShaders.framework/Versions/A/MetalPerformanceShaders
0x0000000255a6e000 	/System/Library/PrivateFrameworks/ProDisplayLibrary.framework/Versions/A/ProDisplayLibrary
0x00000001989f5000 	/System/Library/Frameworks/VideoToolbox.framework/Versions/A/VideoToolbox
0x0000000194d3b000 	/System/Library/PrivateFrameworks/AggregateDictionary.framework/Versions/A/AggregateDictionary
0x0000000197ef9000 	/System/Library/PrivateFrameworks/APFS.framework/Versions/A/APFS
0x0000000197f7a000 	/usr/lib/libutil.dylib
0x00000002605b7000 	/System/Library/PrivateFrameworks/SwiftASN1Internal.framework/Versions/A/SwiftASN1Internal
0x000000019145e000 	/System/Library/Frameworks/Accelerate.framework/Versions/A/Frameworks/vImage.framework/Versions/A/vImage
0x000000019e313000 	/System/Library/Frameworks/Accelerate.framework/Versions/A/Frameworks/vecLib.framework/Versions/A/vecLib
0x0000000197fb2000 	/System/Library/Frameworks/Accelerate.framework/Versions/A/Frameworks/vecLib.framework/Versions/A/libvMisc.dylib
0x0000000189436000 	/System/Library/Frameworks/Accelerate.framework/Versions/A/Frameworks/vecLib.framework/Versions/A/libBLAS.dylib
0x000000019a70c000 	/System/Library/Frameworks/ApplicationServices.framework/Versions/A/Frameworks/ATS.framework/Versions/A/ATS
0x000000018f582000 	/System/Library/Frameworks/ApplicationServices.framework/Versions/A/Frameworks/HIServices.framework/Versions/A/HIServices
0x0000000198fcb000 	/System/Library/Frameworks/ApplicationServices.framework/Versions/A/Frameworks/PrintCore.framework/Versions/A/PrintCore
0x000000019aaff000 	/System/Library/Frameworks/ApplicationServices.framework/Versions/A/Frameworks/QD.framework/Versions/A/QD
0x000000019aaf6000 	/System/Library/Frameworks/ApplicationServices.framework/Versions/A/Frameworks/ColorSyncLegacy.framework/Versions/A/ColorSyncLegacy
0x000000019a6de000 	/System/Library/Frameworks/ApplicationServices.framework/Versions/A/Frameworks/SpeechSynthesis.framework/Versions/A/SpeechSynthesis
0x0000000195a07000 	/System/Library/PrivateFrameworks/CoreEmoji.framework/Versions/A/CoreEmoji
0x000000023d023000 	/System/Library/PrivateFrameworks/FontServices.framework/Versions/A/FontServices
0x00000001984fe000 	/System/Library/PrivateFrameworks/OTSVG.framework/Versions/A/OTSVG
0x0000000191c43000 	/System/Library/Frameworks/ApplicationServices.framework/Versions/A/Frameworks/ATS.framework/Versions/A/Resources/libFontRegistry.dylib
0x0000000270a96000 	/usr/lib/libhvf.dylib
0x000000025199e000 	/System/Library/PrivateFrameworks/ParsingInternal.framework/Versions/A/ParsingInternal
0x00000002716db000 	/usr/lib/swift/libswiftRegexBuilder.dylib
0x0000000271863000 	/usr/lib/swift/libswift_RegexParser.dylib
0x0000000198876000 	/System/Library/PrivateFrameworks/AppleJPEG.framework/Versions/A/AppleJPEG
0x000000019831b000 	/usr/lib/libexpat.1.dylib
0x0000000198ea1000 	/System/Library/Frameworks/ImageIO.framework/Versions/A/Resources/libPng.dylib
0x0000000198ecc000 	/System/Library/Frameworks/ImageIO.framework/Versions/A/Resources/libTIFF.dylib
0x0000000198fb6000 	/System/Library/Frameworks/ImageIO.framework/Versions/A/Resources/libGIF.dylib
0x00000001988bc000 	/System/Library/Frameworks/ImageIO.framework/Versions/A/Resources/libJP2.dylib
0x0000000198f5d000 	/System/Library/Frameworks/ImageIO.framework/Versions/A/Resources/libJPEG.dylib
0x0000000198f54000 	/System/Library/Frameworks/ImageIO.framework/Versions/A/Resources/libRadiance.dylib
0x0000000241cf1000 	/System/Library/PrivateFrameworks/GPUCompiler.framework/Versions/32023/Libraries/libllvm-flatbuffers.dylib
0x000000023d0ee000 	/System/Library/PrivateFrameworks/FramePacing.framework/Versions/A/FramePacing
0x00000001e8a03000 	/System/Library/Frameworks/OpenGL.framework/Versions/A/Libraries/libCoreFSCache.dylib
0x000000023dc62000 	/System/Library/PrivateFrameworks/GPUCompiler.framework/Versions/32023/Libraries/libGPUCompilerUtils.dylib
0x000000023d024000 	/System/Library/PrivateFrameworks/FontServices.framework/libXTFontStaticRegistryData.dylib
0x00000001a3bda000 	/System/Library/PrivateFrameworks/ASEProcessing.framework/Versions/A/ASEProcessing
0x0000000254bf3000 	/System/Library/PrivateFrameworks/PhotosensitivityProcessing.framework/Versions/A/PhotosensitivityProcessing
0x00000001984f2000 	/System/Library/PrivateFrameworks/GraphVisualizer.framework/Versions/A/GraphVisualizer
0x00000001e8a61000 	/System/Library/Frameworks/OpenGL.framework/Versions/A/Libraries/libGLU.dylib
0x00000001e8a25000 	/System/Library/Frameworks/OpenGL.framework/Versions/A/Libraries/libGFXShared.dylib
0x00000001e8bed000 	/System/Library/Frameworks/OpenGL.framework/Versions/A/Libraries/libGL.dylib
0x00000001e8a2e000 	/System/Library/Frameworks/OpenGL.framework/Versions/A/Libraries/libGLImage.dylib
0x00000001e8a22000 	/System/Library/Frameworks/OpenGL.framework/Versions/A/Libraries/libCVMSPluginSupport.dylib
0x00000001e8a0b000 	/System/Library/Frameworks/OpenGL.framework/Versions/A/Libraries/libCoreVMClient.dylib
0x0000000194c7f000 	/System/Library/Frameworks/MetalPerformanceShaders.framework/Versions/A/Frameworks/MPSCore.framework/Versions/A/MPSCore
0x0000000196396000 	/System/Library/Frameworks/MetalPerformanceShaders.framework/Versions/A/Frameworks/MPSImage.framework/Versions/A/MPSImage
0x0000000195de6000 	/System/Library/Frameworks/MetalPerformanceShaders.framework/Versions/A/Frameworks/MPSNeuralNetwork.framework/Versions/A/MPSNeuralNetwork
0x000000019621d000 	/System/Library/Frameworks/MetalPerformanceShaders.framework/Versions/A/Frameworks/MPSMatrix.framework/Versions/A/MPSMatrix
0x0000000196032000 	/System/Library/Frameworks/MetalPerformanceShaders.framework/Versions/A/Frameworks/MPSRayIntersector.framework/Versions/A/MPSRayIntersector
0x000000019624f000 	/System/Library/Frameworks/MetalPerformanceShaders.framework/Versions/A/Frameworks/MPSNDArray.framework/Versions/A/MPSNDArray
0x00000001ec2e6000 	/System/Library/Frameworks/MetalPerformanceShaders.framework/Versions/A/Frameworks/MPSFunctions.framework/Versions/A/MPSFunctions
0x00000001ec2c8000 	/System/Library/Frameworks/MetalPerformanceShaders.framework/Versions/A/Frameworks/MPSBenchmarkLoop.framework/Versions/A/MPSBenchmarkLoop
0x00000001892b1000 	/System/Library/PrivateFrameworks/MetalTools.framework/Versions/A/MetalTools
0x00000001b6323000 	/System/Library/PrivateFrameworks/IOAccelMemoryInfo.framework/Versions/A/IOAccelMemoryInfo
0x00000001c39c3000 	/System/Library/PrivateFrameworks/kperf.framework/Versions/A/kperf
0x00000001b16cc000 	/System/Library/PrivateFrameworks/GPURawCounter.framework/Versions/A/GPURawCounter
0x0000000198f88000 	/System/Library/Frameworks/ApplicationServices.framework/Versions/A/Frameworks/ATSUI.framework/Versions/A/ATSUI
0x000000019aa8a000 	/usr/lib/libcups.2.dylib
0x000000019ab24000 	/System/Library/Frameworks/Kerberos.framework/Versions/A/Kerberos
0x000000019a78a000 	/usr/lib/libresolv.9.dylib
0x00000001969a4000 	/usr/lib/libiconv.2.dylib
0x0000000198550000 	/System/Library/PrivateFrameworks/Heimdal.framework/Versions/A/Heimdal
0x00000001a29ea000 	/System/Library/Frameworks/Kerberos.framework/Versions/A/Libraries/libHeimdalProxy.dylib
0x0000000198335000 	/usr/lib/libheimdal-asn1.dylib
0x0000000191f28000 	/System/Library/Frameworks/OpenDirectory.framework/Versions/A/OpenDirectory
0x000000019ab87000 	/System/Library/PrivateFrameworks/CommonAuth.framework/Versions/A/CommonAuth
0x0000000191f36000 	/System/Library/Frameworks/OpenDirectory.framework/Versions/A/Frameworks/CFOpenDirectory.framework/Versions/A/CFOpenDirectory
0x00000001968ff000 	/usr/lib/libcharset.1.dylib
0x00000001e8f89000 	/System/Library/Frameworks/AVFAudio.framework/Versions/A/AVFAudio
0x00000001ab035000 	/System/Library/PrivateFrameworks/AXCoreUtilities.framework/Versions/A/AXCoreUtilities
0x0000000249623000 	/System/Library/PrivateFrameworks/IsolatedCoreAudioClient.framework/Versions/A/IsolatedCoreAudioClient
0x000000019a6c5000 	/usr/lib/libAudioStatistics.dylib
0x0000000193d93000 	/System/Library/PrivateFrameworks/caulk.framework/Versions/A/caulk
0x000000018ae66000 	/System/Library/PrivateFrameworks/AudioToolboxCore.framework/Versions/A/AudioToolboxCore
0x00000001a4cf1000 	/System/Library/Frameworks/CoreMIDI.framework/Versions/A/CoreMIDI
0x000000019a668000 	/System/Library/PrivateFrameworks/AudioSession.framework/Versions/A/AudioSession
0x000000019bf9c000 	/System/Library/Frameworks/IOBluetooth.framework/Versions/A/IOBluetooth
0x000000019841f000 	/System/Library/PrivateFrameworks/MediaExperience.framework/Versions/A/MediaExperience
0x00000002630b6000 	/System/Library/PrivateFrameworks/Tightbeam.framework/Versions/A/Tightbeam
0x000000023773d000 	/System/Library/PrivateFrameworks/CoreAudioOrchestration.framework/Versions/A/CoreAudioOrchestration
0x00000001c82b8000 	/System/Library/PrivateFrameworks/AFKUser.framework/Versions/A/AFKUser
0x00000001b16d0000 	/usr/lib/swift/libswiftCoreAudio.dylib
0x000000019853f000 	/System/Library/PrivateFrameworks/AppServerSupport.framework/Versions/A/AppServerSupport
0x000000019ab08000 	/System/Library/PrivateFrameworks/perfdata.framework/Versions/A/perfdata
0x00000001b0891000 	/System/Library/PrivateFrameworks/SystemPolicy.framework/Versions/A/SystemPolicy
0x000000019a9a9000 	/usr/lib/libSMC.dylib
0x0000000198e6b000 	/usr/lib/libAudioToolboxUtility.dylib
0x000000019ab16000 	/usr/lib/libperfcheck.dylib
0x000000023383b000 	/System/Library/PrivateFrameworks/AudioAnalytics.framework/Versions/A/AudioAnalytics
0x00000001d4cf5000 	/System/Library/Frameworks/OSLog.framework/Versions/A/OSLog
0x00000001b1698000 	/usr/lib/libmis.dylib
0x000000019a476000 	/System/Library/PrivateFrameworks/AudioSession.framework/libSessionUtility.dylib
0x0000000198fbc000 	/System/Library/PrivateFrameworks/CMCaptureCore.framework/Versions/A/CMCaptureCore
0x00000001ea622000 	/System/Library/Frameworks/ExtensionFoundation.framework/Versions/A/ExtensionFoundation
0x00000001a06ce000 	/System/Library/PrivateFrameworks/CoreTime.framework/Versions/A/CoreTime
0x000000019821a000 	/System/Library/PrivateFrameworks/PlugInKit.framework/Versions/A/PlugInKit
0x000000019f1fb000 	/System/Library/Frameworks/CoreBluetooth.framework/Versions/A/CoreBluetooth
0x00000001a29eb000 	/System/Library/Frameworks/AudioUnit.framework/Versions/A/AudioUnit
0x0000000195acb000 	/System/Library/PrivateFrameworks/CoreUtils.framework/Versions/A/CoreUtils
0x000000023a6aa000 	/System/Library/PrivateFrameworks/CoreUtilsExtras.framework/Versions/A/CoreUtilsExtras
0x000000019e634000 	/System/Library/Frameworks/MediaAccessibility.framework/Versions/A/MediaAccessibility
0x00000001b9c8e000 	/System/Library/PrivateFrameworks/AttributeGraph.framework/Versions/A/AttributeGraph
0x0000000270358000 	/usr/lib/libAXSafeCategoryBundle.dylib
0x00000001ab0f1000 	/usr/lib/libAccessibility.dylib
0x0000000195915000 	/System/Library/Frameworks/Accelerate.framework/Versions/A/Frameworks/vecLib.framework/Versions/A/libvDSP.dylib
0x0000000196c57000 	/System/Library/Frameworks/Accelerate.framework/Versions/A/Frameworks/vecLib.framework/Versions/A/libLAPACK.dylib
0x0000000195dd1000 	/System/Library/Frameworks/Accelerate.framework/Versions/A/Frameworks/vecLib.framework/Versions/A/libLinearAlgebra.dylib
0x0000000196b66000 	/System/Library/Frameworks/Accelerate.framework/Versions/A/Frameworks/vecLib.framework/Versions/A/libSparseBLAS.dylib
0x0000000196c52000 	/System/Library/Frameworks/Accelerate.framework/Versions/A/Frameworks/vecLib.framework/Versions/A/libQuadrature.dylib
0x0000000194e68000 	/System/Library/Frameworks/Accelerate.framework/Versions/A/Frameworks/vecLib.framework/Versions/A/libBNNS.dylib
0x000000018998e000 	/System/Library/Frameworks/Accelerate.framework/Versions/A/Frameworks/vecLib.framework/Versions/A/libSparse.dylib
0x000000024ad8e000 	/System/Library/PrivateFrameworks/MIL.framework/Versions/A/MIL
0x0000000198f4f000 	/System/Library/PrivateFrameworks/GPUWrangler.framework/Versions/A/GPUWrangler
0x0000000198f2f000 	/System/Library/PrivateFrameworks/IOPresentment.framework/Versions/A/IOPresentment
0x0000000198f57000 	/System/Library/PrivateFrameworks/DSExternalDisplay.framework/Versions/A/DSExternalDisplay
0x00000001d50fa000 	/System/Library/PrivateFrameworks/HIDDisplay.framework/Versions/A/HIDDisplay
0x00000001aa30c000 	/System/Library/PrivateFrameworks/HID.framework/Versions/A/HID
0x00000002668ec000 	/System/Library/PrivateFrameworks/VideoToolboxParavirtualizationSupport.framework/Versions/A/VideoToolboxParavirtualizationSupport
0x00000001982d2000 	/System/Library/PrivateFrameworks/AppleVA.framework/Versions/A/AppleVA
0x00000001a023e000 	/System/Library/PrivateFrameworks/GraphicsServices.framework/Versions/A/GraphicsServices
0x000000019acf9000 	/System/Library/PrivateFrameworks/CorePhoneNumbers.framework/Versions/A/CorePhoneNumbers
0x000000019f3e2000 	/System/Library/PrivateFrameworks/MediaKit.framework/Versions/A/MediaKit
0x000000019f32d000 	/System/Library/Frameworks/DiscRecording.framework/Versions/A/DiscRecording
0x000000019aae9000 	/System/Library/PrivateFrameworks/NetAuth.framework/Versions/A/NetAuth
0x0000000192126000 	/System/Library/PrivateFrameworks/login.framework/Versions/A/Frameworks/loginsupport.framework/Versions/A/loginsupport
0x000000019833f000 	/System/Library/PrivateFrameworks/IconFoundation.framework/Versions/A/IconFoundation
0x00000001980bd000 	/usr/lib/libIOReport.dylib
0x000000023344d000 	/System/Library/PrivateFrameworks/AppleMobileFileIntegrity.framework/Versions/A/AppleMobileFileIntegrity
0x0000000270715000 	/usr/lib/libTLE.dylib
0x00000001e5a60000 	/System/Library/PrivateFrameworks/ConfigProfileHelper.framework/Versions/A/ConfigProfileHelper
0x0000000195d6e000 	/usr/lib/libmecab.dylib
0x0000000189a82000 	/usr/lib/libCRFSuite.dylib
0x0000000194d44000 	/System/Library/PrivateFrameworks/CoreNLP.framework/Versions/A/CoreNLP
0x0000000196b1f000 	/usr/lib/libThaiTokenizer.dylib
0x0000000195d38000 	/usr/lib/libCheckFix.dylib
0x0000000191369000 	/System/Library/PrivateFrameworks/MetadataUtilities.framework/Versions/A/MetadataUtilities
0x0000000246796000 	/System/Library/PrivateFrameworks/InstalledContentLibrary.framework/Versions/A/InstalledContentLibrary
0x000000018c582000 	/System/Library/PrivateFrameworks/CoreServicesStore.framework/Versions/A/CoreServicesStore
0x00000001c3acc000 	/System/Library/PrivateFrameworks/MobileSystemServices.framework/Versions/A/MobileSystemServices
0x0000000197f7e000 	/usr/lib/libxslt.1.dylib
0x0000000195cfb000 	/System/Library/PrivateFrameworks/BackgroundTaskManagement.framework/Versions/A/BackgroundTaskManagement
0x00000001a2161000 	/usr/lib/libcurl.4.dylib
0x0000000270949000 	/usr/lib/libcrypto.46.dylib
0x0000000271470000 	/usr/lib/libssl.48.dylib
0x00000001a1e3a000 	/System/Library/Frameworks/LDAP.framework/Versions/A/LDAP
0x00000001a1e76000 	/System/Library/PrivateFrameworks/TrustEvaluationAgent.framework/Versions/A/TrustEvaluationAgent
0x000000019a7a7000 	/usr/lib/libsasl2.2.dylib
0x00000001aeb14000 	/usr/lib/swift/libswiftCoreGraphics.dylib
0x000000019ec63000 	/usr/lib/swift/libswiftFoundation.dylib
0x00000001e54ea000 	/usr/lib/swift/libswiftSwiftOnoneSupport.dylib
0x00000001d140d000 	/System/Library/PrivateFrameworks/CoreMaterial.framework/Versions/A/CoreMaterial
0x000000025748f000 	/System/Library/PrivateFrameworks/SFSymbols.framework/Versions/A/SFSymbols
0x000000019df2e000 	/System/Library/PrivateFrameworks/SpeechRecognitionCore.framework/Versions/A/SpeechRecognitionCore
0x0000000100d90000 	/opt/homebrew/Cellar/openjdk@11/11.0.25/libexec/openjdk.jdk/Contents/Home/lib/server/libjvm.dylib
0x00000001000dc000 	/opt/homebrew/Cellar/openjdk@11/11.0.25/libexec/openjdk.jdk/Contents/Home/lib/libverify.dylib
0x00000001001b8000 	/opt/homebrew/Cellar/openjdk@11/11.0.25/libexec/openjdk.jdk/Contents/Home/lib/libjava.dylib
0x00000001000f4000 	/opt/homebrew/Cellar/openjdk@11/11.0.25/libexec/openjdk.jdk/Contents/Home/lib/libjimage.dylib
0x000000010019c000 	/opt/homebrew/Cellar/openjdk@11/11.0.25/libexec/openjdk.jdk/Contents/Home/lib/libinstrument.dylib
0x0000000100230000 	/opt/homebrew/Cellar/openjdk@11/11.0.25/libexec/openjdk.jdk/Contents/Home/lib/libzip.dylib
0x0000000100d70000 	/opt/homebrew/Cellar/openjdk@11/11.0.25/libexec/openjdk.jdk/Contents/Home/lib/libnio.dylib
0x0000000119d3c000 	/opt/homebrew/Cellar/openjdk@11/11.0.25/libexec/openjdk.jdk/Contents/Home/lib/libnet.dylib
0x0000000119d18000 	/opt/homebrew/Cellar/openjdk@11/11.0.25/libexec/openjdk.jdk/Contents/Home/lib/libextnet.dylib
0x0000000119f60000 	/opt/homebrew/Cellar/openjdk@11/11.0.25/libexec/openjdk.jdk/Contents/Home/lib/libmanagement.dylib
0x0000000119f74000 	/opt/homebrew/Cellar/openjdk@11/11.0.25/libexec/openjdk.jdk/Contents/Home/lib/libmanagement_ext.dylib


VM Arguments:
jvm_args: -ea -Didea.test.cyclic.buffer.size=1048576 -javaagent:/Applications/IntelliJ IDEA.app/Contents/lib/idea_rt.jar=60575:/Applications/IntelliJ IDEA.app/Contents/bin -Dfile.encoding=UTF-8 
java_command: com.intellij.rt.junit.JUnitStarter -ideVersion5 -junit5 com.anynote.system.test.SysApiStatisics,test
java_class_path (initial): /Users/zch/.m2/repository/org/junit/platform/junit-platform-launcher/1.8.2/junit-platform-launcher-1.8.2.jar:/Applications/IntelliJ IDEA.app/Contents/lib/idea_rt.jar:/Applications/IntelliJ IDEA.app/Contents/plugins/junit/lib/junit5-rt.jar:/Applications/IntelliJ IDEA.app/Contents/plugins/junit/lib/junit-rt.jar:/Users/zch/code/anynote/Anynote-Cloud/anynote-modules/anynote-modules-system/target/test-classes:/Users/zch/code/anynote/Anynote-Cloud/anynote-modules/anynote-modules-system/target/classes:/Users/zch/.m2/repository/net/logstash/logback/logstash-logback-encoder/6.6/logstash-logback-encoder-6.6.jar:/Users/zch/.m2/repository/com/fasterxml/jackson/core/jackson-databind/2.13.4.2/jackson-databind-2.13.4.2.jar:/Users/zch/.m2/repository/com/fasterxml/jackson/core/jackson-annotations/2.13.4/jackson-annotations-2.13.4.jar:/Users/zch/.m2/repository/com/fasterxml/jackson/core/jackson-core/2.13.4/jackson-core-2.13.4.jar:/Users/zch/.m2/repository/com/alibaba/cloud/spring-cloud-starter-alibaba-nacos-discovery/2021.0.4.0/spring-cloud-starter-alibaba-nacos-discovery-2021.0.4.0.jar:/Users/zch/.m2/repository/com/alibaba/cloud/spring-cloud-alibaba-commons/2021.0.4.0/spring-cloud-alibaba-commons-2021.0.4.0.jar:/Users/zch/.m2/repository/com/alibaba/nacos/nacos-client/2.0.4/nacos-client-2.0.4.jar:/Users/zch/.m2/repository/org/apache/httpcomponents/httpasyncclient/4.1.5/httpasyncclient-4.1.5.jar:/Users/zch/.m2/repository/org/apache/httpcomponents/httpcore/4.4.16/httpcore-4.4.16.jar:/Users/zch/.m2/repository/org/apache/httpcomponents/httpcore-nio/4.4.16/httpcore-nio-4.4.16.jar:/Users/zch/.m2/repository/org/apache/httpcomponents/httpclient/4.5.14/httpclient-4.5.14.jar:/Users/zch/.m2/repository/org/reflections/reflections/0.9.11/reflections-0.9.11.jar:/Users/zch/.m2/repository/com/google/guava/guava/20.0/guava-20.0.jar:/Users/zch/.m2/repository/org/javassist/javassist/3.21.0-GA/javassist-3.21.0-GA.jar:/Users/zch/.m2/repository/io/prometheus/simpleclient/0.15.
Launcher Type: SUN_STANDARD

[Global flags]
     intx CICompilerCount                          = 4                                         {product} {ergonomic}
     uint ConcGCThreads                            = 2                                         {product} {ergonomic}
     uint G1ConcRefinementThreads                  = 8                                         {product} {ergonomic}
   size_t G1HeapRegionSize                         = 1048576                                   {product} {ergonomic}
    uintx GCDrainStackTargetSize                   = 64                                        {product} {ergonomic}
   size_t InitialHeapSize                          = 402653184                                 {product} {ergonomic}
   size_t MarkStackSize                            = 4194304                                   {product} {ergonomic}
   size_t MaxHeapSize                              = 6442450944                                {product} {ergonomic}
   size_t MaxNewSize                               = 3865051136                                {product} {ergonomic}
   size_t MinHeapDeltaBytes                        = 1048576                                   {product} {ergonomic}
    uintx NonNMethodCodeHeapSize                   = 5836492                                {pd product} {ergonomic}
    uintx NonProfiledCodeHeapSize                  = 122910874                              {pd product} {ergonomic}
    uintx ProfiledCodeHeapSize                     = 122910874                              {pd product} {ergonomic}
    uintx ReservedCodeCacheSize                    = 251658240                              {pd product} {ergonomic}
     bool SegmentedCodeCache                       = true                                      {product} {ergonomic}
     bool UseCompressedClassPointers               = true                                 {lp64_product} {ergonomic}
     bool UseCompressedOops                        = true                                 {lp64_product} {ergonomic}
     bool UseG1GC                                  = true                                      {product} {ergonomic}

Logging:
Log output configuration:
 #0: stdout all=warning uptime,level,tags
 #1: stderr all=off uptime,level,tags

Environment Variables:
PATH=/Users/zch/.nvm/versions/node/v18.20.4/bin:/Users/zch/miniconda3/bin:/Users/zch/miniconda3/condabin:/Users/zch/software/apache-maven-3.9.9/bin:/opt/homebrew/bin:/opt/homebrew/sbin:/usr/local/bin:/System/Cryptexes/App/usr/bin:/usr/bin:/bin:/usr/sbin:/sbin:/var/run/com.apple.security.cryptexd/codex.system/bootstrap/usr/local/bin:/var/run/com.apple.security.cryptexd/codex.system/bootstrap/usr/bin:/var/run/com.apple.security.cryptexd/codex.system/bootstrap/usr/appleinternal/bin:/Library/Apple/usr/bin:/Users/zch/.cargo/bin:/Users/zch/.lmstudio/bin
SHELL=/bin/zsh
LC_CTYPE=zh_CN.UTF-8
TMPDIR=/var/folders/3k/c0jh496n44v4f8t5jhnw4c900000gn/T/

Signal Handlers:
SIGSEGV: [libjvm.dylib+0x701dd0], sa_mask[0]=11111111011111110111111111111111, sa_flags=SA_ONSTACK|SA_RESTART|SA_SIGINFO
SIGBUS: [libjvm.dylib+0x701dd0], sa_mask[0]=11111111011111110111111111111111, sa_flags=SA_RESTART|SA_SIGINFO
SIGFPE: [libjvm.dylib+0x701dd0], sa_mask[0]=11111111011111110111111111111111, sa_flags=SA_RESTART|SA_SIGINFO
SIGPIPE: [libjvm.dylib+0x56a09c], sa_mask[0]=11111111011111110111111111111111, sa_flags=SA_RESTART|SA_SIGINFO
SIGXFSZ: [libjvm.dylib+0x56a09c], sa_mask[0]=11111111011111110111111111111111, sa_flags=SA_RESTART|SA_SIGINFO
SIGILL: [libjvm.dylib+0x701dd0], sa_mask[0]=11111111011111110111111111111111, sa_flags=SA_RESTART|SA_SIGINFO
SIGUSR2: [libjvm.dylib+0x56a698], sa_mask[0]=00000000000000000000000000000000, sa_flags=SA_RESTART|SA_SIGINFO
SIGHUP: [libjvm.dylib+0x568e30], sa_mask[0]=11111111011111110111111111111111, sa_flags=SA_RESTART|SA_SIGINFO
SIGINT: [libjvm.dylib+0x568e30], sa_mask[0]=11111111011111110111111111111111, sa_flags=SA_RESTART|SA_SIGINFO
SIGTERM: [libjvm.dylib+0x568e30], sa_mask[0]=11111111011111110111111111111111, sa_flags=SA_RESTART|SA_SIGINFO
SIGQUIT: [libjvm.dylib+0x568e30], sa_mask[0]=11111111011111110111111111111111, sa_flags=SA_RESTART|SA_SIGINFO


---------------  S Y S T E M  ---------------

OS:uname:Darwin 24.4.0 Darwin Kernel Version 24.4.0: Wed Mar 19 21:18:00 PDT 2025; root:xnu-11417.101.15~1/RELEASE_ARM64_T8122 arm64
OS uptime: 0 days 18:04 hours
rlimit (soft/hard): STACK 8176k/65520k , CORE 0k/infinity , NPROC 4000/6000 , NOFILE 10240/infinity , AS infinity/infinity , CPU infinity/infinity , DATA infinity/infinity , FSIZE infinity/infinity , MEMLOCK infinity/infinity , RSS infinity/infinity
load average:4.99 4.12 3.92

CPU:total 8 (initial active 8) 0x61:0x0:0xfa33415e:0, simd, crc, lse

Memory: 16k page, physical 25165824k(79728k free), swap 9437184k(432640k free)

vm_info: OpenJDK 64-Bit Server VM (11.0.25+0) for bsd-aarch64 JRE (11.0.25+0), built on Oct 15 2024 22:10:31 by "brew" with clang Homebrew Clang 19.1.1

END.
